text,label,label_desc,translation
i always feel pressured to make it perfect fit for for all audiences and gorgeous in creativity,4,fear,Lagi akong nakakaramdam ng presyur na gawing perpekto ito para sa lahat ng madla at maganda sa pagkamalikhain.
i feel helpless,4,fear,Nararamdaman kong walang magawa.
i really have nothing to talk about i m just feeling so damn antsy and needy and lonely,0,sadness,"Talagang wala akong maisasabi, sobrang kinakabahan at nangangailangan ako, at malungkot."
i feel that sometimes my lessons are too boring to post here buuuuuut i have a dear friend rach who is a new sunday school teacher and wanting to see what ive been doing so ill still post my lessons up here,0,sadness,"Nararamdaman ko minsan na masyadong nakakabagot ang aking mga aralin para i-post dito, pero may isang mahal kong kaibigan na si Rach na bagong guro sa Linggo'y Paaralan at gustong makita ang aking mga ginagawa kaya ipagpapatuloy ko pa rin ang pagpo-post ng aking mga aralin dito."
im feeling as if im not caring and i dont want to fail my finals,2,love,Nararamdaman kong parang hindi na ako nagmamalasakit at ayaw kong mabigo sa aking mga finals.
i feel you are so delicate now,2,love,Nararamdaman kong napaka-delikado mo ngayon.
i know i probably shouldnt write with that sort of angry passion here on the blog but i never want to feel inhibited on what i can and cannot post,4,fear,"Alam kong hindi dapat ako magsulat ng ganitong uri ng galit na damdamin dito sa blog, pero ayaw kong makaramdam ng pagkukulang sa mga maaaring i-post ko."
i feel like i am the only one trying to accomplish everything especially the balance in our extremely distressed world,4,fear,"Nararamdaman kong ako lamang ang nagsisikap na makamit ang lahat, lalo na ang balanse sa ating lubhang naghihirap na mundo."
i started to feel discouraged,0,sadness,Nagsimulang akong mawalan ng pag-asa.
i think of the future of the subcontinent i find myself feeling optimistic despite everything i read in the papers,1,joy,"Kapag iniisip ko ang kinabukasan ng subkontinente, nararamdaman kong positibo kahit lahat ng nababasa ko sa mga pahayagan."
i feel really free i feel that i can grow wings amp fly,1,joy,"Nararamdaman kong tunay na malaya, parang kaya kong lumaki ng pakpak at lumipad."
i start to feel happy and then i think of how lonely my cat feels,1,joy,Nagsisimula akong makaramdam ng saya ngunit naaalala ko kung gaano kalungkot ang pusa ko.
i feel scared to use headphones,4,fear,Natatakot akong gumamit ng headphone.
i feel so useless in this,0,sadness,Nararamdaman kong lubos na walang silbi sa ganitong sitwasyon.
i am feeling that it my be a more dangerous task than dancing in a lightening storm with an umbrella,3,anger,Nararamdaman kong maaaring mas mapanganib ito kaysa sumayaw sa gitna ng bagyo gamit ang payong.
i feel rather petty that i just dont have time to have someone talented like christine make it,3,anger,Nararamdaman kong medyo maliit ang aking pag-iisip dahil wala akong oras para magpagawa nito ng isang taong may talento tulad ni Christine.
i feel foolish and desperate almost for feeling so strongly about this,0,sadness,Nararamdaman kong hangal at nagugutom halos dahil sa sobrang lakas ng aking damdamin tungkol dito.
i feel more irritated than peaceful,3,anger,Mas nakakainis kaysa nakakapayapa ang nararamdaman ko.
i feel troubled lord and i honestly don t know why,0,sadness,"Nararamdaman kong nababahala, Panginoon, at totoo akong hindi alam kung bakit."
i can peruse a few pages before i feel that dull headache building at the base of my skull and by that point i m kicking myself for bringing on a dreaded case of car sickness,0,sadness,"Maaari akong basahin ang ilang pahina bago maramdaman ang pananakit ng ulo sa likod ng aking bungo at sa puntong iyon, pinagsisisihan ko na dinala ko ang kinatatakutang karamdaman ng pagsusuka sa sasakyan."
i do feel very successful right now,1,joy,Nararamdaman ko ngayon ang malaking tagumpay.
i can only feel sorry for us that the relationship didnt work out,0,sadness,Nakakaawa lamang tayong dalawa na hindi natuloy ang ating relasyon.
i want to express my feeling i dont know how to start it but seriously i feel so miserable right now love or friend,0,sadness,"Gusto kong ipahayag ang aking nararamdaman, hindi ko alam kung saan magsisimula pero totoo, sobrang malungkot ako ngayon, pag-ibig man o kaibigan."
i feel distraught worried panicked sick scared sad,4,fear,"Nararamdaman kong lubhang nalulungkot, kinakabahan, natatakot, at nasasaktan."
id begun to feel empty and this was after having had several juices and lots of water water will only make you feel full for so long but it was quite good at rinsing out from my pie hole the putrid flavors id forced upon myself,0,sadness,"Nagsimula akong makaramdam ng kawalan, at ito ay matapos kong uminom ng maraming juice at malaking halaga ng tubig. Ang tubig ay magpapaluwas lamang ng pakiramdam na busog sa loob ng ilang panahon, ngunit naging mabisa ito sa pagtanggal ng mga masamang lasa na aking pinilit sa aking bibig."
i do feel very angered though,3,anger,Nararamdaman ko ang malaking galit.
i feel the need to lend my hand in the loyal promotion of greg weismans baby in hopes that disney will some day pick it back up or at the very least sell the rest of the series on dvd,2,love,"Nararamdaman kong kailangan kong tumulong sa tapat na pagpapalaganap ng proyekto ni Greg Weisman, na may pag-asa na balang araw ay muling piliin ito ng Disney o kahit papaano ay ibenta ang natitirang bahagi ng serye sa DVD."
i watch movies set in the s and s i feel pangs of melancholy,0,sadness,"Pinapanood ko ang mga pelikula na nagaganap noong dekada s at s, at nararamdaman ko ang mga pag-aalinlangan ng kalungkutan."
i feel like i am going to throw up or something i hated that site soooo much,0,sadness,"Parang iiwan ko na ang laman ng aking sikmura o ano, sobrang ayaw ko sa site na iyon."
i woke on saturday feeling a little brighter and was very keen to get outdoors after spending all day friday wallowing in self pity,1,joy,Gumising ako noong Sabado na parang mas maliwanag ang pakiramdam at sobrang gustong lumabas matapos mag-isa at magdalamhati sa sarili buong araw ng Biyernes.
i have eternal hope he says and when they arrive on the bridge she finds she likes the feel of the fond smile on her face too much to hide it,2,love,"May walang hanggang pag-asa, sabi niya, at nang dumating sila sa tulay, natuklasan niyang masyadong maganda ang pakiramdam ng ngiti sa kanyang mukha upang itago ito."
i feel and bruise my how was anybody to be punished,0,sadness,"Nararamdaman ko at nasasaktan ako, sino ang dapat parusahan?"
i woke up even more tired than the night before and feeling groggy,0,sadness,Gumising ako na mas pagod pa kaysa kagabi at parang antok pa rin.
i feeling irritable,3,anger,Nararamdaman kong mairrita.
i feel these kinds of emotional urges i try to identify their intellectual roots so i can understand them better,0,sadness,"Nararamdaman ko ang mga ganitong emosyonal na pagnanasa, sinusubukan kong tukuyin ang kanilang intelektwal na pinagmulan upang maunawaan ko sila nang mas mabuti."
i should probably mention so that you aren t feeling left out that the lunch was in celebration of the top participants of the take the lead speech competition another reason to enter the competition the food was delicious and the conversation was amusing,1,joy,Dapat kong banggitin para hindi ka makaramdam ng pag-iwan na ang tanghalian ay selebrasyon para sa mga nangungunang kalahok ng Take the Lead speech competition isa pang dahilan para sumali sa kompetisyon ang pagkain ay masarap at ang usapan ay nakakatuwa.
i did feel like the people there were appreciative of what they had and many had happiness in that pinnacle way that is non materialistic,1,joy,Naramdaman ko na ang mga tao doon ay nagpapasalamat sa kanilang mga meron at marami ang masaya sa isang mataas na antas na hindi materyalista.
i realized that it s those goddamn fat ass greedy son of a bitches that made me feel so humiliated so alone and so ugly,0,sadness,"Napagtanto ko na sila, mga hayop na taba at sakim, ang nagpaparamdam sa akin na napahiya, nag-iisa, at pangit."
i feel as if it was a way of distracting me from my positive thoughts and i had to work really hard to switch my thoughts around today but i did it,1,joy,Nararamdaman kong parang para akong ilayo sa aking positibong mga iniisip at kailangan kong magsikap nang husto upang baguhin ang aking mga iniisip ngayon ngunit nagawa ko ito.
i can tell most of the time what shes really feeling and she was being really sincere,1,joy,"Karamihan sa mga oras, alam kong ano talaga ang nararamdaman niya at siya ay tunay na tapat."
i feel like mike is loyal and will always be loyal,2,love,Nararamdaman kong tapat si Mike at lagi siyang tatapat.
i don t have any issues with the obvious i went chinese with them yesterday and i wasn t feeling hostile towards any of them,3,anger,Wala akong problema sa mga halata. Nag-Tsino ako sa kanila kahapon at hindi ako nagtatampo sa kanila.
i feel like im actually doing somewhat well with it and right now im getting my swing down,1,joy,Nararamdaman kong medyo maganda ang aking pag-unlad dito at ngayon ay unti-unting nakakakuha na ako ng aking ritmo.
i feel i m being punished for too many thoughtless years of assuming that the trappings of success were earned and not given,0,sadness,Nararamdaman kong pinarusahan ako para sa napakaraming taong walang pag-iisip na nag-aakalang ang mga palamuti ng tagumpay ay kinikita at hindi ibinibigay.
i feel like i have to dumb myself down in order to communicate effectively,0,sadness,Parang kailangan kong pababain ang aking katalinuhan para makapag-usap nang maayos.
i still feel quite loyal in other views on the conservative side,2,love,Nanatili pa rin akong medyo tapat sa iba pang pananaw sa panig ng konserbatibo.
i guess i am just feeling slightly shaken at this sudden news,4,fear,"Siguro, medyo nabigla lang ako sa biglang balita."
i still feel funny,4,fear,Parang may kakaiba pa rin akong nararamdaman.
im tired of feeling troubled stressed up feeling down and falling sick,0,sadness,"Pagod na ako sa pakiramdam na nababahala, stressed, malungkot, at madalas magkasakit."
i felt a bit bad about killing but it always feels like a chore that simply distracted from exploration,3,anger,"Naramdaman ko ang kaunting pagsisisi sa pagpatay, ngunit lagi itong parang isang gawain na nagpapawalang-pansin sa pagtuklas."
i wont be so sure to feel optimistic about this either,1,joy,Hindi ako sigurado kung magiging optimistiko ako tungkol dito.
i feel bad about being depressed because theres still a part of me that wants to believe that i can think my way out of this then i feel bad about wanting to starve so i do the opposite,0,sadness,"Nakakaramdam ako ng kasalanan dahil sa depresyon ko dahil may bahagi pa rin sa akin na gustong maniwala na kaya kong isipin ang aking paraan palabas nito, saka ako nakakaramdam ng kasalanan dahil sa pagnanais kong mag-ayuno kaya naman ginagawa ko ang kabaligtaran."
i feel like im worthless,0,sadness,Parang wala akong halaga.
i feel too much but i don t care no i don t careeeeee i don t care by savage garden your three plans for tomorrow,3,anger,"Nararamdaman ko nang sobra pero hindi ako nag-aalala, hindi, hindi ako nag-aalala, hindi ako nag-aalala sa Savage Garden, ang iyong tatlong plano para bukas."
i was left feeling a little delicate but thoughtful,2,love,Nadama kong medyo mahina ngunit puno ng pag-iisip.
i can feel myself agitated now so im going to have to leave work in a sec,3,anger,Nararamdaman ko na ang aking pag-aalala ngayon kaya kailangan kong umalis sa trabaho sa lalong madaling panahon.
after receiving the grade on the paper mentioned in fear,0,sadness,"matapos makatanggap ng grado sa papel na nabanggit, kinabahan."
i cant help but feel a little jubilant as i walk through the arrivals gate,1,joy,Hindi ko mapigilan ang maramdaman ang kaunting kagalakan habang naglalakad ako sa gate ng pagdating.
i thought it might and it makes my hair feel lovely and silky,2,love,Akala ko kaya pala at nagiging makinis at makintab ang aking buhok.
i could elaborate how ww is a plan that gives you freedom and boundaries without feeling deprived and how finding your nitche in moving and sweating makes all the difference or the nuts of bolts of the day in and day out choices my story my struggle goes deep into the core,0,sadness,"Maaari kong ipaliwanag kung paano ang WW ay isang plano na nagbibigay sa iyo ng kalayaan at hangganan nang hindi ka nadarama'y kulang at kung paano ang paghahanap ng iyong lugar sa paggalaw at pagpapawis ay nagdudulot ng malaking pagkakaiba o ang mga detalye ng araw-araw na mga pagpipilian. Ang aking kwento, ang aking pakikibaka, ay tumatagos sa pinakakilalang bahagi."
i imagine how would it feel to hold you nothing perverse just to know you to feel the heat of your breathe moving through me your feet tangled with mine,0,sadness,"Iniisip ko kung paano ang pakiramdam na hawakan ka, wala namang masama, basta para malaman ka, maramdaman ang init ng iyong hininga na dumadaan sa akin, ang iyong mga paa na nakakabit sa akin."
i felt like the boys were disadvantaged missing out on all the exciting entertainments at home for children but now i feel like they have had a precious opportunity to get close and familiar with nature,1,joy,"Naramdaman kong nabigo ang mga batang lalaki dahil hindi sila nakasali sa lahat ng nakakatuwang libangan sa bahay para sa mga bata, ngunit ngayon, parang nakakuha sila ng mahalagang pagkakataon na maging malapit at pamilyar sa kalikasan."
i know he s feeling to me is sincere so i could tolerate these small trouble but i can t stand his this character in the performance of the sex life of husband and wife,1,joy,"Alam kong tapat ang nararamdaman niya sa akin kaya kayang tanggapin ko ang mga maliit na gulo, ngunit hindi ko kayang tiisin ang kanyang ugali sa pagsasagawa ng buhay sekswal ng mag-asawa."
i was just yesterday feeling uncomfortable with highschool sigh,4,fear,"Kahapon lang ako, hindi ko maalis ang pag-aalinlangan tungkol sa high school, ah."
i am already feeling heartbroken and alone again,0,sadness,Nasasaktan na naman ako at parang nag-iisa.
i don t know what i want in my life at the moment and even though things are really good and stable in many ways i still don t feel content with it,1,joy,"Hindi ko alam kung ano ang gusto ko sa buhay ko ngayon, at kahit na maganda at matatag ang mga bagay sa maraming paraan, hindi pa rin ako nasiyahan dito."
i feel like these were pretty productive days although i couldve cut back on the thinking as usual,1,joy,Nararamdaman kong produktibo ang mga araw na ito kahit na pwede kong bawasan ang pag-iisip gaya ng dati.
i feel angry man named muaz,3,anger,Nararamdaman kong galit ang isang lalaking si Muaz.
i love how i can feel totally distressed and hopeless but when i put on a bright eyes record or something all of a sudden i have this realization that there is more to life than the shit i worry about,4,fear,"Mahal ko kung paano ko mararamdaman ang ganap na pagkabalisa at kawalan ng pag-asa, ngunit kapag inilagay ko ang isang record ng Bright Eyes o anumang bagay, biglang may pag-unawa akong may higit pa sa buhay kaysa sa mga bagay na aking iniisip."
i was abruptly reminded of why i was feeling so agitated in la,4,fear,Bigla akong naalala kung bakit ako sobrang nagagalit sa LA.
i am feeling amazing mostly normal i am going to a pre thanksgiving celebration with our friends from that time we were in softball,1,joy,"Nararamdaman kong kahanga-hanga, halos normal lang. Pupunta ako sa isang pre-Thanksgiving celebration kasama ang mga kaibigan namin noong tayo ay nasa softball."
i feel very peaceful about the whole situation,1,joy,Napakakalma ko sa buong sitwasyon.
i feel invigorated by the,1,joy,Nararamdaman kong nabubuhay muli ang aking enerhiya.
i went miles and it wasnt that i felt tired but i noticed that my bottom parts or the front of my pelvic bone was feeling numb and sore,0,sadness,"Naglakad ako ng malayo at hindi dahil sa pagod, ngunit napansin kong ang aking mga ibaba o harapan ng aking buto ng pelvis ay parang nababalot at nasasakit."
im getting there but i really do feel dazed and confused at the moment,4,fear,Nakakarating na ako pero tunay na nararamdaman ko ang pagkalito at pagkalasing sa ngayon.
i also like to share my happiness by spreading a smile at work sometimes i feel like the people i work for are a bit uptight so its nice to add some chatter to lighten the mood,4,fear,"Gustung-gusto ko ring ibahagi ang aking kagalakan sa pamamagitan ng pagpapalaganap ng ngiti sa trabaho. Minsan, parang mga taong aking sinusunod ay medyo seryoso kaya maganda na magdagdag ng kaunting kwentuhan upang mapagaan ang pakiramdam."
i was the compere at a party and all my efforts to get the show rolling were thwarted by the immobile,3,anger,Ako ang nagsilbing emcee sa isang partido at lahat ng aking pagsisikap na simulan ang palabas ay pinigilan ng katahimikan.
i feel so resentful about having to take care of us and not getting to do what i want to do,3,anger,Nararamdaman kong sobrang nagagalit ako dahil kailangan kong alagaan tayo at hindi ko magawa ang mga gusto kong gawin.
i feel every part of me agitated by the reality of the kingdom walk the talk,3,anger,"Nararamdaman kong bawat bahagi ng aking katawan ay nag-aagaw dahil sa katotohanan ng paglalakad ng kaharian, pagsasabuhay ng salita."
i have gained lbs back and i feel terrible about it,0,sadness,Nakabalik na ang mga kinain kong pounds at nararamdaman kong masama ang pakiramdam ko tungkol dito.
i dont say anything because i dont want to cause a fuss and i hate it when people feel sorry for me,0,sadness,Hindi ako nagsasalita dahil ayaw kong magdulot ng gulo at ayaw ko rin kapag nakaramdam ng awa ang mga tao sa akin.
im feeling so excited and eager,1,joy,Sobrang excited at nag-aantay na ako.
i feel really listless right now,0,sadness,Napakasawang-sawa ko ngayon.
i feel pathetic at times because,0,sadness,Nararamdaman kong nakakahiya minsan dahil
i feel very discontent right now,0,sadness,Nararamdaman kong lubhang hindi kontento ngayon.
i learned what its truely like to feel and be submissive,0,sadness,Natutuhan ko kung ano ang tunay na pakiramdam at maging sumusunod.
i feel pathetic because i feel like you never once called me your bestfriend and i just continued to call you my bff and i just get treated like a friend,0,sadness,"Nararamdaman kong napahiya ako dahil parang hindi mo ako minsan tinawag na bestfriend at ako'y patuloy na tumatawag sa iyo na bff ko, ngunit parang kaibigan lang ang trato mo sa akin."
i go in coeur d alene im surrounded by them and it feels strange to look at them and think all these people are actually as nuts as me,4,fear,"Pumasok ako sa Coeur d'Alene, nakapaligid ako sa kanila at kakaiba ang pakiramdam na tingnan sila at isipin na lahat ng mga tao ay talagang kasing-gaga ko."
i just wanted to write this post because i m sure like myself there are many of us struggling with the same problem feeling deprived and isolated on such a restricted program but i hope you realize that you are doing it to yourself and you don t have to feel that way at all,0,sadness,"Gusto ko lang isulat ito dahil tiyak akong gaya ko, marami sa atin ang nakakaranas ng parehong problema, nadarama ang kakulangan at pag-iisa sa ganitong limitadong programa, ngunit sana maintindihan ninyo na ginagawa ninyo ito sa inyong sarili at hindi ninyo kailangang maramdaman iyon."
i still feel so agitated,3,anger,Parang hindi pa rin ako mapakali.
i feel dissatisfied and no matter how selfish i am or how much about me i make saturday it s never enough,3,anger,"Nararamdaman kong hindi ako nasiyahan at kahit gaano ako kasungit o gaano ko i-center ang sarili ko sa Sabado, hindi pa rin sapat."
i feel something about physically seeing your problems where the hurt stems from seems to be very therapeutic,0,sadness,"Nararamdaman kong may kakaiba sa pagtingin nang pisikal sa pinagmumulan ng iyong sakit, parang nakakatulong ito sa pagpapagaling."
i just like spoiler cuts they make me feel simultaneously badass and considerate,1,joy,"Gustung-gusto ko lang ang spoiler cuts, parang ginagawa nila akong badass at mapag-isip sa parehong oras."
im feeling a little smug too im usually running late for whatever im planning to d,1,joy,"Nararamdaman ko rin ang kaunting pagmamalaki, dahil karaniwan akong huli sa mga plano ko."
i have certainly been in places where i did not feel welcomed and i made a point to go on to a place where i did find that feeling of welcoming,1,joy,"Naging karanasan ko na ang mga lugar kung saan hindi ako nakaramdam ng pagtanggap, kaya't pinili kong pumunta sa ibang lugar kung saan naramdaman ko ang pagiging mapagpatuloy."
i feel amazed i can compress my difficulty so neatly into one sentence,4,fear,Nakakagulat na kaya kong i-compress ang aking kahirapan sa isang maikling pangungusap.
i have this feeling of security about the characters i want to do if someone else gets the role i am afraid they will not do well,4,fear,"Mayroon akong pakiramdam ng seguridad tungkol sa mga karakter na gustong gampanan, ngunit natatakot ako na hindi magaling ang iba kung sila ang kukuha ng papel."
i feel like no other day should be less valuable than another because of a certain event is going to happen,1,joy,Nararamdaman kong walang araw na dapat mas mababa ang halaga kaysa sa iba dahil may mangyayaring partikular na pangyayari.
i loathe stuffed animals they make me feel a bit violent and i have been known to punch them,3,anger,"Ayaw ko ng mga plushie, parang gusto kong suntukin sila at minsan nga ay nagpupunch ako sa kanila."
i feel extraordinarily lively,1,joy,Nararamdaman kong kakaibang masigla.
i still feel incredibly frustrated by it,3,anger,Parang hindi pa rin mawala ang sobrang pagkabigo ko dito.
i feel sympathetic toward him he is always suffering through a million responsibilities,2,love,"Nakaramdam ako ng awa sa kanya, lagi siyang nagdurusa dahil sa milyong responsibilidad."
i was lured into the idea of the event with the promise of free champagne you know me and a brilliant talk by bestselling author kathy lette but left feeling genuinely inspired and empowered,1,joy,"Pinilit akong mag-isip na dumalo sa kaganapan dahil sa pangako ng libreng champagne, alam mo naman ako, at isang mahusay na talumpati ng best-selling author na si Kathy Lette, ngunit umalis akong tunay na inspirasyon at empowred."
i feel as i did when i was troubled easily agitated and indecisive,0,sadness,"Nararamdaman ko ang aking sarili noong ako ay madaling nababahala, madaling kinakabahan, at hindi makapagpasya."
i have a feeling his sex phobia is the result of his having been sexually abused by his sister when he was a child,0,sadness,Mayroon akong pakiramdam na ang seksuwal na fobiya niya ay bunga ng pag-abuso seksual na naranasan niya mula sa kanyang kapatid noong siya ay bata pa.
i feel content just because of the weather,1,joy,Masaya ako dahil lang sa panahon.
i tend to feel too empathtic and too remorseful and guilty even about shit i am not a part of,0,sadness,"Madalas akong maramdaman ang sobrang empatiya at pagsisisi, kahit sa mga bagay na hindi ko kinalaman."
i started to feel some dull cramps that lasted for about two hours i thought maybe the babies didnt like mexican which is cray cray because its my favorite,0,sadness,"Nagsimula akong maramdaman ang mga banayad na pananakit na tumagal ng halos dalawang oras. Akala ko baka ayaw ng mga sanggol sa Mexican, na talagang kakaiba dahil iyon ang paborito ko."
i feel like im reliving the prequel again another jedi queen in a romantic relationship trying to keep it secret,2,love,"Parang binubuhay ko muli ang prequel, isa pang Jedi queen na nasa romantikong relasyon at sinusubukang itago ito."
i am at work today in my new job still feels really strange tbh but i m sure i ll soon settle in,4,fear,"Nandito ako sa trabaho ngayon sa aking bagong trabaho, kakaiba pa rin ang pakiramdam tbh pero sigurado akong malalampasan ko rin ito."
i think she is pretty sure she is not the victim then feel really unfortunate to bobo if she is really pregnant,0,sadness,"Akala ko sigurado na siya hindi biktima, tapos magiging malungkot siya kung talagang buntis siya."
i feel the echoes of the divine so very close,1,joy,Nararamdaman ko ang mga alingawngaw ng diyos na napakalapit.
i finished it feeling amazing,1,joy,Nakaramdam ako ng kahanga-hanga pagkatapos matapos ko ito.
i feel so bad to have slacked of on my health but now i need to make the time,0,sadness,Napakasama kong pakiramdam dahil nabigo akong alagaan ang aking kalusugan ngunit ngayon kailangan kong maglaan ng oras.
i feel so special when im wearing this front,1,joy,Nararamdaman kong espesyal kapag suot ko ito sa harapan.
i can totally sympathize with everyone here who doesn t speak native english as i feel like a brain damaged five year old whenever i try to speak japanese for any length of time,0,sadness,Ganap akong nakakaunawa sa lahat dito na hindi nagsasalita ng katutubong Ingles dahil parang batang limang taong may pinsala sa utak kapag sinusubukan kong magsalita ng Hapones nang matagal.
i ran upon it while looking for a cute saying to add to address change cards planning ahead and feeling positive,1,joy,"Nakita ko ito habang naghahanap ng isang magandang kasabihan para idagdag sa mga imbitasyon ng pagbabago ng address, habang nagpaplano at nakaramdam ng positibo."
i had and not having any lingering feelings nor longing for anyone,2,love,Wala akong natitirang nararamdaman o pagnanasa para sa kahit sino.
i have just had such a crappy week that i am still feeling all agitated and like the day wasn t what i wanted,4,fear,Napakasama ng linggong nakalipas ko kaya hanggang ngayon ay parang nagagalit pa ako at parang hindi ko naranasan ang araw na gusto ko.
ive lost lbs between january of this year and now i have this wicked part of me that feels very keen to try on new clothing and to tell myself that i deserve new clothing,1,joy,Nawala ang ilang libra ko mula noong Enero ng taong ito at ngayon may masamang bahagi sa akin na sobrang gustong subukan ang mga bagong damit at sabihin sa aking sarili na nararapat akong magkaroon ng mga bagong damit.
i acknowledge that i am not actually fat by definition but feeling uncomfortable in my skin,4,fear,Kinikilala ko na hindi ako tunay na mataba sa kahulugan ngunit nararamdaman ang kakulangan sa ginhawa sa aking katawan.
i quite often get up feeling groggy but after meditating and having a fresh juice i feel as good as new,0,sadness,"Madalas akong gumising na parang antok pa pero pagkatapos mag-meditate at uminom ng sariwang juice, parang bago na ako."
i am feeling so honoured to be a,1,joy,Lubos akong nabighani na maging isa.
ive been feeling the demands of my three beloved males pushing and pulling spinning me around as i dance to the beat of their drum,1,joy,Nararamdaman ko ang pagpupursige ng tatlong mahal kong lalaki na parang hinihila at pinipilit akong sumayaw sa kanilang ritmo.
i feel like in order to live a compassionate life this is an essential piece of the puzzle for me,2,love,Nararamdaman kong mahalaga itong bahagi ng palaisipan para sa akin upang mabuhay ng may malasakit.
i still feel the tender touch of a hand in mine,2,love,Nararamdaman ko pa rin ang malambot na paghawak ng kamay sa akin.
i learned my lesson and would never repeat my mistake i ve seen real child abuse and still do not feel that i abused my child,0,sadness,Natutuhan ko ang aral at hindi ko na uulitin ang aking pagkakamali. Nakita ko ang tunay na pang-aabuso sa bata at hindi pa rin ako nakakaramdam na ako ay gumawa ng pang-aabuso sa aking anak.
i feel so blessed that i am able to leave there,1,joy,Nararamdaman kong sobrang biyaya na makalaya doon.
i now feel so determined to smash round and really give her something to be proud of,1,joy,"Ngayon, nararamdaman kong lubos ang aking determinasyon na talunin ang laban at ibigay sa kanya ang dahilan upang maging mapagmamalaki."
i feel like i cant handle this deployment or that i am miserable,0,sadness,Parang hindi ko kaya itong deployment na ito o parang nabibigo ako.
i feel so beaten down by the constant anxiety and frustration of looking for word and being constantly disappointed,0,sadness,Napakasakit ng pakiramdam na palagi akong nababagsak ng paulit-ulit na pag-aalala at pagkabigo sa paghahanap ng trabaho.
i feel like i am not very smart,1,joy,Parang hindi ako gaanong matalino.
i feel guilt that i was cranky last night and didn t fully embrace my evening alone with the boy,3,anger,Nararamdaman kong may sala ako dahil nag-ungol ako kagabi at hindi lubos na tinanggap ang aking gabi mag-isa kasama ang bata.
i already feel like ive been accepted into the community here,1,joy,Nararamdaman ko na parang tinanggap na ako sa komunidad dito.
i confess to feeling a bit nervous now though there are some very talented people in the group,4,fear,Nag-aamin ako na medyo kinakabahan ako ngayon kahit na may mga napakatalentado sa grupo.
i didnt expected to be that much addicted to the nicotine before ive experienced all withdrawal symptoms feeling irritable and so stressed going mad with cravings inability to concentrate dry mouth trouble sleeping i wake up every night at a,3,anger,"Hindi ko inaasahan na magiging ganito ako kasira sa nikotina bago ko naranasan ang lahat ng sintomas ng pagtigil, parang nagagalit at sobrang stressed, nagkakasiraan ng bait dahil sa mga pagnanasa, hindi makapag-concentrate, tuyo ang bibig, mahirap matulog, gising ako tuwing gabi."
i am wondering if i am feeling brave enough to make them for gifts,1,joy,Nagtataka ako kung sapat na ang aking tapang para gawin silang regalo.
i am simply to realize that master homis knows best and if he feels there is too much going on he will step in and help with some tasks that i perform and i am not to become distressed about this,4,fear,"Napagtanto ko lamang na si Master Homis ang nakakaalam ng pinakamabuti at kung siya ay mararamdaman na masyadong maraming nangyayari, siya ay makikialam at tutulong sa ilang gawain na aking ginagawa, at hindi ako dapat mag-alala tungkol dito."
i feel so pissed about myself,3,anger,Napaka-inis ko sa sarili ko.
i wish i can wake up and find peace see little kids flying their kites catch hope and not only feel it but taste how delicious a four letter word can give me the shelter i need,1,joy,"Sana magising ako at mahanap ang kapayapaan, makita ang mga batang lumilipad ng saranggola, hawakan ang pag-asa at hindi lamang maramdaman kundi matikman kung gaano kaganda ang lasa ng isang apat na titik na salita na magbibigay sa akin ng kalinga na kailangan ko."
i feel that im not talented in baking,1,joy,Nararamdaman kong hindi ako may talento sa pagluluto ng tinapay.
i still feel that i expect pieces of the world from him but im afraid to come close and place those expectations upon him again in fear that hell disappoint me,4,fear,"Nararamdaman ko pa rin na inaasahan ko mula sa kanya ang mga piraso ng mundo, ngunit natatakot akong lumapit at ilagay muli ang mga inaasahan ko sa kanya sa takot na baka siya'y magdisappoint sa akin."
i managed to eat more than i usually can on race morning mostly because jon was there and i didnt feel quite as nervous,4,fear,"Nagawang kumain ako ng higit pa sa aking karaniwang kakayahan noong umaga ng karera, halos dahil si Jon ay naroon at hindi ako gaanong kinakabahan."
i see jacque i feel extremely guilty because she still hasn t forgiven me,0,sadness,"Nakikita ko si Jacque, at sobrang nahihiya ako dahil hindi pa niya ako pinatawad."
i started off feeling rather cranky and grumpy and ultimately ordinary then there was a little facebook flash from my cousin in west meath and suddenly we were pinging bad jokes and naughty stories about rudolph valentino performing unspeakable acts back and forth and it felt like a party,3,anger,"Nagsimula akong mag-isip na medyo maungol at mapagtabuyan, at sa huli ay ordinaryo, ngunit may isang maliit na flash sa Facebook mula sa aking pinsan sa Westmeath, at biglang nagpapalitan kami ng masamang biro at nakakapang-akit na kwento tungkol kay Rudolph Valentino na gumagawa ng hindi makatwirang mga bagay, at parang isang partido ito."
i feel like they might be engineering hostile situations by which i mean wars and missile testing and dropping spy planes out of the sky and all the rest because overwhelmingly they have y chromosomes and because they are bored,3,anger,"Parang ini-engineer nila ang mga sitwasyon na magdudulot ng kaawayan, gaya ng mga giyera, pagsubok ng mga misil, pagbagsak ng mga espya plane, at iba pa, dahil karamihan sa kanila ay may XY chromosome at dahil siguro ay nag-aantok na sila."
i have come off conquerer others i feel i have missed the mark or perhaps the lesson that i was suppose to learn,0,sadness,"Dumating ako bilang mananakop, ngunit nararamdaman kong hindi ko natamo ang aking layunin o marahil ang aral na dapat kong matutuhan."
i just yearned for that homey feeling where you are sitting at the river with friends and the sun is hot and warming your skin and you are wearing jean shorts and life is perfect for a day,2,love,"Gusto ko lang maramdaman ang pakiramdam na parang nasa bahay ka, nakaupo sa tabi ng ilog kasama ang mga kaibigan, mainit ang araw at nakakapinit sa balat mo, nakasuot ka ng maong shorts, at perpekto ang buhay sa isang araw."
i set off feeling strangely nervous and quite weak but slowly worked through the problems and was soon attempting the toughest problems,4,fear,"Nagsimula akong maglakad na parang kakaiba ang nararamdaman, kinakabahan at medyo mahina, ngunit unti-unting nalutas ko ang mga problema at saka na nagsisikap sa mga pinakamahirap na tanong."
i feel so divine to be so cared for,1,joy,Nararamdaman kong lubos na banal ang pagiging alagaan.
im not enjoying winter hate feeling cold and having to dress in so many layers,3,anger,"Hindi ko nasisiyahan ang taglamig, ayaw kong maramdaman ang lamig at kailangan kong magsuot ng maraming damit."
i feel like i should have some wine or something i was amused,1,joy,"Parang kailangan ko ng alak o ano, natawa ako."
i feel pressured to be the perfect happy woman but it s because i have a hard time letting people in past a certain level so it just is easier to default to happy go lucky which i usually am anyway,4,fear,"Nararamdaman kong may presyur na maging perpektong masayang babae, pero dahil mahirap akong magbukas sa mga tao lampas sa isang tiyak na antas, mas madali lang na maging masaya at walang pakialam, na karaniwan ko naman pala."
i feel innocent and free again,1,joy,Nararamdaman kong muli akong inosente at malaya.
i hate to feel threatened totally,4,fear,Ayaw kong maramdaman ang ganap na pagbabanta.
when in a car accident where car was total wipe off wipe out,4,fear,Kapag nasangkot sa aksidente ng sasakyan kung saan ang sasakyan ay ganap na nasira.
i did not feel disappointed with the performance here,0,sadness,Hindi ako nabigo sa pagtatanghal dito.
i feel a sense of loss when an extremely talented and passionate engineer who wants to work on certain dsp design eventually takes up a job at a financial number crunching software company only because he did not get the right kind of job,1,joy,Nararamdaman kong may pagkawala kapag isang napakatalentado at masigasig na inhinyero na gustong magtrabaho sa ilang disenyo ng DSP ay sa huli ay pumili ng trabaho sa isang kompanya ng software para sa pagproseso ng mga numero sa pananalapi lamang dahil hindi siya nakakuha ng tamang uri ng trabaho.
i feel relieved that a rescue party has arrived,1,joy,Nadarama kong maluwag ang dibdib dahil dumating na ang rescue team.
i pushed the feeling aside and contented myself with an apple,1,joy,Iniwasan ko ang nararamdaman at nagpasya akong mag-isa na kumain ng mansanas.
i expect ou to win but i feel there strongest competition will be a pretty talented and experienced ok state squad,1,joy,"Inaasahan kong mananalo kayo, ngunit nararamdaman kong ang pinakamalakas na kalaban ninyo ay ang isang napakatalento at may karanasan na koponan mula sa Oklahoma State."
i feel there are other options that not as violent probably more costly yet equally futile so whats the problem with keeping our men and women out of harms way,3,anger,"Nararamdaman kong may ibang opsyon na hindi gaanong marahas, marahil mas mahal ngunit pantay na walang silbi, kaya ano ang problema sa pagpapanatiling ligtas ang ating mga lalaki at babae mula sa panganib?"
i mention this seemingly obvious little tidbit is that either many of my friends have an innate inability to understand this or they feel hurt and neglected because of it,0,sadness,Binabanggit ko itong tila maliit at halatang katotohanan dahil marahil marami sa aking mga kaibigan ay may likas na kakulangan sa pag-unawa dito o nararamdaman ang sakit at pagpapabaya dahil dito.
i am terrified and not feeling terribly keen right now,1,joy,Natatakot ako at hindi ako masyadong komportable ngayon.
i feel so alone and im just going out of my mind,0,sadness,"Napakasama ng pakiramdam ko, parang nawawala na ako sa katinuan dahil sa kalungkutan."
i know that there is some cynicism involved but i also know that it s come from the lessons i ve learned over the last couple years of life and i don t feel resentful or damaged because of it i feel fortunate enough to have been clubbed upside the head with a bigger dose of reality,3,anger,"Alam kong may kaunting pag-aalinlangan ang kasangkot ngunit alam ko rin na ito ay nagmula sa mga aral na natutunan ko sa nakalipas na ilang taon ng buhay at hindi ako nagrereklamo o nasasaktan dahil dito; sa halip, nararamdaman kong masuwerte dahil nabigyan ako ng mas malaking dosis ng katotohanan."
i only need to feel respected and safe,1,joy,Kailangan ko lamang maramdaman ang paggalang at kaligtasan.
i almost feel greedy for believing that i want so much,3,anger,halos makaramdam ako ng kasakiman sa paniniwala kong gusto ko ng marami.
i feel unease in my room but our living room is very pleasant for me,1,joy,Nararamdaman ko ang kakaibang pakiramdam sa aking silid ngunit ang aming sala ay lubhang nakakaginhawa para sa akin.
i did feel complacent that now in britain with the immediate rain life would be that little bit more familiar but nonetheless i have the memories the photos and now i have a goal to work for my gap year and i would be working on that as early as saturday when i would be earning,1,joy,"Naramdaman ko ang pagiging komportable na ngayon sa Britanya, dahil sa patuloy na ulan, ang buhay ay magiging kaunti pang pamilyar, ngunit hindi ko mawawala ang mga alaala, mga larawan, at ngayon ay mayroon akong layunin para sa aking taong pahinga at sisimulan ko ito sa darating na Sabado kung saan magtatrabaho na ako."
i felt like i was losing control of my body and it was hard for me to feel calm and positive about that because it wasn t an irrational thought,1,joy,Naramdaman kong nawawala ang kontrol ko sa aking katawan at mahirap para sa akin na maging kalmado at positibo tungkol dito dahil hindi ito isang walang batayan na pag-iisip.
i feel you are very charming but do the other people feel very terrible,1,joy,Nararamdaman kong napakaganda mo ngunit nararamdaman ba ng iba na lubhang masama?
i start feeling angry i need to actually stop and figure out what im really feeling so i can deal with life in a more balanced way,3,anger,"Nagsisimula akong magalit, kailangan kong huminto at alamin kung ano talaga ang nararamdaman ko upang mapagtagumpayan ang buhay nang mas balansado."
i feel so invigorated when its cold,1,joy,Nararamdaman kong napakalakas ng aking sigla kapag malamig.
i feel ive been physically uncomfortable for the last months of my life so nothing new there,4,fear,Nararamdaman kong hindi ako komportable pisikal sa nakalipas na mga buwan ng buhay ko kaya wala namang bago doon.
i feel more intelligent and strong,1,joy,Nararamdaman kong mas matalino at malakas.
i feel invigorated and enthusiastic,1,joy,Nararamdaman kong puno ng sigla at sigasig.
i see what being unhealthy does and i can feel the weight that i ve gained back and i am pissed that i let some of it creep back on,3,anger,"Nakikita ko ang epekto ng hindi malusog na pamumuhay at nararamdaman ko ang bigat ng mga kinakain kong hindi tama, at galit ako sa aking sarili dahil pinapayagang bumalik ang ilan sa mga ito."
im overreacting or perhaps the feeling i felt was just an amplified reaction to the way she has ignored almost everything ive said in class or the stupid smile and her tone she has been using in those rare cases she hasnt ignored me,0,sadness,Nag-o-overreact ba ako o baka lang ang naramdaman ko ay isang pinalakas na reaksiyon sa paraan niya ng pag-iwas sa halos lahat ng sinasabi ko sa klase o sa bobong ngiti at tono niya sa mga bihirang pagkakataon na hindi niya ako pinapansin.
i should just leave him be so he could go on his merry way and so i could stop feeling like i was just unimportant to him now,0,sadness,Dapat ko na lang siyang hayaan na magpatuloy sa kanyang kaligayahan at ako naman ay huminto sa pag-iisip na hindi ako mahalaga sa kanya ngayon.
i needed to feel loved and accepted although i falter,2,love,Kailangan kong maramdaman ang pagmamahal at pagtanggap kahit na ako'y nagkakamali.
i feel disgusted that any criminal justice system in the st century could know the full details of it all and deny it to be named as abusive,3,anger,"Nakakaumay na sa ika-21 siglo, ang anumang sistema ng hustisya sa krimen ay nakakaalam ng lahat ng detalye ngunit itinatanggi itong abusado."
i tend to feel humiliated when criticized,0,sadness,"Kadalasan, nararamdaman kong nahihiya kapag pinag-uusapan o pinapuna."
i was overwhelmed with joy when i received the acceptance letter to unza this happened again when i passed all my first year courses,1,joy,Napakaraming saya ang naramdaman ko nang makatanggap ako ng liham ng pagtanggap sa UNZA. Ulit ko itong naranasan nang maipasa ko ang lahat ng aking mga kurso sa unang taon.
i feel virtuous as ive already done more on it this week than i have for several months,1,joy,Nararamdaman kong mabuti dahil nagawa ko nang higit pa rito ngayong linggo kaysa sa mga nakaraang buwan.
i feel that when i run i that is me sarah the mind am supporting this body,1,joy,"Nararamdaman ko na kapag tumatakbo ako, iyon ang tunay kong sarili, si Sarah, ang isip ay sumusuporta sa katawan."
i will feel the sadness when i am more troubled,0,sadness,Magkakaroon ako ng lungkot kapag lalong ako nag-aalala.
i stared up at him amazed by the feeling and as equally amazed that nothing else was happening,4,fear,"Nakatingin ako sa kanya, namangha sa nararamdaman at gayundin namangha na wala nang ibang nangyayari."
i feel more excitment than reluctant xdd hohoho looking foward tmr xd cya tmr,4,fear,"Mas nakakakilig kaysa ma-reluctant xdd hohoho, abangan bukas xd, kita bukas!"
i took a shower then headed to the bsc loop to meet allies for the trip to the club feeling very triumphant that i had helped in such a marvellous prank,1,joy,"Nag-shower ako saka pumunta sa BSC loop para makipagkita sa mga kaalyado para sa biyahe sa club, napakaganda ng pakiramdam ko dahil nakatulong ako sa isang kahanga-hangang biro."
i got home feeling miserable at my lack of shopping skillzz i remembered the bag of un opened un used make up sitting in my bedroom that i forgot all about,0,sadness,Umalis ako sa bahay na parang nabigo sa aking kakulangan sa kakayahan sa pagbili ng mga bagay. Naalala ko ang bag ng hindi pa binubuksan at hindi pa ginagamit na make-up na nakalagay sa aking silid-tulugan na nakalimutan ko.
i honestly feel that im being ignored and left alone,0,sadness,Tapat kong nararamdaman na iniwan at hindi pinapansin.
i guess a lot of her is pretty high even though i can feel her hiccups and im guessing hand and arm movement low,0,sadness,Siguro marami sa kanya ay medyo mataas kahit na nararamdaman ko ang kanyang hikbi at inaakala kong ang galaw ng kamay at braso ay mababa.
i feel that im fine without him,1,joy,Nararamdaman kong mabuti ako nang wala siya.
i do however feel that some people would not be so shocked right,4,fear,"Ngunit sa palagay ko, hindi magugulat ang ilan."
i am now feeling the onset of an unpleasant sort of tourist panic,0,sadness,Nararamdaman ko na ang simula ng hindi magandang uri ng panibagong takot ng turista.
i truly felt that when i left friday you were smiling and feeling i had respected you and you thinking i was a teasing little heathen you loved who enjoys arousing you with an animal delight,1,joy,"Tunay kong nadama na noong umalis ako noong Biyernes ay nakangiti ka at naramdaman kong iginagalang kita, at ikaw naman ay iniisip na isang masungit na maliit na demonyo ako na minamahal mo at nasisiyahan sa pagpapasigla sa iyo ng hayop na kasiyahan."
i feel drastically inadequate for the needs i feel swirling around me,0,sadness,Nararamdaman kong lubos na hindi sapat para sa mga pangangailangan na parang umiikot sa paligid ko.
i feel you might be quite amazed if ahead of you begin your diet program you continue to keep a a href http www,4,fear,"Mararamdaman ko na baka lubos kang mapagtataka kung bago ka magsimula ng iyong programa sa pagbaba ng timbang, patuloy kang mag-iingat ng isang."
i come home feeling drained and paralysed and when i try to study my brain just shuts down and ill end up snoring away on my bed and visiting dreamland,0,sadness,"Uuwi ako na parang nabubulok at hindi makapagalaw, at kapag sinusubukan kong mag-aral, parang tumitigil ang utak ko at matutulog na lang ako sa kama at pupunta sa mundo ng panaginip."
i take a look as i try to get used to the feeling of his touch innocent as it is,1,joy,"Tinitingnan ko habang sinusubukan kong makasanayan sa pakiramdam ng kanyang paghawak, gaano man ito ka-inosensiya."
i lived her life without the feeling of acceptance she felt as though trouble and misery followed her everywhere she went and that everyone hated her because of it,3,anger,"Nabuhay siya ng buhay na walang nararamdaman na pagtanggap, parang sinusundan siya ng gulo at kalungkutan saanman siya pumunta, at lahat ay nagtataray sa kanya dahil doon."
i every once in a while feel free,1,joy,"Minsan, nararamdaman kong malaya."
i feel like in spite of having so many amazing things to be thankful for life is just one big demanding wave after wave and i m being tossed around like a rag doll,4,fear,"Parang kahit maraming dapat ikagagalak sa buhay, parang isang malaking alon lamang ang buhay na patuloy na dumating at ako ay parang isang manika na itinatapon-tapon."
i feel instantly glamorous just pulling it out of my handbag and sachaying it about for all to see,1,joy,Nararamdaman kong agad na maganda at makinis kapag inilabas ko ito mula sa aking bag at ipinakikita ito sa lahat.
i feel like if there are pickles in the fridge everything will be ok,1,joy,"Nararamdaman kong kung may mga atsara sa ref, lahat ay magiging maayos."
i hope you all make the time to play along i have a feeling this sketch will be a popular one,1,joy,"Sana lahat kayo ay maglaan ng oras para sumama sa paglalaro, may kutob akong magiging sikat itong sketsa."
im sure this silly little blog is ridiculous but sometimes i just feel so aggravated,3,anger,Sigurado akong itong maliit at bobong blog ay nakakatawa ngunit minsan nararamdaman ko lang na sobrang nainis.
i hope you enjoy reading and please feel free to leave comments,1,joy,Sana magustuhan ninyo ang pagbabasa at huwag mag-atubiling mag-iwan ng mga komento.
i always feel humiliated,0,sadness,Lagi akong nadaramaang nahihiya.
is name in the opening passages saying it may strike the reader as rather singular and far fetched but he may feel assured that it was by no means far fetched and that the circumstances were such that it would have been impossible to give him any other name,1,joy,"Ang pangalan niya sa mga unang talata ay sinasabi na maaaring magmukhang kakaiba at hindi makatwiran sa mambabasa, ngunit maaari siyang mapayapa na hindi ito walang batayan at ang mga kalagayan ay gayon na imposible na bigyan siya ng ibang pangalan."
i feel too overwhelmed to clean anything so i just let it all pile up until it makes my whole life feel like it is going to come crashing down around me and i am helpless to stop it,4,fear,Nararamdaman kong sobrang nababalot na ako upang linisin kahit ano kaya pinababayaan ko itong lahat na magtapon hanggang sa parang buong buhay ko ay parang lulubog at ako ay walang magawa upang pigilan ito.
i feel that s the one thing i ve enjoyed about tv people have the time to be shocked over kenny powers and then you have time to let go of it and love him later on,4,fear,"Nararamdaman ko na iyon ang isang bagay na nasisiyahan ako sa telebisyon, ang mga tao ay may oras upang magulat tungkol kay Kenny Powers at pagkatapos ay mayroon kang oras upang bitawan ito at mahalin siya mamaya."
i can see in myself a lot of the older son i m angry at god the father not giving me what i want even though i feel that i ve been pretty faithful to him though i ve screwed up plenty,1,joy,"Nakikita ko sa aking sarili ang maraming katulad ng panganay na anak, galit ako kay Diyos Ama dahil hindi niya ibinibigay ang aking mga hangarin kahit na nararamdaman kong tapat ako sa kanya, bagama't nagkakamali rin ako nang marami."
i feel i can rely on my instincts more than my intellect but im starting to doubt whether my intuition is as keen as it should be,1,joy,"Nararamdaman kong mas maaasahan ang aking mga hilig kaysa sa aking katalinuhan, ngunit nagsisimula akong mag-alinlangan kung gaano kaliwanag ang aking intuwisyon."
i feel so doomed all the time,0,sadness,Lagi akong nadarama na nabibigo.
i remember just knowing you were crazy in love with me without a shadow of a doubt and you made me feel gorgeous always,1,joy,"Naalala ko, alam kong sobra kang nagmamahal sa akin nang walang alinlangan at lagi mo akong pinaparamdam na maganda."
i feel so foolish i admitted,0,sadness,"Napakabulaklak ko, aminado na ako."
i was feeling quite nervous,4,fear,Nararamdaman kong medyo kinakabahan ako.
i want to tell you what im feeling but i dont know where to start i want to tell you everything but im afraid youll break my heart why would something easy be so hard to do,4,fear,Gusto kong sabihin sa iyo ang nararamdaman ko ngunit hindi ko alam kung saan magsisimula. Gusto kong sabihin lahat ngunit natatakot akong masaktan ka. Bakit mahirap gawin ang isang bagay na dapat madali?
i guess she has opened up and known him longer but i cant help feeling a little ignored,0,sadness,"Siguro mas nakilala na niya siya at mas bukas na siya, pero hindi ko mapigilan ang pakiramdam na kaunti akong binabalewala."
i feel very giggly and upbeat even though i feel like i should probably be morose and sombre,1,joy,Nararamdaman kong sobrang kiliti at masaya kahit parang dapat akong malungkot at malungkot.
i feel so neglectful of my new followers but all i care about is that it s cat stevens b day,0,sadness,Nararamdaman kong hindi ko pinapansin ang aking mga bagong tagasunod ngunit ang mahalaga sa akin ay ito ang kaarawan ni Cat Stevens.
i am tired of feeling awful,0,sadness,Pagod na ako sa pakiramdam na masama.
i have the feeling i am going to be tortured tonight,4,fear,Nararamdaman kong ako'y pagdurusahan ngayong gabi.
i hate when i feel stupid because i dont know these things already,0,sadness,Ayaw ko kapag nararamdaman kong tanga dahil hindi ko alam ang mga bagay na ito.
i am on this track i feel good things coming,1,joy,"Nasa landas na ito ako, nararamdaman kong darating ang magagandang bagay."
i go to the gym i can t even get my heart rate high enough to feel satisfied thanks to the level of competition i ve experienced in the past couple of years,1,joy,"Pumupunta ako sa gym, pero hindi ko maabot ang sapat na bilis ng tibok ng puso ko para makaramdam ng kasiyahan dahil sa antas ng kompetisyon na naranasan ko sa nakalipas na ilang taon."
i feel like i should be thrilled and i am but at the same time i feel like crap,1,joy,"Nararamdaman kong dapat akong masaya at masaya nga ako, pero sabay-sabay din akong parang nababastos."
i know is that afterward i feel a hell of a lot more mellow amp relaxed merely by laughing and the stress of being down in the dumps just melts away,1,joy,"Alam ko lang na pagkatapos, nararamdaman kong sobrang kalmado at nakakarelaks dahil lang sa pagtawa at ang stress ng pagiging malungkot ay nawawala na."
i remember when this was all feels the most generous place for charitable donations in the uk is andover thats the last sodding time im having dinner here at the nuclear plant staff canteen,1,joy,"Naalala ko noong panahon na ito ang pinaka-mapagbigay na lugar para sa mga donasyon sa UK, sa Andover iyon. Iyon ang huling pagkakataon na kakain ako ng hapunan dito sa kantinang pang-empleyado ng planta ng nukleyar."
i didnt feel safe in my room because the argument was going on in my room and things were getting rough,1,joy,Hindi ako nakaramdam ng ligtas sa aking silid dahil nagtatalo sila doon at lumala na ang sitwasyon.
i feel funny about mothers day,4,fear,Nakakakaba sa akin ang Mother's Day.
i have been feeling restless and not quite grounded,4,fear,Nararamdaman kong hindi ako mapakali at parang hindi ako nakakahanap ng matibay na pundasyon.
i feel like most books will contain some kind of romantic undercurrent and while this one did it was a lot more subtle than other books are about it,2,love,"Nararamdaman kong karamihan sa mga libro ay mayroong uri ng romantikong alon at bagama't meron ito, mas maselan ito kumpara sa ibang libro tungkol dito."
i often feel like a child here i speak the language like a child i generally walk around the town confused like a child i have child like relationships with most of the natives and my knowledge of the area and culture is equivalent to a childs,4,fear,"Madalas akong makaramdam na parang bata dito, nagsasalita ako ng wika tulad ng bata, naglalakad ako sa paligid ng bayan na parang naliligaw na bata, may mga relasyon akong parang bata sa karamihan ng mga katutubo, at ang aking kaalaman tungkol sa lugar at kultura ay katumbas ng kaalaman ng isang bata."
i was able to identify the speed in which f could get work done without feeling burdened by the work load,0,sadness,Nakilala ko ang bilis kung saan kayang tapusin ni F ang kanyang trabaho nang hindi nabibigatan ng dami nito.
i should do but i think it means that i should always be open to opportunities of inviting and involving others in ministries and that i should be creative in finding ways for others to participate in and feel welcomed into such ministries,1,joy,"Dapat kong gawin, ngunit sa palagay ko ito ay nangangahulugan na dapat akong lagi bukas sa mga pagkakataon na anyayahan at kasangkutan ang iba sa mga ministeryo at dapat akong maging malikhain sa paghahanap ng mga paraan para makilahok ang iba at maramdaman ang pagtanggap sa mga nasabing ministeryo."
i feel like its an excuse for being boring as an individual or lack of confidence in your individuality,0,sadness,Parang dahilan lang iyon para maging boring bilang isang indibidwal o kakulangan ng tiwala sa iyong pagiging kakaiba.
i take lightly but if youre like me you re probably feeling a little skeptical of product that is being sold on the internet as the way to become successful online,4,fear,"Kinukuha ko nang magaan pero kung ikaw ay katulad ko, malamang ay may kaunting pag-aalinlangan ka sa mga produkto na ibinebenta sa internet bilang paraan upang maging matagumpay online."
i feel a little abused about this whole situation,0,sadness,Nararamdaman kong medyo inaabuso ako sa buong sitwasyon na ito.
i feel very disgusted by that i cant tolerated her actions anymore by writing this post,3,anger,"Napakasuklam ako doon, hindi ko na kayang tiisin ang kanyang mga kilos kaya isinulat ko itong post."
im feeling so emotional today,0,sadness,Napaka-emosyonal ko ngayon.
i feel remorseful for my fellow teachers having to go back to work tomorrow,0,sadness,Nakakaramdam ako ng pagsisisi dahil kailangan bumalik sa trabaho ang aking mga kasamahan na guro bukas.
i don t feel victimized,0,sadness,Hindi ako nakaramdam na biktima.
i do not feel bad about it,0,sadness,Hindi ako nahihiya tungkol dito.
i had to be transgender and this very brainwashing attempt is now making me feel so horrible as though im trying to deceive physicians here in germany into believing that i am intersex,0,sadness,"Kailangan akong maging transgender at ang pagsisikap na ito ng pagpapalit ng isipan ay ginagawa akong pakiramdam na napakalala, parang ako'y nagsisinungaling sa mga doktor dito sa Alemanya na ako ay intersex."
i have that overwhelming feeling of not being good enough recently,1,joy,Nararamdaman ko kamakailan ang napakalakas na pakiramdam na hindi ako sapat.
im not going to lie some days i feel uber supportive and other days i feel uber frustrated,2,love,"Hindi ako magsisinungaling, minsan nadarama kong sobrang suportahan, at minsan naman sobrang frustrasyon."
i don t want to feel the way i did with you that passionate connection when we were no longer a separate two,1,joy,"Ayaw kong maramdaman ang paraan ng aking nararamdaman sa iyo, ang matinding koneksyon na iyon noong tayo ay hindi na dalawang hiwalay na nilalang."
i feel pleased about this issue there are a lot of beautiful pieces in it for example maggie lees poem titled a href http vol,1,joy,"Masaya ako tungkol sa isyung ito dahil maraming magagandang piraso dito, halimbawa ang tula ni Maggie Lee na pinamagatang """
i was going to feel worthless around skinny people while i m humungous,0,sadness,Magiging walang halaga ako sa paligid ng mga payat habang ako ay napakalaki.
i feel overwhelmed or a little blue usually around that time of the month but i manage those feelings well,4,fear,Nararamdaman ko ang pagiging sobra o kaunting kalungkutan karaniwang sa paligid ng araw na iyon ng buwan ngunit nakakayanan ko nang maayos ang mga damdaming iyon.
i feel like federer is more talented player for sure,1,joy,Nararamdaman kong mas talentoso si Federer bilang manlalaro.
i choose to do and most importantly someone i can vent or just explain how im feeling at the moment whether bummed out ecstatic or anything in between,1,joy,"Pinipili kong gawin at higit sa lahat, isang taong kayang makinig sa aking pag-iyak o simpleng ipaliwanag kung paano ako nararamdaman sa kasalukuyan, maging malungkot, masaya, o kahit ano sa pagitan nila."
i will definitely be passing on my thanks to these wonderfully gifted people but words alone are difficult to express their awesomness and the feeling of safety when they are caring for us,2,love,"Tiyak kong ipapasalamat ko ang mga taong ito na lubhang may talento, ngunit mahirap ilahad sa salita ang kanilang kahanga-hangang gawa at ang pakiramdam ng kaligtasan kapag sila ang nag-aalaga sa atin."
i dont know what guys could be doing doused in pain unless he brought a freind into it asasoulawakens i feeli am pretty loyal as part as shoots go,2,love,"Hindi ko alam kung ano ang ginagawa ng mga lalaki na nasasaktan maliban kung siya ay nagdala ng kaibigan dito, at habang nagigising ako, nararamdaman kong medyo tapat ako bilang bahagi ng mga pangyayari."
i feel awkward around them rather then loved i can feel them not wanting to be near me so i let them go i no longer ask for hugs or for comfort,0,sadness,"Nararamdaman kong hindi ako tinatanggap, parang hindi ako mahal kaysa sa pagiging komportable. Nakikita kong ayaw nilang malapit sa akin kaya pinabayaan ko na sila. Hindi na ako humihingi ng yakap o ng kaginhawahan."
i just really feel content and really don t feel the ne,1,joy,Tunay akong nakaramdam ng kasiyahan at hindi ko nararamdaman ang pangangailangan.
i think and feel its funny its sad its weird but more than any of that its the truth,4,fear,"Iniisip at nararamdaman ko, nakakatawa, nakakalungkot, kakaiba, pero higit sa lahat, totoo ito."
i just know that im feeling so hot now,2,love,Alam ko lang na sobrang init ko ngayon.
i was feeling lethargic hahaha,0,sadness,Nararamdaman kong pagod hahaha
i am designing games it really makes me feel excited,1,joy,"Gumagawa ako ng mga laro, talagang nakakakilig ito."
i did however feel amused that she also called famous last words cathartic i think she s one of those people who secretly likes mychem but can t admit it for fear of damaging her music cred,1,joy,"Nakakatuwa naman na tinawag din niya ang ""famous last words"" na cathartic. Siguro isa siya sa mga taong lihim na mahilig sa My Chemical Romance pero ayaw aminin dahil baka masira ang kanyang ""music cred."""
im feeling terrible i couldnt feel worse,0,sadness,"Napakasama ng pakiramdam ko, hindi na pwedeng masama pa."
i would also hate for you to feel i was selfish in my decision,3,anger,Ayaw ko ring maramdaman mong selfish ako sa aking desisyon.
i feel as if her call was not a sincere apology,1,joy,Nararamdaman kong hindi tunay ang tawag niya bilang paumanhin.
i determined to have a read of the backdrop and that old feeling it s been a while since i ve bothered to examine adventure path material almost immediately began to emerge what i would call the take away phenomenon,3,anger,"Nagpasya akong basahin ang background at ang dating pakiramdam na iyon, matagal na rin akong hindi nag-eexamine ng adventure path material, halos agad na bumalik ang nararamdaman kong tawagin kong ""take away phenomenon."""
i wonder sometimes how it must feel to be rich,1,joy,"Minsan, nagtatanong ako kung paano kaya ang pakiramdam na maging mayaman."
im happy there are people in this world that have been so untouched by mental health issues that they feel it is cute to make light the plight of the affected but unfortunately they dont realize the damage they are doing,1,joy,"Masaya ako na may mga tao sa mundo na hindi gaanong naapektuhan ng mga isyu sa kalusugan ng isip kaya nakikita nilang nakakatuwa ang pagbibiro sa hirap ng mga naapektuhan, ngunit hindi nila namamalayan ang pinsala na kanilang ginagawa."
i feel pressured and can not move on to other items in our wedding checklists,4,fear,Nararamdaman kong may presyur at hindi ako makapagpatuloy sa ibang mga bagay sa ating checklist ng kasal.
i feel sexually threatened because some guys can be assholes fuck you of course im going to be a bitch and do whatever i need to do to get my ass out of the situation,4,fear,"Nararamdaman kong sekswal na inaapi dahil may mga lalaki na tunay na mga hayop. Syempre, magiging isang babaeng mapaghiganti ako at gagawin ko ang lahat para makalaya sa sitwasyon na ito."
i feel homesick near to the end of the last week in thailand,0,sadness,Nahihirapan akong makalimot sa tahanan malapit na ang katapusan ng nakaraang linggo sa Thailand.
i even feel punished lately it s really not like that,0,sadness,"Nararamdaman ko pa nga ngayon na parang pinarusahan, pero hindi naman talaga ganoon."
i am ashamed when i feel like that the moment i see terrified crying children and dead ones,4,fear,"Nakakahiya kapag nararamdaman ko iyon sa sandaling makita ko ang mga batang natatakot, umiiyak, at mga patay."
ive been angry and under that anger hurt are not gone but they feel resolved,1,joy,"Matagal ko nang nararamdaman ang galit, at sa ilalim ng galit na iyon, ang sakit ay hindi nawala ngunit parang nalutas na."
i felt like facebook was a catalyst for me to feel that way about myself and i started to see it as a bit of a hostile online community,3,anger,Naramdaman kong ang Facebook ay nagsilbing katalista para sa aking nararamdaman tungkol sa aking sarili at nagsimula akong makita ito bilang isang medyo mapanganib na online komunidad.
i secretly feel unimportant anyways and as such find people to disrespect me which might explain why i lend this doucher my time my energy and my body and let his needs get met b my own,0,sadness,"Sa lihim kong nararamdaman ang aking kawalan ng kahalagahan, kaya't hinahanap ko ang mga taong magpaparinig sa akin, marahil ipinaliwanag nito kung bakit binibigay ko ang aking oras, enerhiya, at katawan sa ganitong uri ng tao at natutupad ang kanyang mga pangangailangan sa halip na sa akin."
i am in true victim style feeling shamed for being me for having ptsd for going to them in good faith and then the symptoms of my trauma showing itself,0,sadness,"Nararamdaman kong tunay na biktima, nahihiya dahil sa aking pagkatao, dahil sa PTSD ko, dahil sa paglapit ko sa kanila ng may mabuting hangarin, at saka lumalabas ang mga sintomas ng aking trauma."
im feeling sociable again i have a date on monday with someone that wrote to me on there,1,joy,"Masaya akong makipag-ugnayan muli, may date ako sa Lunes sa isang taong nakasulat sa akin doon."
ill write a bunch youll respond and then ill back off in part because i feel shy,4,fear,"Isusulat ko ang maraming bagay, sasagot ka, at saka ako'y aatras dahil medyo nahihiya ako."
i pray for those who are feeling unloved and lonely,0,sadness,Nananalangin ako para sa mga nakakaramdam ng hindi minamahal at nag-iisa.
i am feeling adventurous and extra musical,1,joy,Nararamdaman kong masaya at sobrang musikal.
i always loved the blue angels and i feel so privileged and proud to be a blue angel burmeister said,1,joy,"Lagi kong minamahal ang Blue Angels at nararamdaman kong lubos na pribilehiyo at ipinagmamalaki na maging isang Blue Angel, sabi ni Burmeister."
i would feel myself being a little bit repressed in my creativity and ideas would not come to me as easily,0,sadness,Magkakaroon ako ng pakiramdam na medyo pinipigilan ang aking pagkamalikhain at hindi na madaling dumating ang mga ideya sa akin.
i feel like we are supporting her lifestyle,2,love,Parang sinusuportahan natin ang kanyang pamumuhay.
im sure there are a few guys who want some naughty pictures and a feeling of caring and they realize if they shell out some bucks for it then they can get it,2,love,"Sigurado akong may ilang lalaki na gustong magkaroon ng mga bastos na larawan at pakiramdam ng pag-aalaga, at napagtanto nila na kung magbabayad sila ng ilang pera, makukuha nila ito."
i might have folk over soon if im feeling brave,1,joy,Maaaring magkaroon ako ng bisita sa lalong madaling panahon kung magiging matapang ako.
im feeling cute and flirty and bright coloured lipsticks are for when im feeling bold etc,1,joy,"Nararamdaman kong cute at flirtatious, at ang mga lipstick na may maliwanag na kulay ay para sa mga araw na gustong maging bold."
i feel overwhelmed with the uncertainties of life the sorrows lurking about the fears eating at peoples peace the sad choices friends make the effects of those sad choices on loved ones broken relationships etc,4,fear,"Nararamdaman kong nalulubog sa kawalan ng katiyakan ng buhay, sa mga kalungkutan na nagtatago, sa mga takot na kumakain sa kapayapaan ng mga tao, sa mga malungkot na desisyon ng mga kaibigan, at sa mga epekto ng mga desisyong iyon sa mga mahal sa buhay, sa mga nasirang relasyon, atbp."
i feel jealous with them why they can,3,anger,"Naiinggit ako sa kanila, bakit kaya sila?"
i even feel weird living with lay people again,4,fear,Nakakakaba pa nga na mabuhay ulit kasama ng mga ordinaryong tao.
i definitely have a ton to learn still and i feel so hopeful about this program,1,joy,Tiyak na marami pa akong dapat matutunan at sobrang nag-aalala ako tungkol sa programa na ito.
i first entered the clinic i feel very welcomed by the beautiful ivory themed furnitures because the whole clinic look very clean spacious and professional and the cheerful consultants awaiting for me at the reception with a smile of course,1,joy,"Nang unang pumasok ako sa klinika, napakasarap ng pakiramdam dahil sa magagandang kasangkapan na may kulay-ibon na tema. Ang buong klinika ay mukhang malinis, maluwang, at propesyonal, at ang masayang mga konsulta ay naghihintay sa akin sa reception na may ngiti, siyempre."
i feel weird,4,fear,Nararamdaman kong kakaiba.
i woke up feeling more discouraged than i had in a very long time,0,sadness,Gumising ako na mas nabigo kaysa dati sa loob ng mahabang panahon.
i will cry in front of my children and feel overwhelmed without a moment s notice,4,fear,Umiiyak ako sa harapan ng aking mga anak at nararamdaman ang pagod na walang babala.
i feel so hated by the man that is suppous to love me forever and ever,0,sadness,Nararamdaman kong sobrang iniwan ako ng lalaking dapat magmahal sa akin magpakailanman.
ive been feeling an awful lot lately,0,sadness,Nararamdaman ko ang sobrang pagod kamakailan.
i feel frightened by it all,4,fear,Natatakot ako sa lahat ng ito.
i do a hobble to the bike rack with one bike shoe on and barefoot on the other side feeling a bit foolish but not too worried,0,sadness,"Naglalakad ako ng may hila-hila patungo sa bike rack, may sapatos ako sa isang paa at hubad ang isa, medyo nahihiya pero hindi naman masyadong nag-aalala."
i feel the gentle press of the seed through the soil,2,love,Nararamdaman ko ang malambot na pagpindot ng binhi sa lupa.
i often feel this is a very unfortunate flaw that i possess,0,sadness,Madalas akong maramdaman na ito ay isang malaking kamalian na taglay ko.
i have never been happier nor feel more accepted in my whole life,1,joy,Hindi ako kailanman nakaramdam ng ganitong kaligayahan at pagtanggap sa buong buhay ko.
i dont think i would have touched this book if i hadnt received it for free but once i got past my judgments about the author white people problems entitled rich whining and self delusions i feel like i got something valuable out of this book,1,joy,"Hindi ko akalaing hahawakan ko itong libro kung hindi ko ito natanggap nang libre, ngunit nang nakaraan ko na ang aking mga hatol tungkol sa may-akda, mga problema ng mga puting tao, mga mayayaman na may karapatan na reklamo at mga pagmamalabis sa sarili, naramdaman kong nakakuha ako ng mahalagang bagay mula sa aklat na ito."
i feeling so miserable when actually my mum should be the one feeling miserable,0,sadness,"Napakasakit ng pakiramdam ko, habang dapat pala siya ang nararamdaman ang kalungkutan."
i lets me into his fucked up world and he usually does i feel fucked up too and honestly a little scared,3,anger,"Pinapapasok niya ako sa kanyang sira-sirang mundo at karaniwan, nararamdaman ko rin ang pagkabulok at totoo, medyo natatakot ako."
i feel useless and worthless,0,sadness,Nararamdaman kong walang silbi at walang halaga.
i go shopping now i feel reluctant to buy things like that even though its really hard to resist the temptation,4,fear,"Pupunta ako sa tindahan ngayon, pero nahihilo akong bumili ng mga bagay na iyon kahit na mahirap talagang pigilan ang tukso."
i sit and remember what longing felt like and what denial feels like it is so strange to think i couldnt have changed my own perspective the experience itself created my view of the world,4,fear,Nakaupo ako at naaalala kung ano ang pakiramdam ng pagnanasa at kung ano ang pakiramdam ng pagtanggi. Kakaiba isipin na hindi ko mabago ang aking pananaw; ang karanasan mismo ang bumuo ng aking paningin sa mundo.
i think i almost made my counsellor cry yesterday because i said it feels like i dont have anyone supporting me,1,joy,Akala ko halos iyakin ko ang aking konsehal kahapon dahil sinabi kong parang wala akong nakakasuporta sa akin.
i feel tortured the one thing i love is the one thing that wont support me financially but i cringe when i think of spending years chained to a desk performing a job by wrote with little or no room for creativity or for anything else that matters,3,anger,"Nararamdaman kong pinahihirapan ako, ang isang bagay na minamahal ko ay ang bagay na hindi ako pinansyal na sinusuportahan, ngunit kinakabahan ako kapag iniisip kong gugugulin ang mga taon na nakakadena sa isang mesa habang ginagawa ang isang trabaho na nakasulat na may kaunting o walang espasyo para sa pagkamalikhain o para sa anumang bagay na mahalaga."
i feel useful again and serves as a reminder that ive come a long way since the first days of vertigo,1,joy,Nararamdaman kong kapaki-pakinabang muli at nagpapaalala na malayo na ako nang narating mula noong unang araw ng vertigo.
i should have known better if you are traveling with the military and you feel satisfied there is definitely something wrong,1,joy,"Dapat ko nang nalaman kung ikaw ay naglalakbay kasama ang militar at nararamdaman mong kontento, tiyak na may mali."
i have been feeling generally disheartened by my continually plummeting tots score despite the fact that my stats are improving so much,0,sadness,Nadama ko ang pagkabigo dahil patuloy na bumababa ang aking tots score kahit na napakalaki ng pagpapabuti ng aking mga istatistika.
i can drop a great deal of paratroopers on the table at once should i feel the need to do so or conduct other useful air missions,1,joy,"Maaari akong mag-deploy ng maraming paratrooper sa mesa nang sabay-sabay kung kailangan, o magsagawa ng iba pang kapaki-pakinabang na misyon sa himpapawid."
i am fucking it up with my pattern of wanting craving addiction to attention and specialness my way of feeling loved by another,2,love,"Pinagkakamalian ko ito dahil sa aking ugali ng pagnanais, pagnanasa, at adik sa pansin at espesyal na pagtrato, ang aking paraan ng pagdama ng pagmamahal mula sa isa pa."
i feel a lot of positive intention behind it,1,joy,Nararamdaman ko ang maraming positibong intensyon dito.
i suggest you give it a listen i feel like i am blessed,2,love,"Inirerekomenda ko na makinig ka, parang binabati ako ng kapalaran."
i was feeling a little annoyed at some people,3,anger,Nararamdaman kong medyo nainis ako sa ilang tao.
i do occassionally miss wearing regular earrings but i feel like my plugs have just become such a vital part of who i am that probably sounds so silly and youre rolling your eyes at me now haha,1,joy,"Minsan ko pa rin namimiss ang pagsusuot ng ordinaryong hikaw, pero parang naging mahalaga na sa akin ang aking plugs na parang bahagi na ng aking pagkatao, siguro parang baliw na ang tunog nito at nakatingin ka na sa akin ng nakakainis haha."
i feel hesitant and uncertain sometimes,4,fear,"Minsan, nararamdaman kong nag-aalinlangan at hindi sigurado."
i feel like a blank canvas i have no clue what i am doing right now,0,sadness,"Parang isang walang kulay na tela ako, wala akong ideya kung ano ang ginagawa ko ngayon."
im feeling rather inspired yet low i will enjoy my writing and even though i may be writing about morbid things i will find a way to make it interesting to read,1,joy,"Nararamdaman kong medyo inspirasyon at malungkot, ngunit masisiyahan ako sa pagsusulat ko at kahit na tungkol sa mga madilim na bagay ang aking isusulat, makakahanap ako ng paraan para maging kawili-wili ang aking pagsulat."
i feel glad to have mu tou cause only him can tolerate me and give in to me and massage my leg when its cramp up,1,joy,"Masaya akong may si Mu Tou dahil siya lang ang makakatiis sa akin, sumusunod sa akin, at nagpapahid sa aking binti kapag ito ay namumutla."
i wonder if they will even think back to the times that i have begged them to just be there for me or just be on my side or just offer me any kind of suppport or the feeling of them caring at all,2,love,"Nagtataka ako kung maalala pa nila ang mga pagkakataon na humingi ako ng tulong, na sana'y nandyan lang sila para sa akin, o kahit sa aking panig man lamang, o kahit na magbigay man lang ng kahit anong uri ng suporta o pakiramdam na sila'y nag-aalala man lang."
when i was years old my father travelled very much for his work he passed three months away from home,0,sadness,"Noong ako'y bata pa, madalas maglakbay ang aking ama para sa kanyang trabaho, at minsan ay tatlong buwan siyang nag-iisa sa labas ng tahanan."
i feel honored to wear usa on my back,1,joy,Nararamdaman kong iginagalang na isuot ang USA sa aking likod.
i feel i might have been too gloomy about it,0,sadness,Nararamdaman kong baka masyadong madilim ang pananaw ko tungkol dito.
i feel for the people who dont see its worth or are too afraid to discover it,4,fear,Nakakaramdam ako ng awa sa mga taong hindi nakikita ang halaga nito o natatakot na tuklasin ito.
i feel so determined this time and i say this time because i have tried every diet under the sun,1,joy,"Nararamdaman kong sobrang determinado ako ngayon, at sinasabi kong ngayon dahil subok ko na ang lahat ng uri ng diyeta sa ilalim ng araw."
im feeling especially honored as my picks feature alongside some of my favorite designers like diane von furstenberg rodarte and jason wu,1,joy,"Nararamdaman kong lubos na karangalan na ang aking mga pagpipilian ay kasama ng ilan sa aking mga paboritong taga-disenyo tulad nina Diane von Furstenberg, Rodarte, at Jason Wu."
i have the best conversations and the best time together unlike any ive had before but i feel like being totally in love with him does no good when he could care less about some stupid sophomore,1,joy,"May pinakamagandang usapan at pinakamasayang panahon kami magkasama na hindi ko naranasan noon, pero parang walang silbi ang pagiging lubos na minamahal ko siya kung siya ay hindi naman nagpapahalaga sa isang simpleng sophomore."
i feel extremely lost right now,0,sadness,Napakasaya ko ngayon.
i don t feel whack or messed up i know i m psychologically fucked up because i can feel the difference but i don t feel like i m as fucked up as i could be,3,anger,"Hindi ako nararamdaman na baliw o nabalisa, alam kong may problema sa aking isipan dahil nararamdaman ko ang pagkakaiba, ngunit hindi ko nararamdaman na ganun kalalim ang aking problema."
i still miss him and feel rather weepy today,0,sadness,Na-miss ko pa rin siya at medyo malungkot ako ngayon.
i feel tortured when i hear them talk or sing or laugh or cry,4,fear,"Nasasaktan ako kapag naririnig ko silang magsalita, kumakanta, tumawa, o umiyak."
im just trusting in my feelings and im trusting god above and im trusting you can give this baby both his mothers love,1,joy,"Naniniwala lamang ako sa aking damdamin at naniniwala ako kay Diyos sa itaas, at naniniwala ako na kaya mong bigyan ang sanggol ng pagmamahal ng kanyang dalawang ina."
ive lived my life trying so hard to be accepted and to feel loved,2,love,Naglaan ako ng aking buhay sa pagsisikap na tanggapin at maramdaman ang pagmamahal.
i can go from elated laughing to plunging back into my extreme misery at a simple exchange that it feels so dangerous now,3,anger,"Maaari akong lumipat mula sa sobrang saya at tawa hanggang sa bumalik sa aking matinding kalungkutan sa isang simpleng palitan, kaya ngayon ay parang napakamapanganib na."
i always feel awkward,0,sadness,Lagi akong nahihiya.
im feeling kinda homesick,0,sadness,Nararamdaman kong medyo nami-miss ko na ang tahanan.
im continually feeling triggered im not sure if people are insensitive or if im selfish most likely the latter,1,joy,"Patuloy akong nadaramaang pinag-aaksaya, hindi ko alam kung insensitive ang mga tao o kung ako ang makasarili, malamang ang huli."
i stayed for a short while but feeling like he didnt need me anymore and having my own emotional drainage to work through i decided i needed to go home,0,sadness,"Nanatili ako saglit ngunit dahil sa pakiramdam na hindi na niya ako kailangan at may sariling emosyonal na pagod na kailangang harapin, nagpasya akong umuwi."
i returned not feeling rejuvenated but exhausted,0,sadness,Umalis ako hindi nakaramdam ng pagkabuhay kundi pagod.
im still feeling shaky i realized that i felt intolerably hot all the time which i may mention is the polar opposite of what i normally feel like,4,fear,"Parang hindi pa rin ako mapakali, napagtanto ko na lagi akong nakakaramdam ng sobrang init, na kabaligtaran ng aking karaniwang pakiramdam."
i cant really understand my feeling cause its a mixture between bitter and a sour one which even i dont get,3,anger,Hindi ko talaga maintindihan ang aking nararamdaman dahil halo ito ng mapait at maasim na hindi ko man mismo naiintindihan.
i really have no reason to feel gloomy except for the fact that weve tried many things that should have worked and did not,0,sadness,Talagang wala akong dahilan para mawalan ng gana maliban na lang sa katotohanang marami nang ating sinubok na dapat sana ay gumana ngunit hindi.
i feel inspired to get back to my indigo pot,1,joy,Nararamdaman kong inspirasyon na bumalik sa aking palayok na indigo.
i feel wonderful and i m very very grateful for all the support,1,joy,Nararamdaman kong kahanga-hanga at lubos akong nagpapasalamat sa lahat ng suporta.
i thought how great it must feel for the author to have created a story that has been so popular and now to come back with the story of the beginnings,1,joy,Naisip ko kung gaano kaganda ang pakiramdam para sa may-akda na lumikha ng isang kwentong naging napakalawak ang popularidad at ngayon ay bumalik sa kwento ng simula.
i did not feel sympathetic as the narrator struggled through her low income life,2,love,Hindi ako nakaramdam ng simpatiya habang pinagdadaanan ng tagapagsalaysay ang kanyang buhay na may mababang kita.
ive been feelin cranky about my blog im feeling its still a bit childish for me already i dont know if its the blog itself the address or something else,3,anger,"Nararamdaman kong medyo maarte na ako sa aking blog, parang bata pa rin ito para sa akin. Hindi ko alam kung dahil sa blog mismo, sa address nito, o sa iba pang bagay."
im getting things done that i really need to and i feel good about it,1,joy,"Nakakagawa ako ng mga bagay na talagang kailangan ko, at masaya ako dahil dito."
i came up with the following i m drawing a blank as to what this is called to help me when i am feeling fearful or attacked,4,fear,Naisip ko ang sumusunod: hindi ko matandaan ang tawag nito upang makatulong sa akin kapag natatakot o inaatake ako.
i have been feeling agitated about lately,3,anger,Nararamdaman kong nababahala ako tungkol sa mga nangyayari kamakailan.
i want to find my essence and my substance and not feel so scared and empty and dispersed fragmented etc,4,fear,"Gusto kong mahanap ang aking kaluluwa at aking tunay na pagkatao at hindi maramdaman ang takot, kawalan, at pagkalat na parang nabasag."
i sing as one who feels contented with a comfortable life and comfortable christmas that includes general happiness about eternity,1,joy,Ako'y kumakanta bilang isang taong nasiyahan sa isang komportableng buhay at isang komportableng Pasko na kasama ang pangkalahatang kagalakan tungkol sa kawalang-hanggan.
i wasnt feeling like going on easter holidays i dont even know why at least i hope these days can be very productive for me,1,joy,"Hindi ako nadarama na pumunta sa bakasyon ng Pasko, hindi ko nga alam kung bakit. Sana naman maging produktibo ang mga araw na ito para sa akin."
i am feeling more creative now and am able to think outside the box a bit and am going to attempt a more adventurous eating plan this week,1,joy,"Mas malikhain ako ngayon at kaya kong mag-isip nang iba, kaya susubukan kong magkaroon ng mas pakikipagsapalaran na plano sa pagkain ngayong linggo."
i feel rediculous and petty and yet justified,3,anger,"Nararamdaman kong nakakahiya at maliit, ngunit may dahilan pa rin."
i have found both in my own life and from coaching hundreds of people during the past years that one of the main things that makes it hard for us to make good decisions is our feelings especially the unpleasant ones such as sadness rejection fear etc,0,sadness,"Natuklasan ko, parehong sa aking sariling buhay at sa pagtuturo sa daan-daang tao sa nakalipas na mga taon, na isa sa mga pangunahing dahilan kung bakit mahirap para sa atin gumawa ng mabubuting desisyon ay ang ating mga damdamin, lalo na ang mga hindi kasiya-siya tulad ng kalungkutan, pagtanggi, takot, atbp."
i feel so empty idk i came home early from school,0,sadness,"Nararamdaman kong sobrang walang laman, hindi ko alam, umuwi ako ng maaga sa bahay mula sa paaralan."
i feel weepy already,0,sadness,Nararamdaman ko nang malungkot.
i feel intimidated to go there again at that time for fear it will happen again,4,fear,Natatakot akong bumalik doon sa panahong iyon dahil baka mangyari ulit iyon.
i wasn t thinking negatively about any of those things often the feeling was benign or actually an excited anticipation,1,joy,Hindi ako madalas nag-iisip ng negatibo tungkol sa mga bagay na iyon; kadalasan ay walang masamang pakiramdam o kahit na isang masayang paghihintay.
earth crake,4,fear,ibon-kalabaw
i am feeling brave we will go somewhere further afield like a walk in the woodlands around a farm to the beach or some other full day activity,1,joy,"Nararamdaman kong matapang, pupunta tayo sa mas malayong lugar, gaya ng paglalakad sa kagubatan malapit sa sakahan, sa dalampasigan, o sa ibang aktibidad na maghahatid ng buong araw."
i feel even more regretful that i didnt get to go to her senior presentation,0,sadness,Mas lalong nadarama kong pagsisisi na hindi ako nakapunta sa kanyang presentasyon sa senior year.
i feel invigorated as i am one,1,joy,Nararamdaman kong nabubuhay muli dahil ako ay isa.
i was definitely feeling nostalgic and was a bit sad when one of my favorite exhibitions the hall of ocean life was closed,2,love,"Talagang nadarama ko ang nostalgia at medyo malungkot ako nang isara ang isa sa aking mga paboritong eksibisyon, ang Hall of Ocean Life."
i am feeling brave and lucky kind of like my heart is breaking and im falling in love all at the same time,1,joy,"Nararamdaman kong matapang at suwerte, parang nabubuwag ang puso ko at kasabay noon ay nadadapa ako sa pag-ibig."
i came away filled with admiration inspired by amy s friends feeling honoured to have been there to share a tiny part of their lives,1,joy,"Umalis ako na puno ng pagpapahalaga, inspirasyon mula sa mga kaibigan ni Amy, at nararamdaman ang karangalan na naging bahagi man lamang ng kanilang buhay."
i write and share my feelings family events useful products good food exciting trips kitchen endeavors as well as occasional musings,1,joy,"Sumusulat at ibinahagi ko ang aking damdamin, mga pangyayari sa pamilya, kapaki-pakinabang na mga produkto, masarap na pagkain, nakakabighaning mga biyahe, mga pagsisikap sa kusina, pati na rin ang mga paminsan-minsang pagninilay."
i have a feeling she is going to be an amazing artist like her daddy and uncles,1,joy,Nararamdaman kong magiging isang kahanga-hangang artista siya gaya ng kanyang ama at mga tiyo.
i feel wonderful monroe said upon the launch of her company im incorporated,1,joy,"""Napakaganda ng pakiramdam, sabi ni Monroe nang ilaunch ang kanyang kompanya, ang Im Incorporated."""
i feel like he is not so keen on the idea,1,joy,Parang hindi siya gaanong interesado sa ideya.
i become more comfortable in this remodeled office i am feeling much gratitude for its wonderful amenities,1,joy,"Mas komportable na ako sa na-remodel na opisina, at lubos akong nagpapasalamat sa mga kahanga-hangang pasilidad nito."
ill explain below two simple techniques you can use to almost instantly feel relief from that aching pain,0,sadness,Ipaliwanag ko sa ibaba ang dalawang simpleng pamamaraan na magagamit mo upang halos agad maramdaman ang ginhawa mula sa sakit na iyon.
i feel there are some who still wants us together and i im being rebellious,3,anger,Nararamdaman kong may mga taong gustong magkasama pa rin tayo at ako'y nagrereklamo.
i remember feeling humiliated because of the people in the front seat of the car,0,sadness,Naalala ko ang pakiramdam ng pagkahiya dahil sa mga tao sa harapan ng kotse.
i hope someday when i am again in a position to give that i will remember how it feels and be sympathetic and sensitive to others,2,love,"Sana sa araw na muling makapagbigay ako, matatandaan ko ang pakiramdam na ito at maging maunawain at sensitibo sa iba."
i have for myself even when i m feeling crappy,0,sadness,Mayroon akong sarili ko kahit na masama ang pakiramdam ko.
im having trouble coming with words to describe the way i feel im so devoted to it,2,love,"Nagkakaroon ako ng problema sa paghahanap ng mga salita upang ilarawan ang aking nararamdaman, sobrang nakatuon ako dito."
i have wonderful family who are constantly on the lookout for me make phone calls for me do pr for me but i feel helpless and folks i am a doer so i always feel like if i cant help myself then,0,sadness,"Mayroon akong magandang pamilya na lagi akong sinusubaybayan, tumatawag para sa akin, at gumagawa ng PR para sa akin, ngunit nararamdaman kong walang magawa at mga kaibigan, ako ay isang gumaganap kaya lagi akong nakakaramdam na kung hindi ko kayang tumulong sa aking sarili, kung gayon"
i dont feel as carefree as i used to and this worrys me a tad,1,joy,Hindi ko nararamdaman ang kalayaan gaya noon at medyo nakakabahala ito sa akin.
im getting ready and feeling stressed in general all take a toll on my milk supply and im not producing as much,0,sadness,"Naghahanda ako at nararamdaman ang pangkalahatang stress, lahat ito nakakaapekto sa aking gatas at hindi na ako nagpo-produce ng marami."
i do enjoy large bold prints and i suppose its odd im feeling timid about leopard,4,fear,Gustung-gusto ko ang malalaking malalaking titik at siguro kakaiba na nahihiya ako tungkol sa leopardo.
i feel the corners of my mouth curl into a triumphant grin,1,joy,Nararamdaman kong kumukurba ang mga sulok ng aking labi sa isang tagumpay na ngiti.
i dont hallucinate instead i slowly continue along my little path until i feel needlessly violent and overly happy about it,3,anger,"Hindi ako nagkakamali, sa halip ay dahan-dahang patuloy akong naglalakad sa aking maliit na landas hanggang sa maramdaman kong hindi kinakailangan ang karahasan at labis na masaya tungkol dito."
i feel free to create the definition of what i believe in rather than following a prescribed path,1,joy,Nararamdaman kong malaya akong bumuo ng kahulugan ng aking paniniwala kaysa sumunod sa itinakdang landas.
i range has always been giving you feel reluctant to select your spray for anyone who are to select and exposed variants,4,fear,Ang i-range ay palaging nagbibigay sa iyo ng pakiramdam na hindi ka sigurado sa pagpili ng iyong spray para sa sinuman na maaaring pumili at ma-expose sa iba't ibang bersyon.
i didnt feel that way with this we got to be with everyone on the dangerous path to freedom,3,anger,"Hindi ko naramdaman iyon sa ganitong paraan, dahil kasama natin ang lahat sa mapanganib na daan tungo sa kalayaan."
i feel shamed and insulted,0,sadness,Nararamdaman kong nahihiya at nasasaktan ang aking dangal.
i was really feeling crappy even after my awesome week of workouts,0,sadness,Talagang masama ang pakiramdam ko kahit matapos ang aking kahanga-hangang linggo ng pag-eehersisyo.
i feel a little dull,0,sadness,Nararamdaman kong medyo mapurol.
im feeling a bit weepy today,0,sadness,Nararamdaman kong medyo malungkot ako ngayon.
i checked out the lyrics i realized that this song was talking about getting high and dreaming it supposedly inspires creativity and makes you feel real good,1,joy,Tiningnan ko ang mga letra at napagtanto kong tungkol ito sa pagiging mataas at pangarapin; sinasabing ito ay nagbibigay inspirasyon sa pagkamalikhain at nagpaparamdam ng mabuti.
i feel determined to offer her all the possibilities that my parents gave me to explore and create my own path,1,joy,Nararamdaman kong determinado na ibigay sa kanya ang lahat ng mga pagkakataon na ibinigay ng aking mga magulang sa akin upang tuklasin at likhain ang aking sariling landas.
i love running because i feel strong and powerful and totally in control,1,joy,"Mahal ko tumakbo dahil nararamdaman kong malakas, makapangyarihan, at ganap na nasa kontrol."
i find interesting is how this supplement when used without going to the gym makes me feel liteheaded and listless and sick to the stomach but when i go to the gym and purpose to focus and pound it illicits the most incredible feeling of laser focused perserverence,0,sadness,"Ang nakakagulat sa akin ay kung paano ang suplemento, kapag ginamit nang walang pagpunta sa gym, ay nagpaparamdam sa akin ng pagkahilo, pagod, at pagsusuka, ngunit kapag pumupunta ako sa gym at nagpupursigi na tumutok at mag-ehersisyo, ito ay nagdudulot ng pinakamagandang pakiramdam ng matalas na konsentrasyon at matibay na pagtitiyaga."
i feel pretty fantastic,1,joy,Nararamdaman kong medyo kahanga-hanga.
i go fishing i really feel so carefree can i fish everyday,1,joy,"Pumupunta ako sa pangingisda, tunay na nakakaramdam ako ng kalayaan. Maaari kaya akong manghuli araw-araw?"
i feel incredibly sarcastic right now,3,anger,Napakasarkastik ko ng pakiramdam ngayon.
i feel a little discouraged here,0,sadness,Nararamdaman kong medyo nabigo dito.
i dunno how it feels to be completely happy the real world has taught me about struggle but what i m going thru is nothing close to struggle,1,joy,"Hindi ko alam kung paano ang pakiramdam na lubos na masaya, itinuro ng tunay na mundo ang tungkol sa paghihirap, ngunit ang pinagdadaanan ko ay malayo sa paghihirap."
im seeing on facebook right now make me feel proud and excited for their parents and them but also sad that the babies and little squirts they once were are now gone forever,1,joy,"Nakikita ko ngayon sa Facebook na nagpapasaya at nagpapasigla sa akin para sa kanilang mga magulang at sa kanila, ngunit nakakalungkot din na ang mga sanggol at maliit na bata na dati nilang anyo ay nawala na magpakailanman."
i do sometimes feel like im in this strange in between world,4,fear,"Minsan, parang nasa kakaibang gitnang mundo ako."
i am writing feeling appalled,3,anger,Sumusulat ako habang nababahala.
i do have good days and bad days but the bad days are awful resulting in constant trips to the bathroom a lot of pain bloat and discomfort lots of blood and just feeling completely exhausted and rundown,0,sadness,"Mayroon akong magagandang araw at masasamang araw, ngunit ang masasamang araw ay talagang nakakabastos, na nagreresulta sa paulit-ulit na pagpunta sa banyo, malaking sakit, pamamaga, at kakulangan sa ginhawa, maraming dugo, at pakiramdam na lubos na pagod at nababawasan ang lakas."
i feel so pained to see students on a school trip,0,sadness,Napakasakit sa puso kong makita ang mga estudyante sa isang field trip.
i feel defeated and low,0,sadness,Nararamdaman kong natatalo at nalulumbay.
im so tired i feel weepy,0,sadness,"Napakasakit ng pagod ko, parang gusto kong umiyak."
i duno i feel as if im doomed for ther rest of mi life,0,sadness,"Hindi ko alam, parang nabibilang ako sa kapahamakan sa natitirang bahagi ng buhay ko."
i feel like im being taken advantage of and on top of that i am really bothered by my boyfriends sloppy behaviors,3,anger,Nararamdaman kong inaabuso ako at lalo akong nababahala sa mga kalat-kalat na ugali ng boyfriend ko.
i feel that learning more about animals and the amazing things they can do just points to a wondrous creator,1,joy,Nararamdaman kong ang pag-aaral tungkol sa mga hayop at sa mga kamangha-manghang bagay na kaya nilang gawin ay nagpapahiwatig lamang ng isang dakilang lumikha.
i can spill my feelings to and tell every pathetic detail of my life,0,sadness,Maaari kong ilabas ang aking damdamin at ibahagi ang bawat nakakaawang detalye ng aking buhay.
i can feel them cool but seldom empty pale with,1,joy,"Nararamdaman ko silang malamig ngunit bihirang maubos, mapupula."
i refuse to feel guilty,0,sadness,Ayaw kong maramdaman ang pagkakasala.
i am feeling a little sorry for myself and worse for him,0,sadness,Nakaramdam ako ng kaunting awa sa sarili ko at higit pa sa kanya.
i was an outsider and i never felt part as i was new that made me feel disheartened,0,sadness,"Ako ay isang estranghero at hindi ko naramdaman na kabilang ako dahil ako ay bago, na nagpaparamdam sa akin ng pagkabigo."
i lost a very dear friend in the maschke family who now wants nothing to do with me because they feel that i am unsavory or mean or cruel,0,sadness,"Nawala ko ang isang mahal na kaibigan sa pamilya Maschke na ngayon ay ayaw nang makipag-ugnayan sa akin dahil sa kanilang paniniwala na ako ay hindi maganda, masama, o malupit."
i feel fine read the rest,1,joy,"Mabuti naman ako, basahin mo na ang natitira."
i do not feel that i could ever harm an innocent girl in such a way never have i imagined such dire consequences for not doing so,1,joy,"Hindi ko maramdaman na kaya kong saktan ang isang inosenteng babae nang ganun, hindi ko kailanman naisip ang ganitong malubhang bunga ng hindi paggawa nito."
i can t take medication because its triggering i have to be really at the point of i can t stand what i m feeling anymore just so i can get past that barrier but medicine has me afraid of vomiting,4,fear,"Hindi ako makakainom ng gamot dahil ito ay nagpapa-trigger sa akin. Kailangan akong maging tunay na nasa punto na hindi ko na kayang tiisin ang nararamdaman ko upang makalampas sa hadlang na iyon, ngunit ang gamot ay nagpapa-takot sa akin ng pagsusuka."
for the loss of a close friend or relative,0,sadness,para sa pagkawala ng isang malapit na kaibigan o kamag-anak
i am true to what i feel and have come to understand that i am not being faithful to the girl but rather to myself,2,love,Totoo ako sa aking nararamdaman at napagtanto kong hindi ako tapat sa babae kundi sa aking sarili.
i don t know what to do about it or how to do it almost feeling angry within myself that i can t do something tangible and pragmatic to help my sisters,3,anger,"Hindi ko alam kung ano ang gagawin o paano ito gagawin, halos magalit na ako sa aking sarili dahil hindi ko magawa ang isang kongkretong at praktikal na bagay upang matulungan ang aking mga kapatid."
i just remember spending hours trying to bump my score above the mark and feeling frustrated by the questions they were a mixture of professor generated and usmleasy ones,3,anger,"Naalala ko lang na naglaan ako ng maraming oras para itaas ang aking marka sa itaas ng kinakailangang marka at nadama ang pagkabigo dahil sa mga tanong, isang halo ng mga ginawa ng propesor at ng mga USMLEasy."
ive been feeling really energetic at night and honestly i needed this,1,joy,"Nararamdaman kong sobrang enerhiya ko sa gabi at totoo naman, kailangan ko ito."
i seem to see the five years after the chinese pavilion which is the content of the exhibition on immigration but to see the plateau province in this country is treated as one country so i feel very unhappy and i think this is a national tourist attraction they point then why not prudent,0,sadness,Parang nakikita ko ang limang taon matapos ang Tsino Pavilion na siyang nilalaman ng eksibisyon tungkol sa imigrasyon pero makita ang lalawigan ng Plateau sa bansa na ito ay ituring na isang bansa kaya nararamdaman kong hindi maganda at sa tingin ko ito ay isang pambansang tanawin kaya bakit hindi maingat.
i feel horrible most of the time,0,sadness,"Karamihan sa oras, nararamdaman kong masama."
ive gone for my k training or a swim then i feel energised and be productive like actually cleaning my room,1,joy,"Nag-eensayo ako ng k o nagsiswima, tapos nararamdaman kong puno ng enerhiya at produktibo, tulad ng paglilinis ng aking silid."
i feel irritated that he either interrupts my quiet time or wakes me up,3,anger,Naiirita ako dahil siya ay palagi akong pinipigilan sa aking tahimik na oras o ginigising.
i feel like its about supporting something that you believe in,2,love,Nararamdaman kong ito ay tungkol sa pagsuporta sa isang bagay na iyong pinaniniwalaan.
i feel smart and i want to show it off,1,joy,Nararamdaman kong matalino ako at gustong ipakita ito.
i feel quite nervous and scared too x scared cos ill be taking the plane back to singapore on my own cos i cant stay as long as my two other friends have planned t,4,fear,"Nararamdaman kong medyo kinakabahan at natatakot din ako, natatakot kasi mag-isa akong babalik sa Singapore sakay ng eroplano dahil hindi ako makakapagtagal gaya ng dalawang kaibigan kong plano."
i couldnt help but feel a little out of place in our casual attire,1,joy,Hindi ko mapigilan ang pakiramdam na medyo hindi nababagay sa aming kaswal na damit.
i simply can t help but feel dissatisfied after reading glancing through each,3,anger,Hindi ko mapigilan ang hindi makaramdam ng hindi pagsang-ayon matapos basahin at tingnan ang bawat isa.
i cant wait till the summer when we feel somewhat carefree once again,1,joy,"Hindi ko mapigilan ang aking paghihintay hanggang sa tag-araw, kung kailan tayo muli'y mararamdaman ang kaunting kalayaan."
i feel very passionate about this because of children reared within the evangelical church leave it before they are,1,joy,Napakabigat ng damdamin ko tungkol dito dahil ang mga bata na lumaki sa loob ng simbahang ebangheliko ay umalis bago pa sila maging...
i thought of that feeling of delicious isolation i feel when i am absorbed in a quest each revelation leading to questions then answers then more questions a cave came to mind at first lined with ancient and wisdom filled tomes a deep comfortable chair and large paper strewn table in the centre,1,joy,"Naisip ko ang pakiramdam ng masarap na pag-iisa na nararamdaman ko kapag lubos akong nakatuon sa isang paghahanap, bawat pagtuklas ay nagdudulot ng mga tanong, saka sagot, saka muli ang mga tanong. Una, isang yungib ang bumungad sa isip ko, na nakapaloob ng mga sinaunang aklat na puno ng karunungan, isang malalim at komportableng upuan, at isang malaking mesa na nakalatag ng papel sa gitna."
i feel as defeated as i did today i wonder if im doing this parenting thing all wrong,0,sadness,"Nararamdaman kong ganun kabigo gaya ng ngayon, nagtatanong ako kung mali ba ang ginagawa kong pagpapalaki ng anak."
i began to feel unimportant misunderstood the odd one out,0,sadness,"Nagsimula akong makaramdam na hindi mahalaga, hindi naiintindihan, at kakaiba."
i feel listless and completely unmotivated to do anything but i will bake some almond poppy seed bread and make a pot of chicken noodle soup in an effort to be less than useless today,0,sadness,"Nararamdaman kong walang gana at lubos na walang motibasyon na gawin kahit ano, pero magluluto ako ng tinapay na may almendras at poppy seeds at magluluto rin ng sabaw na manok at noodles upang hindi maging lubos na walang silbi ngayon."
i feared i would feel resentful of her or this process but i dont and i am so happy about that,3,anger,"Natatakot ako na magkakaroon ako ng sama ng loob sa kanya o sa prosesong ito, ngunit hindi ako nakaramdam nito, at sobrang saya ko dahil dito."
i feel any artist that puts forth a piece of work even ones i do not agree with should be respected even if it s just for the sake of them overcoming the shackles of our society s norms,1,joy,"Nararamdaman ko na dapat igalang ang anumang artista na naglalaan ng isang obra, kahit na ang mga hindi ko sang-ayon, dahil lamang sa kanilang pagtagumpay sa paglampas sa mga kadena ng mga pamantayan ng ating lipunan."
i even picked out beautiful pearly looking snaps and is soft and comfy feels like caring for myself,2,love,"Pumili pa nga ako ng magagandang kulay-perlas na medyas, malambot at komportable, parang pag-aalaga sa sarili ko."
i tend to lose feel for the water pretty quickly when im not in the water every other day and i felt this during the race,1,joy,"Madalas akong mawalan ng pakiramdam sa tubig kapag hindi ako naglalangoy araw-araw, at naramdaman ko ito noong labanan."
i feel calm with her,1,joy,Nakakaramdam ako ng katahimikan kasama niya.
i feel really pissed off justanswer,3,anger,Napaka-inis ko talaga sa JustAnswer.
i feel like it s a boy i would be pretty shocked if it was so somewhere in there my gut or my brain is saying girl,4,fear,"Parang lalaki ito, magugulat ako kung babae pala. May nararamdaman akong babae sa aking sikmura o utak."
i guess a similar viewpoint might be when we feel smug or better than someone else,1,joy,Siguro katulad nito ang pakiramdam kapag tayo ay nagmamalaki o nakakaramdam na mas mataas kaysa sa iba.
ive been feeling so jaded,0,sadness,Nararamdaman kong sobrang pagod na.
im actually feeling a little smug,1,joy,Talagang medyo mapagmataas ako ngayon.
id feel better later in the school year,1,joy,Magiging mas mabuti ako mamaya sa taong-paaralan.
i said feeling a little shaky as i stared at the ocean from which the goddess was rising not knowing why,4,fear,"Sinabi ko, habang nakatingin sa karagatan kung saan lumilitaw ang diyosa, na parang may kakaibang pakiramdam, hindi ko alam kung bakit."
i were saying that we were feeling overwhelmed with our life right now,4,fear,Sinasabi ko lang na nadarama naming lahat na sobra na ang bigat ng buhay ngayon.
i am feeling very inadequate about how to share my feelings and of how to write this blog post but i am going to give it a go and hope that it makes sense,0,sadness,"Nararamdaman kong lubhang kulang ako sa paraan ng pagbabahagi ng aking damdamin at kung paano isusulat ang blog post na ito, ngunit susubukan ko ito at sana ay maunawaan."
i already feel sleep deprived and short on time but if i really want to become a person that i can be proud of i need to start investing and stop paying the minimum amount on my credit card,0,sadness,"Nararamdaman ko na ang pagod dahil sa kakulangan ng tulog at kulang ang oras ko, ngunit kung talagang gustong maging isang tao na mapagmamalaki ako, kailangan kong magsimula nang mag-ipon at tumigil sa pagbabayad ng minimum na halaga sa aking credit card."
i told him it is because asians are very considerate so whenever a person is not feeling well they would have the common courtesy to wear a mask to reduce risk of spreading it to people around us,1,joy,"Sinabi ko sa kanya na dahil ang mga Asyano ay napakasensitibo kaya kapag may tao na hindi maganda ang pakiramdam, karaniwan nilang ginagawa ang mag-mask upang mabawasan ang panganib na mahawa ang mga tao sa paligid natin."
i feel completely agitated,3,anger,Nararamdaman kong lubos na nababahala.
i just remember feeling so much pain and being confused and scared and convinced that i could not do this,4,fear,"Naalala ko lang ang sobrang sakit at ang pagkalito, takot, at paniniwala na hindi ko kaya ito."
i am feeling like painting tonight and simply being creative,1,joy,Gusto kong magpinta ngayong gabi at basta maging malikhain.
i never feel like i have it perfect sometimes i lean a little too heavy on the work which means more chaos at home and sometimes i lean a little too heavy on the home which means i get a little lonely and cranky,1,joy,"Minsan hindi ko nararamdaman na perpekto ang lahat, minsan masyadong nakadepende ako sa trabaho kaya nagkakaroon ng kaguluhan sa bahay, at minsan naman masyadong nakatuon ako sa bahay kaya nagiging malungkot at maasim ako."
i feel resigned right now,0,sadness,Nararamdaman kong sumusuko na ako ngayon.
i feel somewhat relieved but disappointed that of the two qualified venue i had questioned neither bothered to make the observations we did,1,joy,Nararamdaman kong may pag-aalinlangan ngunit nabigo na wala sa dalawang kwalipikadong lugar ang nag-alok ng mga obserbasyon na ginawa natin.
i felt fine when we got there but after a short while i started feeling really funny,4,fear,"Masaya ako nang dumating kami ngunit pagkaraan ng ilang sandali, nagsimulang mag-iba ang pakiramdam ko."
i feel like a bit of a turd that my body instantly rejected the lemonade,0,sadness,Parang konti akong nababastos na agad tinanggihan ng katawan ko ang limonada.
i find myself feeling surprised and totally unworthy whenever i see her face,4,fear,Nakakagulat at lubos akong hindi karapat-dapat kapag nakikita ko ang kanyang mukha.
i feel when you dont talk to me my friend so loyal and free i dont want it to stay like this i want to have that bliss,2,love,"Nararamdaman ko kapag hindi ka nagsasalita sa akin, kaibigan kong matapat at malaya, ayaw kong manatili ito, gusto kong maibalik ang kagalakan."
i just want to warn you that im feeling rather delicate at the moment so dont expect too much from me,2,love,Gusto ko lang ipaalam na medyo mahina ako ngayon kaya huwag mag-asahan ng masyado sa akin.
i will be thinking of each one of you i will be happy toast and feel my sincere huge magical group hug link rel stylesheet type text css href http jdelivery,1,joy,"Iniisip kita bawat isa, masaya akong mag-toast at maramdaman ang aking tunay na malaking mahiwagang yakap ng grupo."
i realised how sick i was of working and feeling and being alone,0,sadness,"Napagtanto ko kung gaano na ako nabibingi sa pagtatrabaho, pagdamdam, at pagiging nag-iisa."
i thinks this chiefs ccw should be yanked by the state as i feel threatened,4,fear,Iniisip ko dapat tanggalin ng estado ang CCW na ito ng mga chiefs dahil nararamdaman kong nanganganib.
i start to feel ugly unloved poor and unhappy,0,sadness,"Nagsisimula akong maramdaman na pangit, hindi minamahal, mahirap, at malungkot."
i feel about my mommy amp me friends our friendships grew so naturally the strength of them surprised me,4,fear,"Nararamdaman ko na ang aming pagkakaibigan ng mommy ko at mga kaibigan ko ay lumaki nang natural, at ang lakas nila ay nagulat sa akin."
i have always wanted ice cream when i feel lousy,0,sadness,Gusto ko lagi ng ice cream kapag masama ang pakiramdam ko.
i feel that i have gotten to know the students pretty well and i talk to the parents if they drop their students off for the day,1,joy,Nararamdaman kong nakilala ko na ang mga estudyante nang mabuti at nakikipag-usap ako sa mga magulang kung ihahatid nila ang kanilang mga anak sa paaralan sa araw na iyon.
i am feeling quite overwhelmed,4,fear,Nararamdaman kong medyo napapagod na.
i can feel the strokes getting harder and faster as i try in vain to find that release,0,sadness,Nararamdaman kong lalong tumitindi at nagiging mabilis ang mga hampas habang ako'y nagsisikap nang walang kabuluhan na mahanap ang aking kalayaan.
i am looking forward to getting baptized maybe but not until i feel devoted and broken in front of the lord,2,love,"Naghihintay ako ng pagbabautismo marahil, ngunit hindi hanggang sa makaramdam ako ng pag-aalay at pagkapahamak sa harapan ng Panginoon."
ill be whingeing about how much i ache but at least i can feel slightly virtuous about it too,1,joy,"Magrereklamo ako kung gaano ako nasasaktan pero kahit papaano, mararamdaman ko rin ang kaunting kabutihan dito."
i can begin to process the emotions i am also feeling from a pregnancy which would have been welcomed if it had been under different physical conditions but these thoughts are for my next blog,1,joy,"Maaari kong simulan ang pagproseso ng mga emosyon na nararamdaman ko mula sa isang pagbubuntis na sana'y tinanggap kung nasa iba't ibang pisikal na kalagayan ako, ngunit ang mga iniisip na ito ay para sa susunod kong blog."
i feel relaxed at airports are the times the do occasionally occur when i have no luggage especially exceptional luggage,1,joy,"Nakakarelaks sa akin ang mga oras sa paliparan, lalo na kapag wala akong bagahe, lalo na kung kakaunti o walang espesyal na bagahe."
i don t feel superior to people who have made different choices or threatened by them,1,joy,Hindi ako nakakaramdam ng pagiging mas mataas sa mga taong gumawa ng iba't ibang pagpipilian o natatakot sa kanila.
i feel i am not that sociable enough thus for friends wise i guess i do not miss most of them,1,joy,"Nararamdaman kong hindi ako gaanong mapag-social kaya siguro sa mga kaibigan, hindi ko gaanong nami-miss ang karamihan sa kanila."
i have a feeling i may be popular with the lady folk,1,joy,May pakiramdam akong maaaring magustuhan ako ng mga babae.
i have no idea why am i feeling so aching when i am just thinking about it and the day have not come yet,0,sadness,Hindi ko alam kung bakit ako sobrang nasasaktan kahit na iniisip ko lang ito at hindi pa dumating ang araw.
i feel that im in your heart and you know im worry and caring about you wherever you go unless im following you beside p i really like it when baby text me in sometime that i never thought u will,2,love,"Nararamdaman kong nasa puso mo ako at alam mong nag-aalala at nagmamahal ako sa iyo saanman ka pumunta hangga't hindi ako sumusunod sa tabi mo, pero talagang gusto kong tumanggap ng mensahe mula sa iyo kahit minsan na hindi ko akalaing mangyayari iyon."
i will feel triumphant,1,joy,Magiging matagumpay ang aking pakiramdam.
i feel like your child is worthless even though they passed the assessments better than anyone who applied with a college education,0,sadness,Parang walang halaga ang anak mo kahit na nakapasa siya sa mga pagsusulit nang mas mahusay kaysa sa mga nag-apply na may kolehiyo.
i care very little about impressing people unless its a person who i feel deserves being impressed,4,fear,Hindi ako gaanong nag-aalala sa pagpapakita ng maganda sa mga tao maliban kung siya ay isang taong nararapat na mapabilib.
i have a large parcel of time or am feeling reluctant to write i set our kitchen timer for minutes and write until the bell rings,4,fear,"Kapag malawak ang aking oras o nahihirapan akong magsulat, itinatatakbo ko ang timer sa kusina namin ng ilang minuto at sumusulat hanggang tumunog ang kampana."
i looked around and once again was disappointed that so little had shown up this evening but apparently this was my day to feel selfish,3,anger,Tumingin ako sa paligid at muli akong nabigo na kakaunti lamang ang dumating ngayong gabi ngunit tila ito ang araw ko para maramdaman ang pagiging makasarili.
i feel like i am doomed for the rest of my life,0,sadness,Parang nabibilang ako sa kapahamakan sa natitirang buhay ko.
i feel if you re learning about your purpose and the workings of this universe and continue to evolve and transcend you will be productive and such along the journey,1,joy,"Kung patuloy kang natututo tungkol sa iyong layunin at kung paano gumagana ang sansinukob at patuloy na umuunlad at lumalampas, magiging produktibo ka at marami pang matututunan sa iyong paglalakbay."
i have been so busy i feel like i have free time at home,1,joy,Napakasigla ko kaya parang may libreng oras ako sa bahay.
i am made to feel useless,0,sadness,Nararamdaman kong walang silbi.
i feel to you or dad because dad is pissed about the dishes and will in turn belittle the way i feel to simply me being a spoiled little bitch who doesn t do jack around the house,3,anger,"Nararamdaman ko ang galit mo o tatay dahil galit ka sa mga pinggan at sa huli ay pababayaan ang nararamdaman ko, na parang ako'y isang maarte at walang ginagawa sa bahay na anak."
i like to do it makes me feel very out of control and since i went through a stage of not caring about my diabetes and not checking my levels i don t really want to feel like that again,2,love,"Gustung-gusto kong gawin iyon dahil parang nawawala ako sa kontrol at dahil naranasan ko ang yugto na hindi ako nag-aalala sa aking diabetes at hindi ko tinitingnan ang aking mga antas, ayaw kong maramdaman iyon muli."
i feel unhappy it is no help for me that other persons say that i am happy how much truth there may be in it,0,sadness,"Nararamdaman kong malungkot, hindi naman ako nabibigyan ng tulong na ang iba ay nagsasabi na masaya ako kahit gaano man katotoo iyon."
i feel so numb that i wonder whether im still human,0,sadness,Nararamdaman kong napakalamig ng aking damdamin na nagtatanong ako kung ako pa rin ba ay tao.
i feel like someone s strange uncle trying to break the ice at a party by showing this amazing talent thinking that guests will be impressed but in turn just made everything a hundred times more awkward,4,fear,"Parang estranghong tiyuhin na sinusubukang magpakilala sa isang partido sa pamamagitan ng pagpapakita ng kakaibang talento, akala niya mapapabilib ang mga bisita pero sa halip, lalong nagpakita ng kahihiyan."
i feel like it s going to be something shockingly amazing,1,joy,Parang magiging sobrang kamangha-manghang nakakagulat ito.
i read her novels to make me feel relaxed,1,joy,Binabasa ko ang kanyang mga nobela upang makaramdam ng pagpapahinga.
i feel like shes just so distracted but when it comes to my year old brother she waits on him hand and foot,3,anger,"Parang palagi siyang abala, pero kapag tungkol sa isang taong gulang kong kapatid, inaalagaan niya siya nang husto."
i feel reluctant to share because my experiences feel incomplete especially now that my ideas are making a shift,4,fear,"Hindi ako komportable magbahagi dahil ang aking karanasan ay parang hindi pa kumpleto, lalo na ngayon na nagbabago ang aking mga ideya."
i feel totally exhausted and over tired,0,sadness,Napapagod na ako nang husto at sobra ang pagod ko.
i want to stop feeling so worthless,0,sadness,Gusto kong huminto sa pagpikit ng ganito kahinaan.
i hope that by telling them ill find out more about who i am how i got to this place in time and not feel so lost and alone,0,sadness,"Sana sa pamamagitan ng pagkukuwento nila, malalaman ko pa tungkol sa aking sarili, kung paano ako napunta sa puntong ito sa kasalukuyan, at hindi na maramdaman ang pagkaligaw at pag-iisa."
i feel a bit more loving energy inside connecting with you,2,love,Nararamdaman kong may kaunting mas mainit na enerhiya ng pagmamahal sa loob ko habang nakikipag-ugnayan sa iyo.
im feeling a little bit melancholy tonight,0,sadness,Medyo malungkot ako ngayong gabi.
i feel like it must be a popular choice to have alterations done elsewhere,1,joy,Parang sikat na sikat ang pagpapagawa ng mga pagbabago sa ibang lugar.
im feeling really shaken up today my stomach hurts ibleeditout i ran into some friends and kodi has been a complete brat,4,fear,"Napaka-gulo ng pakiramdam ko ngayon, masakit ang tiyan ko, umiiyak ako dahil nakasalubong ko ang mga kaibigan at sobrang pasaway ni Kodi."
i feel for the natives who welcomed me and others with open arms and hearts back then and wonder how they cope,1,joy,"Nakaramdam ako ng awa para sa mga katutubo na tumanggap sa akin at sa iba nang bukas ang mga bisig at puso noon, at nagtatanong kung paano sila nakakaya."
i feel as if she isnt faithful but i dont have a reason to should approach her or just wait until i have a reason to approach her,1,joy,Nararamdaman kong hindi siya tapat ngunit wala akong dahilan upang lapitan siya o maghintay hanggang may dahilan akong lapitan siya.
i feel so horrible that you had to go through all that just because you grew up a little earlier than your friends,0,sadness,Napakasakit isipin na pinagdaanan mo lahat ng iyon dahil lang sa mas maaga kang lumaki kaysa sa iyong mga kaibigan.
i feel so useless to her because the help i want to give her is the kind she doesnt believe in and doesnt want,0,sadness,Nararamdaman kong wala akong silbi sa kanya dahil ang tulong na gusto kong ibigay ay hindi niya pinaniniwalaan at ayaw.
i feel so jakun that amused me for whole minutes,1,joy,"Napakasaya ko, na halos ako'y natawa nang ilang minuto."
i am feeling less than glam at the moment to be reminded of our lovely nuptials last summer,2,love,"Mas hindi ako maganda ngayon, naaalala ko ang magandang kasal natin noong nakaraang tag-araw."
i feel in my heart and how much im hurt,0,sadness,Nararamdaman ko sa aking puso at gaano ako nasasaktan.
i feel like life is too good to be true,1,joy,Parang masyadong maganda ang buhay para maging totoo.
i would take days that i would feel low tuck them away and ignore it rather than sitting in it like i had learned to do in the past to get through these moments,0,sadness,Pipiliin kong itago ang mga araw na nararamdaman kong mababa at balewalain ito kaysa umupo at harapin ito gaya ng aking natutunan noon upang makalusot sa mga sandaling ito.
i hate struggling to enjoy life but at the same time i feel guilty when i do,0,sadness,Ayaw kong maghirap para lang ma-enjoy ang buhay pero nararamdaman ko rin ang kasalanan kapag nagagawa ko.
i used feel frustrated all the time,3,anger,Lagi akong nakakaramdam ng pagkabigo noon.
i knew i needed to get over there but had been dragging my feet a combo of feeling intimidated by the language barrier and the kids nap schedules,4,fear,"Alam kong kailangan kong pumunta doon ngunit nag-aalinlangan ako, dahil sa takot sa hadlang ng wika at sa mga iskedyul ng tulog ng mga bata."
i was feeling beaten up by life yesterday you see i am in love with a schizofrenic man who i had to kick out of my house for having boisterous fights with himself,0,sadness,"Nararamdaman ko kagabi na parang binabagsak ako ng buhay, nakikita mo, dahil mahal ko ang isang lalaking may schizophrenia na kinailangan kong palayasin sa bahay dahil sa malalakas na away niya sa sarili niya."
i was feeling very overwhelmed about what i was going to do about removing things from the house i am selling in maryland,4,fear,Napakasobra ng aking nararamdaman tungkol sa kung ano ang gagawin ko para tanggalin ang mga gamit sa bahay na ibebenta ko sa Maryland.
i began to feel less anxious,4,fear,Nagsimulang mawala ang aking pag-aalala.
i feel some super shifting some super circles,1,joy,"Nararamdaman ko ang ilang malaking pagbabago, ilang malalaking bilog."
i started feeling reluctant to go because i wanted to spend some time with my family before i left,4,fear,Nagsimulang akong mag-atubiling pumunta dahil gustung-gusto kong maglaan ng oras kasama ang aking pamilya bago ako umalis.
i feel so unimportant which im probably am,0,sadness,"Nararamdaman kong napakaliit at hindi mahalaga, at marahil totoo iyon."
i need to remember something feel like it and not be distracted simultaneously before it happens,3,anger,"Kailangan kong matandaan ang isang bagay, parang nararamdaman ko ito at hindi mapagdistract habang nangyayari ito."
i feel that we are often at the forefront of what soon becomes popular,1,joy,Nararamdaman ko na kadalasan tayo ay nasa unahan ng mga bagay na magiging sikat.
im still feeling quite lively,1,joy,Parang masaya pa rin ako.
i quite like to do it standing on public transport or busy places when you often feel your space being invaded which can make you feel stressed,0,sadness,"Gustung-gusto kong gawin ito habang nakatayo sa pampublikong sasakyan o mga maingay na lugar, lalo na kapag nararamdaman mong nilalabag ang iyong espasyo, na maaaring magdulot ng stress."
i could feel safe enough doing so,1,joy,Maaari akong magkaroon ng sapat na pakiramdam na ligtas sa paggawa nito.
i wake up feeling triumphant,1,joy,Gumising ako na parang nanalo.
i feel very apprehensive,4,fear,Napakabigat ng aking pag-aalala.
i feel is hostile kinship or mounting nausea did you know that back means the binding itself,3,anger,"Nararamdaman ko ay kaaway na kamag-anak o tumataas na pagsusuka, alam mo ba na likod ay tumutukoy sa pagbubuklod mismo."
i feel like im being punished if i have to sit facing the wall,0,sadness,Parang pinarusahan ako kapag kailangan kong umupo harap sa dingding.
i feel grouchy now the football fans have woken me up from the customary sunday siesta,3,anger,Naiinis na ako ngayon dahil gising na ako dahil sa mga tagahanga ng football mula sa aking karaniwang pagtulog tuwing Linggo.
i feel blessed to see darn good talent right here,2,love,Masaya akong makita ang tunay na husay dito mismo.
i am starting to feel a bit disheartened with my progress on my physical tbr there are still boxes of books next to my bed and they are not going away as fast as i want them to,0,sadness,Nagsisimula akong mawalan ng gana sa aking pag-unlad sa aking pisikal na TBR; may mga kahon pa rin ng mga libro malapit sa aking kama at hindi sila nawawala nang kasingbilis ng gusto ko.
im not always able capture the essence of the way i see the world in writing i feel that my weird way of thinking has been generally consistent throughout my short years,4,fear,Hindi ako laging nakakakuha ng tunay na kahulugan ng aking pananaw sa mundo sa pamamagitan ng pagsulat; nararamdaman kong ang aking kakaibang paraan ng pag-iisip ay nananatiling pareho sa aking maikling buhay.
i feel so uptight around my family,4,fear,Napaka-tense ko kapag kasama ko ang aking pamilya.
ive been feeling very intimidated and overwhelmed by the workload this semester and so ive just been avoiding doing what i need to,4,fear,Nararamdaman kong napakabigat at nakakatakot ang pasanin ng mga gawain ngayong semestre kaya't iniwasan ko lang gawin ang mga dapat kong gawin.
i have noticed improvement is in the gabapentin and last nights dose of zonisamide which left me feeling very relaxed,1,joy,Napansin kong may pagpapabuti sa gabapentin at sa dosis ng zonisamide kagabi na nagpakalma sa akin nang husto.
i feel especially passionate about,2,love,Lalong mainit ang aking damdamin tungkol sa
i am worried that you might feel pressured or obligated that wasnt my intention and i am sensitive to your situation,4,fear,"Nakakabahala ako na baka makaramdam ka ng presyur o obligasyon, hindi iyon ang aking intensyon at sensitibo ako sa iyong kalagayan."
i just feel too stubborn to give up on a dream,3,anger,Parang ayaw ko lang sumuko sa pangarap ko dahil masyadong matigas ang ulo ko.
i started to feel super emotional all the time which was so strange,1,joy,"Lagi akong nadaramaang sobrang emosyonal, na kakaiba talaga."
i feel the need to be distracted,3,anger,Nararamdaman kong kailangan kong maaliw.
im supposed to stay in the lively room but as an explorer i feel that the lively room simply does not have enuff to offer me and have decided to move on to the stairs bedrooms and baffroom,1,joy,"Dapat sana ay manatili ako sa silid na puno ng buhay, ngunit bilang isang manlalakbay, nararamdaman kong kulang ang silid na puno ng buhay para sa akin at nagpasya akong lumipat sa mga silid-tulugan sa hagdanan at banyo."
ive been at home for almost a week now from the hospital though and i feel the need to divulge info to devoted readers who have felt starved for my stylings,2,love,Nasa bahay na ako halos isang linggo mula sa ospital at nararamdaman kong kailangan kong ibahagi ang impormasyon sa mga tapat na mambabasa na nagugutom sa aking istilo.
i woke up at around am or am the next day crunched at the bed because i was feeling a terrible headache so painful i was awaken from my sleep,0,sadness,"Gumising ako mga alas-singko o alas-seis ng umaga ng susunod na araw, nakakurba sa kama dahil sa sobrang sakit ng ulo, napaka-sakit kaya ako nagising sa aking pagtulog."
i feel amused and kind of tired still in the morning i,1,joy,Nakakatuwa at medyo pagod pa rin ako ng umaga.
i don t understand why musicians sometimes feel inhibited,4,fear,Hindi ko maintindihan kung bakit minsan nadarama ng mga musikero ang pagiging limitado.
i feel shy of my broken english,4,fear,Nahihiya ako sa aking sira-sirang Ingles.
i forgot to take it yesterday so this morning i took two i feel super sick now,1,joy,"Nakalimutan kong kunin ito kahapon kaya ngayong umaga, kinuha ko ang dalawa. Ngayon, sobrang hindi ako maganda."
i really loved the day which made me feel such gratitude that we were having such a wonderful day which made me feel very happy,1,joy,Tunay kong minahal ang araw na iyon na nagbigay sa akin ng napakalaking pasasalamat dahil sa kahanga-hangang araw na iyon na nagpapasaya sa akin nang lubusan.
i feel so regretful not going but,0,sadness,Napakasakit isipin na hindi ako nakapunta.
i would feel the speech is successful if its very uplifting and gives props to the graduating class,1,joy,Magiging matagumpay ang talumpati kung ito ay lubhang nakakagalak at nagbibigay ng papuri sa nagtatapos na klase.
i feel super glued to my bed,1,joy,Parang nakakabit ako sa kama.
i have a bunch of ideas but at the same time i feel intimidated because i am just a freshman and apparently know nothing about anything,4,fear,"Mayroon akong maraming ideya ngunit sa parehong oras, natatakot akong harapin ito dahil ako'y isang freshman lamang at tila wala akong alam tungkol sa kahit ano."
i feel irritated and helpless,3,anger,Nararamdaman kong nainis at walang magawa.
i walked away from them feeling discouraged about how technology seems to have replaced relationships in so many ways lately and what did i do,0,sadness,"Umalis ako sa kanila, nadama kong nabigo dahil sa tila pagpapalit ng teknolohiya sa mga relasyon sa maraming paraan ngayon at ano ang aking ginawa?"
i could feel this way but i honestly believe that he was and is a very violent and dangerous man,3,anger,"Maaari akong maramdaman ito, ngunit tapat akong naniniwala na siya ay isang napaka-mapanganib at marahas na lalaki noon at ngayon."
i am feeling a bit unsure about some of these im going to give it a try anyway,4,fear,"Hindi ako sigurado tungkol sa ilan sa mga ito, pero susubukan ko pa rin."
i was feeling productive,1,joy,Nararamdaman kong produktibo.
i mean think about how that would feel that would be stupid embarrassing,0,sadness,"Ibig sabihin, isipin mo kung paano iyon mararamdaman, magiging bobo at nakakahiya iyon."
im excited and i feel like this is a project that i can be passionate about and totally immerse myself in,2,love,Masaya ako at parang ito ay isang proyekto na kaya kong pag-isipan nang may damdamin at lubos na mailagay ang aking sarili.
i experienced that feeling that people get when they are charmed or attracted to someone and that time was enough and a blessing in itself for me,1,joy,"Nadama ko ang pakiramdam na nararamdaman ng mga tao kapag sila ay nabighani o naaakit sa isang tao, at noon ay sapat na at isang biyaya sa aking sarili."
ive definitely been feeling low this past week because ive been sick ever since bfd but im determined to get my health back,0,sadness,"Talagang nararamdaman ko ang pagbaba ng aking kalooban ngayong linggo dahil may sakit ako mula nang BFD, ngunit determinado akong maibalik ang aking kalusugan."
i cant seem to command it a feeling im sure anyone can relate to,1,joy,"Hindi ko maibibigay ang nararamdaman, isang bagay na sigurado akong mararamdaman din ng kahit sino."
im strictly on coke and jo still feeling a tad delicate after last nights bucket of doom anaesthetic,2,love,"Ako ay mahigpit na nakadepende sa coke at si Jo ay nararamdaman pa rin ang kaunting kahinaan matapos ang ""bucket of doom"" na anestetik noong kagabi."
i walked away feeling a little dismayed but ive got a mission to carry out now,0,sadness,"Umalis ako na medyo nalulungkot, ngunit may misyon akong kailangang gawin ngayon."
i am feeling terrific at the moment,1,joy,Masaya ako ngayon.
i feel i must apologise as i was a little giggly tonight and received a raised eyebrow from a sensible member of the youth orchestra,1,joy,Nararamdaman kong kailangan kong humingi ng paumanhin dahil medyo kiliti ako kanina at natanggap ko ang isang kilay na itinaas mula sa isang makatwirang miyembro ng kabataang orkestra.
im feeling more stressed,0,sadness,Mas stressed ako ngayon.
i feel so hated and useless sometimes i even ask myself why havent i killed myself yet,3,anger,"Minsan, nararamdaman kong sobrang kinamumuhian at walang silbi, kaya minsan nagtatanong ako sa sarili ko kung bakit hindi ko pa nagawa ang pagpapakamatay."
i want to feel affectionate,2,love,Gusto kong maramdaman ang pagmamahal.
i am feeling a little adventurous so i will try to see if we can spook our pretty lady,1,joy,Nararamdaman kong medyo mahilig sa pakikipagsapalaran kaya susubukan kong tingnan kung kaya nating takutin ang ating magandang dalaga.
when they changed my office to another room without my agreement,3,anger,Nang ilipat ang aking opisina sa ibang silid nang walang aking pahintulot.
i feel sorry for the rest of us in second life who understand that without more support for first time users our world will continue on its slow death spiral,0,sadness,"Nakakaawa kami sa natitirang mga tao sa Second Life na nauunawaan na kung walang dagdag na suporta para sa mga bagong gumagamit, patuloy ang ating mundo sa mabagal ngunit tiyak na pagbagsak."
i do feel amused by all the different debates going on but on the other hand i felt that theres something missing,1,joy,"Nakakatuwa nga akong panoorin ang iba't ibang talakayan ngunit sa kabilang banda, nararamdaman kong may kulang."
i really think each and every person can begin to sympathise with bernards character on which ever level this might be just because its part of being human to experience self doubt and feel worthless and ultimately unnecessary without purpose,0,sadness,"Tunay kong paniniwala na bawat tao ay maaaring magsimulang magpakita ng empatiya sa karakter ni Bernard sa anumang antas man ito, dahil bahagi ito ng pagiging tao na maranasan ang pag-aalinlangan sa sarili, pakiramdam na walang halaga, at sa huli, hindi kinakailangan nang walang layunin."
i feel honored that you accept my invitation,1,joy,Nararamdaman kong iginagalang na tinanggap mo ang aking imbitasyon.
i feel like i am in ludicrous speed,0,sadness,Parang nasa ludicrous speed ako.
i often feel the need to defend just about anything even in casual conversation like blue s from the color code are usually christmas fanatics and i jump in and,1,joy,"Madalas akong makaramdam ng pangangailangan na ipagtanggol halos anumang bagay kahit sa simpleng usapan, gaya ng kung ang mga kulay asul ay karaniwang mga mahilig sa Pasko ayon sa code ng kulay, at ako'y sasali at"
i forgot to feel sentimental about my line being pulled,0,sadness,Nakalimutan kong makaramdam ng malungkot dahil sa paghila ng aking linya.
i love sunshine havent had much but the feeling of it on my shoulders as i walk around the yard is amazing,4,fear,"Mahal ko ang sikat ng araw, hindi ko naranasan nang marami, pero ang pakiramdam nito sa aking balikat habang naglalakad sa bakuran ay kahanga-hanga."
i prayed for love for the people that i was feeling bitter towards and that they would find what was best for them,3,anger,Nanalangin ako ng pag-ibig para sa mga taong aking kinikimkim ang sama ng loob at na sana ay mahanap nila ang pinakamabuti para sa kanila.
i feel so pretty and glamorous,1,joy,Nararamdaman kong sobrang ganda at glamoroso.
i asked feeling smug,1,joy,"Nagtanong ako, parang mayabang."
ive ever worked on and i feel very privileged to work with such an amazing team,1,joy,Ito ang pinakamahusay na proyekto na aking nakatrabaho at nararamdaman kong lubos na pinagpala na makasama ang isang kahanga-hangang koponan.
i feel i am beyond pissed off disappointed frustrated with myself,3,anger,"Napakasaya ko, sobrang disappointed, frustrated, at galit sa sarili ko."
i feel left alone,0,sadness,Nararamdaman kong iniwan ako.
i ain t shot a bitch since this morning so i m feelin a little gun horny,2,love,Hindi ako nagpaputok ng baril mula kaninang umaga kaya medyo nasusunog na ang aking pagnanais gamitin ito.
i feel lonely i remember my moms saying,0,sadness,"Nararamdaman kong nag-iisa ako, naaalala ko ang sinasabi ng aking ina."
i didnt cry but i was starting to feel neurotic so my sister who was amazingly chill that morning brought me an ativan,4,fear,Hindi ako umiyak pero nagsisimula nang makaramdam ng nerbiyos kaya ang kapatid kong sobrang kalmado noong umaga ay nagdala sa akin ng ativan.
i can t make myself feel joyful but i can focus on the positive,1,joy,Hindi ko magawa ang sarili kong maramdaman ang kagalakan ngunit kaya kong tumutok sa mga positibo.
i do feel a little needy,0,sadness,Nararamdaman ko medyo nangangailangan.
i feel as the author is very passionate about his poem because when he wrote his poem he wrote from his feeling and history,1,joy,Nararamdaman kong lubos na may pagmamahal ang may-akda sa kanyang tula dahil isinulat niya ito mula sa kanyang damdamin at kasaysayan.
i instead feel restless,4,fear,Mas gusto kong makaramdam ng hindi pagkapanatag.
i also feel proud of her,1,joy,Ako rin ay nagmamalaki sa kanya.
i suppose thats wonderful because it means that they can learn so much so quickly and also make me feel like an idiot much the way i did to my parents when they couldnt figure out how to leave an outgoing message on the answering machine,1,joy,"Siguro maganda iyon dahil ibig sabihin, mabilis silang matututo at mapapahiya rin ako gaya ng nangyari sa aking mga magulang noong hindi nila alam kung paano mag-iwan ng mensahe sa answering machine."
i asked feeling slightly wimpy,4,fear,"Nagtanong ako, medyo nahihiya."
i had for me to confess my feelings for her but still i couldnt bring myself to her for i was scared of losing her once more,4,fear,Kailangan kong aminin ang aking nararamdaman para sa kanya ngunit hindi ko pa rin magawa dahil natatakot akong mawala siya muli.
i know its the lot of the dumpee to feel slighted jealous unable to move on depressed angry and a whole bunch of other negative emotions that stem from the whole rejection and sometimes replacement involved in the break up process,3,anger,"Alam kong karaniwan para sa taong iniwan na maramdaman ang pagkainsulto, selos, kawalan ng kakayahang bumitaw, depresyon, galit, at maraming iba pang negatibong emosyon na nagmumula sa buong proseso ng pagtanggi at minsan ang pagpapalit na kasangkot sa paghihiwalay."
i feel lonely so unbearably crushingly lonely you are not the only one a href http creativeliar,0,sadness,"Nararamdaman ko ang pag-iisa, sobrang lakas at nakakapighati, hindi ka nag-iisa."
i feel about putting on brave faces fuck that let s get real,1,joy,"Nararamdaman ko, ang pagpanggap na matapang, p*** iyan, magiging tapat na tayo."
i was thinking about how you all were watching general conference and i was feeling a bit jealous,3,anger,Iniisip ko kung paano kayong lahat nanonood ng General Conference at medyo nasasaktan ako ng kaunting inggit.
i know and i feel that its time to wake up to be brave to change my perspective,1,joy,"Alam ko at nararamdaman kong oras na upang magising, maging matapang, at baguhin ang aking pananaw."
i shall have to stay feeling neglectful of all things art related,0,sadness,Kailangan kong manatili na parang hindi ko pinapansin ang lahat ng bagay na may kinalaman sa sining.
i also find that during those times when i feel victimized by his loss i dont feel him near me at all,0,sadness,"Nakakaramdam din ako na kapag nararamdaman kong biktima ng kanyang pagkawala, hindi ko siya nararamdaman malapit sa akin."
i feel like everything i do i will make a mistake and i will be punished,0,sadness,Parang lahat ng ginagawa ko ay magkakamali at parurusahan ako.
i mean i already did of course but i feel more glamourous naked now,1,joy,"Ibig sabihin, ginawa ko na nga siyempre pero mas nakakaramdam ako ng glamoroso nang hubad ngayon."
i feel decently intelligent,1,joy,Nararamdaman kong katamtaman ang aking katalinuhan.
i dont want to pretend i am someone and i am not because i dont feel comfortable,1,joy,Ayaw kong magpanggap na ako'y isang tao na hindi ako dahil hindi ako komportable.
i cherished and enjoyed i didn t have many friends in college and she was my first real friend that made me feel like i was accepted,2,love,Iniingatan ko at tinatamasa ko siya dahil hindi ako maraming kaibigan sa kolehiyo at siya ang aking unang tunay na kaibigan na nagpaparamdam sa akin na tinatanggap ako.
i want to be positive in the morning i will need to convince my subconscious into believing i am feeling terrific,1,joy,"Gusto kong maging positibo sa umaga, kailangan kong hikayatin ang aking di- malay na paniwalaan na nararamdaman kong kahanga-hanga."
i feel helpless at the same time wherein practically no other option than to just sit and watch the drama,4,fear,Nararamdaman kong walang magawa habang halos wala nang ibang pagpipilian kundi manatili at panoorin ang drama.
i kind of struggled with it though and didnt feel like it was super powerful,1,joy,"Nahirapan ako rito, at hindi ko naramdaman na sobrang makapangyarihan ito."
i woke up this morning feeling like the unfortunate drain cover that a href http www,0,sadness,Gumising ako kaninang umaga na parang ang malas na takip ng kanal na a href http www.
i just havent been taking much action in my life rather leaving it at status quo probably not a good idea but i feel that things exist at such a delicate balance that i am afraid if i lunge for what i want the whole thing will crumble and i will be worse off than before,2,love,"Hindi ko lang talaga ginagawa ang mga hakbang sa buhay ko, mas pinipili kong manatili sa kasalukuyang kalagayan, marahil hindi maganda ang ideya ngunit nararamdaman kong ang mga bagay ay nasa napaka-delikadong balanse kaya natatakot akong kung aagawan ko ang gusto ko, maaaring bumagsak ang lahat at magiging mas masahol pa ako kaysa dati."
i finally realized that all i needed was to be and feel useful and blogging allowed me to do that,1,joy,"Sa wakas, napagtanto ko na ang kailangan ko lang ay maging at maramdaman ang kapaki-pakinabang, at ang pagsusulat ng blog ay nagbibigay-daan sa akin na gawin iyon."
i go on these walks with my mother in the evenings i feel this frantic anxious energy from her as if shes losing her daughter and doesnt know how to win her back,4,fear,"Naglalakad kami ng aking ina sa gabi, nararamdaman ko ang kanyang mabilis at nag-aalalang enerhiya parang nawawala ang kanyang anak at hindi alam kung paano siya mababalik."
i should feel awful about the nonexistence of gods,0,sadness,Dapat akong maramdaman ang pagsisisi dahil sa kawalan ng mga diyos.
i have been sneakily listen to x mas music since the beginning of october but now i feel as if it is a little more socially acceptable to prance around while eartha kitt s version of santa baby blares from my ipod,1,joy,"Nagtatago akong nakikinig ng Christmas music simula pa noong Oktubre pero ngayon parang mas tanggap na sa lipunan na sumayaw habang tumutugtog ang bersyon ni Eartha Kitt ng ""Santa Baby"" sa aking iPod."
i miss them like crazy every time i think about them i feel a sense of melancholy a fervent yearning to see them to be by their side to know how they are doing,0,sadness,"Napaka-miss ko sila, parang baliw na. Tuwing naaalala ko sila, nararamdaman ko ang kalungkutan, isang matinding pagnanasa na makita sila, makasama sila, at malaman kung ano ang kanilang kalagayan."
i feel a little overwhelmed,4,fear,Nararamdaman kong medyo nababalot.
i feel that were like sweet couple,2,love,Nararamdaman kong parang magandang magkasintahan tayo.
i am yelling at my kids at the drop of a hat for no reason possess no energy to do anything just feeling irritable and sad about everything,3,anger,"Sumisigaw ako sa aking mga anak kahit walang dahilan, wala akong lakas para gawin ang kahit ano, puro sama ng loob at kalungkutan ang nararamdaman ko sa lahat ng bagay."
i feel like ive been kinda listless,0,sadness,Parang nawawala ang gana ko.
i finished checking in bruce had already left and yiling was just leaving so i don t feel i had a chance to properly thank them for being so considerate and making sure we got settled in,1,joy,"Tapos na akong mag-check in, umalis na si Bruce at papalabas na rin si Yiling kaya hindi ko naramdaman na nabigyan ko sila ng tamang pasasalamat dahil sa kanilang pagiging mapagkalinga at siguradong nakasya kami."
i did feel for her but honestly i was just too glad to have some kind of salvation from the merciless sun,1,joy,"Naramdaman ko ang awa ko para sa kanya ngunit totoo, sobrang saya ko dahil nakahanap ako ng kahit anong kaligtasan mula sa walang habas na araw."
i feel lethargic and do not really look forward to anything or take joy in anything and i kinda felt like that last night,0,sadness,"Nararamdaman kong pagod at hindi ko tunay na inaasahan ang anumang bagay o nakakaramdam ng saya sa anumang bagay, at medyo ganito rin ako kahapon gabi."
i didn t sleep well the night before and am not feeling half as brave as i was yesterday,1,joy,Hindi ako nakatulog nang maayos kagabi at hindi ako nakakaramdam ng kalahati ng tapang na naramdaman ko kahapon.
i think about it with the anticipation i was feeling yesterday its kind of a miracle that i didnt like fake an injury or something just to be able to go to the hospital to see them,0,sadness,"Iniisip ko ito na may pag-asa gaya ng naramdaman ko kahapon, parang isang himala na hindi ako nagpanggap na nasugatan o kaya'y nagkasakit para lang makapunta sa ospital at makita sila."
i also feel that the people in the village friendly and i do not need to be as alert as in manila though as the common sense rule still stays that is not to let your guard down,1,joy,"Nararamdaman ko rin na mga tao sa baryo ay mabait at hindi na kailangan maging alerto gaya sa Maynila, bagama't ang karaniwang payo ay hindi dapat pababayaan ang pag-iingat."
i walk in the door to my house i feel happy,1,joy,"Pagpasok ko sa bahay, nararamdaman kong masaya."
i feel very deprived i feel like i did so many things right amp so many things just went wrong,0,sadness,"Nararamdaman kong lubos akong pinagkaitan, parang nagawa ko nang tama ang maraming bagay ngunit marami ring bagay na mali ang nangyari."
i also feel useless and unfulfilled,0,sadness,Nararamdaman ko rin ang kawalan ng saysay at hindi pagiging kontento.
i am left feeling happy about having the time to rest and take care of me but at the same time this huge sense of guilt builds up inside of me for not having respected our date for being an unreliable teacher a selfish friend,1,joy,"Nakakatuwa na nakakuha ako ng oras para magpahinga at alagaan ang sarili ko, ngunit kasabay nito ay lumalaki ang pakiramdam ng pagkakasala sa loob ko dahil hindi ko iginagalang ang aming petsa at sa pagiging hindi maaasahang guro at makasarili kong kaibigan."
i feel much better and without the help of ice,1,joy,Mas mahusay na ako ngayon at wala nang kailangan ng yelo.
i was just not feeling up to it for a few reasons but i am so glad to be back,1,joy,"Hindi ko lang naramdaman na kaya ko noon dahil sa ilang dahilan, pero sobrang saya kong makasama kayo muli."
i have to admit that while the story itself was interesting in their portrayal of the well known biblical story i came away feeling a little disappointed with the end result especially considering the names involved,0,sadness,"Kailangan kong aminin na bagama't nakakaakit ang kwento mismo sa kanilang paglalarawan ng kilalang Bibliya, lumabas akong medyo nabigo sa wakas, lalo na't isinasaalang-alang ang mga pangalan na sangkot."
i was feeling super pressed for time the other day i did cut back on the amount of time i meditated but i didn t skip it altogether,1,joy,"Napaka-pressure ng oras ko noong araw, kaya medyo binabawasan ko ang oras ng pagmemeditate ko pero hindi ko naman ito pinababayaan."
i reflect back on all the beer i drank i feel shamed,0,sadness,"Napapagtanto ko ang lahat ng alak na nainom ko, at nararamdaman ko ang kahihiyan."
i am not feeling shitty about life anymore,0,sadness,Hindi na ako nakakaramdam ng pagkabigo sa buhay.
i feel when ever i listen to the msm main stream media deprived,0,sadness,"Nararamdaman ko kapag nakikinig ako sa mainstream media, parang kulang o pinagkaitan."
i feel everything is in control then i am ok,1,joy,"Nararamdaman kong lahat ay nasa kontrol, kaya ako ay maayos."
i sent her was pretty long and now i feel a little embarrassed looking back at the letter i gave her,0,sadness,Ang ipinadala ko sa kanya ay medyo mahaba at ngayon ay medyo nahihiya na ako pagtingin ko uli sa liham na ibinigay ko sa kanya.
i am feeling especially lively,1,joy,Nararamdaman kong lalong masigla.
i have lost touch with the things that i feel passionate about i am getting less spontaneous am living by lists urgh,1,joy,"Nawala na ang aking koneksyon sa mga bagay na aking pinapasansiyon; nagiging mas hindi mapangahas ako, at nabubuhay sa pamamagitan ng mga listahan. Ugh."
i feel very distressed because i m supportive of this campaign and with the senator jackson told cnn,4,fear,Napakasakit ng pakiramdam ko dahil sumusuporta ako sa kampanyang ito at sa sinabi ni Senador Jackson sa CNN.
i know that i shouldnt have run around with his dirty socks on a stick like a flag for our friends to see no matter how angry or hurt i was feeling about the dirty laundry that he left me,0,sadness,Alam kong hindi ko dapat maglakad-lakad na may suot na maruruming medyas niya sa isang patpat gaya ng watawat para makita ng mga kaibigan natin kahit gaano ako kasakit o galit dahil sa maruruming damit na iniwan niya sa akin.
i feel shitty because she quit a job to come here but there is only so much hand holding and training that i am willing to do,0,sadness,Nararamdaman kong masama dahil iniwan niya ang trabaho para pumunta rito ngunit may limitasyon lang ako sa paghawak ng kamay at pagtuturo na kaya kong gawin.
i manage to reach a conclusion after all my musings i feel somehow more resolved,1,joy,"Nakarating ako sa isang konklusyon matapos ang lahat ng aking pagninilay, at nararamdaman kong medyo mas nalutas na ang aking pag-aalala."
i dont have to buy it in tubs which feels vile,3,anger,Hindi ko kailangan bumili nito sa mga balde na parang nakakabastos.
i feel like a divorcee we were together so long and our separation was so messy,0,sadness,"Parang isang hiwalay na asawa ako, matagal kaming magkasama at gulo ang aming paghihiwalay."
i always tell people my brd armor sucks since i totally feel it does so i was amazed to see some of the crap some brds wear,4,fear,Lagi kong sinasabi sa mga tao na ang aking brd armor ay pangit dahil ganun talaga ang nararamdaman ko kaya nagulat ako nang makita ang ilan sa mga kalat na suot ng ibang brds.
im already feeling nostalgic about the san antonio spurs golden state warriors series and it hasnt even ended yet,2,love,"Na-nostalgic na ako sa serye ng San Antonio Spurs at Golden State Warriors, at hindi pa nga ito natapos."
i personally feel they are doomed to finish dead last in the nl central without this key cog to any championship team,0,sadness,"Sa aking palagay, sila ay mapupunta sa hulihan ng NL Central nang walang mahalagang bahagi ng isang kampeonang koponan."
i thought this is precisely why i m making the show because i feel very uncertain in the world,4,fear,"Akala ko, ito ang eksaktong dahilan kung bakit ginagawa ko ang palabas dahil nararamdaman kong lubhang hindi sigurado sa mundo."
i remember feeling bowled over and surprised by my own reaction at the tears welling up,4,fear,Naalala ko ang pagkagulat at pagkabighani sa aking sariling reaksiyon nang lumabas ang mga luha.
i have been a procrastinator i have endless potential and passion inside yet im stuck in the cage of my own soul the unresolved feelings hurt resentment that i hold inside has built up even do i try to build myself back up again,0,sadness,"Matagal ko nang pinag-aaksaya ang aking panahon, may walang hanggang potensyal at damdamin ako sa loob ngunit nakakulong ako sa kulungan ng aking sariling kaluluwa. Ang hindi nalutas na damdamin ay nagdudulot ng sakit, ang galit na aking itinatago ay lumaki kahit na sinusubukan kong bumangon muli."
ive been feeling vaguely dissatisfied with reel pros since i signed up a few weeks ago,3,anger,Nararamdaman kong medyo hindi kontento sa Reel Pros mula nang mag-sign up ako ilang linggo na ang nakalilipas.
im feeling particularly generous,1,joy,Nararamdaman kong lalong malugod ngayon.
i went on to the holiday party that evening courtesy of another journalism sibling whom i call my big bro feeling a little unsure on why i was really attending,4,fear,"Pumunta ako sa pista ng kapaskuhan noong gabi, salamat sa isa pang kapatid sa larangan ng pamamahayag na tinatawag kong kuya, na medyo hindi sigurado kung bakit ako talaga pumunta."
i feel like this could be a dangerous topic if anyone feels passionately about pianos but its been on my mind for a while and i thought it was worth discussing not because im going to paint my piano which i grew up with so please stop hyperventilating mom,3,anger,"Nararamdaman kong maaaring mapanganib ang paksa na ito kung mayroon mang mahigpit na paniniwala tungkol sa mga piyano, ngunit ito ay nasa isip ko nang ilang panahon at sa tingin ko nararapat itong pag-usapan hindi dahil pipinturahan ko ang aking piyano noong bata ako, kaya naman sana tigilan niyo ang pag-aalala, Nanay."
i really only get inspired to write on this blog when im feeling shitty about life and i guess september being my birth month and all was pretty great,0,sadness,"Talagang nasisiyahan lang akong magsulat sa blog na ito kapag nararamdaman kong masama ang buhay ko, at sa palagay ko, dahil Setyembre ang buwan ng aking kapanganakan, ay medyo maganda iyon."
i feel like being selfish and keeping this foodie secret myself but why would i deny everyone else,3,anger,"Gusto kong maging makasarili at itago ang sikretong ito tungkol sa pagkain para sa aking sarili, pero bakit ko pipigilan ang lahat ng iba?"
im not feeling too joyful about writing this blog because id rather be knitting,1,joy,Hindi ako masyadong masaya sa pagsusulat ng blog na ito dahil mas gugustuhin kong mag-knitting.
i am responsible for picking a man who on occasion reminds me of people from my past like my mom and i threaten myself i can break this pattern by conducting myself in a different way even when i feel scared because deep down i know he s a good man,4,fear,"Ako ang may pananagutan sa pagpili ng isang lalaki na minsan ay nagpapaalala sa akin ng mga tao mula sa aking nakaraan tulad ng aking ina, at ako ay nagbabanta sa aking sarili na maputol ko ang ganitong pattern sa pamamagitan ng pag-uugali nang iba kahit na natatakot ako dahil sa aking kaloob-looban, alam kong mabuti siyang lalaki."
i am right now i feel amused the sounds i hear are my aircleaner around me i see my bed and my cat i feel most connected to this person michael i think it s weird that im a mom,1,joy,"Ngayon, nakakatuwa ako. Ang mga tunog na naririnig ko ay mula sa aking air cleaner. Nakikita ko ang aking kama at pusa. Sa taong si Michael, nararamdaman kong pinakamalapit ako. Nakakatawa isipin na ako'y isang ina."
i feel so contented so fulfilled,1,joy,Nararamdaman kong lubos akong kontento at nasiyahan.
ive somehow had a few epiphanies and toned down the need for validation its still a work in progress but i feel less need to be liked by people who dont deserve the attention,2,love,"Sa ilang paraan, naranasan kong ilang pagninilay at nabawasan ang pangangailangan sa pagkilala. Patuloy pa rin itong pagpapaunlad, ngunit nararamdaman kong mas kaunting pangangailangan na mahalin ng mga taong hindi karapat-dapat sa pansin."
i didn t feel relieved,1,joy,Hindi ako nakaramdam ng ginhawa.
i hate feeling dumb i hate people who make me feel dumb or like i am being a baby,0,sadness,"Ayaw kong maramdaman na bobo ako, ayaw ko rin sa mga taong ginagawa akong pakiramdam na bobo o parang bata pa."
i know that i should feel some sort of melancholy but i don t,0,sadness,Alam kong dapat akong maramdaman ang isang uri ng kalungkutan ngunit hindi ako nakakaramdam.
i would feel so excited waiting for the mailman to come to our house handing me these letters,1,joy,Magiging sobrang saya ko habang naghihintay sa mailman na dumating sa aming bahay at ihahatid sa akin ang mga sulat na ito.
i read in the book called the mindful woman that every so often throughout your day you should stop and close your eyes and think about anything that you can hear or see or smell or feel its kind of a cool experiment,1,joy,"Nabasa ko sa libro na ""The Mindful Woman"" na minsan-minsan sa buong araw, dapat huminto ka, isara ang iyong mga mata, at isipin ang anumang maririnig, makikita, mapaamoy, o mararamdaman mo. Para itong isang nakakatuwang eksperimento."
i feel so paranoid i don t want to feel like i did back then ever again,4,fear,"Napakabigat ng pakiramdam ko, parang may paranoa. Ayaw kong maramdaman ulit ang naramdaman ko noon."
i do feel like it is fine to have sex but you should be fully aware of what happen due to that action and know about different types of protection there is to prevent pregnancy,1,joy,Nararamdaman kong maayos lang magkaroon ng sekso ngunit dapat kang lubos na alam ang mga maaaring mangyari dahil dito at kilala ang iba't ibang uri ng proteksyon upang maiwasan ang pagbubuntis.
i wanted that sacred experience to feel that divine communion with the god of my understanding i wanted to feel sublime love in sacred terms,1,joy,"Gusto kong maramdaman ang banal na karanasan, ang pagkakaisa sa diyos ayon sa aking pag-unawa, at gusto kong maramdaman ang banal na pag-ibig."
i worry theyll feel rejected or take my chosen plans as an insult,0,sadness,Natatakot akong maramdaman nilang tinatanggihan o ituturing nilang insulto ang aking mga piniling plano.
i was half feeling very irritated and just wanted to get out of a amp f lol,3,anger,"Halos galit na galit ako at gusto ko lang umalis sa amp f, lol."
i feel i am writing this blog for selfish reasons but i know god can use it for his her purpose,3,anger,"Nararamdaman kong para sa sariling kapakanan ko ito sinusulat na blog, ngunit alam kong magagamit ito ni Diyos para sa kanyang layunin."
i was in i could feel him and i hated the drawn tight feeling i had,3,anger,"Naroon ako, nararamdaman ko siya, at ayaw ko sa pakiramdam na parang hinigpitan ang aking dibdib."
i still feel a craving for sweet food,1,joy,Gusto ko pa rin ang matamis na pagkain.
i love the wispy feeling of the delicate strands and the mellow green vibe,2,love,Mahal ko ang magaan na pakiramdam ng mga manipis na hibla at ang mahinahong berdeng aura nito.
i often feel disillusioned but i look upon it as a test of will and a test of character,0,sadness,"Madalas akong makaramdam ng pagkabigo, ngunit tinitingnan ko ito bilang isang pagsubok ng kalooban at ng karakter."
i just feel terrified,4,fear,Natatakot lang ako.
i honestly have so much research to do and have to think of so many color schemes and how to implement organizational tips for small spaces that i feel more than overwhelmed with the intensity of this project however there is the masochist in me that is incredibly excited,4,fear,Talagang marami akong kailangang pag-aralan at maraming kulay ang kailangang pag-isipan pati na ang mga paraan para ipatupad ang mga tip sa pag-aayos para sa maliit na espasyo kaya sobra akong nababahala sa kalakasan ng proyekto ngunit may isang masochist sa akin na sobrang excited.
i flipped out at guys i feel terrible today i flipped out at guys i feel terrible a href http www,0,sadness,"Nagalit ako sa mga lalaki ngayon, sobrang masama pakiramdam ko. Nagalit ako sa mga lalaki, sobrang masama pakiramdam ko."
i remember consistently feeling dissatisfied with my progress,3,anger,Lagi akong nakaramdam ng hindi pagkakatugma sa aking pag-unlad.
i am hoping the running thing works out like the numerous success stories i have accumulated but so far i am not feeling hopeful today,1,joy,"Umaasa akong magiging matagumpay ang pagtakbo ko gaya ng maraming kwentong tagumpay na aking nakalap, ngunit sa ngayon, hindi ako nakakaramdam ng pag-asa ngayon."
im sure its a great film but i guess i wasnt feeling too appreciative and just had a long day,1,joy,"Sigurado akong magandang pelikula iyon, pero siguro hindi ako masyadong nakaramdam ng pagpapahalaga at medyo pagod lang mula sa mahabang araw."
i have hurt so much and been told to stop so much that i suppose it all leaked into my brain and now i feel guilty when i hurt,0,sadness,Napakasakit ng mga naranasan ko at paulit-ulit akong sinasabiang tumigil kaya siguro napasok na ito sa aking utak at ngayon ay nararamdaman kong may sala ako kapag nasasaktan ako.
i felt joy when i passed the worst phase in my life and discovered how many people considered me important to them,1,joy,Naramdaman ko ang kagalakan nang makalusot ako sa pinakamasamang yugto ng buhay ko at natuklasan kung gaano ako kahalaga sa maraming tao.
i sit around and i feel disillusioned with school,0,sadness,Nakaupo ako at nararamdaman ang pagkabigo sa paaralan.
i ever going to feel cute again,1,joy,Magiging cute na naman kaya ako?
i feel like i have been faithful enough that i have proved myself and paid my dues but faith is not stagnate,1,joy,"Nararamdaman kong sapat na ang aking katapatan upang mapatunayan ang aking sarili at bayaran ang aking utang, ngunit ang pananampalataya ay hindi nananatiling patay."
i feel it is vital to make the most of that day and live it to our fullest potential,1,joy,Mahalaga sa akin na lubos nating samantalahin ang araw na iyon at mabuhay ito sa ating pinakamataas na kakayahan.
i dunno i just feel that i started this blog a little shaky as i wasnt really sure about what sort of audience i was addressing or anything,4,fear,"Hindi ko alam, parang nararamdaman ko lang na medyo hindi matibay ang simula ng blog na ito dahil hindi ko talaga sigurado kung anong uri ng mambabasa ang aking tinutukoy o anumang bagay pa."
im feeling so pissed off that i wanna scream and shout at the wall facing me right now,3,anger,"Napaka-inis ko, gusto kong sumigaw at magsigawan sa dingding na harapan ko ngayon."
i want every woman to feel the kind of love from god that sheri shares in her letters from the king and i am positive that she does too,1,joy,"Gusto kong maramdaman ng bawat babae ang uri ng pag-ibig mula sa Diyos na ibinahagi ni Sheri sa kanyang mga liham mula sa Hari, at sigurado akong siya rin ay ganito."
i feel more self assured but more than that i feel whole,1,joy,"Nararamdaman kong mas matibay ang aking pagpapahalaga sa sarili, ngunit higit pa rito, nararamdaman kong kumpleto."
im loving the green in this picture but have a feeling i may be going with something a little more kid friendly,1,joy,Gustung-gusto ko ang berde sa larawan na ito ngunit may pakiramdam na baka pipiliin ko ang mas pabor sa mga bata.
i only have three words to describe my feelings after viewing them im not impressed,4,fear,Tatlong salita lamang ang masasabi ko upang ilarawan ang aking nararamdaman matapos silang panoorin: hindi ako nabighani.
i got s and really i feel like i hit the lottery i was scared itd be something like x and id be screwed,4,fear,"Nakakuha ako ng S at totoo naman, parang nanalo ako sa lotto. Natatakot ako na baka X ang makuha ko at malulugi ako."
i feel overwhelmed when i think of a country suffering,4,fear,Nadarama kong napapagod ang aking isipan kapag iniisip ko ang isang bansa na nagdurusa.
i feel i am wrongly punished or that my misbehavior was unavoidable i am allowed to argue over whether or not i should be punished or how severely,0,sadness,"Nararamdaman kong mali ang parusa na natanggap ko o na hindi maiiwasan ang aking paglabag, at pinapayagan akong magtalo kung dapat ba akong parusahan o gaano kalakas ang parusa."
i am feeling very smug as i am continuing my resolution to use up some of this huge paper stack that i own and never cut into so heres the latest offering using more of my graphic curtain call papers,1,joy,"Napakasaya ko dahil patuloy akong sumusunod sa aking resolusyon na gamitin ang ilan sa malaking tambak ng papel na aking pag-aari at hindi pa pinuputol, kaya narito ang pinakabagong alok gamit ang higit pang papel mula sa aking graphic curtain call."
i found it hard to feel for any of the supporting cast who eventually became late night snacks for the vampires,2,love,Mahirap para sa akin na makaramdam ng empatiya para sa mga sumusuporta sa cast na kalaunan ay naging meryenda sa huli ng gabi para sa mga vampiro.
im not feeling very supportive of the football team,2,love,Hindi ako gaanong sumusuporta sa football team.
i now use it not just at the end of yoga practice but also at the beginning or ending of a meditation or whenever i feel the need to offer myself an acknowledgment and reminder of my own divine origins,1,joy,Ginagamit ko na ito hindi lamang sa huli ng pagsasanay sa yoga kundi pati na rin sa simula o katapusan ng isang meditasyon o kapag nararamdaman kong kailangan kong ibigay sa aking sarili ang pagkilala at paalala ng aking sariling banal na pinagmulan.
i do not feel frantic,4,fear,Hindi ako nararamdaman ang pagiging pananabik.
im tired of feeling so lethargic,0,sadness,Pagod na ako sa pakiramdam na sobrang tamad.
i think you would all agree that feeling your toes and fingers go numb is perhaps one of the most unpleasant feelings ever,0,sadness,Siguro'y sang-ayon tayo na ang pakiramdam na namamanhid ang mga daliri ng paa at kamay ay marahil isa sa mga pinakamasamang pakiramdam na naranasan natin.
i really feel disturbed over all this mayhem as i have been to this heavenly vale twice and personally know all the ground realities,0,sadness,Tunay akong nababahala sa lahat ng kaguluhan dahil dalawang beses akong pumunta sa mapayapang lugar na ito at personal kong nakilala ang lahat ng katotohanan sa lupa.
i feel like a lame bum bum in the sense of a behind not in the sense of a transient because i haven t been keeping up with others blogs,0,sadness,"Parang isang tamad at walang silbi akong bum bum, hindi sa kahulugan ng isang taong walang tirahan, dahil hindi ako nakakasabay sa mga blog ng iba."
i had it in the bag because i was still feeling strong,1,joy,Mayroon na akong hawak ang panalo dahil ako'y patuloy na nakakaramdam ng lakas.
i still go out sometimes but when i do i come home and cry i can feel how people look at me they know i am worthless too,0,sadness,"Minsan pa rin akong lumabas ngunit kapag bumalik ako, umiiyak ako. Nararamdaman ko ang tingin nila, alam nila na wala akong halaga rin."
i cant shake the im hiding how i feel about myself beneath a fab jacket vibe and this style doesnt mesh well with most of the clothes i wear,1,joy,"Hindi ko maalis ang pakiramdam na nagtatago ako ng tunay kong nararamdaman tungkol sa aking sarili sa likod ng isang magandang jacket, at ang istilo na ito ay hindi bagay sa karamihan ng aking damit."
i do know is that even though its hard and sometimes we feel inadequate drained and like we cant go any further and just need a break even for a week or two,0,sadness,"Alam ko lang na kahit mahirap at minsan tayo ay nadaramaang hindi sapat, pagod, at parang hindi na tayo makakaya at kailangan lang ng pahinga kahit isang linggo o dalawa."
i kept crying or feeling cranky,3,anger,Hindi ako maawat sa pag-iyak o sa pagiging maarte.
i is celebrated with great fan fare which happens to be january th or october nd disregarding here of course the rare sense of gandhigiri euphoria generated by an unexpected source such as munnabhai we come across the inescapable phrase which i feel has been much abused a hindu fanatic,0,sadness,"Ito ay ipinagdiriwang nang malakas na may papuri, na kadalasang buwan ng Enero ika-15 o Oktubre ika-2, hindi natin isinasaalang-alang siyempre ang bihirang damdamin ng kagalakan na dulot ng Gandhigiri mula sa hindi inaasahang pinagmumulan tulad ng Munnabhai, nakakasalubong tayo sa hindi maiiwasang pariralang na sa tingin ko ay labis nang ginamit: isang Hindu fanatic."
i guess this is exactly what being feels like longing to go on adventure but at the same time feeling like you want to settle,2,love,Siguro ito ang tunay na pakiramdam ng pagnanasa - na gustong maglakbay ngunit sabay na rin ang pagnanais na magtayo ng tahanan.
i was around and feeling fearless and excited,1,joy,Naroon ako at pakiramdam ko'y walang takot at puno ng kilig.
i feel like my printing classes at quiltcon particularly the one with lizzy brought me back to something that i felt so passionate about years ago but had pushed aside thinking i needed to pursue a more practical life,2,love,"Parang ang mga klase kong pagpi-print sa Quiltcon, lalo na 'yung kay Lizzy, ay nagbalik sa akin ng damdaming sobrang nasisiyahan ako noon pero iniwan ko na dahil akala ko kailangan kong habulin ang isang mas praktikal na buhay."
i feel like i am as fearful now as i was when i first threw my leg over the top tube after my surgery,4,fear,Nararamdaman kong kasing takot ngayon gaya ng noong una kong ibinaba ang aking binti sa itaas na tubo matapos ang aking operasyon.
i don t always have access to when i m feeling stressed which is usually the time i am most in need of the silence,0,sadness,"Hindi ako lagi nakakapag-access nito kapag stressed ako, na kadalasan ang panahon na pinakakailangan ko ng katahimikan."
ive heard a lot of folks share frustrations with feeling inadequate after seeing so many pictures of perfection in projects and homes through blogs and pinterest etc,0,sadness,Marami akong narinig na mga tao na nagbabahagi ng kanilang pagkabigo dahil sa pakiramdam na hindi sapat matapos makita ang maraming larawan ng perpektong mga proyekto at tahanan sa mga blog at Pinterest.
i want to feel playful and open and vulnerable and have a great time,1,joy,"Gusto kong maramdaman ang pagiging masaya at bukas, mahina, at magkaroon ng magandang oras."
i am feeling quite pleased with myself as this was something id never done before,1,joy,Masaya ako sa aking sarili dahil ito ay isang bagay na hindi ko pa nagagawa noon.
i was canning tomatoes and feeling nostalgic,2,love,Nagluluto ako ng atsara ng kamatis at naaalala ang nakaraan.
i feel embarrassed but i don t want others to take pity on me i have too much pride,0,sadness,"Nakakahiya pero ayaw kong mapahabagan ng iba, masyadong mataas ang aking pagmamalaki."
i feel like i am the only person who is not ecstatic to be here right now,1,joy,Parang ako lang ang hindi masaya na narito ngayon.
i feel a longing for the obsession,2,love,Nararamdaman ko ang pagnanasa para sa pagkabighani.
i feel threatened by anyone i get this feeling that i want to kill someone,4,fear,"Nararamdaman kong pinagbabantaan ako ng kahit sino, at may nararamdaman akong gustong patayin ang isang tao."
i think whenever we moved to a new place i had to find some way to feel accepted,1,joy,"Sa tingin ko, tuwing lumilipat kami sa bagong lugar, kailangan kong hanapin ang paraan para maramdaman ang pagtanggap."
i feel like im doomed to forever be the girl that everyone sleeps with but that no one can love,0,sadness,Parang tadhana kong maging babaeng pinapasan ng lahat ngunit hindi maibibigay ng kahit sino ang tunay na pag-ibig.
im with her i feel terrific,1,joy,"Nandito ako kasama niya, at nararamdaman kong kahanga-hanga."
i feel super bad about it,1,joy,Napakasama ko po talaga dahil doon.
i feel a little bit more vital,1,joy,Nararamdaman kong medyo mas buhay.
i did not picture myself feeling shy in this class when i signed up for it,4,fear,Hindi ko iniisip na magiging nahihiya ako sa klase na ito nang mag-enroll ako rito.
i never want her to feel the pain of struggle of suffering,0,sadness,"Hindi ko kailanman gustong maramdaman niya ang sakit ng paghihirap, ng pagdurusa."
i cannot help but feel inspired and uplifted both by martinez himself and by his association with occupy wall street,1,joy,"Hindi ko mapigilang maramdaman ang inspirasyon at pag-angat ng kalooban, kapwa kay Martinez mismo at sa kanyang kaugnayan sa Occupy Wall Street."
im not sure if anyone else is like this but especially when im feeling low i dont particularly want to wear vintage clothing,0,sadness,"Hindi ko sigurado kung iba pa ba ang nararamdaman nito ngunit lalo na kapag nalulumbay ako, hindi ko talaga gustong magsuot ng damit na vintage."
i trust he has a plan and if i stay true to and listen to the promptings in my heart i feel assured that everything will be okay and will be worked out for his plan,1,joy,"Naniniwala ako na may plano siya at kung mananatiling tapat ako at makinig sa mga tibok ng aking puso, nararamdaman kong tiyak na lahat ay magiging maayos at magkakaroon ng solusyon para sa kanyang plano."
i feel very excited for my familys future,1,joy,Napakasaya ko para sa kinabukasan ng aking pamilya.
i was feeling very reluctant about the players even finding a library or sage to identify stuff for them,4,fear,Napaka-reluktant ko na kahit makahanap pa sila ng aklatan o matandang marunong para matukoy ang mga bagay para sa kanila.
i lost my power feeling lethargic headachie tired mentally blah you get the picture,0,sadness,"Nawala ang aking enerhiya, parang pagod, may sakit ng ulo, pagod sa isip, alam mo na."
i guess it is the taboo feeling naughty bad and dirty,2,love,"Siguro ito ang pakiramdam na bawal, masama, at marumi."
i feel slightly embarrassed that i keep telling myself and trying to make myself believe that life is actually to enjoy just to be let down harder and harder each time,0,sadness,"Nararamdaman kong kaunti akong nahihiya dahil patuloy akong nagsasabi sa aking sarili at sinusubukang maniwala na ang buhay ay para lamang tangkilikin, ngunit paulit-ulit akong nabibigo at mas lalong nasasaktan."
i am standing in my oversized tee shirt baggy yoga pants pulled up hair already semi sweat streaked from spin and am trying to feel graceful and sexy,1,joy,"Nakatayo ako sa aking maluwag na t-shirt, bagong yoga pants na nakataas, buhok na bahagyang basa at may pawis na mula sa spin, at sinusubukan kong maramdaman ang aking kagandahan at sekswalidad."
i feel indecisive about baker although my room is the smallest double it still seems big but i hate how loud the guys across the hall are,4,fear,"Hindi ako mapagdesisyon tungkol kay Baker kahit na ang maliit na double room ko ay tila maluwang pa rin, ayaw ko lang sa ingay ng mga lalaki sa kabilang hallway."
i feel like i must defend my beloved blue hehe,2,love,Parang kailangan kong ipagtanggol ang aking minamahal na asul hehe.
i feel listless but today was aiiiiighhhht,0,sadness,Nararamdaman kong walang gana pero maganda naman ang araw ngayon.
i leave in four weeks and im starting to feel a little heartbroken at the thought of it,0,sadness,Aalis ako sa loob ng apat na linggo at unti-unting nararamdaman ko ang kaunting lungkot sa pag-iisip nito.
i feel so idiotic because of you,0,sadness,Nararamdaman kong napakabobo ko dahil sa iyo.
i am expected to be monogamous which to me feels like i am being faithful to someone who is with someone else,2,love,"Inaasahan akong maging monogamo, na para sa akin ay parang ako'y nananatiling tapat sa isang taong kasama na rin ng iba."
id rather have no one know how i really feel but then again sometimes i can be compassionate and sometimes i can be beautiful,2,love,"Mas gugustuhin kong walang nakakaalam ng tunay kong nararamdaman, ngunit minsan, kaya kong maging maawain at minsan, kaya kong maging maganda."
i feel like i can breath now and not be so rushed,3,anger,Nararamdaman kong kaya kong huminga ngayon at hindi na gaanong nagmamadali.
i feel really successful for the fact that i read series books this summer that actually counted for the challenge finishing six total series,1,joy,"Nararamdaman kong tunay na matagumpay dahil nabasa ko ngayong tag-araw ang mga serye ng libro na talagang nagbilang para sa hamon, natapos ko ang anim na serye."
i know like the recommendation function in modern web shops while it feels a little bit strange to see the product you ve just searched for in a web shop on a totally different site s advertising,4,fear,"Alam ko, parang ang rekomendasyon sa mga modernong tindahan sa internet, kakaiba lang isipin na makita ang produkto na iyong hinanap sa isang website sa advertisement ng ibang website."
i feel like i should give it a shout out because it was that delicious,1,joy,Nararamdaman kong dapat kong bigyan ito ng papuri dahil sobrang masarap.
im feeling in my heart to make my list of things that i am thankful for,1,joy,Nararamdaman ko sa aking puso na gumawa ng listahan ng mga bagay na aking pinagpapasalamat.
i feel this way i withdraw become irritable,3,anger,"Nararamdaman ko ang ganitong paraan, kaya umatras ako at nagiging maasim ang aking ugali."
i feel honored to take part in the upcoming sight amp sound greatest film poll,1,joy,Nararamdaman kong ipinagmamalaki kong makilahok sa darating na Sight & Sound Greatest Film Poll.
i feel like i m trying to be that guy who hangs out with curious george,4,fear,Parang sinusubukan kong maging katulad ng lalaking nakakasama si Curious George.
i feel dirty for loving comments,0,sadness,Nararamdaman kong marumi dahil sa pagmamahal ko sa mga komento.
i feel this product deserves a positive review i do want to leave you with a somewhat contradictory final thought,1,joy,"Nararamdaman kong karapat-dapat itong produkto ng positibong pagsusuri, ngunit gusto kong iwan ka ng isang medyo salungat na huling kaisipan."
i vow to be gasp nicer to everyone not just a select few marybeth and isabella lol i will say what i feel and not cover up something sweet with something shitty,2,love,"Pangako ko, magiging mas mabait ako sa lahat, hindi lamang sa ilang piling tao, Marybeth at Isabella, lol. Sasabihin ko ang nararamdaman ko at hindi ko itatago ang magandang bagay sa likod ng masamang bagay."
i feel overwhelmed stressed and pressured inside something magical happens when i take off my shoes and go for a walk in the park or on the beach,4,fear,"Nararamdaman kong napakarami, stressed, at may presyur, pero may kakaibang nangyayari kapag tinatanggal ko ang sapatos ko at naglalakad sa parke o sa dalampasigan."
i feel these people are utterly useless in my view,0,sadness,"Sa aking pananaw, lubos kong iniisip na walang silbi ang mga taong ito."
i am feeling rebellious i will start from the end instead of the beginning a very good place to start,3,anger,"Nararamdaman kong rebelde, magsisimula ako sa dulo kaysa sa simula, isang magandang simula."
i need to be just as open with them as i am with some of my friends when i feel that they have wronged me,3,anger,Kailangan kong maging bukas din sa kanila gaya ng pagiging bukas ko sa ilan sa aking mga kaibigan kapag nararamdaman kong mali ang kanilang ginawa sa akin.
i was coming out of a lengthy illness and i was feeling lousy groundless indecisive and without any direction,0,sadness,"Lumalabas ako mula sa isang mahabang sakit at nararamdaman kong masama, walang batayan, hindi mapagpasyahan, at wala akong direksyon."
i feel gloomy or get really bad cabin fever,0,sadness,Nararamdaman kong malungkot o talagang nagkakaroon ng malakas na cabin fever.
i feel like dlk could make a pretty sweet full length,1,joy,Parang kaya naman ni Dlk gumawa ng isang magandang buong haba.
i wish i didnt do butttt semuanya sudah terlambat dan i feel so stupid everytime i think about it and i think about it every time means i feel stupid everytime,0,sadness,"Sana hindi ko ginawa, pero lahat na ay huli na at nararamdaman kong tanga tuwing naaalala ko ito, at lagi kong naaalala kaya lagi akong nakakaramdam ng tanga."
i didnt feel so stupid then but a still little bit ignorant compared with the native african healers who have been using this for over a century,0,sadness,"Hindi ako gaanong pakiramdam na bobo noon, pero medyo ignorante pa rin kumpara sa mga katutubong manggagamot sa Aprika na gumagamit nito nang mahigit isang siglo."
i feel like im the only one whos caring about whats good for me right now,2,love,Parang ako lang ang nag-aalala sa kung ano ang mabuti para sa akin ngayon.
i am feeling a little lost without it,0,sadness,Nararamdaman kong medyo nawawala ako nang wala ito.
i still feel ashamed at how i treated him,0,sadness,Nakaramdam pa rin ako ng hiya sa paraan ng aking pakikitungo sa kanya.
i totally passed this one up when it first appeared on xbla but it s now on sony s handheld and it feels like a pretty perfect fit,1,joy,"Ganap kong na-miss ito noong unang lumabas sa xbla pero ngayon na nasa handheld ng sony ito, parang perpekto ang pagkasya nito."
when my elders do not understand me in the right way,0,sadness,Kapag hindi ako naiintindihan ng aking mga nakatatanda nang tama.
i sat there for a while listening to the wind blow through the trees feeling so calm until she was finally ready to come,1,joy,"Naroon ako saglit, nakikinig sa hangin na dumadaan sa mga puno, pakiramdam ko'y kalmado hanggang sa siya ay handa nang lumabas."
i woke up feeling shaky and nauseous with lots of cramping and pressure in my abdomen and pelvis,4,fear,"Gumising ako na parang may kiliti at pagsusuka, may matinding pananakit at presyur sa aking tiyan at pambabae."
i feel like it gave me a lot of valuable information on ways i can improve my skin in the present and maintain and improve it in the future,1,joy,Nararamdaman kong nagbigay ito sa akin ng maraming mahalagang impormasyon tungkol sa mga paraan upang mapabuti ang aking balat ngayon at pangalagaan at mapabuti ito sa hinaharap.
i discovered that it gave me a great feeling of satisfaction to produce a blog post a delicious dish a few photos a written recipe that tangible job completed feeling that s rare in my life as a stay at home mom,1,joy,"Natuklasan kong nagbibigay sa akin ng malaking kasiyahan ang magawa ang isang blog post, isang masarap na ulam, ilang litrato, at isang nakasulat na resipe—yun, ang pakiramdam ng isang tangibleng trabaho na natapos, na bihira sa aking buhay bilang isang nanay sa bahay."
i feel like she acts bitchy and complainy to try and fit in but that doesnt make sense because for the most part were not bitchy and complainy,3,anger,Parang ginagawa niyang bitchy at maingay para makasabay pero hindi naman iyon katanggap-tanggap dahil karamihan sa amin ay hindi ganoon.
i wound up feeling pleased with how tightly paced the film is,1,joy,Natapos akong masaya sa kung gaano kabilis ang takbo ng pelikula.
i still feel like i missed out on a critical part of the soap and for a,0,sadness,Parang kulang pa rin ako sa isang mahalagang bahagi ng palabas.
i wonder if they ever feel any pain or sadness because they always seem lively,1,joy,Nagtataka ako kung nararamdaman nila man ang sakit o kalungkutan dahil lagi silang mukhang masaya.
i know that i still feel kind of agitated but i also switch from feeling hot to feeling cold when i lay down,3,anger,"Alam kong medyo kinakabahan pa ako, pero nagbabago rin ako mula sa pagiging mainit hanggang sa pagiging malamig kapag nakakatulog na ako."
i feel about politics and i have been very shocked at myself for going into this realm though i think that it is at this time the most important considering everything that has been going on in the world stage and in the usa,4,fear,"Nararamdaman ko ang aking damdamin tungkol sa pulitika at lubos akong nagulat sa aking sarili dahil pumasok ako sa ganitong larangan, bagama't sa tingin ko ito ang pinakamahalaga ngayon, isinasaalang-alang ang lahat ng nangyayari sa mundo at sa Estados Unidos."
i feel that this reality is tragic,0,sadness,Nararamdaman kong malungkot ang katotohanang ito.
i breaking skin feels like and it s not pleasant,1,joy,Ang pakiramdam ng pagbasag ng balat ay hindi maganda.
i feel so bitchy and mean and terrible,3,anger,"Nararamdaman kong sobrang bastos, masama, at masakit."
i feel better now on the menu tonight,1,joy,"Mas mahusay na ako ngayon, ano ang hapunan natin mamaya?"
i havent really talked to anyone about it in depth because i feel like im being whiney repetetive and needy,0,sadness,"Hindi ko talaga kinausap nang malalim ang kahit sino tungkol dito dahil parang maarte, paulit-ulit, at nangangailangan ako."
i forgive myself for accepting and allowing myself to feel uncertain about my application within this i reveal that i feel uncertain within myself,4,fear,"Patawarin ko ang aking sarili sa pagtanggap at pagpapahintulot sa aking sarili na mag-alinlangan tungkol sa aking aplikasyon, sapagkat sa paghahayag na ito, ipinapakita ko ang aking pag-aalinlangan sa aking sarili."
i am feeling foolish for taking lb to the e,0,sadness,Nararamdaman kong tanga dahil dinala ko si LB sa ER.
i am feeling a blank space in right testicle area and i think that right testicle size is being decrease through urinate system or the semen s out,0,sadness,Nararamdaman ko ang isang walang laman na espasyo sa kanan ng aking testicle at akala ko'y nababawasan ang laki ng aking kanan testicle sa pamamagitan ng sistema ng pag-ihi o sa paglabas ng semilya.
i feel like i ve fucked up massively for not being able to fight off being suicidal,3,anger,Nararamdaman kong napakalaki ng pagkakamali ko dahil hindi ko kayang labanan ang pagiging suisa.
i want change but i feel like im discouraged because im living so comfortably,0,sadness,Gusto kong magbago ngunit parang natutuwa ako sa aking kasalukuyang komportableng pamumuhay kaya nababawasan ang aking pagnanais.
i don t feel bitter about my lot nor do i wish any other mother s son was in my place,3,anger,"Hindi ako nagrereklamo sa aking kapalaran, at hindi ko rin ipinagdarasal na nasa aking posisyon ang anak ng ibang ina."
i feel like ive given up on relationships forever because im hardly ever successful in maintaining friendships and theres that pressure of settling down at your age,1,joy,Parang sumuko na ako sa mga relasyon magpakailanman dahil halos hindi ako matagumpay sa pagpapanatili ng mga kaibigan at may presyur na mag-settle down sa edad ko na.
i feel so eager now to please,1,joy,Napakaganda ng pakiramdam ko ngayon na mapasaya.
i am feeling terribly mellow today sitting in bed looking out the window at the red orange green brown trees outside my window listening to norah jones and reading stuff,1,joy,"Napakasaya at nakakarelaks ng pakiramdam ko ngayon habang nakaupo sa kama at nakatingin sa labas ng bintana, nakikita ang mga puno na kulay pula, kahel, berde, at kayumanggi, habang nakikinig sa musika ni Norah Jones at nagbabasa."
i feel only a little agitated right now,3,anger,Nararamdaman ko lang kaunting pag-aalala ngayon.
ive got all those books and i feel reluctant to sell them,4,fear,Mayroon akong lahat ng mga aklat na iyon at ayaw kong ibenta.
i often find myself feeling assaulted by a multitude of sense impressions,4,fear,Madalas akong makaramdam na sinalakay ng maraming pandamdam.
i oil rich in omega reverses the look and feel of damaged hair as it weightlessly restores bounce for full flowing styles,0,sadness,Ang langis na mayaman sa omega ay nagbabalik ng dating hitsura at pakiramdam ng nasirang buhok habang magaan itong nagpapabalik ng buhay para sa mga buong at malayang istilo.
i was way up ahead of raphael and laiya jennifer had stayed behind to watch our stuff since i was feeling particularly energetic and scampering up the mountain,1,joy,"Malayo na ako sa harapan ni Raphael at Laiya, si Jennifer naman ay nanatili sa likuran upang bantayan ang ating mga gamit dahil pakiramdam ko'y labis na enerhiya at mabilis na umaakyat sa bundok."
i met them great people but i have a feeling i may have unintentionally offended them,3,anger,Nakilala ko silang mga mabubuting tao ngunit may nararamdaman akong baka hindi ko sinasadya silang nasaktan.
i mean i could literally feel him feeling content,1,joy,Parang nararamdaman ko na siya ay tunay na kontento.
i cant decide how i feel about some of the supporting roles particularly the girlfriend and alfred molina both quite funny but were they one dimensional caricatures or legitimate characters simply overshadowed by a fantastic lead,2,love,"Hindi ko mapagdesisyunan kung ano ang nararamdaman ko tungkol sa ilang mga pangalawang papel, partikular na ang nobya at si Alfred Molina. Parehong nakakatawa, ngunit sila ba ay isang-dimensilyong karikatura o tunay na karakter na simpleng nalilimitahan ng isang kahanga-hangang pangunahing tauhan?"
i feel at times life losses its joy and becomes empty and feelings of exhaustion over take our positive side,0,sadness,"Minsan, nararamdaman kong nawawala ang saya sa buhay at tila ito'y nagiging walang laman, at ang pagod ay sumasakop sa ating positibong panig."
im also worried that youre feeling a little lost in the middle these days and like youre not getting enough attention from us,0,sadness,Nag-aalala rin ako na pakiramdam mo ay medyo nawawala ka sa gitna ngayon at hindi ka sapat na binibigyan ng pansin mula sa amin.
i feel only jubilant elation,1,joy,Nararamdaman ko lamang ang malaking kagalakan.
i feel like we are a creative home truly painting while they are in there making music,1,joy,"Parang isang tahanan ng mga malikhaing tao tayo, tunay na nagpipinta habang sila ay nasa loob na gumagawa ng musika."
im feeling stressed about this more than i should,3,anger,Na-stress ako rito nang higit pa sa dapat.
i feel a bit embarrassed at times when i make mistakes,0,sadness,"Minsan, nahihiya ako kapag nagkakamali ako."
i have spent today feeling horribly unhappy,0,sadness,Nadama ko ang malaking kalungkutan buong araw na ito.
i feel that the media cannot be resolved effectively,1,joy,Nararamdaman kong hindi mabisa ang paglutas sa mga isyu ng media.
i convince myself to write i feel like im just exposing how lousy i am at what im trying to do,0,sadness,"Pinapaniwala ko sa aking sarili na magsulat, ngunit parang ipinakikita ko lamang kung gaano ako kahina sa ginagawa ko."
i come whenever i feel alone,0,sadness,Pumupunta ako kapag nararamdaman kong nag-iisa.
ill feel lively again,1,joy,Magiging masigla na ako uli.
i will still feel homesick yes,0,sadness,"Magkakaroon pa rin ako ng pag-aampon, oo."
i just sat there feeling so empty and lost and scared,0,sadness,"Nandoon lang ako, parang walang laman, nawawala, at natatakot."
i feel as though there has been some divine intervention on my behalf,1,joy,Nararamdaman kong mayroong ilang diwinal na pakikialam para sa akin.
i feel incredibly disillusioned with the weekend,0,sadness,Napakasakit ng aking pagkabigo sa weekend na ito.
i know not all women feel this way but i have felt very unimportant int the church and almost dare i say second class citizen im not trying to bash the church but i think some women are so thirsty for knowlege about her to reinforce their own place and importance in the world,0,sadness,"Alam kong hindi lahat ng babae ay nakakaranas nito, ngunit ako ay naramdaman na hindi gaanong mahalaga sa simbahan at halos, mag-ingat ako, parang pangalawang-klaseng mamamayan. Hindi ko intensyon na siraan ang simbahan, ngunit sa palagay ko, ilang babae ay sobrang uhaw sa kaalaman tungkol dito upang palakasin ang kanilang sariling posisyon at kahalagahan sa mundo."
i made the other day which more or less sums up how i feel about the delusion of my life for the past years or so i became somewhat frightened of myself and decided to get a little distance from that guy,4,fear,Ginawa ko kamakailan na halos sumasalamin sa aking nararamdaman tungkol sa ilusyon ng aking buhay sa nakalipas na ilang taon; natakot ako sa aking sarili at nagpasya akong mag-iwan ng kaunting distansya sa taong iyon.
im just not fully feeling it on an emotional level,0,sadness,Hindi ko lang ganap na nararamdaman ito sa emosyonal na antas.
i walked away feeling inspired and excited about realistic things i could do to increase my blog s chances for being found,1,joy,Umalis ako na puno ng inspirasyon at kilig sa mga makatotohanang bagay na magagawa ko upang mapataas ang tsansa ng aking blog na mahanap.
i invest in my friendships i feel hurt when i perceive that this investment is not returned,0,sadness,"Nagi-invest ako sa aking mga kaibigan, nasasaktan ako kapag nararamdaman kong hindi ito nababalik."
im feeling a bit of wanderlust since im about to go away on holiday for a few days with my beloved g,2,love,Nararamdaman ko ang kaunting pagnanais maglakbay dahil malapit nang umalis sa bakasyon ng ilang araw kasama ang aking minamahal na g.
i often play the role of a loquacious hunters always feel superior to others than he who long off than he beautiful really a flower plug in cow dung and marry him though he be like a big grievance,1,joy,"Madalas akong gumanap bilang isang mapag-usap na mangangaso, palagi akong nakakaramdam ng pagmamataas sa iba kaysa sa taong matagal nang nawala, na ang ganda ay parang bulaklak na nakatanim sa dumi ng baka, at pakakasalan pa siya kahit na siya ay parang malaking pasanin."
i wish it was a more comforting feeling but instead it feels strange like living the memories of someone else or maybe having woken up from a long dream or a long sleep years and finding that the trees around you have grown taller,4,fear,"Sana mas nakakakomportable ang pakiramdam, ngunit kakaiba ito, parang nabubuhay sa alaala ng iba o baka gising na mula sa mahabang panaginip o matagal na pagtulog taon-taon at nakikita na ang mga puno sa paligid ay lumaki na."
i think about myself personally when it comes to investing i feel like i would fall into the investment category of getting greedy i think id invest into a bombing market like coca cola in the s,3,anger,"Kapag iniisip ko ang aking sarili sa pag-iinvest, parang ako ay mahuhulog sa kategoryang makasarili o mapagkukulam. Sa tingin ko, i-iinvest ko sa isang umuunlad na merkado tulad ng Coca-Cola noong dekada 70."
i still have a lot to paint on the warhound but enough of the model is now put together that i would not feel embarrassed fieldi,0,sadness,Marami pa akong dapat pinturahin sa warhound ngunit sapat na ang mga bahagi ng modelo na nakakabit upang hindi ako mapahiya kung ipakita ito.
i know tv isnt everyones cup of tea so if that includes you feel free to scroll down a bit,1,joy,"Alam kong hindi lahat mahilig sa telebisyon kaya kung ikaw ay isa sa kanila, paki-scroll pababa nang kaunti."
i was admiring and envying the figures of the twentysomething set ahead of me in class and feeling ugly jealous,0,sadness,Pinagmamasdan ko at inainggit ang mga kabataan sa harap ko sa klase at nararamdaman ang pangit na inggit.
i heard a song on the radio yesterday that just made me feel amazed at the lyrics,4,fear,Narinig ko kahapon sa radyo isang kanta na talagang nagpabilib sa akin dahil sa mga letra nito.
i feel tortured every moment and theres nowhere i can go to get away from it or to get back to what i was used to,3,anger,Napapahirap ako sa bawat sandali at wala akong mapagpilian upang makalayo rito o bumalik sa dati kong pamumuhay.
im feeling so insecure financially right now that i dont want to spend the,4,fear,Napakababa ng aking pakiramdam sa aking pinansiyal na kalagayan ngayon kaya ayaw kong gastusin ang pera.
i tend not to shower on those days and feel slightly rebellious getting all stinky and doing nothing,3,anger,Hindi ako mahilig maligo sa mga araw na iyon at medyo rebelde ang pakiramdam ko habang nagiging amoy-baho at hindi gumagawa ng kahit ano.
im not feeling deprived at all although i do wake up ravenous in the morning,0,sadness,Hindi ako nararamdaman na kulang o nagugutom kahit na gumigising ako na sobrang gutom sa umaga.
im left feeling nostalgic and lonely,2,love,Naiwan akong pakiramdam na ma-nostalgic at nag-iisa.
i feel foolish for thinking this would work,0,sadness,Nararamdaman kong tanga dahil sa pag-iisip na ito ay magtatagumpay.
i wonder how they would feel if someone was screaming at them and then saying horribly rude things behind their back later,3,anger,Nagtataka ako kung paano sila mararamdaman kung may magsisigaw sa kanila at saka sasabihin ang mga bastos na salita tungkol sa kanila sa likod nila mamaya.
i feel good about the project,1,joy,Masaya ako sa proyekto.
i was feeling pleased with the manuscript reporting the results of my fellowship research annoyed at the ridiculous requirements for for,1,joy,"Masaya ako sa manuskrito na nag-uulat ng resulta ng aking pananaliksik sa fellowship, ngunit naiinis ako sa mga walang kabuluhang kinakailangan para sa..."
i feel afraid i hold tighter to my faith and i live one more day and i make it through the rain,4,fear,"Natatakot ako, ngunit mas higpit kong hawak ang aking pananampalataya at nabubuhay ako para sa isa pang araw, at nakalampas ako sa ulan."
i feel people around me do not understand it they have no acceptance that i might need to grieve and suffer not only from the loss of my mother but the grief of never having a loving relationship expressed in ways i would want,2,love,"Nararamdaman kong hindi nila naiintindihan ang aking nararamdaman; wala silang pagtanggap na maaaring kailangan kong magreklamo at magdusa hindi lamang dahil sa pagkawala ng aking ina, kundi pati sa kalungkutan ng hindi pagkakaroon ng isang pagmamahalang relasyon na ipinahahayag sa paraang nais ko."
i just repeat it again and again until i feel myself become less afraid,4,fear,paulit-ulit kong inuulit ito hanggang sa makaramdam ako ng pagbaba ng takot ko.
i have a feeling that even if this was the only line up there jesse might make the hike all over again just to finish this amazing project,4,fear,"May pakiramdam akong kahit ito lamang ang nasa itaas, gagawin pa rin ni Jesse ang pag-akyat ulit para matapos ang kamangha-manghang proyektong ito."
i feel like i m worthless and i can t do any good for anyone even tought i try and try very hard,0,sadness,Nararamdaman kong wala akong halaga at hindi ko kayang makatulong sa kahit kanino kahit gaano ko pa subukan.
i was taken by sentimental feelings for the characters and distressed by their destinies,4,fear,Nahawaan ako ng mga damdaming sentimental para sa mga tauhan at nalungkot dahil sa kanilang tadhana.
i feel a little jaded after the banking crisis but i will vote labour and hope for the best,0,sadness,Nararamdaman ko ang kaunting pagod matapos ang krisis sa bangko ngunit bboboto ako para sa Labour at umaasa sa pinakamabuti.
i feel your soul in mine calling for our beloved,1,joy,Nararamdaman ko ang iyong kaluluwa sa akin na tumatawag para sa ating minamahal.
i feel the most discouraged lonely and stressed,0,sadness,"Nararamdaman ko ang pinakamalaking pagkabigo, kalungkutan, at stress."
i even feel welcomed into their fold,1,joy,Nararamdaman ko pa nga na tinatanggap ako sa kanilang grupo.
i have decided that i will not let the feeling demotivate me and here i am with all my enthusiasm and this diwali special recipe,1,joy,"Nagpasya akong hindi hahayaan ang damdamin na magpawalang-bisa sa akin at narito ako, puno ng sigla at may espesyal na resipe para sa Diwali."
i feel like im in this weird in between stage,4,fear,Parang nasa kakaibang gitnang yugto ako.
i feel cheated and wronged let down and spurned the vine i tended and nursed how could it do this to me,3,anger,"Nararamdaman kong niloloko at pinagkaitan, nabigo at tinanggihan ang ubas na aking inalagaan at pinag-alagaan, paano nito magagawa ito sa akin?"
i am feeling really sad,0,sadness,Napakasaya ko.
i could be really screwed just on waiting for a sitter so i was feeling stressed,3,anger,Maaaring talagang masira ang lahat dahil lang sa paghihintay ng taga-alaga kaya nararamdaman kong stressed.
i feel this strategy is worthwhile,1,joy,Nakikita ko na sulit ang estratehiyang ito.
i was about to feel insulted and show opportunity the finger then the door when it presented the prize two weeks in italy,3,anger,Malapit na akong magalit at ipakita sa pagkakataon ang aking daliri at ang pinto nang ipakita nito ang gantimpala: dalawang linggo sa Italya.
i try to hang out with the both of them then i feel like this awkward third wheel,0,sadness,Sinusubukan kong makipag-bonding sa dalawa pero parang ako ang nakakabinging ikatlong gulong.
i used to feel devastated when someone criticized what i did,0,sadness,"Dati, nabibigo ako kapag pinag-uusapan o pinagmumuraan ang aking mga ginagawa."
i want her to feel energetic and rested,1,joy,Gusto kong maramdaman niya ang enerhiya at pahinga.
i cannot seem to shake this feeling of being completely numb,0,sadness,Hindi ko maalis ang pakiramdam na ganap na walang buhay.
i sleep in a dreamy state waking up feeling dazed every now and then yet the cyber slut in me craves to creep up on here every evening,4,fear,"Natutulog ako sa isang panaginip na estado, nagigising na parang naliligaw minsan, ngunit ang cyber slut sa akin ay nagnanais na magtago dito tuwing gabi."
i can almost feel your delicate heart breaking,2,love,halos maramdaman ko nang nabubuwag ang iyong mahinhin na puso.
i feel like im presenting myself in a less hostile manner now when i am dragged to an event or gathering full of stupid fake people,3,anger,Parang mas hindi na ako agresibo sa pagpakilala ngayon kapag kinakailangan akong dumalo sa isang okasyon o pulong na puno ng mga bobo at pekeng tao.
i almost feel damaged some how,0,sadness,halos nadadamage ako sa paraang hindi ko maintindihan.
i feel less and less the feeling of fear and being afraid and scared,4,fear,Nararamdaman ko nang unti-unti ang pagbaba ng takot at pangamba.
im feeling better than expected,1,joy,Mas mabuti ang pakiramdam ko kaysa sa inaasahan.
i feel like i m on a roller coaster of craziness but i keep in mind that my throne is precious to my lady and i and i will do anything to keep it the way it is even if that means killing the people around me,1,joy,"Nararamdaman kong nasa isang roller coaster ng kabaliwan ako, ngunit tandaan kong mahalaga ang aking trono para sa aking ginang at sa akin, at gagawin ko ang lahat upang panatilihing ganito ito kahit na kailangan kong patayin ang mga tao sa paligid ko."
i don t like being at home it feels so unwelcome in fact i despise it,0,sadness,"Ayaw kong nasa bahay, parang hindi ako tinatanggap, sa totoo lang ay kinamumuhian ko ito."
i am moving on and i feel sorry for you because i thought you were the most amazing boy ever,0,sadness,Nagpapatuloy na ako at nakakaramdam ako ng awa sa iyo dahil akala ko ikaw ang pinakamagandang lalaki.
i was telling her about how i was feeling a bit homesick,0,sadness,Sinabi ko sa kanya na medyo nami-miss ko na ang bahay.
i too feel hopeful for the coming year,1,joy,Ako rin ay may pag-asa para sa darating na taon.
i feel honoured that my clients walk through my doors sometimes for the very first time and trust me with their brand new one week old bundles of joy,1,joy,Nararamdaman kong ipinagmamalaki na minsan ay papasok sa aking pintuan ang aking mga kliyente para sa unang pagkakataon at ititiwala sa akin ang kanilang bagong panganak na sanggol na isang linggo pa lamang.
i feel like i am being punished for going to school,0,sadness,Parang pinarusahan ako dahil pumupunta ako sa paaralan.
im feeling shades of foolish,0,sadness,Nararamdaman kong may halong kahambugan ang aking nararamdaman.
i denied my feelings amp claimed that we were less than what we were cause i was hesitant to jump into anything new,4,fear,Tinanggihan ko ang aking nararamdaman at sinabi na tayo ay mas mababa kaysa sa tunay nating kalagayan dahil natatakot akong sumugal sa isang bagong bagay.
im feeling agitated today,4,fear,Nakakabalisa ang aking pakiramdam ngayon.
i feel like hes scared of a good thing and is sabotaging right now and maybe if i give him space hell come back but i feel like hes had so much space and still doesnt feel like its enough,4,fear,"Parang natatakot siya sa magandang bagay at ngayon ay nagpapabagsak, at baka kung bibigyan ko siya ng espasyo ay babalik siya, pero parang sobra na ang espasyo niya at hindi pa rin sapat."
i feel so deprived since i know nothing about the first battle of bedriacum,0,sadness,Nararamdaman kong lubos na kulang ang aking kaalaman dahil hindi ko alam ang tungkol sa unang labanan sa Bedriacum.
i feel so frustrated but i cant tell them i am,3,anger,Nararamdaman kong sobrang frustado pero hindi ko maibabahagi sa kanila.
i said what i felt needed to be said and in addition to that i was feeling bitchy,3,anger,"Sinabi ko ang nararamdaman kong kailangan sabihin at saka, totoo naman, medyo badtrip ako noon."
i was feeling a bit lonely because poor henrietta had been in the shop for so long and ariel was right in chelmsford waiting for me,0,sadness,"Nararamdaman kong medyo nag-iisa dahil matagal nang nasa tindahan si Henrietta at si Ariel ay nasa Chelmsford, naghihintay sa akin."
i feel extremely mind fucked,3,anger,Napakasira ng aking isipan.
i feel so numb like this life i have been living for the past week has been unreal,0,sadness,"Nararamdaman kong parang nababalot ako ng kawalan ng pakiramdam, parang hindi totoo ang buhay na aking pinagdaanan sa nakalipas na isang linggo."
i feel listless i cant do anything of it,0,sadness,"Nararamdaman kong walang gana, hindi ko kayang gawin ang kahit ano."
i kept having this strong feeling of moving into something i stayed and i was punished for not stepping out when i should,0,sadness,"Lagi akong nararamdaman ang malakas na pagnanais na lumipat sa isang bagay, ngunit nanatili ako at pinarusahan dahil hindi ako lumabas noong dapat."
i am a bit depressed really feeling defeated,0,sadness,"Medyo malungkot ako, tunay na nadarama kong natatalo."
i have a strange feeling that this is going to turn out quite ok and soon enough the ladies pictured above will probably be begging me to brew more of this stuff,1,joy,"May kakaibang pakiramdam akong magiging maganda ang resulta nito at sa lalong madaling panahon, malamang hihingi na ang mga babaeng nasa larawan na ihanda ko pa ang ganitong bagay."
i stopped writing because people stopped noticing me i was feel like i was ignored so why to write but now i feel i write for myself not for people why should i want be noticeable,0,sadness,"Tumigil ako sa pagsusulat dahil tumigil na ang mga tao sa pagpansin sa akin. Nararamdaman kong iniwan ako, kaya bakit pa magsusulat? Ngunit ngayon, nararamdaman kong sumusulat ako para sa aking sarili, hindi para sa mga tao. Bakit ko pa kailangan maging kapansin-pansin?"
i could just picture it with it homely feel and also having the smell of books would just be totally amazing,4,fear,Maaari kong isipin kung gaano ito ka-comfy at ang amoy ng mga libro ay magiging sobrang ganda.
i love the smell it makes me feel invigorated and fresh and happy,1,joy,"Mahal ko ang amoy nito, parang nabibigyan ako ng lakas at pakiramdam na sariwa at masaya."
i could ingrain in my mind all my feelings all my experiences reading it so if i hated everything that happened in the next book i could just go back to the first and pretend nothing ever happened past it,3,anger,"Maaari kong iukit sa aking isipan ang lahat ng aking damdamin, lahat ng aking karanasan habang binabasa ito, kaya kung iiwasan ko ang lahat ng nangyari sa susunod na libro, maaari akong bumalik sa unang libro at magpanggap na wala nang nangyari pagkatapos nito."
i wont complain too much though as it did cool the place down and im feeling nowhere near as hot as i have been lately,2,love,Hindi naman ako masyadong magrereklamo dahil nga ito ay pinainit ang lugar at hindi na ako gaanong mainit gaya ng dati.
i started to sprint even when i consciously thought about my foot not even once did it register to my brain that i was feeling hurt from it,0,sadness,"Nagsimula akong tumakbo nang mabilis kahit na sa aking isipan ay hindi ko pinag-iisipan ang aking paa, hindi man lang ito naitala sa aking utak na nararamdaman ko ang sakit mula rito."
i know now makes me feel outraged,3,anger,Alam ko ngayon ay nagpapasigla ng aking galit.
i feel slightly offended,3,anger,Nararamdaman kong medyo nasasaktan.
i feel the most peaceful and at my best when i m in nature,1,joy,Nararamdaman ko ang pinakamalaking kapayapaan at aking pinakamahusay na sarili kapag nasa kalikasan ako.
i was feeling pretty well in mid october,1,joy,Mabuti ang aking pakiramdam noong kalagitnaan ng Oktubre.
i feel more disgusted with the woman who s undoubtedly banking off this incident the one who handed the pictures off to political pundits who she has to have known would use them in not nice ways,3,anger,"Mas nakakagalit sa akin ang babaeng tiyak na kumikita sa insidente na ito, ang babaeng nagbigay ng mga larawan sa mga politiko na alam niyang gagamitin sa hindi magandang paraan."
i have a feeling that jeremy is not going to be too keen on the vinegary smell that calli is giving off right now,1,joy,May kutob akong hindi magugustuhan ni Jeremy ang maasim na amoy na ibinubuga ni Calli ngayon.
i feel kind of lame this time around,0,sadness,Nararamdaman kong medyo bobo ngayon.
i was feeling very offended at the line of questioning and almost walked out but i stuck around for some reason,3,anger,Napaka-insulto ng mga tanong kaya halos umalis na ako pero may dahilan akong nanatili.
i feel bad the photo does not do it justice,0,sadness,"Masama ang pakiramdam ko, hindi nagpapakita ng tunay na ganda ng larawan."
i perform a submarine cartwheel before i feel a violent tug on my ankle as my board gets hauled towards the beach,3,anger,Nagsasagawa ako ng isang submarine cartwheel bago maramdaman ang isang malakas na paghila sa aking binti habang hinila ang aking board patungo sa baybayin.
ive never thought i would feel so guilty for trying to protect someones feelings,0,sadness,Hindi ko akalaing mararamdaman kong ganito ang kasalanan sa pagtatangka kong protektahan ang damdamin ng isang tao.
i feel less aggravated and upset today i think i realized that its just not worth it it proved to be wasted time and effort pointless and stupid i am fine with not knowing him im uneffected for the time being at least,3,anger,"Mas kaunti ang aking pag-aaksaya at pagkabalisa ngayon. Sa tingin ko, napagtanto ko na hindi naman ito sulit. Ito ay naging sayang na oras at pagsisikap, walang kabuluhan at bobo. Ayos lang sa akin na hindi ko siya kilala, hindi ako naapektuhan ngayon, kahit papaano."
i have been feeling a strong ability to step out of my mind,1,joy,Nararamdaman kong malakas ang kakayahang lumabas sa aking isipan.
i do feel so funny about myself because i seems to want to have good guy image although i have been keep saying wanna go clubbing but ended up did not even go once,4,fear,Nararamdaman kong kakaiba ang pakiramdam ko sa sarili ko dahil parang gusto kong magmukhang mabait kahit lagi kong sinasabi na gusto kong pumunta sa club ngunit hindi ko pa nagawa kahit isang beses.
i was feeling pretty impressed with my potential new boss,4,fear,Napakagulat ko sa aking posibleng bagong amo.
im destashing a couple cuts of fabric that id bought to make clothing and it has just sat around feeling unloved,0,sadness,Naglilinis ako ng ilang piraso ng tela na binili ko para gawing damit ngunit nakaligtaan lang at parang hindi pinahahalagahan.
i was feeling very crappy and it was going down hill the entire week,0,sadness,Masama ang pakiramdam ko buong linggo at tila lalong lumalala ang lahat.
i feel very reluctant talking about death,4,fear,Napakahirap kong pag-usapan ang tungkol sa kamatayan.
the first day i visited the hospital i was disgusted because i experienced offensive smell which i never expected i nearly ran away from the course,3,anger,"Sa unang araw na pumunta ako sa ospital, nabigla ako dahil sa amoy na nakakasuka na hindi ko inaasahan, halos tumakas na ako sa kurso."
i try not to complain or show them my attacks because they feel so helpless like any parent would,4,fear,"Sinusubukan kong hindi mag reklamo o ipakita sa kanila ang aking mga pag-atake dahil parang walang magawa sila, gaya ng anumang magulang."
i just feel so good inside when i see people walking away with their own handmade pieces of,1,joy,Nararamdaman ko ang sobrang saya sa loob ko kapag nakikita kong umalis ang mga tao dala ang kanilang sariling gawang piraso.
i feel a bit relieved,1,joy,Nararamdaman kong medyo nakakarelaks.
i am quite a regular reader of your blog and each time i read an experience i feel the greatness and kindness of our beloved father sai,1,joy,"Madalas akong mambabasa ng inyong blog at sa bawat karanasan na nababasa ko, nararamdaman ko ang dakila at kabutihan ng ating minamahal na Ama Sai."
i am feeling terrific by implementing alternative medicine to maintain my health,1,joy,Masaya ako dahil sa paggamit ng alternatibong gamot upang mapanatili ang aking kalusugan.
i ask him if he is feeling adventurous and wants to see that one since he already booked his friday and saturday nights and i already know he has church stuff on sundays,1,joy,Tinanong ko siya kung pakiramdam niya ay mahilig sa pakikipagsapalaran at kung gusto niyang makita iyon dahil na-book na niya ang kanyang Biyernes at Sabado at alam ko nang may mga gawain siya sa simbahan tuwing Linggo.
i feel curious to know more i think the procedure worked well,4,fear,"Nakakapanibago, gusto kong malaman pa. Sa tingin ko, mabisa ang proseso."
i feel that many people need to worry about their own families their own children and their own self because time is precious,1,joy,"Nararamdaman ko na maraming tao ang dapat mag-alala sa kanilang sariling pamilya, kanilang sariling mga anak, at kanilang sarili dahil mahalaga ang oras."
id done that though it kind of did a on me and i found myself sympathizing with the demons as the church called them and feeling more disgusted with the people who were supposed to be trying to fight them off,3,anger,"Ginawa ko na iyon, bagama't medyo nakaapekto iyon sa akin at natagpuan kong aking nasasangkot sa mga demonyo gaya ng tawag ng simbahan, at nararamdaman kong mas kinakabahan sa mga tao na dapat sana ay naglalaban laban sa kanila."
ive been meeting up many people since this semester but tonight at cinderalla i couldnt help but feeling sorrowful and down,0,sadness,"Mula nang magsimula ang bagong semestre, nakakasalamuha ako ng maraming tao, ngunit ngayong gabi sa Cinderella, hindi ko mapigilang maramdaman ang kalungkutan at pagkabigo."
i won a car in a prizecompetition the moment i was informed about it,1,joy,Nanalo ako ng kotse sa isang paligsahan ng premyo nang malaman ko ito.
i feel so overwhelmed my heart beats hard i m going as fast as i can and when my husband calls to see how i m doing i crack,4,fear,"Nararamdaman kong sobrang nababalot, mabilis ang tibok ng puso ko, tumakbo ako nang pinakamabilis ko kaya at nang tawagan ako ng asawa ko para malaman kung okay lang ako, nabasag ako."
i feel popular but they dont want to be taught and they wont get married before the get baptized so they cant obviously,1,joy,Nararamdaman kong sikat ako ngunit ayaw nilang matuto at hindi sila mag-aasawa hangga't hindi sila nabautismuhan kaya hindi naman sila makakagawa ng...
i know i said that i would get this to you guys next week however i am feeling pretty generous so ill give you guys the scoop right now,1,joy,"Alam kong sinabi kong ibibigay ko ito sa inyo sa susunod na linggo, pero nararamdaman kong medyo maluwag ang loob ko kaya bibigyan ko na kayo ng detalye ngayon."
i can feel it coming and im determined to see it through,1,joy,Nararamdaman ko na ito'y darating at determinado akong tapusin ito.
i feel most of your parents are republicans i shall not overload the stories with feeling or the need for society to be blamed for the outcome,0,sadness,"Nararamdaman kong karamihan sa inyong mga magulang ay mga Republikano, hindi ko hahaba ang mga kwento ng damdamin o ang pangangailangan na sisihin ang lipunan para sa resulta."
im feeling very uncomfortable which isnt helping im sure,4,fear,"Napakasakit ng pakiramdam ko, at hindi ito tumutulong, sigurado ako."
i am feeling all melancholy,0,sadness,Nararamdaman ko ang lahat ng kalungkutan.
when my father passed away in i was left alone with my mother who was very sick so i had to go and live with my aunt,0,sadness,"Nang pumanaw ang aking ama noong ako ay bata pa, iniwan akong mag-isa kasama ang aking ina na lubhang may sakit kaya kailangan kong manirahan sa aking tiya."
i feel welcomed cared for and ready to be pleased,1,joy,"Nararamdaman kong tinatanggap, inaalagaan, at handa akong mapasaya."
im feeling pretty comfortable,1,joy,Nararamdaman kong medyo komportable.
i was feeling kind of resentful about it since its april and all,3,anger,Nararamdaman ko ang kaunting sama ng loob dahil Abril na at lahat.
i always feel this way in these moods but it s still unpleasant,0,sadness,Lagi akong nakakaramdam nito sa ganitong kalagayan ngunit hindi pa rin ito maganda.
im feeling virtuous i do a spinach feta cranberry salad with balsamic viniagrette,1,joy,"Nararamdaman kong mabuti ang aking sarili dahil nagluto ako ng salad na may spinach, feta, cranberry, at balsamic vinaigrette."
i want them to feel eager to attend a amp m i want them to feel like they belong,1,joy,"Gusto kong maramdaman nila ang kilig na dumalo sa isang A&M, na parang kabilang sila."
i feel petty and mean unemotional when im with her,3,anger,"Nararamdaman kong maliit at masama, walang emosyon kapag kasama ko siya."
i feel so special that so many people prayed so hard for me,1,joy,Nararamdaman kong espesyal dahil maraming tao ang nanalangin nang husto para sa akin.
i feel like people dont really want me in their company but also they dont want to hurt my feelings,0,sadness,Parang ayaw nila akong kasama pero ayaw din nilang masaktan ang aking damdamin.
i am thankful for my job and feeling so blessed everyday,1,joy,Nagpapasalamat ako sa aking trabaho at nararamdaman ang pagpapala araw-araw.
i believed it was true love and feel devastated i wanted to settle down and have the whole marriage and kids thing with him,0,sadness,Naniniwala akong totoo ang ating pag-ibig at lubos akong nasaktan dahil gusto kong magtayo ng tahanan at magkaroon ng buong pamilya kasama siya.
i feel this strong urge to stop the work trip,1,joy,Nararamdaman kong malakas ang pagnanais kong ihinto ang paglalakbay para sa trabaho.
i feel oddly nostalgic for those early days when we were all still figuring things out,2,love,Nararamdaman kong kakaiba ang aking pag-nostalya para sa mga unang araw na tayo'y lahat ay nagsisimula pa lamang mag-unawa.
i aint pissed angry mad or anything i just feel pretty much fuckin insulted,3,anger,"Hindi ako galit, nainis, o kahit ano, pero nararamdaman kong lubos na nilalait."
i feel like maybe a yoga class and later a long hot soak in the tub with some beautiful perfumed bath salts,2,love,Parang gusto kong mag-yoga muna at pagkatapos ay mahabang mainit na pagligo sa bathtub kasama ang mga magagandang bath salts na may pabango.
i feel burdened both figuratively and literally,0,sadness,"Nararamdaman kong mabigat ang aking pasanin, kapwa sa diwa at sa katawan."
i am feeling called to show up in a more faithful way,2,love,Nararamdaman kong tinawag akong magpakita nang mas tapat.
i am still working through the guilt of feeling selfish for self preservation without the justification that i must survive to bring up my babies,3,anger,Patuloy pa rin akong nagdadalamhati dahil sa pagiging makasarili ko sa pag-iingat sa sarili nang wala akong makatwirang dahilan na dapat akong mabuhay upang alagaan ang aking mga anak.
i know its only the beginning of and im already feeling fucked,3,anger,Alam kong ito'y simula pa lamang at ako'y nararamdaman nang nababaliw.
i often feel resentful of anything that seems good,3,anger,Madalas akong magdamdam ng poot sa kahit anong bagay na tila mabuti.
i sing i feel weird,4,fear,"kumakanta ako, parang may kakaiba."
i am feeling so ridiculously uncomfortable these days the rising temperatures dont help and i have added wicked heartburn to the list of things keeping me up at night,4,fear,"Napakasakit ng pakiramdam ko ngayon, lalo na dahil sa init na tumataas at dahil sa matinding pagsusunog ng aking dibdib na hindi na ako makatulog."
i can feel the presence of my beloved behind me and i tilt my neck to the side smiling at the feel of his lips against my shoulder,2,love,"Nararamdaman kong nasa likuran ko ang aking minamahal at ikinahilig ko ang aking leeg sa gilid, ngumiti habang nararamdaman ang halik niya sa aking balikat."
i am already feeling like i am being less productive,1,joy,Nararamdaman ko na parang bumababa na ang aking produktibo.
i even mentioned him was to show i want to trust you with my feelings hoping you would not think i was being rude mean coercive or pushy,3,anger,"Sinabi ko nga siya para ipakita na gusto kong ipagkatiwala sa iyo ang aking damdamin, na sana hindi mo ako akalain na bastos, masama, pilit, o nagmamadali."
i get out if bed and look in the mirror i feel brave,1,joy,"Lumabas ako sa kama at tumingin sa salamin, nararamdaman kong matapang."
i am that woman who will notice and i will send one your way even on days when i feel discouraged myself,0,sadness,Ako ang babaeng mapapansin at ipapadala sa iyo kahit sa mga araw na ako mismo ay nababawasan ang loob.
i feel content sending packet after packet out into the world,1,joy,Nararamdaman kong kontento habang nagpapadala ng pakete pagkatapos ng pakete sa mundo.
i was feeling drained before i even sat in the chair,0,sadness,Nababawasan na ang aking lakas bago pa man ako maupo sa upuan.
i am back at home feeling irritable about that since ive been looking forward to the party all week,3,anger,"Umuwi ako at nararamdaman ang pag-irita dahil sa nangyari, dahil buong linggo akong naghihintay sa party."
i think back through jesus many miracles it feels like he takes each case individually and heals them in a way that will be the most loving and helpful to them,2,love,"Naisip ko, sa maraming himala ni Hesus, parang tinitignan niya bawat kaso nang indibidwal at gumaling sa kanila sa paraang pinakamamahal at makakatulong sa kanila."
i feel pathetic to report that i know about as much korean after these three months as i did italian after a three week vacation in italy,0,sadness,Parang tanga akong magsasabi na alam ko halos pareho tungkol sa Koreano pagkatapos ng tatlong buwan gaya ng alam ko tungkol sa Italyano pagkatapos ng tatlong linggong bakasyon sa Italya.
i feel like i m damaged goods and that he deserves better than this,0,sadness,Nararamdaman kong parang sira na ako at siya ay karapat-dapat sa mas mabuti kaysa sa akin.
i can feel rejected just because someone needs to sleep,0,sadness,Nararamdaman kong tinatanggihan dahil kailangan lang ng isang tao na matulog.
ive felt even more centered here and pleased w how things are going w out feeling complacent,1,joy,Naramdaman kong mas nakahanay ako dito at masaya sa takbo ng mga bagay nang hindi nadadala sa komportableng pagiging kampante.
i feel for loving you,2,love,Nararamdaman ko ang pagmamahal ko sa iyo.
i know i am not alone when i say i often feel rushed,3,anger,Alam kong hindi ako nag-iisa kapag sinasabi kong madalas akong makaramdam ng pagmamadali.
i feel many readers are amazed by the many ways the whitley family has influenced hollywood and continues to influence today,4,fear,Marami akong nababasang mambabasa na namangha sa maraming paraan kung paano ang pamilya Whitley ay nakaapekto sa Hollywood at patuloy pa ring nakakaimpluwensya ngayon.
i know this isnt real but it feels strange to me at times,4,fear,Alam kong hindi ito totoo ngunit minsan ay kakaiba ang pakiramdam ko dito.
i had to choose the sleek and smoother feel of the sweet revenge made drawing and handling the blaster a bit nicer,2,love,Kailangan kong piliin ang makinis at mas makinis na pakiramdam ng sweet revenge kaya mas naging maganda ang pagguhit at paghawak ng blaster.
ive finished it i feel foolish for having put any expectations on the story when i began reading it,0,sadness,"Tapos ko na ito, parang tanga ako dahil nagkaroon ako ng inaasahan sa kwento noong nagsimula akong basahin ito."
i miss time with my husband and not feeling rushed to get back home to relieve our caregiver,3,anger,Namimiss ko ang oras kasama ang aking asawa at hindi nararamdaman ang pagmamadali na umuwi para palitan ang ating caregiver.
i felt humiliated and belittled me because it keyed into all of my trigger points it made me feel stupid and inarticulate and laughable and flattened about something i m passionate about knowledgeable about and see as my place in the world,0,sadness,"Nadama kong napagkaitan ng dignidad at binabae dahil na-trigger lahat ng aking kahinaan. Ginawa akong pakiramdam na bobo, hindi marunong magpahayag, nakakatawa, at parang wala nang halaga tungkol sa isang bagay na aking pinagsisikapan, alam ko, at itinuturing kong aking lugar sa mundo."
i feel that i am not important enough to live not worthy enough to struggle any longer no one will miss me or even care that i have gone,1,joy,"Nararamdaman kong hindi ako sapat na mahalaga upang mabuhay, hindi sapat na karapat-dapat upang magsikap pa, walang makakalimot o mag-aalala na ako'y nawala."
i feel lethargic and sluggish and i absolutely notice that at night its harder to fall asleep,0,sadness,"Nararamdaman kong pagod at mabagal, at lalo kong napansin na sa gabi mas mahirap matulog."
i literally just text tychelle to see if she wants to hang out because reading what i just wrote about my nonexistent social life made me feel so pathetic,0,sadness,Literal na nagtext lang ako kay Tychelle para malaman kung gusto niyang magkita dahil nakaramdam ako ng sobrang pagkahiya pagkatapos basahin ang aking isinulat tungkol sa aking wala namang buhay panlipunan.
im feeling a bit dull today but a href http thepage,0,sadness,Nararamdaman kong medyo mapurol ang aking pakiramdam ngayon ngunit may isang pahina na maaaring magbigay ng liwanag.
i feel like i m always beaten up by some sort of evil people,0,sadness,Parang lagi akong binabato ng mga masasamang tao.
i feel that i need to be more generous with my offerings to them especially in hunting and fishing,2,love,"Nararamdaman kong kailangan kong maging mas mapagbigay sa aking mga handog sa kanila, lalo na sa pangangaso at pangingisda."
i feel like a proud mother watching their child grow and develop into an adult and quite seriously my business is like a child to me,1,joy,"Parang isang mapagmamalaking ina akong nanonood habang lumalaki at umuunlad ang kanilang anak tungo sa pagiging matanda, at totoo naman, parang anak din sa akin ang aking negosyo."
i mention that i feel ignored and sad on my crappy birthdays he reminds me that he threw a th birthday party for me,0,sadness,"Sinabi ko na nararamdaman kong iniwan at malungkot sa mga masamang kaarawan ko, siya naman ay nagpapaalala na nag-organisa siya ng isang ika-18 na kaarawan para sa akin."
i feel rushed trying to get everything together late at night,3,anger,Nararamdaman kong nagmamadali habang sinusubukang ayusin ang lahat nang huli na ng gabi.
i feel that entertainers as talented as williams become part of our lives,1,joy,Nararamdaman kong ang mga artista na kagaya ni Williams ay naging bahagi na ng ating buhay.
i want a natasha gan dress just cos i can wear it out and feel fab i want blue suede boots the colour of the ocean i want i want i want i need none of the above but it won t stop me going to chadstone tonite or tomorrow,1,joy,"Gusto ko ng damit ni Natasha Gan dahil pwede kong isuot kahit saan at magmukhang maganda. Gusto ko ng asul na suede boots na kulay dagat. Gusto ko, gusto ko, gusto ko! Hindi ko kailangan ng lahat ng iyon, pero hindi ko iyon hahayaang pigilan akong pumunta sa Chadstone ngayong gabi o bukas."
i am convinced that being encouraged to be obedient to the commandments of god when done with compassion and love by caring church family members do not leave us feeling abused trapped and hopeless but strengthened hopeful and cherished by both god and his church,0,sadness,"Naniniwala ako na ang paghihikayat na maging masunurin sa mga utos ng Diyos, kung gagawin ito nang may pagmamahal at awa ng mga miyembro ng simbahan na nag-aalaga, ay hindi tayo iiwan na nadudurog, nakakulong, at walang pag-asa, kundi palalakasin, magkakaroon ng pag-asa, at mamahalin ng parehong Diyos at ng kaniyang simbahan."
i wasn t motivated i was tired and my guilt was making me feel worthless,0,sadness,"Hindi ako nabighani, pagod ako at ang aking pagsisisi ay nagpaparamdam sa akin na walang halaga."
i have also realized that while i may feel fabulous some days today is proof that im still right there in it with all my listeners,1,joy,"Napagtanto ko rin na kahit na minsan ay pakiramdam kong kahanga-hanga, ang araw na ito ay patunay na nasa gitna pa rin ako kasama ang lahat ng aking mga tagapakinig."
when i saw all the starving people in ethiopia on tv it felt awful to see such suffering,3,anger,"Nang makita ko sa telebisyon ang lahat ng mga nagugutom na tao sa Ethiopia, nakaramdam ako ng pagkadismaya sa pagtingin sa ganitong paghihirap."
i really dont like attention because i feel pressured to think about a topic and talk,4,fear,Talagang ayaw ko ng pansin dahil nadarama kong pinipilit akong mag-isip tungkol sa isang paksa at magsalita.
i had just begun to feel like teaching was my metier but am now resigned to the fact that i likely wont teach at university ever again,0,sadness,Nagsisimula ko nang maramdaman na ang pagtuturo ang aking kasanayan ngunit ngayon ay sumusuko na ako sa katotohanan na malamang ay hindi na ako magtuturo sa unibersidad kailanman muli.
i feel about hot moms,2,love,Nararamdaman ko tungkol sa mga mainit na ina.
i didnt want to hurt her feelings and am fond of avoiding conflict when these situations arise,2,love,Ayaw kong masaktan ang kanyang damdamin at mahilig akong iwasan ang alitan kapag nangyayari ang ganitong sitwasyon.
i am currently feeling very aggravated,3,anger,Napaka-irita ko ngayon.
id feel triumphant or something,1,joy,Magiging matagumpay o kaya'y parang nanalo ako.
im totally digging and all the band business over the last little while i feel like ive been totally socially and emotionally neglectful of a lot of shit in my world,0,sadness,"Sobrang nasisiyahan ako sa lahat ng tungkol sa banda kamakailan, pero parang nababalewala ko na ang maraming bagay sa aking mundo, sosyal at emosyonal man."
i feel all funny just thinking about it,4,fear,Nakakakilig lang isipin iyon.
i feel like if you can t admit that you ve always been a little bit weird or a little bit quirky it s just taking yourself too seriously,4,fear,"Parang kung hindi mo kayang aminin na lagi kang medyo kakaiba o medyo kakaiba ang ugali, parang masyadong seryoso ka sa sarili mo."
i feel like a greedy person for liking two people,3,anger,Parang isang makasarili akong tao dahil gusto ko ang dalawang tao.
im feeling doodly playful artistic hungry puzzled trendy stellar and wonderful,1,joy,Nararamdaman kong doodly playful artistic gutom puzzled trendy stellar at kahanga-hanga.
i feel accepted as long as i am real and am not pious uppity and religious for the sake of religion,1,joy,"Nararamdaman kong tinatanggap ako basta't totoo ako at hindi mapagmataas, mapagkunwari, o relihiyoso lamang para sa relihiyon."
i feel curious about this one i think i might fall in love by uncle montagues tales of terror,4,fear,"Nakakakuryosidad ako dito, baka mahulog ako sa pag-ibig dahil sa mga kuwento ng takot ni Uncle Montague."
i know is that right now i feel like i am still in th grade trying to be as useful as my little legs will let me be,1,joy,"Alam ko lang na ngayon, parang nasa unang baitang pa ako, sinusubukan kong maging kapaki-pakinabang hangga't kaya ng aking maliit na binti."
i really enjoy having the weekend off i feel naughty for not doing but i am still getting results and it is a really nice treat,2,love,"Talagang nasisiyahan ako kapag may weekend off ako, parang may kasalanan ako dahil hindi nagtatrabaho pero nakakakuha pa rin ako ng resulta at talagang magandang gantimpala ito."
i was a child i stole rmb from my grandfather maternal and i feel i exceptionally wronged him,3,anger,"Noong bata pa ako, ninakaw ko ang pera mula sa aking lolo sa ina at nararamdaman kong lubos akong nagkasala sa kanya."
i am feeling quite smug,1,joy,Nararamdaman kong medyo mapagmataas.
ive borne witness to the suffering of other innocent children at the hands of the violent and i feel helpless in trying to make things better for them,0,sadness,Naging saksi ako sa pagdurusa ng mga batang inosente sa kamay ng mga marahas at nararamdaman kong walang magawa upang mapabuti ang kanilang kalagayan.
im feeling really hateful and disgruntled about my job but i sure hope i dont lose it for being late,3,anger,"Napakasakit at nakakainis ng trabaho ko ngayon, pero sana hindi ako mawalan ng trabaho dahil sa pagkaantala."
i kept waking up and feeling glad the dream was over then i would fall back asleep only to the dream continuing,1,joy,"Lagi akong nagigising at nakakaramdam ng kagalakan na natapos na ang panaginip, ngunit babalik ako sa pagtulog at muling magpapatuloy ang panaginip."
i cant help how i feel aside with a few like dick hobbs and rebecca mcpherson im not exactly a popular guy at school,1,joy,"Hindi ko mapipigilan kung paano ako nakakaramdam, maliban sa ilang tulad ni Dick Hobbs at Rebecca McPherson, hindi ako eksaktong sikat sa paaralan."
i mean i feel that a bgr should be treasured and not dumped like some people i know going steady having to find themselves dumped or they dump,2,love,"Ibig kong sabihin, nararamdaman kong dapat pahalagahan ang isang relasyon at hindi basta-basta itapon gaya ng ginagawa ng ilang tao na nakakasalubong ko, na matagal nang magkasama, bigla na lang iniwan o iniwan din nila ang isa't isa."
im feeling like there are no casual dylan fans,1,joy,Parang wala akong nakikitang mga casual na tagahanga ni Dylan.
i do feel drained and totally exhausted today,0,sadness,Nararamdaman kong lubos na pagod at ganap na pagod ngayon.
im currently in a phase of feeling very positive and optimistic about graduation though that tends to range on a daily basis between euphoria and deep deep depression so no bets on how ill feel about it tomorrow,1,joy,"Ngayon, nasa yugto ako ng pagiging sobrang positibo at optimistiko tungkol sa pagtatapos, bagama't ito ay nagbabago araw-araw sa pagitan ng euforia at malalim na depresyon kaya walang taya kung paano ako mararamdaman tungkol dito bukas."
i am feeling inspired to write a parody piece but not today as i have been in too much of a bad mood,1,joy,Nararamdaman kong inspirasyon na sumulat ng isang parody piece ngunit hindi ngayon dahil masyadong masama ang aking pakiramdam.
i love how soft they make my hair feel and it gives my hair a lovely natural looking shine to it,2,love,Gustung-gusto ko kung paano nila ginagawang malambot ang aking buhok at nagbibigay ng magandang natural na ningning dito.
i think i like how it feels more lively in the dorama,1,joy,"Sa tingin ko, gusto ko ang pakiramdam na mas buhay ang kuwento sa dorama."
i think im just feeling sentimental right now p aaaaand tis another work day tomorrow,0,sadness,"Siguro, nadarama ko lang ang aking pagka-sentimental ngayon, p aaaaand bukas naman ay isa pang araw ng trabaho."
i was feeling irritable and grumpy today so i came home for lunch took a nap,3,anger,Naramdaman kong mairrita at magulo ang aking pakiramdam ngayon kaya umuwi ako para kumain ng tanghalian at matulog.
ive been feeling restless in my career,4,fear,Nararamdaman kong hindi ako komportable sa aking karera.
i feel fine about that,1,joy,Mabuti naman ako doon.
i felt good and feel fine today too,1,joy,Masaya ako ngayon at maganda rin ang pakiramdam ko.
i feel deeply and truly content,1,joy,Nararamdaman kong lubos at tunay na kontento.
i am just feeling grumpy and sore,3,anger,Nararamdaman ko lang ang pagiging maungol at pananakit.
i don t think anyone feels curious about masala movies they are just light entertainers,4,fear,"Hindi ko akalaing may magtatanong tungkol sa masala movies, basta sila ay mga simpleng libangan."
i love the treadmill and i am actually so used to it that i actually feel intimidated running outside,4,fear,Mahal ko ang treadmill at sobrang sanay na ako rito kaya natatakot akong tumakbo sa labas.
i was feeling particularly bitchy and i dont think i adequately expressed my appreciation for that,3,anger,Nararamdaman ko ang pagiging maarte at hindi ko siguro sapat na ipinahayag ang aking pasasalamat para doon.
i didn t feel as terrified or as nervous as i normally would in that type of situation,4,fear,Hindi ako nadaramaang kasing-takot o kasing-kabalisa gaya ng aking karaniwang nararamdaman sa ganitong uri ng sitwasyon.
i feel assaulted the new kid whined,4,fear,"Nararamdaman kong sinalakay ako, reklamo ng bagong estudyante."
i think i m feeling dissatisfied with my life,3,anger,"Iniisip ko, hindi ako masaya sa aking buhay."
i guess it s that whole i need a hobby thing to feel worthwhile smart and important,1,joy,"Siguro kailangan ko ng libangan para maramdaman na may halaga, matalino, at mahalaga ako."
i feel outraged that my life is so easy so blessed,3,anger,Nagagalit ako na ang buhay ko ay ganito kadali at ganito karami ang biyaya.
i posed in cutesy vintage ways all the time feeling absolutely freaking fabulous,1,joy,"Lagi akong nagpo-pose sa mga cute at vintage na paraan, at nararamdaman ang sobrang saya at pagiging maganda."
i feel the show was a success for me and i am glad that i did it and i have decided that i will do pg live in may too so better get planning,1,joy,"Nararamdaman kong matagumpay ang palabas para sa akin at masaya akong nagawa ko ito, at nagpasya akong gagawin ko rin ang PG live sa Mayo, kaya mas mabuting magplano na."
i feel is glamorous will be shared there,1,joy,Nararamdaman kong magiging glamoroso iyon at ibahagi doon.
i have been going around feeling like i have roundly abused my poor tongue so ravaged by hops has it become i think it is a challenge to think of taste as a really physical sensation,0,sadness,"Naglalakad ako palagi na parang inaabuso ko ang aking dila, napaka-sira na nito dahil sa mga hops, akala ko mahirap na isipin ang lasa bilang isang tunay na pisikal na pandamdam."
i also hate feeling aggravated when i dont know how i am supposed to eat because when i feel that way i often sound that way,3,anger,"Ayaw ko rin ng pakiramdam na nagagalit kapag hindi ko alam kung paano ako dapat kumain dahil kapag nararamdaman ko iyon, kadalasan ay ganun din ang tunog ko."
i have to actually tell myself to breathe breathe breathe in and out when i feel absolutely terrified because i know i can t just go home that the life i missed isn t there anymore,4,fear,"Kailangan kong sabihin sa sarili ko na huminga, huminga, huminga ng malalim at palabas kapag nararamdaman kong lubos na natatakot dahil alam kong hindi ko basta-basta mauuwi at ang buhay na aking minamahal ay wala na."
i did feel ecstatic as i no longer belong to that school,1,joy,Naramdaman kong sobrang saya dahil hindi na ako kabilang sa paaralang iyon.
i feel quietly ecstatic over the painless change in our grocery expense,1,joy,Nakakatuwa akong tahimik na masaya sa walang sakit na pagbabago sa aming gastusin sa grocery.
i am feeling so incredibly blessed for the life i have been given and the people that god has put in it,1,joy,Napakalaking biyaya ko ang buhay na ibinigay sa akin at ang mga taong inilagay ng Diyos dito.
i know how you feel and im sorry,0,sadness,Alam ko kung ano ang nararamdaman mo at humihingi ako ng tawad.
i feel very lucky to live in a warm home with the three people i love most,1,joy,Napakaswerte ko na mabuhay sa isang mainit na tahanan kasama ang tatlong taong pinakamamahal ko.
i feel like watching a show or a movie after the kids are in bed i make sure to hop on my elliptical or spin bike for at least minutes of the show before i settle down and stretch out for the night,1,joy,"Pagkatapos matulog ang mga bata, gusto kong manood ng palabas o pelikula. Siguraduhin kong sumakay muna ako sa aking elliptical o spin bike ng hindi bababa sa ilang minuto bago ako magpahinga at mag-stretch para sa gabi."
i went but i did feel shaky,4,fear,Pumunta ako ngunit hindi ko maalis ang pakiramdam na may kaba.
i can feel is horrible that for someone somewhere theyve felt that bad and worse,0,sadness,"Nakakaramdam ako ng pagkadismaya na may tao sa kahit saan na nakaranas ng ganung kalala, o mas masahol pa."
i feel re invigorated and full of ambition,1,joy,Nararamdaman kong nabubuhay muli at puno ng ambisyon.
i can feel him kick and move and know that it will be ok,1,joy,"Nararamdaman ko siyang tumatapak at kumikilos, at alam kong magiging maayos ang lahat."
i feel petty things but not to the extent that humans seem to feel them wars have been started over stupid little things and try as i might i cannot understand how things such as loving two people or feeling jealous can lead to murder and unhappiness,3,anger,"Nararamdaman ko ang maliit na bagay ngunit hindi sa antas na nararamdaman ng mga tao; nagsimula ang mga giyera dahil sa mga walang kabuluhang bagay at kahit gaano ko subukan, hindi ko maintindihan kung paano ang pagmamahal sa dalawang tao o ang pagiging seloso ay maaaring humantong sa pagpatay at kawalan ng kagalakan."
i didnt feel surprised i didnt feel upset i didnt feel angry i didnt feel anything,4,fear,"Hindi ako nagulat, hindi ako nalungkot, hindi ako nagalit, hindi ako nakaramdam ng kahit ano."
i feel the love and i thank you for it pagetitle popular news abc news u,1,joy,Nararamdaman ko ang pagmamahal at nagpapasalamat ako dito.
i typically respond when i feel offended,3,anger,Karaniwan akong tumutugon kapag nararamdaman kong nasasaktan ang aking damdamin.
i remember feeling surprised and stunned that a writer of the stature and quality of lauren had read one of my books long ago,4,fear,Naalala ko ang pagkagulat at pagkabigla ko na nabasa pala ng isang manunulat na katulad ni Lauren ang isa sa aking mga aklat noon pa man.
im clocking in the scale in the s and i feel terrible,0,sadness,Nakakapasok ako sa timbangan ngayon at sobrang hindi maganda pakiramdam ko.
i was grateful for each and every one but it still made me feel funny,4,fear,Nagpapasalamat ako sa bawat isa ngunit nagpaparamdam pa rin ito ng kakaiba.
i feel even more empty,0,sadness,Nararamdaman kong mas lalong walang laman.
i also feel ungrateful after hearing stories from my grandma about people she knew at hospitals or nursing homes who had no one to talk to at all and for whom simple small talk was a huge step,0,sadness,"Nararamdaman ko rin ang kawalan ng pasasalamat pagkatapos makinig sa mga kwento ng aking lola tungkol sa mga taong nakilala niya sa mga ospital o tahanan ng mga matatanda na walang makausap at para sa kanila, ang simpleng pakikipag-usap ay isang malaking hakbang."
i feel privileged to be amongst this new culture and learn new things,1,joy,Nararamdaman kong isang karangalan na makasama sa bagong kultura at matuto ng mga bagong bagay.
i am not even attempting to plan to be perfect that week it wont happen so i need to make a plan to atleast get through it without feeling deprived or mad at myself,0,sadness,"Hindi ko nga pinaplano na maging perpekto sa buong linggo, hindi naman mangyayari iyon, kaya kailangan kong gumawa ng plano para kahit papaano makalusot nang hindi ako makararamdam ng pagkukulang o galit sa sarili ko."
i know ive talked about this before and i know that eric has talked about how the same thing happened on his mission just how like sometimes you feel like you get super overwhelmed by all the stuff you have to do and its just so easy to be really hard on yourself the mental game if you will,1,joy,"Alam kong napag-usapan na natin ito noon at alam kong pinag-usapan din ni Eric kung paano nangyari ang parehong bagay sa kanyang misyon, gaya ng kung minsan ay nadarama mong sobrang nababalot ng lahat ng dapat mong gawin at napakadaling maging sobra sa sarili, ang laro ng isipan kung tawagin."
i beside see smiling feel very funny,4,fear,"Nakikita kong nakangiti siya, at nararamdaman kong medyo nakakatawa."
i had this strange feeling that she was incredibly distressed,4,fear,May kakaibang pakiramdam akong lubos siyang nalulungkot.
im feeling sorry for myself i think of miss jimmy who had nothing and yet was thankful for everything,0,sadness,"Nakakaramdam ako ng awa sa sarili ko, naaalala ko si Miss Jimmy na wala man ay nagpapasalamat sa lahat."
i hadnt read on a blog before and you guys i feel thrilled that i know you at all,1,joy,"Hindi ko pa nababasa ang blog noon at kayo, sobrang saya ko na nakilala ko kayo."
i knows is the boy makes her feel weird and yuuki doesnt know what to tell her,4,fear,"Alam ko, ang lalaki ay nagpaparamdam sa kanya ng kakaiba at hindi alam ni Yuuki kung ano ang sasabihin sa kanya."
i feel like a regretful soul,0,sadness,Parang isang nagsisisiang kaluluwa ako.
i feel resigned to my lot in life being that i watch everyone else become a parent,0,sadness,Nadarama kong tinanggap ko na ang aking kapalaran sa buhay dahil nakikita kong lahat ng iba ay nagiging magulang.
i view jesus as a human being through whom i and others feel weve encountered the divine i dont view him as a superman,1,joy,"Nakikita ko si Hesus bilang isang tao kung saan ako at ang iba ay nararamdaman nating nakasalamuha ang diyos, hindi ko siya bilang isang superman."
i don t particularly have too much to say on it as it works well but doesn t particularly feel like it s something very clever or new,1,joy,Hindi ko masyadong may sasabihin tungkol dito dahil gumagana ito nang maayos ngunit hindi ko nararamdaman na ito ay isang bagay na napakatalino o bago.
i did not feel in the least smart,1,joy,Hindi ako nakaramdam ng kahit kaunting katalinuhan.
i feel like thats a cop out having safe people,1,joy,"Parang takas lang iyon, may mga ligtas na tao."
i always get questions about blocking in my classes and its a topic i feel pretty passionately about as a knitter and as a teacher,1,joy,Lagi akong tinatanong tungkol sa pag-block ng mga tela sa aking klase at isang paksa ito na aking pinag-iibigan bilang isang knitter at bilang isang guro.
i do meet that i do date will continue to be sources of apathy or worse people whom i feel i have wronged or in whose confidence i act in bad faith,3,anger,"Nakikita ko na ang aking mga pagkikita at mga petsa ay magpapatuloy na maging pinagmumulan ng apatiya o mas masahol pa, mga tao na sa tingin ko ay aking nilinlang o kung saan ako kumikilos nang hindi tapat sa kanilang tiwala."
i really dont feel very sociable in that bar anymore,1,joy,Hindi ko na talaga nararamdaman ang pagiging sosyal sa bar na iyon.
ive never been a huge holiday person but i definitely feel more festive more hopeful more willing to celebrate others joys,1,joy,"Hindi ako isang malaking mahilig sa mga pista, pero tiyak na nararamdaman ko ang mas masayang, mas may pag-asa, at mas handang ipagdiwang ang mga kagalakan ng iba."
i feel like i m teetering on the edge of hoarding insanity when it comes to my beloved clothing,2,love,Parang nasa gilid na ako ng pagkabaliw sa pagtitipid ng damit kapag nakikita ko ang mga minamahal kong damit.
i feel like the apothecary in romeo and juliet an unfortunate comparison perhaps,0,sadness,"Parang apotekaryo ako sa Romeo at Juliet, isang hindi magandang paghahambing marahil."
i feel pretty most of the time,1,joy,"Karamihan sa panahon, nakakaramdam ako ng maganda."
i feel very honored to be on the shortlist and congratulate wish all nominees the very best for tonights awards thank you age scotland for the kindness div class intro style background color fff color font family trebuchet ms helvetica bitstream vera sans sans serif font size,1,joy,"Napakalaking karangalan para sa akin na makasama sa shortlist at ipinagmamalaki ko ang lahat ng mga nominado at sana ay ang pinakamahusay para sa mga parangal ngayong gabi. Salamat, Age Scotland, sa inyong kabutihan."
i feel like ive become more relaxed as a parent,1,joy,Nararamdaman kong mas nakakarelaks na ako bilang magulang.
i do feel a bit deprived of a typical experience,0,sadness,Nararamdaman ko na medyo kulang ako sa isang karaniwang karanasan.
i worried over the feeling of supposed to being at church but rich and dr,1,joy,Nag-aalala ako sa pakiramdam na dapat nasa simbahan ngunit mayaman at may sakit.
i have i feel excited nervous and a little bit sad,1,joy,"Nakakakilig, nakakakaba, at medyo malungkot ako."
i wonder how this feeling of being sentimental can help me through the agony of writing a report which dues tomorrow,0,sadness,Nagtataka ako kung paano matutulungan ako ng ganitong damdamin ng pagka-sentimental sa pagdadaanan ng sakit sa pagsusulat ng ulat na dapat na ihain bukas.
i guess i m a sucker for the grand and endless battle between apparent good and apparent evil and i m no different than anyone else who feels they have the divine gift of discernment in situations like this,1,joy,"Siguro ako'y isang taong madaling ma-engganyo sa malawak at walang hangganang labanan sa pagitan ng anyong mabuti at anyong masama, at hindi ako naiiba sa sinuman na nakakaramdam na mayroon silang banal na kakayahan sa pagtukoy sa mga ganitong sitwasyon."
i feel so sorry for the people affected,0,sadness,Napakasakit ng nararamdaman ko para sa mga naapektuhan.
i didnt feel any real emotional connection this not being so much a character driven story,0,sadness,"Hindi ako nakaramdam ng tunay na emosyonal na koneksyon, dahil hindi ito isang kwentong nakasentro sa mga karakter."
i feel like a guilty sack of shit,0,sadness,Parang isang may sala at maruming sako ako.
i cant begin to think of how that would feel morose doesnt even begin to cover it,0,sadness,"Hindi ko maikakaila ang pakiramdam na iyon, malungkot nga lang ay hindi sapat na paglalarawan."
i had a sudden feeling of missed opportunity here i could have asked how their evening was going,0,sadness,"May biglang pakiramdam akong nawala ang pagkakataon dito, sana nagtanong ako kung paano ang kanilang gabi."
i swear it made me feel a lot better,1,joy,"Pinapangako ko, mas naging mabuti ang pakiramdam ko."
i shouldnt feel gloomy,0,sadness,Hindi dapat ako mawalan ng saya.
i feel like i love all romantic comedies that sort of have a mixed tone so some of woody allen s work obviously and jim brooks and some of the earl billy wilder films like the apartment,2,love,"Nararamdaman kong mahal ko ang lahat ng rom-com na may halo-halong tono, tulad ng ilang pelikula ni Woody Allen, siyempre, at ni Jim Brooks, pati na ang ilan sa mga pelikulang ni Earl Billy Wilder tulad ng ""The Apartment."""
i woke up this morning feeling content despite yesterday being a day involved in mundane paperwork that government bureaucrats revel in,1,joy,Gumising ako ngayong umaga na nakaramdam ng kasiyahan kahit na ang nakaraang araw ay puno ng pang-araw-araw na papeles na tinatamasa ng mga opisyal ng gobyerno.
i didn t feel like i could face the day but i clung onto the verse the lord is gracious and compassionate as i started the morning,2,love,"Hindi ko naramdaman na kaya kong harapin ang araw, ngunit yakap ko ang talata: ""Ang Panginoon ay maawain at mahabagin,"" habang nagsisimula ang umaga."
ive fallen asleep embracing a person but never a book and we both woke up this morning feeling kind of awkward about it,0,sadness,"Natutulog ako habang yakap ang isang tao ngunit hindi kailanman isang libro, at pareho kaming nagising ngayong umaga na medyo nahihiya tungkol dito."
i have found if i can make time for quiet reflection or even just pause in the chaos i can feel god s peace and his gentle comfort,2,love,"Natuklasan ko na kung may panahon ako para sa tahimik na pagninilay o kahit na lamang huminto sa gitna ng kaguluhan, nararamdaman ko ang kapayapaan ng Diyos at ang kanyang mahinahong kaginhawahan."
i feel strange actually sitting beside some people i don t know,4,fear,Nakakakaba pala na nakaupo ako tabi ng mga taong hindi ko kilala.
i had the feeling stubborn and ridiculous and possibly several more colourful turns of phrase as the children were all still asleep were on the tip of her tongue but she settled for heaving a sigh and turning to leave,3,anger,"Naramdaman niya ang pagiging matigas ang ulo at kahangalan, at marahil ilang iba pang mas matingkad na salita na nasa kanyang dila ngunit pinili niyang huminga ng malalim at umalis."
i feel like i rather have loyal readers than followers that don t ever look at my blog,2,love,Mas gugustuhin kong may mga tapat na mambabasa kaysa mga tagasunod na hindi ko man lang nakikita sa aking blog.
i fear that other people ask me about my feelings i am most reluctant to talk about things,4,fear,"Natatakot akong tanungin ng iba tungkol sa aking nararamdaman, ayaw kong pag-usapan ang mga bagay na iyon."
i feel so dumb for being honest,0,sadness,Nararamdaman kong tanga dahil sa aking katapatan.
i have an uncomfortable feeling that there actually was an important lesson there for me to learn,1,joy,May kakaibang pakiramdam ako na may mahalagang aral nga pala doon na dapat kong matutuhan.
i don t want to feel anything i want to be numb,0,sadness,"Ayaw kong maramdaman ang kahit ano, gusto kong maging bingi sa lahat ng nararamdaman."
i am aware of a level of unrest and feeling uncertain and i will sit with it for now,4,fear,"Alam ko ang antas ng kawalan ng katiyakan at pag-aalala, at para ngayon ay tatanggapin ko ito."
i just feel like weve been living in a weird time warp like its only wednesday,4,fear,"Parang nabubuhay tayo sa kakaibang time warp, parang linggo pa lang ng Miyerkules."
i remember sitting in my family room in dallas watching the story unfold in new york so many years ago and feeling so helpless,4,fear,"Naalala ko noong nakaupo ako sa aming sala sa Dallas at nanonood ng mga pangyayari sa New York, ilang taon na ang nakalipas, at naramdaman ang kawalan ng magawa."
i really feel stupid,0,sadness,Talagang nararamdaman kong tanga.
i must say it is a wonderful feeling and makes me feel so submissive,0,sadness,"Dapat kong sabihin, maganda ang pakiramdam nito at nagpaparamdam sa akin ng sobrang pagsunod."
i find myself feeling sentimental pretty much every day,0,sadness,Nararamdaman ko ang aking sarili na ma sentimental halos araw-araw.
i never realized just how awful my mother has been feeling about her lack of energy and independence until i had this operation and have been so wimpy and tired,4,fear,Hindi ko napagtanto kung gaano kasakit ang nararamdaman ng aking ina tungkol sa kanyang kakulangan ng enerhiya at kalayaan hanggang sa ako ay nagkaroon ng operasyon at naging ganito kasira at pagod.
i feel so sorry for californians,0,sadness,Nakakaramdam ako ng malaking awa para sa mga taga-California.
i felt good in a way where i really didn t feel the tension of being punished for a day,0,sadness,Naramdaman kong mabuti sa paraang hindi ko talaga naramdaman ang tensyon ng parusa sa loob ng isang araw.
i feel stumped something comes out of my pen and im always a little amazed by this,4,fear,"Nararamdaman kong nabibighani, may lumalabas sa aking panulat at lagi akong medyo namangha dito."
i know what it feels like to legitemately liked by someone that somehow got me to feel the same way which trust me takes alot i want that in my life,2,love,"Alam ko kung paano ang pakiramdam na tunay na gusto ng isang tao at sa paraang iyon, naramdaman ko rin ang parehong nararamdaman, at maniwala ka, mahirap iyon. Gusto ko iyon sa buhay ko."
i feel that as we study him we find that he was indeed a perfect example of what any christian and especially a latter day saint should be,1,joy,"Nararamdaman ko na habang pinag-aaralan natin siya, natutuklasan natin na siya ay tunay na perpektong halimbawa ng dapat na maging anumang Kristiyano, lalo na ang isang miyembro ng Simbahan sa mga huling araw."
i doubt theres any greater reluctance by federal authorities to employ tear gas and plain force if they feel threatened,4,fear,Nag-aalinlangan ako kung may mas malaking pag-iwas ng mga awtoridad ng federal na gumamit ng gas na pang-iyak at karahasan kung sila ay mararamdaman na nanganganib.
i read which i feel i didn t need to read makes me a little grumpy,3,anger,"Nagbabasa ako ng mga bagay na sa tingin ko ay hindi ko kailangan basahin, at ito ay nagpapasigla sa akin ng kaunti."
i am so grateful to feel the energy of life within my body to feel the pleasant vibration in my hands feet body and head,1,joy,"Napakasaya ko na maramdaman ang enerhiya ng buhay sa aking katawan, ang kasiya-siyang pag-vibrate sa aking mga kamay, paa, katawan, at ulo."
ill write again soon cant wait to hear from everyone im feeling pretty homesick right now,0,sadness,"Isusulat ko ulit nang madali, hindi ko mapigilan ang pag-asa na marinig mula sa inyong lahat, medyo nami-miss ko na ang tahanan ngayon."
i feel the most important thing is just someone makes you very comfortable thats all,1,joy,"Ang pinakaimportante para sa akin ay mayroong isang tao na nagpaparamdam sa iyo ng lubos na komportable, iyon na lamang."
i feel safe beautiful and appreciated,1,joy,"Nararamdaman kong ligtas, maganda, at pinahahalagahan."
i feel like the dust in me has been shaken and still has not settled,4,fear,Parang ang alikabok sa loob ko ay nabigwasan at hindi pa rin nakakabagsak.
i think maybe about how strongly she feels about him and being there for him but brad looks really distracted,3,anger,"Iniisip ko marahil kung gaano kalakas ang nararamdaman niya para sa kanya at kung paano siya makakatulong, pero mukhang abala si Brad."
i feel so cluster fucked in my head,3,anger,Parang sobrang gulo ng isipan ko.
i enjoy making the people i love feel treasured and loved on their special day,2,love,Masaya akong ginagawa ang mga taong mahal ko'y pakiramdam na pinahahalagahan at minamahal sa kanilang espesyal na araw.
i always feel that it is profoundly worthwhile,1,joy,Lagi kong nararamdaman na lubos itong nagkakahalaga.
i can feel the damage in aching joints headaches backaches etc,0,sadness,"Nararamdaman ko ang pinsala sa mga sumasakit na kasukasuan, pananakit ng ulo, pananakit ng likod, atbp."
i always feel so unimportant so much that i always wonder if people remember my birthday,0,sadness,"Lagi akong nakakaramdam na hindi ako mahalaga, kaya lagi akong nagtatanong kung alala pa ba ng mga tao ang aking kaarawan."
i used to have this friend who always always had to have a boyfriend and if she didnt she would get majorly depressed and feel defective or something and i think she was that way because of her mom and i always felt really bad for her,0,sadness,"Dati, may kaibigan akong palaging kailangan may boyfriend at kung wala, malulungkot siya nang husto at mararamdaman niyang may kulang sa kanya, at akala ko ganyan siya dahil sa kanyang ina, at lagi akong nakakaramdam ng awa para sa kanya."
i read through the ol feefyefo space i feel amazed at how much i could blabber and how transparent i was with my life,4,fear,Nabasa ko ang mga lumang post sa espasyo ng Feefyefo at napahanga ako sa kung gaano ako marunong mag-kwento at gaano ako bukas sa aking buhay.
i feel good having defended the sanctity of the span style webkit text size adjust auto webkit text stroke width px background color white color display inline,1,joy,"Masaya ako dahil pinoprotektahan ko ang kabanalan ng [span style=""webkit-text-size-adjust: auto; webkit-text-stroke-width: px; background-color: white; color: display: inline;""]web[/span]."
i keep wondering why im hitting walls of grief and loss even while im having fun or feeling excited or enjoying some wonderful friends and pre summer time experiences,1,joy,"Lagi akong nagtatanong kung bakit ako nakakabangga ng mga pader ng kalungkutan at pagkawala kahit na masaya ako, o nakakaramdam ng kilig, o nasisiyahan sa mga magagandang kaibigan at mga karanasan bago ang tag-araw."
i want to be swept off my feet and feel special rather than just being told i am,1,joy,"Gusto kong ma-sweep off my feet at maramdaman ang espesyal, kaysa basta sinasabi lang na espesyal ako."
when i heard about the way a parent of a friend had mistreated him,3,anger,Nang malaman ko ang paraan ng pang-aabuso ng magulang ng kaibigan ko sa kanya.
i worry that he s feeling resentful for doing woman s work,3,anger,Nag-aalala ako na siya ay nakaramdam ng sama ng loob dahil ginagawa ang trabaho ng babae.
i still feel like i get walked all over but well i m trying,1,joy,"Parati pa rin akong nadadaanan, pero susubukan ko pa rin."
i was feeling a little grumpy thinking about everything that needs to get done but flipping it around this way well now i m ready to roll up my sleeves write some to do lists and get to work,3,anger,"Nararamdaman ko ang kaunting pagmamadali dahil sa lahat ng kailangang gawin, pero pagbabago ng pananaw, ngayon ay handa na akong i-roll up ang mga manggas, gumawa ng mga listahan ng mga dapat gawin, at magtrabaho na."
i thought he was just the type that doesn t show his feelings i laughed and convinced myself that i don t know what s happening beyond closed doors so who am i to make conclusions,1,joy,"Akala ko lang ay hindi niya basta ipinakikita ang kanyang damdamin, natawa ako at pinaniwalaan ang aking sarili na hindi ko alam ang nangyayari sa likod ng saradong pinto kaya sino ako para gumawa ng konklusyon."
i can feel myself getting agitated at all the constant noise chatter,4,fear,Nararamdaman kong nagagalit ako sa lahat ng patuloy na ingay at bulungan.
i must bring some perspective into the equation consider how you would feel if you went a week without calling and then phoned up to find out youd missed your final opportunity to talk with a parent,0,sadness,Dapat kong ipakita ang tamang pananaw sa sitwasyon. Isipin mo kung paano ka mararamdaman kung isang linggo kang hindi nagtawag at pagkatapos ay tumawag upang malaman mong na-miss mo ang huling pagkakataon mong makausap ang iyong magulang.
i find myself chasing the needles and feeling stressed during the entire process,0,sadness,Nakikita kong sinusundan ko ang mga karayom at nararamdaman ang stress sa buong proseso.
i feel bad that i don t have anything for you,0,sadness,Masama ang pakiramdam ko dahil wala akong maibibigay sa iyo.
i feel like a jaded cat whatever who doesn t ever get nervous before races because i ve just done so many and i couldn t care less,0,sadness,"Parang isang pagod na pusa ako, hindi na kinakabahan sa mga karera dahil marami na akong naranasan at wala nang pakialam."
i neither ask for nor deserve to feel frightened when any kook puts me in danger for any reason,4,fear,Hindi ako humihingi o karapat-dapat matakot kapag sinasaktan o inilalagay sa panganib ng kahit sino.
i said eventually it brings me down again not only because of the sugar that it contains which as i said ends up making me feel groggy and gives me a tummy ache but also because of the guilt i feel afterwards,0,sadness,"Sinabi ko na sa huli, ito ay bumubaba sa akin muli hindi lamang dahil sa asukal na laman nito na gaya ng sinabi ko ay nagdudulot sa akin ng pagod at sakit ng tiyan, kundi pati na rin dahil sa nararamdaman kong pagsisisi pagkatapos."
i feel beaten by it,0,sadness,Nararamdaman kong talo ako rito.
i try not to make anyone feel uncomfortable,4,fear,Sinusubukan kong hindi magpapakita ng anumang bagay na maaaring magpahirap sa iba.
i feel like i can take on the world and even if it says no to me i wont be afraid and will not be discouraged,4,fear,"Nararamdaman kong kaya kong harapin ang mundo, at kahit tanggihan ako, hindi ako matatakot at hindi ako mapapahiya."
i can spend my life condemning others i feel have wronged my people or me and yet my own consequences are strangely bitter,3,anger,"Maaari akong gugulin ang aking buhay sa pagkondena sa iba na aking nadarama'y nagkasala sa aking bayan o sa akin, ngunit ang aking sariling parusa ay kakaibang mapait."
i feel utterly dismayed that our favourite lloyd grossman product has been ditched,0,sadness,Lubos akong nabigo na ang ating paboritong produkto ni Lloyd Grossman ay iniwan na.
i am bogged down by the feelings of being unloved it only ends up making me feel worthy of love that is being showered upon me how can i feel the love and joy if i feel deep within me unworthy,0,sadness,"Nalulubog ako sa damdaming hindi minamahal, at ito'y nagdudulot lamang sa akin ng pakiramdam na karapat-dapat ako sa pagmamahal na ibinibigay sa akin. Paano ako makakaramdam ng pag-ibig at kagalakan kung sa aking kaloob-looban ay nararamdaman kong hindi ako karapat-dapat?"
i do feel welcomed,1,joy,Nararamdaman kong tinatanggap ako.
i feel louis vuitton took it up to the court and now on for instance ebay you cannot buy fake lv anymore well not on purpose that is,0,sadness,"Nararamdaman kong inakusahan ng Louis Vuitton ang mga nagbebenta ng pekeng produkto at ngayon, halimbawa sa eBay, hindi ka na makakabili ng pekeng LV, hindi naman sa sinasadya iyon."
i want be there when she passed away or when she was not feeling good and same with my brother and other grandparents,1,joy,"Gusto kong naroon kapag siya'y pumanaw o kapag hindi siya maganda ang pakiramdam, at pareho rin sa aking kapatid at ibang lolo't lola."
im feeling lately vulnerable impressionable and a little emotional,4,fear,"Nararamdaman ko ngayon na mahina, madaling maimpluwensyahan, at medyo emosyonal."
i asked if anyone has ever confessed their feelings for someone and got accepted rejected,1,joy,Itanong ko kung may nag-amin na ng kanilang nararamdaman sa isang tao at tinanggap o tinanggihan.
ive tried and tried and every single person i hang out with i just feel like everything about it is fake,0,sadness,"Subok ko na at subok ko pa, at bawat tao na kasama ko, parang lahat ay pekeng-peke."
im stuck feeling hopeless at this time,0,sadness,Nalulugmok ako at nadama ang kawalan ng pag-asa ngayon.
im feeling hesitant to put much else into words,4,fear,Nag-aalinlangan akong magdagdag pa ng maraming salita.
i feel horrible about wanting sonipro amp source geekparty linkedin a target blank title share on tumblr rel nofollow href http www,0,sadness,"Nararamdaman kong masama ang pakiramdam ko dahil gusto kong magkaroon ng sonipro amp source geekparty linkedin, isang target blank title share on tumblr rel nofollow href http www."
i started to feel fine sleep wouldnt come to me,1,joy,"Nagsimulang maganda ang pakiramdam ko, pero hindi ako makatulog."
i feel like im loving them even more now that im working again i appreciate every snuggle and feeding just a little more since i miss so much when im gone,2,love,"Nararamdaman kong lalong umiibig ako sa kanila ngayon na nagtatrabaho na ako, higit kong pinahahalagahan ang bawat yakap at pagpapakain dahil mas nami-miss ko sila kapag wala ako."
i tell my a little how much i hate feeling needy how i hate that moment when i know ive become too attached in my own head,0,sadness,"Sinabi ko sa kanya kung gaano ko kinamumuhian ang pakiramdam na nangangailangan, kung gaano ko kinamumuhian ang sandaling alam kong naging labis akong nakakabit sa aking sariling isipan."
i feel like ive hated on this series a lot since ive started blogging so a little honesty is in order,0,sadness,Parang sobrang pinagmumura ko na itong serye mula nang magsimula akong mag-blog kaya nararapat na magbigay ng kaunting totoo.
i have trusted mike with some deeply personal information and feelings and have delighted in seeing this trust rewarded in pragmatic advice and practical outcomes,1,joy,"Nagtitiwala ako kay Mike sa ilang malalim na personal na impormasyon at damdamin, at nasiyahan akong makita na ang tiwala na ito ay nababayaran sa praktikal na payo at mga praktikal na resulta."
i feel pretty relieved and psyched that they actually got to see something penn said as members of the production team sifted through the mounds of trash pulling out boxes games and other atari products,1,joy,"Nararamdaman kong malaking kaluwagan at saya na nakita nila ang ilang sinabi ni Penn habang sinusuri ng mga miyembro ng produksiyon ang mga tambak ng basura, kinukuha ang mga kahon, laro, at iba pang produkto ng Atari."
i feel that i no longer have to do things to look cool,1,joy,Nararamdaman kong hindi na ako kailangang gumawa ng mga bagay para magmukhang cool.
ive always been a giver not a taker i feel selfish in considering this idea,3,anger,"Lagi akong nagbibigay, hindi tumatanggap. Nakakaramdam ako ng pagmamataas kung iniisip ko itong ideya."
i feel more adventurous willing to take risks img src http cdn,1,joy,Nararamdaman kong mas mahilig sa pakikipagsapalaran at handang kumuha ng mga panganib.
i am left feeling numb and shaky,0,sadness,Nararamdaman kong numb at may kiliti ang katawan.
i could continue feeling awful and crying to all my friends and focus on how wronged i had been and end up feeling worse,0,sadness,Maaari akong magpatuloy na maramdaman ang pagkabahala at umiyak sa lahat ng aking mga kaibigan at tumutok sa kung gaano ako nabigo at magtapos na mas masahol pa ang pakiramdam ko.
i feel so honored and grateful that these wonderful people have entrusted us with this beautiful boy as our son,1,joy,Nararamdaman kong lubos ang karangalan at pasasalamat na ipinagkatiwala sa amin ng mga taong ito ang magandang batang ito bilang aming anak.
i feel apprehensive while opening the blue door,4,fear,Nakakakaba akong buksan ang asul na pinto.
i wander into the depths of the markets because i m feeling curious,4,fear,Naglalakad ako sa kalagitnaan ng mga palengke dahil nagiging interesado ako.
im not going to gush too much about the relationship but just know that im feeling very content these days,1,joy,"Hindi ako mag-e-exaggerate tungkol sa relasyon namin pero alam mo, sobrang kontento ako ngayon."
i feel humiliated i choose to believe that somehow janis sanders will see these words and know that he cannot get away with abusing others,0,sadness,"Nararamdaman kong pinahiya ako, ngunit pipiliin kong maniwala na sa isang paraan, makikita ni Janis Sanders ang mga salitang ito at malalaman niyang hindi siya makatakas sa pang-aabuso sa iba."
i feel as if i am completely worthless,0,sadness,Nararamdaman kong lubos akong walang halaga.
i feel remorseful but i am not ready to die and i do not look in the mirror,0,sadness,Nararamdaman ko ang pagsisisi ngunit hindi ako handa mamatay at hindi ko tinitingnan ang salamin.
i definetly need both as i have been feeling quite lethargic,0,sadness,Kailangan ko talaga pareho dahil nararamdaman kong medyo pagod.
im feeling determined to face facts have a gander at my donut a href http,1,joy,"Nararamdaman kong determinado na harapin ang katotohanan, tingnan mo ang aking donut."
i do feel a little bashful about it,4,fear,Nararamdaman ko pong medyo nahihiya tungkol dito.
i do not feel assured in myself and i bet i know a few who can relate,1,joy,Hindi ako sigurado sa aking sarili at sigurado akong may ilang makaka-relate.
i feel frustrated sometimes with my mac lipsticks when i have to read names or open each of them to select shade,3,anger,"Minsan, naiirita ako sa aking mga MAC lipstick kapag kailangan kong basahin ang mga pangalan o buksan ang bawat isa upang piliin ang kulay."
i don t fit in and never will despite the fact if you gave me the option i would still choose to be an outsider and combined with the lack of creativity and originality and dare i say it the utter conformity of the student body it just makes me feel depressed,0,sadness,"Hindi ako nababagay at hindi na rin ako magbabago kahit na bigyan mo ako ng pagpipilian, pipiliin ko pa rin na maging isang outsider. Kasabay nito ang kakulangan ng pagkamalikhain at orihinalidad, at kung sasabihin ko man, ang ganap na pagsunod sa alituntunin ng mga estudyante ay nagpapahirap lamang sa akin."
i feel unpleasant time is long,0,sadness,"Hindi ko maganda ang nararamdaman, parang matagal ang oras."
i think i can finally articulate it the prius is in its own shiny happy al gore wearing patagonia in alaska way somewhat insidious in that it makes driving feel like a virtuous act,1,joy,"Sa tingin ko, maaari ko nang ipahayag nang malinaw: ang Prius ay nasa sariling makinang at masayang paraan, parang si Al Gore na nakasuot ng Patagonia sa Alaska, medyo nakakapinsala dahil ginagawa nitong parang isang mabuting gawa ang pagmamaneho."
im feeling much more optimistic than i was just before coming here or en route here,1,joy,Mas optimistiko ako ngayon kaysa bago ako dumating o habang papunta dito.
i dont know if its easier to have a mental illness or watch someone you love battle with it but today i think the hardest thing is feeling helpless to stop it,0,sadness,"Hindi ko alam kung mas madali bang magkaroon ng sakit sa isip o panoorin ang isang mahal mo na naglalaban dito, pero ngayon, ang pinakamahirap ay ang pakiramdam na walang magawa upang pigilan ito."
i know that this pair of socks took about two months to make but i feel that was because yours truly was truly distracted by the strings as i like to call it,3,anger,"Alam kong dalawang buwan ang ginugol sa paggawa ng pares na ito ng medyas, pero sa tingin ko dahil ako mismo ay lubos na nabighani sa mga sinulid, gaya ng tawag ko rito."
i can feel the frantic beat of his heart but cookie s voice is surprisingly clear,4,fear,Nararamdaman ko ang mabilis na tibok ng kanyang puso ngunit ang boses ni Cookie ay nakakagulat na malinaw.
during lectures,1,joy,sa panahon ng mga lektura
i did feel a little lighter in spirit now that i knew that neither he nor warrick despised me for my incredible naivety and stupidity,3,anger,"Naramdaman ko ang kaunting pagliwanag sa aking kalooban ngayon na alam kong wala silang dalawa, siya man o si Warrick, ang nagtatanim ng poot sa akin dahil sa aking malaking kabataan at katangahan."
i run to him when i feel threatened and insecure,4,fear,Tuloy-tuloy akong tumatakbo sa kanya kapag nararamdaman kong nanganganib at hindi ako sigurado.
i liked the ending but i did feel like it was a little bit rushed,3,anger,Gustung-gusto ko ang wakas ngunit parang medyo mabilis lang.
i am feeling rather artistic and felt like sharing some of my artwork,1,joy,Nararamdaman kong medyo malikhain at gustong ibahagi ang ilan sa aking mga obra.
i feel like this project will actually help me pick a valuable car that is decent looking as well as efficient to my everyday use,1,joy,"Nararamdaman kong makakatulong itong proyekto upang mapili ko ang isang sasakyan na may halaga, maganda ang hitsura, at epektibo sa aking pang-araw-araw na paggamit."
i say we because it makes all the difference as a parent when you have an open and easy to talk to teacher who you really feel is the perfect fit for your child,1,joy,"Sabi ko, tayo, dahil malaki ang pagkakaiba bilang magulang kapag mayroon kang bukas at madaling kausap na guro na tunay mong nararamdaman na perpekto para sa iyong anak."
i feel happy now that i am enjoying the changes in my life and looking forward to the unknown good times that are yet to come autumn and winter are suddenly just new steps on the journey,1,joy,Masaya ako ngayon dahil nasisiyahan ako sa mga pagbabago sa buhay ko at inaabangan ang mga magagandang panahon na darating pa. Ang taglagas at taglamig ay biglang naging bagong hakbang sa paglalakbay.
i was feeling pretty low about that but joan saw my disappointment and lifted my spirit with corinthians,0,sadness,Nararamdaman ko ang pagkababae dahil doon ngunit nakita ni Joan ang aking pagkabigo at pinataas niya ang aking kalooban gamit ang mga salita mula sa mga Korinto.
i couldnt help feeling a little envious of what treats the body power people might have in store for them demonstrations of super strength perfect specimens glistening with accentuating oil exercise gear to be seen in,3,anger,"Hindi ko mapigilang maramdaman ang kaunting inggit sa mga espesyal na pagkain at pagtrato na marahil ay inihanda para sa mga taong may kakayahang magpapakita ng lakas, mga perpektong halimbawa na makinang sa langis na nagpapalabas ng kanilang mga hugis, at mga kagamitan sa ehersisyo na nakikita ng lahat."
i feel troubled and also terrified your minute my partner and i view hundreds of white jackets and obtain caught from the surgeons evaluating area sterile and clean smelling and brimming with numerous devices,0,sadness,Nararamdaman kong nababahala at natatakot tuwing nakikita ko ang maraming puting damit at nakakulong sa silid ng mga doktor na malinis at amoy esteril na puno ng mga kagamitan.
i hide this secret inside of me away from everyone because i feel ashamed and like i have no assistance in making it better,0,sadness,"Itatago ko itong lihim sa loob ko, malayo sa lahat, dahil nahihiya ako at parang wala akong makatutulong para maayos ito."
i dont know if i cans trust him and i dont know how he feels about trusting me,1,joy,Hindi ko alam kung maaasahan ko siya at hindi ko alam kung paano niya nararamdaman ang pagtitiwala sa akin.
i feel greedy about wanting to see this film series continue,3,anger,"Gusto kong magpatuloy ang seryeng pelikula na ito, parang may kasalanan akong nararamdaman."
i have to admit that i feel a little irate as well but its under control,3,anger,"Kailangan kong aminin na nararamdaman ko rin ang kaunting galit, pero nasa kontrol ito."
i dont have a yeast infection in the vagina i could be feeling irritated by yeast due to my diet so i should stop eating lots of sugary foods if i can,3,anger,"Wala akong impeksiyon sa leeg, baka lang ako nainis dahil sa lebadura dahil sa aking pagkain kaya dapat tigilan ko ang pagkain ng maraming matatamis."
i cant help but feel that if i hadnt had been so selfish then i could have sheltered you from feeling this way now,3,anger,"Hindi ko mapigilan ang pakiramdam na kung hindi ako naging makasarili noon, sana'y nabigyan kita ng proteksiyon mula sa nararamdaman mo ngayon."
i am plagued by awkward feelings the charming tale of a not so charming gal named me,1,joy,Ako'y binabagabag ng mga kakaibang damdamin sa nakakaakit na kwento ng isang hindi gaanong kaakit-akit na babae na pinangalanang ako.
i feel more lively,1,joy,Masigla ako.
i have swung between feeling resentful that others need me to feeling ashamed and angry that i am not more with it and able to be a better daughter sister friend citizen,3,anger,"Nag-aalinlangan ako sa pagitan ng pagiging magreklamo dahil kailangan ako ng iba at pagiging nahihiya at galit dahil hindi ako sapat na handa at kaya maging isang mas mabuting anak, kapatid, kaibigan, at mamamayan."
i feel i am determined to regain my routine i once had and of which i was so proud,1,joy,Nararamdaman kong determinado akong maibalik ang aking dating gawain na aking ipinagmamalaki.
i didn t feel alarmed at all,4,fear,Hindi ako nag-alala kahit papaano.
i feel extremely honoured and flattered that you are turning to me for advice in this matter and hope that i can help you with your decision,1,joy,"Napakalaking karangalan at kagalakan ko na ikaw ay humihingi ng payo sa akin tungkol dito, at sana ay makatutulong ako sa iyong desisyon."
i was years old at one time knowing my dad wasnt coming home and its the worst feeling i have ever felt and ive hated you since and it wont ever change,3,anger,"Noon, bata pa ako nang malaman kong hindi na uuwi ang aking ama, at iyon ang pinakamasamang pakiramdam na naranasan ko, at mula noon ay nagalit ako sa iyo at hindi na iyon magbabago."
i came into this quarter feeling really invigorated and now because of work im back to where i was at the end of spring quarter not sleeping not eating well not taking care of myself not doing good work,1,joy,"Pumasok ako sa quarter na ito na talagang nabigyang-sigla at ngayon dahil sa trabaho, bumalik ako sa punto kung saan ako noong katapusan ng tagsibol na quarter - hindi natutulog, hindi kumakain ng maayos, hindi nag-aalaga sa sarili, at hindi gumagawa ng magandang trabaho."
i would feel very ungrateful if i didnt thank you all and you know who you are,0,sadness,"Magiging lubhang hindi ko magpapasalamat kung hindi ko kayo pasasalamatan, at alam ninyo kung sino kayo."
i feel glamorous rich enough for enriching my perfume collection even more haha,1,joy,"Nararamdaman kong glamoroso at mayaman na sapat para palawakin pa ang koleksyon ng aking pabango, haha."
i feel like that when i try to try on relationship traditions that i and the people i care about get damaged,0,sadness,Nararamdaman ko iyon kapag sinusubukan kong ipatupad ang mga tradisyon ng relasyon na nagdudulot ng pinsala sa akin at sa mga taong mahal ko.
i was on the phone with tech support today and it turns out i have something in common with the guy on the phone we both have thoughts and feelings are are curious about this world,4,fear,"Nakikipag-usap ako sa tech support kanina at nalaman kong mayroon kaming pagkakatulad ang kausap ko sa telepono, pareho kaming may mga iniisip at nararamdaman at pareho kaming nagtatanong tungkol sa mundo."
i may feel uncomfortable or just want to give up,4,fear,Maaaring makaramdam ako ng hindi komportable o gustung-gusto ko nang sumuko.
i should feel like there is much to do sure because there is but not so much that im overwhelmed unhappy and not enjoying my time with my family,1,joy,"Dapat akong maramdaman na may marami pang dapat gawin, siyempre dahil mayroon, ngunit hindi gaanong marami hangga't ako'y nahihirapan, malungkot, at hindi nasisiyahan sa aking oras kasama ang aking pamilya."
i am feeling so stunned and sad about the earthquake in christchurch new zealand yesterday,4,fear,"Napakagulat at malungkot ko dahil sa lindol sa Christchurch, New Zealand kahapon."
i also suspect that like me those who feel like they want to die will be reluctant to share that information with anyone because it is so freaking scary,4,fear,"Ako rin ay nag-aalinlangan na gaya ko, ang mga taong nadarama ang pagnanais na mamatay ay mag-iingat na huwag ibahagi ang impormasyong iyon sa sinuman dahil lubhang nakakatakot iyon."
i would like to experience but i just wished to depart from the others to lay down and relieve myself from this odd sense of nausea and avoid having to make anyone feel bad about having brought up the restaurant in the first place,0,sadness,Gusto kong maranasan ngunit sana ay makalayo ako sa kanila upang magpahinga at mawala ang kakaibang pagsusuka at maiwasan ang pagpapahiya sa kanila dahil sa pagbanggit ko ng restaurant.
im feeling that longing urge to create something again,2,love,Nararamdaman ko ang matinding pagnanais na lumikha muli ng isang bagay.
i feel this way i know it has a reputation for a student population eager to join this culture but somehow i doubt its just northwestern,1,joy,"Nararamdaman ko ito, alam kong may reputasyon ito para sa isang estudyanteng populasyon na handang sumali sa kulturang ito ngunit sa ilang paraan, nag-aalinlangan ako na ito ay simpleng Northwestern lamang."
i can use these moments as an opportunity to feel that radiant beautiful soul that has been hidden for so long behind those walls,1,joy,Maaari kong gamitin ang mga sandaling ito bilang pagkakataon upang maramdaman ang maliwanag at magandang kaluluwa na matagal nang nakubli sa likod ng mga pader.
ive been feeling helpless since superstorm sandy hit one of my favorite places in the world and i suspect a lot of you share that feeling,4,fear,"Nararamdaman kong walang magawa mula nang dumating ang Superstorm Sandy sa isa sa aking mga paboritong lugar sa mundo, at inaakala kong marami sa inyo ang nakakaranas din ng ganitong pakiramdam."
i just feel that there is too much too many pages too many descriptions of stars too many supporting characters,2,love,"Nararamdaman ko lang na sobrang dami na ng mga pahina, sobrang dami ng mga paglalarawan ng mga bituin, sobrang dami ng mga katulong na karakter."
i cannot feel more sincere,1,joy,Hindi ko maibibigay ang mas malalim na katapatan.
i feel is strange rel bookmark november a href http eagleandhammer,4,fear,"Nakakagulat na may bookmark na ito mula noong Nobyembre, isang link patungo sa eagleandhammer."
i feel curious reserved habits was nothing else,4,fear,"Nakakakuryosidad ako, ngunit maingat at may mga nakasanayan na hindi ko kayang baguhin."
i may not feel amazing all the time but i am capable of much more than just lighting another cigarette,1,joy,"Hindi ako lagi nakakaramdam ng kahanga-hanga, ngunit kaya kong gawin nang higit pa sa pagsusunog ng isa pang sigarilyo."
i start feeling crappy i just have to toss this on and bam i am singing and dancing and shimmy ing my shoulders just like whitney,0,sadness,"Kapag nararamdaman kong hindi maganda ang pakiramdam ko, kailangan ko lang isuot ito at biglang kumakanta at sumasayaw ako, at kumikilos ang aking balikat gaya ni Whitney."
i hopped on the scale this morning feeling none too optimistic,1,joy,Sumakay ako sa timbangan kaninang umaga na hindi gaanong positibo ang pakiramdam.
i even feel that he is still feel gloomy and moody till now,0,sadness,Nararamdaman ko pa rin na malungkot at mapag-isip siya hanggang ngayon.
i am feeling a tad lonely about his absence now,0,sadness,Nararamdaman ko ngayon ang kaunting kalungkutan dahil sa kanyang kawalan.
i just feel resentful and show my resentment by eating tempura and sundaes,3,anger,Nararamdaman ko lang ang pagka-inggit at ipinapakita ko ito sa pamamagitan ng pagkain ng tempura at sundaes.
i get the feeling this miserable narrator is pining for an ex lover dreaming of her return and wonders whether he should unlock his door in case she should come this way and in and have a drink and dancing,0,sadness,"Nararamdaman kong malungkot na itong tagapagsalaysay ay nagmamahal pa sa kanyang ex-lover, nangangarap ng kanyang pagbabalik, at nag-aalinlangan kung dapat niyang buksan ang pinto niya baka dumating siya at mag-inom at sumayaw."
i feel like i would have more direction that i would still feel innocent,1,joy,Nararamdaman kong magkakaroon ako ng mas malinaw na direksyon ngunit mananatili akong walang sala.
i believe if you have happy and healthy relationships you are likely to feel much more energized and inspired which will be reflected in your overall health and appearance,1,joy,"Naniniwala ako na kung may masayang at malusog na relasyon ka, malamang na mararamdaman mo ang malaking enerhiya at inspirasyon na magpapakita sa iyong pangkalahatang kalusugan at anyo."
i didnt feel any tragic estrangement between superman and his family perhaps because of the playing perhaps because unlike batman he already had one,0,sadness,"Hindi ko naramdaman ang anumang malungkot na paglayo sa pagitan ni Superman at ng kanyang pamilya, marahil dahil sa paglalaro, marahil dahil hindi katulad ni Batman ay mayroon na siyang isa."
i feel amazed at the world,4,fear,Nababighani ako sa mundo.
i feel absolutely assured in informing you that you need to get your hands on this set,1,joy,Makakasigurado akong kailangan mong makuha ang set na ito.
i feel that if i make one mistake everything will shatter like a delicate crystal flower that slipped from my grasp,2,love,"Nararamdaman kong kung magkakamali man ako, lahat ay magwawasak gaya ng isang manipis na bulaklak na kristal na nalaglag sa aking kamay."
i feel the cold more than him,3,anger,Mas nararamdaman ko ang lamig kaysa sa kanya.
i may be a bit late this year but im feeling very festive sat by the fire imagination its actually just a hot radiator,1,joy,"Maaaring medyo huli ako ngayong taon ngunit nararamdaman kong sobrang pista, nakaupo sa tabi ng apoy, iniisip na parang tunay itong apoy, kahit na sa totoo lang ay isang mainit na radiator lang."
i admittedly feel like crap and want to sleep all day and am so cranky i just want to yell at everyone,3,anger,"Aminado akong parang sira na ako at gusto kong matulog buong araw, at sobrang sungit ko na gusto kong sigawan ang lahat."
i feel popular today,1,joy,Nararamdaman kong sikat ako ngayon.
i feel gloomy and i desperately seek affection,0,sadness,Nararamdaman kong malungkot at lubos kong hinahanap ang pagmamahal.
i feel like trusting the driver,1,joy,Parang gusto kong maniwala sa driver.
i find is that these things are effecting loved ones who i love dearly so i feel so so helpless so what is the remedy for the hard times,0,sadness,"Natutuklasan ko na ang mga bagay na ito ay nakakaapekto sa mga mahal ko sa buhay kaya nararamdaman kong lubos na walang magawa, kaya ano ang lunas sa mga mahirap na panahon?"
i dont know about you guys but i certainly feel fabulous about myself,1,joy,Hindi ko alam kung tungkol sa inyo pero ako'y tiyak na nakakaramdam ng kahanga-hanga tungkol sa aking sarili.
i feel honoured to have this opportunity and look forward to the future and how our lives will develop,1,joy,Nararamdaman kong iginagalang na makatanggap ng pagkakataong ito at inaabangan ko ang hinaharap at kung paano mag-uunlad ang ating mga buhay.
i remember feeling annoyed but also wondering if i shouldn t stop and buy something,3,anger,Naalala ko ang pagkadismaya ko ngunit nagtatanong din kung hindi ba dapat akong huminto at bumili ng isang bagay.
im feeling slightly empty right now as if i want to reach out my hand for someone anyone to hold,0,sadness,"Nararamdaman ko ngayon ang kaunting kawalan, parang gustong hawakan ang kamay ng kahit sino."
i am fair skinned and i feel that this gives a lovely highlight on pale skin without just looking like a mass of glitter,2,love,May mapuputing balat ako at nararamdaman kong ito ay nagbibigay ng magandang liwanag sa mapuputing balat nang hindi mukhang isang malaking butil ng glitter.
i don t talk about it a lot but a majority of my time is spent at work and at work i m feeling generally unhappy lonely frustrated and even a little bitter from past events that just won t go away,0,sadness,"Hindi ko madalas pag-usapan ito, ngunit karamihan sa aking oras ay ginugugol sa trabaho, at sa trabaho, nararamdaman ko ang pangkalahatang kawalan ng kasiyahan, kalungkutan, pagkabigo, at kahit isang maliit na kapaitan dahil sa mga nakaraang pangyayari na hindi mawala."
i think i have made it known how i feel about cold weather we are not friends i am ready for winter to be finished please please be finished,3,anger,"Akala ko'y malinaw na ang nararamdaman ko tungkol sa malamig na panahon, hindi tayo magkaibigan. Handa na akong matapos ang taglamig, sana, sana'y matapos na."
im probably the least talkative person in the group i always feel glad for going even when its intense uncomfortable or when i feel vulnerable,1,joy,"Siguro ako ang pinakamahinang makapag-usap sa grupo, pero lagi akong masaya na pumunta kahit na intense, nakakainis, o kapag nararamdaman kong mahina."
i feel on the verge of tears from weariness i look at your sweet face and cant help but tenderly kiss your cheeks,1,joy,"Nararamdaman kong halos umiyak na ako dahil sa pagod, ngunit pagtingin ko sa iyong magandang mukha, hindi ko mapigilan ang halikan nang mahinahon ang iyong pisngi."
i get into conversations and regret them and start to feel exhausted after fifteen minutes of something that sounds like something but feels like it is only peas and carrots peas and carrots mush mush mush,0,sadness,"Nakakapasok ako sa mga usapan at nagsisisi, at nagsisimula akong mapagod pagkatapos ng labing limang minuto ng isang bagay na parang may kahulugan ngunit parang puro lang monggo at karot, monggo at karot, puro lang malambot na halo-halo."
i was feeling awful because it felt like i was pushing really hard to maintain the pace which sounded really slow,0,sadness,Masama ang pakiramdam ko dahil parang sobrang hirap mag-keep up sa bilis na parang napakabagal.
i always feel a little ashamed of my american history knowledge so i like to learn more when i can,0,sadness,Lagi akong nakakaramdam ng kaunting hiya sa aking kaalaman tungkol sa kasaysayan ng Amerika kaya gusto kong matuto pa nang higit kapag may pagkakataon.
i was challenged by the clip where richard gere gives julia roberts money to buy some pretty clothes she walks into an expensive boutique in her work clothes and the condescending staff refuse to serve her and leave her feeling humiliated,0,sadness,"Nahamon ako sa eksena kung saan binigyan ni Richard Gere kay Julia Roberts ng pera para bumili ng magagandang damit. Pumasok siya sa isang mamahaling boutique habang nakasuot ng kanyang damit pangtrabaho at tinanggihan siya ng mayabang na mga empleyado, na nagpaparamdam sa kanya ng kahihiyan."
i am going crazy at leas the feeling is more pleasent them fearful,4,fear,"Nagkakagulo na ang isip ko, kahit na mas masaya ang pakiramdam kaysa takot."
i felt lost and half of the time now i feel just numb,0,sadness,Nararamdaman kong nawawala at kalahati ng oras ngayon ay parang nababalot ako ng kawalan ng pakiramdam.
i feel less burdened in a way,0,sadness,Mas nababawasan ang aking pasanin sa isang paraan.
i had seen but theres just something about their set that makes you feel so glad to be there,1,joy,"Nakita ko na, pero may kakaiba sa kanilang set na nagpapasaya sa iyo na naroroon ka doon."
i feel that i ve been very gracious in not freaking out about finances so if you saw it fit to smooth things over monetarily i wouldn t say no,1,joy,"Nararamdaman kong sobrang bait ko na hindi nag-freak out tungkol sa pera kaya kung sa tingin mo ay nararapat na ayusin natin ito nang pananalapi, hindi ako mag-a-aayaw."
i want him to feel uncertain and unsettled because he deserves it and maybe itll teach him a lesson,4,fear,Gusto kong maramdaman niya ang kawalan ng katiyakan at pag-aalinlangan dahil nararapat iyon at baka matutunan niya ang aral.
i feel guilty that i dont have the need to constantly check in on her,0,sadness,Nararamdaman kong may sala ako dahil hindi ako nangangailangan na lagi siyang tignan.
i have the distinct sickening feeling he paused glancing up at kakashi and the rest of his eager audience that i m going to regret this,1,joy,"May kakaibang, nakakaunting pakiramdam akong pagsisisihan ko ito, lalo na't tumigil siya, tumingin kay Kakashi at sa iba pang mga naghihintay na manood."
i feel like a strange antisocial creature difficult for the cooperation,4,fear,"Nararamdaman kong parang kakaibang nilalang na antisocial, mahirap pakisamahan."
i really feel like he will never love me he will never be affectionate because he doesnt love me,2,love,"Tunay akong nararamdaman na hindi niya ako mamahalin, hindi niya ako pagmamahalin dahil hindi niya ako minamahal."
i may feel a bit gloomy,0,sadness,Maaaring maramdaman kong medyo malungkot.
i feel absolutely loved,2,love,Nararamdaman kong lubos na minamahal.
i get the feeling he is telling peter many people will be surprised,4,fear,Nararamdaman kong sinasabi niya kay Peter na maraming tao ang magugulat.
i personally feel that every rapist should be punished rigorously if not hanged,0,sadness,"Nararamdaman kong dapat parusahan nang mahigpit, kung hindi ipatay sa bitag, ang bawat mandurukot."
i feel terrible but i can t even remember all the girls that came to pray with me last night,0,sadness,Masama ang pakiramdam ko ngunit hindi ko matatandaan ang lahat ng mga babaeng pumunta upang manalangin kasama ko kagabi.
i feel i have to write about it it was truly innocent even though there was quite a bit of feeling involved,1,joy,Nararamdaman kong kailangan kong isulat ito; tunay na walang kasalanan kahit na may malaking damdamin ang kasangkot.
i feel is manifesting in strange ways,4,fear,Nararamdaman kong ito ay nagpapakita sa kakaibang paraan.
i wonder if feeling complacent is a result of my laziness,1,joy,Nagtataka ako kung ang pagiging kampante ay bunga ng aking kawalan ng gana.
i mean it didnt feel like one it felt like a casual outing just meeting up to catch up and all,1,joy,"Ibig sabihin, hindi ito parang isang espesyal na okasyon, parang isang simpleng pagkikita lang para mag-usap at magkuwentuhan."
i think the most significant feeling that i am left with after being here for a week is that we are all deeply privileged to live where we live and have what we have,1,joy,"Sa tingin ko, ang pinakamalalim na nadarama ko pagkatapos ng isang linggo dito ay ang napakalaking pribilehiyo nating mabuhay sa ating kinabibilangan at magkaroon ng ating mga taglay."
i feel ive been loyal,2,love,Nararamdaman kong matapat ako.
i feel that i was damaged by gt gt gt religion and i will not let that happen to any children of mine,0,sadness,Nararamdaman kong nasira ako ng relihiyon at hindi ko hahayaang mangyari iyon sa aking mga anak.
i spent all of wednesday feeling miserable,0,sadness,Nagdusa ako ng buong Miyerkules na parang nabigo.
i feel like all i ever do anymore on the internet is bitch about my kid but seriously im amazed that so many children survive toddlerhood,4,fear,"Parang lahat ng ginagawa ko na lang sa internet ay reklamo tungkol sa anak ko pero totoo naman, nabighani ako na marami pang mga bata ang nakaligtas sa pagiging toddler."
i really do feel for kids who are tortured in highschool,4,fear,Tunay akong nakakaramdam para sa mga bata na pinahirapan sa mataas na paaralan.
i have a feeling he s going to start popping up all over primetime with his innocent kid potential murderer face,1,joy,"May kutob akong siya ay magpapakita nang madalas sa primetime, gamit ang kanyang mukha ng inosenteng bata na posibleng mamamatay-tao."
i am so sick of feeling worthless and useless and miserable,0,sadness,"Napakasawa ko nang maramdaman ang kawalan ng halaga, kawalan ng silbi, at kalungkutan."
i predict that i have and what it takes to deal with a situation i feel safe,1,joy,Naniniwala ako na mayroon akong kakayahan at ang kinakailangan upang harapin ang isang sitwasyon at nararamdaman kong ligtas.
i started to develop feelings for you they scared me and i freaked out but you promised me that i was safe,4,fear,"Nagsimula akong magkaroon ng nararamdaman para sa iyo, natakot ako at nag-freak out, pero ipinangako mo sa akin na ligtas ako."
i am down pounds feel fantastic and were shocked to have discovered what i had been going through this past year,1,joy,"Naramdaman kong bumaba ang timbang ko, pakiramdam ko'y kahanga-hanga, at nagulat kami sa pagtuklas kung ano ang aking pinagdaanan sa nakalipas na taon."
i feel so disheartened now,0,sadness,Napakasakit ng pakiramdam ko ngayon.
i feel those memories are precious and i am so glad i have them,1,joy,Nararamdaman kong mahalaga ang mga alaala na iyon at sobrang saya kong mayroon ako.
i got shots from as many likely angles as i could feeling like a moronic tourist but deciding not to care,0,sadness,"Kinunan ko ng litrato mula sa maraming posibleng anggulo hangga't kaya ko, parang isang bobong turista, pero pinili kong huwag mag-alala."
i feel all our time is devoted to scheduling instead of actually making the center be top notch,2,love,Nararamdaman kong lahat ng ating oras ay nakalaan sa pag-iskedyul kaysa sa paggawa ng sentro na tunay na mahusay.
im feeling a bit apprehensive about it as i dont know if my little note cards will stand out from the mass of talent on etsy,4,fear,Nararamdaman kong medyo kinakabahan tungkol dito dahil hindi ko alam kung mapapansin ang aking maliit na note cards sa gitna ng maraming talento sa Etsy.
i feel this distraught i am thankful that the weather is improving so much,4,fear,"Napakasakit ng nararamdaman ko, ngunit nagpapasalamat ako na ang panahon ay unti-unting bumubuti."
i ran despite feeling rotten and i m glad i did as well as i did but i really want to do better,0,sadness,"Tumakbo ako kahit pakiramdam ko ay hindi maganda at masaya ako sa aking naging resulta, ngunit talagang gustong-gusto kong magpaganda pa."
i am definitely feeling the festive vibe and i have been busy with christmas y things mince pies are very much a british xmas goodie that i had never heard of before i met my husband well maybe in a song but other than that,1,joy,"Tiyak na nararamdaman ko ang masayang kapaligiran ng Pasko at abala ako sa mga bagay-bagay nito. Ang mince pies ay tunay na isang masarap na pagkain sa Pasko sa Britanya na hindi ko pa naririnig bago nakilala ang aking asawa, maliban marahil sa isang kanta."
i can assume they are not feeling the cold like i am their water is not frozen they have plenty of feed though they eschew this in favor of foraging and scratch,3,anger,"Maaari kong isipin na hindi nila nararamdaman ang lamig gaya ko, ang kanilang tubig ay hindi nagyeyelo, at kahit na may sapat silang pagkain, mas gusto nilang mag-hanap ng pagkain at mag-ukit."
i feel like a total bitchy person today yay,3,anger,"Parang isang tunay na maarte akong tao ngayon, yay."
i feel the palate jaded types take on natural wine and lighter styles as a messianic quest to reveal the true nature of great wine,0,sadness,Nararamdaman kong ang mga taong nasasawang sa lasa ay kinukuha ang natural na alak at mas magaan na istilo bilang isang misyon upang ihayag ang tunay na kalikasan ng dakilang alak.
i feel a little tortured and lost,3,anger,Nararamdaman kong medyo pinahihirapan at nawawala.
i do feel super strong you should see how the biceps on my left arm are shaping up,1,joy,"Nararamdaman ko talaga ang lakas ko, dapat makita mo kung paano nabubuo ang biceps sa kaliwang braso ko."
i am feeling excited and also nervous worrying about all the little details and hoping that our first day goes well,1,joy,Nakakakilig at kinakabahan ako dahil sa mga maliit na detalye at umaasa na maganda ang ating unang araw.
i am stories this week and decide not to be separated from the feelings you are after any longer by introducing a little sprinkling of the delicious feelings you are after right away,1,joy,Ako ay mga kwento ngayong linggo at magdedesisyon na huwag nang maghiwalay sa mga nararamdaman mo na hinahanap mo na sa pamamagitan ng pagpapakilala ng kaunting patak ng masarap na mga nararamdaman na hinahanap mo agad.
i am not a professional historian by any means so some may feel as if i left out important things or took them out of context,1,joy,Hindi ako propesyonal na historiador kaya maaaring may mga makakaramdam na kulang ang aking pagtalakay o hindi ko tamang inilagay ang konteksto ng ilang bagay.
i dont know why but every time i feel like i am doing someone a favor all the time i start to feel burdened and stressed by that,0,sadness,"Hindi ko alam kung bakit, pero tuwing nararamdaman kong lagi akong nagbibigay ng pabor sa iba, nagsisimula akong makaramdam ng pagod at stress."
i woke up on saturday feeling so glad it was saturday and that the work week was behind me,1,joy,Gumising ako noong Sabado na sobrang saya dahil Sabado na at tapos na ang linggong pagtatrabaho.
i havent exactly gone for a spin around the block yet since id feel strange strapping in a teddy bear in place of a baby but it looks nice and sturdy and like it will do the trick,4,fear,"Hindi pa ako nakakapag-ikot sa paligid ng bloke dahil kakaiba pakiramdam na itali ang isang teddy bear sa halip na sanggol, pero mukhang matibay at maganda, at parang gagana ito."
i have been wanting to write about a secret life i live one that only a handful of people know about one i keep secret and one that i feel embarrassed about even though i know it is perfectly human normal and deep down i feel it is right,0,sadness,"Matagal ko nang gustong isulat ang tungkol sa isang lihim na buhay na aking tinatamasa, na alam lamang ng iilan, na aking itinatago, at na aking kinakailangang ikahiya kahit na alam kong ito ay ganap na normal at tao, at sa aking kaloob-looban, nararamdaman kong tama ito."
at one of my close friends saying she didnt like the way i am nice to people i dont know,3,anger,at isa sa aking malalapit na kaibigan na nagsasabi na hindi niya gusto ang paraan ko ng pagiging mabait sa mga taong hindi ko kilala.
i would feel resentful toward patrick because i couldnt read avery her nightly books with just her and me,3,anger,Magkakaroon ako ng sama ng loob kay Patrick dahil hindi ko kayang basahin ang mga libro niya tuwing gabi kasama lamang siya at ako.
im feeling regretful tonight too,0,sadness,Nakakaramdam ako ng pagsisisi ngayong gabi rin.
im feeling so helpless clueless and homesick,4,fear,"Nararamdaman kong lubos na walang magawa, nalilito, at uhaw sa tahanan."
i have just been wandering around santa cruz and thinking about this being the last time in a while that i m seeing all those meaningful streets squares shops caf s where i have spent so much time with my friends makes me feel almost heartbroken,0,sadness,"Naglalakad lang ako kanina sa Santa Cruz at naisip ko na baka ito na ang huling pagkakataon sa loob ng mahabang panahon na makikita ko ang lahat ng mga makabuluhang kalye, plaza, tindahan, at café kung saan ako'y naglaan ng napakaraming oras kasama ang aking mga kaibigan, at ito'y nagpaparamdam sa akin ng halos malungkot."
im finally looking forward to my toes kissing the sand once again and feeling so free,1,joy,"Sa wakas, inaabangan ko nang mahigpit ang pagyakap ng aking mga daliri sa buhangin at ang pakiramdam na lubos na malaya."
ive had two shots of lupron and im feeling fine,1,joy,Nakuha ko na ang dalawang dosis ng Lupron at nararamdaman kong mabuti.
im deep in a budget spreadsheet i feel that im someplace where i dont do my most creative work,1,joy,"Malalim ako sa isang spreadsheet ng badyet, nararamdaman kong nasa isang lugar ako kung saan hindi ko ginagawa ang aking pinaka-malikhain na trabaho."
i couldn t hear the whir of its motor or feel the stir of cool air,1,joy,Hindi ko narinig ang ingay ng motor nito o nadama ang simoy ng malamig na hangin.
i just feel as though somehow shes become less likeable,1,joy,Parang nawalan siya ng dating.
i still feel a bit overwhelmed,4,fear,Parang medyo nahihirapan pa rin ako.
i might have a potential job on the line so i m feeling generous,1,joy,Maaaring may potensyal na trabaho akong nakasalalay kaya nararamdaman kong mapagbigay.
i hope to always remain grateful even when feeling a little unsure about my endeavors,4,fear,Sana'y manatili akong nagpapasalamat kahit minsan ay may pag-aalinlangan ako sa aking mga ginagawa.
i don t know if i would enjoy those books now but i still remember feeling enthralled with those characters and with the amish lifestyle presented,4,fear,"Hindi ko alam kung magugustuhan ko pa ba ang mga aklat na iyon ngayon, pero natatandaan ko pa rin ang pakiramdam ng pagkahumaling sa mga tauhan at sa pamumuhay ng mga Amish na ipinakita."
i was feeling amazed because i didnt find myself that good as what they have commented,4,fear,Nabighani ako dahil hindi ko naramdaman na gaano kagaling ang aking sarili gaya ng kanilang mga komento.
i hope that i soon wont feel like a stupid slut,0,sadness,Sana hindi na ako magkaroon ng ganitong pakiramdam na parang isang bobong babae.
i feel in my heart and definately in my idiotic mind,0,sadness,Nararamdaman ko ito sa aking puso at tiyak na sa aking bobong isipan.
i feel no matter how convinced i am that i am all alone on this life journey of mine i am not alone,1,joy,"Nararamdaman ko na kahit gaano ako maniniwala na ako'y nag-iisa sa aking paglalakbay sa buhay, hindi ako nag-iisa."
i won t argue with those who are disabled about how the mda telethon makes them feel i wouldn t take away from them the want to be respected,1,joy,"Hindi ako magtatalo sa mga may kapansanan tungkol sa kung paano sila nararamdaman tungkol sa MDA telethon, hindi ko sila pipigilan sa kanilang hangarin na igalang."
im feeling pretty depressed and i think its spiraling,0,sadness,Nararamdaman kong medyo malungkot at parang lumalala na ito.
im feeling insecure and sad because i dont know what to do with my book,4,fear,Nararamdaman kong hindi ako sigurado at malungkot dahil hindi ko alam kung ano ang gagawin sa aking libro.
i sure know where to come if i m feeling a little tender,2,love,Alam ko kung saan ako pupunta kung medyo mahina ang pakiramdam ko.
i didnt sleep quite as well last night but i still feel quite energetic this morning,1,joy,Hindi ako nakatulog nang maayos kagabi ngunit nararamdaman ko pa rin ang aking enerhiya ngayong umaga.
i have agonised over writing a review for this book my words just dont seem to flow i feel somehow inadequate for this task,0,sadness,"Nag-aalinlangan akong magsulat ng pagsusuri para sa aklat na ito, parang hindi tumatakbo ang aking mga salita, at nararamdaman kong hindi sapat para sa gawain na ito."
i feel curious excited and impatient,4,fear,"Nararamdaman kong mausisa, excited, at hindi mapakali."
im off to the big city solo for what im afraid is going to be six days of wandering around lost six days of feeling uncomfortable six days of not knowing how to dress six days of not knowing what to do six days of not knowing where to eat six days of disaster disaster disaster,4,fear,"Pupunta ako sa malaking lungsod mag-isa para sa anim na araw, natatakot akong maglalakad-lakad na nawawala, anim na araw na hindi komportable, anim na araw na hindi alam kung ano ang isuot, anim na araw na hindi alam kung ano ang gagawin, anim na araw na hindi alam kung saan kakain, anim na araw na sakuna, sakuna, sakuna."
i never thought i could feel thankful for such an awful thing but i am for making me stronger even as my husband gets weaker,1,joy,"Hindi ko akalaing magiging maramdaman ko ang pasasalamat para sa isang bagay na ganito kasakit, ngunit nararamdaman ko ito dahil ito'y nagpapalakas sa akin kahit na siya'y unti-unting humihina."
i am heavy and i feel dull all over i think i ve stopped breathing,0,sadness,"Mabigat ako at parang nawalan ako ng gana sa lahat, akala ko hindi na ako humihinga."
i feel defeated loss and confused,0,sadness,"Nararamdaman kong natalo, nalulumbay, at nalilito."
im feeling particularly sentimental or what have you i go into a bookstore where my books are sold and i pace out the distance between where my books are displayed and where his are on the shelf,0,sadness,"Nararamdaman kong kakaiba ang aking emosyon, kaya pumunta ako sa isang bookstore kung saan ibinebenta ang aking mga libro at tinignan ko ang distansya sa pagitan ng lugar kung saan nakalagay ang aking mga libro at kung saan nakalagay ang mga libro niya sa istante."
i view myself in this way is that when i was growing up there were people who constantly made me feel like i wasnt good enough,1,joy,"Nakikita ko ang aking sarili sa ganitong paraan dahil noong ako'y bata pa, may mga taong lagi akong pinaparamdam na hindi ako sapat."
i feel so absolutely stumped on the floor when you dance you re charming and you re gentle specially when you do the continental but this feeling isn t purely mental for heaven rest us i am not asbestos and that s why i won t dance why should i,1,joy,"Napakagulat ko sa sahig kapag ikaw ay sumasayaw, kaakit-akit at mahinahon ka, lalo na kapag ginagawa mo ang continental. Ngunit hindi lamang ito damdamin, sa Diyos, hindi ako asbestos kaya hindi ako sasayaw, bakit pa ako sasayaw?"
i feel sorry for my subjects and tend to let go too soon,0,sadness,Nakakaawa ang aking mga nasasakupan kaya madalas akong magpatawad nang mabilis.
i love you and i feel so blessed to spend another year with you,2,love,Mahal kita at sobrang pinasasalamatan kong makasama ka sa isa pang taon.
im feeling generous heres a holiday classic for you iframe allowfullscreen frameborder height src http www,2,love,"Nararamdaman kong mapagbigay ngayon, narito ang isang klasiko sa panahon ng pista para sa iyo iframe allowfullscreen frameborder height src http www"
i imagine that in the end it might feel like you do about not fully loving,2,love,"Iniisip ko na sa huli, baka parang nararamdaman mo tungkol sa hindi ganap na pagmamahal."
i also feel strongly about supporting the local economy so for the past years i am proud to have driven gm cars in a gm community,1,joy,"Malaki rin ang aking paniniwala sa pagsuporta sa lokal na ekonomiya kaya sa nakalipas na mga taon, ipinagmamalaki kong nagmamaneho ng mga sasakyan ng GM sa isang komunidad ng GM."
i am feeling insatiably curious and i want to read and learn more about digital media and social marketing,4,fear,Nararamdaman kong sobrang interesado at gustong-gusto kong basahin at matuto pa tungkol sa digital media at social marketing.
i feel myself slowly not caring about living up to other peoples standards when it comes to aesthetics and how i present myself,2,love,Nararamdaman kong unti-unti akong hindi na nag-aalala sa pagtupad sa mga pamantayan ng iba tungkol sa kagandahan at kung paano ako nagpapakita sa kanila.
i dont really connect with the main character or anything in fact i feel like he is almost too innocent to be me,1,joy,"Hindi ko talaga nakikita ang koneksyon sa pangunahing tauhan o sa kahit ano, sa katunayan, parang masyadong inosente siya para sa akin."
i feel a little more confident about doing it at school now,1,joy,Mas kumportable na ako ngayon sa paggawa nito sa paaralan.
i get what she s saying and i feel somewhat remorseful for not being the kind of friend or giving the kind of support she wanted or needed throughout the past years of our friendship oh yes it goes back that far,0,sadness,"Naiintindihan ko kung ano ang sinasabi niya at nararamdaman ko ang kaunting pagsisisi dahil hindi ako naging kaibigan o nagbigay ng suporta na gusto niya o kailangan niya sa mga nakalipas na taon ng ating pagkakaibigan, oo, napakalalim nito."
i have learned so much with him even now i still learn new things about rabbits i feel you always keep learning about them being amazed by them,4,fear,"Marami akong natutunan sa kanya, at kahit ngayon, patuloy pa rin akong natututo ng mga bagong bagay tungkol sa mga kuneho. Nararamdaman ko na lagi kang nag-aaral tungkol sa kanila, at nagagalak sa kanilang mga katangian."
i chose innocent worlds alphabet rose jsk for its longer length longer lengths on lolita dresses always feel more casual and innocent to me than knee length styles and it reminds me of jane austen,1,joy,"Pinili ko ang Innocent Worlds Alphabet Rose JSK dahil sa mas mahabang haba nito. Ang mas mahabang haba sa mga lolita dress ay palaging nararamdaman kong mas kaswal at inosente kumpara sa mga knee-length style, at ito ay nagpapaalala sa akin kay Jane Austen."
i think this is the last week of softball and im likely going to suck it up and at least try to play but i feel absolutely rotten going to see what some aggressive hydration does,0,sadness,"Iniisip ko na ito na ang huling linggo ng softball at malamang susuko na ako at subukan man lang maglaro pero sobrang hindi ko maganda ang pakiramdam, pupunta ako para tingnan kung ano ang magagawa ng agresibong pag-inom ng tubig."
i feel i can divine the future if only seconds in advance,1,joy,Nararamdaman kong kaya kong hulaan ang hinaharap kahit ilang segundo lamang sa unahan.
i now feel everythings been resolved were psychically galvanised and prepared to wrestle the world to the ground,1,joy,"Ngayon, nararamdaman kong nalutas na ang lahat, tayo ay pisikal at mental na handa nang labanan ang mundo."
im feeling very listless,0,sadness,Napakasawang-sawa ko.
i feel that i was innocent i did not want to hurt anyone,1,joy,"Nararamdaman kong inosente ako, hindi ko gustong saktan ang kahit sino."
i didnt even have time to feel jealous i was so busy pinning her pictures and writing down a href http nanashi,3,anger,"Wala akong panahon pang mag-inggit, abala akong i-pin ang mga larawan niya at isulat ang link na iyon."
i can pay the bills and still have some cash in the bank should leave me feeling pretty satisfied right,1,joy,"Kaya kong bayaran ang mga bayarin at may natitira pang pera sa bangko, dapat ako ay magiging masaya."
i feel heartbroken one middle aged woman told pyongyang s state run media,0,sadness,"Nasasaktan ang puso ko, sabi ng isang babaeng nasa gitna ng edad sa state-run media ng Pyongyang."
i notice enjoyable moments are even more enjoyable because i recognize how far the feelings i get are from the horrible sensation i get when something bad happens,0,sadness,Napapansin ko na mas masaya ang mga nakakatuwang sandali dahil nakikilala ko kung gaano kalayo ang aking nararamdaman mula sa masamang pakiramdam kapag may masamang nangyayari.
i start feeling anxious again,4,fear,Nagsisimula akong makaramdam ng kaba muli.
i want her to feel humiliated and guilty,0,sadness,Gusto kong maramdaman niya ang kahihiyan at pagsisisi.
i always feel a bit anxious before i preceptor because i am still learning,4,fear,Lagi akong nakakaramdam ng kaunting kaba bago mag-preceptor dahil ako'y patuloy pa ring natututo.
i appreciate the award i feel there are so many wonderful blogs out there that we are all winners,1,joy,"Pinagpapasalamat ko ang parangal, nararamdaman kong maraming kahanga-hangang blog na nasa labas at tayo'y lahat ay mga nanalo."
i feel hopeful like i should be gleefully roasting marshmallows from my fireplace like it s an abc family original movie,1,joy,"Nararamdaman kong puno ng pag-asa, parang dapat akong masaya at nagluluto ng mga marshmallow sa aking fireplace gaya ng isang orihinal na pelikula ng ABC Family."
i realize i should be extremely grateful for your act of kindness lord i m feeling quite distressed at the moment,4,fear,"Napagtanto ko na dapat akong lubos na magpasalamat sa iyong kabutihan, Panginoon. Ngunit sa kasalukuyan, nararamdaman kong malungkot."
i feel like i am being one person whom his life will be very miserable and not doing the best,0,sadness,Parang ako'y isang tao na ang buhay ay magiging lubhang mapait at hindi magagawa ang pinakamabuti.
i feel like im taking care of a needy puppy not living with a mother,0,sadness,"Parang inaalagaan ko lang isang mapagmahal na tuta, hindi nakatira kasama ng ina."
im feeling annoyed to add on i dont feel important or whatever shit anymore,3,anger,"Naiinis ako, at saka parang hindi na ako mahalaga o ano pa man."
i feel very annoyed with this kind of people who comment and try to be so philosophy on their religion,3,anger,Napakainis ko sa mga taong ito na nagko-komentaryo at nag-a-attempt na maging matalino tungkol sa kanilang relihiyon.
im feeling a little melancholy tonight kinda like the paint on this door,0,sadness,"Nararamdaman ko ang kaunting kalungkutan ngayong gabi, parang pintura sa pintong ito."
i know luh feeling damn awkward can,0,sadness,"Alam ko 'yung feeling, sobrang awkward talaga."
arriving in new zealand as a teenager first overseas trip something exhilarating about the change of scenery etc,1,joy,"Pagdating sa New Zealand bilang isang teenager, unang paglalakbay sa ibang bansa, may kakaibang nakakakilig sa pagbabago ng tanawin atbp."
i feel like i want to stop i think of my wimpy muscle less sister who did the tough mudder,4,fear,"Nararamdaman kong gusto kong tumigil, iniisip ko ang aking mahina at kulang sa lakas na kapatid na babae na nakapasa sa Tough Mudder."
i feel at ease in those moments but the last few nights have been troubled,0,sadness,Nakakarelaks ako sa mga sandaling iyon ngunit ang mga nakaraang gabi ay puno ng pag-aalala.
i guess i feel that if i don t fulfill some of my artistic pursuits now i certainly won t have the time when the economy picks up,1,joy,"Siguro nararamdaman ko na kung hindi ko ngayon matutupad ang ilan sa aking mga pangarap sa sining, tiyak na wala na akong panahon kapag bumuti na ang ekonomiya."
i think came from the weird catholic way we d been raised to feel ashamed about sex,0,sadness,Akala ko galing sa kakaibang paraan ng mga Katoliko kung paano kami lumaki na maramdaman ang kahihiyan tungkol sa sekso.
i am speaking for myself right now but i know there are a lot of people who feel drained because of that non closure that occurs when we never get to be done with something,0,sadness,"Ako ang nagsasalita para sa aking sarili ngayon, ngunit alam kong maraming tao ang nakaramdam ng pagod dahil sa kawalan ng pagtatapos na nangyayari kapag hindi tayo nakakapagtapos ng isang bagay."
i have been thinking on a working towards for a long time but it has become something i feel even more passionate about in this last year,2,love,"Matagal ko nang iniisip at pinaghahandaan ang isang proyekto, ngunit sa nakalipas na taon, ito ay naging mas mainit ang aking damdamin."
i feel fucked church of fuck luminaries swinelord are back with a deluxe r,3,anger,"Nararamdaman kong pinagkaitan ng Diyos ang simbahan ng mga pinuno ng kasamaan, ang Swinelord ay bumalik kasama ng isang deluxe r."
im still feeling a little hesitant but plunging in with a multitude of colored pencils nonetheless,4,fear,"Parang medyo nag-aalinlangan pa ako, pero sisimulan ko na rin gamit ang maraming kulay na lapis."
i feel dull many of a time headache many of time insomnia,0,sadness,"Madalas akong makaramdam ng pagod, may sakit ng ulo madalas, at nahihirapan akong matulog."
i or you are feeling adventurous you can buy k ji kin spores by mailorder and make your own kome k ji using the rice of your choice,1,joy,"Kung ikaw ay mahilig sa pakikipagsapalaran, maaari kang bumili ng kji kin spores sa pamamagitan ng mail order at gumawa ng iyong sariling kome kji gamit ang bigas na iyong pinili."
i feel like being sociable anymore,1,joy,Hindi ko na nararamdaman ang pagiging mahilig makipag-ugnayan sa iba.
im not emo ing no no no haha i am feeling happy instead for being able to meet up with them,1,joy,"Hindi ako emo, hindi, hindi, haha! Masaya ako dahil nakasama ko sila."
i havent been feeling too bouncy lately so ive been quietly keeping my head down til the phase passes hence my almost complete absence from lj,1,joy,"Hindi ako gaanong masaya kamakailan kaya tahimik akong nagtatago hanggang mawala ang pakiramdam na ito, kaya halos hindi na ako makikita sa LJ."
i sit feeling generally satisfied and i lean on the bench and take a cigarette georges lit for me and he asks how do ya feel man,1,joy,"Nakaupo ako, nararamdaman ang pangkalahatang kasiyahan, at nakasandal ako sa bangko habang hinihila ang sigarilyo na ikinindat ni Georges para sa akin, at tinanong niya, ""Kumusta ka na, pare?"""
i aint feeling it this is where been carefree deffinately is worrying in its self,1,joy,"Hindi ko nararamdaman ito, ito ang lugar kung saan ako noon ay walang-alala, tiyak na nag-aalala na rin ito sa sarili nito."
i feel less shitty,0,sadness,Mas mabuti na ang pakiramdam ko.
i didn t want to do too much and then leave it feeling awkward at times,0,sadness,Ayaw kong mag-overdo at makaramdam ng kakaiba o hindi komportable sa huli.
i can get to the bottom of this feeling and not just berate myself for feeling dissatisfied,3,anger,Makakahanap ako ng solusyon sa nararamdaman kong ito at hindi ko lang sasalubungin ang aking sarili ng pagkagalit dahil sa hindi ako kontento.
i feel so virtuous having made this for dinner tonight,1,joy,Nararamdaman kong napakabuti ko dahil ginawa ko ito para sa hapunan ngayong gabi.
i often feel disappointed in my decisions and who i am and call myself names,0,sadness,"Madalas akong makaramdam ng pagkabigo sa aking mga desisyon at sa aking sarili, at minsan ay tinatawag ko ang aking sarili ng masasakit na salita."
i just feel so listless,0,sadness,Nararamdaman ko lang ang pagod at kawalan ng gana.
im already not feeling terrific,1,joy,Hindi na ako gaanong maganda ang pakiramdam.
a gigantic spider climbed over my face and what is more in my own flat,3,anger,"Isang napakalaking ahas ang umakyat sa aking mukha at higit pa rito, nasa aking sariling bahay ito."
im still feeling very incredibly overwhelmed with the entire situation,4,fear,Napakasobra pa rin ng aking nararamdaman dahil sa buong sitwasyon.
ive ever written although im not gonna reproduce it here because it is full of boring academic references and also it specifically analyses several prominent bloggers and their treatment of romantic relationships and id feel weird about putting that on the internet,4,fear,"Ito ang pinakamahabang sanaysay na aking isinulat bagama't hindi ko ito ipagpapatuloy dito dahil puno ito ng nakakabagot na akademikong sanggunian at partikular na pinag-aaralan ang ilang kilalang blogger at ang kanilang pagtingin sa mga relasyon sa pag-ibig, at kakaiba ang pakiramdam kong ilagay iyon sa internet."
i always feel the need to break awkward silences which makes it even more awkward,0,sadness,"Lagi akong nadarama ang pangangailangan na putulin ang mahihirapang katahimikan, na ginagawa itong mas mahirap pa."
i don t know how it works but asking for divine assistance certainly makes us feel more graceful even when our situation remains the same,1,joy,"Hindi ko alam kung paano ito gumagana, pero ang humingi ng tulong ng diyos ay nagpaparamdam sa atin na mas maganda kahit na pareho pa rin ang ating kalagayan."
i opened the first window whilst listening to a certain mariah carey christmas classic on the radio so im feeling pretty festive this morning,1,joy,Binuksan ko ang unang bintana habang nakikinig sa isang klasiko ng Pasko ni Mariah Carey sa radyo kaya medyo pista ang pakiramdam ko ngayong umaga.
im feeling really stressed today about the state of the house,0,sadness,Napakastress ko ngayon dahil sa kalagayan ng bahay.
i feel like most designers shy away from using color in the kitchen so i just love how julia incorporated bright splashes of orange blue and green throughout the space,4,fear,"Nararamdaman kong karamihan sa mga disenyo ay nag-iingat sa paggamit ng kulay sa kusina kaya sobrang gusto ko kung paano isinama ni Julia ang maliwanag na batik ng orange, blue, at green sa buong espasyo."
i feel like the awkward outsider and start to feel homesick,0,sadness,"Nararamdaman kong parang kakaiba at hindi nababagay, at nagsisimula akong ma-homesick."
i don t really feel all that bothered by it to be honest,3,anger,"Hindi ko naman talaga nararamdaman na lubos akong nababahala dito, kung tatanungin mo ako nang totoo."
i cant explain how proud of him i am and the feeling of seeing him so determined each time to win,1,joy,Hindi ko maipaliwanag kung gaano ako nagmamalaki sa kanya at ang pakiramdam na makita siyang determinado sa bawat pagtatangka niyang manalo.
i feel triumphant so deal with it,1,joy,Nararamdaman kong tagumpay kaya harapin mo na.
i do this because the worse they are the more justified i feel a needy man on the street suddenly represents a threat to my very peace and freedom,0,sadness,Ginagawa ko ito dahil mas makatwiran ako kapag mas masama sila; isang nangangailangan na lalaki sa kalye ay biglang kumakatawan sa banta sa aking kapayapaan at kalayaan.
i still feel terribly devastated,0,sadness,Parang nababaliw pa rin ako sa kalungkutan.
i woke up feeling amazed and then i realized that a dream is still a dream,4,fear,"Nagising ako na parang nabighani, saka ko naisip na panaginip pa rin ang panaginip."
i feel which usually very few people may easily subdue the longing of ones or even,2,love,Nararamdaman ko na bihira lamang ang mga tao na kayang madaling pigilin ang pagnanasa ng isa.
i am wearing and feeling confident about myself,1,joy,Nakasuot ako at nakaramdam ng tiwala sa aking sarili.
i feel as though my capacity to love others to show love to be loved and share it has grown dramatically,2,love,"Nararamdaman kong napakalaki ng paglaki ng aking kakayahang mahalin ang iba, ipakita ang pagmamahal, maramdaman ang pagmamahal, at ibahagi ito."
i feel little comes from my divine center,1,joy,Nararamdaman kong kakaunti ang nagmumula sa aking banal na sentro.
i need to feel like my time is valuable,1,joy,Kailangan kong maramdaman na mahalaga ang aking oras.
i need to get back to work rewriting an introduction i feel woeful inadequate in writing ill make this short,0,sadness,"Kailangan kong bumalik sa trabaho at muling isulat ang isang introduksyon. Nararamdaman kong lubhang kulang at hindi sapat sa pagsusulat, kaya gagawin kong maikli ito."
i guess you could say i am teeter totering right now on the edge and i feel like im dangerous,3,anger,"Siguro masasabi mong nasa gilid ako ngayon, parang nakabalance sa talim ng kutsilyo, at parang mapanganib ako."
i feel like were hitting this sweet spot ds is going to rd grade ds is going to st and dd is headed for her last year of preschool,2,love,"Nararamdaman kong nasa tamang punto tayo ngayon, papasok na sa ikalawang baitang si DS, papasok naman sa unang baitang si DS, at papasok na sa huling taon ng preschool si DD."
i feel like ya maybe i am dumb weird and strange,0,sadness,"Parang tanga, kakaiba, at kakaiba ako siguro."
i no longer have that angst inside me the kind of yelping passion and feeling of being wronged or what have you that drove my initial connection to emo,3,anger,"Wala na akong nararamdaman na ganung pagkabalisa sa loob ko, ang uri ng matinding pagnanasa at pakiramdam ng pagkukulang o ano pa man na nagtulak sa aking unang koneksyon sa emo."
i to feel unloved when hes god and he has the choice to do whatever he wantd,0,sadness,Nararamdaman kong hindi ako minamahal kapag siya ang Diyos at may karapatan siyang gawin ang anumang gusto niya.
i feel like ive been shaken around a thrown down,4,fear,Parang nababaling-baling ako at itinapon.
i think it is common to feel helpless at times like this,0,sadness,Akala ko'y karaniwan ang maramdaman ang kawalan ng magawa sa mga panahon tulad nito.
i feel like if i was here long enough i would have my emotions back b c i could either be so stressed out by the people that i cant hide my emotions or that i would have my support back and feeling would be safe again esp without uw school work,3,anger,"Nararamdaman kong kung matagal akong nandito, babalik ang aking emosyon dahil maaaring sobra akong ma-stress sa mga tao na hindi ko na maitatago ang aking damdamin o kaya naman ay babalik ang aking suporta at magiging ligtas muli ang aking pagpapahayag ng damdamin, lalo na nang wala na ang mga gawain sa paaralan."
im feeling on the mellow side today,1,joy,Nararamdaman kong mellow ang pakiramdam ko ngayon.
i feel treasured i feel loved i feel ive done more than just pursue the craft i adore and make a living from it and more than just fulfil the only real ambition ive ever had of becoming a professional writer,2,love,"Nararamdaman kong pinahahalagahan, minamahal, at higit pa sa paghahangad ng sining na aking minamahal at pagkuha ng kabuhayan mula rito, at higit pa sa pagtupad sa tanging tunay na ambisyon kong maging isang propesyonal na manunulat."
i have always loved my jobs and loved to work and i truly feel like being back there with my patients and co workers will do me a lot of good even if it is only for a few weeks,1,joy,"Lagi kong minamahal ang aking trabaho at mahilig akong magtrabaho, at tunay kong nararamdaman na ang pagbalik doon kasama ang aking mga pasyente at kasamahan ay magdudulot sa akin ng maraming kabutihan kahit na para lamang sa ilang linggo."
i feel so empty a href http uwilnevrknow,0,sadness,Nararamdaman kong napakalungkot at walang laman.
i could have used for this blog post but this one perfectly describes the way i feel as well as give tribute to my,1,joy,Maaari ko itong gamitin para sa blog post na ito ngunit ang isa ay perpektong naglalarawan ng aking nararamdaman at nagbibigay parangal sa aking...
i also came away injury free and feeling amazing throughout the entire race,4,fear,Nakalayo rin ako nang walang sugat at nakaramdam ng kahanga-hanga sa buong karera.
i feel so honored to know all of you,1,joy,Napakagalak kong makilala kayong lahat.
i can only pass to my left side and i would have to occasionally reset if my weaker leg gets put in half guard but did not feel comfortable taking the back nor mount,1,joy,"Maaari lamang akong mag-pass sa kaliwang bahagi at kailangan kong minsan mag-reset kung ang aking mas mahina pang binti ay mapupunta sa half guard, ngunit hindi ako komportable sa pagkuha ng likuran o mount."
ill even come out of it as one of those people who can have a small piece of dark chocolate here and there and feel completely satisfied when its gone,1,joy,"Kahit ako, magiging isa sa mga taong makakatikim ng kaunting tsokolate na madilim minsan at magiging lubos akong kontento kapag wala na ito."
i absolutely refuse to feel insecure about how i look anymore,4,fear,Hinding-hindi na ako pipili ng mag-alinlangan tungkol sa aking itsura.
i always liked the winter season i feel that im well adapted to cold weather,1,joy,"Lagi kong gusto ang taglamig, parang mas nababagay ako sa malamig na panahon."
i feel i can never thank you enough for helping this girl with a troubled past become who she is today,0,sadness,Hindi ko mapigilang maramdaman na hindi ko kayang sapat na pasasalamat ang ibigay sa iyo dahil sa pagtulong mo sa batang ito na may magulo't nakaraan na maging kung sino siya ngayon.
i knew it would feel empty and there would be the potential to feel like i wasnt doing well as i wasnt passing folks,0,sadness,Alam kong magiging walang laman ito at may posibilidad na makaramdam akong hindi ako mabuti dahil hindi ako nakakapasa sa iba.
i even feel surprised if its dark outside,4,fear,Nagugulat pa nga ako kung madilim sa labas.
i will tell them what i really feel i understand supporting someone but that doesnt mean you have to lie to them,2,love,"Sasabihin ko sa kanila ang tunay kong nararamdaman. Naiintindihan kong suportahan ang isang tao, pero hindi ibig sabihin nun ay dapat kang magsinungaling sa kanila."
i admit i was feeling agitated so when hubby asked me if i want to join them for a drink i agreed,3,anger,"Aminado akong nag-a-agitate ako noon kaya nang tanungin ako ng asawa kung gusto kong sumama sa kanila para uminom, pumayag ako."
i feel so fucking lame saying that however immature it may be something that i just imagine have imagined all this time,0,sadness,"Napakasungit kong pakiramdam sabihin iyon, kahit gaano pa ito kahinaan, mayroon akong iniisip na pinag-iisipan ko na itong lahat ng oras."
i love my tango family sometimes especially when i m feeling ugly and awkward and like an outsider i need something from tango that i can t get when i know everyone at the milonga,0,sadness,"Mahal ko ang aking tango family minsan lalo na kapag nararamdaman kong pangit at awkward at parang estranghero, kailangan ko ng isang bagay mula sa tango na hindi ko makuha kapag alam kong lahat sa milonga."
i guess when you are constantly feeling unhappy around the person it is a sign to you to remove this person from your life,0,sadness,"Siguro kapag lagi kang hindi masaya kasama ng isang tao, senyales iyon na alisin mo na siya sa buhay mo."
i feel tortured by this sense of wrong,4,fear,Nasasaktan ako ng husto dahil sa pakiramdam na mali ito.
i find myself feeling irritable or depleted i run through a mental checklist have i worked out,3,anger,"Kapag nararamdaman kong nagiging maasim o pagod ang aking pakiramdam, sinusuri ko sa aking isipan kung nag-ehersisyo na ba ako."
i am feeling quite weepy can you get rid of them and she did,0,sadness,"Nararamdaman kong medyo malungkot, kaya tinanggal niya iyon."
i feel acclimated like i am finally a part of this organization rather than a timid observer,4,fear,"Nararamdaman kong nababagay na ako, parang tunay nang bahagi na ako ng organisasyong ito kaysa isang mahiyain na tagamasid."
i was snapping at everybody and feeling very grumpy in general,3,anger,Nagagalit ako sa lahat at sobrang badtrip ko.
when i nearly caused a traffic accident with my car,4,fear,Nang halos magdulot ako ng aksidente sa trapiko gamit ang aking sasakyan.
i feel it looks abit dull and i am going to match the colours with the colours i am going to put on my final cover which i think will be white black and either red or blue,0,sadness,"Nararamdaman kong medyo mapurol ang hitsura nito at aayusin ko ang mga kulay upang tumugma sa mga kulay na ilalagay ko sa aking huling takip na sa tingin ko ay puti, itim, at alinman sa pula o asul."
i guess the mild pain had made me feel even more impatient to just get on with it,3,anger,Siguro ang banayad na sakit ay nagpabilis sa aking pagiging mapagbiro upang matapos na ito.
i starred into susan s gaping cum filled ring i could feel my own cock hardening in the vain hope of fucking this goddess myself but that would have to wait another day,0,sadness,"Nakatitig ako sa malawak na, puno ng semilya na singsing ni Susan, nararamdaman ko ang aking sariling ari na nagiging matigas sa walang kabuluhang pag-asa na mapagsamantalahan ko ang diyosa na ito ngunit iyon ay kailangang maghintay ng ibang araw."
i am feeling really confident moving into tomorrow as it will be the same juice smoothie and raw vegan meal menu routine,1,joy,Napakatiwala ko na papasok sa bukas dahil pareho pa rin ang aking juice smoothie at raw vegan meal menu routine.
ive gotten so used to them to the extent that im actually feeling weird without them,4,fear,Napag-sanayan ko na sila hanggang sa kakaiba na ang pakiramdam ko nang wala sila.
i feel isolated because im not much for driving on bad roads,0,sadness,Nararamdaman kong nag-iisa dahil hindi ako mahilig magmaneho sa masamang kalsada.
i cant blog if im feeling inspired and once i do blog i lose inspiration,1,joy,"Hindi ako makapag-blog kung inspirado ako, at kapag nag-blog na ako, nawawala ang aking inspirasyon."
i grin and kiss my way down his body the same way he d done to me except with less teeth because i m feeling rather mellow and content at the moment,1,joy,"Ngumiti ako at hinalikan ang buong katawan niya gaya ng ginawa niya sa akin, ngunit may kaunting ngipin dahil masaya at kontento ako ngayon."
i feel out of generous love people have focused too much on my story and i don t want to perpetuate that dynamic there are some other educators who are going through the same,2,love,"Nararamdaman kong dahil sa malawak na pagmamahal ng mga tao, masyadong nakatuon sila sa aking kwento at ayaw kong patuloyin ang ganitong dinamika. May ilang ibang edukador na dumadaan din sa parehong sitwasyon."
i feel and i dont need some dumb reason to legitimize or excuse the way im feeling,0,sadness,Nararamdaman ko ito at hindi ko kailangan ng anumang bobong dahilan upang bigyang-katwiran o pasanin ang aking nararamdaman.
i feel burdened and guilted by the weight of a decision gone bad,0,sadness,Nararamdaman kong mabigat at may sala dahil sa isang masamang desisyon.
im down to blogging again simply because im feeling very distracted though im suppose to study cell bio now,3,anger,"Gusto kong mag-blog ulit dahil sobrang nababagabag ako, kahit dapat ay nag-aaral ako ng cell bio ngayon."
i feel about this band perhaps i m too distracted by the hardcore dancers flailing around,3,anger,Nararamdaman ko tungkol sa banda na baka masyadong nababalisa ako sa mga hardcore dancer na nagwawala.
i began to feel accepted by gaia on her own terms,2,love,Naramdaman kong tinanggap ako ni Gaia ayon sa kanyang mga tuntunin.
i potter around my one bed flat i feel a little bit more like an unfortunate version of bridget jones,0,sadness,"Naglilinis ako sa aking maliit na apartment na may isang kama, at nararamdaman kong parang isang hindi masayang bersyon ni Bridget Jones."
i get more upset when bruce is a little more tired from work than usual i feel a little rejected,0,sadness,"Mas nagagalit ako kapag pagod na pagod si Bruce sa trabaho kaysa dati, parang tinatanggihan ako."
i just feel so safe,1,joy,Nararamdaman ko lang na sobrang ligtas.
i didn t feel particularly sympathetic toward her,2,love,Hindi ako lalong nakaramdam ng simpatya para sa kanya.
i like my new bunnysuit when i wear it i feel cute,1,joy,"Gustung-gusto ko ang aking bagong bunnysuit, kapag suot ko ito, parang cute ako."
when i heard what mark i had got at the entrance examination and i realized my admittance to the university was almost certain,1,joy,Nang marinig ko ang marka ko sa entrance examination at napagtanto kong halos tiyak na papasok ako sa unibersidad.
i feel their pain and its not pleasant,1,joy,Nararamdaman ko ang kanilang sakit at hindi ito kasiya-siya.
i feel very innocent and chaste now,1,joy,Nararamdaman kong lubhang inosente at dalisay ngayon.
im feeling low i usually just want to lay in bed and do nothing,0,sadness,"Nararamdaman kong mababa ang aking kalooban, karaniwan akong gustong magpahinga sa kama at wala nang gawin."
i know that there will be days that i am going to feel discouraged,0,sadness,Alam kong may mga araw na magiging mawalan ako ng pag-asa.
i feel like i have a plan that will make me happy and allow me to help my family better in so many ways,1,joy,Nararamdaman kong may plano akong magagawa na magpapasaya sa akin at magbibigay-daan para makatulong nang higit sa aking pamilya sa maraming paraan.
i supposed to feel about a persom that i was wickdly in love with for so long for me who tells me that he will not see me when hes got a girlfriend because he can not be faithful to her if im around,1,joy,"Akala ko dapat maramdaman ko tungkol sa isang tao na matagal kong minamahal nang lubusan, sa akin na sinasabi niyang hindi niya ako makikita kapag may girlfriend na siya dahil hindi siya makakapag-faithful sa kanya kung ako'y nasa paligid."
i feel you and its so sincere,1,joy,Naiintindihan kita at tunay ang iyong damdamin.
im feeling nervous about it,4,fear,Kinakabahan ako tungkol dito.
i am going to feel annoyed with myself,3,anger,Magagalit ako sa sarili ko.
i feel hesitant around it,4,fear,Nag-aalinlangan ako kapag nasa paligid nito.
i did laps and now feel all virtuous,1,joy,Nag-ikot ako ng maraming ulit at ngayon ay nararamdaman kong mabuti ang aking sarili.
i feel so assured and doubtful at the same time,1,joy,Nararamdaman kong napakalinaw at nag-aalinlangan ko nang sabay-sabay.
i woke feeling hopeful,1,joy,Nagising ako na puno ng pag-asa.
i still feel really regretful for leaving,0,sadness,Nakaramdam pa rin ako ng malaking pagsisisi dahil umalis ako.
i could listen to those words and suddenly not feel so incredibly helpless,0,sadness,Maaari akong makinig sa mga salitang iyon at biglang hindi na maramdaman ang sobrang kawalan ng pag-asa.
i feel pretty weird blogging about deodorant but im a bit of a deodorant snob and find it really hard to find a good one,4,fear,Nararamdaman kong kakaiba ang mag-blog tungkol sa deodorant pero medyo snob ako pagdating sa deodorant at mahirap talagang maghanap ng mabuti.
i feel studying and doing homework again after weeks of holidays target blank img title stumbleupon class ssba alt stumbleupon src http www,0,sadness,Nararamdaman kong mag-aaral at mag-uwi ng takdang-aralin muli pagkatapos ng ilang linggo ng bakasyon.
i guess what i m trying to say is that i have no abusive boyfriends no crushing of dreams no loss of jobs no real reason to feel depressed but i am,0,sadness,"Siguro ang gusto kong sabihin ay wala akong abusadong nobyo, walang pinipigilang pangarap, walang nawalang trabaho, walang tunay na dahilan para mawalan ng gana, pero nararamdaman ko ito."
i also feel extremely blessed to be marrying into such a loving family,1,joy,Napakaligaya ko rin na ikakasal sa isang pamilyang puno ng pagmamahal.
i feel like the only person i ever truly loved was a guy whom we shall call mr,2,love,Parang ako lang ang tunay na minamahal ko ay isang lalaki na tatawagin natin na si Ginoong.
i couldnt get to sleep i was feeling quite irritable and restless and every time i was dropping off to sleep a mosquito would land on my face or squeal around my ear,3,anger,"Hindi ako nakatulog, parang nainis at hindi mapakali ako, at tuwing lululuhin na ako, may lamok na bumabagsak sa mukha ko o sumisigaw malapit sa tenga ko."
i feel more sympathetic than ever for elementary school teachers trying to coerce entire classes of third graders to walk single file to the lunchroom,2,love,Mas nadarama kong empatiya ngayon para sa mga guro sa elementarya na pinipilit ang buong klase ng mga ikatlong baitang na maglakad nang mag-isa patungo sa kainan.
i barely seem to remember where i live in the middle of coming to terms with the likelihood that i would just be single for the rest of my life and feeling pretty content about that,1,joy,halos hindi ko na matandaan kung saan ako nakatira habang tinatanggap ko ang posibilidad na mag-isa na lang ako habang buhay at medyo kontento doon.
i feed him and how strongly i feel about not feeding him crappy processed dog food because i want him to live forever,0,sadness,Pinapatuloy ko siyang pakainin at gaano ko kalakas ang nararamdaman na huwag siyang pakainin ng masamang pinagawang pagkain para sa aso dahil gusto kong mabuhay siya magpakailanman.
i feel indecisive it feels like the security that i usually feel from sensing the ground beneath my feet is suddenly gone and i am left feeling wobbly and unhappy,4,fear,"Nararamdaman kong hindi ako makapagdesisyon, parang nawala ang seguridad na dati kong nararamdaman sa pagkakaalam na may lupa sa ilalim ng aking mga paa, at ngayon ay parang nababaling at malungkot ako."
i love this projector it is old it has an old smell to it not displeasing just old and slightly musty it is from the early s i feel like i am in my own little episode of mad men when we set it up to watch something on it,3,anger,"Mahal ko itong proyektora, matanda na ito, may amoy na parang matanda, hindi naman masama, basta matanda at konti ang amoy basa. Mula ito sa unang bahagi ng dekada '60, parang nasa sariling maliit na episode ng Mad Men ako kapag inilalaro natin ito para manood ng pelikula."
i also hope you understand why i feel so angry with you when you dont support the hat rule or when you turn up at a school event sans hat yourself,3,anger,Sana'y maintindihan mo rin kung bakit ako nagagalit kapag hindi mo sinusuportahan ang patakaran tungkol sa sumbrero o kapag dumating ka sa isang paaralang kaganapan nang walang sumbrero.
i feel that should hurt more than is does she grimaced,0,sadness,"Nararamdaman kong dapat mas masakit iyon kaysa sa nararamdaman ko, at siya ay kumunot ang noo."
staying in a relatives house which was broken in before,4,fear,Pagtira sa bahay ng kamag-anak na dati nang sinalakay.
i am now drunk again and feel fab,1,joy,Umiiyak na naman ako at pakiramdam ko'y maganda.
i decided for the first time in about months to try not wearing my ugly pink and black running shoes and at least feel a little bit cute going out,1,joy,"Nagpasya akong sa unang pagkakataon matapos ang ilang buwan, subukan hindi magsuot ng pangit kong pink at itim na sapatos pangtakbo at kahit papaano maramdaman ang kaunting ganda kapag lumabas."
i feel like people have shamed me for being so,0,sadness,Nararamdaman kong pinagmumukha akong mali dahil sa aking pagiging...
im feeling very mellow and relaxed sometimes im feeling productive and quiet and sometimes i just wanna have fun yknow,1,joy,"Minsan ay nararamdaman kong napakagaan at nakakarelaks, minsan naman ay produktibo at tahimik, at minsan ay gusto ko lang mag-enjoy, alam mo ba?"
im moving back into vegitarianism and it feels delicious,1,joy,Bumalik ako sa pagiging vegetarian at masarap ang pakiramdam.
im feeling pissed and sad right now,3,anger,Galit at malungkot ako ngayon.
i was talking to my district leader elder hill last night and was explaining to him some of my concerns such as not seeing the fruits of our efforts not having baptized anyone yet and just plain feeling like i have so many problems and weaknesses that its not even funny,4,fear,"Nag-usap ako kahapon gabi kay Elder Hill, ang aming lider ng distrito, at ipinaliwanag ko sa kanya ang ilan sa aking mga alalahanin, gaya ng hindi pa nakikita ang bunga ng ating pagsisikap, wala pang nabautismuhan, at nararamdaman kong puno ako ng mga problema at kahinaan na halos hindi na nakakatawa."
i feel so worthless beaten and broken,0,sadness,"Nararamdaman kong wala akong halaga, talo at nasira."
the time when my sister had her first baby i was so happy and joyous because she stayed for two days after marriage before she had a child,1,joy,"Nang manganak ang aking kapatid ng kanyang unang anak, sobrang saya at ligaya ko dahil nanatili siya ng dalawang araw matapos ang kasal bago siya nagkaanak."
i feel like it dirty src http i,0,sadness,Parang marumi ito.
i feel completely listless running on auto,0,sadness,"Parang walang gana akong gumalaw, parang nasa autopilot lang ako."
i feel like i have been quite neglectful to my blog and am just to say that we are here alive and happy,0,sadness,Nararamdaman kong medyo nababalewala ko ang aking blog at gusto ko lang sabihin na kami ay buhay at masaya.
i was also worried about the long trip because i had vomited the night before and as you may guess im not feeling well at all,1,joy,"Nag-aalala rin ako sa mahabang biyahe dahil umuwi ako ng gabi at gaya ng hula mo, hindi ako gaanong maganda ang pakiramdam."
i feel like i should try to calm her down shes been very good to me since the games ended but i can see katniss getting more and more tense with every schedule adjustment,1,joy,"Nararamdaman kong dapat kong subukang patahimikin siya. Mabuti siya sa akin simula nang matapos ang mga laro, pero nakikita kong lalong nagiging tensyonado si Katniss sa bawat pagbabago ng iskedyul."
i hate feeling that im so indecisive,4,fear,Ayaw ko ng pakiramdam na sobrang hindi ako mapagdesisyon.
i feel its my job to let you know when you might have missed another holiday,0,sadness,Nararamdaman kong tungkulin kong ipaalam sa iyo kung baka nakaligtaan mo muli ang isang pista opisyal.
i feel exhausted after i am done reading its like i live multiple lives all at once in the span of a day,0,sadness,"Pagkatapos kong matapos basahin, parang pagod na pagod ako, parang nabubuhay ako sa maraming buhay nang sabay-sabay sa loob ng isang araw."
i can write about it in my journal or something i am good at keeping a secret from the world no it depresses me and although i feel idiotic happiuness is bliss i watch the news,0,sadness,"Maaari kong isulat ito sa aking talaarawan o sa anumang bagay, magaling akong itago ang mga lihim sa mundo. Hindi, ito ay nakakadepresyon at kahit na pakiramdam kong bobo, ang kaligayahan ay biyaya. Pinapanood ko ang balita."
i am looking forward to it unless i feel out of place though i have been assured i will fit in,1,joy,"Inaasahan kong mangyari iyon maliban kung hindi ako magkakaroon ng pakiramdam na hindi ako nababagay, bagama't sinigurado sa akin na makakasama ako."
i feel that i am getting more and more timid these days,4,fear,Nararamdaman kong lalong lumalalim ang aking pagiging mahiyain ngayon.
i feel amused at the absurdity of it all,1,joy,Nakakatuwa sa akin ang kababalaghan ng lahat ng ito.
i feel so much more productive at college and so to keep that productivity in full gear ill have to chalk up some ideas for art projects this summer train an army of attack pigeons and take over a tiny and uninhabited island,1,joy,"Nararamdaman kong mas produktibo ako sa kolehiyo kaya upang mapanatili ang ganitong produktibo, kakailanganin kong mag-isip ng mga ideya para sa mga proyekto sa sining ngayong tag-init, sanayin ang isang hukbo ng mga pigeon na atake at sakupin ang isang maliit at walang tao na isla."
i guess she was feeling pretty hesitant,4,fear,Siguro ay medyo nag-aalinlangan siya.
i used to feel pretty friendly with started spouting off about how russia is running a muck for no reason that they dont give a shit about their citizens and that they cant be trusted,1,joy,"Dati, parang kaibigan ko siya, pero nang magsimula siyang magmura tungkol sa kung paano daw ginagawang gulo ng Russia nang walang dahilan, na hindi nila pinapansin ang kanilang mga mamamayan, at hindi sila mapagkakatiwalaan, nagbago ang lahat."
i may rant but i don t feel burdened in the least bit,0,sadness,Maaaring magmura ako ngunit hindi ako nabibigatan kahit papaano.
i was the one who was bearing all the pain and anguish yet why was it that i was the one that continues to feel the hurt while the ass is still gallivanting and showing off,0,sadness,"Ako ang nagdadala ng lahat ng sakit at pagdurusa, ngunit bakit ako pa rin ang nakakaranas ng sakit habang siya ay naglalaro at nagmamalaki?"
i just feel so unsure of myself and everything in my life,4,fear,Parang hindi ko alam kung ano ang gagawin ko at hindi ko sigurado ang lahat sa buhay ko.
i thought wed escaped the interminable bouts of bods in dressing gowns feeling each others lapels we now have the charming spectacle as i type of a guy in a tight fitting deep blue combo trying to for all intents and purposes take another guy in red from behind,1,joy,"Akala ko'y nakaligtas na tayo sa walang katapusang pag-aaway ng mga lalaki sa kanilang mga damit pang-tulog, na hinahawakan ang isa't isa, ngunit ngayon, habang ako'y sumusulat, nakikita ko ang isang lalaki sa mahigpit na asul na uniporme na tila gustong-gusto na saktan ang isa pang lalaki sa pulang damit mula sa likuran."
im being challenged and feel valued all the time,1,joy,Lagi akong hinahamon at nararamdaman ang aking halaga.
i can still feel all my muscles aching,0,sadness,Nararamdaman ko pa rin ang sakit ng lahat ng aking kalamnan.
i feel like i was actually productive today,1,joy,Naramdaman kong talagang produktibo ako ngayon.
i was going to say that it makes me feel all unloved and shit but thats just me being overly dramatic,0,sadness,"Gusto kong sabihin na parang hindi ako mahal at ganun, pero siguro naman ako lang sobrang drama."
i did a breathing treatment but as i laid in bed i felt like complete crap and i couldnt sleep so i called in thinking i really need to get steroids and ill feel fine right,1,joy,"Ginawa ko ang paggamot sa paghinga pero habang nakaratay ako sa kama, parang ganun na lang ang pakiramdam ko at hindi ako makatulog kaya tumawag ako dahil akala ko kailangan ko ng steroid at magiging okay na ako."
i figured out why i feel so crappy and so now i don t feel so crappy because a lot of feeling crappy comes from trying to figure out why certain negative emotions exist especially when my life is pretty damn good most of the time ya,0,sadness,"Naintindihan ko na kung bakit ako nararamdaman ang ganito at ngayon ay hindi na ako ganito dahil marami sa pagiging ganito ay nagmumula sa pagsisikap kong maunawaan kung bakit umiiral ang ilang negatibong emosyon, lalo na kapag ang buhay ko ay medyo mabuti karamihan sa oras."
i would feel timid wearing them beacuse id try to not get them dirty etc,4,fear,Magiging mahiyain ako kung susuotin ko iyon dahil baka matakot akong madumihan sila atbp.
i feel burdened a href http scratcheverything,0,sadness,Nararamdaman kong mabigat ang aking pasanin.
i feel less stressed and at the end of the day usually discover that ive done more,0,sadness,"Mas konti ang aking nararamdamang stress at sa huli ng araw, karaniwan kong natutuklasan na nagawa ko nang higit pa."
i cant even remember what it feels like to be loved,2,love,Hindi ko na maalala kung ano ang pakiramdam ng mahalin.
i tend to have a discomforting feeling or maybe get disturbed but that sense of emotion only plays out the way the book is being interpreted,0,sadness,"Madalas akong makaramdam ng kakaibang pakiramdam o maistorbo, ngunit ang damdaming iyon ay nagpapakita lamang ayon sa paraan ng interpretasyon ng aklat."
i feel more resolved and less like smoking my lungs today are obviously not very happy with me,1,joy,Mas determinado ako ngayon at hindi na ako gaanong nais mag-usok. Malinaw na hindi masaya ang aking baga sa akin.
i feel so frightened i just wanted to document the way i m feeling,4,fear,"Napakasindak ko, gusto ko lang i-dokument ang nararamdaman ko."
i feel blackburn will be a stubborn team against blackpool and holloway will want a positive reaction in this game even if they don get a result,3,anger,"Nararamdaman kong magiging matibay na kalaban ang Blackburn laban sa Blackpool, at gustong magkaroon ng positibong reaksiyon si Holloway sa larong ito kahit hindi man sila manalo."
i suppose i am a bit on occasion but now ive become this horrible annoying person and i feel so strange about it,4,fear,"Siguro minsan ako ganun, pero ngayon parang naging isang nakakainis na tao na ako at kakaiba ang pakiramdam ko dito."
i feel uncertain about something i will act in a more positive and powerful way,4,fear,"Hindi ako sigurado tungkol sa isang bagay, ngunit gagawin kong mas positibo at makapangyarihan ang aking kilos."
im sure something will come to me on a day when im feeling a little more artistic,1,joy,Sigurado ako na may darating sa akin sa araw na mas malikhain ako.
im feeling the way shes not caring for me the way she used to,2,love,Nararamdaman ko na hindi na niya ako inaalagaan gaya ng dati.
i was feeling a little adventurous and ordered the seafood paella and lemonade and after the drink arrived i kicked myself as i should have ordered a glass of sangria,1,joy,"Naramdaman kong medyo mahilig sa pakikipagsapalaran kaya nag-order ako ng seafood paella at lemonade, at pagdating ng inumin, pinagsisihan ko na sana ay nag-order ako ng isang basong sangria."
i still blush and feel shocked about the recreational activities that i sometimes unwillingly and willingly hear sometimes,4,fear,Nakakablush at nakakagulat pa rin ako sa mga recreational activities na minsan ay hindi ko sinasadya at minsan ay gustung-gusto kong marinig.
i feel that people cannot possibly appreciate me that any compliments toward me cannot possibly be sincere or that i dont deserve compliments in the first place,1,joy,"Nararamdaman kong hindi maaaring tunay na pahalagahan ng mga tao ang aking sarili, na ang anumang papuri sa akin ay hindi maaaring tunay o na hindi ako karapat-dapat sa mga papuri mula pa sa simula."
i began making dinner feeling good that i had succeeded in listening which resulted in a now cheerful husband,1,joy,"Nagsimula akong magluto ng hapunan, masaya dahil matagumpay akong nakinig na nagbunga ng isang masayang asawa ngayon."
i feel like they have been more than generous and completely understand that things change i mean days off unpaid,2,love,"Nararamdaman kong masyadong mapagbigay sila at lubos na nauunawaan na nagbabago ang mga bagay, ibig sabihin, mga araw ng pahinga na walang sahod."
i should be rushing around packing my kit ready to fly out to gambia on tuesday but instead i am sat here feeling rather melancholy after an emotional supping a small well fairly small,0,sadness,"Dapat sana ay nagmamadali akong nagpapakita ng aking gamit para lumipad patungong Gambia sa Martes, ngunit sa halip ay nakaupo ako rito, pakiramdam na medyo malungkot matapos ang isang emosyonal na hapunan, isang maliit na, medyo maliit na balon."
i left you i was feeling pretty defeated,0,sadness,"Iniwan kita, nararamdaman kong talagang natatalo."
i feel anxious as i usually do around this time of night,4,fear,Nararamdaman ko ang kaba tulad ng dati sa oras na ito ng gabi.
i feel convinced that the ideal therapist who presumably should be able as a professional necessity to understand another person in his uniqueness and in his wholeness without presupposition ought to be at least a fairly healthy human being,1,joy,"Naniniwala akong ang ideal na therapist, na dapat ay maunawaan ang isang tao sa kanyang pagkakaiba at kabuuan nang walang anumang pag-aakalang, ay dapat na isang medyo malusog na tao."
i feel like the class clown because im the only outgoing person there,1,joy,Parang ako ang klase clown dahil ako lang ang palabas doon.
i have that spring fling feeling again and like a flower unfurling my artistic soul is ready for some sunshine,1,joy,"Nararamdaman ko ulit ang kilig ng tagsibol at parang bulaklak na bumubukas, handa na ang aking kaluluwa sa sining para sa sikat ng araw."
i get another call from a frantic junior for my file and i obviously refused ta help her and now im feeling like i was too rude i mean i jz went like yeah sorry i just dont do that,3,anger,"Natanggap ko ulit ang tawag mula sa isang nag-aalalang junior para sa aking file at siyempre ay tumanggi akong tumulong sa kanya at ngayon ay nararamdaman kong masyadong bastos ako, ibig sabihin, basta ko lang sinabi na oo, pasensya na, hindi ko ginagawa iyon."
i feel rebellious and think let them do so,3,anger,Nararamdaman kong rebelde at iniisip kong hayaan silang gawin iyon.
i feel like on my ugly days or ugly phases as i call them i m not just unattractive but that i m unattractive in an odd way,0,sadness,"Sa mga araw o yugto na aking tinatawag na ""pangit,"" hindi ko lamang nararamdaman na hindi ako kaakit-akit, kundi na hindi ako kaakit-akit sa kakaibang paraan."
i feel not offended in any form and should not make this big and in the end it doesnt bother me at all but ive learned to show some balls in the past and say what i think not anonymous so if we would give some weight to the content of these comments there would be the questions what is behind it,3,anger,"Hindi ako naapektuhan sa anumang paraan at hindi dapat itong gawing malaki, at sa huli, hindi ito nakakabingi sa akin. Ngunit natutunan kong magpakita ng tapang sa nakaraan at sabihin ang aking iniisip nang hindi anonymous. Kaya kung bibigyan natin ng kahalagahan ang nilalaman ng mga komento na ito, magkakaroon ng mga tanong kung ano ang nasa likod nito."
i was feeling optimistic and actually ran the first couple miles at probably a pace,1,joy,Nararamdaman kong positibo at tumakbo nga ako ng unang ilang milya sa malamang na bilis.
i have now lived in virginia for about eight whole months and it feels super weird,1,joy,Nabuhay na ako sa Virginia ng halos walong buwan at parang kakaiba ang pakiramdam.
im usually so strong but she has this ability to make me feel like a naughty child that doesnt know what shes talking about,2,love,"Karaniwan akong matibay, pero may kakayahang gawin akong parang masungit na bata na hindi alam ang pinagsasabi niya."
i get this gut feeling or am i just being paranoid,4,fear,Nararamdaman kong may kakaibang pakiramdam o baka naman ako'y nag-aalala nang walang dahilan.
i didnt feel like moving around things were going just fine by themselves,1,joy,"Hindi ako kumilos, parang ayos naman ang lahat nang mag-isa."
i sure hope it helps im tired of feeling so lousy,0,sadness,"Sana makatulong ito, pagod na ako sa pakiramdam na ganito."
im feeling kind of naughty,2,love,Nararamdaman kong medyo masungit.
i feel completely submitted and devoted to a href http www,2,love,"Nararamdaman kong lubos akong sumusuko at nakatuon sa  <a href=""http://www"">www</a>."
i came out of there feeling so abused,0,sadness,Lumabas ako roon na parang napabayaan at nasaktan.
i dont know if i feel apprehensive about it or apathetic,4,fear,Hindi ko alam kung kinakabahan ako o wala akong pakialam.
i asked zack if i could go all out and write what i was feeling and he was gracious enough to let me do so,1,joy,"Tinanong ko si Zack kung pwede akong mag-all out at isulat ang nararamdaman ko, at siya ay nagbigay ng pahintulot na gawin iyon."
i get close to feeling what that is like is through dance which is putting music and motion together in a similarly creative way,1,joy,"Malapit akong maramdaman iyon sa pamamagitan ng sayaw, na nagsasama ng musika at kilos sa paraang malikhain din."
i feel lola falls under this strange demographic,4,fear,Nararamdaman kong si Lola ay kabilang sa kakaibang grupo ng mga tao.
i feel more stressed than ever,0,sadness,Mas stressed ako ngayon kaysa dati.
i keep feeling like i m reaching him this last time i was so convinced that he was there that he was responding that he was listening to me but every time it just seems to all come crashing down again,1,joy,"Lagi akong nakakaramdam na malapit na akong maabot siya. Sa huling pagkakataon, sobrang kumbinsido ako na naroon siya, na tumutugon siya, na nakikinig siya sa akin, pero lagi itong tila bumagsak muli."
i feel like i dont honestly know which bits of the dt that i admired are the results of ccs own wit,2,love,Parang hindi ko tunay na alam kung alin sa mga bahagi ng DT na aking hinangaan ay bunga ng sariling talino ng CCS.
i feel is very delicate,2,love,Nararamdaman kong napaka-delikado.
i feel so glad,1,joy,Masaya ako.
i feel like i am single handedly supporting the cupcake industry,2,love,Parang ako lang ang nag-iisa na nagpapatakbo ng industriya ng cupcake.
i spent today working in my lawn and feel invigorated,1,joy,Nagtrabaho ako sa aking bakuran ngayon at nararamdaman ang aking pagiging masigla.
i feel like i do a crappy job at giving back from this angle due to my own racing and training schedule,0,sadness,Nararamdaman kong hindi maganda ang ginagawa kong pagbabalik dahil sa aking sariling iskedyul ng pagtakbo at pagsasanay.
i feel those feelings coming back all those hateful jealous paranoid feelings that used to torture me relentlessly,3,anger,"Nararamdaman ko ang pagbabalik ng mga damdaming iyon, ang mga damdaming puno ng poot, inggit, at paranoiya na dati'y walang humpay na nagpapahirap sa akin."
i have visited over other daycare options and it has taken me a year to find one that i feel will even be acceptable,1,joy,Napuntahan ko na ang iba pang mga daycare at isang taon akong naghahanap upang mahanap ang isa na sa tingin ko ay kahit papaano ay katanggap-tanggap.
i should go to sleep but i m feeling reluctant to let go of the day,4,fear,Dapat na akong matulog pero ayaw kong bitawan ang araw na ito.
i feel like everywhere i look a piece of my sweet boy is missing,1,joy,"Parang sa bawat tingin ko, nawawala ang isang piraso ng aking matamis na anak."
i guess that s where the phrase down in the dumps comes from try this think of something that is mildly upsetting for you some sort of negative emotion perhaps you were stuck in traffic or there was something on the news this morning that made you feel a bit grumpy,3,anger,"Siguro doon nagmula ang kasabihan na ""down in the dumps."" Subukan mo, isipin ang isang bagay na bahagyang nakakabigo para sa iyo, isang uri ng negatibong emosyon marahil ay nakasagupa ka ng trapiko o may balita ngayong umaga na nagpa-grumpy sa iyo."
i have chose for myself that makes me feel amazing,4,fear,Pinili ko para sa aking sarili ang bagay na nagpapasaya sa akin.
i feel like pulling a paige from charmed just dont hurt me ok,1,joy,"Parang gusto kong gawin ang isang bagay na parang ginawa ni Paige sa Charmed, pero huwag naman po akong saktan, okay?"
i was out shopping with a friend the other day and she asked how i was feeling about the book coming out and i said i was terrified and she asked why,4,fear,"Nag-shopping ako kasama ng kaibigan ko noong araw at tinanong niya kung paano ako nakakaramdam tungkol sa paglabas ng libro, at sinabi kong natatakot ako at tinanong niya kung bakit."
i mean i care very much for my family that s going through these things but it was becoming something that was making me feel almost morose,0,sadness,"Ibig sabihin, mahal ko nang husto ang aking pamilya na nakakaranas nito, pero naging isang bagay na halos nagpapalungkot sa akin."
i feel depressed i will sing,0,sadness,"Nakakadepresyon ako, kakanta ako."
i feel though its pretty dangerous to to apply one strategy to match,3,anger,Nararamdaman ko lang na medyo mapanganib gamitin ang isang diskarte lamang para tumugma.
i feel ashamed when i log out and leave these problems behind,0,sadness,Nakakahiya sa akin kapag naglo-logout ako at iniwan ang mga problema.
i just feel so helpless i know deke s going to die and i can t do a fuckin thing about it,4,fear,"Parang wala akong magagawa, alam kong mamamatay si Deke at hindi ko kayang pigilan."
id recommend using it before washing with a shower gel the oil does leave a residue behind which does feel lovely but its not particularly practical and also has a brownish tint to it,2,love,Mas mainam gamitin ito bago maligo gamit ang shower gel dahil ang langis ay nag-iiwan ng residuong nakakaramdam ng maganda ngunit hindi praktikal at may kayumangging kulay.
i am a celebrity or politician i can hire a bodyguard who carries a gun and i don t have to apologize explain or feel embarrassed about this choice,0,sadness,"Bilang isang kilalang personalidad o politiko, maaari akong mag-empleyo ng isang bodyguard na may dalaang baril at hindi ako kailangang humingi ng paumanhin, magpaliwanag, o makaramdam ng hiya tungkol sa aking pagpipilian."
im thankful for music that makes me laugh music that makes me feel strong music that makes me believe in myself,1,joy,"Nagpapasalamat ako sa musika na nagpapasaya sa akin, sa musika na nagbibigay sa akin ng lakas, at sa musika na nagpapapaniwala sa akin sa aking sarili."
i spray it all over my body during afternoons to beat the heat because its refreshing doesnt sting unlike regular baby colognes and the fresh scent is very energizing just the thing i need to keep me from feeling drained and lazy in this intense heat,0,sadness,"Pinaglalagay ko ito sa buong katawan ko tuwing hapon upang labanan ang init dahil nakakapagpasigla ito, hindi nakakabitin gaya ng mga ordinaryong baby cologne, at ang sariwang amoy ay napakagising, perpekto para hindi ako makaramdam ng pagod at tamad sa matinding init na ito."
i feel that they were just as surprised to be sharing my dream as i was to have them sharing it,4,fear,"Nararamdaman ko na sila ay kasing-gulat ko rin sa pagbabahagi ng aking pangarap, gaya ng aking gulat na sila ang nagbabahagi nito."
i much regret that i allowed johann to accompany me from khartoum i feel convinced he can never rally from his present descara,1,joy,Lubos akong nagsisisi na pinayagan kong sumama si Johann mula sa Khartoum. Naniniwala akong hindi na siya makakabangon mula sa kanyang kasalukuyang kalagayan.
i remember feeling dismayed from this observation,0,sadness,Naalala ko ang aking naramdaman na pagkadismaya mula sa pagmamasid na ito.
i do know im feeling times more guilty,0,sadness,Alam kong mas lalong nadarama ko ang pagkakasala.
i am feeling naughty with my thebalm nude tude naughty palette a href http,2,love,Nararamdaman kong masayahin gamit ang aking thebalm nude tude naughty palette.
i was feeling a bit homesick so i made a last minute trip over to broomfield the weekend of the th to the nd,0,sadness,Naramdaman kong medyo nami-miss ko na ang bahay kaya nagpasiya akong mag-biyahe papuntang Broomfield noong weekend ng ikalawa hanggang ikapitong araw.
i play it i have more different feelings around a cold grim back drop,3,anger,"Naglalaro ako, at nararamdaman ko ang iba't ibang damdamin sa paligid ng malamig at madilim na tanawin."
i am feeling the effects of lifting weights a couple of times last week and i am loving it,2,love,Nararamdaman ko ang epekto ng pag-angkat ng timbang noong nakaraang linggo at nasisiyahan ako dito.
i could feel it but it didnt hurt,0,sadness,Naramdaman ko ito ngunit hindi ito nasaktan.
i bring these to mind and feel the joyful laughter well up within my heart it becomes hard to remain weighed down by the heavier negative feelings,1,joy,Iniisip ko ang mga ito at nararamdaman ang masayang tawa na tumataas sa aking puso; mahirap na manatili na mabigat ang damdamin dahil sa mga negatibong bagay.
i feel like i m going to be living a rich and sustained life throughout this year due to work,1,joy,Nararamdaman kong magkakaroon ako ng buhay na mayaman at matatag sa buong taong ito dahil sa aking trabaho.
i feel very carefree xd,1,joy,Nararamdaman kong sobrang malaya at walang alalahanin xd
i like that i don t feel pressured yet i like spending time with him,4,fear,"Gustung-gusto ko na hindi ako pinipilit, pero gusto ko rin siyang kasama."
i feel are acceptable response times for non crisis responses,1,joy,Nararamdaman kong katanggap-tanggap ang mga oras ng tugon para sa mga hindi krisis na tugon.
i feel so peaceful so i know i made the right decision,1,joy,Nararamdaman kong sobrang mapayapa kaya alam kong tama ang aking desisyon.
i again feel like going out in a friendly and safe environment i am booking a flight to pe,1,joy,Muli akong nadarama ang pagnanais na lumabas sa isang mapagkaibigan at ligtas na kapaligiran kaya nagbo-book ako ng byahe papuntang Pe.
i have done music and movie production in the last four years and i feel its time i do fashion which im very passionate about,1,joy,"Sa nakalipas na apat na taon, nagtrabaho ako sa produksyon ng musika at pelikula, at ngayon nararamdaman kong oras na para sa fashion, na aking lubos na pinag-aaralan."
i feel cranky and annoyed when i dont,3,anger,Nararamdaman kong maungol at nainis kapag hindi ako.
i feel like these lenses look so cute,1,joy,"Para sa akin, ang cute ng mga lente na ito."
i have not done any hill training but am not feeling apprehensive about it at all,4,fear,Hindi ako nagsagawa ng anumang pagsasanay sa bundok ngunit hindi ako nakakaramdam ng pag-aalala tungkol dito.
i was a touch pissed off that janine appears to have totally forgotten my birthday i feel a sarcastic comment in her card next week to make up for it,3,anger,Nagalit ako nang kaunti dahil mukhang ganap na nakalimutan ni Janine ang aking kaarawan. Iniisip kong isulat sa kanyang card sa susunod na linggo isang sarkastiko pangungusap bilang pampagaan.
i will state right now that i feel strongly that someone should be punished for the hurt that was inflicted on him,0,sadness,Aaminin ko ngayon na malakas ang aking paniniwala na dapat parusahan ang may sala sa sakit na idinulot sa kanya.
i wake up its the uncomfortable feeling i have that i was just mentally abused by my own thoughts and i can t for the life of me remember why and then when i do remember why i honestly wish i hadn t,0,sadness,"Gumigising ako, may kakaibang pakiramdam na parang pinagsamantalahan ng aking sariling mga iniisip, at hindi ko matandaan kung bakit. At kapag naaalala ko na ang dahilan, totoo ngang sana'y hindi ko na ito naalala."
i tend not to want to cook if i feel grumpy or tired or just stressed,3,anger,"Hindi ako masyadong gustong magluto kapag masungit, pagod, o stressed ako."
i seek the presence of people of conscience and i feel around me the optimism of youth with its stubborn refusal to accept a fate forced upon it,3,anger,Hinahanap ko ang presensya ng mga taong may budhi at nararamdaman ko sa paligid ko ang optimismo ng kabataan na may matigas na pagtanggi na tanggapin ang kapalaran na ipinipilit sa kanila.
i feel numb jun nd,0,sadness,"Parang nawawala ang pakiramdam ko, Jun."
i wanted to please him and make him feel accepted,2,love,Gusto kong mapasaya siya at maramdaman niyang tinatanggap siya.
i am in front of a blank canvas i feel calm and focused,1,joy,"Nasa harapan ako ng isang puting tela, nakaramdam ako ng katahimikan at konsentrasyon."
ive had where i feel good enough to work the whole shift possibly the whole day,1,joy,"May mga pagkakataon na nararamdaman kong sapat ang aking enerhiya para magtrabaho sa buong shift, marahil kahit buong araw."
i want to be to be worthy of them especially when i m feeling the sarcastic crone,3,anger,"Gusto kong maging karapat-dapat sa kanila, lalo na kapag nararamdaman ko ang sarkastiko at matandang babae."
i feel that every step in my plan has been taken with the divine help,1,joy,Nararamdaman kong bawat hakbang sa aking plano ay ginawa sa tulong ng Diyos.
ive noticed this week that im not the only one who struggles with feeling a little depressed after mothers day,0,sadness,Napansin ko ngayong linggo na hindi ako nag-iisa na nahihirapan sa pakiramdam ng kaunting depresyon pagkatapos ng Araw ng mga Ina.
i feel talented sometimes,1,joy,"Minsan, nararamdaman kong may talento ako."
i am just remembering it now and i should have told him it was birthday but i am such a selfish idiot and was feeling jealous of all the people who met nao,3,anger,Naalala ko lang ngayon at dapat ko sana sinabi sa kanya na kaarawan niya pero ganoon ako kasungit at seloso sa lahat ng nakakasalamuha ni Nao.
i presented old work which made me feel guilty,0,sadness,Ipinakita ko ang mga lumang gawa ko na nagdulot sa akin ng pakiramdam na may sala.
i wanted to take this opportunity to express the way i feel about myself the blog and your lovely selfs of course,2,love,"Gusto kong gamitin ang pagkakataong ito upang ipahayag ang aking nararamdaman tungkol sa aking sarili, sa blog, at siyempre, sa inyong lahat."
i feel so fucked up these days,3,anger,Napakasira ng pakiramdam ko ngayon.
i said sir i feel from real time company experience that mba would be more valuable for my career than gate since most work now a days in it companies now is support based,1,joy,"Sinabi ko, sir, na mula sa aking karanasan sa tunay na kompanya, mas magiging kapaki-pakinabang ang MBA para sa aking karera kaysa sa GATE dahil karamihan sa mga trabaho ngayon sa mga kompanya ng IT ay nakabatay sa suporta."
i cant quite believe it but i feel more lively and awake ths morning than i have in ages,1,joy,"Hindi ko lubos mapaniwala, pero masigla at gising ako ngayong umaga kaysa sa mga nakalipas na taon."
i feel more inspired to get back into the mindset of putting the good stuff into my body,1,joy,Nararamdaman kong mas inspirasyon na bumalik sa pag-iisip na ilagay ang mabubuting bagay sa aking katawan.
i hate feeling so fucked up all the time because of this,3,anger,Ayaw kong lagi akong masaktan dahil dito.
i dont know if i feel this way because i live in la and id rather be somewhere else or if its because im stressed about money work or if im just in need of a hug,0,sadness,"Hindi ko alam kung bakit ako nararamdaman ito, dahil ba ako nakatira sa LA at mas gugustuhin kong nasa ibang lugar, o dahil ba ako stressed sa pera, trabaho, o kaya naman ay kailangan ko lang ng yakap."
i feel like posting something clever problem is of course im not an extremely clever person,1,joy,"Parang gusto kong mag-post ng isang matalinong bagay, pero siyempre hindi ako sobrang matalino."
i could feel how exhausted my arms and legs were,0,sadness,Nararamdaman ko ang pagod ng aking mga bisig at binti.
i feel rejected like my peers dont really understand me and as a result arguments ensue,0,sadness,"Nararamdaman kong tinatanggihan, parang hindi tunay na naiintindihan ng aking mga kapantay at dahil dito, nagkakaroon ng mga alitan."
i feel so dull and such an idiot,0,sadness,Nararamdaman kong napakalungkot at parang tanga.
i was in a dark moment of my life at that precise moment so each time i read her stuff the fleeting feeling of empathy for her and her triumphs was quickly succeeded by bitterness and guilty resentment towards her,0,sadness,"Noon, nasa isang madilim na yugto ng buhay ako kaya tuwing binabasa ko ang mga sulat niya, ang pansamantalang damdaming empatiya para sa kanya at sa kanyang tagumpay ay agad na sinusundan ng mapait na sama ng loob at may sala akong pagsisisi sa kanya."
i feel terrible about that,0,sadness,Napakasama ko po dahil doon.
i feel a tranquil and eloquent charm his praise array delights me thought of legard but he loved me not,1,joy,"Nararamdaman ko ang isang tahimik at mahusay na kagandahan sa kanyang papuri, nagbibigay saya sa akin ang pag-iisip kay Legard, ngunit hindi niya ako minahal."
i feel almost weird that someone i didnt know has impacted me emotionally these last few days,4,fear,Nararamdaman kong kakaiba na may isang taong hindi ko kilala ang nakaapekto sa akin emosyonal sa mga nakalipas na araw.
i did feel a little less inhibited in class tonight,4,fear,Naramdaman ko na medyo hindi na ako gaanong nahihiya sa klase ngayong gabi.
i get headaches am easily agitated feel frightened and aggressive,4,fear,"Nakakaranas ako ng pananakit ng ulo, madaling magalit, natatakot, at maging agresibo."
i stand by that he is actually annoying giggle i also acknowledge that i have been feeling very dissatisfied,3,anger,"Naniniwala ako na siya ay talagang nakakainis, kiliti, at aminado akong nararamdaman kong lubhang hindi nasiyahan."
i feel so rich when i pass by you i see a penny,1,joy,"Nararamdaman kong sobrang yaman kapag dumadaan ako sa tabi mo, nakikita kong isang sentimo."
i feel sad for that after all,0,sadness,Malungkot ako para doon pagkatapos ng lahat.
i like to buck the system and climb on my soapbox when i feel wronged or see others wronged but for the most part i am more comfortable with a society that accepts certain behaviors as moral truths,3,anger,"Gustung-gusto kong labanan ang sistema at sumakay sa aking plataporma kapag nararamdaman kong mali ang ginawa sa akin o sa iba ngunit karamihan sa panahon, mas komportable ako sa isang lipunan na tinatanggap ang ilang kilos bilang moral na katotohanan."
i read that men would rather feel unloved than inadequate or disrespected,0,sadness,Nabasa ko na mas gugustuhin ng mga lalaki na maramdaman ang kawalan ng pagmamahal kaysa sa pagiging hindi sapat o hindi nirerespeto.
i like to do things that leave others feeling surprised and delighted,4,fear,Gustung-gusto kong gawin ang mga bagay na nagpapasaya at nagpapasindak sa iba.
i love how a whiff of a certain scent can take you back to a certain time or place remind you of a certain person and make you feel content or nostalgic,1,joy,"Gustung-gusto ko kung paano ang isang halimuyak ng isang partikular na amoy ay maaaring dalhin ka pabalik sa isang tiyak na panahon o lugar, maalala mo ang isang tiyak na tao, at gawing masaya o ma-nostalgic ka."
i hope the pair of us harbor no hard feelings and do enjoy casual chats about the ways our lives turn out without needing to press a title into everything,1,joy,Sana walang sama ng loob sa pagitan natin at masaya tayong mag-usap nang basta-basta tungkol sa kung paano nagiging buhay natin nang hindi kailangan pang ilagay ang label sa lahat ng bagay.
i make some of those cracks by the age old system of not sleeping and driving myself insane but i dont have the energy and i dont have that feeling because it feels like ive already devoted my life to working and hacking systems and fucking with numbers for people,2,love,"Gumagawa ako ng ilan sa mga bitag na iyon sa pamamagitan ng matandang sistema ng hindi pagtulog at pagpapakasakit sa aking sarili, ngunit wala akong lakas at wala akong nararamdaman dahil parang nakalaan ko na ang aking buhay sa pagtatrabaho, pag-hack ng mga sistema, at paglalaro ng mga numero para sa iba."
im not sure if what im feeling is so extremely vulnerable or now that i feel so depressed and sad,4,fear,Hindi ko sigurado kung sobrang mahina ang nararamdaman ko o ngayon na parang malungkot at depressed na ako.
i have noticed that if i go with out i start to feel irritated at him or easily annoyed by the things he does i feel this tiny ache inside of me almost unnoticeable the first few days as if a tiny hair had burrowed its way into my foot,3,anger,"Napansin ko na kapag wala siya, nagsisimula akong mag-irita o madaling magagalit sa mga ginagawa niya. Nararamdaman ko itong maliit na sakit sa loob ko, halos hindi mapapansin sa mga unang araw, parang maliit na buhok na nakapasok sa paa ko."
i am starting to feel like a worthless person,0,sadness,Nagsisimula akong makaramdam na parang isang walang halaga.
i feel so blessed and honoured to be sharing my knowledge on my two absolute favourite topics in this life,2,love,Nararamdaman kong lubos akong binabati at pinagpala na maibahagi ang aking kaalaman tungkol sa aking dalawang paboritong paksa sa buhay.
i dont have a solid reason for beginning self harm it was a number of things really but i just had these feelings of being worthless that no one would ever like me that i was ugly that i didnt fit in that i was horrible,0,sadness,"Wala akong matibay na dahilan para magsimula ng pagkasakit sa sarili, maraming bagay talaga ang nag-ambag, pero nararamdaman ko lang ang mga damdaming parang wala akong halaga, na walang makakaibig sa akin, na pangit ako, na hindi ako nababagay, na ako ay isang masamang tao."
i read the ny times i feel very inadequate,0,sadness,"Binasa ko ang New York Times, at nararamdaman kong lubhang kulang."
i lose friends because they apparently dont like that i tell people how i feel its funny how that works,4,fear,Nawawala ako ng mga kaibigan dahil tila ayaw nila na sabihin ko sa iba ang aking nararamdaman. Nakakatawa kung paano iyon gumagana.
i feel like the hood makes the sweater too casual to wear to work and so i just don t wear this sweater,1,joy,Nararamdaman kong ang hood ay ginagawa ang sweater na masyadong kaswal para isuot sa trabaho kaya hindi ko isinusuot ang sweater na ito.
i can feel it clever of them and,1,joy,"Nararamdaman ko, matalino sila."
i feel invigorated when something is refreshed,1,joy,Nararamdaman kong nabubuhay muli kapag may bago.
i have my lowest level class first which is definitely the most difficult to manage with the hotshot boys men then my best class very last period which leaves me feeling somewhat useful at the end of each day,1,joy,"Una kong klase ay ang pinakamababa ang antas na tiyak na mahirap pangasiwaan dahil sa mga matatalinong lalaki, tapos ang pinakamagandang klase ko ay huling oras na nagpaparamdam sa akin na medyo kapaki-pakinabang sa dulo ng bawat araw."
i will not say that those hopes were dashed because i did truly enjoy the movie but i did leave feeling disappointed,0,sadness,"Hindi ko sasabihin na nabigo ang mga pag-asa ko dahil tunay ngang nasiyahan ako sa pelikula, ngunit umalis akong nakaramdam ng pagkabigo."
im feeling a bit gloomy and blah today so this a href http lunajubilee,0,sadness,"Nararamdaman kong medyo malungkot at walang gana ngayon kaya ito ay <a href=""http://lunajubilee"">lunajubilee</a>."
i was feeling anything but adventurous and stuck with comfort zone and ordered mcdonalds,1,joy,Hindi ako nakaramdam ng kahit anong pagnanais na maging mapangahas at nanatili sa aking komportableng sona kaya nag-order ako ng McDonald's.
i feel shy of sharing too much about it right now like its a delicate bird that hasnt taken flight,4,fear,"Nahihiya akong ibahagi nang masyado ngayon tungkol dito, parang isang mahina at hindi pa lumilipad na ibon."
i feel insulted video pete edochie responds to death hoax i feel insulted a href http olajideolafunmbi,3,anger,Nararamdaman kong nababastos ang video ni Pete Edochie na tumugon sa balita ng kanyang kamatayan. Nararamdaman kong nababastos.
i feel like i ve been distracted all day or i ve been dealing more with fiddly necessities than actual creative work then i ll feel like the day s been wasted,3,anger,"Parang buong araw akong nababagabag o mas maraming oras ang ginugol ko sa mga maliit na pangangailangan kaysa sa tunay na paglikha, tapos parang sayang ang araw."
i purposely put that statement in the negative to show that im now feeling gun shy,4,fear,Sinadya kong ilagay ang pahayag na iyon sa negatibo upang ipakita na ngayon ay nararamdaman kong natatakot na mag-isip ng malawak.
i do i hold onto them i look into their eyes and breath them in and i feel immensely deeply thankful,1,joy,"Ako'y hawak sila, nakatingin sa kanilang mga mata, humihinga ng kanilang presensya, at nararamdaman ang malalim at dakilang pasasalamat."
i gotta say im feeling pretty impressed with how everything ended up considering my total dollars dropped totaled and i have three small canvases to play with display with,4,fear,"Dapat kong sabihin, napakagulat ko sa resulta, lalo na't bumaba ang aking kabuuang pera at mayroon lamang akong tatlong maliit na canvas na gagamitin."
i make my intentions known here i feel rotten if i dont go,0,sadness,Ipinahahayag ko rito ang aking intensyon; masama ang pakiramdam ko kung hindi ako pupunta.
i would not feel as shaken if i were appreciated for at least a tiny bit,4,fear,Hindi ako magiging ganito kalungkot kung kahit papaano ay pinahahalagahan ako.
i got lots o crazy shit going on but i am loved and feel hopeful about the future,1,joy,"Marami akong pinagdadaanan, pero mahal ako at puno ako ng pag-asa para sa kinabukasan."
i was feeling quite something im not sure,1,joy,"Nararamdaman ko ang kakaiba, hindi ko alam kung ano."
im feeling a little bit apprehensive about entering a new chapter again and having to prove myself all over again,4,fear,Nararamdaman ko ang kaunting pag-aalinlangan sa pagpasok sa isang bagong kabanata at kailangang patunayan muli ang aking sarili.
i want to enjoy this and feel successful,1,joy,Gusto kong masiyahan dito at maramdaman ang tagumpay.
i still have such a hard time writing my work down and when i do i feel its not perfect,1,joy,"Mahirap pa rin para sa akin na isulat ang aking trabaho at kapag nagawa ko, parang hindi ito perpekto."
i feel like a deprived kid,0,sadness,Parang batang kulang sa lahat ako.
im glad that peter doesnt feel threatened or concerned by my recent interest in decidedly egalitarian almost feminist christian blogs jonalyn finchers a href http soulation,4,fear,Masaya ako na hindi nararamdaman ni Peter ang pagiging banta o alalahanin dahil sa aking kamakailang interes sa mga blog ng Kristiyanong egalitarian at halos feminist na gaya ni Jonalyn Fincher.
i feel like everything is just so fucked,3,anger,Parang lahat ay sobrang gulo.
i shouldve stopped feeling envious she has her own life i knew it but its still so hard,3,anger,"Dapat ko nang ihinto ang pagiging inggitera, siya ay may sariling buhay, alam ko iyon ngunit mahirap pa rin."
i feel i am seeing a series of intelligent people who have compartmentalised science and religion mostly into separate areas of their minds and not all in the same way and they are flicking backing and forth between them like radio dials,1,joy,"Nararamdaman kong nakikita ko ang isang serye ng matatalinong tao na naghihiwalay ng agham at relihiyon sa mga hiwalay na bahagi ng kanilang isipan at hindi lahat sa parehong paraan, at sila ay nagbabalik-balik sa pagitan nila tulad ng pag-ikot ng radyo."
ive been kicked in the stomach by the eating disorder so many times that i feel kind of numb,0,sadness,Maraming beses akong sinuntok sa tiyan ng karamdaman sa pagkain kaya medyo nawalan na ako ng pakiramdam.
i used to always throw out twd as an example of dual excellence whenever anyone would defend some tedious issue superhero story but recently i feel like the single issues are suffering a bit,0,sadness,"Dati, lagi kong ginagamit ang ""TWD"" bilang halimbawa ng dual excellence kapag may nagtatanggol sa mga mahabang at nakakabagot na kwento ng superhero, pero kamakailan, parang nahihirapan na ang mga single issues."
i have a plan with friends and a good support system of neighbors to keep me company but it still feels really weird,4,fear,May plano akong kasama ang mga kaibigan at may mabuting suporta mula sa mga kapitbahay para kasama ako ngunit parang kakaiba pa rin ang pakiramdam.
i get the feeling that nellie is satisfied that the phone rang happy that leslie is out of the room now,1,joy,Nararamdaman kong masaya si Nellie dahil tumunog ang telepono at masaya rin siyang wala na si Leslie sa silid.
i were to create a piece similar to this again i would improve on it by spending more time on the background as i feel i rushed this and it could have been more detailed,3,anger,"Kung bibigyan ako ng pagkakataon na gumawa muli ng isang obra katulad nito, pagbutihin ko ito sa pamamagitan ng paglaan ng mas maraming oras sa background dahil sa tingin ko ay nagmadali ako rito at maaaring mas detalyado pa ito."
i feel respected and i feel like i am worth something,1,joy,Nararamdaman kong nirerespeto at may halaga ako.
i was and still am feeling romantic possibly due to the endless wedding conversations with my girlfriends which involves a lot of talk on whimsical dresses dreamy photoshoots and vintage inspired decorations,2,love,"Nararamdaman ko, at patuloy pa rin, ang pagiging romantiko marahil dahil sa walang katapusang usapan tungkol sa kasal kasama ang aking mga kaibigan na puno ng pag-uusap tungkol sa makulay na mga damit, pangarap na mga photoshoot, at mga dekorasyon na inspirasyon ng mga lumang panahon."
i feel like im getting less intelligent more and more each day,1,joy,Parang lumiliit ang aking katalinuhan araw-araw.
i have a feeling something startled her but either way she started on my shoulder and ended up across the room a very slow flutter mind you,4,fear,"Naramdaman kong may nagulat sa kanya, pero anuman iyon, nagsimula siya sa aking balikat at natapos sa kabilang dulo ng silid, isang napakabagal na paglipad, tandaan mo."
i bet you are feeling really mad and hurt,3,anger,Sigurado akong galit at nasasaktan ka ngayon.
i do however feel myself feeling a bit reluctant,4,fear,Nararamdaman ko rin ang kaunting pag-aalinlangan.
i know im quite selfish but sometimes i feel like i dont want to throw everything just for something that is uncertain,4,fear,"Alam kong medyo makasarili ako, pero minsan parang ayaw kong itapon ang lahat para sa isang bagay na hindi pa sigurado."
i know the feeling will fade away in a day or two or even in a few hours when the cute hairstyle starts to droop and frizz,1,joy,"Alam kong mawawala ang pakiramdam sa isang araw o dalawa, o kahit sa ilang oras kapag ang cute hairstyle ay nagsimulang bumaba at mag-frizz."
im just being straightforward theyd feel hurt,0,sadness,"Diretso lang ako, baka masaktan sila."
i feel useless and gross and cant seem to find one positive thing about myself,0,sadness,"Nararamdaman kong walang silbi at marumi, at hindi ko mahanap ang kahit isang magandang bagay tungkol sa aking sarili."
i feel distracted or scattered i take a few moments to close my eyes and just breathe,3,anger,"Kapag nararamdaman kong nababalot o naliligaw ang aking konsentrasyon, ako'y humihinto saglit upang isara ang aking mga mata at huminga lamang."
i dont have minutes to post something but because i feel like theres nothing worthwhile to write or anything that would slightly appeal to anyone who might read this,1,joy,"Wala akong oras para mag-post ng kahit ano, pero dahil parang wala akong masasabi na may halaga o kahit ano man na maaaring kaunti man lang magustuhan ng mga babasa nito."
i believe that if i by myself make a person feel uptight and want to be envous of me then they have another sin called jealousy,4,fear,"Naniniwala ako na kung ako mismo ang magpaparamdam sa isang tao na mahigpit at gustong maging inggit sa akin, mayroon silang ibang kasalanan na tinatawag na inggit."
im sore and feeling very unsure of how in the world i will go more miles in weeks,4,fear,Nasasaktan ako at hindi ko alam kung paano ko kakayanin maglakad ng mas malayo sa mga susunod na linggo.
i was down feeling greedy and depressed,3,anger,"Nalulumbay ako, nadarama ang kasakiman at depresyon."
i really am feeling skeptical about politicians lately and all of the tomfoolery and shenanigans that are going on in washington so it s nice to read a book that is about that subject and about some people taking action though no i don t advocate the actions they took,4,fear,"Talagang nag-aalinlangan na ako sa mga politiko ngayon at sa lahat ng kalokohan at gulo sa Washington kaya maganda basahin ang isang libro tungkol sa paksa na ito at tungkol sa mga taong kumikilos, bagama't hindi ako sumasang-ayon sa mga kilos nila."
i sobbed and cried to him feeling quite vulnerable and he did nothing said nothing,4,fear,"Umiiyak at humihingi ako sa kanya, pakiramdam ko'y lubos na mahina, ngunit wala siyang ginawa, wala siyang sinabi."
i am feeling thankful for warm sunshine crisp autumn air and bright fall colors,1,joy,"Nagpapasalamat ako sa mainit na sikat ng araw, sa malinaw na hangin ng taglagas, at sa maliwanag na kulay ng mga dahon sa tag-araw."
im feeling artistic and im feeling stellar,1,joy,Nararamdaman kong malikhain at nasa taas ng aking anyo.
i mean weve been friends for a long time and these things are not new to me but right now it feels like all i ever want to do is just roll my eyes at everything you say and tell you how obnoxious youre being,3,anger,"Ibig sabihin, matagal na tayong magkaibigan at hindi bago sa akin ang mga bagay na ito, pero ngayon parang ang gusto ko lang gawin ay i-roll ang mga mata ko sa lahat ng sinasabi mo at sabihin sa iyo kung gaano ka ka-obnoxious."
i remember feeling equally dazed and road rollered when the twins came home and that was with the pee and poo all neatly tied up in diapers,4,fear,"Naalala ko ang pakiramdam na parehong nabighani at nabigla nang umuwi ang mga kambal, kahit na ang tae at ihi ay nakalagay nang maayos sa diaper."
i really wish i had the courage to drag a blade across my skin i wish i could do it i wish i could see the blood and feel that sweet release as it starts to pour out of my flesh and down my body,2,love,Tunay kong nais na mayroon akong lakas ng loob na ihila ang isang talim sa aking balat. Nais kong magawa iyon. Nais kong makita ang dugo at maramdaman ang matamis na kalayaan habang ito ay nagsisimula nang tumulo mula sa aking laman at bumaba sa aking katawan.
i feel its gonna be months after days ever since you broke up with me,0,sadness,"Nararamdaman kong matagal pa, mga buwan pa, matapos ang mga araw mula nang maghiwalay tayo."
i am skinny look at me i am thin i love myself but i am feeling ignored i am thinner now i try to disappear,0,sadness,"Payat ako, tingnan ninyo ako, payat ako. Mahal ko ang aking sarili ngunit nararamdaman kong hindi ako pinapansin. Mas payat na ako ngayon, parang gusto kong mawala."
i feel is truthful the fun always lies in having an idea and seeing it realized and not soo much in the object or goal,1,joy,"Nararamdaman kong totoo iyon, ang kasiyahan ay lagi nang nasa pagkaroon ng ideya at pagtingin dito na natutupad, hindi gaanong sa bagay o layunin mismo."
i have to say however is that is is awfully difficult to feel glamorous and sensational in all this heat ash stench greasy hair and your basic post yeast infection mode,1,joy,"Dapat kong sabihin, bagama't mahirap talagang maramdaman ang kagandahan at sensasyon sa ganitong init, abo, amoy, maalat na buhok, at sa ganitong kalagayan pagkatapos ng impeksiyon sa kabibe."
i couldnt help but feel like that smug bastard on tv already called the first number on the ticket and it wasnt even close to what i picked,1,joy,Hindi ko mapigilan ang pakiramdam na ang sungit na 'yon sa telebisyon ay tinawag na ang unang numero sa tiket at hindi man lang malapit sa aking napili.
i am remembering your touch feeling your fingers caress my aching palms,0,sadness,"Naalala ko ang iyong paghawak, ang pakiramdam ng iyong mga daliri na pinag-aaruga ang aking nasasakit na mga palad."
i start to feel more and more frantic and rushed trying to provide excellent care for my patients and then high tail it home,4,fear,Nagiging mas at mas nagmamadali at kinakabahan ako habang sinusubukang magbigay ng mahusay na pangangalaga sa aking mga pasyente at pagkatapos ay mabilis na umuwi.
im feeling that i will never being disturb by the naughty student at the school anymore,2,love,Nararamdaman kong hindi na ako magkakaroon ng gulo mula sa mga masamang estudyante sa paaralan.
i have a reminder of the joy and peace i feel in his arms i am tortured,3,anger,"Mayroon akong alaala ng kagalakan at kapayapaan na nararamdaman ko sa kanyang mga bisig, ngunit ako'y pinagdurusa."
i am feeling very virtuous today,1,joy,Napakabubuti ng pakiramdam ko ngayon.
i do i feel very impressed with the one who made the story,4,fear,Napakagaling ko pong naimpress sa gumawa ng kwento.
i feel that i have lived long enough i am leaving you with your worries in this sweet cesspool,1,joy,"Nararamdaman kong nabubuhay na ako nang sapat, iiwan ko kayo sa inyong mga alalahanin sa ganitong matamis na tambakan ng dumi."
i have the capacity for great care and compassion as well as the ability to bite metaphorically speaking when i feel threatened,4,fear,"May kakayahang magpakita ng malaking pag-aalaga at awa ako, pati na rin ang kakayahan na ""tumugis"" nang pahiwatig kapag nararamdaman kong nanganganib."
i miss the feeling of someone actually caring about what is going on with me and how i am feeling,2,love,Namimiss ko ang pakiramdam na may tunay na nag-aalala sa nangyayari sa akin at sa aking nararamdaman.
i feel a timid six other times a wise sixty six,4,fear,"Nararamdaman ko ang pagiging mahiyain na anim na beses, isang matalinong animnapu't anim."
i feel equally morally outraged regardless of whether its michigans or new yorks governor sleeping with prostitutes behind his wifes and daughters backs,3,anger,"Nararamdaman ko ang pantay na galit at pagtutol sa moralidad kung sino man ang gobernador, mula sa Michigan o New York, na nakikipagtalik sa mga prostityutong lihim sa likod ng kanyang asawa at anak na babae."
i feel like i am being punished for the choices i made in the past,0,sadness,Parang pinarusahan ako dahil sa mga pagpipilian ko noon.
i am so incredibly thankful for the temple and for the blessings the promises and especially the feeling that comes over me when i am either inside this amazing building or simply when i drive by,1,joy,"Napakasaya ko at lubos akong nagpapasalamat sa templo at sa mga biyaya, pangako, at lalo na sa pakiramdam na sumasakop sa akin kapag nasa loob ng kahanga-hangang gusaling ito o kahit na simpleng pagdaan lamang."
i feel like my last two classes i didnt simplify instruction enough or do enough of a demonstration because i had many students with blank stares or not applying themselves in the projects,0,sadness,"Parang sa huling dalawang klase ko, hindi ko sapat na pinasimple ang mga instruksiyon o hindi sapat na nagpakita ng halimbawa kaya marami sa mga estudyante ang nakatingin lang nang walang kaunawaan o hindi nagsisikap sa mga proyekto."
i feel myself so honoured,1,joy,Nararamdaman kong lubos akong pinagpala.
i walk out of the studio feeling exhausted soaking wet with sweat and with a startling clarity of focus and quiet inside,0,sadness,"Lumabas ako sa studio, pagod, basa ng pawis, ngunit may nakakagulat na malinaw na pokus at katahimikan sa loob."
im still feeling the effects today in that my body isnt particularly impressed by me at the moment and it feels a but stressed out trying to sort itself out,4,fear,Nararamdaman ko pa rin ang epekto ngayon dahil hindi partikular na nasiyahan ang aking katawan sa akin sa ngayon at parang nabibigatan ito at nagsisikap magayos.
i feel like there are a couple of castanets songs i really liked over the last five or eight years but i feel like ray raposa just got lost in that wave of freak folk that rolled in and crested in like and then got washed back out to sea,2,love,"Nararamdaman kong may ilang awit na may castanets na talagang nagustuhan ko sa nakalipas na limang o walong taon, pero parang nawala si Ray Raposa sa alon ng freak folk na dumating, umakyat, at saka bumalik sa dagat."
i feel satisfied knowing the dirt and hair is no longer in the car and house,1,joy,Masaya akong malaman na wala nang dumi at buhok sa kotse at bahay.
i feel equally wronged,3,anger,Nararamdaman ko ring hindi tama ang nangyari sa akin.
i still feel dissatisfied,3,anger,Hindi pa rin ako nasiyahan.
ive been idling away this past year i realize im feeling more and more doubtful of my path,4,fear,Nagpapalipas lang ako ng oras ngayong nakaraang taon at napagtanto kong lalong dumadami ang pag-aalinlangan ko sa aking landas.
i apologise in advance i m feeling somewhat angered and stressed and the following is just going to have to come out,3,anger,"Pasensya na sa una, medyo galit at stressed ako ngayon kaya kailangan kong ilabas ito."
i feel pretty pathetic right now,0,sadness,Nararamdaman kong medyo kaawa-awa ako ngayon.
i feel the need to have one day a week for those polishes im not super jacked about,1,joy,Nararamdaman kong kailangan kong maglaan ng isang araw sa isang linggo para sa mga polish na hindi ko masyadong gusto.
i was feeling too agitated to read and it was too hot out to walk,3,anger,Masyadong kinakabahan ako para magbasa at masyadong mainit para maglakad.
i want to get up in the mornings feeling excited about going to work instead of wanting to hit the snooze button,1,joy,Gusto kong magising ng umaga na may kilig na pumunta sa trabaho kaysa sa gustong pindutin ang snooze button.
i feel that way about popular culture,1,joy,Ganito ko rin nararamdaman tungkol sa popular na kultura.
i know that tenge will get me to and from almost anywhere so if i am feeling impatient i offer more,3,anger,"Alam kong ang tenge ay makakapunta sa akin sa halos kahit saan kaya kung nagmamadali ako, nag-aalok ako ng dagdag."
i think it is easy to feel afraid when one considers the nuclear weapons the weather the protests the riots the police reactions the governments responses or the laws being passed,4,fear,"Akala ko madali matakot kapag iniisip ang mga armas nuklear, ang panahon, ang mga protesta, ang mga karahasan, ang reaksiyon ng pulisya, ang tugon ng mga pamahalaan, o ang mga batas na ipinapabayaan."
i feel like a positive ball of inspiration,1,joy,Nararamdaman kong parang isang positibong bola ng inspirasyon.
i don t feel hopeless or depressed,0,sadness,Hindi ako nakakaramdam ng kawalan ng pag-asa o depresyon.
i feel like in a way i kinda shocked my body by changing my calorie intake,4,fear,"Nararamdaman kong sa isang paraan, parang nagulat ko ang aking katawan sa pamamagitan ng pagbabago ng aking pagkonsumo ng calorie."
i had to lose my best friends to be with the one who can make me feel forever contented with life and be eternally happy,1,joy,Kailangan kong mawalan ng aking mga pinakamahusay na kaibigan upang makasama ang taong makapagbibigay sa akin ng walang hanggang kasiyahan sa buhay at maging walang hangganang masaya.
i can feel my self as a fearless continuous being,1,joy,"Nararamdaman kong ako ay isang walang takot, patuloy na nilalang."
i feel rotten all week because i hardly ever see you that s why i wrote this hopeless song i ve never been in love with a girl like you before darling come with me such a wonderful thing has never happened to me before you re the only one who touched my heart it s all a question of courage,0,sadness,"Masama ang pakiramdam ko buong linggo dahil halos hindi kita makita, kaya isinulat ko itong walang pag-asa na awit. Hindi pa ako umibig sa babaeng katulad mo, mahal. Samahan mo ako, hindi pa nangyayari sa akin ang ganitong kahanga-hangang bagay. Ikaw lang ang nakaapekto sa puso ko, lahat ay tungkol sa tapang na lamang."
i open the file im interested in and for about twenty minutes read fiddle and wonder why im not feeling creative,1,joy,"Binuksan ko ang file na interesado ako at halos dalawampung minuto akong nagbasa, nag-fiddle, at nagtataka kung bakit hindi ako nakakaramdam ng inspirasyon."
i feel this blank in my mind is stopping me from breaking under this weight,0,sadness,Nararamdaman kong ang kawalan sa aking isipan ang pumipigil sa akin na mabagsak sa ilalim ng bigat na ito.
i go with their flow i always feel shitty so i do what fits me best,0,sadness,"Sumusunod ako sa kanilang daloy, lagi akong nakakaramdam ng masama kaya ginagawa ko ang bagay na pinakamaganda para sa akin."
i feel like the truth is that to him it just wasnt working out he lost patience with me and he felt he would be better off by not trying to please me,0,sadness,"Parang totoo naman na para sa kanya, hindi na talaga nagtatrabaho, nawalan siya ng pasensya sa akin at sa tingin niya mas mabuti na kung hindi na niya ako papangakuan."
i never knew it hurt his feelings i just thought he was being sarcastic in return,3,anger,"Hindi ko alam na nasasaktan siya, akala ko lang sarcastic lang siya pabalik."
i feel annoyed but its because im afraid i wont be able to speak well just like them,3,anger,"Naiinis ako, pero dahil natatakot akong hindi ako makapagsalita nang maayos gaya nila."
i feel resentful about my education rel bookmark why i feel resentful about my education a class entry author href http liveagainsttheflow,3,anger,Nararamdaman kong may sama ng loob ako tungkol sa aking edukasyon.
im really just here to write whats on my brain if you want to read it and tell me im crazy stupid boring awesome genius then feel free,1,joy,"Tunay lang akong nandito para isulat ang nasa isipan ko kung gusto mong basahin at sabihin na baliw, bobo, nakakabagot, kahanga-hanga, henyo ako, sige na."
i feeling so shitty today then,0,sadness,Napakasama ng pakiramdam ko ngayon.
i want to do is sleep and i feel so bad for the boy,0,sadness,Gusto kong matulog at sobrang malas ko para sa batang iyon.
i feel as though i don t write about them often enough but they are just cruising through life in their own equally special ways,1,joy,Nararamdaman kong hindi ko sila madalas isulat ngunit sila ay patuloy na naglalakbay sa buhay sa kanilang sariling kakaibang paraan.
i feel a little foolish for ever having left duluth,0,sadness,Nararamdaman kong medyo bobo dahil sa pag-alis ko noon sa Duluth.
i feel like i should be suspicious of her but im just so happy to see her,4,fear,Nararamdaman kong dapat akong mag-ingat sa kanya pero sobrang saya ko lang makita siya.
i feel better about myself almost tasting my success,1,joy,"Masaya ako sa aking sarili, halos maramdaman ko na ang aking tagumpay."
i am not even italian but i feel outraged by the stupidity of ppl on this blog,3,anger,"Hindi ako kahit kailanman Italiano, pero nararamdaman kong galit dahil sa katangahan ng mga tao sa blog na ito."
i feel anguish for a family that was assaulted raped and systematically assassinated by u,4,fear,"Nararamdaman kong lubos ang pagdurusa para sa isang pamilyang sinalakay, binastos, at sistematikong pinaslang ng inyo."
i didn t feel like i was popular but i did feel confident,1,joy,"Hindi ko naramdaman na sikat ako, pero naramdaman ko ang aking tiwala sa sarili."
i have been feeling overwhelmed and time poor,4,fear,Nararamdaman kong sobra ang bigat at kulang ang oras.
i feel so completely and totally drained,0,sadness,Napakalalim ng aking pagod.
i feel so mad i feel so angry i feel so callous so lost confused again i feel so cheap so used unfaithful let s start over let s start over let s start over,3,anger,"Napakagalit ko, napakalungkot ko, parang walang malasakit, nawawala at nalilito ulit. Parang mura at ginamit, hindi mapagkakatiwalaan. Simulan natin muli, simulan natin muli, simulan natin muli."
i should welcome feeling those that have gone before me i almost feel doomed by it,0,sadness,"Dapat kong tanggapin ang mga nararamdaman ng mga nanguna sa akin, parang nabibilanggo ako rito."
i would estimate that when i speak nepali i feel about as intelligent as when i speak english with german i feel about as intelligent and with spanish i feel about as intelligent,1,joy,"Aking pagtataya, kapag nagsasalita ako ng Nepali, nararamdaman kong katulad ng katalinuhan ko kapag nagsasalita ako ng Ingles; kapag nagsasalita ako ng Aleman, nararamdaman kong katulad din ng katalinuhan ko; at kapag nagsasalita ako ng Kastila, nararamdaman kong katulad din ng katalinuhan ko."
i feel fearful seeing this bridge an emotional tith sam ath whose year old son died in the disaster told afp,4,fear,"Natatakot ako sa pagtingin sa tulay. Isang emosyonal na tith Sam Ath, ang ina ng taong may limang taong gulang na anak na namatay sa sakuna, ay sinabi sa AFP."
i try not to care when hes with his party friends especially since he doesnt usually take me and i feel like hes embarrassed of me or doesnt want to deal with me on his night of fun and glory of being cool,0,sadness,"Sinusubukan kong hindi mag-alala kapag kasama niya ang mga kaibigan niya sa partido, lalo na't hindi niya ako kadalasan kasama at parang nahihiya siya sa akin o ayaw makipag-ugnayan sa akin sa gabi niyang puno ng saya at kilig na maging ""cool""."
i feel i will never escape something drawing attention to my forehead when distressed because i imagine old age will turn the scrunching into permanent wrinkles,4,fear,Nararamdaman kong hindi ako makakaalis sa pakiramdam na may nakatingin sa aking noo kapag nabalisa dahil iniisip kong ang pagtanda ay magpapalit ng mga kunot sa permanenteng mga guhit.
i feel like a distracted robot,3,anger,Parang robot na nababagabag ako.
i scanned through several old blog posts and i could still feel the hurt from them,0,sadness,Binasa ko ang ilang lumang blog post at nararamdaman ko pa rin ang sakit mula rito.
i don t know i ve not tried a new character yet the universe feels much more lively than it did when i began so i m hoping that s true for new characters as well,1,joy,"Hindi ko alam, hindi ko pa nasubukan ang isang bagong karakter. Ang uniberso ay parang mas buhay na ngayon kaysa noong una kong simulan, kaya sana ganun din para sa mga bagong karakter."
i have to admit i feel shaken up,4,fear,"Kailangan kong aminin, nabigla ako."
im just feeling relieved to have picked up our boy before they shut the place down and seized the dogs and happy to have gotten him out of there,1,joy,"Nadarama ko lang ang pagluluwag dahil nakakuha ako ng aming aso bago isara ang lugar at kinumpiska ang mga aso, at masaya akong nakalabas siya doon."
i really want to write and still feel like ive not been useful that day,1,joy,Gusto ko talagang magsulat ngunit parang hindi pa rin ako nakakatulong sa araw na iyon.
i was a mess completely stressed out feeling terrified of doing the wrong thing of mis stepping or of in any way dishonoring or upsetting my medicine family or any of the participants in the quest itself,4,fear,"Lubos akong nabalisa, ganap na stressed, at natatakot na gawin ang mali, magkamali ng hakbang, o sa kahit anong paraan, makasakit o mag-iwan ng masamang impresyon sa aking pamilya sa medisina o sa kahit sino sa mga kalahok sa paghahanap mismo."
i felt towards my dad growing up i think it eerily parallels how i feel towards romantic interests now,2,love,"Ang nararamdaman ko noon kay tatay habang lumalaki ako, sa tingin ko ay kakaiba ngunit katulad ng nararamdaman ko ngayon sa mga taong gusto ko romantically."
i feel isolated unnatural yeah i feel tense unnatural yeah i feel uncaring unnatural,0,sadness,"Nararamdaman kong nag-iisa, hindi natural, oo, nararamdaman kong kinakabahan, hindi natural, oo, nararamdaman kong walang malasakit, hindi natural."
i need to do everything i can to push away the boundaries i feel listless and overwhelmed,0,sadness,"Kailangan kong gawin ang lahat ng aking makakaya upang itaboy ang mga hangganan na nararamdaman ko, dahil ako'y walang gana at nalulubog sa damdamin ng pagod."
i continued on my way despite feeling a bit strange with my flexy new shoes and sweat soaked back,4,fear,Nagpatuloy ako sa aking lakad kahit na medyo kakaiba ang pakiramdam ko dahil sa aking bagong malambot na sapatos at pawis na basa sa likod.
i feel for you despite the pain makes me suspicious that it might be so,4,fear,Naiintindihan kita kahit ang sakit ay nagdudulot sa akin ng pag-aalinlangan na baka totoo nga iyon.
i dont want to put that pressure upon the minor because i feel like it would be more useful without it,1,joy,Ayaw kong ibigay ang ganitong presyur sa bata dahil sa tingin ko mas makabubuti ito nang walang presyur.
i started the dew beyond having a positive showing of the south to encourage writers from all experiences and levels of advancement to feel comfortable sharing their work,1,joy,"Nagsimula ako ng dew upang hikayatin ang mga manunulat mula sa lahat ng karanasan at antas ng pag-unlad na magbahagi ng kanilang mga gawa nang may kaginhawahan, na may positibong pagpapakita ng timog."
i feel terribly like cassandra locking myself in attics and barns to write in beloved journals warmed by my ginger cat mine huckleberry and hers abelard,1,joy,"Napakasakit ng pakiramdam ko, parang si Cassandra, nakakulong sa mga attic at bodega upang sumulat sa mga minamahal kong talaarawan, pinaininit ng aking ginger na pusa, si Huckleberry, at ang kanyang si Abelard."
i posted this lovely picture on instagram and was feeling slightly rebellious walking on that plane feeling,3,anger,Ipinost ko itong magandang larawan sa Instagram at naramdaman ang kaunting pagrebelde habang naglalakad sa eroplano.
i feel pathetic encased in stiff and unused limbs my mind plateaus and dreams of beyond,0,sadness,"Nararamdaman kong napakalungkot, nakakulong sa mga tigas at hindi ginagamit na mga limbs, ang aking isipan ay patay at nangangarap ng higit pa."
i am pleased that only pgce qualified teachers can work here it makes the effort expense to gain mine feel worthwhile,1,joy,"Masaya ako na lamang ang mga guro na may PGCE ang maaaring magtrabaho dito, dahil ginagawa itong sulit ang pagsisikap at gastusin para makuha ang aking PGCE."
i feel like i havent been as compassionate toward him as i should be,2,love,Parang hindi ko na siya pinagbigyan ng sapat na awa at pagmamahal.
i feel that such knowledge would be abused,0,sadness,Nararamdaman kong magagamit nang mali ang ganitong kaalaman.
i feel thoroughly rotten,0,sadness,Nararamdaman kong lubos na masama.
i feel i hate him like i have never ever hated anyone like that but i cant stop looking at his existing symbol,3,anger,"Nararamdaman kong galit ako sa kanya nang hindi ko pa naranasan na magalit sa kahit sino nang ganoon, ngunit hindi ko mapigilan ang pagtingin sa kanyang simbolo."
i am the one feeling punished,0,sadness,Ako ang nararamdaman ang parusa.
i am pretty sure they took the two most horribly sounding words and stuck them together so fat people would feel shamed for being fat,0,sadness,Sigurado akong pinagsama nila ang dalawang pinakamasamang tunog upang mapahiya ang mga matataba dahil sa kanilang timbang.
i feel all hot and bothered and most of all i worry and worry some more and boy do i worry,2,love,"Nararamdaman kong mainit at kinakabahan ako, at higit sa lahat, ako'y nag-aalala at nag-aalala pa nang higit, at talagang nag-aalala ako."
i feel loved and blessed thank you allah,2,love,"Nararamdaman kong mahal at binabati ako, salamat Allah."
i feel helpless to overcome the voice that is telling me consistently and firmly that i look disgusting and huge,0,sadness,Nararamdaman kong walang magawa upang talunin ang tinig na patuloy at matibay na nagsasabi sa akin na pangit at malaki ako.
i guess she didnt feel the need to rescue her son from the vicious man eaters,3,anger,Siguro hindi niya naramdaman ang pangangailangan na iligtas ang kanyang anak sa mga hayop na mandaragit.
i answer feeling clever again,1,joy,Nararamdaman kong matalino muli habang ako'y sumagot.
im feeling very frustrated with my novel in progress right now and i cant even decide why,3,anger,Napakasarap ng aking pagkabigo sa aking nobelang nasa proseso ngayon at hindi ko alam kung bakit.
i did this especially feels strongly at the moment with gina who just died but had as fucked up as a family as you could ever imagine and wrote me letters during my misgivings and insecure times about how my love was enough,3,anger,"Lalo kong nararamdaman ito ngayon, lalo na kay Gina na kamakailan lamang ay namatay, ngunit ang pamilya niya ay ganun kasarap na kalokohan na hindi mo na maiiisip pa, at nagsulat sa akin ng mga liham noong mga panahon ng aking pag-aalinlangan at kawalan ng tiwala sa sarili tungkol sa kung paano sapat ang aking pagmamahal."
i almost feel hated by everyone,3,anger,Parang kinamumuhian na ako ng lahat.
i was going to be loved made me feel a woman like me could be valuable that i stood a chance there was more out there and told me that i could get over him it was a lazy bandaid where i didn t have to better my character i could just hope,1,joy,"Ang pag-ibig na aking hinahangad ay nagpaparamdam sa akin na isang babaeng katulad ko ay may halaga, na may pagkakataon ako, na mayroong higit pa sa labas, at sinabi sa akin na kaya kong makalimot sa kanya. Ito ay isang tamad na bendahe kung saan hindi ko kailangang pagandahin ang aking karakter, maaari lamang akong umaasa."
i feel incredibly loved and i know baby cap does too,2,love,Nararamdaman kong sobrang mahal ako at alam kong mahal din ako ni baby cap.
i am not working i can cope with but days like today when i am i just feel awful,0,sadness,"Hindi ko kayang tanggapin ang hindi pagtatrabaho, pero mga araw tulad ngayon na nagtatrabaho ako, parang masama ang pakiramdam ko."
im going to let myself feel tender about it blog about it then let it go,2,love,"Pupuwede kong hayaan ang aking sarili na maging malambot tungkol dito, isulat ito sa blog, saka hayaan itong mawala."
i feel still very honoured and i am deeply thankful that i was granted this opportunity,1,joy,Nararamdaman ko pa rin ang malaking karangalan at lubos akong nagpapasalamat na nabigyan ako ng pagkakataong ito.
i am feeling quite fond of my friends,2,love,Gustung-gusto ko ang aking mga kaibigan.
i feel so much more comfortable with myself now that im not trying to dress a certain way that isnt really me,1,joy,Mas komportable na ako sa sarili ko ngayon dahil hindi na ako nagsisikap magbihis ng paraan na hindi talaga ako.
i really wanted to like this one and whilst a couple of performances and the setting made this worth seeing it is developed in a way which is pedestrian at best and critically flawed when i feel less generous,2,love,"Talagang gustung-gusto kong magustuhan ito, at bagama't ilang pagganap at ang setting ay nagpaganda nito, ang pag-unlad nito ay pangkaraniwan sa pinakamahusay at may malubhang kahinaan kapag mas hindi ako mapagbigay."
i feel the gentle pull of your heart,2,love,Nararamdaman ko ang malumanay na hila ng iyong puso.
i got a bad feeling ryodan doesn t plan to leave me alone in there too long with all those computers,0,sadness,"May masamang pakiramdam ako, hindi siguro iiwan ni Ryodan akong mag-isa doon nang matagal kasama ang lahat ng mga kompyuter."
i get the feeling they genuinely liked being out here and appreciated the place,2,love,Nararamdaman kong tunay silang nagustuhan ang pagiging dito at pinahahalagahan ang lugar.
i will tell you honestly that children generally can be very trying for me but when it comes to being a support to help them overcome circumstances and rise above it i feel my experience in that field is valuable and beneficial,1,joy,"Sasabihin ko sa iyo nang tapat na karaniwan nang nakakaapekto sa akin ang mga bata, ngunit kapag tungkol sa pagiging suporta upang matulungan silang lampasan ang mga pangyayari at lumampas dito, nararamdaman kong mahalaga at kapaki-pakinabang ang aking karanasan sa larangang iyon."
i have yet to meet a cancer patient who does not feel burdened by some poor self image unresolved conflict and worries or past emotional trauma that still lingers in his subconscious,0,sadness,"Wala pang nakilalang pasyente ng kanser na hindi nadarama ang pasanin ng masamang imahe sa sarili, hindi nalutas na tunggalian, at mga alalahanin o nakaraan trauma sa emosyon na nananatili sa kanyang di- malay."
im now sat in work on a late shift putting the finishing touches to tomorrows paper and feeling ever so slightly delicate,2,love,"Ngayon ako nakaupo sa trabaho sa gabi, naglalagay ng huling detalye sa papel bukas at medyo hindi ko nararamdaman ang aking sarili."
i alight in front of the hotel i can feel the bellmen s appreciative glances,1,joy,"Bumaba ako sa harapan ng hotel, nararamdaman ko ang mga tingin ng mga bellboy na puno ng pagpapahalaga."
i feel and oh how my heart broke,0,sadness,"Nararamdaman ko at oh, gaano kalalim ang pagkasira ng aking puso."
i just had this feeling that i liked him more,2,love,Naramdaman ko lang na mas gusto ko na siya.
i didnt feel much like me but thats largely resolved itself,1,joy,"Hindi ako gaanong naramdaman na parang ako, pero halos naayos na iyon."
i was tired of feeling hurt,0,sadness,Nagod na ako sa pakiramdam ng nasasaktan.
i will adress those issues and attempt to reason with them so they may feel less threatened and more supported and loved,4,fear,Aakayin ko ang mga isyung iyon at susubukan kong makipag-usap nang makatwiran upang makaramdam sila ng mas kaunting pag-aalala at higit na suporta at pagmamahal.
i get depressed when i feel that i am not talented enough that i can never create a beautiful piece of art,1,joy,Nakakadepresyon ako kapag nararamdaman kong hindi ako sapat na may talento upang makalikha ng magandang obra maestra.
i wish crushing on somebody was so much easier i dislike being the emotional one i hate being the one that feels needy but i am here craving her attention and im just trying to ignore it,0,sadness,"Sana mas madali ang magmahal sa isang tao. Ayaw kong maging emosyonal, ayaw kong maging nangangailangan, pero nandito ako na gustong-gusto ang kanyang pansin at sinusubukan kong balewalain ito."
i can feel their afraid,4,fear,Nararamdaman ko ang kanilang takot.
i feel that im much more productive i get less distracted and i feel so much more accomplished,1,joy,"Nararamdaman kong mas produktibo ako, mas kaunti ang pagkakatanggal ng aking pansin, at napakalaki ng aking nararamdamang tagumpay."
i feel ok an that kai can take the emotions that he will be feeling today,1,joy,Mabuti naman ako at kaya ni Kai ang mga emosyon na mararamdaman niya ngayon.
at a certain situation i felt myself neglected and undeservedly harmed,3,anger,"Sa isang partikular na sitwasyon, naramdaman kong iniwan at hindi patas na nasaktan."
i find it hard to breathe and sometimes feel a little shaken up by the days events,4,fear,Mahirap huminga at minsan ay nararamdaman kong medyo nababagabag ng mga pangyayari sa araw.
i think its just a subconscious acknowledgement about my feelings towards eddie eg ignored,0,sadness,"Akala ko, isang hindi malay na pagkilala lang iyon tungkol sa aking nararamdaman kay Eddie, gaya ng aking iniwasan."
i was feeling like a valued part of the family and there was a great friendly rapport between the three of us,1,joy,Nararamdaman kong mahalaga ako bilang bahagi ng pamilya at may magandang ugnayan ng pagkakaibigan sa aming tatlo.
i can make and one that i feel i am called to make to my sweet jesus who sacrificed everything for me,1,joy,Kaya kong gawin at isa na nararamdaman kong tinawag akong gawin para sa aking matamis na Hesus na nagsakripisyo ng lahat para sa akin.
i have control issues though they really only kick badly when i feel unprotected or dont trust my safety net,4,fear,"Mayroon akong mga problema sa kontrol, bagama't talagang lumalala ito kapag nararamdaman kong hindi ako protektado o hindi ko tiwala ang aking suporta."
i necessarily believe in the power of rape whistles but i never got one and i feel grossly unprotected by my campus,4,fear,Naniniwala ako sa kapangyarihan ng rape whistles ngunit hindi ako nakakuha nito at nararamdaman kong lubhang hindi protektado sa aking kampus.
ive been coughing for the past few days now and my stomach muscles are definitely feeling rather tender the sore throat is a new development as is the runny nose,2,love,Ubo na ako nang ilang araw na at tiyak na nararamdaman kong mahina ang aking mga kalamnan sa tiyan. Bagong sintomas naman ang sakit sa lalamunan at ubo't laway.
i feel that i am just so unimportant in this life,0,sadness,Nararamdaman kong napakaliit at hindi mahalaga ng aking buhay.
i feel ok much better and stronger than i did a few weeks ago,1,joy,Mas mabuti at mas malakas ako ngayon kumpara noong ilang linggo pa ang nakalipas.
im feeling generous enough to give the rest of my supporters ebooks too,1,joy,Nararamdaman kong sobrang bait ko ngayon para ibigay ang natitirang ebooks ko sa aking mga tagasuporta rin.
i feel frightened i hear a mighty roar,4,fear,"Natatakot ako, naririnig ko ang malakas na ungol."
i feel like my heart broke telling my children a href http twitter,0,sadness,Parang nabasag ang puso ko nang sabihin sa aking mga anak.
i am not feeling well or grouchy or lazy ill sometimes forego my bed in favor of our futon couch for a little shut eye,1,joy,"Hindi ako nararamdaman nang mabuti o hindi masungit o tamad, minsan ay iiwanan ko ang aking kama para sa aming futon couch para sa isang maliit na pagtulog."
im feeling all kinds of conflicted about the bit with his rather violent reaction towards the paparazzi over that zq jcho cpine lunch,3,anger,Nararamdaman kong maraming pag-aalinlangan tungkol sa kanyang medyo marahas na reaksiyon sa mga paparazzi dahil sa kanilang tanghalian na iyon.
i just feel so amazingly appreciative of my lj friends,1,joy,Napakasaya at napakalaking pasasalamat ko sa aking mga kaibigan sa LJ.
i also feel it can be rude to see your family doctor out and about and approach them together with your ailments,3,anger,Nararamdaman ko rin na maaaring bastos na makita ang iyong doktor sa labas at lapitan siya kasama ang iyong mga karamdaman.
i feel they are the last of the tortured fandoms remaining save saints football fans but thats the wrong sport,3,anger,"Nararamdaman kong sila ang huling mga biktima ng mga paghihirap na fandom na natitira maliban sa mga tagahanga ng football ng mga santo, pero mali ang isport nila."
i have to mention that i feel slightly unhappy because i have yet to get back any of my prelim papers maths aside and because of that ive been feeling stuck in limbo for the last weeks because i cant really start studying properly until i get back my papers,0,sadness,"Kailangan kong banggitin na medyo malungkot ako dahil hindi pa ako nakakakuha ng mga resulta ng aking mga papel sa prelim, lalo na sa matematika, at dahil doon, nararamdaman kong nakakulong sa isang estado ng pag-aalinlangan sa nakalipas na mga linggo dahil hindi ako makapagsimula ng pag-aaral nang maayos hanggang sa makuha ko ang mga papel ko."
i am feeling so grumpy today,3,anger,Napaka-sungit ko ngayon.
i often used the word poggy when we were growing up together when we were feeling particularly ugly or generally not very good those days when all you want to do is stay in bed and hide from the outside world,0,sadness,"Madalas kong ginagamit ang salitang ""poggy"" noong tayo'y bata pa, kapag tayo'y pakiramdam ay lalo pang pangit o hindi gaanong maganda, mga araw na gusto mo lamang manatili sa kama at magtago sa mundo."
i feel more vulnerable,4,fear,Nararamdaman kong mas mahina ako.
i actually stop to think about it it makes me feel quite overwhelmed,4,fear,"Talagang huminto ako upang isipin ito, at ito ay nagpaparamdam sa akin ng malaking pagod."
im a creature of habit and major life changes always leave me feeling sort of dazed confused and occasionally sad and grumpy,4,fear,"Ako ay isang nilalang ng ugali at ang malalaking pagbabago sa buhay ay palaging nagpapakitang medyo nalilito, naguguluhan, at minsan malungkot at mapag-inis."
i wrote it feels slightly strange starting to write this about cambodia as i sit in lax airport waiting to bi,4,fear,"Isinulat ko ito, medyo kakaiba ang pakiramdam na magsisimula akong sumulat tungkol sa Cambodia habang nakaupo ako sa LAX airport na naghihintay na bumiyahe."
i know how it feels to find someone who is irresistable and remain innocent,1,joy,Alam ko kung paano ang pakiramdam na mahanap ang isang taong hindi maikakaila ang kagandahan at manatili pa ring dalisay.
i am feeling rebellious which is often i suppose,3,anger,"Nararamdaman kong rebelde, na siguro ay madalas kong nararanasan."
i feel a bit overwhelmed in some areas so i may come off as whiney,4,fear,Nararamdaman kong medyo nababalot sa ilang bagay kaya baka magmukhang maselan ako.
ive feeling a bit morose as of late,0,sadness,Nararamdaman kong medyo malungkot kamakailan.
i feel like my brain is going to expload and its going to be messy and painful,0,sadness,Parang sasabog ang utak ko at magiging gulo at masakit.
i am feeling unhappy and weird,0,sadness,Hindi ako masaya at parang kakaiba ang pakiramdam ko.
i was not able to say in a public forum indeed some of our most difficult struggles are left unmentioned i do feel that pleased that i was able to create some narrative unity in the experience we had there including some of the true highlights and challenges,1,joy,"Hindi ko nasabi sa isang pampublikong talakayan, totoo nga, ang ilan sa ating pinakamahirap na pakikibaka ay hindi nabanggit. Ngunit masaya akong nagawa kong lumikha ng ilang pagkakaisa sa kuwento ng aming karanasan doon, kasama na ang ilan sa tunay na mga tagumpay at hamon."
i was feeling all hot and sweaty from dance rehearsals and not looking my best to greet a man as per the guides i now read obsessively but exceptions must be made and i wasn t expecting this,2,love,Mainit at pawis na ako mula sa ensayo ng sayaw at hindi ako mukhang maganda para batiin ang isang lalaki ayon sa mga gabay na ngayon ay aking nababasa nang paulit-ulit ngunit may mga pagbubukod at hindi ko inaasahan ito.
i have to say im feeling very tender about a great many things today being a mom is one,2,love,"Kailangan kong sabihin, sobrang sensitibo ako tungkol sa maraming bagay ngayon, dahil ako'y isang ina."
i guess thats why i bought some black nail varnish cos i was feeling rebellious,3,anger,Siguro iyon ang dahilan kung bakit bumili ako ng maitim na pintura para sa kuko dahil nararamdaman kong rebelde.
i feel really honored that i could experience the brazilian public healthcare system from the inside,1,joy,Nararamdaman kong lubos na karangalan na nakaranas ako ng sistema ng pampublikong pangangalagang pangkalusugan ng Brazil mula sa loob.
i feel as though im becoming jaded to the point of numbness,0,sadness,Nararamdaman kong unti-unting nawawala ang aking sigla hanggang sa maging parang wala akong nararamdaman.
i feel a little calmer im more irritable and impatient than before,3,anger,"Nararamdaman kong medyo kalmado na, mas maingay at hindi matiis ang aking pagiging pasensya kumpara dati."
i have a feeling we ll see the aftermath of laura and gilbert a target blank href http theybf,0,sadness,May pakiramdam akong makikita natin ang bunga ng kwento ni Laura at Gilbert.
i hope i did not make you feel greedy o shit i hope i did not make you feel greedy or whore like sniiiiifff honey i was just trying to make you feel loved and happy,3,anger,"Sana hindi kita pinaramdam na sakim o putang ina sana hindi kita pinaramdam na sakim o parang babaeng mura, sniff, mahal ko, gusto ko lang kitang maramdaman na mahal at masaya."
i am determined to lose weight the healthy way work harder in school be a better friend speak freely of how i feel be truthful with some people and get more sleep,1,joy,"Matatag akong magpapayat nang malusog, magsikap nang husto sa paaralan, maging mas mabuting kaibigan, magsalita nang bukas tungkol sa aking nararamdaman, maging tapat sa ilang tao, at matulog nang sapat."
i just feel so overwhelmed by the feeling of balance that i just,4,fear,Nararamdaman ko lang ang sobrang pagod dahil sa pakiramdam ng pagkakabalanse na ito.
i didnt feel the stress i was under at telstra was worth it and with out thinking i just resigned,0,sadness,"Hindi ko naramdaman na sulit ang stress na nararanasan ko sa Telstra kaya't nang hindi iniisip, basta nag-resign na ako."
i have trouble in early afternoon and in the evening with feeling lethargic and pessimistic so i save it for then,0,sadness,May problema ako sa mga hapon at gabi dahil sa pagiging tamad at pesimista kaya iniimbak ko iyon para doon.
im feeling a tad rebellious right now,3,anger,Nararamdaman kong medyo rebelde ngayon.
i was thankful to at least feel well enough to sit with my husband and kids at the table even if it was only for minutes before i felt like passing out which carson actually accomplished into his sweet potatoes no less poor guy was sooo tired,1,joy,"Nagpapasalamat ako na kahit papaano ay nakaramdam ako ng sapat na lakas para makasama ang aking asawa at mga anak sa hapag kainan kahit na ilang minuto lamang bago ako makaramdam ng pagkahilo na nga pala ay natupad ni Carson sa kanyang kamote, sayang naman ang batang iyon ay sobrang pagod."
i shall never feel like i am less than a valued human but i will always know that my needs can and will be met by gods people if i get rid of my pride and ask,1,joy,"Hindi ako kailanman mararamdaman na mas mababa ako sa isang mahalagang tao, ngunit palagi kong malalaman na matutugunan ang aking mga pangangailangan ng mga tao ng Diyos kung aalisin ko ang aking pagmamataas at humingi."
i feel like i could have treasured the time we had together more like i could have made more of an effort to see you talk to you,2,love,"Parang mas dapat kong pinahahalagahan ang oras na ating pinagsama, parang mas dapat kong pinagbuti ang pagkikita at pag-uusap natin."
i dont know how to explain it very well its like i am happily bobbing along exploring an abstract universe all on my own but when i make contact with something i get excited and happy and i feel satisfied like ive formed a special bond with whatever ive encountered,1,joy,"Hindi ko alam kung paano ito ipaliwanag nang maayos, parang masaya akong lumulutang at nag-eexplore ng isang abstrak na uniberso mag-isa, pero kapag nakikipag-ugnayan ako sa isang bagay, nakakakilig at masaya ako at nakakaramdam ako ng kasiyahan parang nabuo akong espesyal na ugnayan sa kung ano man ang aking nakilala."
i glanced out the window at the people strolling on the sidewalks carefree suddenly feeling envious of them for reasons i couldn t explain,3,anger,"Tumingin ako sa labas ng bintana sa mga taong naglalakad sa sidewalk nang walang alalahanin, at biglang naramdaman ang inggit sa kanila nang hindi ko maintindihan ang dahilan."
i suppose if one were to love someone one would feel doubtful,4,fear,"Siguro kung mahal mo ang isang tao, magdududa ka rin."
i feel a bit dissatisfied with my current network,3,anger,Nararamdaman kong medyo hindi ako nasiyahan sa aking kasalukuyang network.
i feel troubled deciding whether to go to this hot pot thing at pm or not,0,sadness,Nag-aalala ako kung pupunta ba ako sa hot pot na 'yan sa gabi o hindi.
im so happy that he loves my husband and feels that he doesnt need to worry about this troubled girl anymore,0,sadness,Napakasaya ko na mahal niya ang aking asawa at nararamdaman niyang hindi na niya kailangang mag-alala tungkol sa batang ito na may problema.
i could easily describe this transformed feeling as hopeless but it was an anesthetized type of hopelessness,0,sadness,"Madaling ilarawan ang ganitong nabagong damdamin bilang kawalan ng pag-asa, ngunit ito ay isang uri ng kawalan ng pag-asa na parang pinatulog."
i feel so much pain inside for their aching hearts,0,sadness,Napakasakit ng nararamdaman ko sa loob para sa kanilang nasasaktan na mga puso.
i remember being so disappointed with not showing for about months and now i actually feel like my less than lady like movements are more acceptable,1,joy,"Naalala ko ang aking malaking pagkabigo nang hindi ako nakalabas ng halos isang buwan, at ngayon, nararamdaman kong mas tanggap na ang aking hindi gaanong babaeng kilos."
i plan to run miles in the morning which is a distance that generally leaves my bunion feeling extremely tender and painful,2,love,"Plano kong tumakbo ng maraming milya bukas ng umaga, isang distansya na karaniwang nagpapahirap at nagdudulot ng matinding sakit sa aking bunion."
i feel lucky that there is this wonderful cheap cozy cafe in my neighborhood that serves this incredible mexican hot chocolate,1,joy,"Masuwerte ako na may ganitong kahanga-hangang, mura, at komportableng cafe sa aking lugar na naghahain ng kamangha-manghang Mexican hot chocolate."
i am feeling in a generous mood so there will be a runner up prize which will be a copy of my other a href http www,2,love,"Masaya ako ngayon kaya mayroon nang ikalawang gantimpala, isang kopya ng aking ibang aklat."
i feel disheartened about that,0,sadness,Nakakadismaya iyon para sa akin.
i find it very hard to feel relaxed for more than hours,1,joy,Napakahirap para sa akin na makaramdam ng pagpapahinga nang higit sa ilang oras.
i might also write a bit about science if im feeling particularly energetic,1,joy,Maaari rin akong magsulat ng kaunting tungkol sa agham kung ako'y lalong magiging masigla.
i am not feeling horny im just letting baba see the emote,2,love,"Hindi ako nagugutom, pinapasilip ko lang kay Baba ang emote."
i cant even pay attention because i feel so lame watching it,0,sadness,Hindi ko magawang mag-concentrate dahil parang tanga ako habang nanonood nito.
i feel lame for not posting the recipe but mi madre is protective of em and i respect that,0,sadness,Nararamdaman kong bobo dahil hindi ko na-post ang resipe pero inaasahan ng aking ina na hindi ko ito ibabahagi at nirerespeto ko iyon.
i feel like i do not have an awful lot of insights to share yet i find it difficult to know where to start,0,sadness,"Nararamdaman kong wala akong napakaraming ideya o pananaw na ibahagi, ngunit mahirap para sa akin malaman kung saan magsisimula."
im feeling artistic today,1,joy,Nararamdaman kong mapagkasanayan sa sining ngayon.
i would feel drained after my workouts but that to be expected after any workout at least in my experience,0,sadness,"Pagod ako pagkatapos ng aking mga ehersisyo, pero iyon ay inaasahan pagkatapos ng anumang ehersisyo, kahit sa aking karanasan."
i feel somewhat jaded and tired of having this discussion,0,sadness,Nararamdaman kong medyo pagod at nasasawa na sa paulit-ulit na pag-uusap na ito.
i remembered feeling unwelcome feeling like nobody wanted me there and the feeling was terribly familiar,0,sadness,"Naalala ko ang pakiramdam na hindi ako tinatanggap, parang ayaw ako ng lahat doon, at ang pakiramdam na iyon ay lubhang pamilyar."
i think he was feeling fond of and possessive of harry and then when harry grabbed a bit into the grabbing and then angry with himself and frustrated,2,love,"Akala ko'y nararamdaman niya ang pagmamahal at pagmamay-ari kay Harry, at nang kunin ni Harry ang pagkakahawak at nagalit sa sarili at nag-frustrate."
i feel very awkward,0,sadness,Napaka-awkward ko.
i hope you will also feel a little foolish for doing so,0,sadness,Sana maramdaman mo rin ang kaunting kahihiyan sa ginawa mo.
i feel like im damaged goods hah,0,sadness,"Parang sira na ako, hah."
i was feeling very festive i decided to paint my nails for the holiday events,1,joy,"Dahil sobrang saya ko sa pista, nagpasya akong magpaganda ng kuko ko para sa mga selebrasyon."
i cant help feeling exhausted,0,sadness,Hindi ko mapigilang maramdaman ang pagod.
i feel like im not as stubborn,3,anger,Parang hindi na ako kasing matigas ang ulo.
i could be feeling this way from the cold medicine ive been taking for this chest sinus cold,3,anger,Maaaring nararamdaman ko ito dahil sa gamot sa ubo na aking kinukuha para sa sipon at ubo sa dibdib.
i feel friendly when i hate you,1,joy,Nararamdaman kong maganda ang pakiramdam ko kapag iniisip kitang ayaw ko.
i probably would have bailed at the half way mark when i was feeling quite low physically and mentally,0,sadness,Siguro ay umatras na ako sa kalahatian ng oras kung pakiramdam ko ay mababa ang aking pisikal at mental na kalagayan.
i feel theyre very cute and useful,1,joy,Nararamdaman kong sila ay napakakulit at kapaki-pakinabang.
i feel like hes too carefree to be as serious as i want him,1,joy,Parang masyadong kalayaan niya para maging seryoso gaya ng gusto ko.
im still feeling groggy but i got more than hours so i should be fine,0,sadness,Parang antok pa rin ako pero mayroon akong higit sa ilang oras kaya dapat ay magiging maayos na ako.
i shouldn t feel so apprehensive,4,fear,Hindi dapat ako maramdaman ang ganitong antas ng pag-aalala.
i can fail so im feeling pretty relaxed about them,1,joy,Maaari akong mabigo kaya medyo komportable ako tungkol dito.
i understand that chronically living makes some healthy people feel threatened or afraid,4,fear,Naiintindihan ko na ang patuloy na pag-iral ay nagdudulot ng pakiramdam ng pagbabanta o takot sa ilang malusog na tao.
i feel regretful over what happened with us,0,sadness,Nakaramdam ako ng pagsisisi dahil sa nangyari sa amin.
i certainly feel loved and appreciated and grateful for all that i have,2,love,"Tunay akong nakaramdam ng pagmamahal, pagpapahalaga, at pasasalamat para sa lahat ng aking taglay."
i feel so ashamed that i cant prove the women suck at knowing things about football stereotype incorrect,0,sadness,Napakasakit sa akin na hindi ko maipatutunayang mali ang paniniwala na masama ang mga babae sa pagkaalam tungkol sa football.
i left the eagles complex sunday feeling cooper will have the chance to as he told the team when the news broke last week make it right,0,sadness,"Umalis ako sa Eagles Complex noong Linggo na may pakiramdam na bibigyan si Cooper ng pagkakataon na ayusin ang lahat, gaya ng sinabi niya sa koponan nang lumabas ang balita noong nakaraang linggo."
i have the dried bladders all ready for a day im feeling brave,1,joy,"Mayroon akong mga tuyong balat ng bituka, handa na para sa araw na magiging matapang ako."
i just feel a weird vibe,4,fear,Parang may kakaibang pakiramdam ako.
i feel so embarrassed of myself for even having the nerve to post them all up for everyone else to read,0,sadness,Napakasakit sa aking damdamin na kahit na may lakas ng loob akong i-post ang lahat para mabasa ng iba.
i remember feeling as innocent as she looked that day,1,joy,Naalala ko ang pakiramdam na parang walang kasalanan gaya ng kanyang itsura noon.
i love those ted talks i feel intimidated more than inspired because greater than great can be found in simplicity too,4,fear,"Mahal ko ang mga Ted Talks, nararamdaman kong kinakabahan kaysa inspirasyon dahil mas malaki pa sa kahanga-hanga ang matatagpuan sa simplisidad din."
i sneeze i have dark circles under my eyes i feel miserable really,0,sadness,"Umiubo ako, may mga dark circles sa ilalim ng mga mata ko, at talagang pakiramdam ko ay masama."
i got home i started to feel weird,4,fear,"Nang makarating ako sa bahay, naramdaman kong kakaiba ang pakiramdam ko."
i feel so self satisfied proving that i can get by without my car and i am not one of those typical americans who is so dependent on their car and foreign oil,1,joy,Nararamdaman kong sobrang kontento sa aking sarili dahil napatunayan kong kaya kong mabuhay nang wala ang aking kotse at hindi ako katulad ng mga tipikal na Amerikano na sobrang nakadepende sa kanilang sasakyan at sa langis mula sa ibang bansa.
i feel deeply pleased as my hand plane takes off thin shavings of wood with a precision that is truly marvellous,1,joy,Lubos akong nasiyahan habang ang aking kamay na planador ay tinatanggal ang manipis na hibla ng kahoy nang may kahanga-hangang katumpakan.
i really like the job so far and i feel like i am genuinely putting some good out into the world,1,joy,Gustung-gusto ko ang trabaho hanggang ngayon at nararamdaman kong tunay na nagdudulot ako ng kabutihan sa mundo.
i should just relax for now but it feels so distinctly strange for me,4,fear,Dapat lang akong magpahinga ngayon pero kakaiba at malinaw ang pakiramdam ko.
i walk away feeling dissatisfied like i ve waited for my caffeine hit only to get a decaf,3,anger,"Umalis ako na hindi nasiyahan, parang naghihintay ako ng aking caffeine fix pero nakakuha lang ako ng decaf."
i never thought id feel at peace about our tragic parting im pleased to say that today i am,0,sadness,"Hindi ko akalaing mararamdaman kong mapayapa tungkol sa ating malungkot na paghihiwalay, masaya akong sabihin na ngayon ay nararamdaman ko na."
i start to feel groggy as if i have been drugged,0,sadness,"Nararamdaman kong unti-unting nahihilo, parang nabigyan ako ng gamot."
i feel like i m watching another copy of my beloved son created for the english speaking world being wonderful clever and delightful in new and different ways,1,joy,"Parang nanonood ako ng isa pang kopya ng aking mahal na anak na ginawa para sa mundo ng mga nagsasalita ng Ingles, na kahanga-hanga, matalino, at nakakatuwa sa mga bagong at iba't ibang paraan."
i feel so relieved like finally i knew what i was thinking how i was feeling,1,joy,"Nararamdaman kong sobrang nakakagaan, parang sa wakas ay naunawaan ko na ang iniisip ko at kung paano ako nararamdaman."
i may not be completely sure on a lot of things but i am a very opinionated person and when i have opinions on something i feel very strongly about them and i can be very stubborn when it comes to them especially when it comes to politics,3,anger,"Maaaring hindi ako ganap na sigurado sa maraming bagay, ngunit ako ay isang taong may malalakas na opinyon, at kapag mayroon akong opinyon tungkol sa isang bagay, nararamdaman kong lubos akong naniniwala dito at maaaring maging matigas ang ulo lalo na kapag tungkol sa politika."
i don t whoop and holler unless there s a special occasion going on but i was feeling suitably jubilant and a tad proud so out came the somewhat constipated yhhhay,1,joy,"Hindi ako sumisigaw at nagwawala maliban kung may espesyal na okasyon, pero naramdaman kong nararapat na maging masaya at konting mapagmamalaki kaya lumabas ang medyo nakakabinging ""yhhhay""."
i feel about femme fatale except its not cute anymore now that its pretty obvious that britneys not in control of her life that shes so burnt out and yet i get the impression shes almost forced into this career to the point that she just cant or wont deliver anymore,1,joy,"Nararamdaman ko tungkol sa femme fatale, maliban na lang na hindi na ito kaakit-akit dahil malinaw na si Britney ay hindi na nasa kontrol ng kanyang buhay, na siya ay napapagod na, at gayunpaman, nararamdaman kong halos pinipilit siyang nasa karera na ito hanggang sa hindi na siya makapaghatid o ayaw nang maghatid pa."
i wish i could open up to people not feel so terrified of reactions and opinions,4,fear,Sana kaya kong magbukas sa mga tao nang hindi natatakot sa kanilang reaksiyon at opinyon.
i feel like it is worthwhile to support local artists and so does clay so i am fortunate in that sense,1,joy,"Nararamdaman kong sulit ang suporta sa mga lokal na artista, at pareho rin ito ang paniniwala ni Clay, kaya ako ay masuwerteng sa ganitong aspeto."
i have a feeling that christ welcomed corey and then whispered youve got some work to do son,1,joy,"Nararamdaman kong tinanggap ni Kristo si Corey at saka bulong, ""May trabahong kailangan mong gawin, anak."""
i hope this might create a generation of kids that learns to never fear sharing openly with people they feel safe with,1,joy,Sana ito ay magbunga ng henerasyon ng mga bata na matutong hindi matakot magbahagi nang bukas sa mga taong kanilang pinagkakatiwalaan.
i hate that feeling it makes me feel so ashame and stupid,0,sadness,"Ayaw ko ng pakiramdam na iyon, parang napahiya at tanga ako."
im about one fourth through this bottle and im feeling a bit disappointed,0,sadness,halos isang-kapat ko nang natapos ang bote na ito at medyo nabigo ako.
i feel that he has lost the game,0,sadness,Nararamdaman kong natalo na siya sa laro.
i didn t even feel cranky about it,3,anger,Hindi ko nga naramdaman ang pagiging maarte tungkol doon.
i had a feeling when i left that i just wasn t that relaxed enough to really do it justice,1,joy,Nadama ko noong umalis ako na hindi pa ako sapat na nakarelaks para talagang gawin itong tama.
i need to reflect on why i feel irritated,3,anger,Kailangan kong pag-isipan kung bakit ako nagagalit.
i feel flirty playful sexy reckless,1,joy,"Nararamdaman kong mapang-akit, masaya, seksi, at walang pakundangan."
i feel so rotten for them but there is nothing i can do to change that,0,sadness,"Napakasakit para sa kanila, pero wala akong magagawa para baguhin iyon."
i begun to feel distressed for you,4,fear,Nagsimula akong mag-alala para sa iyo.
i was feeling angry and jealous and deceived,3,anger,"Nararamdaman ko ang galit, inggit, at pagkakanulo."
i feel like i should make one of these for every beach loving friend i know,2,love,Parang dapat akong gumawa ng isa nito para sa bawat kaibigan kong mahilig sa beach.
i feel uncertain of how i can keep my personal development of fitness and health going in the right direction,4,fear,Hindi ko sigurado kung paano ko mapapanatili ang tamang direksyon ng aking pag-unlad sa fitness at kalusugan.
i know some people may cringe but when i feel something in me i have to say it and if you wanna get mad well get mad,3,anger,"Alam kong baka ma-cringe ang ilan pero kapag naramdaman ko ang isang bagay sa loob ko, kailangan kong sabihin ito, at kung gusto mong magalit, sige, magalit ka."
i always dread that part of the meeting although dont think i didnt shoot my hand up into the air feeling all superior week when i lost,1,joy,"Lagi akong natatakot sa bahaging iyon ng pulong kahit na hindi ako naniniwala na hindi ko itinaas ang kamay ko sa ere, parang may pagmamataas, noong linggo nang matalo ako."
i shrugged not feeling particularly enthralled about the educational tour and feeling guilty that i would prefer to stay at home and play house,4,fear,"Tumango ako, hindi gaanong interesado sa educational tour at may nararamdamang pagsisisi dahil mas gugustuhin kong manatili sa bahay at maglaro ng bahay."
i feel we are getting into dangerous territory when we simply ignore the parts of the constitution we don t want to follow or create extra constitutional bureaucracies,3,anger,Nararamdaman kong papasok tayo sa mapanganib na teritoryo kapag basta-basta natin iniiwasan ang mga bahagi ng konstitusyon na ayaw nating sundin o lumilikha ng mga ekstra-konstitusyonal na burukrasya.
i told her yeah they feel insecure and they bully people because it makes them feel powerful physically,4,fear,"Sinabi ko sa kanya na oo, sila ay nadarama ang kawalan ng katiyakan at nag-bully ng mga tao dahil ito ay nagpapalakas sa kanila pisikal na."
i am feeling resentful it is my choice and i can choose to do things differently next time or even change my choice now,3,anger,"Nararamdaman kong may sama ng loob, ito ang aking pagpipilian at maaari kong piliing gawin ang mga bagay nang iba sa susunod na pagkakataon o kahit baguhin ang aking pagpipilian ngayon."
i am feeling lost for not being on a regimented strength program,0,sadness,Nalulungkot ako dahil hindi ako sumusunod sa isang estrukturadong programa ng pagpapalakas.
i feel a bit low,0,sadness,Nararamdaman kong medyo mababa ang aking pakiramdam.
i feel numb burn with a weak heart so i guess i must be having fun the less we say about it the better make it up as we go along feet on the ground head in the sky its ok i know nothings wrong,0,sadness,"Nararamdaman kong parang tinutulugan, nasusunog ng mahina kong puso kaya siguro masaya ako. Mas mabuti nang hindi na natin masyadong pag-usapan, basta't gawin natin habang tumatagal. Paa sa lupa, ulo sa langit. Ayos lang, alam kong wala namang mali."
i feel fairly calm,1,joy,Nararamdaman kong medyo kalmado.
i feel much gratitude and thanks for finally after months and days i get to know my beloved deedee is fine,2,love,"Nararamdaman ko ang malaking pasasalamat at utang na loob dahil sa wakas, matapos ang mga buwan at araw, nalaman kong ligtas ang aking mahal na DeeDee."
ive had a dry spell of inspiration and just this overall sense of feeling that i have lost touch with all the little things ive always loved,0,sadness,Nakakaranas ako ng tagtuyot ng inspirasyon at isang pangkalahatang pakiramdam na nawala na ang aking koneksyon sa lahat ng maliit na bagay na noon ay aking minamahal.
i am also in an exciting space i have to admit i am feeling curiously excitedly optimistic about the future,1,joy,"Dapat kong aminin, ako rin ay nasa isang nakakabighani at kapanapanabik na yugto, at nararamdaman kong may kakaibang, masiglang pag-asa para sa hinaharap."
i may not be rich by material standards but i feel very rich because i am grateful for what i have,1,joy,Hindi ako yaman sa materyal na paraan ngunit nararamdaman kong lubhang mayaman dahil nagpapasalamat ako sa aking mga biyaya.
i also feel like a sophist half the time when im looking for supportive examples,2,love,"Minsan, parang isang sopistikado akong naghahanap ng mga halimbawa para suportahan ang aking pananaw."
i know that its hard cos you might feel helpless or anything but sometimes its something that is beyond what you can do,0,sadness,"Alam kong mahirap dahil baka maramdaman mong walang magagawa o anumang bagay, ngunit minsan ito ay isang bagay na lampas sa iyong kakayahan."
i wish i could find a crystal ball for the days i feel completely worthless,0,sadness,Sana makahanap ako ng kristal na bola sa mga araw na pakiramdam ko'y lubos na walang halaga.
getting a low grade on my physics midterm,3,anger,Pagkuha ng mababang marka sa aking midterm sa pisika.
i feel fab if i can get hours sleep in one go but sam doesnt always oblige,1,joy,"Nararamdaman kong maganda kapag nakakatulog ako ng maraming oras nang sunod-sunod, pero hindi palagi si Sam sumusunod."
i will not consider homeschooling unless i feel we have exhausted every other option if i homeschool it will be temporary and my children will participate in non homeschooling activities as much as possible,0,sadness,"Hindi ko isasaalang-alang ang homeschooling maliban kung ako ay makaramdam na naubos na natin ang lahat ng ibang opsyon. Kung magho-homeschool ako, pansamantala lamang ito at ang aking mga anak ay sasali hangga't maaari sa mga aktibidad na hindi homeschooling."
i find this meeting a little scolding when anyone with less than five years of sobriety attempts to engage theres a definite feeling in the air that some horrible crime is being committed,0,sadness,Nakakaramdam ako na parang pagmumura ang pulong kapag ang sinumang mayroon lamang ng mas mababa sa limang taon ng pagiging malinis ang nagsisikap makipag-ugnayan; mayroong tiyak na pakiramdam sa hangin na isang nakakatakot na krimen ang ginagawa.
i will not feel so alone anymore,0,sadness,Hindi na ako mag-iisa.
i have eaten at many restaurants and feel that we enjoy the cheaper but much more delicious eateries than these more elegant but lacking in spice and flavor places,1,joy,Kumain ako sa maraming kainan at nararamdaman kong mas masarap at mas mura ang mga karinderya kaysa sa mga mas magagarang lugar na kulang sa lasa at pampalasa.
i got a handle on the story and it actually started to get a feel and shape that i liked,2,love,Naunawaan ko na ang kwento at unti-unting nabuo ang pakiramdam at anyo nito na gusto ko.
im going to be talking a bit about how i feel about the important role of the fan in this wonderful game we call music,1,joy,Magtatalakay ako ng kaunti tungkol sa aking nadarama tungkol sa mahalagang papel ng mga tagahanga sa magandang larong ito na tinatawag nating musika.
i need to be intentional to do more things like that i think as a mom sometimes it can feel like you lose some of your personality b c as smart as my kids are their sense of humor is me making a silly face and chasing them around the house like a monster,1,joy,"Kailangan kong maging tapat sa aking sarili upang gawin pa ang mga bagay na iyon. Sa tingin ko, bilang ina, minsan ay parang nawawala ang ilang bahagi ng iyong personalidad dahil kahit gaano katalino ang mga anak ko, ang kanilang pakiramdam ng katatawanan ay mula sa paggawa ko ng mga nakakatawang mukha at paghabol sa kanila sa paligid ng bahay gaya ng isang halimaw."
i want the girl i love to feel loved and be loved,2,love,Gusto kong maramdaman ng babaeng minamahal ko na mahal siya at mahal siya.
i was feeling joy happiness ecstasy triumph or love i felt contented somehow,1,joy,"Naramdaman ko ang kagalakan, kaligayahan, kilig, tagumpay, o pag-ibig; may konting kasiyahan ako."
i went to bed feeling utterly miserable last night,0,sadness,Nagising ako kagabi na lubos na nalulumbay.
i wonder does anyone ever feel particularly inspired or moved watching question time these days,1,joy,Nagtataka ako kung mayroon bang nakakaramdam ng partikular na inspirasyon o paggalaw habang nanonood ng oras ng mga katanungan ngayon.
i feel less pressured to check on my phone and i gain better space to concentrate on what is more important in life,4,fear,Nararamdaman kong mas kaunting presyur ang nararamdaman kong tingnan ang aking telepono at nakakakuha ako ng mas magandang espasyo upang makapag-concentrate sa mga bagay na mas mahalaga sa buhay.
i know there are times where some nightmarish things may really happen to us but when dreaming bad visions just popped into our minds and have us feeling terrible,0,sadness,"Alam kong may mga pagkakataon na maaaring mangyari sa atin ang mga bagay na parang mga masamang panaginip, ngunit kapag ang mga masamang pangitain ay biglang lumitaw sa ating isipan habang nagigising at nagdudulot sa atin ng masamang pakiramdam."
i feel like im back to the arms of a beloved last seen a long time ago,1,joy,Parang bumalik ako sa yakap ng isang minamahal na matagal ko nang hindi nakikita.
i was already feeling pretty nervous about this prospect as i had a suitcase full of dvds of which we only watched one,4,fear,Napakakaba ko na tungkol dito dahil puno ang aking maleta ng mga DVD na tanging isa lang ang pinanood namin.
i cant shake off my feelings of being offended and hurt no matter how hard i try and the conversation keeps consuming my every thought,3,anger,"Hindi ko maalis ang aking nararamdaman na nasasaktan at nabighani kahit gaano ko pa subukan, at ang usapan ay patuloy na kumokonsumo sa bawat aking iniisip."
i not feel the tension that permeates the air in the calm before the storm,1,joy,Hindi ko nararamdaman ang tensyon na kumakalat sa hangin bago ang bagyo.
im feeling so ignored right now like no one ever ever cares about me when in the first place im the one trying to push everyone away,0,sadness,"Nararamdaman kong sobrang iniwan ako ngayon, parang wala talagang nag-aalala sa akin habang ako mismo ang nagpupursige na palayasin ang lahat."
i try explaining my feelings and someone dismisses them blindly i feel frustrated and disinterested in discussing my opinions because they cannot put themselves in my place and know what i have experienced by living there,3,anger,"Sinusubukan kong ipaliwanag ang aking nararamdaman, ngunit binabaliwala ito ng isang tao nang walang pag-iisip. Nararamdaman kong nabigo at nawawalan ng interes na talakayin ang aking mga opinyon dahil hindi nila kayang maunawaan ang aking pananaw at ang aking karanasan sa pamamagitan ng pamumuhay doon."
i feel shaken and scared,4,fear,Nararamdaman kong nababagabag at natatakot ako.
i want or need to hear to make me feel valued,1,joy,Gusto kong marinig ang mga bagay na magpaparamdam sa akin na mahalaga ako.
i talk to my real estate agent for some advice on how to proceed not that i feel she will offer much again im not too impressed with her,4,fear,"Nag-uusap ako sa aking real estate agent para humingi ng payo kung paano magpapatuloy, hindi na rin dahil inaasahan kong magbibigay siya ng marami, hindi na rin ako masyadong nasiyahan sa kanya."
i feel like screaming and if she was ugly,0,sadness,Gusto kong sumigaw at kung siya ay pangit.
im feeling terrified no control and now my world is shaking the curtains close and it tingles and tickles inside in my pulse,4,fear,"Natatakot ako, wala akong kontrol, at ngayon ay umiindayog ang aking mundo. Isinasara ang kurtina at kumakabog at kinikilig ang aking pulso."
i feel like i need to just face the world and stop being afraid of repercussions,4,fear,Nararamdaman kong kailangan kong harapin ang mundo at tumigil sa pagkatakot sa mga posibleng bunga.
i have grown accustomed to the creative freedom of living by myself i can dance around my house and write songs and play guitar without feeling inhibited by the eyes and ears of others,4,fear,"Naging sanay na ako sa malayang pagpapahayag ng aking sarili habang nakatira mag-isa. Maaari akong sumayaw sa aking bahay, sumulat ng mga kanta, at tumugtog ng gitara nang hindi nahihiya sa mga mata at tainga ng iba."
im feeling totally lame for not posting anything in forever and not even checking this blog in forever,0,sadness,Nararamdaman kong lubos na bobo dahil hindi ako nag-post ng kahit ano sa loob ng matagal at hindi ko man lang tiningnan ang blog na ito sa loob ng matagal.
i know you say you don t but there s a lot of anger that i m on the receiving end of and it s just how i feel i probably deserve to be hated too,0,sadness,"Alam kong sinasabi mong hindi, pero marami akong nararamdaman na galit na ako ang natatanggap, at ganito lang ang nararamdaman ko, marahil nararapat akong igalit din."
i feel i don t need to describe how gorgeous the dominican republic was i ll let the film speak for itself,1,joy,Nararamdaman kong hindi ko na kailangang ilarawan kung gaano kaganda ang Dominican Republic; hayaan na nating ang pelikula ang magsalita para sa sarili nito.
i just didn t end feeling satisfied,1,joy,Hindi ko lang naramdaman ang kasiyahan sa wakas.
i could put a full thought together and didnt feel so lethargic,0,sadness,Kaya kong iisaayos ang isang kumpletong kaisipan at hindi nararamdaman ang pagod.
i feel in the tragic case of the woman who was raped though hard may it be the baby should be put up for adoption if the woman cannot bear to keep him her,0,sadness,"Nararamdaman ko ang kalungkutan sa kaso ng babaeng binugbog, bagama't mahirap, dapat ibigay sa pag-aampon ang sanggol kung hindi niya kayang pangalagaan."
i notice that i feel a little apprehensive even to share all this,4,fear,Napansin ko na medyo kinakabahan pa rin ako kahit ibahagi lahat ng ito.
i couldnt help feeling shamed that we didnt take care of him sooner but who would have ever guessed,0,sadness,"Hindi ko mapigilang maramdaman ang kahihiyan na hindi namin siya agad inalagaan, ngunit sino nga ba ang mag-aakala?"
i used to think that men needed their women to like and respect all their friends and family in order to feel respected themselves,1,joy,Dati kong iniisip na kailangan ng mga lalaki na mahalin at igalang ng kanilang mga babae ang lahat ng kanilang mga kaibigan at kamag-anak upang maramdaman din nila ang paggalang.
im feeling rather listless today probably because of whats going on around me,0,sadness,"Nararamdaman kong medyo walang gana ngayon, marahil dahil sa mga nangyayari sa paligid ko."
i feel truly successful that brooklyn has been able to latch on and has had no problem going from breast to bottle and back again without skipping a beat,1,joy,Tunay akong nasiyahan na nakahanap ng paraan si Brooklyn at walang problema sa paglipat mula sa dibdib hanggang sa bote at pabalik nang walang anumang pagkukulang.
i feel a bit more confident about them now so heres a gorgeous pair of cream amp lemon shorts i recently purchased in the warehouse sale for,1,joy,"Nararamdaman ko ngayon ang kaunting pagtitiwala sa kanila kaya eto, isang magandang pares ng cream at lemon shorts na kamakailan kong binili sa warehouse sale."
i feel pretty pleased about all day i was worried that perhaps i should have guessed riva but i thought that this was harvey weinstein s one big chance for a win and he s really good at helping people get oscars,1,joy,"Masaya ako sa buong araw, natatakot ako na baka dapat kong hulaan si Riva, pero akala ko ito ang malaking pagkakataon ni Harvey Weinstein para manalo, at siya ay tunay na mahusay sa pagtulong sa mga tao na makuha ang Oscar."
i feel very blessed to have a new team of doctors that are by my side and listen,2,love,Napakaligaya ko na may bagong koponan ng mga doktor na nasa tabi ko at nakikinig.
im feeling a bit overwhelmed tonight and not really for any good reason,4,fear,Nararamdaman ko ngayon gabi na medyo nababalot at wala namang malinaw na dahilan.
i feel that it s worthwhile to patronize their restaurant,1,joy,Nararamdaman kong sulit ang suportahan ang kanilang restaurant.
i am still feeling extremely damaged from many different events some of them seeming to repeat themselves i havent given up nor do i ever plan on,0,sadness,"Patuloy pa rin akong nadaramaang lubhang nasasaktan dahil sa maraming pangyayari, ilan sa mga ito ay tila paulit-ulit. Hindi ako sumusuko at hindi rin ako kailanman magpaplano nito."
i am feeling needy needing you so needing your love by the grove,0,sadness,"Nararamdaman kong kailangan kita, sobrang kailangan ng iyong pagmamahal sa ilalim ng puno."
i ask you to trust this and to celebrate not the images of lives cut short but the feeling of freedom that your hearts can accord when you reach for these lovely spirits and know that you make the connection,2,love,"Humingi ako sa inyo na maniwala dito at ipagdiwang hindi ang mga larawan ng mga buhay na biglang natapos, kundi ang pakiramdam ng kalayaan na maibibigay ng inyong mga puso kapag hinawakan ninyo ang mga magandang kaluluwa at nalalaman ninyong kayo ay nakakakonekta."
i really want to be proud to say i ve lost x amount of weight rather than feel discouraged because i m not where i want to be,0,sadness,Gusto kong maging mapagmamalaki na sabihin na nawala na ang x na timbang ko kaysa maramdaman ang pagkabigo dahil hindi pa ako nasa punto na gusto ko.
i feel pleased but at the same time i really don t understand why do we feel this patriotism only twice every year,1,joy,Nakakatuwa ako pero sa totoo lang hindi ko maintindihan kung bakit nararamdaman natin ang pagmamahal sa bayan natin lamang dalawang beses sa isang taon.
im feeling cautiously optimistic about the direction anime is heading,1,joy,Nakakaramdam ako ng maingat na pag-asa tungkol sa direksyon ng anime.
i am thinking about md who was there for me through my teen years offering guidance and support and making me feel special making me feel like i matter,1,joy,"Iniisip ko ang aking MD na naging kasama ko noong kabataan ko, nagbibigay ng payo at suporta, at nagpaparamdam sa akin na espesyal at mahalaga."
i feel satisfied with the manner in which i have settled in to my new school and feel that i a now in a position to slowly weave my magic,1,joy,Nakakagaan ng loob na nakahanap na ako ng aking lugar sa bagong paaralan at handa na akong dahan-dahang ipakita ang aking kakayahan.
i feel like a dangerous animal as i prowl out of the jungle and onto the warm sand of this deserted island,3,anger,Parang isang mapanganib na hayop ako habang naglalakad palabas ng kagubatan at papasok sa mainit na buhangin ng itong bakanteng isla.
im tired of crying then feeling content and loved then going back to crying again,1,joy,"Pagod na ako sa pag-iyak, tapos nararamdaman ang saya at pagmamahal, tapos bumalik ulit sa pag-iyak."
i am just feeling too rotten to put on a happy face for the night,0,sadness,Masyado akong masama ang pakiramdam para magmukhang masaya ngayong gabi.
i feel more free to enjoy the possessions i do have like this rock or that book or these clothes,1,joy,"Mas malaya akong mag-enjoy sa mga gamit na meron ako gaya ng bato na ito, libro na iyon, o mga damit na ito."
i am the type of person that absolutely hates to let anyone down and i feel like any time i have to tell him were broke im letting him down,0,sadness,"Ako ay taong ayaw talagang magpahuli sa kahit sino at nararamdaman kong tuwing kailangan kong sabihin sa kanya na wala tayong pera, parang nabibigo ako sa kanya."
i feel all shaken up and im waiting for things to settle,4,fear,Nararamdaman kong nababalisa ako at hinihintay kong makalma ang lahat.
i do remember the feel of the book and being incredibly impressed with it and knowing that ill have to read it again,4,fear,"Naaalala ko ang pakiramdam ng libro at sobrang naimpress ako rito, at alam kong kailangan kong basahin ito muli."
im sinking back into feeling rejected and also wondering what i could have done differently,0,sadness,Nalulubog na ako muli sa pakiramdam ng pagtanggi at nagtatanong din kung ano ang maaaring nagawa kong iba.
i didnt feel too much it was just casual,1,joy,"Hindi ko masyadong naramdaman, basta casual lang."
i started feeling festive very soon right back in november and i suppose it was inevitable that i ran out of steam before the day itself im feeling all a bit hummpffff today you know so much to do so little time and its all going to be over in a flash,1,joy,"Nagsimula akong magkaroon ng pakiramdam na pista noong Nobyembre pa at siguro'y hindi maiiwasan na maubos ang aking enerhiya bago pa man dumating ang araw mismo. Parang hummpffff ako ngayon, alam mo, marami pang dapat gawin ngunit kakaunti ang oras at lahat ay magtatapos sa isang iglap."
during the last academic year ie just before the closure,4,fear,"noong nakaraang taon ng akademya, bago ang pagsasara."
i am but all of a sudden i feel ignored and unloved and forgotten and i know its probably mostly in my head but what if it isnt,0,sadness,"Ako lang, pero bigla akong nadarama na hindi pinapansin, hindi minamahal, at nakalimutan, at alam kong malamang nasa isip ko lang ito, pero ano kung hindi?"
i feel like i do for every one and the only one who does for me does it with an attitude and is aggravated to be asked,3,anger,"Parang ako lang ang nagsisilbi sa lahat, at ang tanging nagsisilbi sa akin ay ginagawa ito nang may galit at parang pinipilit."
i go back to my point about what an easy sell getting folk to feel really virtuous for not doing what they dont want to do anyway,1,joy,Bumalik ako sa aking punto tungkol sa kung gaano kadaling ibenta ang ideya na mararamdaman ng mga tao ang kanilang kabutihan dahil hindi nila ginagawa ang mga bagay na ayaw nilang gawin pa man.
i know a lot of people are whining that a first boot cant possibly be a favourite but you guys know how i feel about my beloved a href http winterpaysforsummer,1,joy,"Alam kong maraming nagrereklamo na hindi maaaring maging paborito ang unang pag-boot, pero alam ninyo kung paano ako nakaramdam tungkol sa aking minamahal na [link removed] winterpaysforsummer."
i feel honoured to become a journalist on his blog dedicated to this amazing song contest which is eurovision,1,joy,Nararamdaman kong ipinagmamalaki na maging isang mamamahayag sa kanyang blog na nakatuon sa kamangha-manghang paligsahan ng awiting ito na Eurovision.
i want to know and feel loved long after first sight,2,love,Gusto kong malaman at maramdaman ang pagmamahal kahit matapos ang unang tingin.
i feel amazed how this sh it things happened to me,4,fear,Nabigla ako kung paano nangyari ang mga ganitong bagay sa akin.
i feel more energetic than i have in years,1,joy,Mas may enerhiya ako ngayon kaysa sa mga nakalipas na taon.
i give off a different feel im carefree,1,joy,"Nagbibigay ako ng iba't ibang pakiramdam, malaya ako."
i guess fiction powers along on good emotions versus bad emotions there wouldnt be much excitement if all the feelings between the characters were sweet and harmonious,2,love,Siguro ang kathang-isip ay umuunlad sa pamamagitan ng magagandang emosyon kumpara sa masasamang emosyon; hindi magkakaroon ng maraming kilig kung lahat ng damdamin sa pagitan ng mga tauhan ay matamis at maayos.
i feel like i may be veering into some stereotypes pretty soon,1,joy,Nararamdaman kong baka malapit na akong makalapit sa ilang mga stereotype.
i already feel sympathetic to tatsuma and aoi,2,love,Nakaramdam na ako ng awa kay Tatsuma at Aoi.
i feel caring concern for ron and especially for his wife who i feel very close connections with,2,love,"Nararamdaman kong may pag-aalala at pagmamahal ako kay Ron, lalo na sa kanyang asawa na aking malapit na kaibigan."
im in confuse and feeling so blank rite now,0,sadness,Nalilito ako at parang wala akong maisip ngayon.
i woke up this morning with a cold and have been feeling groggy all morning but that didnt stop my sister and her husband from leaving me to babysit all day quite annoyed i kept it too myself and stayed in chill mode,0,sadness,"Gumising ako kaninang umaga na may lagnat at pakiramdam kong antok ang buong umaga ngunit hindi iyon pumigil sa aking kapatid at asawa niya na iwan akong mag-alaga ng bata buong araw. Napakainis, ngunit pinigilan ko ang aking sarili at nanatili akong kalmado."
im feeling a bit nostalgic about this flashback friday entry because i realise how different things are today,2,love,Nararamdaman ko ang kaunting pag-nostalya sa pagbabalik-tanaw ngayong Biyernes dahil napagtanto ko kung gaano na iba ang lahat ngayon.
im lacking in the accessory department but i have a feeling that once i actually start putting the things i own in one place i might be a little more surprised at what i find,4,fear,"Kulang ako sa mga aksesorya, pero may pakiramdam akong kapag nagsimula akong ilagay ang mga gamit kong pag-aari sa isang lugar, baka magulat ako sa mga matatagpuan ko."
i do give up at times when i feel there s no point in a friendship when one cant be bothered,3,anger,"Minsan, sumusuko ako kapag nararamdaman kong walang silbi ang isang pagkakaibigan kung hindi naman pinapansin."
ive been feeling completely stupid about this whole thing,0,sadness,Nararamdaman kong lubos na tanga tungkol sa lahat ng ito.
i still feel it is equally unimportant but in the spirit of a href http blog,0,sadness,"Parang pantay pa rin ang kahalagahan nito para sa akin, pero sa diwa ng isang blog."
i actually read it im left feeling disillusioned and all the insecurities single ladies attempt to play down on a daily basis surface without me wanting them to,0,sadness,"Talagang nabasa ko ito, at naiwan akong nabigo at lahat ng mga pag-aalinlangan na sinusubukang itago ng mga dalagang nag-iisa araw-araw ay lumilitaw nang hindi ko gustong mangyari."
i am not feeling particularly creative,1,joy,Hindi ako nararamdaman na partikular na malikhain.
im feeling disgusted already but seriously though i dont really like to have my pictures taken cause ive always referred to myself as ugly,3,anger,"Nararamdaman ko na ang pagduduwal, pero totoo naman, ayaw kong magpa-picture kasi lagi kong iniisip na pangit ako."
i feel very successful in both my family and work life,1,joy,Nararamdaman kong lubos akong matagumpay sa aking buhay pamilya at trabaho.
i feel like i can still hear her cute voice in my ears,1,joy,Parang naririnig ko pa rin ang kanyang matamis na boses sa aking tenga.
i would feel like a hypocrite supporting palin for any of those reasons,1,joy,Parang isang mangmang ako kung susuportahan ko si Palin dahil sa mga dahilang iyon.
i went back to work feeling agitated and lazy which transformed into this state where i just yelled i dont know,3,anger,"Bumalik ako sa trabaho na parang nagagalit at tamad, at naging ganito na lang ako na basta sumisigaw na ""Hindi ko alam."""
ive been a bad bad lazy girl i can feel my muscle aching,0,sadness,"Masamang babae ako, tamad na tamad, nararamdaman ko ang sakit ng aking mga kalamnan."
im feeling a little more hopeful about my future and like matty always says i want my world to get bigger,1,joy,"Nararamdaman ko ngayon ang kaunting pag-asa para sa aking kinabukasan at gaya ng lagi niyang sinasabi ni Matty, gusto kong lumaki ang aking mundo."
i read of my friends good news and have an unexplained feeling of melancholy what s up with that,0,sadness,Nabasa ko ang magagandang balita ng mga kaibigan ko at naramdaman ko ang hindi maipaliwanag na kalungkutan. Ano kaya ang nangyayari?
i also wouldnt mind a canon d mark iii if anyone is feeling generous,1,joy,Hindi rin ako mag-aalinlangan kung may magbibigay ng Canon D Mark III.
ive been feeling distressed,4,fear,Nakakaramdam ako ng pagkabalisa.
i tell mummy that my stomach really not feeling well i really wanna go to toilet mummy ask me keep on eating,1,joy,"Sinabi ko sa nanay na talagang hindi maganda ang pakiramdam ng aking tiyan, gusto ko talagang pumunta sa banyo, pero tinanong ako ng nanay na magpatuloy pa akong kumain."
i was getting motivated about losing weight and getting healthy and wearing that outfit and feeling fantastic,1,joy,"Nagiging motivated ako tungkol sa pagbaba ng timbang, pagiging malusog, at pagsusuot ng damit na iyon habang nakakaramdam ng kahanga-hanga."
i know and trust how i feel but i generally shy away from it with strangers,4,fear,Alam ko at pinagkakatiwalaan ko ang aking nararamdaman ngunit kadalasan ay iniwasan ko ito sa mga estranghero.
im really feeling skeptical about clinique products,4,fear,Talagang nag-aalinlangan ako sa mga produkto ng Clinique.
i have found myself a lot lately i feel discouraged about many things in life,0,sadness,Madalas kong nararamdaman ngayon ang pagkabigo dahil sa maraming bagay sa buhay.
i complete the act i feel temporarily satisfied but the feeling quickly goes away and i feel ashamed or guilty,1,joy,"Nang matapos ko ang kilos, nararamdaman kong pansamantalang nasiyahan, ngunit ang pakiramdam ay mabilis na nawawala at nadarama kong nahihiya o may sala."
im feeling rebellious amp ive missed the last couple of ffs on twitter so i thought id share two blogs that ive been loving recently,3,anger,"Nararamdaman kong rebelde at dahil na-miss ko ang ilang mga tweet threads sa Twitter, naisip kong ibahagi ang dalawang blog na sobrang gusto ko ngayon."
i feel more irritable and i feel more sensible now than ever,3,anger,Mas madaling magalit ako ngayon at mas mapanuri ako kaysa dati.
id probably be okay wearing either of them as id have more fun making ashlotte and feel gorgeous wearing it but i look more like talim and would most likely have more fun in her costume as itd be easier to sit and move around as well as to get on,1,joy,"Siguro ayos lang isuot ang alinman sa dalawa dahil mas masaya akong gagawin ang Ashlotte at magiging maganda sa pagsusuot nito, pero mas katulad ako ni Talim at malamang mas masaya ako sa kanyang kasuotan dahil mas madali itong maupo, kumilos, at sumakay."
i feel like the supportive wife who does whatever he says and sits at home waiting for him to call with a plan of action,2,love,Nararamdaman kong parang isang sumusuporta sa asawang babae na ginagawa ang lahat ng sinasabi niya at nakaupo sa bahay na naghihintay na tumawag siya para sa plano ng aksyon.
i always feel glamorous wearing a flowing gucci number no matter what kind of day,1,joy,"Lagi akong nakakaramdam ng glamor kapag suot ko ang aking malayang Gucci dress, kahit anong uri ng araw."
i remember hating walking from the car to the my classroom feeling judged and ugly and jeered at with every step,0,sadness,"Naalala ko ang pagkapoot ko sa paglalakad mula sa kotse papunta sa aking silid-aralan, na parang pinagmamasdan at kinukutya ako, at pakiramdam ko ay pangit at hindi kaaya-aya sa bawat hakbang."
i resorted to yesterday the post peak day of illness when i was still housebound but feeling agitated and peckish for brew a href http pics,3,anger,"Nagpunta ako sa post-peak na araw ng sakit kahapon, noong ako'y nakakulong pa sa bahay ngunit nag-aagaw ang aking damdamin at nagugutom na sa kape."
i have a feeling mica isnt that graceful but im willing to be proved wrong and i think jan might pull something fabulous out of the bag,1,joy,"May kutob akong hindi gaanong maganda ang sayaw ni Mica, pero handa akong maliitin at sa tingin ko kaya ni Jan na magpakita ng isang kamangha-manghang palabas."
i have no idea if this is interesting for anybody to read but i found myself smiling like a fool laughing at some points and feeling overwhelmed with gratefulness,4,fear,"Wala akong ideya kung ito ba ay nakakatuwa para sa sinuman basahin ngunit natagpuan ko ang aking sarili na ngumiti tulad ng isang baliw, natawa sa ilang punto, at nadarama ang pagiging labis na nagpapasalamat."
im feeling less like a woman and more like an embarrassed girl,0,sadness,Nararamdaman kong hindi na ako gaanong babae at higit na parang isang nahihiyang dalaga.
i feel pressured when people say im going t beat you or whatever,4,fear,Nararamdaman kong may presyur kapag sinasabi ng mga tao na ako ang mananalo o ano pa man.
i wave remember how many people love you and feel our arms supporting you under the deep and painful sea,1,joy,Tumingin ako at naalala kung gaano karaming tao ang umiibig sa iyo at naramdaman ang aming mga bisig na sumusuporta sa iyo sa ilalim ng malalim at masakit na dagat.
i feel happy i feel elated but i also thank god for bringing me to this stage,1,joy,"Masaya ako, nalulugod ako, ngunit nagpapasalamat din ako kay Diyos sa pagdadala niya ako sa puntong ito."
i am now feeling more and more confident and with little improvements here and there i know i can be fighting for a top in most races and a spot in the money if i stay the course,1,joy,"Ngayon, lalong nadaragdagan ang aking tiwala at sa mga maliit na pagpapabuti rito't doon, alam kong kaya kong makipaglaban para sa unang puwesto sa karamihan ng mga karera at makuha ang gantimpala kung mananatili akong matatag."
i am currently feeling like you know that kind of devastated desperate feelings trapped inside like somewhere between screaming and crying more of like you want to slash your wrist but you are afraid of death,0,sadness,"Nararamdaman ko ngayon ang parang napakalalim na pagkabigo at pagkabalisa, parang nakakulong ako sa pagitan ng pagsigaw at pag-iyak, higit na parang gusto kong saksakin ang aking pulso ngunit natatakot ako sa kamatayan."
i feel blessed that i was there at the right time in the right place to see them and to feel a part of something that i hope will give the people of kuwait hope for progress,2,love,Nararamdaman kong binabati ako ng kapalaran dahil naroon ako sa tamang oras at lugar upang makita sila at maramdaman na bahagi ako ng isang bagay na sana ay magbibigay ng pag-asa sa mga tao ng Kuwait para sa pag-unlad.
i feel awkward because v has already asserted that she is doing that,0,sadness,Nakakakaba dahil sinabi na ni V na ginagawa niya iyon.
i have a feeling there are a few more perfect moments coming,1,joy,Mayroon akong pakiramdam na may ilang perpektong sandali pang darating.
i think people reject their feelings because they re terrified of them but the truth is that once you see that you can t die from them and that they actually go away they re not so scary,4,fear,"Iniisip ko na tinatanggihan ng mga tao ang kanilang damdamin dahil natatakot sila rito, ngunit ang totoo, kapag nakita mong hindi ka mamamatay dahil sa kanila at talagang nawawala sila, hindi na sila nakakatakot."
i feel that this is something i m curious about as someone who listens to current music but i realized that songs become weird and their unique vibe gets lost when non korean songs are translated into korean,4,fear,"Nararamdaman kong ito ay isang bagay na aking pinag-uusapan dahil bilang isang taong nakikinig ng mga kasalukuyang awit, napagtanto kong kakaiba ang mga kanta at nawawala ang kanilang natatanging pakiramdam kapag isinalin sa Koreano ang mga hindi Koreano song."
i hate feeling so needy in need of approval in need of money in need of a direction in need of both physical and mental strength even in need of a particular someone in need of knowing what i lack and need,0,sadness,"Ayaw kong maramdaman ang pagiging sobrang nangangailangan, nangangailangan ng pagsang-ayon, nangangailangan ng pera, nangangailangan ng direksyon, nangangailangan ng lakas, kapwa pisikal at mental, nangangailangan pa nga ng isang tiyak na tao, nangangailangan ng pag-alam kung ano ang kulang at kailangan ko."
im feeling somewhat optimistic that in i wont be that damn coward,1,joy,"May kaunting pag-asa ako na sa susunod, hindi na ako magiging ganung takot."
i want to tell him how i feel how disgusted i am that he can hurt my husband the way he does and then just laugh about it how he treats his grandchildren how he treated my husbands mum and just scream at him to stop being such a selfish bastard because the world does not revolve around him,3,anger,"Gusto kong sabihin sa kanya kung gaano ako nababahala, gaano ako nabibighani na kaya niyang saktan ang asawa ko nang ganun at saka lang tumawa tungkol dito, kung paano niya tratuhin ang kanyang mga apo, kung paano niya tinrato ang ina ng asawa ko, at sigawan siya na tumigil na sa pagiging ganung ka-selfish na bastardo dahil hindi umiikot ang mundo sa paligid niya."
i keep asking if ive finally grown that th head that was coming in or not because i feel like people are looking at me like ew when i try to be friendly,1,joy,"Lagi akong nagtatanong kung lumaki na ba ako ng 'yon na ulo na papasok o hindi dahil parang nakikita ko sa mga tao na parang ""ew"" kapag sinusubukan kong maging mabait."
i feel more terrified than the customers will be in my maze,4,fear,Mas natatakot ako kaysa sa mga customer sa aking labirint.
i woke up four miles away hungry as hell but somehow feeling oddly satisfied,1,joy,"Gumising ako apat na milya ang layo, gutom na gutom pero kakaiba, parang konting konting kontento."
im suddenly feeling lighter less burdened by the weight of my life,0,sadness,"Bigla akong nakaramdam ng pagliwanag, mas mababa ang bigat ng aking buhay."
i feel profoundly insulted by this anime how dumb does it think we are,3,anger,Napakalalim ng aking nadarama na insulto dahil sa anime na ito. Akala nila ba tanga tayo?
i attended a session in the pub afterwards and i m feeling a bit tender this morning,2,love,Pumunta ako sa isang sesyon sa pub pagkatapos at medyo masakit ang pakiramdam ko ngayong umaga.
i feel uncertain if the most of similar families can be reached the uncertainty does not preclude us from serving those we can in the meantime while discovering the ways to reach the others,4,fear,"Hindi ako sigurado kung maabot natin ang karamihan sa mga pamilyang katulad nito, ngunit ang kawalan ng katiyakan ay hindi tayo pumipigil na pagsilbihan ang mga maabot natin ngayon habang hinahanap natin ang mga paraan upang maabot ang iba pa."
i feel my inner happy present once again,1,joy,Nararamdaman ko muli ang aking panloob na kagalakan.
i really don t feel all that bothered by the north london derby,3,anger,Talagang hindi ako gaanong nababahala sa North London derby.
i just be feeling curious about a few tings,4,fear,Gusto ko lang malaman ang ilang bagay.
i feel like its the perfect opportunity to apply everything that ive learned thus far on my mission,1,joy,Nararamdaman kong ito ang perpektong pagkakataon upang ilapat ang lahat ng aking natutunan sa aking misyon.
i can feel again i want to talk about the positive feelings of love good will and support that are raining down upon my detoxified mind and body and on behalf of the team here at iws radio i want to give a virtual hug and say thanks to some people for making me smile during sunday s show,1,joy,"Nararamdaman ko muli ang mga positibong damdamin ng pag-ibig, kabutihan, at suporta na bumabagsak sa aking malinis na isipan at katawan. At sa ngalan ng buong koponan dito sa IWS Radio, gustong magbigay ng virtual na yakap at magpasalamat sa ilang tao dahil sa kanilang pagpapasaya sa akin noong Linggo."
i feel pressured at times to succumb to fear and insecurities but thankfully i am still able to hold it on my own,4,fear,"Minsan, nararamdaman kong may presyur na sumuko sa takot at kawalan ng katiyakan, ngunit salamat, kaya ko pa ring harapin ito nang mag-isa."
i do feel confused,4,fear,Nakakabinging hindi ko maintindihan.
i no longer feel depressed and am not mad or haven t yet a href http www,0,sadness,Hindi na ako nararamdaman ang depresyon at hindi na ako galit o hindi pa ako nagagalit.
a friend of mine suggested that i become a film extra the idea seemed very funny to me and my reaction seemed rather outlandish to the others,1,joy,"Iminungkahi ng isang kaibigan kong maging extra sa pelikula, ang ideya ay mukhang nakakatawa sa akin at ang aking reaksiyon ay tila kakaiba sa iba."
i am cold and unresponsive or feel unloved,0,sadness,Malamig at hindi tumutugon ako o parang hindi mahal.
i feel doubly honoured because both river of a href http river driftingthroughlife,1,joy,Nadaragdagan ng karangalan ang aking damdamin dahil sa dalawang ilog na dumadaloy sa buhay ko.
i feel like learning not to judge people is the most important thing we can take away from this reading,1,joy,Parang ang pinakamahalagang aral na matututuhan natin sa pagbabasa na ito ay ang hindi husgahan ang mga tao.
i feel so impatient and sometimes i feel thankful that god gave me more time for the moulding of my heart,3,anger,"Nararamdaman kong sobrang hindi matiis ang paghihintay at minsan, nagpapasalamat ako na binigyan ako ng Diyos ng mas maraming panahon para sa pagmomolde ng aking puso."
i feel like i ll never be as graceful and beautiful as i once thought i was all because i based my opinions on theirs,1,joy,Nararamdaman kong hindi na ako magiging kasing-maganda at kasing-delikado noon dahil batay ang aking paniniwala sa kanila.
im not sure theyre right to feel triumphant but they certainly got a lot of comfort from the way the arguments went,1,joy,"Hindi ko sigurado kung tama silang maramdaman ang tagumpay, ngunit tiyak na nakakabuti sa kanila ang paraan ng pag-uusap."
i just feel so listless from the gloominess of it all,0,sadness,Nararamdaman ko lang ang pagod at kawalan ng gana dahil sa kalungkutan nito.
i didn t feel terrific,1,joy,Hindi ako nakaramdam ng maganda.
i completed feeling invigorated not sluggish its ffviii,1,joy,"Nakaramdam ako ng pagkabuhay at sigla, hindi pagod. Ito ay FFVIII."
i can really spend some time wit him soon and feel loved again,2,love,Maaari akong talagang gugulin ang ilang oras kasama niya sa lalong madaling panahon at madama muli ang pagmamahal.
i learned i feel lonely at parties i like to plan them however if you dont stuff your feelings with food or liquor or shopping you can,0,sadness,"Natutunan kong nararamdaman kong nag-iisa ako sa mga partido, gusto kong magplano noon, ngunit kung hindi mo papunan ang iyong mga damdamin ng pagkain, alak, o pamimili, kaya mo."
i try to work but i cant concentrate me on something else than you and i log in my private journal to share my feelings my love with my faithful compagnon journal,2,love,"Sinusubukan kong magtrabaho ngunit hindi ako makapag-concentrate dahil lagi kitang iniisip. Nag-log in ako sa aking pribadong journal upang ibahagi ang aking mga damdamin, ang aking pag-ibig sa aking tapat na kasama, ang journal."
i feel one with the divine intelligence of life and can see it s creative expressions everywhere,1,joy,Nararamdaman kong ako'y isa sa banal na katalinuhan ng buhay at nakikita ko ang mga pagpapahayag nito sa paglikha sa lahat ng dako.
i feel i cant be disturbed to lift upon with hold up anymore it seems as if i dont know what to do or what i m vital for,0,sadness,"Nararamdaman kong hindi na ako kayang abalahin, parang hindi ko na kayang itaas o suportahan pa. Parang hindi ko na alam ang gagawin ko o kung ano ang aking kahalagahan."
i feel like i missed out on a lot of important information that would have helped me understand his art better,0,sadness,Parang maraming mahalagang impormasyon ang napalampas ko na sana ay nakatulong para mas maintindihan ko ang kanyang sining.
i feel to my father in heaven and to your mommy for your sweet life,2,love,Nararamdaman ko ang aking ama sa langit at ang inyong ina para sa iyong matamis na buhay.
i feel so honored to have amazing sons to celebrate,1,joy,Napakasaya at napakagalang na may mga kahanga-hangang anak na aking ipagdiriwang.
im feeling so restless today,4,fear,Napaka-restless ko ngayon.
i mentioned previously it has only been over two months i am feeling hopeful that if i am having more positive thought i might be able to forgive her,1,joy,"Binigyang-diin ko noon na mahigit dalawang buwan pa lamang, ngunit nararamdaman kong may pag-asa na kung magkakaroon ako ng mas positibong pananaw, baka magkaroon ako ng kakayahang patawarin siya."
i can imagine what my daily life would look like with hardly a material possession to my name and it feels so peaceful but i will probably not be doing away with everything so how do i find the right balance,1,joy,"Maiisip ko kung paano magiging aking pang-araw-araw na buhay kung halos wala akong materyal na ari-arian at parang mapayapa iyon, ngunit malamang hindi ko iiwan ang lahat kaya paano ko mahahanap ang tamang balanse?"
i noticed myself feeling victimized resentful fearful ripped off crazy my body reacted with sensations of tension and chaos,0,sadness,"Napansin kong nararamdaman ang pagiging biktima, pagkapoot, takot, pagkabigo, at pagkabaliw; ang aking katawan ay tumugon sa mga sensasyon ng pag-igting at kaguluhan."
i feel a bit more energized today and less grouchy,3,anger,Mas energized ako ngayon at hindi na gaanong maarte.
i can t help but think what they must be feeling with the loss of jon s talented advanced horse coupled with the joy of a new baby on the way such a mixture of extreme emotions,1,joy,"Hindi ko mapigilan ang isipin kung ano ang nararamdaman nila sa pagkawala ng talentoso at mahusay na kabayo ni Jon, kasabay ng kagalakan ng paparating na sanggol, isang tunay na halo ng matinding emosyon."
i feel aching at all times of day,0,sadness,Masakit ako sa lahat ng oras ng araw.
i am so proud of him and who he has become and i feel privileged to call him brother,1,joy,"Napakaganda ng nararamdaman ko para sa kanya, sa taong naging siya, at ako'y lubos na pinagpala na tawagin siyang kapatid."
i feel appropriately disturbed by the project,0,sadness,Nararamdaman kong nararapat na nababahala sa proyekto.
i feel like im taking up some more needy persons place in the er,0,sadness,Parang kinukuha ko ang lugar ng isang mas nangangailangan sa ER.
i am feeling hopeful excited and very much being made new,1,joy,"Nararamdaman kong puno ng pag-asa, saya, at bagong simula."
i feel more resolved than ever to persevere with the use of web based technology for learning despite problems mistakes and frustrations,1,joy,"Mas determinado akong magpatuloy sa paggamit ng teknolohiya sa web para sa pag-aaral kahit na may mga problema, pagkakamali, at pagkabigo."
i managed km in one go once feeling really exhausted afterwards but i survived,0,sadness,"Noong isang pagkakataon, nagawa kong i-manage ang km nang sabay-sabay, ngunit napagod ako nang husto pagkatapos. Ngunit nakaligtas ako."
i know i shouldnt be reacting this way to it all but i cant help it and i feel terribly petty and horrid but this is the way im reacting and i have to deal with it,3,anger,Alam kong hindi dapat ako mag-react ng ganito sa lahat ng ito ngunit hindi ko mapigilan at nararamdaman kong lubhang maliit at masama ngunit ganito ang aking reaksyon at kailangan kong harapin ito.
i feel glad to have had someone so fine burying their face in my crotch,1,joy,Masaya akong mayroon akong isang taong ganoon kaganda na nakayuko ang mukha sa aking kili-kili.
i feel dumb putting so much thought to such a stupid little thing but its getting to me,0,sadness,Nararamdaman kong tanga dahil iniisip ko nang sobra ang isang maliit at bobong bagay ngunit nakakaapekto ito sa akin.
i feel embarrassed though think really red faced with steam emerging but i feel i need to do this to better myself as an artist,0,sadness,"Nahihiya ako kahit isipin ko na pulang-pula na ang mukha ko at parang may usok na lumalabas, pero nararamdaman kong kailangan kong gawin ito para mapabuti ang aking sarili bilang isang artista."
i am feeling very restless irritable and discontent,4,fear,"Napakagulo, napaka-irrita, at hindi ako kontento."
i can do all things through christ who gives me strength is a lovely little verse that i repeat over and over when im feeling a little unsure about something,4,fear,Kaya kong gawin ang lahat sa pamamagitan ni Kristo ang nagbibigay sa akin ng lakas ay isang magandang maliit na taludtod na paulit-ulit kong inuulit kapag hindi ako sigurado tungkol sa isang bagay.
i feel increasingly fond of coppers,2,love,Lalong lumalalim ang aking pagmamahal sa mga tanso.
i do feel very contented with this simple homely life,1,joy,Napakaligaya ko sa simpleng buhay na ito sa tahanan.
im not feeling well a href http,1,joy,Hindi ako maganda ang pakiramdam.
i find myself feeling remarkably calm,1,joy,Nakakaramdam ako ng kakaibang katahimikan.
i go snowboarding feeling very apprehensive,4,fear,Pumupunta ako sa pag-snowboard na puno ng pag-aalala.
i am glad he is ok but it makes me feel even more alone in my sadness,0,sadness,"Masaya ako na siya ay okay, ngunit mas lalo akong nadarama na nag-iisa sa aking kalungkutan."
i feel so sympathetic embarrassed for betty here that it s tough to watch,2,love,"Napakasakit at nakakahiya para kay Betty dito, mahirap panoorin."
i feel like i get more and more frantic with no clue which way to turn what direction my life is going or if i should even care,4,fear,"Parang lalong nagiging pananabik ako nang walang ideya kung saan ako pupunta o kung saan patungo ang buhay ko, o kung dapat pa nga ba akong mag-alala."
i mean the blinds that you could pull down when you were feeling particularly romantic,2,love,ibig kong sabihin ang mga kurtina na maaaring ibaba kapag nararamdaman mong lalong romantiko.
i get that its easiest for them to jolt people into submission with electricity but i get the feeling that its becoming a more socially acceptable version of beating someone with a billy club,1,joy,"Naiintindihan ko na madali para sa kanila na pilitin ang mga tao na sumunod gamit ang kuryente, pero nararamdaman kong unti-unting naging socially acceptable na ito gaya ng pagpalo ng baton sa isang tao."
i feel is superior to mine,1,joy,Nararamdaman kong mas mataas ito kaysa sa akin.
i feel sorry for her she had a good thing in dh but she abused it and him resulting in his depression and diagnosis of generalised anxiety with panic features and then lost it,0,sadness,"Nakakaawa siya, may magandang bagay siya kay DH pero sinamantala niya iyon at siya mismo, na nagresulta sa kanyang depresyon at pag-diagnose ng generalized anxiety with panic features, at saka nawala iyon."
i realise that desiring a substance to feed a feeling only compounds the desire to feed the feeling i realise ive abused substances since early childhood,0,sadness,Napagtanto ko na ang pagnanais ng isang bagay upang pakainin ang isang damdamin ay lalong pinapalakas ang pagnanais na pakainin ang damdamin. Napagtanto ko ring nag-abuso ako ng mga bagay mula pa noong bata pa ako.
i still feel amazed by its beauty diversity and joie de vivre,4,fear,"Nakakagulat pa rin ako sa kagandahan, pagkakaiba-iba, at sigla ng buhay nito."
i love earning money and having it but because i grew up in a lower middle class family i feel very appreciative of the money that i do have,1,joy,"Mahal ko ang kumita ng pera at magkaroon nito, ngunit dahil lumaki ako sa isang pamilyang nasa mababang gitnang uri, nararamdaman kong lubos akong nagpapasalamat sa pera na meron ako."
i feel kinda lost posted by a href http jumbleupon,0,sadness,Nararamdaman kong medyo nawawala.
i can t even feel outraged by it,3,anger,Hindi ko nga makaramdam ng galit dito.
i apologise as a tank if we have a big pull and it all feels messy,0,sadness,Patawad ako bilang isang tank kung malaki ang ating paghila at lahat ay parang gulo.
i did in fact feel very strange,4,fear,Naramdaman ko nga talagang kakaiba.
i kind of wish i had come up with those thoughts myself rather than feeling the way i do now a lame disciple merely about to regurgitate eva s thoughts on to you all,0,sadness,"Gusto kong sana ako mismo ang nag-isip noon kaysa maramdaman ko ang nararamdaman ko ngayon, parang isang mahina at walang silbi na disipulo na handang lang ilabas ang mga iniisip ni Eva sa inyo."
i feel my connection with the divine most strongly when i feel sexy,1,joy,Nararamdaman ko ang aking koneksyon sa diyos nang pinakamalakas kapag nararamdaman kong sexy.
i didnt start feeling nervous until friday and on saturday i didnt feel as much nervous as scared and respectful of the enormous challenge that laid before me,4,fear,"Hindi ako nagsimulang makaramdam ng kaba hanggang Biyernes, at noong Sabado, hindi ako gaanong kinakabahan kundi natatakot at may paggalang sa napakalaking hamon na nasa harapan ko."
i feel like ive been a totally hot mess that i had second thoughts about publishing it,2,love,Nararamdaman kong ganap na gulo ang aking sarili kaya nag-alinlangan akong i-publish ito.
i feel like i broke all my rules and i won lots of battles other days i feel like nothing changed since days ago,0,sadness,"Parang nilabag ko lahat ng aking mga alituntunin at nanalo ako ng maraming laban, ngunit may mga araw na parang wala pang nagbago mula noong mga nakaraang araw."
i don t feel stressed,3,anger,Hindi ako nakakaramdam ng stress.
i feel like wow that s very cool that could be me,1,joy,"Grabe, sobrang cool nun, sana ako na rin."
i feel quite content right now s i mean nothing amazing happened just a stupid frenh competition where im sure i did shit and tutor but i dontt know i feel ok,1,joy,"Nararamdaman kong medyo kontento ngayon, ibig sabihin wala namang kahanga-hangang nangyari, basta lang isang bobong paligsahan sa Pranses kung saan sigurado akong nabigo at pagtuturo pero hindi ko alam, parang okay lang."
i think i feel the coldness more compare to other people who can withstand low temperature,0,sadness,Akala ko mas nararamdaman ko ang lamig kumpara sa ibang tao na kayang tiisin ang mababang temperatura.
i am really looking forward to feel like in europe again although somehow i m fond of this place,2,love,"Talagang inaabangan kong makaramdam muli ng parang nasa Europa, bagama't may pagka-attached din ako sa lugar na ito."
i feel so blessed that we were privileged to go,2,love,Nararamdaman kong sobrang biyaya na nakarating tayo sa pagkakataong iyon.
i refused to allow myself to feel dirty but my vulnerability allowed me to be manipulated quite a bit,0,sadness,Tumanggi akong pahintulutan ang aking sarili na maramdaman ang kalat ngunit ang aking kahinaan ay nagpapahintulot sa akin na mapanipula nang malaki.
i feel reluctant to join the class trip to beijing,4,fear,Hindi ako komportable na sumama sa klase trip patungong Beijing.
i feel tortured by this thought but it feels so true,4,fear,Nasasaktan ako ng sobra sa iniisip kong ito ngunit parang totoo nga ito.
i feel more adventurous willing to take risks,1,joy,Nararamdaman kong mas mahilig sa pakikipagsapalaran at handang kumuha ng mga panganib.
i don t like feeling assaulted by a song no matter how much inspiration and integrity is backing up the blows,0,sadness,Ayaw kong maramdaman na sinalakay ako ng isang kanta kahit gaano man kalakas ang inspirasyon at integridad na nasa likod ng mga suntok.
i began to feel a bit regretful,0,sadness,Nagsimulang maramdaman ko ang kaunting pagsisisi.
watched a horror movie which involved sexual attacks on women,4,fear,Nanood ako ng horror movie na may kasamang mga sekswal na pag-atake sa mga babae.
i had a post about english plurals that i started in between acts over the weekend but that ll have to wait until i m feeling with it enough to be clever without being snarky,1,joy,May post ako tungkol sa mga plural ng Ingles na nagsimula ko sa pagitan ng mga eksena noong weekend pero iyon ay kailangang maghintay hanggang sa nararamdaman kong sapat na ako upang maging matalino nang hindi maging mapanlait.
i almost feel like he was trying to be awkward,0,sadness,Parang sinusubukan niyang maging awkward.
i walked out the disinfected building feeling immensely dirty and lost and couldn t recognize where i was,0,sadness,"Lumabas ako sa pinunasan ng disimpektante na gusali, pakiramdam ko'y lubhang marumi at nawawala, at hindi ko nakikilala ang aking kinaroroonan."
i have to admit to feeling pretty envious of the commuters there a south african summer has got to be a tad more reliable than a british one,3,anger,"Kailangan kong aminin na medyo inggit ako sa mga commuter doon, siguro mas maaasahan ang tag-araw sa Timog Aprika kaysa sa Britanya."
i was upset and feeling weepy my mom wanted me to drink a mainstream caffeinated tea that she thought would help me feel calmer and more relaxed,0,sadness,"Nagagalit at malungkot ako, gusto akong bigyan ng nanay ko ng pangkaraniwang tsaang may caffeine na akala niya ay magpapalambot at magpapakalma sa akin."
i was feeling kinda discouraged because i was stuck but today i proved to myself that i can do things that i didnt think i could do,0,sadness,"Nararamdaman ko ang pagkabigo dahil nabigong makalusot, ngunit ngayon, ipinakita ko sa aking sarili na kaya kong gawin ang mga bagay na hindi ko akalaing kaya kong gawin."
im sure she left feeling angry and unhappy but she also caused members of staff to feel angry aggressive and upset hurt as her final say was a personal attack to say we were awful individuals with bad attitudes,3,anger,"Sigurado akong umalis siya na galit at malungkot, ngunit siya rin ang nagpagalit, nagpakilos ng agresibo, at nagdulot ng sakit at pag-aaway sa mga kawani dahil ang kanyang huling salita ay isang personal na pag-atake na nagsasabing kami ay mga masamang indibidwal na may masamang ugali."
i feel may be vital to fiction itself,1,joy,Maaaring mahalaga ito sa mismong kathang-isip.
i quickly learned just by moving from sauna to ice cold bath to steam room to shower until you feel like a tortured goldilocks who wants nothing more than to find the middle ground between too hot and too cold,4,fear,"Mabilis kong natutunan iyon sa pamamagitan lamang ng paglipat mula sa sauna hanggang sa malamig na paliguan, sa silid-singaw, at sa pagligo hanggang sa pakiramdam mo ay isang nagdurusa na Goldilocks na gustong maghanap ng tamang temperatura, hindi masyadong mainit at hindi rin masyadong malamig."
i just feel drained by most of the gameplay i do,0,sadness,Nararamdaman ko lang na pagod na pagod sa karamihan ng mga laro na ginagawa ko.
i feel that disdain from him when i acted as if id been wronged by him,3,anger,Nararamdaman ko ang pag-aalinlangan niya sa akin nang gumanap akong nasaktan siya.
i actually put forth the effort and stick to a routine though i am busier i feel less stressed and more fulfilled at the end of the day and am better able to enjoy the simple moments of motherhood,0,sadness,"Talagang nagsisikap ako at sumusunod sa isang rutinarya kahit mas abala ako, mas nakakarelaks at mas nakakapuno ang araw ko sa huli at mas kaya kong pahalagahan ang simpleng sandali ng pagiging ina."
i should feel burdened that the slightest touch from that body even now still lingers upon my skin,0,sadness,"Dapat ako'y mabigat ang loob na kahit ang pinakamaliit na paghawak ng katawan niya, kahit ngayon, ay nananatili pa rin sa aking balat."
i feel like beloved,2,love,Nararamdaman kong mahal na mahal.
i feel her sweet sound nice melody of the song,1,joy,"Nararamdaman ko ang kanyang matamis na tinig, magandang himig ng awit."
i was so proud of him and i feel so hopeful i realise this is the nature of asd if he is motivated he will let us have a small glimpse of his abilities and it seems toy story lego is the motivator at the moment,1,joy,"Napakaganda ng naramdaman ko para sa kanya at puno ako ng pag-asa. Napagtanto ko, ito ang kalikasan ng ASD, kung siya ay may motibasyon, ipapakita niya sa amin ang maliit na bahagi ng kanyang kakayahan, at tila ang Toy Story Lego ang nagiging motibasyon niya ngayon."
i feel you caring even if you will insist you are mean,2,love,Nararamdaman ko ang iyong pag-aalaga kahit na ipagpapatuloy mong sabihin na ikaw ay masama.
i feel drained after being out and about even if ive enjoyed myself,0,sadness,Nababawasan ang aking enerhiya pagkatapos maglakad-lakad kahit na nasisiyahan ako.
i was feeling pretty cranky about it but when i called the garage door guy this morning he said that his scheduler wasnt in because her husband had a massive heart attack over the weekend hes okay so he couldnt give me a time the repairman will call before he comes,3,anger,"Nararamdaman ko ang pagiging maungol tungkol dito, pero nang tumawag ako sa lalaki ng garahe kaninang umaga, sinabi niya na ang kanyang tagaplano ay hindi pumasok dahil ang kanyang asawa ay nagkaroon ng malaking atake sa puso noong nakaraang linggo, ngunit siya ay okay kaya hindi niya maibigay ang oras, tatawagan daw ako ng manggagawa bago siya dumating."
im feeling a little beaten down this week and im not sure why,0,sadness,Nararamdaman kong medyo nababagsak ang loob ko ngayong linggo at hindi ko alam kung bakit.
i feel rich in it,1,joy,Nararamdaman kong mayaman ako dito.
i want to wimp out on feeling outraged,3,anger,Gusto kong magpanggap na hindi naapektuhan ng galit.
i feel really rotten remind me to be thankful on the good days,0,sadness,"Nararamdaman kong talagang masama, paalala mo sa akin na maging masaya sa mga magandang araw."
i have not conducted a survey but it is quite likely that many of them feel as assaulted by onel s demons and other creators as i would have felt had the walls been covered only with eminent figures patriotic heroes and epic deeds,4,fear,"Hindi ako nagsagawa ng survey ngunit malamang na marami sa kanila ay nadarama rin ang pag-atake gaya ng aking nararamdaman kung ang mga dingding ay natatakpan lamang ng mga kilalang tao, bayaning makabayan, at mga epikong gawa."
i used to down a large mushroom pizza and a pitcher of beer and feel positively virtuous afterward,1,joy,"Dati, kakain ako ng malaking pizza na may mushroom at isang pitcher ng beer, at magiging positibong mapagpakumbaba ako pagkatapos."
i feel that the life issue and posts like this one will just be met with violent and angry rhetoric,3,anger,Nararamdaman kong ang mga isyu tungkol sa buhay at mga post tulad nito ay magiging sanhi lamang ng marahas at galit na retorika.
i don t want to mention the afternoon because i am a highly conscientious person who would hate like to make you feel that unsuccessful,0,sadness,Ayaw kong banggitin ang hapon dahil ako'y isang taong may malalim na budhi na ayaw kong ipahiram sa inyo ang pakiramdam na hindi matagumpay.
i like products that are organic because i can feel assured there are no added ingredients that could have potentially negative effects,1,joy,Gustung-gusto ko ang mga produkto na organik dahil matitiyak kong walang idinagdag na sangkap na maaaring magdulot ng negatibong epekto.
ive done so much reading but i feel like im being paranoid by doing all this extra stuff since no one seems to,4,fear,Marami akong nabasa ngunit parang nagiging paranoiac ako dahil sa lahat ng karagdagang ginagawa ko dahil tila walang nakakapansin.
i feel like my day starts around lunchtime which kind of feels awful,0,sadness,"Parang nagsisimula ang araw ko sa tanghalian, at medyo nakakadismaya iyon."
i feel so comfortable wear it,1,joy,Napakakomportable kong isuot ito.
i was still feeling a bit unsure a bit not convinced still a bit frustrated,4,fear,"Parang hindi pa rin ako ganap na sigurado, hindi pa rin ako lubos na kumbinsido, at medyo naiinis pa rin ako."
i feel remorseful for my dao ness,0,sadness,Nakakaramdam ako ng pagsisisi dahil sa aking pagiging masama.
i really feel like there s a talented artist buried somewhere inside of ethan,1,joy,Tunay na nararamdaman kong may isang may talento na artista na nakabaon sa loob ni Ethan.
i finished work at am on saturday got home and teased the other half how i was right she was wrong and i fancied roast beef with roast potatoes and the full trimmings i was feeling quite smug with myself,1,joy,"Tapos na ang trabaho ko alas-siyete ng umaga noong Sabado, umuwi ako at binulyawan ang aking kasintahan kung paano ako tama at siya'y mali, at gusto kong roast beef kasama ang roast potatoes at lahat ng kasamang pagkain. Napakasaya ko sa aking sarili."
i am posting about a past event where i am feeling like i should be insulted,3,anger,Nagpo-post ako tungkol sa isang nakaraang pangyayari kung saan nararamdaman kong dapat akong mainsulto.
i wake up every morning and feel like i have been beaten with a baseball bat,0,sadness,Gumigising ako araw-araw at parang binatukan ako ng baseball bat.
i know this is not specific for me and almost everyone else has a similar experience but i still can t help but feel appalled,3,anger,"Alam kong hindi ito partikular para sa akin at halos lahat ay may katulad na karanasan, ngunit hindi ko pa rin maiiwasan ang maramdaman ang pagkabigla."
i love the response i get from the students and it is such a good feeling when someone who is obviously shy comes and talks to you even if their english isnt great,4,fear,Mahal ko ang tugon na natatanggap ko mula sa mga estudyante at sobrang maganda ang pakiramdam kapag may isang taong halatang nahihiya ay lumapit at nagsalita sa akin kahit hindi magaling ang Ingles niya.
i start to feel agitated,3,anger,Nagsisimula akong makaramdam ng pag-aalala.
i didnt feel like suffering through a sleepless night especially with my terrible allergies amp amp fever,0,sadness,Ayaw kong magdusa ng magdamag na walang tulog lalo na't may trangkaso at lagnat ako.
i feeling strange energies,4,fear,Nararamdaman kong kakaiba ang mga enerhiya.
im fine mary anne answered feeling a little impatient,3,anger,"Mabuti naman, sagot ni Mary Anne, na may kaunting pag-aalinlangan."
i feel anyway never afraid of the sea but a healthy respect for the ocean and a sense of harmony and balance,4,fear,"Nararamdaman ko, kahit kailan, hindi ako natatakot sa dagat, ngunit may malusog na paggalang sa karagatan at isang pakiramdam ng pagkakaisa at balanse."
i feel suspicious but i cant walk a way i like him i always had a thing for football players i know ive been m,4,fear,"Nararamdaman kong may pagdududa ngunit hindi ako makalayo, gusto ko siya, lagi kong gusto ang mga manlalaro ng football, alam kong nagkakamali ako."
i feel like my life is the movie sweet home alabama,1,joy,Parang ang buhay ko ay pelikula Sweet Home Alabama.
i am feeling impatient in so many ways but i am equally aware that it is important to learn all i can while im in this season,3,anger,Nararamdaman kong nagiging mapagbiro ako sa maraming paraan ngunit pantay din ang aking kamalayan na mahalaga ang pag-aaral ng lahat ng aking makakaya habang nasa panahon na ito ako.
i feel fairly sure readers will continue to pay for fiction,1,joy,Tiyak kong patuloy na babayaran ng mga mambabasa ang mga kathang-isip.
i feel so relaxed amp light since i emptied myself of this burden that had controlled me for so long,1,joy,Nararamdaman kong sobrang komportable at magaan ngayon dahil naalis ko na ang bigat na iyon na matagal nang naghaharing sa akin.
i was able to work in the studio all week though im feeling a bit gloomy about how slowly things seem to be progressing,0,sadness,Nakagawa ako ng trabaho sa studio buong linggo kahit medyo malungkot ako sa bilis ng pag-unlad ng mga bagay.
i really have gotten to a place where if i go for more than a day or two without writing i begin to feel very anxious very displaced,4,fear,"Tunay na narating ko na ang punto kung saan kung magdaan ako ng higit sa isang araw o dalawa nang hindi sumusulat, nagsisimula akong makaramdam ng malaking pag-aalala at pagkaligaw."
i feel never fear your fears i will make you fearless,1,joy,"Huwag kang matakot sa iyong mga takot, gagawin kitang walang takot."
i am feeling very appreciative tonight,1,joy,Napakasaya ko at napakasalamat ko ngayong gabi.
i think everyone should make a goal that they feel as passionate about,1,joy,"Sa palagay ko, dapat tayong lahat ay magtakda ng mithiin na ating lubos na pinapangarap."
i feel he just broke up with his girlfriend,0,sadness,Nararamdaman kong kanina lang niya iniwan ang kanyang girlfriend.
i feel like todd is getting too stressed or tired with caleb i will take him because i dont want caleb to feel that frustration,3,anger,"Nararamdaman kong sobra nang stressed o pagod si Todd kay Caleb, kukuha ako sa kanya kasi ayaw kong maramdaman ni Caleb ang ganitong frustration."
i would veer from feeling utterly terrified to utterly disorientated to utterly queasy,4,fear,"Mula sa ganap na takot, ako'y lilipat sa ganap na pagkalito, hanggang sa ganap na pagsusuka."
im stuck feeling too casual and frumpy when i return to the office,1,joy,Nakakulong ako sa pakiramdam na sobrang kaswal at pangit kapag bumalik ako sa opisina.
i feel far too distracted to actually write anything of substance,3,anger,Nararamdaman kong sobrang abala at hindi ko kaya sumulat ng kahit ano mang may kahulugan.
i was on the phone with one of my best friends the other day and i told her i don t feel successful,1,joy,"Kahapon, habang nag-uusap ako sa telepono sa isa sa aking pinakamahusay na kaibigan, sinabi ko sa kanya na hindi ko nararamdaman ang tagumpay."
i feel like she shouldnt have blamed him for it but she did and she never forgave him,0,sadness,Nararamdaman kong hindi niya dapat sisihin siya ngunit ginawa niya at hindi niya siya pinatawad.
i feel that because of our own love of reading and writing that we are more compassionate and understanding about the struggles that both new and established writers go through,2,love,"Nararamdaman ko na dahil sa ating pagmamahal sa pagbabasa at pagsusulat, mas mapagkawanggawa at maunawaing tayo sa mga pagsubok na pinagdadaanan ng mga bagong manunulat at ng mga matagal nang nasa larangan."
i feel anxious about a coming event or activity that will require physical energy that i may not have or emotional events that will require emotional energy i look to my parent and adult to take charge,4,fear,"Nakakapanibago ako tungkol sa darating na pangyayari o gawain na nangangailangan ng pisikal na enerhiya na baka wala ako o emosyonal na pangyayari na nangangailangan ng emosyonal na enerhiya, kaya inaasahan kong ang aking mga magulang at matatanda ay mag-take charge."
i had been feeling slightly distressed and my pride was resisting me just waiting for the next peregrinos to walk past and help me out,4,fear,"Nararamdaman ko ang kaunting pagkabalisa at ang aking pagmamalaki ay tumututol sa akin, naghihintay lamang sa susunod na peregrinos na dumaan at tumulong sa akin."
i am feeling restless for some reason today,4,fear,"Hindi ko alam kung bakit, pero parang hindi ako mapakali ngayon."
im feeling really stressed at work too because theyre piling so much stuff for me to do and expect me to do all this creative stuff or decorate or make this,3,anger,"Napakastress ko rin sa trabaho dahil napakaraming ibinibigay nilang gawain at inaasahan nila na gagawin ko lahat ng mga ito, lalo na ang mga creative stuff o dekorasyon."
i say it when im stressed feeling bitchy when im slacking in the toilet or when i feel constipated,3,anger,"Sinasabi ko ito kapag stressed, parang may tampuhan kapag nagpapabaya sa banyo o kapag nararamdaman kong nahihirapan mag-ihi."
i did not make them feel submissive enough and i wonder am i strange or are they,0,sadness,Hindi ko sila pinaramdam na sapat na sumusunod at nagtataka ako kung kakaiba ba ako o sila.
i did not care much about the number of viewers and the viewer ratings before but as the drama iris gained huge success i began to feel greedy about being successful,3,anger,"Noon ay hindi ako gaanong nag-aalala sa bilang ng manonood at sa rating, ngunit nang maging malaki ang tagumpay ng drama Iris, nagsimulang magkaroon ako ng pagnanasa na maging matagumpay din."
i feel my heart shaky all the time now,4,fear,Nararamdaman kong aalimpungat ang aking puso lagi na ngayon.
i feel confident in saying the writers of the film are seemingly going to follow through with the classic comic story arc involving gwen stacey even if it doesnt happen until another sequel but i wont ruin that here,1,joy,"Marahil susundan ng mga manunulat ng pelikula ang klasikong kuwento ng komiks na may kinalaman kay Gwen Stacy, kahit na hindi ito mangyari hanggang sa susunod na sequel, ngunit hindi ko ito ihahayag dito."
im feeling pretty freakin fab,1,joy,Nararamdaman kong sobrang galing ko ngayon.
i feel like my bones broke but when i stood up i can still walk,0,sadness,"Parang nabasag ang mga buto ko pero nang tumayo ako, kaya pa akong maglakad."
i hate my feelings which are all about loving this city day by day little by little,2,love,"Kinamumuhian ko ang aking mga nararamdaman na lahat ay tungkol sa pagmamahal sa lungsod na ito araw-araw, unti-unti."
i have to look for more problems to heap on myself when i already am feeling burdened,0,sadness,Kailangan kong hanapin pang mga problema upang dagdagan ang aking pasanin habang ako'y nararamdaman nang mabigat.
i had a feeling going into this book that its a little too well loved to be orthodox,1,joy,Naramdaman kong papasok sa aklat na ito na medyo sobra nang minamahal para maging ortodokso.
i really didn t feel like there were any though so i was quite delighted when my brain came up with the amazingly obvious solution of asking the guy who lives in the other half of my duplex if i could just get dsl on his line and set up a wireless network,1,joy,"Talagang hindi ko naramdaman na mayroon man, kaya lubos akong natuwa nang dumating sa aking isipan ang napakaklarong solusyon na hingin sa lalaking nakatira sa kabilang kalahati ng aking duplex kung maaari akong magkaroon ng DSL sa kanyang linya at magtakda ng wireless network."
i feel playful today a href http www,1,joy,Masaya at bibo ako ngayon.
when i was about six years old,4,fear,Noong anim na taong gulang ako.
i feel like blair just wants to be loved,2,love,Parang gusto lang ni Blair na mahalin.
my sister lost one of her twin sons my first nephews and then the older one died a week later,0,sadness,"Nawala ang isa sa mga anak ng aking kapatid na kambal, ang aking unang pamangkin, at isang linggo matapos, namatay na rin ang panganay."
i always think say now feel a little hesitant i always think say now feel a little hesitant posted on may th by admin,4,fear,"Lagi kong iniisip na ngayon, medyo nahihiyang mag-post. Ini-post noong Mayo th ng Admin."
i don t know if i ll continue to feel a dull ache in my leg going forward or not,0,sadness,Hindi ko alam kung magpapatuloy pa ba ang pananakit sa aking binti.
im feeling quite agitated irritated amp annoyed,4,fear,"Nararamdaman kong medyo kinakabahan, nainis, at naiirita."
i feel so worthless and weak what does he have to say that s what i want to find out,0,sadness,"Nararamdaman kong wala akong halaga at mahina, gusto kong malaman kung ano ang sasabihin niya."
i have forgiven anyone who i feel has hurt me,0,sadness,Pinatawad ko na ang sinuman na sa tingin ko ay nasaktan ako.
im feeling lucky button after that you will go to the landing page where you will found the alternative google search engine homepage with colors theme depend on the keywords below,1,joy,"Pagkatapos pindutin ang pindutan ng ""feeling lucky,"" pupunta ka sa pahina ng pag-landing kung saan makikita mo ang alternatibong homepage ng Google search engine na may temang kulay depende sa mga keywords sa ibaba."
i will feel shy and won t be able to talk to her,4,fear,Magiging nahihiya ako at hindi ko siya makakausap.
i just feel like i need a shower and a really mellow day,1,joy,Gusto ko lang maligo at magkaroon ng isang tahimik at payapang araw.
im most afraid of i already feel slightly out of place at cru because while most of them will say they are my friend very few of them bothered to reach out and ask how things were going in australia,3,anger,"Ang pinakatakot ko ay nararamdaman ko nang bahagya ang pagiging hindi nababagay sa CRU dahil habang karamihan sa kanila ay sasabihin na sila ay aking kaibigan, kakaunti lamang ang nag-alok ng tulong at nagtanong kung paano ang aking kalagayan sa Australia."
i swear he had feelings that teddy i was so convinced of that and i was very very careful to always make him feel special and more loved than any of my other toys and teddies,1,joy,"Pinapangako ko, may nararamdaman siya kay Teddy, sobrang kumbinsido ako doon, at ako'y lubos na maingat na lagi siyang pinaparamdam na espesyal at higit na minamahal kaysa sa ibang mga laruan at Teddies ko."
i feel like i ought to apologise for my unfortunate decline in writing standards over the past couple of weeks,0,sadness,Nararamdaman kong dapat akong humingi ng paumanhin sa aking hindi magandang pagbaba ng kalidad ng pagsusulat sa nakalipas na ilang linggo.
i love that i feel valuable i love making the choice i love that it s easy to make the choice to feel good,1,joy,"Mahal ko ang pakiramdam na mahalaga ako, mahal ko ang paggawa ng desisyon, mahal ko na madali itong piliin upang maging masaya."
id love to hear your thoughts and comments so please feel free to leave me something below and have a wonderful weekend,1,joy,Gusto kong marinig ang inyong mga saloobin at komento kaya't huwag mag-atubiling mag-iwan ng mensahe sa ibaba at magkaroon ng masayang weekend.
i feel the delicious heartburn,1,joy,Nararamdaman ko ang masarap na pag-aagaw.
i feel a little funny discussing the realness of a portrayal of a condition ive never experienced,4,fear,Nararamdaman kong kakaiba ang pag-uusap tungkol sa katotohanan ng paglalarawan ng isang kondisyon na hindi ko naranasan.
im just figuring these lyrics out myself so apologies if im slightly wrong but it just feels a bit fake,0,sadness,Nagsisimula pa lang akong maunawaan ang mga letra kaya patawarin ninyo kung mali man ako ng kaunti pero parang hindi totoo.
i haven t seen her since they broke up but now i m in this class and she is here waving at me so i go and sit next to her and get out my stuff and talk to her but i feel really strange about it because she cheated on my friend which i really should have mentioned before,4,fear,"Hindi ko siya nakita simula nang maghiwalay sila, pero ngayon nasa klase ako at siya ay nandito na kumakaway sa akin kaya lumapit ako at umupo sa tabi niya, kinuha ang gamit ko at nag-usap kami, pero nararamdaman kong kakaiba ito dahil siya ang nagtaksil sa kaibigan ko na dapat sana'y nabanggit ko na noon."
i feel that they are vulnerable in the coming election given their performance,4,fear,Nararamdaman kong mahina sila sa darating na eleksyon dahil sa kanilang pagganap.
i feel about kids and this just about broke my heart,0,sadness,"Napakasakit sa puso ko para sa mga bata, at ito ay halos masira ang aking puso."
i always feel awkward when im alone in a crowd of peers and feel the need to make friends,0,sadness,Lagi akong nahihiya kapag nag-iisa ako sa gitna ng mga kaklase ko at nararamdaman ang pangangailangan na magkaroon ng mga kaibigan.
i have a sick feeling a longing for each second to be with you even though that will inevitably make it worse when you leave liverpool,2,love,"May sakit na pakiramdam ako, isang pagnanasa na bawat segundo ay kasama kita kahit na ito'y magpapalala ng sakit kapag umalis ka sa Liverpool."
i like the phrase having submissive feelings then being submissive,0,sadness,"Gustung-gusto ko ang pariralang ""magkaroon ng mga damdaming sumusunod at maging sumusunod."""
i feel love by sweet little arms wrapped around my legs wet kisses on my face and soft round cheeks on my lips,2,love,"Nararamdaman ko ang pag-ibig sa pamamagitan ng mga matatamis na maliit na bisig na nakayakap sa aking mga binti, mga basa-basa at mapagmahal na halik sa aking mukha, at malambot at bilog na pisngi sa aking mga labi."
i was taunted by the ability of feeling threatened from weakness of frailty beneath this exterior of human existance lies a woman wanting nothing but a man needing his warmth and masculinity,4,fear,Pinagbibiro ako ng kakayahang makaramdam ng banta mula sa kahinaan ng kahinaan sa ilalim ng anyong ito ng pag-iral ng tao ay isang babae na gustong wala nang iba kundi isang lalaki na nangangailangan ng init at katangian ng lalaki niya.
i head upstream to explore bringing my notebook to write up the events of the day and i soon find running water with some small pools big enough to strip down and throw some water on the ole corpse which feels lovely,2,love,"Naglakad ako pataas ng ilog upang tuklasin, dala ang aking kuwaderno upang isulat ang mga pangyayari ng araw, at agad akong nakakita ng tumatakbo na tubig na may ilang maliit na pool na sapat na malaki upang tanggalin ang damit at ibuhos ang tubig sa matandang katawan na nararamdaman ang sarap."
i feel kinda popular,1,joy,Nararamdaman kong medyo sikat.
i just feel them around me and it s wonderful it s just wonderful,1,joy,"Nararamdaman ko lang sila sa paligid ko at kamangha-manghang, tunay na kamangha-manghang."
i was feeling irate and extremely uncomfortable,3,anger,Nararamdaman kong galit at lubhang hindi komportable.
i look at my life my beautiful family the fact that i feel truly blessed and that all that ive asked from god and the universe all that has happened and beyond how my imagination fathomed it,1,joy,"Tinitingnan ko ang aking buhay, ang aking magandang pamilya, ang katotohanang nararamdaman kong tunay na binabati, at lahat ng aking hiling sa Diyos at sa sansinukob, lahat ng nangyari at higit pa sa aking maisip."
i am not too sure on how i feel about alec hes either innocent like he says he is or hes a damn good liar,1,joy,"Hindi ko sigurado kung ano ang nararamdaman ko tungkol kay Alec, baka tunay siyang inosente gaya ng sinasabi niya o baka isang mahusay na manlinlang."
i would feel a violent stab of loneliness,3,anger,Mararamdaman kong matinding sakit ng kalungkutan.
i would feel ashamed or guilty if i were to take too much of the commons for myself,0,sadness,Magkakaroon ako ng hiya o pagkakasala kung kukuha ako ng masyadong marami sa mga karaniwang gamit para sa aking sarili.
i continue to succeed in something and having someone seems unattainable because i feel men will be intimidated or when there is a prolonged moment of silence,4,fear,Patuloy akong nagtatagumpay sa isang bagay at ang pagkakaroon ng isang kasama ay tila hindi maabot dahil sa pakiramdam kong matatakot ang mga lalaki o kapag may mahabang katahimikan.
i feel so petty who one of my first colleagues had not nice things to say about when i first asked for any contacts for investment banks from before i arrived at this job,3,anger,Nararamdaman kong napakaliit ng aking damdamin dahil hindi maganda ang sinabi ng isa sa aking mga unang kasamahan tungkol sa akin nang una kong humingi ng mga kontak para sa mga bangko ng pamumuhunan bago ako dumating sa trabahong ito.
i am feeling really bad for that guy,0,sadness,Napakasama ko sa nararamdaman ko para sa lalaking iyon.
i had been struggling emotionally feeling beaten down and discontented,0,sadness,"Naghihirap ako emosyonal, parang natatalo at hindi kontento."
im feeling distracted and a little bit flighty,3,anger,Nararamdaman kong nababalot ng distraksiyon at medyo mailap ang aking isipan.
i feel mad sad and discouraged there is something so marvelous about the lord jesus something about the holy word of god that ignites my soul with hope to once again keep moving forward,3,anger,"Nararamdaman kong galit, malungkot, at nabigo. May kakaibang kahanga-hanga sa Panginoong Hesus, may kakaiba sa banal na salita ng Diyos na nag-iilaw sa aking kaluluwa ng pag-asa upang muli akong magpatuloy."
i was feeling disheartened so i turned on the radio hoping music would lift my spirits,0,sadness,"Naramdaman kong nalulungkot kaya pinindot ko ang radyo, umaasa na ang musika ay magpapaganda ng aking pakiramdam."
i hate feeling discouraged but i keep trying to start the couch to k again and it just isnt going well at all,0,sadness,"Ayaw kong maramdaman ang pagkabigo, pero patuloy akong sinusubukan magsimula ng Couch to 5K ulit at hindi talaga ito maganda."
i would not knowingly wound the feelings of any not even one who may have wronged me but would seek to do him good and make him my friend,3,anger,"Hindi ako kusang sasaktan ang damdamin ng kahit sino, kahit na isa man lamang na maaaring nagkasala sa akin, ngunit susubukan kong gawin siyang mabuti at maging kaibigan ko."
i still feel a craving for sweet food,2,love,Gusto ko pa rin ang matamis na pagkain.
i feel like every once in a while i should stop trying to do the smart thing and really go for my dreams,1,joy,Parang minsan dapat tigilan ko na ang pagsisikap na gawin ang matalino at talagang habulin ang aking mga pangarap.
i feel pained and wistful and suddenly the hot tub didn t seem like very much fun anymore,0,sadness,"Nararamdaman kong nasasaktan at malungkot, at bigla na lang ang mainit na paliguan ay hindi na mukhang masaya."
i guess im feeling better,1,joy,"Siguro, mas mabuti na ako ngayon."
i wasnt going to post anything about his death because i made me feel mad and shitty,3,anger,Hindi ako magpo-post ng kahit ano tungkol sa kanyang kamatayan dahil ito ay nagpapasaya at nagpapasakit sa akin.
i feel his gracious hand upon my life,2,love,Nararamdaman ko ang kanyang mapagkalingang kamay sa aking buhay.
i wont feel regretful,0,sadness,Hindi ako magdadalawang-isip.
i feel like you didnt really care that alexis did that to me and you were irritated that i was even telling you,3,anger,Parang hindi mo talaga pinahalagahan na ginawa iyon ni Alexis sa akin at naiirita ka pa na sinasabi ko ito sa iyo.
i just do not feel uptight at all,4,fear,Hindi ako nararamdaman na mahigpit o stressed.
i still didnt feel like the problems had really been resolved,1,joy,Hindi ko pa rin nararamdaman na tunay na nalutas ang mga problema.
i feel a sense of belonging to the soul of people even if i feel isolated from the collective ego of society,0,sadness,Nararamdaman kong may pag-aangkin ako sa kaluluwa ng mga tao kahit na nararamdaman kong iisa ako mula sa kolektibong ego ng lipunan.
i am tired and not feeling well all morning,1,joy,Pagod ako at hindi ako maganda ang pakiramdam buong umaga.
i suppose in some ways i should feel irritated that if she knew why didn t she do anything to help me with this lone cause i was feeling,3,anger,"Siguro sa ilang paraan dapat ako magalit na kung alam niya, bakit hindi niya ako tinulungan sa aking solong laban, lalo na't nararamdaman ko ito."
i party wah wah wah nationalism blah yay aryans wah boo jews with there stupid brown hair blah blah should feel appreciative that we even talk to them because it makes them cool by association blah blah,1,joy,"Nag-party, wah wah wah, nasyonalismo, blah, yay, mga Aryano, wah boo, mga Hudyo, may kanilang bobong kayumanggi buhok, blah blah, dapat magpasalamat na pinag-uusapan natin sila kasi sila'y nagiging cool sa pamamagitan ng pag-aaklas, blah blah."
im feeling inspired to just wait for the movie,1,joy,Nakakainspire akong maghintay lang para sa pelikula.
i looked at sams eyes they were tough hiding the strong pent up feelings that tortured him inside,4,fear,"Tiningnan ko ang mga mata ni Sam, matibay ang anyo ngunit nagtatago ng malalakas na damdaming pinipigilan na siyang nagdurusa sa loob."
i got home feeling exhausted and discouraged,0,sadness,Umuwi ako na pagod at nabigo.
i feel more appreciative than worthlessness,1,joy,Mas nararamdaman kong pasasalamat kaysa kawalan ng halaga.
i see the areas where i should be doing better and i feel discouraged and condemned but i feel tempted to turn to numbing pleasures more than to despair,0,sadness,"Nakikita ko ang mga lugar kung saan dapat akong maging mas mahusay at nararamdaman kong nabigo at hinuhusgahan, ngunit nadarama kong mas madaling humingi ng aliw kaysa sa pagsuko sa pagkabigo."
ive always been able to produce work despite a day job and that i suspect professional pressures might add to a feeling of artistic foment it would take quite a bit to get me out of the saddle,1,joy,"Lagi akong nakakapagtrabaho kahit may araw-araw na trabaho at naniniwala akong ang mga presyur ng propesyonalidad ay maaaring magdagdag sa pakiramdam ng pag-usbong ng sining, kakailanganin ng malaking bagay upang maalis ako sa aking ginagawa."
i start feeling myself getting overwhelmed or frustrated i have tried to open up more about it instead of pushing it down deep slapping on a fake smile and waiting until i boil over,4,fear,"Kapag nararamdaman kong napapagod o nagagalit na ako, sinubukan kong magbukas tungkol dito kaysa itago ito nang malalim, magpanggap na masaya at hintayin na sumabog na."
i feel pretty terrible physically today,0,sadness,Masama ang pakiramdam ko sa katawan ngayon.
i was left feeling a little disappointed since it all started so well and finished a little limply,0,sadness,Nadama kong medyo nabigo dahil maganda ang simula ngunit medyo mahina ang wakas.
i didnt feel i had put in half the effort or time and well quite frankly didnt feel like the pressure of it all,1,joy,"Hindi ko naramdaman na naglaan ako ng kalahati ng pagsisikap o oras, at totoo naman, hindi ko naramdaman ang presyur ng lahat ng iyon."
i had a hard time focusing on my life and walked around feeling dazed and confused,4,fear,Nahirapan akong mag-focus sa buhay ko at naglalakad na parang naliligaw at naguguluhan.
im feeling generous and you can have two top tips,1,joy,Nararamdaman kong mapagbigay ngayon at maaari kang makakuha ng dalawang pinakamahusay na payo.
i am also feeling a bit bitchy about the way things are when we have conversations and others are around,3,anger,Nararamdaman ko rin ang kaunting pagiging maarte sa paraan ng ating pag-uusap kapag may iba sa paligid.
i feel only a little bit weird about making decisions without him,4,fear,Nararamdaman ko lang konti ang kakaiba sa paggawa ng desisyon nang wala siya.
i feel impressed to discuss sin again though i do not know why,4,fear,Nakakagulat na gustuhin kong pag-usapan muli ang kasalanan kahit hindi ko alam kung bakit.
i do not want folks to think i feel superior due to my aspieness or because of my near genius iq,1,joy,Ayaw kong isipin ng mga tao na naduduwag ako dahil sa aking autism o dahil sa aking mataas na IQ.
i want to feel respected even when i do things that you don t understand,1,joy,Gusto kong maramdaman ang paggalang kahit na ginagawa ko ang mga bagay na hindi mo naiintindihan.
ive learned that even when im feeling hopeless theres still hope,0,sadness,"Natutunan kong kahit na parang wala nang pag-asa, may pag-asa pa rin."
i woke up feeling very disturbed,0,sadness,Gumising ako na parang may kakaibang pag-aalala.
i need nine hours but it s true and if i get less even seven hours which is supposed to be the norm and which some people consider a lot i feel grumpy unhappy and seriously unmotivated,3,anger,"Kailangan ko ng siyam na oras ngunit totoo iyon, at kung makukuha ko man lang pitong oras, na dapat ay normal at itinuturing ng ilan na marami, nararamdaman kong maungol, malungkot, at lubos na walang gana."
i feel the reader will get confused with because it bounces and uses references from its earliest time period which is like the dawn of time till now,4,fear,Mararamdaman kong malilito ang mambabasa dahil ito ay tumatalon at gumagamit ng mga sanggunian mula sa pinakamaagang panahon nito na parang simula ng panahon hanggang ngayon.
i feel the need to tell you that phone calls do provide some useful purpose as annoying as they may be,1,joy,Nararamdaman kong kailangan kong sabihin sa iyo na may ilang kapaki-pakinabang na layunin ang mga tawag sa telepono kahit gaano sila kaistorbo.
i have been feeling particularly lousy these days so i might as well try to cheer myself up by saying yes,0,sadness,Nararamdaman kong lubhang masama ang pakiramdam ko ngayon kaya baka mas mabuti nang subukan kong magpasaya sa aking sarili sa pamamagitan ng pagsasabi ng oo.
i can like tbt when i m feeling nostalgic,2,love,Maaari akong magustuhan ang TBT kapag nararamdaman kong ma-nostalgic.
i am not really in financial straits yet so why do i feel so insecure,4,fear,Hindi pa ako talagang nasa mahirap na sitwasyon sa pananalapi kaya bakit ako nararamdaman na hindi ako sigurado?
i hate this and i hate feeling so shitty all the time,0,sadness,Ayaw ko nito at ayaw kong maramdaman ang ganitong pagkababae lagi.
i can already feel the dull atmosphere really,0,sadness,Nararamdaman ko na ang madilim at maputlang kapaligiran.
i also have the feeling i need a very relaxed practice today,1,joy,Nararamdaman ko rin na kailangan ko ng sobrang nakakarelaks na pagsasanay ngayon.
i am mellow and feeling particularly fond of all the human race i don t blame fertile people for not really knowing what to say or what to think or how to deal with it all,2,love,"Malambot ako at lalo kong minamahal ang lahat ng tao. Hindi ko sisihin ang mga may anak na hindi alam kung ano ang sasabihin, ano ang isipin, o paano harapin ang lahat ng ito."
i rid myself of many bad habits only to fall back into them when i feel insecure or vulnerable,4,fear,Nag-alis ako ng maraming masamang ugali ngunit bumalik ako sa mga ito kapag nararamdaman kong hindi ako sigurado o mahina.
id start feeling resentful that i lived in a part of the country where the sun stubbornly refuses to show itself after the end of september,3,anger,Magsisimula akong magdamdam na nakatira ako sa isang lugar sa bansa kung saan matigas ang araw na tumanggi magpakita pagkatapos ng katapusan ng Setyembre.
ive been feeling weirdly superior about my knowledge of this book roundabouts now,1,joy,Parang may kakaibang pakiramdam ako ng pagiging mas mahusay dahil sa aking kaalaman tungkol sa aklat na ito ngayon.
i just feel skeptical,4,fear,Hindi ko mapigilang mag-alinlangan.
i seem to have managed to start the week with a little bit of a hangover annoyingly so i have been sitting here feeling groggy all day,0,sadness,"Parang nagsimula akong magtrabaho sa linggo na may kaunting hangover, nakakainis naman, kaya buong araw akong nakaupo rito na parang antok."
i feel that she should change herself and i was too timid to speak up for her except in underground murmurs,4,fear,Nararamdaman kong dapat siyang magbago at ako'y labis na natatakot na magsalita para sa kanya maliban sa mga bulong sa lihim.
i was feeling like a shocked rat in a skinner box experiment,4,fear,Parang daga sa eksperimento ng Skinner box na nabigla ako.
i feel a little disheartened,0,sadness,Nararamdaman kong medyo nalulungkot.
i only feel vaguely remorseful,0,sadness,Nararamdaman ko lamang ang bahagyang pagsisisi.
i feel blessed to have found such a wonderful friend,1,joy,Masaya akong nakahanap ng isang kahanga-hangang kaibigan.
im feeling stressed and tired and after that flight i really dont want to get on another one,0,sadness,"Nararamdaman kong stressed at pagod, at pagkatapos ng biyahe na iyon ay ayaw kong sumakay ulit ng eroplano."
i feel hesitant to share something i know and have experienced personally that can offer hope amp eternal life,4,fear,Nararamdaman kong nag-aalinlangan akong ibahagi ang isang bagay na alam ko at naranasan ko nang personal na maaaring magbigay ng pag-asa at buhay na walang hanggan.
i feel so insulted because of a woman,3,anger,Napakasakit sa akin dahil sa isang babae.
i want to seduce you into buying it without you feeling liked youve been conned or connived into it,2,love,Gusto kong hikayatin kang bumili nito nang hindi ka makaramdam na niloloko o pinagmamanipula.
i was also feeling pretty low being fired four days before christmas,0,sadness,Nadama ko rin ang pagkababa ng loob dahil pinasara ako ng trabaho apat na araw bago ang Pasko.
im guessing with everyone standing there she was feeling timid about moving through the crowd again,4,fear,"Siguro dahil nakikita siya ng lahat, nahihiya siyang maglakad muli sa gitna ng mga tao."
i make it to am and then i make it to pm and then when i make it to the night that s when i feel triumphant and beaten down,1,joy,"Nakarating ako sa umaga, saka sa hapon, at kapag nakarating ako sa gabi, iyon ang panahon na nararamdaman kong tagumpay at pagod na pagod."
i do know that the stresses from this past week sensory overload oh and i have not been sleeping well are all contributing to my stoic type of feel however i am rather jolly and do not feel like i am in an icky mood at all,1,joy,"Alam kong ang mga stress mula sa nakalipas na linggo, ang sensory overload, at ang hindi magandang tulog ay lahat ay nakakaapekto sa aking pakiramdam na parang stoic; gayunpaman, medyo masaya ako at hindi ko nararamdaman na nasa masamang pakiramdam."
i feel like the supporting literature cited in this section is not only scarce but also badly presented,2,love,Parang kulang at hindi maganda ang paglalahad ng mga sanggunian sa seksyong ito.
i was feeling emotionally drained,0,sadness,Nararamdaman kong emotionally drained.
i feel like the legality of our marriage is in tatters thanks to all the hateful lies and messaging from the prop campaign,3,anger,Nararamdaman kong nabubulok ang legalidad ng ating kasal dahil sa lahat ng masamang kasinungalingan at mensahe mula sa kampanya ng prop.
i will reach out to you when i am feeling uncertain and needing the support or the slap upside the head that i know you can provide me,4,fear,Tatawagan kita kapag nag-aalinlangan ako at nangangailangan ng suporta o ng malakas na paalala na alam kong kaya mong ibigay.
i feel ignored i feel this boredom like a little sword straight to my chest straight to my chest to my chest to my chest straight to my chest straight to my chest to my chest to my chest straight to my chest straight to my,0,sadness,"Nararamdaman kong iniwan ako, nararamdaman kong ang pagkabagot na parang maliit na tabak na nakatuon sa aking dibdib, sa aking dibdib, sa aking dibdib, sa aking dibdib, sa aking dibdib, sa aking dibdib, sa aking dibdib, sa aking dibdib, sa aking dibdib."
i wondered if i would feel a bit lost when i got to the end of the programme but at the same time i was looking forward to running to my own music and setting my own goals,0,sadness,"Nag-isip ako kung mawawalan ako ng direksyon kapag natapos na ang programa, ngunit sabay-sabay, inaabangan ko na rin ang pagtakbo sa aking sariling musika at pagtatakda ng aking sariling mga layunin."
i hurt and feel suspicious and definitely get angry,4,fear,"Nasasaktan ako, may pagdududa, at tiyak na nagagalit ako."
i also feel respected as a briton by germans,1,joy,Nararamdaman ko rin ang paggalang mula sa mga Aleman bilang isang Briton.
i feel listless most of the time nowadays,0,sadness,"Karamihan sa mga oras ngayon, nararamdaman kong walang gana."
i feel so physically beaten down that it is difficult to think about anything else right now,0,sadness,Nararamdaman kong napakalakas ng pagod ko sa katawan na mahirap isipin ang iba pang bagay ngayon.
ive always been feeling restless and dissatisfied with our relationship,4,fear,Lagi akong nakaramdam ng pagkabalisa at hindi kasiyahan sa ating relasyon.
i am a follower friendly blog so feel free to leave a comment so i know you have visited,1,joy,Ako ay isang blog na kaibigan ng mga tagasunod kaya huwag mag-atubiling mag-iwan ng komento upang malaman kong bumisita ka.
i cant help it because of the way i feel around my family like pairs of eyes boring into my back and just observing me all the time,0,sadness,"Hindi ko mapigilan dahil sa nararamdaman ko kapag nasa pamilya ako, parang may mga mata na nakatingin sa likod ko at palagi akong pinapanood."
im not sure why i even bothered to open this website let alone this feature but as expected its left me feeling boring poor and,0,sadness,"Hindi ko sigurado kung bakit ko pa binuksan ang website na ito, lalo na itong feature na ito, pero gaya ng inaasahan, iniwan akong nakakabagot, mahirap, at"
im feeling the need for a cute little monogrammed one in green for mommy,1,joy,"Gusto kong maghanap ng isang maliit at kaakit-akit na may monogram, berde para sa mommy."
i am feeling discouraged it is,0,sadness,"Nababahala ako, ito ay."
i also have started taking b and it works a charm my lashes are getting longer thicker and i feel that i dont need to coat so much mascara on or wear fake lashes as much as i did before yay,0,sadness,"Nagsimula rin akong gumamit ng B at talagang gumana ito, mas tumatagal at tumataba ang aking mga pilikmata, at parang hindi na ako kailangan maglagay ng maraming mascara o magsuot ng pekeng pilikmata gaya noon, yay!"
i am feeling bitchy cross whatever,3,anger,Nararamdaman kong medyo maangas at galit sa lahat.
ive been feeling needy lately,0,sadness,Nararamdaman kong medyo nangangailangan ako kamakailan.
i miss the feeling of being useful and of being able to think of something professional or as close to be dubbed so,1,joy,Namimiss ko ang pakiramdam na kapaki-pakinabang at makapag-isip ng isang bagay na propesyonal o malapit nang tawaging ganoon.
i began to feel bitter towards them,3,anger,Nagsimulang mag-asawang mapait ako sa kanila.
i was just reporting to a dear soul that the energies feel strange today and wondered if somethings up,4,fear,Iniulat ko lang sa isang mahal kong kaibigan na kakaiba ang pakiramdam ng enerhiya ngayon at nag-aalala kung may nangyayari.
i feel a little hopeless sometimes,0,sadness,"Minsan, nararamdaman kong medyo wala akong pag-asa."
i feel like i am living without my apendages and all vital organs,1,joy,Parang nabubuhay ako nang wala ang aking mga apendise at mahahalagang organo.
i feel rotten for that but i was so mad at the whole situation i could have thrown a temper tantrum myself,0,sadness,"Nararamdaman kong masama ang loob ko dahil doon, pero sobrang galit ko sa buong sitwasyon na halos mag-tantrum na rin ako."
im feeling virtuous ill make do with a rich tea or hobnob but if money and calories are no object it has to be a k,1,joy,"Nararamdaman kong mabuti, kaya kaya kong mag-limit sa isang mainit na tsaa o hobnob, pero kung walang limitasyon sa pera at calories, kailangan ko ng isang k."
i keep going back to people are douche canoes because they need to feel superior they need that ego boost they need someone to look down upon,1,joy,"Uulit-ulit akong bumalik sa ideya na ang mga tao ay mga douche canoes dahil kailangan nilang maramdaman ang kanilang pagiging mas mataas, kailangan nila ng pagpapalakas ng ego, kailangan nila ng isang tao na tingnan mula sa ibaba."
i feel intimidated by other girls acne getting rid of pimples,4,fear,"Natatakot akong ma-intimidate ng mga babaeng may acne, lalo na sa pagtanggal ng mga pimples."
i feel like karen is being far too greedy pushy demanding on all fronts,3,anger,"Parang sobrang sakim, palaging nagpupush, at mahigpit ang kahilingan ni Karen sa lahat ng bagay."
i feel that branding in college is way more popular then it was back in high school,1,joy,Nararamdaman kong mas sikat ang branding sa kolehiyo kaysa noong nasa high school pa ako.
i admire makes me feel amazed at my life,4,fear,Ang pag-aakma niya ay nagpapakita sa akin ng aking buhay na kahanga-hanga.
i really thought i was because i liked what i was feeling when in all actuality i hated his personality,3,anger,"Talagang akala ko ay dahil sa gusto ko ng nararamdaman ko, ngunit sa totoo lang ay kinamumuhian ko ang kanyang personalidad."
ill feel to let all of these things out on this empty space,0,sadness,Magiging mahirap para sa akin na ilabas ang lahat ng ito sa walang laman na espasyo na ito.
ive been really into the more laid back bohemian feeling style and thought these items would be perfect for a beachy california trip,1,joy,Napakagusto ko ng mas relaxed at bohemian na istilo at akala ko perpekto ang mga ito para sa isang beachy na California trip.
ive been feeling a little frantic recently because our summer together is flying by so quickly,4,fear,Nararamdaman kong medyo kinakabahan kamakailan dahil ang ating tag-araw na magkasama ay mabilis na lumilipas.
i do feel more isolated since i started working,0,sadness,Nararamdaman kong mas nag-iisa ako simula nang magtrabaho ako.
i liked just talking to someone and that butterfly like feeling you get when someone is sweet to you and it just felt nice to be noticed again,2,love,"Gustung-gusto kong makipag-usap lamang sa isang tao at 'yung pakiramdam na parang may paru-paro sa tiyan kapag may nagiging matamis sa iyo, at nakakatuwa lang na muli akong napansin."
i think its safe to say we were a learning experience for one another and i honestly have nothing but positive feelings and fond memories for you,2,love,"Siguro ligtas na sabihin na tayo ay naging aral sa isa't isa, at totoo naman, wala akong iba kundi positibong damdamin at masasayang alaala para sa iyo."
i was trying to think of anywhere else ive been that made me feel so awful awful awful,0,sadness,"Sinusubukan kong isipin kung saan pa ako pumunta na nagpaparamdam sa akin ng ganito kasakit, kasakit, kasakit."
i just remember feeling so amazed that this little person and i am only a child was my new brother,4,fear,"Naalala ko lang ang pagkagulat ko na ang maliit na ito, at ako'y bata pa lamang, ay naging aking bagong kapatid."
i feel like a haiku is a pleasant note to end on,1,joy,Parang magandang katapusan ang isang haiku.
i have been feeling so strange and frankly bad about how not sad i am,4,fear,Nararamdaman kong kakaiba at totoo namang hindi maganda ang pakiramdam ko dahil hindi ako malungkot.
i do feel the need for a little break however like you and for something lovely and quiet,2,love,"Nararamdaman ko rin ang pangangailangan ng isang maliit na pahinga, gaya mo, at para sa isang bagay na maganda at tahimik."
i feel sooo bitchy that i made out with devin,3,anger,"Napaka-bitchy ko, nag-make out ako kay Devin."
i can remember i feel especially impressed to start fresh new and remove clutter,4,fear,"Matatandaan ko, lalo akong naantig na magsimula muli ng sariwa at alisin ang mga kalat."
i think theres nothing inherently wrong with feeling homesick,0,sadness,"Sa tingin ko, wala namang mali sa pag-miss ng tahanan."
i feel like people think im just being selfish with my gender if that makes sense,3,anger,"Parang iniisip ng mga tao na selfish lang ako dahil sa aking kasarian, kung maintindihan ninyo."
i feel bitchy i guess,3,anger,"Siguro, may tampuhan ako ngayon."
i just feel utterly content with everything and being here in a previously unknown place has rekindled my desire to see the world,1,joy,Nararamdaman ko lamang ang ganap na kasiyahan sa lahat at ang pagiging narito sa isang dating hindi kilalang lugar ay muling nag-alab sa aking pagnanais na makita ang mundo.
i think about these two ways of looking at life the more i feel convinced that it is sensible to see it as a lease rather than a gift,1,joy,"Sa pag-iisip ko sa dalawang pananaw na ito sa buhay, lalong ako naniniwala na mas makatwiran itong tingnan bilang isang kontrata ng pag-upa kaysa isang regalo."
i travel i feel like men expect me to be neurotic superficial and easy only sometimes true,4,fear,"Naglalakbay ako, parang inaasahan ng mga lalaki na neurotic, superficial, at madaling makuha ako, minsan lang totoo."
i feel moderately handsome at the minute but as soon as i go out ill look like a twat,1,joy,"Nararamdaman kong medyo guwapo ako ngayon pero kapag lumabas ako, parang tanga na ako."
i feel that michael jackson is a talented artist since day one and to have collaborative works given by such artistry as ne yo would be very conducive to his comeback,1,joy,Nararamdaman kong may talento si Michael Jackson mula pa noong una at ang pagkakaroon ng mga collaborative works mula sa isang artistang gaya ni Ne-Yo ay magiging lubhang kapaki-pakinabang sa kanyang pagbabalik.
i had no idea i was giving off this vibe but i feel like this is a pretty dangerous vibe to be giving off all willy nilly,3,anger,"Hindi ko alam na nagbibigay ako ng ganitong aura, pero parang mapanganib itong aura na ibinibigay ko nang basta-basta."
i feel sad when i see your son uhuru being persecuted by men of ill will and a woman martha karua is carrying their bags,0,sadness,"Malungkot ako kapag nakikita kong si Uhuru, anak mo, ay pinag-uusig ng mga taong may masamang hangarin at si Martha Karua ay nagdadala ng kanilang mga pasan."
i am allowed to feel guilty about neglecting the work that was due and the part of myself that did want to do it,0,sadness,Pwede akong magdamdam ng pagkakasala dahil sa pagpapabaya sa trabahong dapat nang matapos at sa bahagi ng aking sarili na gustong gawin ito.
i first started and i m feeling more confident behind the wheel,1,joy,Nagsimula ako at nararamdaman kong mas kumpiyansa na sa likod ng gulong.
i talk about in this essay is that people feel differently about poetry when they re angry or sad,3,anger,Ang tinalakay ko sa sanaysay na ito ay ang iba't ibang damdamin ng mga tao tungkol sa tula kapag sila ay galit o malungkot.
i feel awkward talking about my book to begin with,0,sadness,Nakakakaba para sa akin na pag-usapan ang aking libro mula pa sa simula.
i feel thrilled i feel blessed i feel honored light who s boss,1,joy,"Nararamdaman kong sobrang saya, binabati ako ng kapalaran, at nararamdaman kong iginagalang. Liwanag, sino ang may-ari?"
i feel it is unfortunate that my companion differs,0,sadness,Nakakalungkot na iba ang pananaw ng aking kasama.
i just saw a post on one girls facebook page that said something to this effect im feelin horny,2,love,"Nakita ko lang sa Facebook page ng isang babae na may post na parang ganito: ""Nararamdaman kong mainit."""
i also feel a little selfish when i get excited about hitting it off with our friends friends because it makes me feel victorious in our choices,3,anger,Nararamdaman ko rin ang kaunting pagiging makasarili kapag nasisiyahan ako sa pagiging magkaibigan namin sa mga kaibigan nila dahil parang nananalo ako sa aming mga desisyon.
i am still feeling somewhat intimidated but i guess by being safe and cautious and fully aware then i will be ok,4,fear,"Nararamdaman ko pa rin ang kaunting takot, pero siguro kung mananatiling ligtas, maingat, at lubos na alerto, magiging maayos naman ako."
i feel completely emotionally exhausted and am pretty much to the point i will have to cut all ties with every man i know,0,sadness,Napapagod na ako nang husto sa emosyon at halos nasa punto na kailangan kong putulin ang lahat ng ugnayan ko sa bawat lalaki na kilala ko.
i know hes upset that ryan did this to me he liked him when he met him and he even thought his feelings for me were sincere,1,joy,Alam kong galit siya dahil ginawa ni Ryan ito sa akin. Gustung-gusto niya si Ryan noong nakilala niya ito at akala niya'y tapat ang nararamdaman niya para sa akin.
i over think you think i really feel insecure,4,fear,"Iniisip ko nang sobra, akala mo tunay akong nag-aalinlangan."
i have an interest in a relationship with the person long term and an end goal in mind little spats here and there in which i feel i have been wronged are really of rather little consequence in the grand scheme of things,3,anger,"Mayroon akong interes sa isang matagal na relasyon sa taong iyon at may layunin akong nais makamit. Ang mga maliit na away na minsan ay nangyayari, kung saan ako ay nadaramaang mali, ay talagang hindi gaanong mahalaga sa pangkalahatan."
i arrived in anchorage it only took a few hours after spending time with my parents eating at a local favorite joint and then going on a stroll in my parent s my childhood neighborhood to be able to take a big sigh and feel relieved,1,joy,"Nang dumating ako sa Anchorage, ilang oras lang matapos magkita sa aking mga magulang, kumain sa isang paboritong kainan sa lugar, at maglakad-lakad sa aking tahanan noong bata pa ako, nakaramdam ako ng malaking pagpapahinga at kaginhawahan."
i feel like i should be more appreciative but im struggling,1,joy,Nararamdaman kong dapat akong maging mas nagpapasalamat ngunit nahihirapan ako.
i would have liked to go out but i just wasnt feeling it and i think it was partly because it would be with someone that i am not thrilled with being around right now,1,joy,Gusto kong lumabas ngunit hindi ko naramdaman at sa tingin ko ay dahil sa kasama kong hindi ko masyadong gusto ngayon.
i came close to just packing up and heading home but then i wondered would home feel less awful,0,sadness,"Malapit na akong mag-pack up at umuwi na, pero naisip ko, magiging mas kaunti ba ang sakit sa bahay?"
i mean i get that its nice to have someone who cares about you like that that a relationship can be a great thing and can feel wonderful but im only so im not looking for that in my life yet,1,joy,"Naiintindihan ko naman na maganda ang may taong nag-aalala sa iyo ganoon, na ang isang relasyon ay maaaring maganda at pakiramdam na kahanga-hanga, pero ako, hindi ko pa hinahanap iyon sa buhay ko ngayon."
i feel in my belly perfect two you can be the butterflies i a class imagebox href http s,1,joy,"Nararamdaman ko sa aking tiyan ang perpektong dalawa, ikaw ang mga paru-paro sa aking imahe ng klase."
im a little tired of writing about these things and feel like these solemn posts are a bit too much for this home school family blog,1,joy,Napagod na ako nang kaunti sa pagsusulat tungkol sa mga bagay na ito at parang masyadong seryoso ang mga post na ito para sa aming blog ng homeschooling pamilya.
i get the feeling he needs to feel accepted and appreciated,1,joy,Nararamdaman kong kailangan niyang maramdaman ang pagtanggap at pagpapahalaga.
i wanted to say something to her but it was just a bad vibe and i was feeling hostile didnt think it was a good night to do so,3,anger,"Gusto kong sabihin sa kanya ang isang bagay, pero masama ang pakiramdam ko at parang galit ako, hindi ko iniisip na magandang gabi para doon."
im working with right now and im feeling a lot more optimistic about this pattern,1,joy,Nagtatrabaho ako dito ngayon at mas optimistiko na ako tungkol sa pattern na ito.
i hurtled through the first chapters desperate to see what was so good about it but came away feeling disappointed,0,sadness,"Mabilis akong nagbasa sa mga unang kabanata, gustong-gusto kong malaman kung ano ang mabuti rito, ngunit natapos akong nag-iwan ng nabigo."
i sing i swim this feels like a pleasant passing of time song,1,joy,"Ako'y kumakanta, ako'y lumalangoy, parang awit ng nakakatuwang paglipas ng panahon ito."
i feel like the people who cause pain go through life without issue and the people burdened by pain the ones who are strong enough to deal are the ones who become depressed and jaded,0,sadness,"Parang ang mga taong nagdudulot ng sakit ay nakakalusot sa buhay nang walang problema, samantalang ang mga taong nabibigatan ng sakit, ang mga matibay na sapat upang harapin ito, ang mga ito ang nagiging malungkot at nasisira ang loob."
i feel it captures the peaceful serenity which is so relaxing and inviting here in pines lake,1,joy,Nararamdaman ko na ito ay naglalarawan ng mapayapa at tahimik na katahimikan na lubhang nakakarelaks at nakakaakit dito sa Pines Lake.
i do not feel particularly damaged by that,0,sadness,Hindi ako lalo na nasaktan doon.
i can feel an unpleasant pressure from it,0,sadness,Nararamdaman kong may hindi kanais-nais na presyur galing doon.
i am from new jersey and this first drink was consumed at a post prom party so i feel it s appropriately lame,0,sadness,Galing ako sa New Jersey at ang unang ininom kong alak ay sa isang post-prom party kaya nararamdaman kong tama lang na pangit ito.
i know how it feels to suffer pain and sorrow and loneliness and to know that mom is suffering because of her illness,0,sadness,"Alam ko kung paano maramdaman ang sakit, kalungkutan, at pag-iisa, at alam kong dinadanas ni Nanay ang paghihirap dahil sa kanyang karamdaman."
i can t get past is that feeling when a friend walks out of your life and you re unsure why that feeling of not being valued or important enough,4,fear,"Hindi ko makalimutan ang pakiramdam kapag umalis ang isang kaibigan sa buhay mo at hindi mo alam kung bakit, ang pakiramdam na hindi ka pinahahalagahan o sapat na mahalaga."
i feel and im irritated by it,3,anger,Nararamdaman ko ito at naiirita ako dito.
i have lately been feeling very productive with my time at home and happy with my life in general and happy with my children and my husband,1,joy,"Kamakailan lamang, nararamdaman kong napakabisa ng aking oras sa bahay at masaya ako sa aking buhay pangkalahatan, pati na rin sa aking mga anak at asawa."
i often feel like im drowning as i try to come up with valuable content and write engaging posts,1,joy,Madalas akong makaramdam na lumulubog habang sinusubukan kong magbigay ng may halaga at nakakaakit na nilalaman at mga post.
i swamp uncaring unfeeling fucked up apathetic humanbeings who wont pull their heads out of their asses long enough to turn around and look at me and say i see you,3,anger,"Ako'y nalulubog sa mga walang malasakit, walang damdamin, sira-sira, at apatiko nilang mga tao na hindi tumitingin sa akin nang sapat upang sabihin, ""Nakikita kita."""
i pollution flower dew moisturising gel cream delicate luxurious and feels lovely on the skin,2,love,"Ang polusyon flower dew moisturizing gel cream ay maselan, luxurious, at nakakaramdam ng maganda sa balat."
i blush because i feel guilty about asking for something so costly for being worldly,0,sadness,Namumula ako dahil may nararamdaman akong pagsisisi sa pagtatanong ng isang bagay na napakalaki ang halaga dahil sa aking pagiging makasarili.
i know in advance then i am fine with it but if i make plans and they change or fall through i end up not knowing what to do with myself and feeling very restless and angsty,4,fear,"Alam ko nang maaga, magiging okay lang ako, pero kung gagawa ako ng plano at magbabago o mabibigo iyon, hindi ko alam kung ano ang gagawin ko at magiging hindi mapakali at magulo ang pakiramdam ko."
i feel deer supporting mice parade at the hope rel bookmark permalink,1,joy,"Nararamdaman kong malakas ang suporta sa parada ng mga daga sa pag-asa, rel bookmark permalink."
i wasnt feeling when i got on board but its really not pleasant,1,joy,Hindi ako nakaramdam ng maganda nang sumakay ako ngunit talagang hindi ito kasiya-siya.
i feel like a very useful engine mother those of you who have watched thomas will understand,1,joy,"Nararamdaman kong isang napaka- kapaki-pakinabang na makina, gaya ng ina ni Thomas para sa mga nakapanood nito."
i started to feel apprehensive about it,4,fear,Nagsimulang akong mag-alala tungkol dito.
i was on to stop labor made me feel terrible,0,sadness,"Nag-aalinlangan akong tumigil sa pagtatrabaho, at ito ay nagpaparamdam sa akin ng masama."
i am having really badly cannot wear anything without causing spasms diarrhea or eat more than a few of mouthfuls i am feeling very miserable,0,sadness,"Napakasakit ko, hindi ko kayang magsuot ng kahit ano nang hindi nagkakaroon ng spasms, diarrhea, o kumain ng higit sa ilang kagat. Napakasakit ng pakiramdam ko."
i am torn about the situation because it happens a lot but they have supported me and i feel like i should be supporting her again now,2,love,"Nalulungkot ako sa sitwasyon dahil madalas itong mangyari, ngunit sila ay sumuporta sa akin at nararamdaman kong dapat kong suportahan siya muli ngayon."
i have been so happy these past two months you give me so much that i feel ungrateful admitting i think i need more,0,sadness,"Napakasaya ko sa nakalipas na dalawang buwan, ibinibigay mo sa akin ang napakaraming bagay na parang hindi ko na kayang aminin na kailangan ko pa ng higit."
when i learned that my former boyfriend had become engaged although i was glad that he had found what he wanted,0,sadness,Nang malaman kong nakasama na ang aking dating nobyo bagama't masaya ako na nakahanap siya ng kanyang hinahanap.
i feel more grounded and less fearful,4,fear,Nararamdaman kong mas nakakabit sa lupa at mas hindi natatakot.
i would really like to be able to help out financially around the house and it makes me feel that much more useless when i cant,0,sadness,"Gusto kong lubos na makatulong sa pinansiyal na pangangailangan sa bahay, at mas lalong nadarama kong walang silbi kapag hindi ko ito magagawa."
im feeling pretty smart,1,joy,Nararamdaman kong medyo matalino.
im feeling so pissed off now,3,anger,Galit na galit ako ngayon.
ill admit to feeling a little paranoid and wondering about how many others had defriended me,4,fear,"Aminin ko, medyo kinakabahan ako at nagtatanong kung ilan na ang nag-unfriend sa akin."
i dont forget it i embrace it i dont feel pity i feel proud,1,joy,"Hindi ko nakakalimutan iyon, tinatanggap ko iyon, hindi ako nakararamdam ng awa, nararamdaman ko ang pagmamalaki."
i feel so helpless and only hope that somehow they are receiving their dose of drugs that will help them get threw these hard times,0,sadness,Nararamdaman kong lubos na walang magawa at sana'y natatanggap nila ang kanilang gamot na makakatulong sa kanila upang makalusot sa mga mahirap na panahon na ito.
i hauled it i feel dumb i got my lock and key i paid a man his fee now i wait and see frank black amp the catholics devils workshop released simultaneously with black letter days i initially felt this was the better of the two,0,sadness,"Hinila ko ito, parang tanga ako. Nakuha ko ang aking kandado at susi, binayaran ko ang isang lalaki ang kanyang bayad, ngayon ay naghihintay at titingnan ko. Ang ""Devils Workshop"" ni Frank Black at The Catholics ay inilabas nang sabay-sabay sa ""Black Letter Days,"" at una kong nadama na ito ang mas maganda sa dalawa."
i feel like im selfish,3,anger,Nararamdaman kong makasarili ako.
im feeling very optimistic about it and find myself wanting to ride more and more,1,joy,Napakaganda ng pakiramdam ko tungkol dito at gusto kong magmaneho nang mas madalas.
i feel totally confident that i could get a job at google,1,joy,Napakalinaw ko ng loob na kaya kong makakuha ng trabaho sa Google.
i wish things didn t feel so strange so out of place,4,fear,Sana hindi nararamdaman ang mga bagay na kakaiba at hindi nababagay.
i go to school feeling miserable but end up laughing for some reason is weird,0,sadness,"Pumupunta ako sa paaralan na parang nababalot ng lungkot pero sa huli ay natawa ako ng walang dahilan, kakaiba."
i dont want to make a bad impression with my new co workers in both my job or my lab simply because i just feel so insecure and agitated all the time,4,fear,Ayaw kong magpakita ng masamang impresyon sa aking mga bagong kasamahan sa trabaho o sa laboratoryo dahil lagi akong nahihiya at kinakabahan.
i can t stop thinking about it i feel paranoid like they re judging me i know they re probably now but i just feel that way,4,fear,"Hindi ko mapigilan ang pag-iisip tungkol dito, parang may paranoiac ako, parang sinusuri nila ako. Alam kong malamang hindi, pero ganun talaga ang nararamdaman ko."
i feel deeply disappointed,0,sadness,Lubos akong nabigo.
i was feeling irritated with the supposed guy who wasting my valuable time talking to a lady,3,anger,Nagagalit ako sa lalaking iyon na parang nag-aaksaya ng mahalagang oras ko sa pag-uusap sa isang babae.
i feel like it is almost vital that if i do not find more answers about a href http quilting,1,joy,Nararamdaman kong halos mahalaga na kung hindi ako makakahanap ng higit pang sagot tungkol sa pag-aayos ng tela.
i want to not feel angry because i haven t the right to feel that way,3,anger,Gusto kong hindi maramdaman ang galit dahil wala akong karapatan na magkaroon ng ganitong damdamin.
i feel a bit shaken though,4,fear,Nararamdaman ko pa rin ang kaunting pagkabalisa.
i feel more vulnerable and more in touch with my heart with making choices that are better for myself and my family and less worried about pleasing everyone else,4,fear,"Nararamdaman kong mas mahina at mas malapit sa aking puso kapag gumagawa ng mga desisyon na mas mabuti para sa aking sarili at pamilya, at mas kaunti ang pag-aalala sa pagpapasaya sa lahat ng iba."
i would feel better,1,joy,Mas magiging maayos ako.
i feel so overly blessed in this life,1,joy,Napakaluwalhati kong nararamdaman sa buhay na ito.
im looking through pictures and feeling the creative tingle in my blood that makes me feel like home,1,joy,Naghahanap ako ng mga larawan at nararamdaman ang kilig ng pagkamalikhain sa aking dugo na parang ako ay nasa tahanan.
i feel like a snob but i ve been a bit skeptical of it from the start because i have no idea who kenny werner is and neither does thomas a musician who gave me the book,4,fear,"Nararamdaman kong parang snob ako, pero medyo nag-aalinlangan ako mula pa noong una dahil wala akong ideya kung sino si Kenny Werner at wala rin si Thomas, isang musikero na nagbigay sa akin ng libro."
i guess which meant or so i assume no photos no words or no other way to convey what it really feels unless you feels it yourself or khi bi t au th m i bi t th ng ng i b au i rephrase it to a bit more gloomy context unless you are hurt yourself you will never have sympathy for the hurt ones,0,sadness,"Siguro ibig sabihin nun, o kaya't sa palagay ko, walang larawan, walang salita, o ibang paraan upang ipahayag ang tunay na nararamdaman maliban kung maramdaman mo ito mismo, o kung hindi ka nasaktan, hindi ka magkakaroon ng awa sa mga nasaktan."
i feel like a proud new mom with all this picture taking of heidi,1,joy,Parang isang mapagmamalaking bagong ina ako dahil sa lahat ng pagkuha ng litrato kay Heidi.
i havent felt like posting in such a long time but i feel more sociable now,1,joy,"Matagal ko nang hindi naramdaman ang pagpo-post ngunit ngayon, mas sosyal ako."
i feel incredibly slacking mrs greedy guts is still in desperate search for an unspoilt base on her career ladder,3,anger,"Nararamdaman kong sobrang tamad, si Mrs. Greedy Guts ay patuloy pa ring naghahanap ng isang hindi nasisiraang pundasyon sa kanyang karera."
i feel bad for a lot of these people because i know from watching documentaries that people who do these drugs are trying to fill a void something that hurt them in the past that they are trying to fill with this drug that makes them feel temporary happiness,0,sadness,"Nakakaramdam ako ng awa para sa maraming tao dahil alam ko mula sa mga dokumentaryo na ang mga taong gumagamit ng mga droga ay nagsisikap punan ang isang kawalan, isang bagay na nasaktan sila sa nakaraan na sinusubukan nilang punan gamit ang droga na nagbibigay sa kanila ng pansamantalang kaligayahan."
i can feel it think i determined to a href http usarious,1,joy,"Nararamdaman ko ito, siguro determinado akong pumunta sa usarious."
i feel remorseful about leaving food behind and make an effort to eat at least half of it but after stuffing myself at fruits parlor and eating this hamburger steak and all,0,sadness,"Nakakaramdam ako ng pagsisisi kapag iniwan ko ang pagkain at sinusubukan kong kumain ng kahit kalahati nito, pero matapos kong mag-pig out sa fruit parlor at kainin ang hamburger steak na ito at lahat."
i feel surprised when i looked new,4,fear,Nagulat ako nang makita ang aking bagong anyo.
i wanted other women to feel envious of my figure and say oooh youd never guess youd just had a baby,3,anger,"Gusto kong maramdaman ng ibang babae ang inggit sa aking katawan at sabihin, ""Oooh, hindi mo aakalaing bagong panganak ka lang."""
i woke up feeling ok but i had a weird feeling about the run today,1,joy,Gumising ako na parang okay lang pero may kakaibang pakiramdam ako tungkol sa takbo ngayon.
im feeling anxious all im really trying to do is project the exact opposite,4,fear,"Kinakabahan ako, pero sinusubukan kong ipakita ang kabaligtaran nito."
i feel the cold mostly in my arms and torso,3,anger,Nararamdaman ko ang lamig lalo na sa aking mga bisig at dibdib.
i feel drained just looking at the date of my real last entry,0,sadness,Nababawasan ang aking enerhiya kahit na nakikita ko lang ang petsa ng aking huling tunay na entry.
i have a feeling i shall go mad,3,anger,Nararamdaman kong baka mag-isip-isip na ako.
i have found a no of people raising this issue but then i have not yet come across any officials addressing the same i am just feeling helpless,4,fear,"Nakita ko ang maraming tao na nagtatanong tungkol dito ngunit wala pa akong nakikitang opisyal na tumutugon, parang wala akong magagawa."
i feel rather listless and dull today slightly head achy and good chances of blahness throughout the day,0,sadness,"Nararamdaman kong medyo walang gana at mapurol ngayon, bahagyang masakit ang ulo at mataas ang posibilidad na magiging magulo ang buong araw."
i feel so often when i roll through my beloved new york that so little is done for so many if i start to write about race colour religion and sexual preference and gender identity my readers will say hey mia what s up are you confused,2,love,"Madalas kong maramdaman habang naglalakad sa aking minamahal na New York na kakaunti ang ginagawa para sa marami. Kung magsisimula akong sumulat tungkol sa lahi, kulay, relihiyon, at sekswalidad pati na sa pagkakakilanlan ng kasarian, sasabihin ng aking mga mambabasa, ""Hoy Mia, ano ba yan? Nalilito ka ba?"""
i luckily i don t think anyone i know was there at the time but can t help feeling a bit shaken,4,fear,"Mabuti naman, hindi ko akalaing may kilala akong naroon noong panahong iyon, pero hindi ko maiiwasan ang pakiramdam na medyo nabigla."
i am feeling emotional about something or other positive or otherwise,0,sadness,"Nararamdaman ko ang emosyon tungkol sa isang bagay, positibo man o negatibo."
i think beaches are my favorite places although i get the feeling i would be quite fond of the desert also,2,love,"Sa tingin ko, ang mga dalampasigan ang aking paboritong lugar bagama't nararamdaman kong magugustuhan ko rin ang disyerto."
i mean i have a lot of love to give and i feel most myself when i am giving and loving,2,love,"Ibig sabihin, marami akong pagmamahal na maibibigay at nararamdaman kong ako mismo kapag nagbibigay at nagmamahal ako."
i feel petrified about his future,4,fear,Natatakot ako sa kanyang kinabukasan.
im in the car with my roommate and her family i feel like im being all rude because i have to call her and my dad so that my dad can give her directions and she keeps asking what she needs to bring,3,anger,Nasa kotse ako kasama ang aking roommate at ang kanyang pamilya. Parang rude ako dahil kailangan kong tawagan siya at ang aking ama para maibigay ng aking ama ang direksyon sa kanya at patuloy siyang nagtatanong kung ano ang dapat niyang dalhin.
i will feel fantastic refreshed and rejuvenated as if i had just woken up from a restful hour nap,1,joy,"Magiging kamangha-manghang pakiramdam ko, parang nabigyan ako ng bagong buhay at parang galing lang ako sa isang mahabang at nakakarelaks na pagtulog."
i fared pretty well and was feeling quite pleased with myself that the journey went well,1,joy,Mabuti ang aking naging paglalakbay at naramdaman kong masaya dahil lahat ay ayos.
i went crazy non stop dancing at rouge with her only because the live band was very good i was feeling very troubled and wanted to dance my problems away,0,sadness,"Nag-crazy ako, hindi tumitigil sa sayaw sa Rouge kasama siya dahil ang live band ay napakagaling, nararamdaman ko ang pagkabalisa at gustong i-dance ang mga problema ko."
i didnt like my former fob and felt joy when i received a telegram offering me a new one that i though better and for which i had been waiting,1,joy,"Ayaw ko sa aking dating FOB at nakaramdam ako ng kagalakan nang makatanggap ako ng telegrama na nag-aalok sa akin ng bago, na sa tingin ko'y mas mabuti at hinintay ko na."
i remember a couple of years ago i was feeling romantic and dreamy and asked him wonder if we ll celebrate our th anniversary,2,love,"Naalala ko ilang taon na ang nakalipas, nararamdaman kong romantiko at panaginip, at tinanong ko siya kung magce-celebrate ba tayo ng ating ika-X anibersaryo."
i could feel tears welling in my eyes and felt disappointed at my lack of fitness and ability to keep up and my annoyance at letting it get to me,0,sadness,"Nararamdaman kong tumutulo ang luha sa aking mga mata at nadama ang pagkabigo sa aking kakulangan sa pisikal na kondisyon at kakayahang sumunod, pati na ang aking inis sa pagpapahintulot na ito ay makaapekto sa akin."
i had just bought some stuff in guardian for contests and was feeling a bit too over the top if i grabbed indiscriminately in caring as well,2,love,"Kanina lang, bumili ako ng mga gamit sa Guardian para sa mga paligsahan at medyo sobra na ang pakiramdam ko kung kukuha rin ako nang basta-basta ng mga pangangalaga."
i dont want to put to much pressure on myself but i feel like i could make the most amazing year ever,4,fear,Ayaw kong mag-pressure sa sarili ko pero parang kaya kong gawin ang pinakamagandang taon man.
i always flashback to her talking about feeling burdened appearing on a radio show alone on lee jaeryong jungeuns good morning,0,sadness,"Lagi akong bumalik sa alaala niya na nagkukuwento tungkol sa pagiging mabigat na mag-isa sa radyo sa palabas ni Lee Jaeryong, Jungeun's Good Morning."
i feel annoyed by that girl,3,anger,Naiinis ako sa babaeng iyon.
i feel about the scratches the way i feel about my wrinkles i am fond of them and regard them as evidence of a life well lived,2,love,"Nararamdaman ko ang mga gasgas gaya ng nararamdaman ko sa aking mga kuko, minamahal ko sila at itinuturing silang patunay ng isang buhay na nabubuhay nang maayos."
i mean how can you not feel festive when youre wearing a great big snow man on your chest,1,joy,Paano ka hindi magiging masaya kapag may malaking snowman sa dibdib mo?
i feel completely isolated in the world thinking that i m the only one like me,0,sadness,Nararamdaman kong lubos na nag-iisa sa mundo na parang ako lamang ang katulad ko.
i was feeling relatively indecisive and not very hungry until we walked past a barbeque place,4,fear,Nararamdaman ko ang pag-aalinlangan at hindi gaanong gutom hanggang sa dumaan kami sa isang karinderya ng barbeque.
i have to care about and care for people with disabilities who are targeted by sensationalist media reports as well as at the same time feel the sorrow i do for the parents family members and community in newtown connecticut that is stunned by the events of today,4,fear,"Kailangan kong alagaan at pangalagaan ang mga taong may kapansanan na target ng mga sensasyunal na ulat ng media, at sabay na maramdaman ang kalungkutan na nararamdaman ko para sa mga magulang, kamag-anak, at komunidad sa Newtown, Connecticut na nabigla sa mga pangyayari ngayon."
i had a hard time feeling joyful this morning because this morning it was just about the gifts,1,joy,Mahirap akong maging masaya ngayong umaga dahil ang umaga ay tungkol lamang sa mga regalo.
i feel is a dull worry,0,sadness,Nararamdaman kong may maputlang alalahanin.
im still feeling that christmas loving with my polyvore boards and its only the start of advent,2,love,Nararamdaman ko pa rin ang pagmamahal sa Pasko sa aking mga Polyvore boards at ito'y simula pa lamang ng Advent.
i could quote you a recent poll showing of young american muslim men feel suicide bombings are acceptable in defense of islam so apparently things like dont kill are not universally shared moral values,1,joy,"Maaari kong banggitin ang isang kamakailang pag-aaral na nagpapakita na isang malaking bilang ng mga batang Muslim na lalaki sa Amerika ay naniniwala na ang pagpapakamatay sa pamamagitan ng pagsabog ay katanggap-tanggap sa depensa ng Islam, kaya tila ang mga bagay tulad ng ""huwag pumatay"" ay hindi pandaigdigang ibinahaging moral na halaga."
i feel humiliated by the person who phoned,0,sadness,Nahihiya ako sa taong tumawag.
i put weight on it with my leg bent like when i get out of the car i feel a dull pain in my knee,0,sadness,"Inilalagay ko ang timbang dito gamit ang aking binti na nakabukod, parang kapag bumaba ako sa kotse, nararamdaman ko ang isang mahinang sakit sa tuhod ko."
im feeling pleased and glad that other people like thaliad and want to celebrate it,1,joy,Masaya at nagagalak ako na iba pang tao ay nagugustuhan ang Thaliad at gustong ipagdiwang ito.
i would feel more environmentally friendly if i sold it,1,joy,Mas magiging eco-friendly ako kung ibebenta ko ito.
im feeling very hesitant about wanting to buy another house,4,fear,Nahihirapan akong magpasya kung bibili pa ba ako ng isa pang bahay.
i feel the eyes on me the hateful eyes on the other side of the glass that belong to the family members of my beautiful victims,3,anger,"Nararamdaman ko ang mga mata sa akin, ang mga mata ng galit sa kabilang panig ng salamin na pag-aari ng mga kamag-anak ng aking magagandang biktima."
i just feel like lex has convinced you that youre something that youre not martha said her eyes getting misty,1,joy,"Nararamdaman ko lang na pinaniwalaan ka ni Lex na ikaw ay isang bagay na hindi ka, sabi ni Martha, habang nagiging maulap ang kanyang mga mata."
i witness what i feel helpless to change i take up my arms my heart and my pen and i write,0,sadness,"Nakikita ko ang mga bagay na hindi ko kayang baguhin, kaya't aking kinuha ang aking mga sandata, ang aking puso, at ang aking panulat, at isinulat ko."
i feel when the super exciting sensory bombardment is over,1,joy,Nararamdaman ko kapag natapos na ang sobrang nakakakilig na pagsalakay ng mga pandama.
i have really notcied is my mental clarity like im finally beginning to wake up after years of a foggy brain and feeling lethargic,0,sadness,"Talagang napansin ko ang aking mental clarity, parang unti-unting nagigising ako matapos ang mga taon ng maulap na utak at pagod."
im feeling wildly supportive as i swallow my tension that every single other five year old i know of not only knows his letters but knows them backward,2,love,Nararamdaman kong sobrang suporta ang nararamdaman ko habang nilulunok ko ang aking kaba dahil bawat limang taong gulang na kilala ko ay hindi lamang nakakaalam ng kanyang mga titik kundi nakakaalam din nito pabaliktad.
i set out to make a copycat version of it saturday and i feel i was pretty successful,1,joy,Nagsimula akong gumawa ng kopya nito noong Sabado at sa tingin ko ay medyo matagumpay ako.
i sit here tonight i feel anxious,4,fear,"Nakaupo ako rito ngayong gabi, nararamdaman ko ang kaba."
i feel im miserable when i try to do other things,0,sadness,Nakakaramdam ako ng pagkabigo kapag sinusubukan kong gawin ang ibang bagay.
i have to move stop staring at the other ladies this doesn t feel good does it feel bad,1,joy,"Kailangan kong umalis, tigilan mo na ang pagtingin sa ibang babae, hindi ito maganda, hindi ba masama ang pakiramdam?"
i feel idiotic sifting through personals sites only nerve,0,sadness,"Nararamdaman kong tanga habang naghahanap sa mga personal ads, puro lang kaba."
im starting to feel and think as if i dont want to continue to pray for him anymore because its making me feel hopeless,0,sadness,Nagsisimula akong maramdaman at isipin na ayaw ko nang magdasal pa para sa kanya dahil ito'y nagpaparamdam sa akin ng kawalan ng pag-asa.
i have also been feeling completely overwhelmed and so incredibly unappreciated,4,fear,Nararamdaman ko rin ang ganap na pagod at sobrang kawalan ng pagpapahalaga.
i will be honest it did feel a little strange being in the company of such greatness,4,fear,"Magiging tapat ako, medyo kakaiba ang pakiramdam na nasa kumpanya ng ganoong kahusayan."
i suppose it s partly my fault for forgetting my earplugs but it s still really frustrating to feel like you re being permanently damaged for no apparent reason,0,sadness,"Siguro bahagi rin ang kasalanan ko dahil nakalimutan kong dalhin ang aking earplugs, pero nakakainis pa rin na parang permanente akong nasisira nang walang malinaw na dahilan."
i feel defeated extremely agitated as well as frustrated beyond words,0,sadness,"Napakaraming pagkatalo, sobrang galit at frustrasyon na hindi ko na maipaliwanag."
i feel like i ve already read every clever profile seen every picture and more importantly gone out on a first date with every guy on okc eharmony match etc,1,joy,"Parang nabasa ko na lahat ng matatalinong profile, nakita ko na lahat ng larawan, at higit sa lahat, nakasama ko na sa unang date ang bawat lalaki sa OKC, eHarmony, Match, atbp."
i normally would call meaningless and stupid but i guess im feeling a little bit adventurous,1,joy,"Karaniwan akong tatawagin itong walang kahulugan at bobo, pero siguro medyo nagiging mapangahas ako ngayon."
i feel spiteful toward him,3,anger,Nararamdaman kong may galit ako sa kanya.
i can make someone feel unwelcome rrreeaallyy fast without saying a word,0,sadness,Maaari kong paraan ang isang tao na hindi siya magkaroon ng pagtanggap nang napakalilisan nang hindi ko sasabihin ang kahit isang salita.
i was feeling discouraged and disgruntled and i was a href http tracifishbowl,0,sadness,"Nararamdaman kong nabigo at hindi masaya, at ako ay pumunta sa tracifishbowl."
i feel it is rude of me to ask,3,anger,Nararamdaman kong bastos ang aking itatanong.
i just do it to keep up with ian but really i feel shitty about it and wish i could just date ian,0,sadness,"Ginagawa ko lang ito para makasabay kay Ian pero totoo, masama ang pakiramdam ko tungkol dito at sana ay makasama ko na lang si Ian."
i continue to feel nervous inside and long to talk sensibly even just one time around someone its so wrong to have these feelings for on so many levels i have no clue,4,fear,"Patuloy akong nararamdaman ang kaba sa loob at gustong makipag-usap nang maayos kahit isang beses lamang sa isang tao. Mali na ang mga nararamdaman kong ito sa maraming antas, wala akong ideya."
im going to be honest with you i feel distraught,4,fear,"Magiging tapat ako sa iyo, nararamdaman kong malungkot at nababahala."
i feel this energy of the divine flame,1,joy,Nararamdaman ko ang enerhiya ng banal na apoy.
i feel thrilled this will all be over in a matter of days,1,joy,"Napakaganda ng pakiramdam, malapit nang matapos ang lahat sa loob lamang ng ilang araw."
i feel disturbed because of the world i saw through the camera s eyes,0,sadness,Nababahala ako dahil sa mundo na nakita ko sa pamamagitan ng mga mata ng kamera.
i like to watch people do horrible things so i can be outraged at them and feel superior,1,joy,Gustung-gusto kong panoorin ang mga tao habang ginagawa ang mga masamang bagay upang mairita ako sa kanila at makaramdam ng pagiging mas mataas.
i feel a little awkward about this but im going to share a poem with you,0,sadness,Nararamdaman kong medyo nahihiya ako dito pero ibabahagi ko sa inyo ang isang tula.
i feel hated by my parents,3,anger,Nararamdaman kong kinamumuhian ako ng aking mga magulang.
im feeling groggy and having a bad skin day,0,sadness,Nararamdaman kong antok at hindi maganda ang aking balat ngayon.
i feel your presence beloved,2,love,"Nararamdaman ko ang iyong presensya, mahal ko."
i never feel bad spending money on other people just when i spend it on myself,0,sadness,"Hindi ako nahihiya magastos para sa iba, basta't hindi ko ginagawa iyon para sa aking sarili."
i would spend hours prepping for the meeting with my supervisor and feeling convinced that i ve nailed it,1,joy,Magugugol ako ng maraming oras sa paghahanda para sa pulong kasama ang aking tagapangasiwa at tiyak na mapapaniwalaan kong naibigay ko ang aking pinakamahusay.
im sick of being dependent even partially so on someone that makes me feel so unwelcome,0,sadness,Nasasaktan ako sa pagiging bahagyang nakadepende sa isang tao na nagpaparamdam sa akin na hindi ako tinatanggap.
i still feel jealous of my friends when their moms talk politely with them,3,anger,Naiinggit pa rin ako sa mga kaibigan ko kapag maayos ang pakikipag-usap ng kanilang mga ina sa kanila.
i shook it off as we walked into the expansive beijing capital international airport feeling utterly un amused at the prospect of an international transfer in china,1,joy,"Tinanggihan ko iyon habang papasok kami sa malawak na Beijing Capital International Airport, pakiramdam ko'y lubos na hindi natutuwa sa posibilidad ng isang internasyonal na paglipat sa Tsina."
i was terrified that the revelation of my feelings would drive him away though he reassured me it wouldn t,1,joy,"Natatakot akong ihayag ang aking nararamdaman ay iiwan niya ako, bagama't kanyang siniguradong hindi iyon mangyayari."
i don t know i just had this gut feeling and it just really bothered me he said,3,anger,"Hindi ko alam, may nararamdaman lang akong kakaiba at talagang nakakabingi sa akin ang sinabi niya."
i feel glad for you,1,joy,Masaya ako para sa iyo.
im in a place right now where i feel safe and peaceful,1,joy,Nasa lugar ako ngayon kung saan ako nakaramdam ng ligtas at mapayapa.
i feel is most dangerous is people dismissing these disconnects and not considering them trials equal to the physical hardships of the revered pioneers,3,anger,"Ang pinakamapanganib, sa tingin ko, ay ang pagpapabaya ng mga tao sa mga pagkakaiba at hindi pagtingin sa kanila bilang mga pagsubok na katumbas ng pisikal na hirap ng mga iginagalang na mga nanguna."
i agree it looks gorgeous and feels amazing but i have only worn it out on the town one time on new years eve,1,joy,"Sumasang-ayon ako, maganda at nakakagaan ang pakiramdam nito, pero isinusuot ko ito palabas ng bahay lamang isang beses, noong New Year's Eve."
i used to share my feeling and thought all to my lovely roomates shermin and joey,2,love,"Dati, ibahagi ko ang aking damdamin at mga iniisip kay Shermin at Joey, ang aking mga mahal na kakambal sa silid."
i surmise that after i have made myself sick one too many times on take out and sitcom re runs that i will come around again into feeling dissatisfied with a stationary life without much forward motion,3,anger,"Akala ko, pag-uulit ko nang pag-uulit na magkasakit dahil sa mga pagkain sa labas at paulit-ulit na palabas sa telebisyon, babalik ako sa pakiramdam na hindi nasiyahan sa isang buhay na hindi gumagalaw nang malaki."
i feel that the only acceptable solution is to replace this brush with its rightful mac predecessor,1,joy,Nararamdaman kong ang tanging katanggap-tanggap na solusyon ay palitan ang sipilyong ito ng karapat-dapat nitong hinalinhan mula sa Mac.
i just feel like its rude,3,anger,Parang bastos lang ang pakiramdam ko.
i feel like my life has become rather dull it lacks excitement but i feel next year will be different,0,sadness,"Parang nawawala na ang saya sa buhay ko, kulang na ang saya at kilig, pero sa susunod na taon, baka magbago na."
i bought into what the world had told me would fill this emptiness but all it did was leave me lonely feeling confused at the emotional baggage and physical consequences i never expected,4,fear,"Bumili ako ng paniniwala sa mga sinabi ng mundo na magpapalaya sa aking kawalan, ngunit ang nagawa lamang nito ay iwan akong nag-iisa, nalilito sa mga emosyonal na pasanin at pisikal na bunga na hindi ko inaasahan."
i think im allowing myself to feel this way because im not heartbroken,0,sadness,"Iniisip ko, pinapayagan ko ang sarili kong maramdaman ito dahil hindi ako nasasaktan ng ganito."
i know whos interested in renaissance and baroque art i can relate with jamie because she like feels tender towards everything and thinks that inanimate objects have feelings,2,love,"Alam kong sino ang interesado sa Renaissance at Baroque art, makaka-relate ako kay Jamie dahil parang may kahinaan siya sa lahat ng bagay at naniniwala na may damdamin ang mga walang buhay na bagay."
i wanted to write and feel purged of those repressed feelings,0,sadness,Gusto kong sumulat at maramdaman ang paglilinis mula sa mga pinipigilang damdamin.
i got on and was nervous feeling very timid and shy but after a while we were talking like weve known each other our whole lives,4,fear,"Sumakay ako at naramdaman ang kaba, napakahiyang-hiya ko, pero pagkaraan ng ilang sandali, parang matagal na kaming magkakilala at nag-uusap na parang magkaibigan."
i feel that if he hadnt appeared out of nowhere and distracted me i would have noticed the light change and none of this would have happened,3,anger,"Nararamdaman kong kung hindi siya lumitaw bigla at nagdistract sa akin, mapapansin ko sana ang pagbabago ng ilaw at hindi sana ito nangyari."
ive realized over the last few months that i generally tend to feel tremendously dissatisfied after having sex with him,3,anger,Napagtanto ko sa nakalipas na ilang buwan na kadalasan ay nararamdaman kong lubos na hindi nasiyahan pagkatapos makipagtalik sa kanya.
i feel rather pissed off,3,anger,Napaka-inis ko.
i am tied down to my thoughts in class as in life i cant perform i feel ashamed and afraid to be in myself,0,sadness,"Nakakadena ako sa aking mga iniisip sa klase gaya ng buhay, hindi ako makapagganap, nahihiya at natatakot akong maging ako mismo."
i was feeling ok it would be fun to drive over to dunstable and stand in a field for an hour or so watching people try and drive preposterous motors up grass slopes thats trialling,1,joy,"Masaya ako, baka masaya rin pumunta sa Dunstable at manood ng isang oras ng mga tao na sinusubukan magmaneho ng kakaibang sasakyan sa mga burol ng damo, parang isang pagsubok iyon."
i mean its beginning marks the end to one of the best months of the year which im left feeling exhausted from,0,sadness,"Ibig sabihin, ang simula nito ay nagmamarka ng wakas sa isa sa pinakamagandang buwan ng taon, na iniwan akong pagod."
i feel so carefree i never think of the crap going on in my life,1,joy,"Nararamdaman kong sobrang malaya ako, hindi ko iniisip ang mga problema sa buhay ko."
i feel that everyone is entitiled to their opinion and that opinion should be respected,1,joy,Nararamdaman kong karapat-dapat ang bawat isa sa kanilang opinyon at dapat itong igalang.
i got contact lenses the other day and am trying to get used to them i feel like my face looks really weird without glasses and its so strange when i see myself from a distance,4,fear,Nakakuha ako ng contact lenses kamakailan at sinusubukan kong mag-adjust. Parang kakaiba ang itsura ng mukha ko nang walang salamin at kakaiba rin ang pakiramdam kapag nakikita ko ang sarili ko mula sa malayo.
i feel like i am doomed to spend the rest of my life in customer service i,0,sadness,Parang tadhana kong gugulin ang natitirang buhay ko sa serbisyo sa kliyente.
i still have that feeling to you until now ya the feeling to loving you,2,love,"Mayroon pa rin akong nararamdaman para sa iyo hanggang ngayon, ang pakiramdam na mahal kita."
i find that i cant do as much as i used to do without feeling exhausted,0,sadness,Natutuklasan kong hindi ko na kayang gawin ang dati kong ginagawa nang hindi ako napapagod.
i feel very optimistic about everything at this moment,1,joy,"Napakabuti ng aking pakiramdam ngayon, puno ako ng pag-asa para sa lahat ng bagay."
i said im only pages and this book feels so tortured and you can really feel the pain of the characters,4,fear,"Sinabi ko na ako'y mga pahina lamang, at ang aklat na ito ay tila lubhang nagdurusa, at tunay na mararamdaman mo ang sakit ng mga tauhan."
ive been feeling like i cant put a lot into this because hes not caring about it anyway,2,love,Nararamdaman kong hindi ko na masyadong maibibigay ang aking lahat dahil hindi naman siya nagpapahalaga rito.
i was well and feeling a bit of cabin fever i unwisely convinced spooky to take me to a matin e screening of scott stewarts legion,1,joy,"Mabuti ang aking kalagayan at medyo nakaramdam ng pagkabagot sa loob ng bahay kaya't hindi matalino kong pinaniwala si Spooky na dalhin ako sa haponang palabas ng ""Legion"" ni Scott Stewart."
i like to pray a decade whenever im feeling stressed or scared,3,anger,Gustung-gusto kong manalangin ng isang dekada kapag nararamdaman kong stressed o natatakot.
i am just waking up with not nearly enough sleep and feeling dazed,4,fear,"Gising lang ako, kulang sa tulog at parang naliligaw ang isip."
im referring to a comment in the pattern right now not feeling that divine really since i probably was born with a set of dpns in my hands,1,joy,"Tumutukoy ako sa isang komento ngayon, hindi ko nararamdaman ang diyos-diyosan dahil marahil ay ipinanganak akong may hanay ng dpns sa aking mga kamay."
i kept thinking about how awesome i would feel afterwards remembering how amazing i felt after my emotional spin class the previous night,4,fear,"Lagi kong iniisip kung gaano kaganda ang pakiramdam ko pagkatapos, naaalala ko kung gaano ako kahanga-hanga noong nakaraang gabi sa aking emosyonal na klase ng pagbibisikleta."
i feel vicious and sleepy,3,anger,Nararamdaman kong masama at antok.
i feel like an ass saying that since my sweet sister has gone through quite possibly the worst year of her life at the same time,1,joy,Parang tanga akong magsalita nito dahil nakaranas ang aking matamis na kapatid ng marahil pinakamasamang taon sa kanyang buhay noong panahong iyon.
i feel damaged from just witnessing it,0,sadness,Nasasaktan ako dahil lamang sa pagmamasid dito.
i say that i feel like im hated,3,anger,Sinasabi ko na parang kinamumuhian ako.
i am a happily married man shows me his wedding ring and i swear i am not hitting on you but i just feel this sweet energy from you like i know you but i dont know you right,1,joy,"Ako ay isang masayang may-asawang lalaki, tingnan mo ang aking singsing pangkasal, at pangako, hindi kita nilalapitan sa ganitong paraan, pero nararamdaman ko itong matamis na enerhiya mula sa iyo, parang kilala kita pero hindi kita nakikilala."
i took a day off which is so unusual for me i almost feel naughty,2,love,"Kinuha ko ang isang araw ng pahinga na talagang kakaiba para sa akin, halos maramdaman kong may kasalanan."
i haven t done it in a couple years and now i feel like i m at a place where i hated it when i was doing it but i wish i could do it again,3,anger,Hindi ko na ito ginagawa nang ilang taon at ngayon nararamdaman kong nasa punto na ako kung saan ayaw ko ito noon habang ginagawa ko ito ngunit sana ay magawa ko ulit ito.
i hope that you are all feeling festive and keeping warm,1,joy,Sana'y lahat kayo ay nakakaramdam ng kasiyahan at mainit ang inyong pakiramdam.
i never want to be rude even when i feel someone has been rude to me and even then i don t want to i feel like i need to like if i don t crush the offender thoroughly i will be left in tears in front of everyone because i am so sensitive,3,anger,"Ayaw kong maging bastos kahit na nararamdaman kong bastos din ang isang tao sa akin, at kahit noon ayaw ko pa rin. Parang kailangan kong parang kung hindi ko lubos na sirain ang nagkasala, iiyak ako sa harap ng lahat dahil sobrang sensitibo ko."
i feel my repressed emotions surfacing im glad for the solace i can seek in my writing,0,sadness,"Nararamdaman kong lumalabas na ang aking pinipigilang emosyon, at masaya ako dahil may mapagkukunan akong ginhawa sa aking pagsusulat."
i am feeling like i have more energy and loving every minute of it,2,love,Nararamdaman kong mayroon akong mas maraming enerhiya at nasisiyahan ako sa bawat sandali nito.
i feel stupid about my diamond richie mix up,0,sadness,Nararamdaman kong tanga dahil sa pagkakamali ko tungkol sa Diamond Richie.
i love taylor swift because she has so many inspiring song and her song always represent what i feel and she is so damn gorgeous and she is very nice to her fans,1,joy,"Mahal ko si Taylor Swift dahil maraming inspirasyong kanta siya at lagi niyang kinakatawan ang nararamdaman ko, at sobrang ganda niya at mabait siya sa kanyang mga fans."
i was pretty tired feeling a little homesick and not at all in the mood to mingle,0,sadness,"Napakasakit ng pakiramdam ko, medyo pagod at may kaunting pag-aampon ng tahanan, at wala akong gana makipag-usap sa iba."
im great at complaining because modern society is geared toward making people feel inadequate,0,sadness,Mabuti akong mag reklamo dahil ang modernong lipunan ay nakatuon sa pagpapakitang kulang ang mga tao.
i am still feeling pretty lousy from this allergy induced stupor so last night i just was not really feeling wildstar and interacting with other human beings,0,sadness,"Parang hindi pa rin ako maayos dahil sa allergy-induced stupor kaya kagabi, hindi ko talaga naramdaman ang Wildstar at makipag-ugnayan sa ibang tao."
i feel even more bothered because here i am being bothered by this when the boy probably isn t even thinking about this,3,anger,"Mas lalong nababahala ako dahil nandito ako, inaalalahanin ito habang malamang hindi nga iniisip ng batang ito."
i hate being selfish but i gotta admit i feel so depressed about it,0,sadness,"Ayaw kong maging makasarili pero kailangan kong aminin, sobrang nalulungkot ako dahil dito."
i can truly empathize with your feelings of failure and discontent i would challenge you to re focus that energy in order to gear up for the next cycle,0,sadness,"Tunay akong nakakaunawa sa iyong nararamdaman na pagkabigo at kawalan ng kasiyahan, at hahayaan kitang muling ituon ang iyong enerhiya upang maghanda para sa susunod na yugto."
i don t feel comfortable doing it is what i m trying to say,1,joy,"Hindi ako komportable sa paggawa nito, iyon ang sinusubukan kong sabihin."
im which turned out to be easy yummy and made me feel very clever as i was able to make sandwiches and soup out of the leftovers like my mum,1,joy,"Ako naman, na pala madali, masarap, at pakiramdam ko'y napakatalino dahil nakagawa ako ng mga sandwich at sopas mula sa mga natira gaya ng ginagawa ng nanay ko."
i had awesome workouts and feeling amazing,1,joy,Nagkaroon ako ng kahanga-hangang pagsasanay at nararamdaman kong kahanga-hanga.
i wanted to feel like i could depend on you and put in ur care and dare i say tender hands some of the things i hold dear u like a winter never seen in these lands became so cold,2,love,"Gusto kong maramdaman na mapagkakatiwalaan kita at ipagkatiwala ang mga mahal ko sa iyo, at baka nga sa iyong mga mahinahong kamay. Ngunit ikaw, tulad ng isang taglamig na hindi pa nakikita sa ating lupain, ay naging napakalamig."
i didn t even think i was the type of person that could feel homesick,0,sadness,Hindi ko nga akalaing ako'y isang taong maaaring makaramdam ng pag-uulila sa tahanan.
i grabbed him by the collar and pulled him against me in a passionate tonguey kiss feeling his long member slide between my waiting ass cheeks as it pulsed on the frantic bud of my clit,4,fear,"Dinampot ko siya sa kwelyo at hinila siya palapit sa akin sa isang mainit at masiglang halik, nararamdaman ang kanyang mahabang ari na dumadaan sa pagitan ng aking naghihintay na puwet na pisngi habang ito'y tumitibok sa mabilis na bud ng aking klitoris."
i knew i have this feeling but i ignored it,0,sadness,Alam kong nararamdaman ko ito ngunit inignore ko.
i feel out of place posting here since i feel so hesitant to join aa full force but i could use some insight from the people on the inside,4,fear,"Nararamdaman kong hindi ako nababagay mag-post dito dahil medyo nahihiyang sumali nang buong-buo, pero kailangan ko ng ilang pananaw mula sa mga nasa loob."
i feel isolated as a stay at home mum shonas story notes d athe only negative for me is that i feel isolated as a stay at home mum,0,sadness,"Nararamdaman kong nag-iisa bilang isang nanay na nasa bahay, gaya ng kwento ni Shona. Ang tanging negatibong nararamdaman ko ay ang pakiramdam na nag-iisa bilang isang nanay na nasa bahay."
i diabetes and clinical depression and put right the record on my abstinence from alcohol for over eight years i feel more calm and listened to by the specialists,1,joy,"Mayroon akong diabetes at klinikal na depresyon, at gustong itama ang tala tungkol sa aking pag-iwas sa alak nang mahigit walong taon. Nararamdaman kong mas kalmado at nakikinig ang mga espesyalista sa akin."
i really feel cute when i wear them,1,joy,Talagang nakakakilig ako kapag suot ko sila.
i feel i am being neglectful to a lot of you by not responding to your comments,0,sadness,Nararamdaman kong hindi ko kayo nabibigyan ng sapat na pansin dahil hindi ako nakakapag-reply sa inyong mga komento.
i am feeling pretty sad because it looks like i wont be able to plant my tomato garden this year,0,sadness,Malungkot ako dahil mukhang hindi ko magagawang itanim ang aking hardin ng kamatis ngayong taon.
im sitting on the couch thinking about how miserable i feel from indulging in too much delicious food,1,joy,"Nakaupo ako sa sopa, iniisip kung gaano ako kasakit dahil sa sobrang pagkain ng masarap na pagkain."
i feel so idiotic for letting you and myself call us best friends,0,sadness,Nararamdaman kong napakabobo ko dahil pinayagan kitang tawagin akong pinakamahusay mong kaibigan at ginawa ko rin ang parehong bagay.
i feel much alarmed at the prospect of seeing general jackson president,4,fear,Lubos akong nababahala sa posibilidad na si General Jackson ang maging pangulo.
i either feel like crap about myself all day and try to make up for it the rest of the day and am exhausted,0,sadness,"O kaya naman ay parang sira ang araw ko at sinusubukan kong ayusin ang lahat ng natitira, at pagod na pagod na ako."
i am feeling very thankful and relieved,1,joy,Napakasaya at nakakapreskong pakiramdam ko.
i am feeling quite anxious about it all,4,fear,Napakabigat ng aking kaba tungkol dito.
i feel that he s really shy with his feelings because as he talked about how he felt what happened during the trip he was really nervous and i appreciate the effort to say all of that by the way,4,fear,"Nararamdaman kong talagang nahihiya siya sa kanyang mga nararamdaman dahil noong pinag-usapan niya kung paano siya nakaramdam tungkol sa nangyari sa biyahe, talagang kinakabahan siya at pinahahalagahan ko ang pagsisikap niyang sabihin lahat ng iyon."
i feel slightly weepy about this milestone and a lot happy,0,sadness,"Nararamdaman kong medyo malungkot dahil sa pagtatapos na ito, ngunit sobrang saya ko rin."
i seem to remember feeling very contented,1,joy,Parang naaalala ko na sobrang kontento ako noon.
ive basically been cold calling companies with very little success which is why ive been feeling depressed from getting discouraged,0,sadness,halos puro tawag lang ako sa mga kompanya na halos walang resulta kaya nabibigo at nalulungkot ako.
i am so fucking sick its not funny my head feels like its going to explode my sinuses are aching my stomach is feeling sloshy im not sure if thats good,0,sadness,"Napaka-sakit ko na, hindi na nakakatawa. Parang paputok ang ulo ko, masakit ang mga sinus, at parang may nilulunok sa sikmura ko. Hindi ko alam kung mabuti ba iyon."
ive been resting and feeling generally unpleasant and queasy but in that frustrating background way where you dont feel right but cant place an exact cause,0,sadness,"Nagpapahinga ako at nararamdaman ang pangkalahatang hindi maganda at pagsusuka, ngunit sa nakakainis na paraan kung saan hindi ka nararamdaman nang tama ngunit hindi mo matukoy ang eksaktong dahilan."
i am feeling jealous i remind myself of this story and it keeps me on the path to better living,3,anger,"Nararamdaman kong mainggit ako, ngunit binabalik ko ang aking isipan sa kwentong ito at ito'y patuloy na nagtuturo sa akin ng daan tungo sa mas mabuting pamumuhay."
i feel so honoured so have been allowed to write my story and,1,joy,Nararamdaman kong lubos na karangalan na payagang isulat ang aking kwento at
i achieved was deepening my realization that i need to plan ahead to feel satisfied and avoid making silly food choices,1,joy,Nakamit ko ang pag-unlad ng aking pag-unawa na kailangan kong magplano nang maaga upang maramdaman ang kasiyahan at maiwasan ang mga walang kabuluhang pagpipilian sa pagkain.
ive had my ass handed to me by murt and im starting to feel fucked but just a little,3,anger,"Binagsak ako ni Murt at simula nang mag-aalinlangan ako, pero konti lang."
i feel extremely discontent right now,0,sadness,Napakasakit ng aking nararamdaman ngayon.
i realized i was a total idiot and forgot clarinet choir making me feel even more idiotic and stupid then i already was,0,sadness,"Napagtanto ko na tunay akong bobo at nakalimutan ang ensayo ng clarinet choir, na ginagawa akong mas bobo at tanga pa kaysa dati."
ive been feeling homesick for several months probably since christmas,0,sadness,"Nakaramdam ako ng pag-uwi sa tahanan nang ilang buwan, marahil simula noong Pasko."
i stropped about for a bit feeling grumpy because i was missing out,3,anger,"Nag-ikot-ikot ako saglit, parang may sama ng loob dahil hindi ako nakakasama."
i am never happy for the things i do have i feel so ungrateful for that,0,sadness,"Hindi ako kailanman masaya sa mga bagay na meron ako, parang hindi ako nagpapasalamat."
i wanna know how does it feel being pretty and every guys love me,1,joy,Gusto kong malaman kung paano ang pakiramdam na maganda at mahalin ng lahat ng lalaki.
i feel completely inadequate and unable to express any of it in words,0,sadness,Nararamdaman kong lubos akong hindi sapat at hindi kayang ilahad ang lahat ng ito sa mga salita.
i like your t shirt can achieve that and instill a sense of making the customer feel valued as a person but such comments should be sincere,1,joy,"Gustung-gusto ko ang iyong t-shirt, kaya naman magagawa natin iyon at magdulot ng pakiramdam na pinahahalagahan ang customer bilang isang tao, ngunit dapat tunay ang mga ganitong komento."
i disinterested but when i do read it i leave off feeling inadequate,0,sadness,"Hindi ako interesado, ngunit kapag nabasa ko ito, naiwan akong pakiramdam na kulang."
i feel like a treasured prize,2,love,Parang mahalagang premyo ako.
i kept staring at her quivering flower feeling that it was like a violent flower in time lapse photography a flower shivering with vigorous growth as it accelerated out to the flickering sun racing sky heralding the end of our relationship before it had even started,3,anger,"Patuloy akong nakatingin sa kanyang kumakabog na bulaklak, parang isang mapangahas na bulaklak sa time-lapse photography, isang bulaklak na nanginig sa matinding paglaki habang ito ay tumatakbo patungo sa kumikislap na araw at langit, nagpapahayag ng wakas ng ating relasyon bago pa man ito magsimula."
i feel devastated for a young man,0,sadness,Napakasakit para sa isang batang lalaki.
i thought about it a lot this weekend because i watched the fault in our stars which is about two kids who have cancer so that made me feel really weird and anxious,4,fear,Naisip ko ito nang husto ngayong weekend dahil nanood ako ng The Fault in Our Stars na tungkol sa dalawang bata na may kanser kaya nagkaroon ako ng kakaibang pakiramdam at nag-alala.
i really do feel it is beaten into us to breastfeed,0,sadness,Tunay na nararamdaman kong pinipilit sa atin ang pagpapasuso.
i am feeling fairly contented,1,joy,Nararamdaman kong medyo kontento.
i guess sometimes you arent aware of your true feelings until a playful kiss exposes them,1,joy,Siguro minsan hindi mo namamalayan ang tunay mong nararamdaman hanggang sa isang biro-biro pang halik ang ilabas iyon.
ive had a long road of that initially feeling like i was being rude for turning down food that was made brought for me and sometimes eating stuff because it was gluten free and looked delicious even if it maybe wasnt what i felt good about eating some really mediocre wedding cake for example,3,anger,"Matagal ko nang naranasan ang ganitong sitwasyon, na parang masama ang loob ko kapag tumatanggi sa pagkain na inihanda para sa akin, at minsan kumakain ako kahit hindi gluten-free at hindi naman talaga gusto kong kainin, tulad ng isang medyo pangit na wedding cake."
i am sitting here typing this and wondering where i belong feeling distracted feeling comfortable feeling misunderstood and hurt,3,anger,"Nakaupo ako rito, nagtatype nito at nagtatanong kung saan ako nababagay, nararamdaman ang pagkalito, ang kaginhawahan, ang pagkabigong maunawaan, at ang sakit."
i feel burdened by my own expectations,0,sadness,Nabibigatan ako ng aking sariling inaasahan.
i was still feeling weird about the day before,4,fear,Parang hindi pa rin ako mawala sa kakaibang pakiramdam noong nakaraang araw.
im feeling indecisive about what to do,4,fear,Hindi ako mapagdesisyon kung ano ang gagawin.
i were i probably wouldn t be saddled with all this guilt and feeling like i should be doing these things instead of pissing about doing highly unimportant things,0,sadness,"Kung ako'y nasa ibang sitwasyon, malamang hindi ako mabibigatan ng ganitong kasalanan at hindi ko mararamdaman na dapat akong gumawa ng iba kaysa sa pag-aksaya ng oras sa mga hindi gaanong mahalagang bagay."
i feel bad calling it mere book or story is six individual stories nestled together,0,sadness,Masama pakiramdam ko tawagin itong simpleng aklat o kwento dahil ito'y anim na magkahiwalay na kwento na nakasama.
i was also given several shiny presents because my friends are really rather cool i actually prefer late birthday presents to early ones as it extends the period of feeling beloved significant segments of all and sundry and is more unexpected,1,joy,Binigyan din ako ng ilang makinang na regalo dahil tunay na mga cool na kaibigan ko. Mas gusto ko nga ang mga regalo sa kaarawan na ibinibigay nang huli kaysa maaga dahil pinapahaba nito ang panahon ng pagiging minamahal ng lahat at mas nakakagulat.
i am feeling nostalgic more than anything,2,love,Mas nakakaramdam ako ng nostalgia kaysa sa iba pang emosyon.
i might be able to recreate the feeling when i get back into the cold fog that awaits me tomorrow night,3,anger,Maaaring maibalik ko ang pakiramdam kapag bumalik ako sa malamig na ulap na naghihintay sa akin bukas ng gabi.
i spend my energy making the world i live in a better place and do everything in my power not to kick people or feel superior to others who dont have the same challenges as myself,1,joy,"Ginugugol ko ang aking enerhiya sa paggawa ng aking mundo, ang aking tahanan, na mas mabuti at ginagawa ko ang lahat ng aking makakaya upang hindi saktan ang mga tao o maramdaman ang aking pagiging mas mataas kaysa sa mga taong hindi nakakaranas ng mga parehong hamon tulad ko."
i didn t feel very faithful at that point,1,joy,Hindi ako gaanong tapat noon.
i feel its a reminder that im taking care of something so precious and need to treat myself better,1,joy,Nararamdaman ko itong isang paalala na ako ay nag-aalaga ng isang bagay na napakaganda at kailangan kong pakitunguhan ang aking sarili nang mas mabuti.
i had really felt quite good and safe about having the baby at home although there are always risks but i still feel blessed about how everything turned out,2,love,"Naramdaman ko talaga ang pagiging mabuti at ligtas sa pagsilang ng sanggol sa bahay kahit na may mga panganib, ngunit ako'y nagpapasalamat pa rin sa kung paano lahat ng bagay ay naganap."
i feel like i can trust my faithful blogstalkers,2,love,Nararamdaman kong maaasahan ko ang aking tapat na mga tagasunod sa blog.
i was battling the desire to move away from her not wanting to be rude but seriously feeling disturbed by her nearness,0,sadness,"Naglalaban ako sa aking pagnanais na lumayo sa kanya, ayaw kong magmukhang bastos ngunit tunay na nababahala sa kanyang paglapit."
i feel like i am despised,3,anger,Parang iniisip nila akong pinagmumuraan.
i feel like i am gaining strength quickly and could probably start to ease back into running now but i am pretty much scared silly,4,fear,"Nararamdaman kong mabilis akong nakakakuha ng lakas at marahil ay maaari nang unti-unting bumalik sa pagtakbo, ngunit natatakot ako nang husto."
i think lunch sounds datey and coffee feels casual,1,joy,"Akala ko, mas date-like ang tanghalian at mas casual ang kape."
i am feeling a little overwhelmed but ive been given some amazing tools met some wonderfully creative fun and crazy people and was reminded that i have a voice that has been silent for too long,4,fear,"Nararamdaman ko ang kaunting pagod pero binigyan ako ng mga kamangha-manghang kasangkapan, nakilala ang mga napakagaling, malikhain, masaya, at kakaibang tao, at naalala kong may tinig ako na matagal nang tahimik."
i would have taken more but something feels weird about going to a foreign country and taking pictures of places and things that most of the people probably consider commonplace,4,fear,"Gusto kong kumuha pa ng marami, pero may kakaibang pakiramdam akong nararamdaman sa pagpunta sa ibang bansa at pagkuha ng litrato ng mga lugar at bagay na malamang itinuturing na pangkaraniwan ng karamihan."
i gave my honest opinion revis told reporters in the jets locker room adding i feel that people let him slide when he says smart remarks on certain things,1,joy,"Ibinigay ko ang aking tapat na opinyon, sinabi ni Revis sa mga reporter sa locker room ng Jets, at idinagdag niya, ""Nararamdaman kong pinapakalusot ng mga tao ang kanyang mga matatalinong komento tungkol sa ilang bagay."""
i have a feeling im going to get an unpleasant comment anyway,0,sadness,May kutob akong makakatanggap ako ng hindi magandang komento pa rin.
i always won the dance contests when i went there and that was such a great feeling to have everybody watch you and to know that you entertained them,1,joy,Lagi akong nananalo sa mga paligsahan sa sayaw kapag pumupunta ako doon at sobrang maganda ang pakiramdam na pinapanood ka ng lahat at alam mong nag-een-tertain ka nila.
i feel the weight of my single dom pulling me under like a dangerous rip tide that is relentlessly surrounding every inch of my body,3,anger,Nararamdaman ko ang bigat ng aking solong dom na hinuhubog ako pababa gaya ng mapanganib na agos na walang humpay na nakapalibot sa bawat bahagi ng aking katawan.
i feel fucked,3,anger,Nararamdaman kong nabigo ako.
i woke up this morning feeling alittle disappointed i logged onto a href http calvaryccv,0,sadness,"Gumising ako kaninang umaga na medyo nabigo, nag-log in ako sa CalvaryCCV."
i feel rather stressed for the preparations for prom night,3,anger,Nararamdaman kong medyo stressed dahil sa mga preparasyon para sa prom night.
i feel anger and love and failure i totally dont get an a in mothering friends and grief and loss and captivity and wonder and awe cannot be ignored,0,sadness,"Nararamdaman ko ang galit, pag-ibig, at kabiguan. Hindi ko lubos na nauunawaan ang pagiging isang mabuting ina, mga kaibigan, at ang kalungkutan, pagkawala, pagkabihag, pagtataka, at pagkamangha na hindi maikakaila."
i am not even sure how to formulate my thoughts since i just put it down and am feeling slightly overwhelmed,4,fear,Hindi ko nga alam kung paano ko ipapahayag ang aking mga iniisip dahil inilabas ko na lang ito at medyo nalulungkot ako.
i look normal even when i feel terrible and it really is hard to hear someone say oh you look so good,0,sadness,"Mukha akong normal kahit na masama ang pakiramdam ko at talagang mahirap pakinggan ang sinasabi ng iba na ""Oh, mukhang mabuti ka."""
i feel your suffering reflects just a fraction of my own suffering,0,sadness,Nararamdaman ko na ang iyong pagdurusa ay isang maliit na bahagi lamang ng aking sariling pagdurusa.
i can t help but feel troubled by this,0,sadness,Hindi ko mapigilan ang mag-alala tungkol dito.
i feel that my beloved nakahara mai would voice her nicely,2,love,Nararamdaman kong sasabihin ng aking mahal na Nakahara Mai ang kanyang mga saloobin nang maganda.
i was mightily nervous given that i crashed and burned at this point last time and i still remember feeling shocked at how hard i found the x second runs,4,fear,Lubos akong kinakabahan dahil nabigo ako nang husto sa puntong ito noong nakaraang pagkakataon at natatandaan ko pa ang pagkagulat ko sa pagiging mahirap ng mga x segundo na takbo.
i wasnt sure companies would be hiring this time of year but i am again feeling hopeful,1,joy,Hindi ko sigurado kung mag-a-hire ang mga kompanya ngayong panahon ngunit muli akong nakaramdam ng pag-asa.
i remember as a child feeling totally scandalized and outraged when i found out that girls didnt play in the nfl,3,anger,"Naalala ko noong bata pa ako, sobrang scandalized at outraged ako nang malaman kong hindi naglalaro ng football ang mga babae sa NFL."
im not feeling fantastic is that i havent actually taken any time to rest,1,joy,Hindi ako gaanong maganda ang pakiramdam dahil hindi ako nakakapagpahinga nang maayos.
i read other peoples posts there are moments where i feel id give my left fingernail to be them my left fingernail is precious because its the only one i can polish perfectly out of the,1,joy,"Binabasa ko ang mga post ng iba, may mga sandali akong nadarama na ibibigay ko ang aking kaliwang kuko para lang maging sila. Mahalaga ang aking kaliwang kuko dahil ito ang tanging maayos kong mapagpipinta."
i don t really feel like doing much but maybe something gentle,2,love,"Hindi ko talaga nararamdaman na gawin ang marami, pero baka may magaan na gawain."
i feel angry im happy,3,anger,"Galit ako, masaya ako."
i feel like i m witnessing the birth of a really amazing dm,1,joy,Nararamdaman kong nakakasaksi ako ng kapanganakan ng isang tunay na kahanga-hangang DM.
i feel like this was kind of a melancholy post with all my talk about anti love and fears,0,sadness,Parang malungkot ang post na ito dahil sa aking pag-uusap tungkol sa anti-love at takot.
death of grandmother,0,sadness,kamatayan ng lola
i seem to be feeling a little less anxious this week but i sure wish that i could check on her every week at the doctor instead of the that are scheduled,4,fear,Parang medyo bumababa ang aking pag-aalala ngayong linggo ngunit sana ay makapunta ako sa doktor para tignan siya tuwing linggo sa halip na sa mga iskedyul na iyon.
i had a feeling you were in need of a gorgeous envy,1,joy,Naramdaman kong kailangan mo ng isang magandang bagay na ikagagalit ng iba.
i feeling confused with my life and want to know why my life,4,fear,Nararamdaman kong nalilito sa buhay ko at gustong malaman kung bakit ganito ang buhay ko.
i keep coming back to it but it feels awfully selfish of me to feel this low this negative when there are so many in far worse positions than i,3,anger,"Uulit-ulit akong bumalik dito, pero parang napakasungal ko na maramdaman ang ganitong kalumbay at negatibo habang marami ang nasa mas mahirap na kalagayan kaysa sa akin."
i think this feeling is fro trusting in god and sometimes its just apathy,1,joy,"Sa tingin ko, ito'y damdamin ng pagtitiwala sa Diyos at minsan ay kawalan lamang ng malasakit."
i woke up today feeling pissed off,3,anger,Nagising ako ngayon na galit.
i wanted both but i feel greedy,3,anger,Gusto ko pareho pero parang makasarili ako.
i feel any team pretty dangerous in playoffs york left wing ruslan fedotenko notes said,3,anger,"Nararamdaman kong mapanganib ang anumang koponan sa playoffs, sabi ni Ruslan Fedotenko, kaliwang pakpak ng New York."
im feeling very blessed to live in a state with such beautiful sights like virginia has,1,joy,Napakaligaya ko na nakatira sa isang estado na may magagandang tanawin tulad ng Virginia.
i concentrated on the smell i started feeling it and knew it was the nostalgic aroma of my grand mother s home back in bhubaneswar orissa,2,love,"Pinagtuunan ko ng pansin ang amoy, unti-unting naramdaman ko ito at napagtanto na ang makulay na bango ay mula sa tahanan ng aking lola sa Bhubaneswar, Orissa."
i personally feel is a massively talented actor is chris evans captain america,1,joy,"Sa aking palagay, si Chris Evans, ang Captain America, ay isang napakalaking talento sa pag-arte."
i guess it makes me feel more appreciative being able to live life,1,joy,"Siguro, mas nagpapasalamat ako dahil nabubuhay ako."
i tend to stop breathing when i m feeling stressed,3,anger,Nasasakal ako sa hininga kapag stressed ako.
i seriously considered pulling the offer and i was feeling that we rushed into it all too quickly,3,anger,Talagang isinasaalang-alang kong i-withdraw ang alok at nararamdaman kong nagmadali tayo rito.
i feel empty inside like all my light has been drained,0,sadness,"Nararamdaman kong walang laman ang loob ko, parang nawala na ang lahat ng liwanag ko."
i feel weird with just his perfect day of worry free lazy junk food and video games,4,fear,"Nakakakaba sa akin na puro perpektong araw niya ng walang alalahanin, tamad, junk food, at video games."
im feeling less than thrilled about having to go back to my second choice donor now that mr,1,joy,Hindi ako masyadong nasisiyahan na kailangan kong bumalik sa aking pangalawang pagpipilian na donor ngayon na si Mr.
i wanted to not feel frightened anymore,4,fear,Gusto kong hindi na matakot.
i looked at my son run up was rubbish dad your step was shocking where were your arms i smiled at him seasons best though i said feeling a tad foolish and i still had two jumps left ground swallow me now,0,sadness,"Tiningnan ko ang anak kong tumakbo, "" basura, Tatay! Ang hakbang mo'y nakakagulat! Nasaan ang mga kamay mo?"" Ngumiti ako sa kanya, ""Bagong panahon pa rin naman,"" sabi ko, na parang medyo nababastos, ""at dalawang talon pa ang natitira sa akin.""  ""Lumapit na lang ang lupa at kainin na ako ngayon."""
i feel cdm flac custodes title alibi how much i feel cdm flac custodes download this in super speed resume support with premium account img src http i,1,joy,Nararamdaman ko ang cdm flac custodes title alibi kung gaano ko kamahal ang cdm flac custodes download ito sa super bilis ipagpatuloy ang suporta gamit ang premium account img src http i
i feel tortured because i am not allowed to enjoy food the way my friend can,3,anger,Nasasaktan ako dahil hindi ako pinapayagang mag-enjoy ng pagkain gaya ng aking kaibigan.
i am feeling so proud that philippines is ought to called a emerging asian tiger this is how the prime minister of canada describe of the economy of the philippines it is definitely rising,1,joy,"Napakaganda ng pakiramdam na ang Pilipinas ay tinatawag na isang lumalaking tigre ng Asya, gaya ng paglalarawan ng Punong Ministro ng Canada sa ekonomiya ng Pilipinas, tiyak na ito ay patuloy na lumalaki."
i somehow feel distraught and hopeless,4,fear,Nararamdaman ko ang pagkabalisa at kawalan ng pag-asa.
i was feeling grouchy and everything for the past few weeks but yesterday was such a happy day,3,anger,"Masungit ako at hindi maganda ang pakiramdam ko sa nakalipas na ilang linggo, pero kahapon ay sobrang masaya."
i love raising money for variety because it makes me proud to think oh my gosh a year old just raised dollars or wow i feel like people want to help and also get that cute dress in the back of my closet,1,joy,"Mahal ko ang pagtitipon ng pera para sa Variety dahil nagpapalaki ng aking pagmamalaki na isipin, ""Oh my gosh, isang taong gulang lang ang nagtapon ng ganitong halaga ng pera"" o ""Wow, parang gusto ng mga tao tumulong at makakuha rin ng cute dress sa likod ng aking aparador."""
i feel really heartbroken,0,sadness,Napakasakit ng pakiramdam ko.
i was dwelling on the current state of my life i was unsure about my place in life and what i was going to do with it and i was feeling a bit bitter at god because of it,3,anger,"Nag-iisip ako tungkol sa kasalukuyang kalagayan ng buhay ko, hindi ko alam ang aking lugar dito at ano ang gagawin ko dito, at medyo mapait ang nararamdaman ko kay Diyos dahil dito."
i feel i am losing steam but friends help the time pass in the most pleasant of ways,1,joy,Nararamdaman kong nawawala na ang aking lakas ngunit ang mga kaibigan ay nagpapadali sa paglipas ng panahon sa mga pinakamasayang paraan.
i can listen to it and feel dissatisfied,3,anger,Maaari kong pakinggan ito at maramdaman ang kawalan ng kasiyahan.
i struggle with at church is feeling useful to the ward,1,joy,Ang aking pinagdadaanan sa simbahan ay ang pagiging kapaki-pakinabang sa ward.
i struggling to find a common ground with not feeling deprived managing my stress and activity and living a healthy lifestyle,0,sadness,"Nagsisikap akong maghanap ng karaniwang punto sa pagpapagaan ng pakiramdam na kulang, pamamahala ng aking stress at aktibidad, at pamumuhay ng malusog."
i had been lying to myself feeling that maybe because i so loved spending time with this fellow and thought he enjoyed his time so equally with me that maybe the ends justified the means,2,love,"Nagsisinungaling ako sa aking sarili, na baka dahil sobrang mahal ko ang pagsasama niya at akala ko siya rin ay pantay na nasisiyahan, kaya marahil tama ang paraan kahit mali ang dulo."
i am feeling fine november pat bertram a href http ptbertram,1,joy,"Mabuti ang pakiramdam ko ngayong Nobyembre, Pat Bertram."
i tell myself i am pretty a hundred times doesn t mean i feel pretty,1,joy,"Isinasabi ko sa sarili ko na maganda ako ng isang daan beses, hindi ibig sabihin noon ay nararamdaman ko ang pagiging maganda."
i dunno the word im even looking for i guess because im not exactly how i feel im selfish i know,3,anger,"Hindi ko alam ang salitang hinahanap ko siguro dahil hindi ko eksaktong alam kung ano ang nararamdaman ko, alam kong makasarili ako."
i feel it is unfortunate that in the end my year old will hate her father unless he ceases to use his daughter as a pawn to impress these women while she s still young enough to not realize what is really going on,0,sadness,Nakakalungkot isipin na sa huli ay magkakainis ang aking isang taong gulang na anak sa kanyang ama kung hindi siya titigil sa paggamit ng kanyang anak bilang pamana upang mapabilib ang mga babaeng ito habang siya'y bata pa at hindi pa nakakakita ng katotohanan.
i have been blogging i have told you of the countless ways that i feel loved and blessed by the people i call my friends,2,love,"Nag-blog ako, sinabi ko na sa inyo ang walang hanggang paraan kung paano ako nararamdaman na minamahal at binabati ng mga taong aking tinatawag na mga kaibigan."
i believe even though at the time i didn t feel i should be hospitalized i m pretty sure it was a good thing i was,1,joy,"Naniniwala ako na kahit hindi ko noon naramdaman na dapat ako'y mapadala sa ospital, tiyak kong mabuti ang nangyari dahil doon."
i feel envious that they can keep their posts regular and interesting and wish that i could feel this way to,3,anger,Nararamdaman kong inggit na kaya nilang panatilihing regular at nakakaganyak ang kanilang mga post at sana maramdaman ko rin ito.
i feel a strong sense of relief,1,joy,Nararamdaman ko ang malakas na pagpapagaan.
i feel that i still can forgive you but after you called me pervert hey im sorry you are totally out from my life,0,sadness,"Nararamdaman ko na kaya ko pang patawarin ka ngunit matapos mong tawaging pervert, eh, pasensya na, ganap kang nawala sa buhay ko."
i feel like i am losing confidence but for now i feel calm,1,joy,Nararamdaman kong nawawala ang aking tiwala ngunit sa ngayon ay nakakaramdam ako ng katahimikan.
i was feeling abnormally wimpy so i staked out my bird feeder,4,fear,Nararamdaman kong kakaiba ang kahinaan ko kaya't nagbantay ako sa aking bird feeder.
i could have checked it down to the back and i feel like i got greedy and took a shot at the endzone and didn t throw the right ball i wanted to throw and then it got picked off,3,anger,Maaari kong tiningnan iyon hanggang sa likuran at parang nagpakasasa ako at nag-attempt ng touchdown sa huli at hindi ko itinapon ang tamang bola na gusto kong i-throw at saka nahuli iyon.
i think they ll be sexy but will also make me feel more confident than the teeny tiny itsy bitsy bottoms that seem to be in vogue,1,joy,Akala ko maganda sila at magbibigay sa akin ng mas malaking tiwala kaysa sa sobrang maliit na mga panty na tila uso ngayon.
i got some good feedback from my summary of uganda i still feel as though i missed out on a lot of things i had wanted to say that i hope ill be able to come back to later on,0,sadness,"Nakakuha ako ng magagandang komento sa aking buod tungkol sa Uganda, ngunit nararamdaman ko pa rin na maraming bagay ang hindi ko nasabi na sana ay maibalik ko sa ibang pagkakataon."
i feel privileged to have read the stories i received and i enjoyed crafting a piece that i believe does justice to new zealand women screenwriters who write feature films,1,joy,Nararamdaman kong isang karangalan na nabasa ang mga kwento na natanggap ko at nasiyahan akong lumikha ng isang piraso na sa palagay ko ay nagbibigay hustisya sa mga babaeng manunulat ng pelikula mula sa New Zealand na gumagawa ng mga pelikulang pang-pelikula.
i only ever wanted to make him happy and he made me feel so stupid,0,sadness,Gusto ko lang siyang mapasaya at siya naman ang nagpaparamdam sa akin na tanga.
i was younger all i could think of was to move to a country where i feel accepted where i belong,1,joy,"Noong ako'y bata pa, ang iniisip ko lang ay lumipat sa isang bansa kung saan ako nararamdaman ang pagtanggap at pagkabilanggo."
i know i should feel dismayed or at least sheepish that one of my friends basically believes i have an eating disorder but actually my emotional response to his statement was one of genuine surprise and pleasure that someone had noticed and remembered something about me,0,sadness,"Alam kong dapat akong mawalan ng gana o kahit na nahihiya na isa sa aking mga kaibigan ay halos naniniwala na mayroon akong sakit sa pagkain, ngunit ang tunay kong emosyonal na tugon sa kanyang pahayag ay isang tunay na pagkagulat at kasiyahan na may nakapansin at naaalala ang isang bagay tungkol sa akin."
i feel like im getting there i have to admit i was stunned when i realized my list my entire laundry list of here to for impossible pie in the sky dreams,4,fear,"Nararamdaman kong papalapit na ako doon, kailangan kong aminin, nabigla ako nang mapagtanto ang aking listahan, ang buong aking talaan ng mga pangarap na parang imposible at nasa langit."
im feeling productive and brave,1,joy,Nararamdaman kong produktibo at matapang.
i feel that the out of people that i encounter in the day that are rude and mean to me for no reason at all,3,anger,Nararamdaman kong marami sa mga taong nakakasalamuha ko sa araw-araw na bastos at masama ang ugali sa akin nang walang dahilan.
i can t fix this and am anticipating feeling humiliated when i see workmates and friends,0,sadness,Hindi ko ito maayos at inaasahan kong maramdaman ang kahihiyan kapag nakita ko ang mga kasamahan at mga kaibigan ko.
i always feel afraid of telling people because i dont want them to see me differently my self image is very poor and i dont want to transcribe that onto them,4,fear,Lagi akong natatakot na sabihin sa mga tao dahil ayaw kong makita nila ako nang iba. Mababa ang aking pagtingin sa sarili at ayaw kong iparating iyon sa kanila.
im being accused of feeling superior to the characters its usually by people who themselves feel superior to others,1,joy,"Ako ay sinasabing may pagmamataas sa mga karakter, karaniwan itong sinasabi ng mga taong kanilang sarili ay may pagmamataas sa iba."
i feel and bring him and coming against a savage the wax doll in the clouds blown across to tak my own feeling that be the bare feet were they were moving fast as i brought it as i love in a time for he yet i made him,3,anger,Nararamdaman ko at dala ko siya at papalapit sa isang halimaw ang manika sa ulap na hinampas patungo sa akin ang aking sariling damdamin na iyon ang mga hubad na paa nila ay mabilis silang gumagalaw habang dala ko ito habang mahal ko siya sa isang panahon para sa kanya ngunit ginawa ko siya.
i got a sick feeling in my stomach i just did a blog post on my cute laundry room now my dryers going out,1,joy,"Naramdaman kong may kakaibang pakiramdam sa aking tiyan, kanina lang nag-post ako ng blog tungkol sa aking magandang silid-laba, ngayon naman ay siyay nagkakaproblema."
i don t see december as the month of happiness counting down the days until christmas this doesn t feel like the season to be jolly anymore,1,joy,"Hindi ko nakikita ang Disyembre bilang buwan ng kagalakan, pagbibilang ng araw hanggang sa Pasko, hindi na ito nararamdaman bilang panahon upang maging masaya."
i must admit feeling popular is a wonderful feeling,1,joy,"Dapat kong aminin, ang pakiramdam na sikat ay isang magandang pakiramdam."
i know how you feel i m sorry you feel like that,0,sadness,"Naiintindihan ko kung ano ang nararamdaman mo, pasensya na kung ganito ang nararamdaman mo."
i feel this effect backfires as the changes were distracting and solondz is talented enough to gain our sympathy sans gimmicks,1,joy,Nararamdaman kong pabaliktad ang epekto dahil nakakabighani ang mga pagbabago at sapat na ang talento ni Solondz upang makuha ang ating simpatya nang walang mga pandaraya.
i feel a bit discouraged,0,sadness,Nararamdaman kong medyo nabigo.
i was feeling resentful enough to want to write about it here which means i need to work on look getting my hackles raised when others judge me,3,anger,"Nararamdaman ko ang sama ng loob kaya gustong-gusto kong isulat ito dito, ibig sabihin kailangan kong pagbutihin ang pagkontrol sa aking sarili kapag hinuhusgahan ako ng iba."
i feel thoroughly unwelcome at this school and there are individual people who are clearly deeply moved by my work and my choices,0,sadness,Nararamdaman kong lubos na hindi ako tinatanggap sa paaralang ito at may mga indibidwal na malinaw na lubos na naapektuhan ng aking mga gawa at mga pagpipilian.
i hope that one day i can escape tia place that i feel has held me back that has inhibited me from reaching my potential but that isnt me for decide just to pray on,0,sadness,"Sana sa isang araw ay makalaya ako sa lugar na ito na aking nararamdaman ay humahadlang sa akin, na pumipigil sa akin na maabot ang aking potensyal, ngunit hindi iyon ang aking desisyon, kundi manalangin lamang."
i hope you ll consider coming out of your shell and let everyone around you feel your gorgeous personality,1,joy,Sana isaalang-alang mong lumabas sa iyong kabihasnan at hayaan ang lahat sa paligid mo na maramdaman ang iyong magandang personalidad.
im a marketer and i couldnt be bothered to investigate further which makes me feel that consumers probably cant be bothered either,3,anger,"Ako ay isang marketer at hindi ako nag-aalala na imbestigahan pa, kaya nararamdaman kong marahil hindi rin nag-aalala ang mga mamimili."
i also feel like i have been keeping myself intentionally stupid behind slow in the past ive known that keeping up with gaga would require getting up to light speed which transforms you into an artist and im ready to do that now an hold nothing back,0,sadness,"Nararamdaman ko rin na noon ay kusang-loob kong pinapanatili ang aking sarili na parang tanga at mabagal. Alam ko na para makasabay kay Gaga, kailangan kong umabot sa bilis ng liwanag na magpapalit sa akin bilang isang artista, at handa na akong gawin iyon ngayon at huwag nang mag-atubiling magbigay ng lahat."
i feel very unfortunate to have only in the last couple days have even discovered that seventy times seven even existed and hearing the twosongs together brought somewhat of a closure to a certain part of my musical life,0,sadness,Napakasakit isipin na ngayon lang sa mga nakaraang araw ko nalaman na umiiral ang pitumpung beses pitong at ang pagdinig sa dalawang awit na magkasama ay nagbigay ng kaunting pagsasara sa isang bahagi ng aking buhay sa musika.
i am feeling adventurous and after i get a little better aiming the direction of the drips i want to try to make something like this,1,joy,"Nararamdaman kong mahilig sa pakikipagsapalaran at pagkatapos kong magaling nang magdirekta ng mga patak, gusto kong subukan gumawa ng katulad nito."
i am still feeling the positive effects of my visit with therapist and i feel very confident in her abilities and connections to psychologists with the necessary dr,1,joy,Nararamdaman ko pa rin ang positibong epekto ng aking pagbisita sa therapist at lubos akong naniniwala sa kanyang kakayahan at koneksyon sa mga psychologist na may kinakailangang karanasan.
im feeling a bit less anxious about it all now and im actually starting to look forward to the challenge of the big event,4,fear,Mas konti na ang aking pag-aalala tungkol dito ngayon at simula na akong mag-abangan sa hamon ng malaking kaganapan.
i stopped challenging him and always make him feel more than superior to me like magic the whole fighting stopped,1,joy,"Tumigil na akong maghamon sa kanya at lagi siyang pinaparamdam na mas matalino at mas mahusay sa akin, parang milagro, tumigil na ang lahat ng away."
i did not feel any emotion or was deeply saddened or stunned for that matter,4,fear,Hindi ako nakaramdam ng anumang emosyon o lubos na nalungkot o nabigla para doon.
i am sure the pleasure of living in the open air with the sky for a roof and the ground for a table is part of the same feeling it is the savage returning to his wild and native habits,3,anger,"Tiyak kong ang kasiyahan ng pamumuhay sa labas, na may langit bilang bubong at lupa bilang mesa, ay bahagi ng parehong damdamin, gaya ng isang ligaw na bumalik sa kanyang likas at katutubong kaugalian."
i just need to express my feeling badly ignore this if i offended you,3,anger,"Kailangan ko lang ipahayag ang aking nararamdaman, huwag pansinin ito kung nasaktan kita."
i feel is useful and even adding my own two cents,1,joy,Nararamdaman kong kapaki-pakinabang ito at kahit na magdagdag ako ng aking sariling pananaw.
i didnt even realise just how out of control i have been feeling lately until i had a week of calm to gain some much needed perspective,1,joy,Hindi ko man napagtanto kung gaano ako kabilis na nawalan ng kontrol sa aking mga nararamdaman hanggang sa may isang linggo akong katahimikan upang makuha ang kailangan kong pananaw.
i wont go on about the anxieties i am feeling about this is being as neurotic as me about this,4,fear,"Hindi ako mag-uusap tungkol sa mga pag-aalala na nararamdaman ko tungkol dito, baka isipin nila akong baliw dahil dito."
im honest when i say a part of me feels tortured as though this is part of the system of function in your life the one that allows you to order and manipulate people in such a way so that they are lined up and positioned to serve their prupose when you should need them,4,fear,"Tapat ako kapag sinabi kong may bahagi sa akin na nararamdaman ang pagdurusa, parang bahagi ito ng sistema ng paggana sa iyong buhay, ang sistema na nagpapahintulot sa iyo na mag-utos at manipulahin ang mga tao sa paraang sila ay nakaayos at nakapwesto upang maglingkod sa kanilang layunin kapag kailangan mo sila."
i feel entertained by myself as we arrive at the park,1,joy,Nakakatuwa akong mag-isa habang papasok kami sa parke.
ill still need chemo but at least i can feel relatively reassured about my prospects,1,joy,Kailangan ko pa rin ng kemoterapiya ngunit kahit papaano ay makararamdam ako ng kaunting katiyakan tungkol sa aking kinabukasan.
i feel the skeptical looks and eye rolls when we say we need a bigger house after all we re dinks double income no kids which is prettymuch the most awesome acronym ever,4,fear,"Nararamdaman ko ang mga pag-aalinlangan at pag-iiling ng mga mata kapag sinasabi naming kailangan namin ng mas malaking bahay kahit na kami ay DINKs, double income, no kids, na talagang isang kamangha-manghang acronym."
i feel hated i feel like i dont belong and more and more i feel that i want to die,3,anger,"Nararamdaman kong kinamumuhian, parang hindi ako kabilang, at lalong lumalalim ang pakiramdam na gustong-gusto kong mamatay."
im not feeling obnoxious with myself anymore,3,anger,Hindi na ako nakakaramdam ng pagmamataas sa sarili.
i feel after venting to a notebook is amazing,1,joy,Nakakaganda pakiramdam pag naglabas ng sama ng loob sa isang notebook.
im choosing to feel bad and should stop is absolutely ludicrous,0,sadness,Ang pagpili kong maramdaman ang masama at dapat itong ihinto ay lubos na walang katuturan.
i function best with a lot on my plate and feel very uncomfortable with my life if i have nothing to do,4,fear,Mas mahusay akong gumagana kapag maraming ginagawa at nararamdaman kong hindi komportable ang buhay ko kung wala akong gagawin.
im sure you could tell we werent feeling too adventurous with the antipasti but i found the mozzarella with the proscuito pretty good,1,joy,"Sigurado akong mapapansin mo na hindi kami masyadong mahilig sa pakikipagsapalaran sa antipasti, pero ang mozzarella kasama ang proscuito ay medyo masarap."
i feel like there is so much more i could be doing for the community and loving children is what i excel at,2,love,Nararamdaman kong marami pang maitutulong sa komunidad at ang pagmamahal sa mga bata ay aking kahusayan.
i feel frightened in a kind of a raw way,4,fear,"Natatakot ako nang husto, parang tunay at walang filter."
i have had the luxury of expressing myself and my feelings without the fear of getting beaten up or scolded,0,sadness,Naging pribilehiyo ko ang magpahayag ng aking sarili at damdamin nang walang takot na mapapagalitan o mapapahamak.
i am most defensive when i feel most threatened,4,fear,Pinakamaprotektibo ako kapag pinakamahirap ang aking nararamdaman.
i was alone in a cottage i often stay in i was woken up by a rustling sound in the middle of the night,4,fear,"Nag-iisa ako sa isang kubo kung saan madalas akong tumira, at nagising ako dahil sa ingay ng pag-aagaw sa gitna ng gabi."
i accidentally feel the mood and jumped into blogspot then what surprised me was for over views lol,4,fear,Nagkamali akong nadarama ang pakiramdam at tumalon sa blogspot tapos ang nagulat ako ay sa bilang ng mga panonood lol.
i really feel devastated seeing him witness these things around him,0,sadness,Lubos akong nasasaktan na makita siyang nakakaranas ng mga bagay na ito sa paligid niya.
im trying to give it my good old space feeling but rest assured that will change at some point,1,joy,Sinusubukan kong bigyan ito ng dating pakiramdam ng espasyo pero tiyak na magbabago iyon sa kalaunan.
i wish i knew how he was really feeling aside from reading the nervous twitches,4,fear,Sana alam ko kung ano talaga ang nararamdaman niya bukod sa pagbabasa ng mga kinakabahan niyang pag-iikot.
i feel hopeful like things are going to be great and like things are great,1,joy,"Nararamdaman kong puno ng pag-asa, parang magiging maganda ang lahat at parang maganda na nga ang lahat."
i said on fb i was feeling strangely discontent tonight,0,sadness,Sinabi ko sa FB na kakaiba akong hindi kontento ngayong gabi.
im incredibly sensitive to the cold and as such i feel that its an extremely unpleasant thing to be exposed to,0,sadness,"Napakasensitibo ko sa lamig at dahil dito, nararamdaman kong lubhang hindi kasiya-siya ang pagpapaalab dito."
i started to mess around something must have distracted me cause now im feeling playful,1,joy,"Nagsimula akong maglaro, siguro may nagdistract sa akin kaya ngayon ay nakakaramdam ako ng masaya at nagbibiro."
i feel scared and worthless when someone doesn t love me,4,fear,Natatakot at walang halaga ang nararamdaman ko kapag hindi ako minamahal ng isang tao.
i feel my mom is simply feeling greedy is the lack of this reaction when her mom left the same type of will,3,anger,Nararamdaman kong simpleng pagiging sakim lang ang nararamdaman ng aking ina dahil sa kawalan ng ganitong reaksiyon nang umalis ang kanyang ina at iniwan ang parehong uri ng testamento.
i tend to agree and so when i feel the burn i call forth for you my aching siren s song echoing through the years and dark leaves until you arrive wet with rain and anticipation,0,sadness,"Ako ay may posibilidad na sumang-ayon, kaya kapag naramdaman ko ang pagsunog, tatawag ako sa iyo, ang aking awiting siren na puno ng sakit, na tumutunog sa mga taon at madilim na dahon hanggang sa dumating ka, basa ng ulan at puno ng pag-asa."
i have to admit that i was feeling distracted by the fact that i was blocking traffic,3,anger,Kailangan kong aminin na nababahala ako dahil nakakabarang ako ng trapiko.
i feel like there are as many theories about the attacks as there is about aids and i really dont feel like that is at all acceptable,1,joy,"Parang maraming teorya tungkol sa mga pag-atake gaya ng tungkol sa AIDS, at hindi ko talaga tanggap iyon."
i feel super antisocial,1,joy,Napakas antisocial ko po.
i feel a little glad to be distant from others a bit sad,1,joy,"Nararamdaman kong medyo masaya na malayo ako sa iba, ngunit may kaunting kalungkutan din."
i feel extremely needy though i dont feel this way too often,0,sadness,"Napakasakit ng pakiramdam ko ngayon, kahit hindi ko madalas maramdaman ito."
i get frustrated i either put him down or give him to todd for a break as well because again i want him to feel peace and calm feelings not frustration,1,joy,"Nagagalit ako kaya o kaya ay inilalagay ko siya pababa o ibinibigay kay Todd para magpahinga rin dahil gusto ko siyang maramdaman ang kapayapaan at katahimikan, hindi ang pagkabalisa."
i feel more optimistic about pakistan for now,1,joy,Mas optimistiko ako tungkol sa Pakistan ngayon.
i feel like the last three months are going to go by super quick because we are going to be moving in a few weeks and then just getting situated and then bam,1,joy,"Parang mabilis lang ang susunod na tatlong buwan dahil lilipat tayo sa ilang linggo at saka mag-aayos lang, tapos bigla na."
i just didnt feel like taking her bitchy attitude,3,anger,Hindi ko lang naramdaman na kailangan kong tanggapin ang kanyang mapag-inis na ugali.
i was feeling a little nostalgic,2,love,Nararamdaman ko ang kaunting pag-nostalya.
i did not feel in my soul that god has always been faithful to me,2,love,Hindi ko naramdaman sa aking kaluluwa na palaging tapat si Diyos sa akin.
i feel all betrayed and disillusioned,0,sadness,Nararamdaman kong lahat ay nagtataksil at nabigo ako.
i feel loved by family and smiled at by friends,2,love,Nararamdaman kong minamahal ako ng aking pamilya at ngumiti sa akin ang aking mga kaibigan.
i am feeling rushed or overwhelmed to have the perfect house that my brain explodes and all proper decision making skills get lost in the debris,3,anger,Nararamdaman kong nagmamadali o napakarami ang kailangang gawin upang magkaroon ng perpektong bahay na parang paputok ang aking utak at nawawala ang aking kakayahang gumawa ng makatwirang desisyon.
i lay myself raw and bare and let the enemies attack me for feeling so emotional over something they feel is silly because i want to be honest with myself and others,0,sadness,"Inihahayag ko ang aking sarili nang buo at walang pagtatago, at pinahintulutan ang mga kaaway na salakayin ako dahil sa aking malalim na emosyon sa isang bagay na itinuturing nilang walang kabuluhan, dahil gusto kong maging tapat sa aking sarili at sa iba."
i tend to feel a bit cranky when i ve gone for a few days without making art,3,anger,Madalas akong mag-feeling cranky kapag ilang araw nang hindi ako gumagawa ng sining.
i feel unimportant so inadequate,0,sadness,"Nararamdaman kong hindi ako mahalaga, kaya hindi sapat."
i would like you to start with asking yourself these questions with you feel stressed,3,anger,Gusto kong simulan mo ang pagtatanong sa iyong sarili ng mga tanong na ito kapag nararamdaman mong stressed.
i fucking love christmas so i ve compiled a list of fun things going on in the ol smoke to get you feeling festive,1,joy,Mahal ko talaga ang Pasko kaya pinagsama-sama ko ang listahan ng mga masayang pangyayari sa ating lungsod para makaramdam ka ng pista.
i am feeling really needy right now,0,sadness,Napaka-nangangailangan ko ngayon.
i feel it would be pleasant to have a cigarette there is a sort of deep rooted memory of enjoying sucking that carcenogenic smoke into my lungs but i believe that feeling of pleasantness is an illusion,1,joy,"Nararamdaman kong magiging masaya kung may sigarilyo, mayroong malalim na alaala ng kasiyahan sa pag-iinom ng usok na iyon, kahit nakakasama sa baga, ngunit naniniwala akong ang pakiramdam na iyon ng kasiyahan ay isang ilusyon."
im one of girl who feel insecure about herself always,4,fear,Isa ako sa mga babaeng lagi kong nararamdaman ang kawalan ng tiwala sa sarili.
i didn t need to mention our difference but i was feeling very vulnerable because of the differences and was having a bit of fear that in someway i am doing something wrong,4,fear,"Hindi ko kailangang banggitin ang aming pagkakaiba, ngunit nararamdaman kong lubhang mahina dahil sa mga pagkakaiba at may kaunting takot na sa ilang paraan ay mali ang ginagawa ko."
i want to be able to declare how excited i am in the most sickening sing songy voice that anyone has ever heard but frankly i feel more terrified than anything,4,fear,"Gusto kong ipahayag kung gaano ako kasaya gamit ang pinakamasakit na awiting boses na narinig ng sinuman, ngunit totoo naman, mas natatakot ako kaysa sa iba."
i am feeling kind of sympathetic towards camilla for that,2,love,Nakaramdam ako ng kaunting awa kay Camilla para doon.
i floated through the day with my head just below the surface feeling a little melancholy depressed and couldnt seem to bring it above the water,0,sadness,"Lumutang ako sa buong araw na may ulo ko lang bahagyang nasa ibaba ng tubig, nararamdaman ang kaunting kalungkutan, depresyon, at hindi ko magawa itong itaas sa ibabaw ng tubig."
im feeling rather impatient with these rainbows bursting in my veins,3,anger,Napakabagal ko ng pasensya sa mga kulay-araw na sumasabog sa aking mga ugat.
im feeling pretty numb and focused on thinking about what needs to be done,0,sadness,Nararamdaman kong medyo numb at nakatuon sa pag-iisip kung ano ang dapat gawin.
i am sometimes confused as well for a moment in a time of need when the day to pay a bill has come and we dont have the money we need i sometimes feel confused as well,4,fear,"Minsan, ako rin ay nagkakaroon ng pagkalito sa sandaling kailangan, lalo na kapag dumating ang araw ng pagbabayad ng bayarin at wala tayong sapat na pera, at nararamdaman ko rin ang pagkalito."
i feel ignored and if he does message me tomorrow should i do the same to him,0,sadness,"Nararamdaman kong iniwan ako at kung magmemensahe siya bukas, dapat ko rin bang gawin ang pareho sa kanya?"
i have to admit i always feel apprehensive to order the wings when im eating out,4,fear,"Kailangan kong aminin, lagi akong kinakabahan na mag-order ng mga pakpak ng manok kapag kumakain ako sa labas."
i feel those submissive feelings ill write down what i was doing or what brought them on,0,sadness,"Nararamdaman ko ang mga pakiramdam na iyon ng pagsunod, isusulat ko kung ano ang ginagawa ko o ano ang nagdulot nito."
i feel like there is a tender spot still empathizing and feeling alongside those who are suffering,2,love,Nararamdaman kong may isang malambot na bahagi pa rin na nakikiramay at nakakaramdam kasama ang mga nagdurusa.
ill transfer those that i feel will be useful to next years class to the class website or specific content unit blogs or sites,1,joy,"Ipapalipat ko ang mga akala kong magagamit sa susunod na taon sa klase sa website ng klase, o sa mga blog o site ng partikular na nilalaman."
i feel my own heart a lot to make sure i am still there,1,joy,Nararamdaman ko ang aking sariling puso nang malalim upang matiyak na ako'y naroon pa.
i remember looking out car windows as i was passengered around those first few months and feeling vaguely surprised as i was already deep in shock at how different things looked,4,fear,Naalala ko ang pagtingin ko sa labas ng bintana ng kotse habang pasahero ako sa mga unang ilang buwan at naramdaman ang bahagyang pagkagulat dahil nasa malalim na estado ng pagkagulat na ako sa kung gaano iba ang itsura ng mga bagay.
i feel the earth move death cab for cutie this charming man spoon my mathematical mind,1,joy,"Nararamdaman ko ang paggalaw ng lupa (Death Cab for Cutie), ito'y isang kaakit-akit na lalaki (Spoon), ang aking matematikal na isipan."
i think i wake up every day feeling terrified in some way but then i feel totally exhilirated when facing things i ve always been scared to do,4,fear,"Iniisip ko, nagigising ako araw-araw na may takot sa ilang paraan, ngunit nararamdaman kong lubos na nagpupumiglas kapag nakaharap ang mga bagay na matagal ko nang kinatatakutan."
i feel disrespected as if those of us who are so loyal to our relationships simply do not matter,2,love,"Nararamdaman kong hindi ako nirerespeto, parang ang mga tapat sa kanilang relasyon ay hindi mahalaga."
im feeling generous and yesterday was my year tpt aversary and i have slacked in the blogging since last week as ive been sick,1,joy,Nararamdaman kong mapagbigay at kahapon ang anibersaryo ng aking taon sa TPT at hindi ako nakapag-blog nang maayos simula noong nakaraang linggo dahil may sakit ako.
i didnt feel as if i was supporting the whole conference but as i pulled gunk out of the drain in one of these sinks i wondered whether the folks who once again came through to make the conference work might be feeling some frustration if they didnt do the work nothing would be done,1,joy,"Hindi ko naramdaman na sinusuportahan ko ang buong konperensya, ngunit habang inaalis ko ang dumi sa kanal ng isa sa mga lababo, naisip ko kung ang mga taong muli nang tumulong upang maganap ang konperensya ay maaaring nakakaranas ng ilang pagkabigo kung hindi nila gagawin ang trabaho, wala itong mangyayari."
i feeling almost defeated,0,sadness,Nararamdaman kong halos talo na.
i walked into the dawn treader feeling fairly skeptical and walked out with three great books one was a hardcover book in japanese that i picked up for my mom for,4,fear,"Pumasok ako sa Dawn Treader na medyo skeptiko at lumabas na may tatlong magagandang libro, isa ay isang hardcover na libro sa Hapones na kinuha ko para sa aking ina."
i feel supporting herself and four,1,joy,Nararamdaman kong sinusuportahan niya ang kanyang sarili at apat na iba pa.
im feeling generous tonight,2,love,Masaya akong magbigay ng regalo ngayong gabi.
i feel and yet your still hesitant to tell me,4,fear,"Nararamdaman ko, ngunit ikaw ay nag-aalinlangan pa ring sabihin sa akin."
i think about it more i have been feeling symptoms of a cold and headaches for the last couple days,3,anger,Lagi kong iniisip iyon dahil nakakaranas ako ng sintomas ng sipon at pananakit ng ulo sa nakalipas na ilang araw.
i finally allowed my feelings up and accepted them and myself the internal boundary began to dissolve i began to see how i was projecting my suppressed feelings out and creating a lot of pain in and around me,1,joy,"Sa wakas ay pinayagan kong lumabas ang aking damdamin at tinanggap ko sila at ang aking sarili. Nagsimula nang mawala ang panloob na hangganan, at nakita ko kung paano ko iniproyekto ang aking pinipigilang damdamin at nagdudulot ng maraming sakit sa aking paligid."
i sort of suspected i was going to feel resentful and not really show my best side,3,anger,Naisip ko na baka magdamdam ako at hindi ko maipakita ang aking pinakamagandang panig.
i cant shake the familiar feeling that ive got precious little time left,1,joy,Hindi ko maalis ang pamilyar na pakiramdam na kakaunti na lamang ang natitirang panahon ko.
i have been feeling strong and optimistic and then bam,1,joy,"Nararamdaman ko ang lakas at optimismo, tapos biglang... bam."
i let myself feel unsuccessful,0,sadness,Pinayagan kong maramdaman ang aking kabiguan.
i feel like i should feel contented but i am not,1,joy,Nararamdaman kong dapat akong kontento ngunit hindi ako.
i am feeling a little bit nostalgic,2,love,Nararamdaman ko ang kaunting pag-nostalgico.
i was saying that ive been feeling unhappy besides having all those assignments im feeling unhappy also because im feeling kinda lost,0,sadness,"Sinasabi ko lang na hindi ako masaya, bukod sa mga assignment na iyon, hindi rin ako masaya dahil parang nawawala ako."
im feeling so irritable about todays class,3,anger,Napaka-irrita ko sa klase ngayon.
i have a lot of moments where i will feel optimistic,1,joy,Marami akong mga sandali na nararamdaman kong positibo.
im frightened and feeling paranoid,4,fear,Natatakot ako at parang may paranoiya.
i really feel that when people consistently make us feel unimportant in the grand scheme of life,0,sadness,Tunay kong nararamdaman na kapag paulit-ulit tayong ginagawa nilang hindi mahalaga sa malawak na larangan ng buhay.
i like going for a walk when im feeling troubled,0,sadness,Gustung-gusto kong maglakad kapag nalulungkot ako.
i was going through my years worth of photos and i feel so pleased that i have come this far,1,joy,Naglalakad ako sa aking mga litrato sa loob ng isang taon at nararamdaman kong lubos akong nasiyahan na nakarating ako sa ganitong punto.
i have grown i m blessed i m proud to say that i am a healthy year old black male with no children and it feels good,1,joy,"Lumaki na ako, binabati ako ng biyaya, at may karangalan akong sabihin na isang malusog na taong-gulang na itim na lalaki, walang anak, at nararamdaman kong mabuti."
i feel content i think,1,joy,"Nararamdaman kong kontento ako, sa tingin ko."
i am feeling energetic and healthy for the first time in a long time i guess an almost lb total weightloss will do that for you,1,joy,"Nararamdaman kong puno ng enerhiya at malusog ngayon, parang una na itong nangyari sa mahabang panahon, siguro ang halos isang libra na pagbaba ng timbang ang dahilan nito."
i feel like an elegant lady now,1,joy,Parang isang magandang dalaga na ako ngayon.
i don t recall ever truly feeling sorry for myself or playing the victim and if i did it was short lived and i would move ahead,0,sadness,"Hindi ko matatandaan na tunay na nakaramdam ng awa sa sarili ko o nagkunwaring biktima, at kung ginawa man, pansamantala lamang iyon at aatras ako."
i went to him personally and started talking about the way i feel and why i broke it off with him,0,sadness,Pumunta ako sa kanya nang personal at nagsimula akong magsalita tungkol sa aking nararamdaman at kung bakit ako naghiwalay sa kanya.
i chefs are all so friendly and make you feel valued,1,joy,Ang mga chef ay lahat napakabait at ginagawa kang pakiramdam na mahalaga.
i had to work in one i would not feel quite so affectionate,2,love,Kailangan akong magtrabaho sa isa kung saan hindi ako magiging ganito kasarap ang pakiramdam.
i know that i will always feel a little bit strange and out of place in the academy,4,fear,Alam kong palagi akong magkakaroon ng kakaibang pakiramdam at parang hindi nababagay sa akademya.
i look at my work and i just feel like its less than perfect but i want perfection,1,joy,Tinitingnan ko ang aking trabaho at nararamdaman ko lang na kulang pa ito sa perpekto ngunit gustung-gusto ko ang perpekto.
im not feeling particularly creative at the moment,1,joy,Hindi ako nararamdaman na lalong malikhain ngayon.
i do and it is really starting to make me feel really distraught and upset all the time,4,fear,"Oo, at talagang nagsisimula nang magpahirap at magpagalit sa akin lagi."
i can t stand it i feel like hes spying on me and not trusting me and above all of that i feel disrespect to my personality,1,joy,"Hindi ko kayang tiisin, parang pinagmamasdan niya ako at hindi ako pinapaniwalaan, at higit sa lahat, nararamdaman kong hindi nirerespeto ang aking personalidad."
i hold space for these feelings the anger the jealousy sadness and despair the longing i can relate to those feelings but not have them devour me,2,love,"Pinapanatili kong ligtas ang mga damdaming ito, ang galit, ang inggit, ang kalungkutan, at ang pag-asa. Naiintindihan ko ang mga damdaming iyon ngunit hindi ko sila hahayaang kainin ako."
i feel pathetic i can t live like this anymore,0,sadness,"Parang tanga ako, hindi ko na kaya mabuhay ganito."
i needed to look for something to assist us because it does not bring a good feeling for her supporting the family,2,love,Kailangan kong hanapin ang isang bagay na makakatulong sa amin dahil hindi maganda ang pakiramdam na siya ang nag-iisang nag-aaruga sa pamilya.
i feel like a lousy person because i really cant think of anything profound to say,0,sadness,Nararamdaman kong isang mababang tao dahil hindi talaga ako makaisip ng kahit ano mang malalim na sasabihin.
i think my hair is feeling confused,4,fear,Akala ko nagkakamali ang buhok ko.
i took the second test for my cognitive psychology test and i feel mentally exhausted,0,sadness,Nag-eksamen ako ng pangalawang pagsusulit para sa aking cognitive psychology at nararamdaman kong mentally pagod.
i think the ideal preparation for birth for anybody not just me puts you in a place where you feel confident in your knowledge in your caregivers in your support system and in your body,1,joy,"Sa tingin ko, ang perpektong paghahanda para sa kapanganakan para sa kahit sino, hindi lamang para sa akin, ay naglalagay sa iyo sa isang lugar kung saan nararamdaman mong kumpiyansa sa iyong kaalaman, sa iyong mga tagapag-alaga, sa iyong sistema ng suporta, at sa iyong katawan."
i do something and i feel completely stupid when someone points out the very obvious solution,0,sadness,Ginagawa ko ang isang bagay at nararamdaman kong lubos na bobo kapag tinuturo ng iba ang napakaklarong solusyon.
i remember in particular one new years day in high school when i was feeling all tragic and melancholy and generally fifteen year old girl ish,0,sadness,"Naalala ko lalo ang isang Bagong Taon noong ako'y nasa high school, na parang malungkot at maldita, gaya ng karaniwang labing-lima anyos na babae."
ive been feeling terrific recently because i have the worlds best friends around me who make me feel be,1,joy,Nararamdaman kong napakaganda ng pakiramdam ko kamakailan dahil nasa paligid ko ang mga pinakamagandang kaibigan sa mundo na nagpaparamdam sa akin na mahalaga.
i told him how he has been making me feel unimportant and insignificant,0,sadness,Sinabi ko sa kanya kung paano niya ako ginagawa na parang hindi mahalaga at walang saysay.
im feeling discontent with everything and its manifesting itself in destructive self sabotaging ways,0,sadness,Hindi ako kontento sa lahat at ito ay nagpapakita sa pamamagitan ng mga nakasasakit at nakakasira sa sarili kong paraan.
i feel pretty yuck and i dont really want and to get out and do anything,1,joy,Nararamdaman kong medyo masama ang pakiramdam ko at ayaw kong lumabas at gumawa ng kahit anong bagay.
i feel weird knowing mine died when i wasn t around,4,fear,Nakakakaba isipin na namatay siya nang wala ako roon.
i know that when i take care of my body by eating well exercising and getting adequate sleep i feel more invigorated in both a physical mental and spiritual sense,1,joy,"Alam kong kapag inaalagaan ko ang aking katawan sa pamamagitan ng pagkain ng masustansya, pag-eehersisyo, at sapat na pagtulog, nararamdaman kong mas nabubuhay ako, kapwa pisikal, mental, at espiritwal."
i feel for him but the thing is he is so popular and entrenched in this gerrymandered district that he would totally be reelected as an out gay man,1,joy,"Naiintindihan ko siya, pero ang problema ay siya ay napakasikat at matibay sa distrito na ito na nabuo nang mapanlinlang kaya tiyak na muling maboboto siya kahit na bukas siya tungkol sa kanyang pagiging bakla."
i feel like my dream is so selfish,3,anger,Parang ang pangarap ko ay sobrang sakim.
i am standing so close to said cow her name is gabriella btw i feel rude calling her a cow,3,anger,"Nakatayo ako na napakalapit kay Gabriella, ang pangalan ng baka, at medyo nahihiya akong tawagin siyang baka."
i look forward to attending every class and leaving feeling amazing feeling on top of the world,1,joy,"Inaasahan kong makapasok sa bawat klase at umalis na parang nasa tuktok ng mundo, na may pakiramdam na kahanga-hanga."
i am feeling a little rejected by my sister,0,sadness,Nararamdaman kong medyo tinatanggihan ako ng aking kapatid.
i am feeling stupid and stuck and i know that the best way to get it to end is just to get it to end,0,sadness,"Nararamdaman kong tanga at nabibitin, at alam kong ang pinakamagandang paraan para matapos ito ay basta matapos na ito."
i feel now its simply wonderful,1,joy,Nararamdaman ko ngayon na tunay na kahanga-hanga.
i am planning for at the beginning of this year and feeling only a little smug about it,1,joy,Nagpaplano ako simula ng taong ito at medyo mapagmataas na nararamdaman.
i feel it is important to spend more time on my family and to embark on new endeavors in my educational career,1,joy,Mahalaga sa akin na maglaan ng mas maraming oras sa aking pamilya at simulan ang mga bagong pagsisikap sa aking edukasyong karera.
i usually feel gloomy for the loss of money and because i wont use it anyway,0,sadness,Karaniwan akong nakakaramdam ng malungkot dahil sa pagkawala ng pera at dahil hindi ko naman ito gagamitin.
i cant say that i feel as peaceful when my loved ones are the sufferers,1,joy,Hindi ko masasabi na nakakaramdam ako ng kapayapaan kapag ang mga mahal ko ang nagdurusa.
i eat biscuits crisps and ice cream all day yeah it tastes great but it makes me feel so groggy the following day take more photos,0,sadness,"Kumakain ako ng biskwit, chips, at ice cream buong araw, oo masarap pero ang pagod ko kinabukasan. Mag-picture pa."
i like sonam deepika and genelia who i feel are very talented and beautiful,1,joy,"Gustung-gusto ko si Sonam, Deepika, at Genelia dahil sa tingin ko ay napakatalento at maganda sila."
i found myself feeling lousy which is pretty unusual for me,0,sadness,"Nadama kong hindi maganda ang pakiramdam ko, na medyo kakaiba para sa akin."
i start to feel really awkward about the tubelight reflecting on the glossy paper with a picture of a red laced bra,0,sadness,Nararamdaman kong medyo nakakahiya na ang repleksiyon ng tubo sa makintab na papel na may larawan ng pulang bra na may renda.
i went to bed super early so i havent spent a ton of time with alot of these resources but enough to feel like these will all be useful in the future,1,joy,Pumunta ako ng kamay na sobrang maaga kaya hindi ako nakakapaglaan ng maraming oras sa maraming mga mapagkukunan ngunit sapat na upang maramdaman na magagamit ang lahat ng ito sa hinaharap.
i haven t quite figured out and whenever i can t find the time or ability or money to take care of each side equally i end up feeling disappointed,0,sadness,"Hindi ko pa lubos na napag-alaman at kapag hindi ko mahanap ang oras, kakayahan, o pera upang alagaan nang pantay ang bawat panig, nagtatapos akong nabigo."
i honestly feel is almost tragic,0,sadness,Tunay kong nararamdaman ay halos isang trahedya.
i could feel ediths meanness could feel stoners withdrawal and the cool pity of their friends,1,joy,"Nararamdaman ko ang kasamaan ni Edith, ang pag-aalis ng stoner, at ang malamig na awa ng mga kaibigan niya."
i ignored her minor tantrum and jumped down from the table beginning to pace again and feeling agitated,4,fear,"Pinabayaan ko ang kanyang maliit na pag-aaway at bumaba sa mesa, nagsimulang maglakad-lakad at pakiramdam ay nagagalit."
i go to school after having a horrible morning and i feel like i am meing hated on my every and i feel alone and i always have been and i am emotionaly very far away from everyone else,0,sadness,Pumupunta ako sa paaralan matapos magkaroon ng isang nakakatakot na umaga at parang inaaway ako sa lahat ng oras at nararamdaman kong nag-iisa ako at lagi akong nag-iisa at emosyonal na malayo ako sa lahat.
i upload today i know some of you are waiting for my bareminerals video but i haven t filmed one and i m feeling kind of lousy today so i m catching up with doing laundry and taking it easy,0,sadness,"Ini-upload ko ngayon, alam kong hinihintay na ng ilan ang aking video tungkol sa bareminerals pero hindi pa ako nakapag-film at medyo hindi ako maganda ang pakiramdam ngayon kaya naglilinis ako ng damit at nagpapahinga."
i feel something inside paul saying fuck it lets do this lets go for it go for broke,0,sadness,"Nararamdaman ko ang isang bagay sa loob ni Paul na nagsasabi, ""Tanggalin na natin ito, gawin natin ito, lumaban tayo nang buong lakas."""
i still have somewhat of a cough but i feel like im ok without the inhaler except right before exercise,1,joy,"May ubo pa rin ako, pero parang okay na ako nang walang inhaler maliban lang bago mag-ehersisyo."
ive just watched the above video for the first time and feel a bit bitchy for doing so but here are some of my thoughts on her outfits,3,anger,"Kanina lang, unang beses kong napanood ang video na iyon at medyo may sama ng loob ako dahil dito, pero eto ang ilan sa aking mga iniisip tungkol sa kanyang mga damit."
i feel so deprived on calories a day,0,sadness,Nararamdaman kong kulang ang aking calorie intake araw-araw.
i tell myself that whenever i feel hesitant to start muay thai,4,fear,Sinabi ko sa aking sarili na tuwing nahihilo ako sa pagsisimula ng Muay Thai.
i feel angry at him for being so selfish and giving me absolutely nothing to go on,3,anger,Galit ako sa kanya dahil sa kanyang pagiging makasarili at hindi niya ako binibigyan ng kahit anong gabay.
i feel like ive blinked and missed it,0,sadness,Parang kumislap lang ng mata ko at nawala na.
i have a feeling david is going to turn out to be a terrific father hes already exposing his newborn son to the world of the geek,1,joy,May kutob akong magiging mahusay na ama si David; nakikita ko na nga niyang ipinakikilala ang kanyang bagong panganak na anak sa mundo ng mga geek.
im used to feeling empty that i dont know what happiness feels like,0,sadness,Sanay na akong maramdaman ang kawalan kaya hindi ko alam kung ano ang pakiramdam ng kaligayahan.
i know how you feel i was physically abused as a child by a family member and was beaten by my father til he died when i was and then my older brother beat me til i moved out at,0,sadness,"Alam ko kung ano ang nararamdaman mo. Ako rin ay pisikal na sinalanta noong bata pa ako ng isang kamag-anak at pinapalo ng aking ama hanggang sa siya ay mamatay nang ako ay [age]. Pagkatapos, pinapalo rin ako ng aking panganay na kapatid hanggang sa lumipat ako."
i feel invigorated and ready to take on my flight to the airport,1,joy,Nararamdaman kong puno ng enerhiya at handa nang sumakay sa aking biyahe patungo sa paliparan.
i ever start to feel successful at all things life again,1,joy,Sana muling maramdaman ko ang tagumpay sa lahat ng bagay sa buhay.
i dont know how else to word it i miss feeling respected by a guy and being able to hold a guys hand around the mall knowing hes all mine,1,joy,"Hindi ko alam kung paano ko pa ito sasabihin, nami-miss ko ang pakiramdam na nirerespeto ako ng isang lalaki at ang mahawakan ang kamay niya sa mall na alam kong siya ay akin."
i i feel as though we were more successful here,1,joy,Nararamdaman kong mas matagumpay tayo rito.
i feel like i lived with the characters and felt their pain and suffering,0,sadness,Parang nakatira ako kasama ng mga tauhan at nadama ko ang kanilang sakit at hirap.
i just feel so defeated that once again im the weirdo that cant adjust to motherhood,0,sadness,Nararamdaman ko lang na talagang natatalo ako dahil muli akong ang kakaiba na hindi makapag-adjust sa pagiging ina.
i kind of like the feeling that i am longing aching for spring,2,love,Gustung-gusto ko ang pakiramdam na parang hinihintay at nasasaktan ako para sa tagsibol.
i don t even feel faithful about all this,2,love,Hindi ko nga nararamdaman ang katapatan sa lahat ng ito.
i pull this out and reread it when im feeling low,0,sadness,Nilalabas ko ito at binabasa muli kapag nalulumbay ako.
i feel shes friendly and nice,1,joy,Nararamdaman kong kaibigan at mabait siya.
i feel a bit like a naughty child because i wasn t sure i d do a post today,2,love,Nararamdaman kong parang masamang bata dahil hindi ko sigurado kung magpo-post ako ngayon.
im feeling very sarcastic today,3,anger,Napaka-sarcastic ko ngayon.
i actually prefer peep toe shoes because of it because then i wont notice that my shoes feel funny,4,fear,Mas gusto ko nga ang peep toe sapatos dahil hindi ko na mapapansin na kakaiba ang pakiramdam ng sapatos ko.
i don t feel glamorous anymore kangna ranaut a href http www,1,joy,"Hindi na ako nararamdaman ang pagiging glamorosa, Kangana Ranaut."
i feel ignored and invisible so every weekend is miserable,0,sadness,Nararamdaman kong iniwan at hindi nakikita kaya bawat weekend ay masama.
i started to feel homesick for the first time in my life even though i had lived abroad before for years,0,sadness,Naramdaman ko sa unang pagkakataon ang pag-uwi sa tahanan kahit na nakatira na ako sa ibang bansa nang maraming taon.
i was left feeling slightly intimidated and overwhelmed,4,fear,Nadama kong medyo kinakabahan at nabighani.
im feeling a little groggy with a mild headache after a non wild and crazy evening,0,sadness,Medyo antok at may kaunting sakit ng ulo ako matapos ang hindi masyadong maingay at kalokohan na gabi.
i get mad at my brain for slowing down in the summer and i have gotten frustrated that my work doesnt get done and i forget things and on top of it i feel lousy for a good chunk of the year,0,sadness,"Nagagalit ako sa aking utak dahil bumabagal ito sa tag-araw at nagagalit ako dahil hindi natapos ang aking trabaho at nakakalimutan ko ang mga bagay-bagay, at para bang mas lalong masama ang pakiramdam ko sa loob ng mahabang panahon."
i can hear the hum you make at the feeling of my warmth and my legs shift a little in a strange need,4,fear,Naririnig ko ang hum na iyong ginagawa sa pakiramdam ng aking init at bahagyang kumikilos ang aking mga binti sa isang kakaibang pangangailangan.
i feel so fucking heartbroken,0,sadness,"Napakasakit ng pakiramdam ko, parang nabasag ang puso ko."
i started to feel cold like symptoms of light nausea cough and tiredness,3,anger,"Nagsimulang akong maramdaman ang lamig, parang sintomas ng kaunting pagsusuka, ubo, at pagod."
i feel about not having the precious moments that nursing brings,1,joy,Nararamdaman ko ang pagkukulang sa mga mahalagang sandali na dala ng pagiging isang nars.
i listen to dubstep when im feeling damn irritated,3,anger,Nakikinig ako ng dubstep kapag sobrang nainis ako.
i actually feel the most content,1,joy,Talagang nararamdaman kong pinakamasaya ako.
i started feeling dazed,4,fear,Nagsimulang makaramdam ako ng pagkalito.
i feel the need to have a reason or everything i hated that i had to be subjected to thunder and lightening when it was unnecessary,0,sadness,"Nararamdaman kong kailangan kong magkaroon ng dahilan para sa lahat ng aking iniinda, lalo na sa mga pagsubok na aking naranasan na parang pag-ulan ng kidlat at kulog na hindi naman kailangan."
i dont even know how to describe how i feel its like im sad but i can understand his decision but i cant control myself to not be mad at him,0,sadness,"Hindi ko nga alam kung paano ilarawan ang nararamdaman ko, parang malungkot ako pero naiintindihan ko ang kanyang desisyon, pero hindi ko mapigilan ang magalit sa kanya."
i look at this list and think no wonder i have no idea who i am that i feel like a blank,0,sadness,"Tinitingnan ko itong listahan at naisip, hindi nakakagulat na wala akong ideya kung sino ako, parang isang blangko ako."
i feel fearful,4,fear,Natatakot ako.
i often feel bothered by it by my inability to stop loving people no matter how much time passes or how deeply they wrong me,3,anger,Madalas akong maistorbo dahil sa aking kakayahang hindi tumigil sa pagmamahal sa mga tao kahit gaano katagal ang panahon o gaano kalalim ang kanilang pagkukulang sa akin.
i feel proud of my work and the playful enriching curiosity encouraging environment that work has created for future kindergarteners who come through the school,1,joy,"Nararamdaman kong ipinagmamalaki ang aking trabaho at ang masayang, nagbibigay-yaman, at nagpapalakas ng pag-uugnay na kapaligiran na nilikha ng trabaho para sa mga batang papasok sa kindergarten sa hinaharap na darating sa paaralan."
i have really come up against some intense struggles since moving in here and i have to say i am very proud at the way we are giving each other the respect to feel however we need to feel mad stressed whatever and yet we still pull together to fix the issue,3,anger,"Talagang kinahaharap ko ang mga matinding pagsubok mula nang lumipat dito, at dapat kong sabihin na sobrang nagmamalaki ako sa paraan natin sa pagbibigay ng respeto sa isa't isa upang maramdaman ang ating nararamdaman, galit man, stress man, ano man, at gayon pa man, tayo'y nagtutulungan pa rin upang ayusin ang problema."
i don t feel petty,3,anger,Hindi ako nakakaramdam ng maliit o mapagkumbaba.
i usually am all over that it probably comes to the fact that vm i feel entertained by and like but am not in love with any of the characters,1,joy,"Karaniwan akong ganun, marahil dahil nakakatuwa ako sa kanila at gusto ko sila, pero hindi ako umiibig sa kahit isa sa mga karakter."
ive been feeling a bit disheartened blog wise recently,0,sadness,Nararamdaman kong medyo nababawasan ang aking sigla sa pagsusulat ng blog kamakailan.
im feeling energetic and motivated with my kids the days can move so slowly,1,joy,"Masaya at may lakas akong pakiramdam kasama ang aking mga anak, minsan parang napakalamig ng paglipas ng araw."
i am able to share my ideas without feeling stupid because they already know how dumb i can be,0,sadness,Kaya kong ibahagi ang aking mga ideya nang hindi nadarama ang kahihiyan dahil alam na nila kung gaano ako katanga.
i feel excited just exams left to freedom m wish me superduperreally luck,1,joy,"Na-e-excite ako, ilang eksamen na lang at malaya na ako! Sana bigyan ninyo ako ng sobrang suwerte!"
i am feeling very cranky this christmas,3,anger,Napakasungit ko ngayong Pasko.
i falter and blurt out something that offends you please understand that i am still learning and i will probably feel as foolish as i just sounded,0,sadness,"Kung magkamali ako at bigla kong sasabihin ang isang bagay na nakakasakit, sana maintindihan mo na ako'y patuloy pa ring natututo at malamang mararamdaman ko rin ang kahihiyan gaya ng narinig mo."
i feel a little less fearful about it,4,fear,Nararamdaman kong medyo bumababa na ang takot ko tungkol dito.
i got the feeling she hated that that i would not admit it let it in i know ive hated every single obstacle that kept it from her every single leaden block that kept being placed in our once clear path to one anothers arms,3,anger,"Naramdaman kong ayaw niya na hindi ko aminin, hindi ko hayaang makapasok. Alam kong inaway ko ang bawat hadlang na pumigil sa kanya, bawat mabigat na bloke na patuloy na inilalagay sa ating dating malinaw na daan tungo sa mga bisig ng isa't isa."
i want to know feelings i never felt before but will i ever experience your gentle touch again,2,love,"Gusto kong malaman ang mga damdamin na hindi ko pa naranasan, ngunit makararanas kaya ako muli ng iyong mahinang paghawak?"
i feel a little discouraged here and there but i m not giving up,0,sadness,Nararamdaman ko minsan ang kaunting pagkabigo ngunit hindi ako susuko.
i also havent been feeling photo friendly of late as i have three coldsores on my face,1,joy,Hindi rin ako nakakaramdam ng maganda sa pagkuha ng litrato ngayon dahil may tatlong sugat sa labi ako sa mukha.
i feel like a cold object with no identity,3,anger,Parang isang malamig na bagay na walang pagkakakilanlan ang nararamdaman ko.
i was beginning to think that i had been cut from the ranks of the frugal antics improv challenge and was beginning to feel a bit insecure about my first entry last month,4,fear,Nagsisimula na akong maniwala na tinanggal na ako sa mga kalahok ng Frugal Antics Improv Challenge at nagsisimula nang makaramdam ng kaunti pang kawalan ng tiwala sa aking unang pagpasok noong nakaraang buwan.
i got an a in anatomy the first one i have ever gotten in a science class here,1,joy,"Nakakuha ako ng grado A sa anatomiya, ang unang beses kong nakakuha ng ganito sa isang asignaturang agham dito."
i feel heartbroken for the people of north carolina,0,sadness,Nasasaktan ako para sa mga tao sa North Carolina.
i didn t feel like she was totally supportive,2,love,Hindi ko naramdaman na ganap siyang sumusuporta.
i feel so valued but vastly underpaid,1,joy,Nararamdaman kong mahalaga ako ngunit malaki ang pagkakaiba ng aking halaga at sa aking sahod.
i could never feel the kind of security intimacy and love that i have been longing for in this lifetime,2,love,"Hindi ko kailanman naramdaman ang uri ng seguridad, kalapitan, at pag-ibig na aking hinahangad sa buhay na ito."
i think from being sick all last week i just got into a rut and once i feel low like that it is so hard to get back into a routine,0,sadness,"Sa tingin ko, dahil nagkasakit ako buong nakaraang linggo, nakulong ako sa isang rut at kapag nararamdaman kong mababa, mahirap bumalik sa aking pang-araw-araw na gawain."
i dont write because i feel i have superior will power that has enabled me to abstain throughout the years,1,joy,Hindi ako sumusulat dahil sa pakiramdam kong may mas mataas na lakas ng loob akong nagpapahintulot sa akin na tumanggi sa mga taon.
i could genuinely connect and enjoy instead of withdrawing and feeling resentful,3,anger,Maaari akong tunay na makipag-ugnayan at mag-enjoy sa halip na umatras at magdamdam ng sama ng loob.
im just feeling rebellious,3,anger,Gusto ko lang mag-rebelde.
i started to explain how miserable ive been this year and all of the reasons why and its just so pathetic feeling that im too embarrassed to even describe,0,sadness,"Nagsimula akong ipaliwanag kung gaano ako kasakit ang nararamdaman ngayong taon at lahat ng dahilan kung bakit, at sobrang nakakahiya ang pakiramdam na hindi ko na alam kung paano ilalarawan."
i know that i will find a job and god has a plan but im feeling a little uncertain about everything at the moment,4,fear,"Alam kong makakahanap ako ng trabaho at may plano ang Diyos, pero medyo hindi ako sigurado sa lahat ng bagay ngayon."
i feel really disheartened and sad and i tried to call ashley and later tried to call rommel,0,sadness,"Napakasakit at malungkot ko, kaya tumawag ako kay Ashley at kalaunan kay Rommel."
i would have liked to go but that i wouldnt leave without reason because that would feel highly uncomfortable,4,fear,Gusto kong pumunta ngunit ayaw kong umalis nang walang dahilan dahil magiging hindi komportable iyon.
i feel an angel steal me from the greedy jaws of death and chance and pull me in with steady hands theyve given me a second chance the artist in the ambulance can we pick you off the ground more than flashing lights and sound,3,anger,"Nararamdaman kong isang anghel ang humihila sa akin mula sa mga mapagkukunwariang ngipin ng kamatayan at kapalaran, at hinila ako gamit ang matibay na kamay. Ibinigay nila sa akin ang isang pangalawang pagkakataon. Ang artista sa ambulansya, kaya ba nating iangat ka mula sa lupa, higit pa sa mga kumikislap na ilaw at ingay?"
i was just feeling a little bit creative,1,joy,Nararamdaman ko lang medyo malikhain.
im feeling more than a little dazed,4,fear,Nararamdaman kong medyo nalilito.
i have seen you fall asleep climbing back into bed before you were even horizontal and now i am awake and my neck is cramped and i am feeling hostile and cheated,3,anger,"Nakita kitang natutulog habang umaakyat pabalik sa kama bago ka pa man maging pahalang, at ngayon ako'y gising at ang leeg ko'y masakit at nararamdaman kong galit at niloloko."
i just didnt feel they got me which meant i was reluctant to open up and really share what was going on,4,fear,"Hindi ko lang naramdaman na naiintindihan nila ako, kaya ayaw kong magbukas at tunay na ibahagi kung ano ang nangyayari."
i feel so overwhelmed im nauseous,4,fear,Nararamdaman kong sobrang pagod at nahihilo ako.
i feel very honoured and look forward to taking up the challenge,1,joy,Nararamdaman kong lubos na karangalan at inaabangan kong tanggapin ang hamon.
i feel as if i m one of the stubborn ones,3,anger,Nararamdaman kong parang isa ako sa mga matigas ang ulo.
ive always felt like ill finish my masters i was raised and told that its really important to finish university and i kinda feel like im intelligent enough to really finish it see my pride,1,joy,"Lagi kong nararamdaman na matapos ko ang aking masteral. Lumaki ako at sinabihan na mahalaga talagang matapos ang kolehiyo, at parang kaya kong tapusin ito, tingnan mo ang aking pagmamalaki."
i feel like ive been talking about creation stories forever and im excited to finally be able to move,1,joy,Parang magpakailanman na akong nagkukuwento tungkol sa mga kwentong paglikha at sobrang saya ko na makalipat na rin.
i find myself feeling shamefully skeptical of the wisdom of popular gurus especially when it comes to persuasively explaining seriously complex phenomena even when its offered to standing ovations coming from cheering audiences,4,fear,Nakakaramdam ako ng kahihiyan dahil sa aking pag-aalinlangan sa karunungan ng mga sikat na gurong lalo na kapag ipinaliwanag nila nang mapanlinlang ang mga seryosong kumplikadong pangyayari kahit na may mga palakpakan at sigawan mula sa mga manonood.
im not sure how i feel im shocked honestly,4,fear,"Hindi ko sigurado kung ano ang nararamdaman ko, totoo naman akong nagulat."
im feeling a lil restless about axel,4,fear,Nararamdaman kong medyo hindi ako mapakali tungkol kay Axel.
i didnt think he could honestly feel this way about himself and if he did he had no reason to because again he was popular and incredibly hot,1,joy,"Hindi ko akalaing kaya niyang tunay na maramdaman ang ganitong paraan tungkol sa sarili niya, at kung ganoon nga, wala siyang dahilan dahil muli, siya ay sikat at napakagwapo."
i was part of the family and have a feeling of being accepted,1,joy,Ako ay bahagi ng pamilya at nararamdaman ang pagtanggap.
i feel hated and isolated but it doesn t hurt,3,anger,Nararamdaman kong kinamumuhian at iisa ako ngunit hindi ito nasasaktan.
i used to hate going to work so much but after today i feel reassured that im doing a good job,1,joy,"Dati ay ayaw kong pumunta sa trabaho ngunit matapos ngayon, nakaramdam ako ng katiyakan na ginagawa ko nang mabuti ang aking trabaho."
im feeling good but just need a vacation after my vacation,1,joy,Masaya ako pero kailangan ko ng bakasyon pagkatapos ng bakasyon ko.
im not feeling like the meetings are a particularly supportive environment how does she expect to be treated when she has lost the weight she wants to lose,2,love,Hindi ko nararamdaman na ang mga pulong ay isang partikular na mapagkalingang kapaligiran. Paano niya inaasahan na tratuhin siya nang mabuti kapag nawala na niya ang kanyang nais na timbang?
i have a full stomach and this is my nd class of the day im pretty much pooped and feeling lethargic,0,sadness,"Busog ako at ito na ang ikalawang klase ko ngayon, medyo pagod na ako at parang walang gana."
i usually wake up feeling kind of groggy,0,sadness,Karaniwan akong gising na parang antok pa.
i established a rule with my comp that we don t end planning session at the end of the day until we resolve all conflicts or any feelings of anger or anything that bothered one of us to each other and fix whatever it was,3,anger,Itinatag ko ang isang patakaran sa aking kompanya na hindi tayo magtatapos ng sesyon ng pagpaplano sa dulo ng araw hanggang sa malutas natin ang lahat ng mga alitan o anumang damdamin ng galit o anumang bagay na nag-abala sa isa sa atin sa isa't isa at ayusin ang anumang iyon.
im sitting outside mildly determined to just write what i feel its gorgeous outside even if the bugs are buzzing around,1,joy,"Nakaupo ako sa labas, medyo determinado na isulat lamang ang nararamdaman ko. Maganda ang labas kahit na may mga insekto na kumakalat."
i feel even more blank than before,0,sadness,Mas lalong nararamdaman kong wala akong laman kaysa dati.
i also have learned that feelings cant hurt me unless i hold on to them,0,sadness,Natutunan ko rin na hindi maaaring masaktan ng damdamin maliban kung hahawakan ko sila.
i tried to explain to him how i feel when he says he is supportive and then he just goes about life status quo,2,love,"Sinubukan kong ipaliwanag sa kanya kung paano ako nararamdaman kapag sinasabi niyang sumusuporta siya, tapos basta na lang siya nagpapatuloy sa kanyang normal na pamumuhay."
i feel there is a shortage of loyal people whom you can trust,2,love,Nararamdaman kong kulang ang mga taong tapat na mapagkakatiwalaan.
i feel a little intimidated,4,fear,Nararamdaman kong medyo kinakabahan.
i went to bed late last night and feel sort of groggy this morning,0,sadness,Nagising ako nang huli kagabi at medyo antok pa ako ngayong umaga.
during my holiday i met again a friend who had tried to commit suicide she had just left hospital,0,sadness,"Noong bakasyon ko, muling nakilala ko ang isang kaibigan na nagtangka ng pagpapakamatay, kakalabas lang niya ng ospital."
i hold the bow it make me feel cool,1,joy,"Hawak ko ang pana, parang nakakakilig."
i feel that this is an acceptable compromise for a drive which is so portable and compatible,1,joy,Nararamdaman kong ito ay isang katanggap-tanggap na kompromiso para sa isang drive na napakadaling dalhin at compatible.
i feel this piece is extremely resolved and cohesive making it one of the most successful arist s books i have ever seen and experienced,1,joy,"Nararamdaman kong lubos na naresolba at magkakaugnay ang piraso na ito, kaya isa ito sa mga pinaka-matagumpay na aklat ng artista na aking nakita at naranasan."
i feel a bit jealous because i been trying to date him long time ago but he doesnt want me,3,anger,Nararamdaman kong medyo mainggit dahil matagal ko nang gustong ligawan siya ngunit ayaw niya sa akin.
im quite sore today and physically just feeling exhausted and burnt out,0,sadness,medyo masakit ang katawan ko ngayon at pisikal na pagod at nabubulok na ako.
i also feel contented and humbled by this experience and will always be thankful for this opportunity,1,joy,Ako rin ay nakaramdam ng kasiyahan at pagpapababa ng sarili dahil sa karanasang ito at magpapasalamat ako lagi sa pagkakataong ito.
i p i could sit here and beat myself up over it all but im feeling far to rebellious for that today basically im feeling angry at the world and at myself all at the same time,3,anger,"Maaari akong manatili dito at sisihin ang aking sarili dahil dito, ngunit nararamdaman kong masyadong rebelde para doon ngayon. Sa katunayan, nararamdaman kong galit sa mundo at sa aking sarili nang sabay-sabay."
i don t feel the least bit left out instead i m eager to watch these two as lucas grows,1,joy,"Hindi ako kahit papaano nadarama na naiwan, sa halip, masaya akong panoorin silang dalawa habang lumalaki si Lucas."
i feel somehow humorous,1,joy,Nararamdaman kong medyo nakakatawa.
i hoped she wouldnt feel disappointed if no one called,0,sadness,Sana hindi siya ma-disappoint kung walang tumawag.
i didnt feel she was being selfish and completely understood where she was coming from,3,anger,Hindi ko naramdaman na siya ay makasarili at ganap na naunawaan ko kung saan siya nanggaling.
ive been feeling a little stupid because i dont know how,0,sadness,Nararamdaman kong medyo bobo dahil hindi ko alam kung paano.
i feel pretty confident in my decision,1,joy,Nararamdaman kong medyo sigurado ako sa aking desisyon.
i feel like i do understand my divine nature as a daughter of god but clearly i dont,1,joy,Nararamdaman kong naiintindihan ko ang aking banal na kalikasan bilang anak ng Diyos ngunit malinaw na hindi ko ito lubos na nauunawaan.
i feel hateful sometimes,3,anger,"Minsan, nararamdaman kong may galit."
i just want to go out there and uplift some people and let people walk away feeling like they saw something and are excited,1,joy,Gusto ko lang lumabas doon at pataasin ang kalooban ng mga tao at hayaan silang umalis na parang nakita nila ang isang bagay at nagiging masaya.
i feel respected something most girls cannot receive from their peers,1,joy,"Nararamdaman kong nirerespeto, isang bagay na hindi lahat ng babae natatanggap mula sa kanilang mga kapantay."
i am feeling a little stressed as aaron has friends over for a sleep over,3,anger,Nararamdaman kong medyo stressed dahil may sleepover si Aaron kasama ang mga kaibigan niya.
i seriously have no feeling when i got rejected in a sense i am neither happy sad or average,0,sadness,"Talagang wala akong nararamdaman nang tanggihan ako, hindi ako masaya, malungkot, o kahit ordinaryo."
i can stop feeling jealous,3,anger,Maaari akong huminto sa pagiging seloso.
after my boyfriend and i had separated,0,sadness,Pagkatapos ng paghihiwalay ko at ng aking boyfriend.
i feel so distraught and sad,4,fear,Napakasakit at malungkot ng pakiramdam ko.
i will always help others in any way i can but if you don t feel it within you to do the work and to finally learn to love yourself then my help and motivation will be in vain,0,sadness,"Lagi akong tutulong sa iba sa lahat ng paraan na kaya ko, ngunit kung hindi mo nararamdaman sa iyong puso na gawin ang trabaho at matutong mahalin ang iyong sarili, magiging walang saysay ang aking tulong at inspirasyon."
i feel like the energy from the moon and the stars is just as vital both physically and emotionally as that from the sun,1,joy,"Nararamdaman kong ang enerhiya mula sa buwan at mga bituin ay kasing-mahalaga, kapwa pisikal at emosyonal, gaya ng enerhiya mula sa araw."
i hear the name i feel loved,2,love,"Naririnig ko ang pangalan, nararamdaman kong mahal ako."
i went to bed feeling lousy,0,sadness,Pumasok ako sa kama na parang hindi maganda ang pakiramdam.
i guess i feel that the things i wrote about were so petty and small that im kind of embarrassed to go back through them,3,anger,Siguro nararamdaman kong maliit at walang kabuluhan ang mga isinulat ko kaya medyo nahihiya akong bumalik at basahin muli.
i don t expect you to feel sorry for me,0,sadness,Hindi ko inaasahan na magdadalawang-isip ka para sa akin.
i am feeling well and happy with my progress,1,joy,Mabuti ang aking pakiramdam at masaya ako sa aking pag-unlad.
i am feeling blessed that i live in america have a wonderful family and that dorothy kelsey was a part of my life,2,love,"Masaya ako na nabubuhay ako sa Amerika, may magandang pamilya, at si Dorothy Kelsey ay naging bahagi ng aking buhay."
i feel very blessed with how easy this has been so far,1,joy,Napakaligaya ko dahil napakadali nito hanggang ngayon.
i just feel that anybody who is fully satisfied with what they are doing is never going to make any progress and sometimes feeling bad about feeling bad can act as a motivational tool,1,joy,"Nararamdaman ko lang na ang sinumang lubos na kontento sa ginagawa ay hindi na magkakaroon ng anumang pag-unlad at minsan, ang pag-aalala sa pagiging malungkot ay maaaring maging isang motibasyon."
i began to feel if i keep on supporting this system i became a part of the blood sucking everything for profit machinery,1,joy,"Nagsimula akong makaramdam na kung patuloy akong susuporta sa sistema, naging bahagi na ako ng makina na kumukuha ng dugo, lahat para sa tubo."
im feeling quite pleased with myself i spent minutes on the cross trainer and then two lots of minutes on the vibration plate just to test out the programs of course,1,joy,"Masaya ako sa aking sarili, nag-ehersisyo ako ng ilang minuto sa cross trainer at saka dalawang beses ng ilang minuto sa vibration plate para lang subukan ang mga programa siyempre."
i feel so tortured,3,anger,Napakasakit ng pakiramdam ko.
i feel inside cause life is like a game sometimes but then you came around me the walls just disappeared nothing to surround me and keep me from my fears im unprotected see how ive opened up oh youve made me trust cause ive never felt like this before im naked around you does it show,0,sadness,"Nararamdaman ko ang pagbabago sa loob ko dahil ang buhay ay parang laro minsan ngunit nang dumating ka sa tabi ko, nawala ang mga pader, wala nang nakapalibot sa akin at nagtatago sa aking mga takot. Nakalantad ako, tingnan mo kung paano ako bumukas. Ikaw ang nagbigay sa akin ng tiwala dahil hindi ko naranasan ang ganitong pakiramdam noon. Hubad ako sa harapan mo, nakikita mo ba?"
i highly recommend not just this song but the band in general i know their sound might seem familiar girl rock sort of but i feel that their performances are very sincere and anyway their stuff is really good,1,joy,"Lubos kong nirerekomenda hindi lamang itong kanta kundi ang banda mismo. Alam kong pamilyar ang kanilang tunog, parang girl rock, pero nararamdaman kong tunay ang kanilang pagtatanghal at saka talagang maganda ang kanilang mga awit."
im just feeling so lethargic,0,sadness,"Napakasakit ng pakiramdam ko, parang walang lakas."
im very much the opposite of it my cool is based on drinking and socializing without rememberiing meeting and trying to know people just to feel accepted for the first time in my life,2,love,"Ako ay lubos na kabaligtaran nito; ang aking lamig ay batay sa pag-inom at pakikisalamuha nang hindi naaalala ang mga pagkikita at pagsisikap na makilala ang mga tao, lamang upang maramdaman ang pagtanggap sa unang pagkakataon sa aking buhay."
i could feel the cool air marillac was like a giant residential freezer flow with more ease through the teeny extra hole in my right nostril,1,joy,"Nararamdaman ko ang malamig na hangin, parang ang Marillac ay isang malaking ref ng tirahan, dumadaloy nang mas madali sa maliit na butas sa aking kanang ilong."
i code existed for the sole purpose of making stupid people feel smart,1,joy,Ang layunin ng code na ito ay para lamang pakiramdamang matalino ang mga taong bobo.
i feel sarcastic more often than not,3,anger,Madalas akong magmukhang sarkastiko.
i feel is probably the most acceptable strategy to finding out historical past it does not imply by any means that it is the only method to study historical past we must always have this subject clear,1,joy,"Sa palagay ko, ito ang pinaka-tanggap na estratehiya sa pagtuklas ng kasaysayan, hindi naman ito nangangahulugan na ito ang tanging paraan upang pag-aralan ang kasaysayan, dapat nating malinaw ito."
i think the thing of it is that i feel like i get to be thankful more easily than a lot of people,1,joy,"Sa tingin ko, ang punto ay nararamdaman kong mas madali akong maging nagpapasalamat kaysa sa maraming tao."
i feel very peaceful when i look at it,1,joy,Nararamdaman kong lubos na mapayapa kapag nakatingin ako rito.
im still feeling thankful and in that vein thought id celebrate blogging by sharing some moments experiences from this fall that i am grateful for,1,joy,"Patuloy pa rin akong nagpapasalamat at sa ganitong kalagayan, naisip kong ipagdiwang ang pag-blog sa pamamagitan ng pagbabahagi ng ilang sandali at karanasan mula sa taglagas na ito na aking pinagpapasalamat."
im not feeling violent im feeling creative with weapons,3,anger,"Hindi ako mararamdaman ang karahasan, nararamdaman ko ang pagiging malikhain gamit ang mga armas."
i feel overwhelmed in a good way,4,fear,"Nararamdaman kong sobra ang saya, sa magandang paraan."
i don t feel gloomy about it despite losing my journalism gig last march,0,sadness,Hindi ako malungkot tungkol dito kahit nawalan ako ng trabaho bilang mamamahayag noong Marso.
i still feel groggy and my stomach is still cramping and im still bleeding from the biopsies i feel like ive been given an opportunity,0,sadness,"Parang hindi pa rin ako ganap na gising at ang aking tiyan ay patuloy pa ring nasasaktan at patuloy akong dumadaloy mula sa mga biopsy, parang binigyan ako ng pagkakataon."
im skipping floors one and four because theyre two of the most conventional feeling and quite frankly boring maps in the game for me,0,sadness,"Ini-skip ko ang unang at ikaapat na palapag dahil dalawa sa mga pinaka-tradisyonal at, totoo lang, nakakabagot na mapa sa laro para sa akin."
i would rather take my chances on keeping my heart and getting it broken again and again then to stop feeling to stop caring to be bitter cross cynical,2,love,"Mas gugustuhin kong ipaglaban ang aking puso at masaktan ulit at ulit kaysa tumigil sa pagmamahal, tumigil sa pag-aalala, at maging mapait, mapanghusga, at mapanirang-puri."
i feel like a hot mess,2,love,Parang isang gulo ako.
i just try not to talk to anyone when i feel irritable like that,3,anger,Hindi ko lang ginagawa ang makipag-usap sa kahit kanino kapag nararamdaman kong ganoon ka-irrita-ble.
i feel i am a rejected child,0,sadness,Nararamdaman kong ako ay isang itinakwil na bata.
i havent been measuring out food drinking nearly enough water tracking any fitness and overall i feel completely shaken and unfocused because i dont feel like my foundation is steady at the moment,4,fear,"Hindi ako nagme-measure ng pagkain, hindi sapat na tubig ang iniinom, hindi ko sinusubaybayan ang aking fitness, at sa pangkalahatan, nararamdaman kong lubos na nababagabag at hindi nakatuon dahil hindi ko nararamdaman na matibay ang aking pundasyon ngayon."
i really am feeling so impatient,3,anger,Talagang hindi ko mapigilan ang aking pagmamadali.
i suggest before you begin you take some time to reflect on your relationships and understand what specifically makes you feel valued and loved and what makes you feel insecure and unnecessary,1,joy,"Inirerekomenda ko na bago ka magsimula, gugulin mo ang ilang oras sa pagninilay tungkol sa iyong mga relasyon at maunawaan kung ano ang tiyak na nagpaparamdam sa iyo na pinahahalagahan at minamahal, at kung ano ang nagpaparamdam sa iyo na hindi ligtas at hindi kailangan."
i do my yoga i open up feel tender two hours later i m nicely swaddled up again happily wrapping layer upon layer over it out of my well meaning habit,2,love,"Ginagawa ko ang aking yoga, binubuksan ko ang aking sarili, nararamdaman ang kahinaan, dalawang oras matapos, masaya akong nakabalot muli, masayang inilalagay ang isa't isa na mga layer sa aking sarili dahil sa aking mabuting hangarin."
i feel woefully inadequate lost and fearful he will do whatever needs to be done,0,sadness,"Nararamdaman kong lubos na hindi sapat, nawawala, at natatakot na gagawin niya ang lahat ng kailangan."
i don t a feel like an idiot and b not get illogically mad at people for going to bed too early sorry for the anger family,3,anger,"Hindi ako nararamdaman na tanga at b hindi nagagalit nang walang dahilan sa mga taong natulog nang maaga. Pasensya na sa galit, pamilya."
ive been feeling a bit nostalgic ever since i went through a box of my dads old pictures for a post i did for a href http mysalvagedtreasures,2,love,Nararamdaman kong medyo ma-nostalgic simula nang tingnan ko ang isang kahon ng mga lumang larawan ng aking ama para sa isang post na ginawa ko para sa [href http://mysalvagedtreasures].
i feel troubled by his hunger and his homelessness,0,sadness,Nakakabahala sa akin ang kanyang gutom at kawalan ng tirahan.
i feel so so tortured by looking at the lecture notes and nothing is going in except for my holiday plans,3,anger,Napakasakit ng pakiramdam ko habang pinapanood ang mga tala ng leksiyon at wala akong natutunan kundi ang aking mga plano para sa bakasyon.
i see but i feel confused by all about you lately,4,fear,Nakikita ko ngunit nalilito ako sa lahat tungkol sa iyo kamakailan.
i came to a theory whereby even if you feel that you do not want to hear the truth in the end you would have to face it for my case i had to read it which was a remorseful feeling for me,0,sadness,"Dumating ako sa isang teorya na kahit hindi mo gustong marinig ang katotohanan, sa huli ay kailangan mong harapin ito. Sa aking kaso, kailangan kong basahin ito, na nagdulot sa akin ng pakiramdam ng pagsisisi."
i feel threatened or anxious i become numb and detatched from my emotions and environment,4,fear,"Kapag nararamdaman kong natatakot o kinakabahan ako, naging bingi at malayo ako sa aking damdamin at kapaligiran."
i cant tell you the joy i was feeling as i held my now calm son,1,joy,Hindi ko masasabi sa iyo ang kagalakan na naramdaman ko habang hawak ko ang aking anak na ngayon ay tahimik na.
i am so grateful for that today and feel very blessed to have two grandsons right now,1,joy,Napakasaya ko ngayon dahil dito at sobrang biyaya na may dalawang apo na ako ngayon.
i say walking away and shaking my head feeling a little dazed to get the drinks,4,fear,"Sabi ko, umalis na at umiling habang nararamdaman ang kaunting pagkalito para kunin ang mga inumin."
i feel determined to do well for my mother tongue paper that will be here in odd days time,1,joy,Nararamdaman kong determinado akong magaling sa aking papel sa wikang katutubo na darating sa mga kakaibang araw.
when my application for studying the masters degree was accepted,1,joy,Nang tinanggap ang aking aplikasyon para sa pag-aaral ng masteral.
i feel like that s the thing that happened with my dad i was too stubbornly loyal to let him dump me like a rotten piece of food,2,love,Parang iyon ang nangyari sa akin at sa aking ama; masyadong matigas ang aking pagiging tapat kaya hindi niya ako iniwan parang isang masamang pagkain.
i feel slightly pained and jolted like frozen toes thawing out after a long afternoon of sledding in the snow,0,sadness,"Nararamdaman kong may kaunting sakit at kirot, parang mga daliri ng paa na nagyeyelo na nag-aangat ng init pagkatapos ng mahabang hapon ng pagsakay sa sled sa niyebe."
i feel like all she wants is his parents fortune which is unfortunate,0,sadness,"Parang lahat ng gusto niya ay ang kayamanan ng mga magulang niya, na sayang naman."
i feel like a person who tortured somebody because i like to see the fans confused and embarrassed at the same time,4,fear,Nararamdaman kong parang isang taong nagpakasakit sa iba dahil nasisiyahan akong makita ang mga tagahanga na nalilito at nahihiya nang sabay-sabay.
i want to capture this feeling and put it into words so i can again gain the sweet taste in my mouth right now,2,love,Gusto kong makuha ang pakiramdam na ito at ilagay ito sa mga salita upang maulit ko ang matamis na lasa sa aking bibig ngayon.
i don t know how i feel about this but i am beyond thrilled that the fall show will happen in paris,1,joy,"Hindi ko alam kung paano ako nakakaramdam tungkol dito, pero sobrang saya ko na ang palabas sa taglagas ay gaganapin sa Paris."
i still feel a little bit funny when i discover his fb damn it,4,fear,"Parang medyo kakaiba pa rin ang pakiramdam ko kapag nakakakita ako ng kanyang FB, droga!"
i feel horrible again today,0,sadness,Masama na naman ang pakiramdam ko ngayon.
i might go out of existance i smile pick up my pen and fill the page with the things that you say the thoughts you obtain the moments you refrain far away its cause youre going insane and suddenly im left afraid because im not feeling that way instead im amazed why you gotta be that way,4,fear,"Maaaring mawala ako, ngumiti ako, kinuha ko ang aking panulat at punuin ang pahina ng mga bagay na sinasabi mo, ang mga iniisip mo, ang mga sandali na iyong pinipigilan, malayo ka dahil nagkakasira ka, at bigla akong natatakot dahil hindi ko nararamdaman iyon, sa halip ay nabighani ako kung bakit ka ganoon."
i am new to this forum and i wish to have extended friends and acquaintances here as i feel this is quite a friendly forum,1,joy,Bago ako sa forum na ito at nais kong magkaroon ng maraming kaibigan at kakilala dito dahil sa tingin ko ay napakabait ng mga tao rito.
i feel guilty after i do these things,0,sadness,Nakakaramdam ako ng pagkakasala pagkatapos kong gawin ang mga bagay na ito.
i also feel it is worth mentioning that makin it rain may be acceptable at a strip club but not at your local cineplex,1,joy,"Nararamdaman ko rin na mahalagang banggitin na ang ""makin it rain"" ay maaaring tanggap sa isang strip club ngunit hindi sa inyong lokal na sinehan."
i think they feel somehow offended because the christians played a big part in destroying the earlier cultures religions and mythologies,3,anger,Akala ko'y naapektuhan sila dahil malaki ang papel ng mga Kristiyano sa pagkawasak ng mga sinaunang relihiyon at mitolohiya ng iba't ibang kultura.
i feel quite photographically lethargic and drained its difficult to explain but im really happy my school semester is coming to an end,0,sadness,"Nararamdaman kong medyo pagod at walang gana sa pagkuha ng litrato, mahirap ipaliwanag pero tunay akong masaya dahil malapit nang matapos ang aking semestre sa paaralan."
i kept feeling love for the divine and others who were there with me my crew fellow runners volunteers passersby,1,joy,"Patuloy akong nararamdaman ang pag-ibig para sa diyos at sa iba pang kasama ko, ang aking koponan, mga kasamahang tumatakbo, mga boluntaryo, at mga dumadaan."
i did on weekends was sleep and feel bitter about the world,3,anger,Ang ginagawa ko tuwing weekend ay matulog at magdamdam ng mapait tungkol sa mundo.
i didnt feel disheartened,0,sadness,Hindi ako nadamaang nabigo.
i know it seems strange writing to you after all this time and i honestly feel appalled at my behavior as a mother,3,anger,"Alam kong kakaiba ang sumulat sa iyo matapos ang lahat ng ito, at totoo akong naaawa sa aking pag-uugali bilang ina."
i feel a little overwhelmed this weekend i went out to the beach and just stood in the surf watching listening and feeling the waves come in and out,4,fear,"Nararamdaman kong medyo nababalot ng damdamin ngayong weekend, pumunta ako sa beach at nakatayo lang sa alon, nanonood, nakikinig, at nararamdaman ang pagdating at pag-alis ng mga alon."
im just feeling really shitty about life in general now that i want to just write continuously,0,sadness,"Napaka-down ko lang sa buhay ngayon, gusto ko lang mag-ulat nang patuloy."
im always being afraid how the students really feel boring hard to understand or satisfied,0,sadness,"Lagi akong natatakot kung gaano sila ka-bored, kung mahirap intindihin, o kung nasiyahan sila."
i also find that if youre feeling cold then get out the broom and scrubbing brush some vinegar and old newspapers and give the house a going over,3,anger,"Kung nararamdaman mong malamig, kumuha ng walis at kuskusin, maglagay ng suka at lumang diyaryo, at linisin ang bahay."
im feeling mellow and am enjoying the cooler weather,1,joy,Nararamdaman kong mellow at nasisiyahan sa mas malamig na panahon.
i went to the church function instead feeling pretty lame,0,sadness,Pumunta ako sa salu-salo ng simbahan kahit medyo nahihiya ako.
im feeling so so insecure,4,fear,Napakasensitive ko ngayon.
i could give it away but im feeling greedy at the moment,3,anger,Maaari kong ibigay iyon ngunit nararamdaman kong sakim ako ngayon.
i have been feeling very shaky and weak and light headed starting from yesterday and this morning when i woke up i couldn t breathe properly no matter how many deep breaths i took in i just felt there just wasn t enough oxygen going in,4,fear,"Nararamdaman kong napaka-mabagabag at mahina, at parang maliligo ang ulo ko simula kahapon, at ngayong umaga nang magising ako, hindi ako makapag-hinga nang maayos kahit gaano pa ako kalalim na huminga, parang kulang ang oxygen na pumapasok."
i may also voice my feelings on a few things here and there if you dont agree with them cool and please do feel free to let me know,1,joy,"Maaari rin akong ilahad ang aking damdamin tungkol sa ilang bagay dito kung hindi ka sumasang-ayon, sige lang, at pakiramdam mo ay malayang sabihin mo."
i feel like a less melancholy holden caulfield,0,sadness,Parang mas hindi malungkot na Holden Caulfield ako.
i feel like i have been learning through the job transition and now through this ordeal is how precious it is when someone asks or cares about what we are going through,1,joy,"Nararamdaman kong natututo ako sa pagbabago ng trabaho at ngayon sa pagsubok na ito, kung gaano kahalaga ang pagtatanong o pag-aalala ng isang tao sa ating pinagdadaanan."
i couldnt help but feel a little curious about it though which is what finally led me to plan to rent it this evening,4,fear,"Hindi ko mapigilan ang aking pagiging medyo interesado rito, at iyon ang nagtulak sa akin na magplano magrenta nito ngayong gabi."
i understand feeling fond of a toilet it s one of my favourite places in the house but seriously is our daughter more enamoured with the porcelain throne than with us,2,love,"Naiintindihan ko ang pakiramdam na magustuhan ang banyo, isa ito sa aking mga paboritong lugar sa bahay, pero seryoso, mas nabighani ba ang ating anak sa porselanang trono kaysa sa amin?"
im feeling a little lost at the moment amp a little low to boot,0,sadness,Nararamdaman ko ngayon na medyo nawawala at medyo malungkot din.
i feel a gentle tap on my shoulder,2,love,Nararamdaman kong may banayad na pagtapak sa aking balikat.
i still feel happy whenever i think of that,1,joy,Masaya pa rin ako kapag naaalala ko iyon.
i feel a bit surprised that motion capture films dont seem to me to have the visual richness and detail that full cgi films have,4,fear,Nararamdaman kong medyo nagulat na tila hindi gaanong mayaman at detalyado ang visual ng mga pelikula na gumagamit ng motion capture kumpara sa mga pelikula na ganap na CGI.
i feel for her i am glad that it was a starter that allowed us to interact and be what we are today,1,joy,Naiintindihan ko siya at masaya ako na simula iyon na nagbigay-daan para makipag-ugnayan tayo at maging kung ano tayo ngayon.
i was feeling pretty hateful towards my refrigerator as i cleaned it,3,anger,Nararamdaman kong medyo galit sa aking ref habang nilinis ko ito.
i feel like i dont have anything worthwhile to blog about so im continuing to blog about things that i used to when i wasnt married,1,joy,Nararamdaman kong wala akong makabuluhan na maisusulat sa blog kaya patuloy akong nagsusulat tungkol sa mga bagay na dati kong pinag-uusapan noong hindi pa ako kasal.
i used to always feel jealous about most things they received from compliments to some valuable stuffs,3,anger,"Dati, lagi akong nagiging seloso sa karamihan ng mga bagay na natatanggap nila, mula sa mga papuri hanggang sa mga mahalagang gamit."
i feel funny cause bonka neva thanked me fa his awards,4,fear,Nararamdaman kong kakaiba dahil hindi pa nagpapasalamat si Bonka sa akin para sa kanyang mga parangal.
i feel slightly disturbed by the whole thing,0,sadness,Nararamdaman kong medyo nababagabag ang buong pangyayari.
i was feeling and how rich we are,1,joy,Nararamdaman ko at gaano kami yaman.
i practice being present and living in the now i feel content appreciative relaxed and satisfied,1,joy,"Pinagpapraktis kong maging naroroon at mabuhay sa kasalukuyan, at nararamdaman kong kontento, nagpapasalamat, nakarelaks, at nasiyahan."
i might push myself little too hard sometimes to feel better but there is no one else out there to do that for me,1,joy,"Minsan, baka sobra kong pagsisikapan para maganda ang pakiramdam ko, pero wala nang ibang makakagawa nun para sa akin."
i feel hesitant unsure doubtful of myself,4,fear,"Hindi ako sigurado, nag-aalinlangan, at may pagdududa sa aking sarili."
i feel proud that illinois is a little ahead,1,joy,Nararamdaman kong mapagmamalaki na ang Illinois ay medyo nangunguna.
i am a very generous person in that i give quality time and make people feel special,1,joy,Ako ay isang napakabait na tao dahil binibigay ko ang aking oras at ginagawa silang pakiramdam na espesyal.
i can pass test two this time round ill feel much better about the main exams in may next year,1,joy,"Kaya kong ipasa ang ikalawang pagsusulit ngayon, mas magiging maayos ang pakiramdam ko sa mga pangunahing pagsusulit sa Mayo ng susunod na taon."
i didnt feel that i had very much to be thankful for,1,joy,Hindi ko naramdaman na mayroon akong maraming dapat pasalamatan.
i feel so horrendously ugly these days,0,sadness,Napakaganda ko naman ngayon.
i like my guests to feel like they are staying in an elegant pristine boutique hotel,1,joy,Gustung-gusto kong maramdaman ng aking mga bisita na parang nakatira sila sa isang elegante at maayos na boutique hotel.
i dont want this blog to be too similar to many others but i may occasionally post a picture of something i feel is an accomplishment or something i am proud of,1,joy,"Ayaw kong maging katulad ng maraming blog ang aking blog na ito, ngunit maaaring minsan akong mag-post ng larawan ng isang bagay na aking nararamdaman na tagumpay o isang bagay na ipinagmamalaki ko."
i appreciate the convenience and peace of mind this program affords young struggling families i feel like its abused on both ends,0,sadness,"Pinahahalagahan ko ang kaginhawaan at kapayapaan ng isip na ibinibigay ng programa sa mga batang pamilyang naghihirap, ngunit parang ginagamit ito nang mali sa magkabilang panig."
i have decided that i want to go to school for mortuary science ok ok i know playing with dead people is morbid but lets face it this is something we will have to deal with one day and i feel as though i am intelligent enough to do it as well as compasionate to be there for greiving families,1,joy,"Nagpasya na akong pumasok sa paaralan ng mortuary science, sige sige, alam kong nakakatakot maglaro sa mga patay pero isipin natin, ito ay isang bagay na kakaharapin natin balang araw, at nararamdaman kong sapat ang aking katalinuhan at pakikiramay upang magawa ito at maging suporta sa mga pamilyang nagluluksa."
i feel in order to be successful in your own life you need to further your education,1,joy,"Nararamdaman kong upang maging matagumpay sa sariling buhay, kailangan mong palawakin ang iyong edukasyon."
im feeling a little overwhelmed,4,fear,Nararamdaman kong medyo sobra na.
i can t decide whether to go with low hung or low slung feel free to leave a preference in comments and i m aware i ve now moved on from death to embalming,1,joy,"Hindi ko mapagdesisyunan kung pipiliin kong ""low hung"" o ""low slung."" Maaari kayong mag-iwan ng inyong kagustuhan sa mga komento, at alam ko na lumipat na ako mula sa ""death"" patungo sa ""embalming."""
i was still feeling optimistic at this point,1,joy,Nananatiling optimistiko ako noon.
i notice i jump when i feel anything in my hair which i cant say im surprised about,4,fear,"Napansin ko na tumatalon ako kapag nararamdaman kong mayroon akong kahit ano sa buhok ko, hindi ko naman masasabi na nagulat ako."
i know it s kind of funny that i m feeling hesitant about making fashion from something we use to scent our clothes but it does worry me a bit,4,fear,"Alam kong medyo nakakatawa na nag-aalinlangan ako sa paggawa ng damit mula sa isang bagay na ginagamit natin upang mabango ang ating mga damit, pero medyo nag-aalala rin ako."
i wouldnt have thought that id be feeling this way but i feel amazing and am glad for what happened,1,joy,"Hindi ko akalaing mararamdaman ko ito, pero sobrang saya ko at nagpapasalamat ako sa nangyari."
i walk around the farm i always feel so peaceful i end up smiling from the sheer beauty and rightness of everything,1,joy,"Naglalakad ako sa bukid, lagi akong nakakaramdam ng kapayapaan, at sa huli ay nakangiti dahil sa tunay na ganda at katwiran ng lahat ng bagay."
i seriously still feel so insecure and dreadful that the new guy would suddenly pop back up and change things,4,fear,Talagang nararamdaman ko pa rin ang malaking kawalan ng tiwala at takot na baka bigla siyang bumalik at magbago ng lahat.
i feel like when you re passionate about something it s okay to be vocal about it as well,1,joy,"Nararamdaman ko na kapag mayroon kang pagmamahal sa isang bagay, tama naman na ipahayag ito nang malakas."
i am feeling cautiously optimistic about dragon age mbourgon honestly yes it has flaws,1,joy,"Nakakaramdam ako ng maingat na pag-asa tungkol sa Dragon Age: Mbourgon, totoo naman, may mga kahinaan ito."
i think many may dislike it as i do and still feel they should be impressed by it the educated and privileged may now be more susceptible to the mass media than the larger public they re certainly easier to reach,4,fear,"Sa tingin ko, marami rin ang maaaring hindi ito magustuhan gaya ko at gayon pa man, nararamdaman nilang dapat silang mapabilib dito. Ang mga edukado at pribilehiyadong maaaring mas madaling maimpluwensyahan ng mass media kaysa sa mas malawak na publiko, tiyak na mas madaling maabot."
i just feel he was another dumb character that deserved to get killed,0,sadness,Parang isa lang siyang bobong karakter na karapat-dapat mamatay.
i have a great family and i feel as if she has missed a great deal by not electing to meet them,0,sadness,Mayroon akong magandang pamilya at parang kulang siya dahil hindi niya sila nakilala.
i feel for them supporting a team that has traded a musical chairs management rotation for no proper manager at all,2,love,"Nakaramdam ako ng awa sa kanila dahil sumusuporta sila sa isang koponan na nagpalit ng pamamahala tulad ng paglalaro ng musical chairs, ngunit wala namang tunay na tagapangasiwa."
i should feel contented with what ive now,1,joy,Dapat akong maging kontento sa kung ano ang meron ako ngayon.
i bet almost each of us though once in their life ever had this kind of feeling called jealous,3,anger,Siguro'y halos bawat isa sa atin ay nakaramdam man lang minsan sa buhay ng ganitong damdaming tinatawag na inggit.
i feel very dissatisfied with myself,3,anger,Napakasawang-sawa na ako sa aking sarili.
i still have cramps plus i get really dizzy when i stand up and my whole body is aching and i just generally feel extremely uncomfortable,4,fear,"May pananakit pa rin ako ng mga kalamnan at nahihilo ako kapag tumayo, ang buong katawan ko ay sumasakit at nararamdaman kong lubos na hindi komportable."
i love that i get to dress up and feel glamorous once a year,1,joy,Gustung-gusto kong makasuot ng magagandang damit at makaramdam ng glamor kahit isang beses lang sa isang taon.
i am in caretaker mode i feel disillusioned with the computer,0,sadness,"Nasa mode ako ng tagapag-alaga, nararamdaman kong nabigo sa kompyuter."
i feel crappy so i don t run which makes me feel more crappy and so on and so on,0,sadness,"Nararamdaman kong masama kaya hindi ako naglalaro ng takbuhan, na ginagawa akong mas masama at patuloy na ganito."
i was feeling nostalgic and celebratory,2,love,Nararamdaman ko ang pag-nostalya at pagdiriwang.
i know how you feel and im gona try to decribe what i went through as humorous as i possibly can,1,joy,Alam ko kung ano ang nararamdaman mo at susubukan kong ilarawan ang aking karanasan nang hangga't maaari kong gawing nakakatawa.
i seem down its probably because i feel a bit defeated,0,sadness,"Parang nalulumbay ako, siguro dahil medyo natatalo ako."
i hate feeling like im not strong,1,joy,Ayaw kong maramdaman na parang hindi ako matatag.
i feel eager to begin and excited at the prospect of the personal growth and deepening of my relationship with christ which i expect to see over the course of the next days,1,joy,"Nararamdaman kong masigla at naghihintay na magsimula, at nasisiyahan sa posibilidad ng paglago bilang tao at pagpapalalim ng aking relasyon kay Kristo na inaasahan kong maranasan sa mga susunod na araw."
ive suffered from eating disorders and depression since i was and i feel amazed to say that i consider myself recovered now,4,fear,"Nagdusa ako ng mga sakit sa pagkain at depresyon simula noong bata pa ako, at nakakagulat kong masasabi kong nakarekober na ako ngayon."
i feel contented like i do now i feel i had to put this feeling down in words,1,joy,"Nararamdaman kong kontento tulad ng ngayon, parang kailangan kong isalin ang pakiramdam na ito sa mga salita."
i woke up feeling crappy headache sore throat congestion but emotionally calm,0,sadness,"Gumising ako na parang hindi maganda, may sakit ng ulo, ubo, at sipon, pero emosyonal na kalmado."
i told him that what he did was very stupid or talked down yelled at him he would feel very unloved,0,sadness,"Sinabi ko sa kanya na ang ginawa niya ay napaka-bobo at kung patuloy siyang mag-aaway at sisigawan, mararamdaman niya na hindi siya minamahal."
i feel like people always say when im rich ill do this or when i get a record deal ill be happy fuck that,1,joy,"Parang lagi nilang sinasabi, kapag mayaman na ako gagawin ko ito o kapag nakakuha ako ng kontrata sa record label masaya na ako. Putang ina, wala akong pakialam."
i can guarantee that mondays won t feel half as dull when you prepare yourself for them with an enchanting sunday filled with good food big smiles and simple pleasures,0,sadness,"Maaasahan kong hindi magiging kalahati ng kadiliman ang mga Lunes kung handa ka na sa kanila sa isang nakakaaliw na Linggo na puno ng masarap na pagkain, malalawak na ngiti, at simpleng kasiyahan."
i among other things it was one of those days when i got up feeling low,0,sadness,Isa iyon sa mga araw na gumising ako na parang may bigat sa dibdib.
i not feeling as melancholy as i was the other day,0,sadness,Hindi ako gaanong malungkot ngayon kumpara noong nakaraang araw.
i finally admit im feeling sorry for myself evar ok i finally admit im feeling sorry for myself if bc,0,sadness,"Sa wakas, aminin ko, nararamdaman kong nagsisisi ako sa aking sarili, okay. Sa wakas, aminin ko, nararamdaman kong nagsisisi ako sa aking sarili kung bakit."
im feeling bitter towards them god,3,anger,"Masama ang loob ko sa kanila, Diyos ko."
i can feel your heartbeat with each desire longing to be core to core centered and totally together,2,love,"Nararamdaman ko ang tibok ng iyong puso sa bawat pagnanasa, na nagnanais na maging isa, magkasama, at ganap na magkaisa."
i attended a free individual academic consultation which has helped me manage my time efficiently so i can fit my classwork activities and social life all in one day without feeling completely stressed out,0,sadness,Dumalo ako sa isang libreng indibidwal na konsultasyon sa akademikong pag-aaral na nakatulong sa akin na pamahalaan ang aking oras nang mahusay upang makasabay ang aking mga gawain sa klase at buhay panlipunan sa isang araw nang hindi nararamdaman ang ganap na stress.
i buy a glamorous dress i might feel like a glamorous person dittmar explained,1,joy,"Bumibili ako ng makinang na damit, baka maramdaman kong parang isang makinang na tao, paliwanag ni Dittmar."
i don t think that woman ever feels generous because she is too busy dying of love,1,joy,Hindi ko akalaing mararamdaman ng babaeng iyon ang pagiging mapagbigay dahil siya ay masyadong abala sa pagkamatay dahil sa pag-ibig.
im feeling a little more convinced,1,joy,Nararamdaman kong medyo mas kumbinsido na.
im feeling pretty contented too having an instructor to assist me with higher level math again for a while is very helpful,1,joy,"Nararamdaman ko rin ang kasiyahan dahil mayroong guro na tumutulong sa akin sa mas mataas na antas ng matematika, at ito ay lubhang kapaki-pakinabang."
i feel selfish on the days i dont feel well and want to be left alone in my misery,3,anger,Nararamdaman kong makasarili ako sa mga araw na hindi ako mabuti at gustong mag-isa sa aking kalungkutan.
i smiled feeling my grandmothers presence in her sweet british accent,2,love,"Ngumiti ako, nararamdaman ang presensya ng aking lola sa kanyang matamis na British accent."
i did kind of feel bad for him,0,sadness,Naawa ako sa kanya.
i feeling distressed,4,fear,Nararamdaman kong malungkot.
i am a down to earth person and say what i feel very affectionate,2,love,"Ako ay isang taong simple at madaling lapitan, at sinasabi ko ang aking nararamdaman, napaka-apektado."
i feel hot i drank some cold drink or find some ice dessert such as chendol or ice kacang,2,love,"Mainit ako, kakain ako ng malamig na inumin o bibili ng sorbetes tulad ng chendol o ice kacang."
i feel that one has to be passionate but not tensed,1,joy,Nararamdaman kong kailangan magkaroon ng pagmamahal sa ginagawa ngunit hindi dapat ma-stress.
i have spoken to are so pleased with the facilities often feeling really valued for the first time with their needs being properly recognised and properly met,1,joy,"Napakasaya ng mga taong aking kinausap sa mga pasilidad, at sa wakas ay nadarama nilang tunay na pinahahalagahan dahil sa wakas ay naunawaan at natugunan ang kanilang mga pangangailangan."
i am thankful for my family and i ll write a post on that at some point too but really i just want to feel thankful for my jobs that i have now,1,joy,Nagpapasalamat ako sa aking pamilya at sa tamang panahon ay isusulat ko rin ang tungkol dito ngunit talagang gusto ko lang maramdaman ang pasasalamat sa mga trabahong meron ako ngayon.
im feeling really contented by myself because i havent spent a single cent for the past days,1,joy,Masaya ako sa sarili ko ngayon dahil hindi ako nagastos ng kahit isang sentimo sa nakalipas na mga araw.
i had a feeling you were being sarcastic but ivspirit a href http translatethis,3,anger,Naramdaman kong may pagka-sarcastic ang iyong tono ngunit i-spirit a href http translatethis.
i feel pretty pathetic as an intercessor,0,sadness,Nararamdaman kong medyo kaawa-awa bilang isang tagapamagitan.
i guess im feeling pretty mellow these days,1,joy,Siguro medyo kalmado lang ang pakiramdam ko ngayon.
i gotta feeling da bul taewuhbeoryeo burn it up i gotta feeling niga ulbujitneun nal ah neoneun wiheomhae gal ttaekkaji gatsseo get away woooo becuz i m cuz i m dangerous b,3,anger,"May nararamdaman akong ang bul taewuhbeoryeo ay susunugin ito, may nararamdaman akong ikaw ay magbabago at ikaw ay magiging malaya, at tayo ay magkakasama, aalis tayo, woooo dahil ako ay mapanganib."
i feel very isolated from my family so it is really important to me to meet people,0,sadness,Nararamdaman kong lubos akong nag-iisa mula sa aking pamilya kaya napakahalaga sa akin na makilala ang mga tao.
i think i m also feeling restless,4,fear,"Iniisip ko, parang ako rin ay nagiging magulo ang pakiramdam."
im feeling very bitter against knight in shining denim because i asked him a year ago to go to the gym with me and he wouldnt spend the money,3,anger,Napakasaya ko kay Knight sa makintab na denim dahil isang taon na ang nakalipas ay humingi ako sa kanya na sumama sa akin sa gym at ayaw niyang gastusin ang pera.
i need instead to focus on feeling that ecstatic feeling to make phone calls without being attached to outcomes amp believe that the money to move will come without wondering exactly how or where or when,1,joy,"Kailangan kong ituon ang aking pansin sa pag-unawa ng kagalakan na iyon upang makapagtawag ng telepono nang hindi nakakabit sa mga resulta, at maniwala na ang pera para sa paglipat ay darating nang walang pag-aalinlangan kung paano, saan, o kailan."
i go to bed feeling very distraught otherwise,4,fear,Nagpupuyat ako na puno ng pagkabalisa kung hindi.
i still feel disappointed though,0,sadness,Pero nararamdaman ko pa rin ang pagkabigo.
ive been feeling super run down all morning and debated whether or not to leave my usual closed for business type illness post,1,joy,"Napakaraming pagod ko mula pa kanina at nag-aalinlangan kung iiwan ko ang aking karaniwang post na ""sarado dahil sa sakit."""
i mean great food that holds wonderful memories and will make me feel good when i have it,1,joy,"ibig kong sabihin, masarap na pagkain na may magagandang alaala at magpapasaya sa akin kapag kinain ko ito."
i feel weirdly thrilled by that,1,joy,Nakakakilig na kakaiba ang nararamdaman ko dito.
i remember going to shandur the highest polo ground in the world located in north western pakistan and feeling helpless because there were no signals there and i couldn t post my facebook status or tweet about the marvelous surroundings,0,sadness,"Naalala ko ang pagpunta ko sa Shandur, ang pinakamataas na polo ground sa mundo na matatagpuan sa northwestern Pakistan, at naramdaman ang kawalan ng magawa dahil wala roong signal kaya hindi ko ma-post ang aking Facebook status o mag-tweet tungkol sa kahanga-hangang kapaligiran."
when i learnt that i had been admitted to the university,1,joy,Nang malaman kong napasok ako sa unibersidad.
im feeling clever right now so if anyone attempts to burst my bubble ill just have to burst yours right back by telling your children that you know who is not real,1,joy,"Nararamdaman kong matalino ngayon kaya kung may sinumang subukang sirain ang aking saya, babalik ko lang ang kanilang ginawa sa kanila sa pamamagitan ng pagsasabi sa kanilang mga anak na hindi totoo ang kanilang kilala."
i feel that the names also reflect on the person as to how dignified it comes together or not dudley dursley cornelius fudge minerva mcgonnagall neville longbottom peter pettigrew oliver wood,1,joy,"Nararamdaman ko na ang mga pangalan ay nagpapakita rin ng isang tao, kung gaano ito karangalan o hindi, gaya ng Dudley Dursley, Cornelius Fudge, Minerva McGonagall, Neville Longbottom, Peter Pettigrew, at Oliver Wood."
i sit here feeling blank about this,0,sadness,"Nakaupo ako rito, parang wala akong nararamdaman tungkol dito."
i been left alone this is how i feel a kind of sweet song for me but the official video clip for this song is quite annoying,1,joy,"Iniwan ako, ganito ang nararamdaman ko, parang isang matamis na awit para sa akin ngunit ang opisyal na video clip nito ay medyo nakakainis."
i feel so paranoid and im really gonna cut down the hours and frequencies of me wearing contact lenses,4,fear,Nararamdaman kong sobrang paranoiac at talagang babawasan ko ang oras at kadalasang pagsusuot ng contact lenses ko.
i honestly feel a little bit relieved,1,joy,Tunay akong nakaramdam ng kaunting pagluluwag.
im hoping theyll like this new draft better this time so that i wont end up feeling as devastated as i did the last time i turned in a draft i was devastated because a href http neuroticworkaholic,0,sadness,Sana mas magugustuhan nila ang bagong draft na ito para hindi na ako masaktan gaya ng nangyari noong i-submit ko ang nakaraang draft. Napakasakit kasi noong una.
i feel today is any indication of the next week its doubtful that there will be much energy left for more than a low key new years eve party,4,fear,"Kung ang aking nararamdaman ngayon ay indikasyon ng susunod na linggo, malamang na kakaunti na ang enerhiya para sa isang malaking pagdiriwang ng Bagong Taon, marahil ay isang simpleng pagtitipon na lamang."
i feeling so uncertain concerned afraid of this person circumstance environment change,4,fear,"Nararamdaman kong lubhang hindi sigurado, alalahanin, at natatakot dahil sa taong ito, sitwasyon, kapaligiran, at pagbabago."
i am feeling the need the longing for the flowers the birds and the warmth of the sun,2,love,"Nararamdaman ko ang pangangailangan, ang pagnanais sa mga bulaklak, mga ibon, at init ng araw."
i feel like people seem to be intimidated by me or this blog,4,fear,Parang natatakot o kinakabahan ang mga tao sa akin o sa blog na ito.
i woke up twas am according to the clock on my bedside table with my heart racing and i was feeling very very hot,2,love,"Gumising ako, alas-siyete na daw ayon sa orasan sa tabi ng kama ko, puso ko'y mabilis na tumitibok at sobrang init ko."
i currently have it sitting in a bowl of rice in the sun in the hope it will dry out but im not feeling optimistic,1,joy,"Ngayon, nakalagay ko ito sa isang mangkok ng bigas sa ilalim ng araw, sana matuyo na ito, pero hindi ako gaanong mapag-asa."
i feel like i probably would have liked this book a little bit more if it wasn t such a simple story line,2,love,Parang mas magugustuhan ko sana itong libro kung hindi gaanong simple ang kwento nito.
i receive the good news in joy like the magi or do i feel threatened by gods message like herod,4,fear,Natatanggap ko ang magandang balita nang may kagalakan gaya ng mga magii o kaya naman ay nadarama kong natatakot sa mensahe ng Diyos gaya ni Herodes.
i feel bitter but i want to rise up,3,anger,Nararamdaman kong mapait ngunit gustong bumangon.
i freak out when i feel like i m rejected or not wanted,0,sadness,Natatakot ako at nagagalit kapag nararamdaman kong tinatanggihan o hindi gustong kasama.
i havent gone a week without exaggerated eyelids since year at school i feel pretty fucking shitty,0,sadness,"Hindi ako nakakalusot ng isang linggo nang walang sobrang malalapad na mata mula noong nasa paaralan ako, at nararamdaman kong sobrang masama."
i feel the eyes of many turn away disgusted by the self indulgence the audacity of a british woman to admit this point of failure,3,anger,"Nararamdaman kong umatras ang mga mata ng marami, nabighani sa pagmamalabis at kahalayan ng isang British na babae na aminin ang ganitong punto ng pagkabigo."
i feel like im in a really strange stage of my life right now as im entering my th year,4,fear,Nararamdaman kong nasa kakaibang yugto ng buhay ko ngayon habang papasok na ako sa aking ikalawang dekada.
i was flipping through my fifth grade yearbook feeling that sense of nostalgia that anyone would if they were looking at their innocent though year old self,1,joy,"Nagbabasa ako ng yearbook ko noong ikalimang baitang, nararamdaman ang pag-nostalgia na nararamdaman ng sinuman kapag nakikita ang kanilang inosenteng sarili noong bata pa."
i still left the studio feeling pretty mellow and chill a perfect way to commemorate the anniversary of my training with rudy on the same weekend i graduated from the program years ago,1,joy,"Nanatili akong nakaramdam ng kalmado at komportable paglabas ng studio, isang perpektong paraan upang ipagdiwang ang anibersaryo ng aking pagsasanay kay Rudy noong parehong weekend na natapos ko ang programa ilang taon na ang nakalilipas."
i had been out of sorts and feeling a bit isolated,0,sadness,Hindi ako maayos at medyo pakiramdam kong nag-iisa.
i feel you in every vain in every beating of my heart each breath i take pagetitle behind blue eyes,0,sadness,"Nararamdaman kita sa bawat ugat, sa bawat tibok ng puso ko, sa bawat hininga ko."
im beginning to feel my way around the systems and im very impressed with the overall level of automation and control that goes into making memset what it is,4,fear,Nagsisimula na akong maunawaan ang mga sistema at lubos akong nasiyahan sa antas ng awtomasyon at kontrol na ginagamit upang gawing Memset ang kung ano ito.
i feel reassured and i feel a secret pleasure in the feeling buried deep in my pocket,1,joy,Nararamdaman kong nakakapigil at may lihim na kasiyahan akong nararamdaman na nakabaon nang malalim sa aking bulsa.
i feel weird this morning,4,fear,Pakiramdam ko ay kakaiba ngayong umaga.
i feel like since i missed out on so much school my brain is craving knowledge of any form,0,sadness,"Parang kulang na kulang ang utak ko dahil sa maraming pinag-miss na klase, at gusto nang matuto ng kahit anong kaalaman."
i write what i feel if you get annoyed and sick of this simply close the tab,3,anger,"Sumusulat ako ng aking nararamdaman; kung maapektuhan at magagalit ka dito, basta isara mo na lang ang tab."
i am feeling terrific now that my morning all day sickness has left,1,joy,Masaya ako ngayon dahil nawala na ang aking pagsusuka sa umaga.
i didn t wish to be the president i hardly know these people and i got the feeling that they hated me for being quiet and not smiling,3,anger,"Ayaw kong maging presidente, halos hindi ko kilala ang mga tao rito, at nararamdaman kong kinamumuhian nila ako dahil tahimik ako at hindi ngumiti."
i keep seeing facebook updates of friends who get to go and i am feeling rather envious,3,anger,Lagi kong nakikita sa Facebook ang mga update ng mga kaibigan ko na nakakapunta at nararamdaman kong medyo inggit.
i feel regretful about which i ll keep to myself today if you please,0,sadness,Nais kong panatilihing pribado ang aking pagsisisi ngayon kung maaari ninyo pong pahintulutan.
i was already feeling mentally crappy and it was just ridiculous,0,sadness,Parang nababagsak na ako sa isip at talagang nakakatawa ang sitwasyon.
i feel like a heap of useless skin,0,sadness,Parang isang tambak ng walang silbi kong balat ang nararamdaman ko.
i feel as if anything less than points is acceptable and that we can forgive the team for losing at old trafford or stamford bridge,1,joy,Nararamdaman kong kahit na mas mababa sa puntos ay katanggap-tanggap at maaari nating patawarin ang koponan sa pagkatalo sa Old Trafford o Stamford Bridge.
i always feel pressured to socialize or i get eight missed calls and some texts from my host brother in the span of an hour,4,fear,"Lagi akong nadaramaang pinipilit na makipag-socialize o kung hindi, walong nakalimutang tawag at ilang mensahe mula sa aking kapatid na host sa loob ng isang oras."
i realized grudgingly that a feeling of discontent had begun to rise in me,0,sadness,Napagtanto ko nang may pag-aalinlangan na nagsisimula nang tumubo sa akin ang isang damdamin ng kawalang-kasiyahan.
im feeling uncharacteristically gloomy,0,sadness,Nararamdaman kong kakaiba at malungkot.
i feel sentimental i close my eyes and look up i feel powerful if i do that,0,sadness,"Nararamdaman kong sentimetal kapag isinara ko ang aking mga mata at tumingin pataas, nararamdaman kong makapangyarihan."
i feel that i was a girl that always being foolish and annoyed by boys,0,sadness,Nararamdaman kong ako ay isang babaeng palaging nagiging bobo at pinaaasar ng mga lalaki.
i do not feel particularly delighted in,1,joy,Hindi ako lalong nasisiyahan.
i feel invigorated and enlivened and a bit more fully completely myself,1,joy,Nararamdaman kong nabubuhay at mas kumpleto ang aking sarili.
i love getting my rockabilly look on for certain occasions i love feeling pretty,1,joy,"Gustung-gusto kong ipakita ang aking rockabilly look sa ilang okasyon, at mahal ko ang pakiramdam na maganda."
i feel excuse the messy thoughts i cant wait to make new friends im afraid to leave,0,sadness,"Nararamdaman ko, patawarin ang gulo ng mga iniisip ko, hindi ko mapigilan ang aking pag-asa na makilala ang mga bagong kaibigan, ngunit natatakot akong umalis."
i hate that feeling and its making me antsy and irritable,3,anger,Ayaw ko ng ganitong pakiramdam at nagpapasakit at nagpapa-irita sa akin.
i wanted to make sure i didnt feel rushed getting to century college on friday afternoon,3,anger,Gusto kong matiyak na hindi ako magmamadali sa pagpunta sa Century College noong Biyernes ng hapon.
i love reading your comments so please feel free to leave them,1,joy,Gustung-gusto kong basahin ang inyong mga komento kaya huwag mag-atubiling mag-iwan.
i have been trying to come to terms with my own emotionally damaged thinking but now i almost feel convinced that my thoughts are full of validity,1,joy,"Nagsisikap akong tanggapin ang aking nasirang pag-iisip dahil sa emosyon, ngunit ngayon halos matiyak kong puno ng katotohanan ang aking mga iniisip."
i don t want to go all very special episode of blossom on you but i am feeling a little melancholy about the final episode of rock,0,sadness,Ayaw kong maging sobrang espesyal na episode ng Blossom sa inyo pero medyo malungkot ako tungkol sa huling episode ng Rock.
i normally like some lettuce and tomatoes in my burger for moisture in their absence in this burger made the meat feel particularly rich and juicy,1,joy,"Karaniwan akong naglalagay ng lettuce at kamatis sa burger ko para sa kahalumigmigan, kaya ang kawalan nito sa burger na ito ay nagpaparamdam na lalo itong maalat at malasa."
my sister once stole my mothers money and made her very angry after this my mother would beat her up for unreasonable reasons one day my sister lent her book to a friend without telling my mother about it when my mother learnt this she beat her up and even threatened her with a pair of scissors,3,anger,"Minsan, ninakaw ng kapatid ko ang pera ng nanay ko at ito ay nagalit nang husto. Pagkatapos noon, palagi nang binubugbog ng nanay ko ang kapatid ko dahil sa walang dahilan. Isang araw, pinaghiram ng kapatid ko ang kanyang libro sa kaibigan nang hindi sinabi sa nanay ko, at nang malaman ito ng nanay ko, binugbog niya siya at pinagbanta pa ng gunting."
i love this or that it s an unconscious attempt to cover up or remove the deep seated feelings that always accompany the ego the discontent the unhappiness the sense of insufficiency that is so familiar,0,sadness,"Mahal ko ito o iyon, isang hindi malay na pagtatangka upang itago o alisin ang malalim na nararamdaman na lagi nang kasama ng ego, ang kawalan ng kasiyahan, ang kalungkutan, ang pakiramdam ng kakulangan na pamilyar."
im left feeling paranoid and like it keeps getting harder to feel happy,4,fear,Naiwan akong parang may paranoa at tila mas mahirap nang maramdaman ang kagalakan.
i use it all over my face and sometimes my neck if i m feeling generous,2,love,Ginagamit ko ito sa buong mukha ko at minsan sa leeg ko kung may gana akong maging malaki ang kamay.
i just feel really needy,0,sadness,Nararamdaman ko lang na sobrang nangangailangan ako.
i feel agitated about it,3,anger,Nararamdaman kong nababahala ako tungkol dito.
i feel invigorated and energized and ready to go out and save the world,1,joy,"Nararamdaman kong puno ng lakas at sigla, handa nang lumabas at iligtas ang mundo."
i feel when you should walk in to see the film you should be pleasantly surprised with the film s inherent connect,4,fear,Nararamdaman ko na dapat kang magulat nang masaya kapag pumasok ka para manood ng pelikula dahil sa likas na koneksyon nito.
i feel relieved to have the big moving of furniture over with,1,joy,Nadarama kong maluwag at nakahinga nang maluwag dahil natapos na ang paglilipat ng mga kasangkapan.
i just feel very satisfied and content,1,joy,Nararamdaman ko lamang ang malaking kasiyahan at kontento.
i personally would gladly pay someone more just to be treated with dignity respect and actually feel like a valued customer,1,joy,"Gusto kong magbayad ng mas mataas para lamang tratuhin ako nang may dignidad, respeto, at maramdaman na tunay akong pinahahalagahan bilang isang customer."
i then had my watch from am this morning but was feeling just fine so did an additional hour so my dad could rest a little longer,1,joy,"Nagsuot ako ng orasan mula alas sais ng umaga, pero pakiramdam ko'y maayos kaya nagdagdag ako ng isang oras para makapagpahinga nang kaunti ang aking ama."
i also feel your hot body against mine,2,love,Nararamdaman ko rin ang init ng iyong katawan laban sa akin.
i feel a bit naughty like ive snuck into my parents room snooping for christmas presents or something,2,love,"Nararamdaman kong medyo masungit, parang nakapasok ako sa silid ng mga magulang ko at naghahanap ng mga regalo ng Pasko nang palihim."
i would feel lethargic and have indigestion after eating too much,0,sadness,Magiging pagod ako at magkakaroon ako ng indigestion pagkatapos kumain ng sobra.
i want my audiences to go away feeling that they were entertained he said,1,joy,"Gusto kong umalis ang aking mga manonood na nakaramdam na sila ay nasiyahan, aniya."
i feel like my dream of being a good guitarist and playing with other musicians was just a prideful dream,1,joy,Parang ang pangarap kong maging magaling na gitarista at maglaro kasama ng ibang musikero ay isang mapagmataas lamang na pangarap.
i wonder how shed feel about supporting me,2,love,Nagtataka ako kung paano niya mararamdaman ang pagsuporta sa akin.
i rarely feel guilty when my laughs are on me,0,sadness,Bihirang maramdaman kong may sala kapag ang aking tawa ay nakatuon sa akin.
im feeling brave the girls and i venture out for a walk with the intent of maybe making it around the block,1,joy,"Nakakabighani ang pakiramdam ko, kaya kami ng mga babae ay lalabas para maglakad, baka maikot pa namin ang paligid ng bloke."
i still didnt see a difference in the way my pores look and while i didnt expect this to work over time i still feel a little disappointed,0,sadness,"Hindi ko pa rin nakikita ang pagkakaiba sa hitsura ng aking mga pores at kahit hindi ko inaasahan na magtatrabaho ito sa paglipas ng panahon, nararamdaman ko pa rin ang kaunting pagkabigo."
i have been feeling listless and loopy,0,sadness,Nararamdaman kong walang gana at parang baliw.
i have absolutely no one to turn to when im feeling troubled and im not even exaggerating when i say that,0,sadness,Walang kahit sino akong mahahapungan kapag ako'y nalulungkot at hindi ko binibigyang-diin ang sinasabi ko.
i feel like it isnt totally resolved with angie,1,joy,Parang hindi pa ganap na naresolba ang usapan namin kay Angie.
i have a sense of faith and it is only such that perhaps i am not as foolish as i feel and that someday i can have their sincere friendship unmitigated by distance that i can love them as much as i do and not have to worry that i am failing simply in that act alone,1,joy,"Mayroon akong pananampalataya at marahil dahil dito, hindi ako kasing-bobo ng nararamdaman ko, at sa isang araw, maaaring magkaroon ako ng tunay nilang pagkakaibigan na hindi hadlangan ng distansya, na kaya kong mahalin sila nang lubos gaya ng ginagawa ko ngayon nang hindi nag-aalala na nabibigo ako sa simpleng kilos na iyon lamang."
i just needed some sun but for the first time in a long time im feeling really excited about my life,1,joy,"Kailangan ko lang ng kaunting araw, pero sa unang pagkakataon matapos ang mahabang panahon, tunay akong nag-e-excite tungkol sa aking buhay."
i will sit there for a month while rich and carol go home for christmas by the way they did not put any lights on me this year i am not feeling very festive right now,1,joy,"Titiisin kong umupo doon ng isang buwan habang pauwi sina mayaman at carol para sa Pasko. Sa pamamagitan ng paraan, hindi nila ako nilagyan ng ilaw ngayong taon, hindi ako nakakaramdam ng masyadong pista ngayon."
i feel so blessed and beyond thankful for the opportunity to paint for my readers its been the best,1,joy,Nararamdaman kong sobrang biyaya at lubos akong nagpapasalamat sa pagkakataong magpinta para sa aking mga mambabasa. Ito ang pinakamaganda.
i want to box because i feel more confident in my own skin after just three weeks of boxing than i have felt in my entire life,1,joy,Gusto kong mag-boxing dahil mas nakakaramdam ako ng tiwala sa aking sarili pagkatapos ng tatlong linggo ng pag-eensayo kaysa sa buong buhay ko.
i really feel like an idiotic,0,sadness,Talagang parang tanga ako.
i am blank completely i am just feeling every emotion as precious would feel it and how she should feel it,1,joy,"Wala akong laman, ganap na walang laman. Nararamdaman ko lamang ang bawat emosyon na parang mahalaga, gaya ng nararamdaman niya at dapat niyang maramdaman."
i am not giving up but i am feeling discouraged,0,sadness,Hindi ako susuko ngunit nararamdaman kong nababawasan ang aking pag-asa.
i get the feeling he is a lovely guy and i m very happy to see him do so well at atletico,2,love,Nararamdaman kong siya ay isang mabait na lalaki at sobrang saya kong makita siyang nagtatagumpay sa Atlético.
im talking about stored up hurts and pent up rage at the feelings of feeling not accepted insecure marginalized and not belonging anywhere,2,love,"Pinag-uusapan ko ang mga nakatipon na sakit at pinigilang galit dahil sa pakiramdam na hindi tinatanggap, hindi sigurado, nasa laylayan, at wala nang pag-aari."
i just finished a long day of work and am feeling a bit sentimental and its been a few weeks so i thought id get on here and write a few words,0,sadness,"Tapos ko lang ang isang mahabang araw ng trabaho at medyo ma sentimental ako ngayon, ilang linggo na rin kaya naisip kong mag-post at magsulat ng ilang salita."
i feel like i missed the singular flight that they took to get to z,0,sadness,Parang na-miss ko ang iisang biyahe nila papunta sa Z.
i feel so scared for him,4,fear,Natatakot ako para sa kanya.
i feel i find i felt target blank clasheen by nicola brown a href http keepmeinstitchez,0,sadness,"Nararamdaman ko, natutuklasan ko, nadama ko ang pagtatarget ng ""Clasheen"" ni Nicola Brown."
i feel disrespected and insulted,3,anger,Nararamdaman kong hindi ako nirerespeto at nilalait.
i grow learn more and mature a little more which really makes me feel a sense of joyful peace within,1,joy,"Lumalaki ako, natututo ng higit pa, at unti-unting nagiging matanda, na nagdudulot sa akin ng malalim na kagalakan at kapayapaan sa loob."
i hate ever putting anyone in awkward situations and ever causing anyone to feel unwelcome such thoughts strain my heart so,0,sadness,Ayaw kong ilagay ang kahit sino sa mga nakakahiyang sitwasyon at magdulot ng pakiramdam na hindi sila tinatanggap; ang mga ganitong iniisip ay nagpapabigat sa aking puso.
i feel like i shouldnt bother people with these petty stupid little pathetic thoughts i feel like no one really would care to know what really goes on inside my head,3,anger,"Parang ayaw kong istorbohin ang mga tao ng mga maliit, bobong, at kaawa-awang iniisip ko, parang wala namang talagang mag-aalala kung ano ang tunay na nangyayari sa loob ng aking isipan."
i am feeling very energetic now,1,joy,Nararamdaman kong sobrang enerhiya ko ngayon.
i feel like im facing alone my love hes gone,0,sadness,"Parang nag-iisa akong nakaharap sa pag-ibig ko, nawala na siya."
i smile and feels really happy in the same time i feel nervouse and my heart beats faster than usain bolt,1,joy,"Ngumiti ako at naramdaman ang tunay na kagalakan, ngunit kasabay nito, nararamdaman ko ang kaba at mabilis ang tibok ng puso ko, mas mabilis pa kaysa kay Usain Bolt."
i slowly realised that the intruder was actually dad and griff began to retreat a safe distance in case there were any repercussions after pulling dad through the roof but dad was feeling very groggy and disorientated,0,sadness,Dahan-dahang napagtanto ko na ang intrudong iyon ay pala si Papa at nagsimula nang umatras si Griff sa ligtas na distansya baka may mga kahihinatnan pagkatapos niyang ihila si Papa sa bubong ngunit si Papa ay nararamdaman ang malaking pagod at pagkalito.
i really love the feel of these lipsticks and these colors are really gorgeous,1,joy,Talagang gusto ko ang pakiramdam ng mga lipstick na ito at ang mga kulay ay talagang maganda.
i can whine and pour my heart out without feeling awkward,0,sadness,Maaari akong mag-ingay at ilabas ang aking damdamin nang walang pag-aalinlangan.
i feel like i should say something emotional and touching about the fleeting nature of time but damn im feeling like ive been flung into a first day of school suddenly huge to do list tornado,0,sadness,"Parang dapat kong sabihin ang isang emosyonal at nakakaaantig na bagay tungkol sa paglipas ng panahon pero ang totoo, parang biglang itinapon ako sa unang araw ng pasukan, may malaking listahan ng mga dapat gawin, parang bagyo."
i have found the perfect remedy for anyone feeling stressed or conflicted about the future its the a href http www,3,anger,"Natagpuan ko ang perpektong lunas para sa sinumang nakakaranas ng stress o nag-aalinlangan tungkol sa hinaharap, ito ay ang  <a href=""http://www"">"
im creature of feelings i evaluate life on my feelings dangerous,3,anger,"Ako'y nilalang ng damdamin, sinusuri ko ang buhay batay sa aking nararamdaman, mapanganib."
im not quite sure what it is but its a feeling specially for you and its nothing hostile,3,anger,"Hindi ko sigurado kung ano ito pero isang pakiramdam, lalo na para sa iyo, at wala itong masamang intensyon."
i feel such morose sentiments floating around my brain,0,sadness,Nararamdaman kong may malungkot na damdamin na lumilipad sa aking isipan.
ive mostly gotten used to this but being kind of a stubbornly independent person it still feels a little strange at times,4,fear,"Karamihan nang nasanay na ako dito ngunit bilang isang taong medyo matigas ang ulo at mahilig sa kalayaan, minsan pa rin itong pakiramdam kakaiba."
im glad no ones feelings got hurt,0,sadness,Masaya ako na walang nasaktan ang damdamin.
i cant even get through schindlers list much less see the actual death chambers and feel the ghosts of the tortured around me,3,anger,"Hindi ko nga kayang matapos manood ng Schindler's List, paano pa kaya ako makakapunta sa mga tunay na silid ng kamatayan at maramdaman ang mga multo ng mga pinagsamantalahan sa paligid ko."
i trained my heart and mind to receive and believe the truth i am feeling rejected but it is only a feeling brought about by my past experiences,0,sadness,"Pinagsanay ko ang aking puso at isipan na tanggapin at paniwalaan ang katotohanan. Nararamdaman kong tinatanggihan, ngunit ito'y isang damdamin lamang na bunga ng aking nakaraang karanasan."
i recall seeing leaves falling off a tree set against a grey sky and feeling absolutely terrified,4,fear,Naalala ko ang pagbagsak ng mga dahon mula sa isang puno laban sa madilim na langit at naramdaman ang ganap na takot.
i just didnt feel like i really got to know him which i feel is why im so unsure of his character,4,fear,"Hindi ko lang naramdaman na tunay kong nakilala siya, at iyon siguro ang dahilan kung bakit hindi ako sigurado sa kanyang karakter."
i only find him when im feeling troubled,0,sadness,Nakikita ko lamang siya kapag ako'y nalulungkot.
i am feeling incredibly agitated today,4,fear,Napakagagalit ko ngayon.
ive kept trav awake by being awake and that makes me feel terrible,0,sadness,Nagpagutom ako kay Trav dahil ako'y gising at iyon ay nagpapasakit sa aking damdamin.
i had suppressed my homosexual feelings so much that i replaced them with what i thought would be socially acceptable,1,joy,Pinigilan ko nang husto ang aking mga nararamdaman bilang homosekswal kaya't pinalitan ko ito ng mga bagay na akala ko'y tanggap sa lipunan.
i feel disappointed for so dont say sorry dont say baby,0,sadness,"Nararamdaman kong nabigo kaya huwag nang mag-sorry, huwag nang mag-baby."
i do not feel like supporting this country however,1,joy,Hindi ako nakakaramdam na suportahan ang bansa natin subalit.
i am supposed to feel joyful b,1,joy,Dapat akong maramdaman ang kagalakan.
i feel more sure with where i am going in my business,1,joy,Mas tiwala na ako sa direksyon ng aking negosyo.
i suppose i was moping in my own misery feeling extremely agitated by a lot of people,4,fear,"Akala ko'y nalulumbay ako sa aking sariling kapahamakan, na lubhang nababahala dahil sa maraming tao."
i hope you can feel that and will take the time to feel tender about your life for a moment,2,love,Sana maramdaman mo iyon at maglaan ng panahon upang maramdaman ang kahinahunan tungkol sa iyong buhay kahit sandali man.
im definitely feeling optimistic about this rules set,1,joy,Tiyak akong positibo tungkol sa bagong set ng mga patakaran.
i feels so proud of my self img alt onion head emoticons src http www,1,joy,Napakaganda ng pakiramdam na mapagmamalaki ang sarili ko.
i feel hesitant to be putting the words on this page feeling like every time i hit a key i am tempting fate to take this away from me,4,fear,"Nararamdaman kong nag-aalinlangan akong isulat ang mga salitang ito sa pahinang ito, parang bawat pagpindot ko ng susi ay nag-aanyaya sa tadhana na kunin ito mula sa akin."
i hate complaining all the time but it s so scary to feel so alone,0,sadness,Ayaw kong mag reklamo lagi pero nakakatakot ang pakiramdam na sobrang nag-iisa.
i start to feel happy about where i am an unexpected house move comes along which slows things down that is just compounded then by the injury to my back shoulder which has really set me back,1,joy,"Nagsisimula akong makaramdam ng saya sa aking kasalukuyang kalagayan, ngunit dumating ang isang hindi inaasahang paglipat ng bahay na nagpapabagal ng lahat, at lalong lumala ito dahil sa pinsala sa aking likod at balikat na tunay na nagpabagsak sa akin."
i feel shitty about myself or my work on the heels of feeling great for someone else s accomplishments,0,sadness,Nararamdaman kong masama ang pakiramdam ko tungkol sa aking sarili o sa aking trabaho pagkatapos magkaroon ng magandang pakiramdam para sa mga tagumpay ng iba.
im feeling all bashful exposed and vulnerable because my blog crush is out in the open now,4,fear,"Nahihiya, parang hubad at mahina ako dahil ang blog crush ko ay nasa harapan ko na ngayon."
i can feel it in my aching bones,0,sadness,Nararamdaman ko ito sa aking sumasakit na mga buto.
i love my job and i love my kids but at times i feel like they take so much of me the person that is left is dull,0,sadness,"Mahal ko ang aking trabaho at mahal ko ang aking mga anak, ngunit minsan nararamdaman kong sila'y kinukuha ang napakaraming bahagi sa akin, ang natitira'y parang nabubulag."
when i ate a rotten apple,3,anger,Nang kumain ako ng isang masamang mansanas.
i won t feel so shy and ashamed about it,4,fear,Hindi ako magiging nahihiya at mapapahiya tungkol dito.
i i feel for you rel nofollow add to delicious a href http www,1,joy,Naiintindihan kita.
i feel welcomed and acknowledged and can nod my head or give h,1,joy,"Nararamdaman kong tinatanggap at kinikilala ako, at kaya kong tumango o magbigay ng sagot."
i reflect on the past year i am feeling so blessed,1,joy,"Nangako ako sa nakalipas na taon, nararamdaman kong lubos akong binabati ng biyaya."
i use this wash as it is really nice and soothing and leaves my skin feeling lovely and its pink so bonus,2,love,"Ginagamit ko itong sabon dahil tunay na maganda at nakakapreskong pakiramdam nito, at naiwan ang aking balat na parang mahalaga, at dahil pula ito, dagdag na puntos."
i was feeling mad,3,anger,Galit ako.
i often fought feelings of hopelessness because of our seemingly helpless financial situation,4,fear,Madalas akong naglalaban ng damdamin ng kawalan ng pag-asa dahil sa tila walang solusyon nating kalagayan sa pinansyal.
i have never spent that much on any cosmetic product before and i feel foolish for doing so but i love the way this stuff feels on my skin,0,sadness,Hindi ako nagastos ng ganoong halaga sa anumang produkto ng pampaganda noon at nararamdaman kong tanga dahil nagawa ko iyon ngunit mahal ko ang pakiramdam nito sa aking balat.
i act as head of family when he is far too young for this and making sasuke feel that he has to support her instead of her supporting him which by right should be her duty because she is the mother and he is the child and he is fatally ill and not she,1,joy,"Ako ang nag-aakto bilang ulo ng pamilya kapag siya ay masyadong bata para dito at pinaparamdam kay Sasuke na kailangan niyang suportahan siya kaysa siya ang sumuporta sa kanya, na dapat sana ay tungkulin niya bilang ina at siya ang bata, at siya ang may malubhang sakit at hindi siya."
i dont know what it is but i have been feeling less paranoid,4,fear,Hindi ko alam kung ano iyon pero nararamdaman kong mas kaunti na ang pagiging paranoiac ko.
i cant hate too much because i feel like shes looking pretty damn flawless in these pics,1,joy,Hindi ako masyadong maka-galit dahil parang napakaganda niya sa mga larawan na ito.
i always got the feeling that even though he admired moriartys intellect he was at the same time very scared of him and quite horrified by his evilness,2,love,"Lagi kong nararamdaman na kahit pa siya ay humanga sa katalinuhan ni Moriarty, siya rin ay lubos na natatakot at kinatatakutan ang kasamaan nito."
im not entirely jaded and bitter i know there are people out there like myself who care about others feelings and are kind and considerate,2,love,"Hindi ako ganap na nasasaktan at mapait, alam kong may mga taong katulad ko na nag-aalala sa damdamin ng iba at mabait at mapagkalinga."
i feel embarrassed for others that something so small makes them feel awkward,0,sadness,Nakakahiya para sa iba na ang isang maliit na bagay ay nagpapakita ng kanilang pagka-awkward.
i was already feeling loved for having been asked to be in the bridal party the thank you note made me feel even more so,2,love,"Naramdaman ko na ang pagmamahal dahil pinagkatiwalaan akong maging bahagi ng bridal party, at ang thank you note ay lalong pinatibay nito."
i love rocking her to sleep at nap time during the day and not feeling rushed or exhausted,3,anger,Mahal ko siyang i-rock para matulog sa oras ng pagtulog sa araw at hindi maramdaman ang pagmamadali o pagod.
i don t like it when i hmmm feel devastated then i try to be driven towards things that are potentially more devastating just so i can forget about that thing that has devastated me first,0,sadness,"Ayaw ko kapag nararamdaman kong nabigo o nasasaktan, tapos sinusubukan kong magpilit sa mga bagay na maaaring magdulot ng mas malaking pagkabigo para makalimot sa unang bagay na nagdulot ng sakit."
i feel sorry for those who taps and feeds from others good intentions,0,sadness,Nakakaawa ang mga taong umaasa at kumukuha ng kabutihan mula sa mabubuting hangarin ng iba.
i still feel like a tragic waste,0,sadness,Parati kong nararamdaman na isang malungkot at sayang na pag-aksaya.
i still feel a bit stunned and i suppose i should be racked with regret and shame,4,fear,Parang nabigla pa rin ako at siguro dapat ay puno na ako ng pagsisisi at kahihiyan.
i feel like listening to mellow music,1,joy,Gusto kong makinig ng malambot na musika.
i feel disgusted by the ugliness of the current society,3,anger,Nakakaumay ang kasuklaman ng lipunan ngayon.
i finish a steinbeck i feel invigorated and enriched,1,joy,"Matapos kong matapos ang isang nobelang Steinbeck, nararamdaman kong nabigyang-sigla at pinayaman."
i was trying not to focus on those feelings and i didn t want to validate my emotional down turns by broadcasting them,0,sadness,Sinusubukan kong hindi pansinin ang mga nararamdaman at ayaw kong patunayan ang aking mga pagbaba ng emosyon sa pamamagitan ng pagpapaalam sa lahat.
i was feeling anxious about my yoga homework,4,fear,Kinakabahan ako tungkol sa aking takdang-aralin sa yoga.
i am feeling so nothing that i am not even getting agitated anymore,3,anger,Nararamdaman kong wala akong nararamdaman kaya hindi na ako nagagalit.
i was treated i feel its important to allow children to be a part of their treatment protocols so i spend a lot of time during my consults listening to the children tell me what they think,1,joy,"Ako ay tinatrato, at nararamdaman kong mahalaga na payagan ang mga bata na maging bahagi ng kanilang mga protokol sa paggamot kaya't ginugugol ko ang maraming oras sa aking mga konsultasyon sa pakikinig sa mga bata habang isinasalaysay nila ang kanilang mga iniisip."
i do like to think that in the near future ill feel the urge to write up an album or two that has really impressed me most likely a href http handsomefamily,4,fear,"Gusto kong isipin na sa malapit na hinaharap, mararamdaman kong may pagnanais na isulat ang isang album o dalawa na talagang nakakapukaw sa akin, malamang mula sa Handsome Family."
i am happier this year in all ways i am just glad i am on english lit only i made good module choices i like my teachers the peeps in my class are not so snidey i feel more confident in my work and i am on top of it unlike last year when i was soooooooooooo behind to the point of doing zero,1,joy,"Mas masaya ako ngayong taon sa lahat ng paraan, masaya lang ako na nasa English Lit ako lamang. Mabuti ang mga piniling module ko, gusto ko ang mga guro ko, hindi masyadong mapag-asar ang mga kaklase ko, mas nakakatiwala ako sa aking mga gawain at nasa tamang landas ako, hindi katulad noong nakaraang taon na sobrang atrasado ako hanggang sa hindi na ako makapaggawa ng kahit ano."
i feel way when meet again i ll ask you re doing and you ll say fine ask i m doing and i ll lie i ll say ordinary it s ordinary day,1,joy,"Kung magkikita tayo ulit, itatanong ko kung ano ang ginagawa mo at sasabihin mong mabuti. Itatanong mo rin kung ano ang ginagawa ko at ako'y magsisinungaling, sasabihin kong ordinaryo, isang ordinaryong araw lang."
i want my kids to learn from me it is that i feel deeply that we are all called to something and that something is your precious gift to be embraced loved and cherished,1,joy,"Gusto kong matuto ang aking mga anak sa akin, dahil malalim ang aking paniniwala na tayo ay lahat tinawag sa isang bagay, at iyon ay ang inyong mahalagang regalo na dapat yakapin, mahalin, at ingatan."
i didnt feel overly creative i really needed this weekend off just relaxing resting my leg and not stressing myself out,1,joy,"Hindi ako sobra'y mapagkukunwari, talagang kailangan ko itong weekend na ito para magpahinga, mag-relax, magpagaling ng aking binti, at hindi mag-stress."
i feel like the emotional fog is finally starting to lift,0,sadness,Nararamdaman kong unti-unti nang nawawala ang madilim na ulap ng emosyon.
i even feel like im learning something while being entertained theres even a bibliography in the back d anyway im not even done with this first one yet and ive already ordered the other two,1,joy,"Nararamdaman ko pa nga na natututo ako habang nag-eenjoy, may bibliograpiya pa nga sa likod. Eh di ba, hindi pa ako tapos sa unang ito at nag-order na ako ng dalawa pang libro."
i never wanted to be kissed never wanted to break the code but shed stolen that from me and i feel like i lost something i will never get back,0,sadness,"Hindi ako kailanman gustong halikan, hindi ko kailanman gustong sirain ang code, ngunit ninakaw niya iyon mula sa akin at parang nawala ako ng isang bagay na hindi ko na mababawi."
im usually feeling very blank and i know i posted already today but it was all bachelorette talk and i guess i had more to say,0,sadness,Karaniwan akong nakakaramdam ng walang laman at alam kong nag-post na ako kanina pero lahat ay tungkol sa bachelorette party at siguro may mas marami akong sasabihin.
i feel that our values need to be shifted in the direction of caring for all things on earth for each other and for the planet we live on,2,love,"Nararamdaman kong kailangan nating baguhin ang ating mga halaga tungo sa pag-aalaga sa lahat ng bagay sa mundo, sa isa't isa, at sa ating tahanang planeta."
i feel a little weepy over the fact that my baby is no longer a baby,0,sadness,Nararamdaman kong medyo malungkot dahil ang aking sanggol ay hindi na sanggol.
i feel accepted welcomed,2,love,Nararamdaman kong tinatanggap at sinalubong.
i feel neglectful but i shouldnt,0,sadness,Nararamdaman kong nagpapabaya ako ngunit hindi dapat.
i am just tired of feeling abused by everyone,0,sadness,Napagod na akong maramdaman na inaabuso ako ng lahat.
i can feel accepted,1,joy,Nararamdaman kong tinatanggap.
i feel like the jolly green giant next to her,1,joy,Parang Jolly Green Giant ako katabi niya.
im feeling easily irritable lately too,3,anger,Madaling mag-init ng ulo ko rin lately.
i made it and enjoyed most of my run but now i m feeling greedy,3,anger,Ginawa ko ito at nasiyahan ako sa karamihan ng aking takbo ngunit ngayon nararamdaman kong makasarili.
i feel as if it only engrains these prejudiced ideas more,0,sadness,Nararamdaman kong lalong pinapatibay nito ang mga mapanghusgang ideya.
i feel like i cant afford to be afraid to show that i am sometimes weak to allow others to see me as anything less than the strong wife and mom that i feel i am,4,fear,Nararamdaman kong hindi ko kayang matakot na ipakita na minsan ay mahina ako upang payagan ang iba na makita akong hindi gaanong malakas na asawa at ina na sa tingin ko ako.
i kinda like you when i saw hannah montana but since you broke up with nick i feel like you are so a heartless person,3,anger,"May gusto akong tipo sa iyo noong nakita kita sa Hannah Montana, pero simula nang maghiwalay ka kay Nick, parang walang puso ka na."
i enjoy feeling strong i love having muscles and strength and endurance,1,joy,"Gustung-gusto kong maramdaman ang lakas, mahal ko ang magkaroon ng kalamnan, lakas, at tibay."
i think i feel more depressed knowing im not anywhere near or close to where i should be,0,sadness,Akala ko mas lalong nadidilig ang aking kalungkutan dahil malayo pa ako sa dapat kong puntahan.
i like colbert because he makes me feel like i could be fully self assured someday,1,joy,Gustung-gusto ko si Colbert dahil ginagawa niya akong makaramdam na kaya kong maging ganap na mapagtitiwala sa sarili someday.
i plot that makes the reader feel like he is with owen morgan during his dangerous undertaking,3,anger,Isang kuwento na nagpaparamdam sa mambabasa na kasama niya si Owen Morgan sa kanyang mapanganib na pakikipagsapalaran.
i feel so deeply loved by her in a way that it disorients me,2,love,Nararamdaman kong lubos akong minamahal niya sa paraang nagpapaligaw sa akin.
ive been experimenting with lemony cakes and after several tests i feel i must share with you the recipe for this lemon and vanilla buttermilk cake because it is utterly delicious,1,joy,"Nag-e-eksperimento ako ng mga lemon cake at matapos ang ilang pagsubok, nararamdaman kong dapat kong ibahagi sa inyo ang resipe ng lemon at vanilla buttermilk cake na ito dahil lubos itong masarap."
i feel tortured by my self inducing deprecation and resentment,4,fear,Nasasaktan ako sa aking sarili dahil sa pagpapahirap at pagkapoot na aking iniinduce.
i feel like i lack any real knowledge or skill that would make my photos turn out well more consistently,1,joy,Parang kulang ako sa tunay na kaalaman o kasanayan na magpapapaganda ng aking mga litrato nang mas konsistent.
i miss the feeling of doing of feeling and of actually being useful,1,joy,Namimiss ko ang pakiramdam na ginagamit at talagang nakakatulong.
i was really surprised by how much i like this moisturizer it smells really good and feels amazing on the skin,1,joy,"Talagang nagulat ako kung gaano ko kamahal itong moisturizer, mabango ito at nakakagaan sa balat."
i realized that constantly checking my phone and multitasking made me feel rushed and ragged by the time i reached my destination even if i was talking to someone i really like,3,anger,Napagtanto ko na ang paulit-ulit na pagtingin sa aking telepono at paggawa ng maraming bagay nang sabay ay nagpaparamdam sa akin na nagmamadali at pagod kahit na nakikipag-usap ako sa isang taong tunay kong gusto.
i could barely leave the house and i was feeling a lot of isolation and i hated the lack of control i had over my own life because everyone else i knew was moving on with theirs,3,anger,"halos hindi ako makaalis ng bahay at nararamdaman ko ang malaking pag-iisa, at ayaw ko sa kawalan ng kontrol na meron ako sa aking sariling buhay dahil lahat ng nakikilala ko ay patuloy na umuunlad sa kanilang mga buhay."
im feeling shaky and feverish and mad,4,fear,Nararamdaman kong may kiliti at lagnat at galit.
i feel less weird about my premature graying that started,4,fear,Mas hindi na ako kakaiba sa aking maagang pag-gGRAY na nagsimula.
i was sad to see the demise of these as i feel in most respects they are far superior to the dvd,1,joy,"Malungkot akong makita ang pagbagsak nila dahil sa tingin ko, sa maraming paraan, mas mahusay sila kaysa sa DVD."
i like to pull out when i ever i feel like being snobbish about my musical tastes,3,anger,Gustung-gusto kong umatras kapag nararamdaman kong mapagmataas tungkol sa aking panlasa sa musika.
i feel rebellious a little annoyed mad caged in,3,anger,"Nararamdaman kong rebelde, medyo nainis, galit, at nakakulong."
ive been feeling better about myself,1,joy,Mas mabuti na ang pakiramdam ko tungkol sa aking sarili.
im feeling indecisive about what i want to do with the rest of my life,4,fear,Hindi ko alam kung ano ang gusto kong gawin sa natitirang bahagi ng buhay ko.
i normally feel kind of awkward at birthday dinner parties since theres always someone i dont know but not this time,0,sadness,"Karaniwan akong nahihiya sa mga hapunan ng kaarawan dahil lagi may hindi ko kakilala, pero hindi ngayon."
i feel like a confused year old that has no control,4,fear,Parang isang nalilito at walang kontrol na batang isang taong gulang ako.
i know its not my fault but after failing to keep three babies alive in my womb how else should i feel two friends came by with a sweet gift and a sandwich for todd,2,love,"Alam kong hindi ito kasalanan ko, pero pagkatapos hindi mailigtas ang tatlong sanggol sa aking sinapupunan, paano pa ako hindi mararamdaman ang ganitong sakit? Dalawang kaibigan ang dumalaw na may matamis na regalo at isang sandwich para kay Todd."
i bought the most expensive pair of shoes ive ever owned on a whim over the weekend and i love them but i feel a remorseful pang every time i look at them,0,sadness,Bumili ako ng pinakamahal na sapatos na pagmamay-ari ko sa isang biglaan noong weekend at mahal ko sila ngunit nararamdaman ko ang isang pagsisisi tuwing tumitingin ako sa kanila.
i feel very fond of my pinky kids,2,love,Napakagusto ko ng aking mga maliit na anak.
i feel more safe now especially since my psychologist has said that its rather clear that i suffer from gender dysphoria they can see that thats not something that ive made up and im not gonna end up just being dropped to fend for myself and try and deal with it on my own,1,joy,"Mas ligtas na ako ngayon, lalo na dahil sinabi ng aking psychologist na malinaw na nakikita nila na mayroon akong gender dysphoria, na hindi ito gawa-gawa at hindi ako iiwan na harapin ito mag-isa."
i do not feel welcomed going there,1,joy,Hindi ako nadarama'y tinatanggap doon.
i feel a bit strange publishing these beautiful photos,4,fear,Nararamdaman kong kakaiba ang paglalathala ng mga magagandang ito.
im feeling quite groggy but thats all right,0,sadness,Nararamdaman kong medyo antok pero ayos lang.
i feel that someone is being rude or has wrongly done something to me i lose it,3,anger,"Nararamdaman kong may nag-aaksaya o nagkasala sa akin, nawawala na ako."
i am feeling very generous amp so i have decided to share with you my readers a free giveaway as a thank you for visiting amp revisiting my page,1,joy,"Nararamdaman kong sobrang bait ko ngayon kaya nagpasya akong magbigay ng libreng regalo sa inyo, aking mga mambabasa, bilang pasasalamat sa inyong pagdalaw at paulit-ulit na pagbisita sa aking pahina."
ive been feeling a little homesick these days a usual thing around holidays but have been bringing some things from home into our celebrations here to ease the feeling of being far away,0,sadness,"Nararamdaman ko ang kaunting pag-uulila sa tahanan ngayon, karaniwan itong nangyayari sa mga pista opisyal, ngunit dinala ko ang ilang bagay mula sa bahay sa ating mga selebrasyon dito upang mapagaan ang pakiramdam ng pagiging malayo."
i didnt feel terrified,4,fear,Hindi ako natakot.
i feel more happy inside on a scale i would say a,1,joy,"Masaya ako sa loob, sa isang sukat sasabihin ko na isang."
i just feel like im being punished for it now even after i said sorry,0,sadness,Parang pinarusahan ako ngayon kahit na nagsorry na ako.
i smokes hi feels more hat ome and kind o contented like,1,joy,Umiinom siya ng sigarilyo at nararamdaman niya ang pagiging mas tahanan at kontento.
i feel like a wimpy blubbering fool right now,4,fear,Nararamdaman kong parang isang mahina at umiiyak na hangal ngayon.
i will not say much because chanel always speaks for its self and i feel that chanel makes sure they have something for every age group,1,joy,"Hindi ako magsasalita nang marami dahil ang Chanel ay palaging nagsasalita para sa sarili nito, at nararamdaman kong siguradong mayroon silang para sa bawat grupo ng edad."
i feel like popping them in the face with my fist because they re obnoxious,3,anger,Gusto kong suntukin sila sa mukha gamit ang aking kamao dahil sila ay nakakainis.
i will focus on either an infantry company or if im feeling either brave or stupid enough a motorbike company for the rest of the challenge but ill leave it until the time and see how i feel then,1,joy,"Magfo-focus ako sa alinman sa isang kompanya ng infantery o kung nararamdaman kong sapat na matapang o hangal, isang kompanya ng motorsiklo para sa natitirang bahagi ng hamon, pero iiwan ko ito hanggang sa oras at titingnan kung paano ako mag-fe-feel noon."
i wake up it hurts knowing that i could have ever possibly done anything to hurt this person to ever make him feel pain or lack of trusting,1,joy,"Nagigising ako, nasasaktan ang puso ko sa kaalaman na maaaring nagawa ko ang anumang bagay upang saktan siya, upang siya ay maramdaman ang sakit o kawalan ng tiwala."
i feel much better and i am back even to university,1,joy,Mas mahusay na ako ngayon at bumalik na ako sa unibersidad.
i feel shocked that my photo was chosen as the best photo of the week,4,fear,Napakagulat ko na ang aking larawan ang napili bilang pinakamagandang larawan ng linggo.
i am emotionally engaged because i feel that i supporting my own beliefs and values when i support them,1,joy,Nakakaapekto ako emosyonal dahil nararamdaman kong sinusuportahan ko ang aking sariling paniniwala at halaga kapag sinusuportahan ko sila.
i men zhu said is snapbacks cheap i also feel here too dangerous at present for the sake of under the door of safety since see or leave this green lotus temple first wholesale obey snapback hats,3,anger,"Sinabi ni i men zhu na mura ang snapbacks, nararamdaman ko rin dito na mapanganib ngayon para sa kaligtasan, kaya't tingnan muna natin o umalis sa Green Lotus Temple na ito at sundin ang pagbebenta ng snapback hats."
i feel heartbroken that a group of my fellow americans fell for the prosecutions fear mongering theory elashis daughter noor said outside the courthouse late monday,0,sadness,"Nasasaktan ako na isang grupo ng aking kapwa Amerikano ay nabighani sa teoryang pang-takot ng mga prosekutor, sabi ni Noor, anak ni Elashis, labas ng korte noong Lunes ng gabi."
i keep feeling weird sensations img src http s,4,fear,Nararamdaman ko ang kakaibang sensasyon.
i feel heartbroken and sad,0,sadness,Nasasaktan at malungkot ako.
i passed out last night at the late hour of and am still feeling a bit groggy this morning,0,sadness,Natulog ako kagabi sa huli ng gabi at medyo antok pa rin ako ngayong umaga.
i am feeling fine i take suppliments for health,1,joy,"Mabuti ang pakiramdam ko, kumakain ako ng mga bitamina para sa kalusugan."
i feel determined about that,1,joy,Nakadetermina ako tungkol doon.
i feel terrible for pretty much abandoning my online friends and i miss you all,0,sadness,Napakasama kong pakiramdam dahil halos iniwan ko na ang aking mga kaibigan online at nami-miss ko kayo lahat.
i have been feeling grumpy for the past few days and i just dont feel like being my upbeat self here on my blog,3,anger,Nakaramdam ako ng pagiging maungol sa nakalipas na ilang araw at hindi ko nararamdaman na maging masaya at positibo dito sa aking blog.
i feel a little inadequate but i just cant seem to keep up,0,sadness,Nararamdaman kong medyo kulang ako ngunit tila hindi ko mapanatili ang bilis.
im feeling so clever right about now please let me affirm i am not a good cook in fact i am truly disastrous in the kitchen hehe,1,joy,"Nararamdaman kong napakatalino ko ngayon, sana payagan ninyong kumpirmahin na hindi ako magaling magluto, sa katunayan, talagang isang sakuna ako sa kusina hehe."
i have no relief from my aches i am feeling just a tad overwhelmed by our current living situation and i am still unemployed and getting really really antsy about finding work,4,fear,"Walang ginhawa ang aking mga sakit, medyo nalulubog ako sa aming kasalukuyang kalagayan at wala pa ring trabaho, at talagang kinakabahan na ako sa paghahanap ng trabaho."
i feel wonderful because i see aku merasa luar biasa karena kulihat the love light in your eyes,1,joy,Nararamdaman kong kahanga-hanga dahil nakikita ko ang liwanag ng pag-ibig sa iyong mga mata.
i am feeling a bit ecstatic about a kinda new clothing business brand sendi,1,joy,"Masaya ako, medyo kinakabahan, tungkol sa isang bagong tatak ng damit na pinasok ko."
i look at the watch and i feel sad because i have to leave,0,sadness,Tinitingnan ko ang orasan at nalulungkot ako dahil kailangan kong umalis.
i need to vent feel free to read a class post count link href http simplethoughtsonthings,1,joy,"Kailangan kong maglabas ng sama ng loob, pakiusap basahin ang post ng klase, link: http simplethoughtsonthings."
i can genuinely say that there isnt much to dislike for me when it comes to this foundation as it stays put and makes my skin look and feel flawless,1,joy,Maaari kong tapat na sabihin na hindi ako nakakakita ng maraming bagay na hindi ko gusto tungkol sa base na ito dahil matibay ito at ginagawa ang aking balat na mukhang at pakiramdam na perpekto.
i feel so super not old,1,joy,Napakabata ko pa talaga.
i feel so foolish for resisting what was obviously meant to be,0,sadness,Nararamdaman kong napakabulaklak ko dahil tumutol sa kung ano'y malinaw na tadhana.
i wasn t on a diet or looking to lose weight i just wanted to feel more energetic brighter less lethargic amp try to control my sugar cravings,1,joy,"Hindi ako nag-diet o naghahanap na mawalan ng timbang, gusto ko lang maramdaman ang mas maraming enerhiya, mas maliwanag, mas hindi pagod, at subukan kontrolin ang aking pagnanasa sa matamis."
i feel like robin is very troubled right now maeve feel free to comment,0,sadness,"Nararamdaman kong malungkot si Robin ngayon, Maeve. Maaari kang magbigay ng komento kung gusto mo."
i read promotional emails and advertisements or listen to television commercials and dialogue in shows and movies or hear people around me in everyday life use commands such as the following examples i feel dismayed for them,0,sadness,"Binabasa ko ang mga email na pang-promo at mga anunsyo o nakikinig sa mga komersyal sa telebisyon at sa mga usapan sa palabas at pelikula o naririnig ang mga tao sa paligid ko sa pang-araw-araw na buhay na gumagamit ng mga utos tulad ng mga halimbawa sa ibaba, at nararamdaman kong nalulungkot para sa kanila."
i write i feel a little dissatisfied,3,anger,"Sumusulat ako, nararamdaman kong medyo hindi nasiyahan."
i feel she was wronged,3,anger,Nararamdaman kong mali ang ginawa sa kanya.
i feel like ive been sooo distracted and i need to regain my focus again,3,anger,Nararamdaman kong sobrang nababagabag ako at kailangan kong makuha muli ang aking konsentrasyon.
i feel more and more dissatisfied with each passing weekend,3,anger,Lalong lumalalim ang aking kawalan ng kasiyahan sa bawat nakalipas na weekend.
i was feeling all resentful that id been given such a boring assignment and,3,anger,Nararamdaman kong puno ng sama ng loob dahil sa nakakabagot na gawain na ibinigay sa akin.
i feel for all those who lost their homes those without power and all from this last bad storm,0,sadness,"Nakikiramay ako sa lahat ng nawalan ng tahanan, walang kuryente, at lahat ng naapektuhan ng huling malakas na bagyo."
i was beginning to feel fear nevertheless a stubborn person i am i swept the superstition away but i reminded myself to pay extra caution,3,anger,"Nagsisimula na akong matakot, ngunit dahil matitigas ang ulo ko, itinapon ko ang paniniwala sa mga pamahiin, ngunit pinayuhan ko ang aking sarili na mag-ingat nang higit pa."
i feel terrible for mrs,0,sadness,Napakasakit sa puso ko para kay Mrs.
i feel that there is no way to determine if a machine possesses consciousness and thus whether it is intelligent,1,joy,"Nararamdaman kong walang paraan upang matukoy kung may kamalayan ang isang makina at samakatuwid, kung ito ay matalino."
i wonder how it feels to have angered and disappointed millions of people in one morning,3,anger,Nagtataka ako kung paano ang pakiramdam na magalit at magdisappoint ng milyun-milyong tao sa isang umaga.
i feel so passionate about it and know this is where god wants me to be but i am human and i do have flaws and short comings,2,love,"Nararamdaman kong napakalakas ng aking pagmamahal dito at alam kong ito ang lugar kung saan gustong magkaroon ako ng buhay ayon sa kalooban ng Diyos, ngunit ako'y tao rin at may mga kahinaan at kakulangan."
i might be feeling a bit cranky,3,anger,Maaaring medyo maungol ako ngayon.
i feel lucky that they found it and i feel lucky that i have such competent folks taking care of me,1,joy,Masuwerte ako na natagpuan nila ito at masuwerte rin ako na may mga taong mahusay ang kakayahan ang nag-aalaga sa akin.
i was joking around and feeling good and the next hour i would feel horrible,1,joy,"Nagbibiro ako at masaya, ngunit sa susunod na oras, magiging masama ang pakiramdam ko."
i feel so blessed to be able to continue this pregnancy,2,love,Napakaligaya ko na maituloy ang aking pagbubuntis.
i apologise i really shouldn t be thinking that but it just makes me feel that the person isn t taking into consideration the fact that we need to watch other videos to it s called supporting our subscribers does it make me a bad person thinking and feeling this,2,love,"Patawad, hindi ko dapat iniisip iyon pero parang hindi niya iniisip na kailangan nating panoorin ang ibang mga video, tawag diyan ay pagsuporta sa ating mga subscriber. Masama ba akong tao dahil naiisip at nararamdaman ko ito?"
i am feeling all romantic and stuff i take emily to the club to eat sam s club that is,2,love,"Nararamdaman kong sobrang romantiko, kaya dadalhin ko si Emily sa Sam's Club para kumain."
i have been perspiring like crazy even in school that makes me feel so dirty and muddy,0,sadness,"Nag-i-ihi ako nang husto kahit nasa paaralan, kaya parang marumi at madulas ang pakiramdam ko."
i told my boss at around weeks because i was feeling incredibly guilty,0,sadness,Sinabi ko sa aking amo mga ilang linggo na ang nakalipas dahil nararamdaman kong sobrang nagkasala.
i am excited to be introduced to a new kind of library environment but at the same time i am feeling stressed about it because it means that i am not really getting a holiday,0,sadness,"Masaya akong makilala ang isang bagong uri ng kapaligiran ng aklatan ngunit sabay-sabay, kinakabahan din ako dahil ibig sabihin nito ay hindi talaga ako nakakapagbakasyon."
i feel like kind of a traitor putting this on my naughty list but they disappointed me,2,love,"Parang traydor ako kapag isinulat ko ito sa aking listahan ng mga masamang bata, pero nabigo nila ako."
i think it is super nervous for me i always feel not contented and even greedy so when there s a choice that problem would just worsen,1,joy,"Akala ko sobrang kinakabahan ako, lagi akong hindi kontento at maging sakim kaya kapag may pagpipilian, lalong lumalala ang problema."
im sitting at the spare desk feeling totally disillusioned and frustrated with my working life in general,0,sadness,"Nakaupo ako sa laging bakanteng mesa, pakiramdam ko'y lubos na nabigo at nagagalit sa aking trabaho sa pangkalahatan."
i used to feel as if i would be hated and whatever so i kept quiet about god,3,anger,"Dati, parang ayaw akong mahalin at ganito-ganito kaya pinigilan kong pag-usapan ang tungkol kay Diyos."
i feel like thats almost ok since no political party in the uk ever seems to reach out to young voters,1,joy,Parang halos tama iyon dahil tila walang pulitikal na partido sa UK na nakakaabot sa mga kabataang botante.
i feel increasingly passionate about,2,love,Lalong lumalakas ang aking pagmamahal sa...
i feel like i am very passionate about youtube and so id quite like to explain why i think youtube is the next best thing for entertainment,1,joy,Nararamdaman kong lubos akong may pagmamahal sa YouTube at gusto kong ipaliwanag kung bakit sa tingin ko ito ang susunod na pinakamagandang bagay para sa libangan.
i have bruises on my hips and elbows too so im feeling pretty banged up,1,joy,May pasa ako sa aking baywang at siko rin kaya medyo nasugatan ako.
i was sitting right next to him and i had a strong feeling that i liked him,2,love,Nakaupo ako sa tabi niya at may malakas na nararamdaman na gusto ko siya.
i was like that i always wanted to feel and be accepted by my family and others,2,love,Gusto kong lagi akong maramdaman at tanggapin ng aking pamilya at ng iba.
i still couldnt believe that they are in that much pain to not feel happy when other people are celebrating grandiosely,1,joy,Hindi ko pa rin makapaniwala na sila ay nasa ganitong kalalim na sakit na hindi maramdaman ang kagalakan kahit ang iba ay nagdiriwang nang malawakan.
i want to take a shower without feeling like i was beaten with a baseball bat,0,sadness,Gusto kong maligo nang hindi parang binatukan ng baseball bat.
i didnt feel pressured to do more or like he wont get anything out of the one day,4,fear,Hindi ako nadamaang pinipilit na gawin pa ang higit pa o parang hindi siya makakakuha ng kahit ano sa isang araw.
i went to bed feeling very pleased with my lovely day out and feeling like id made a few really lovely friends,1,joy,natulog ako na sobrang saya dahil sa magandang araw ko at parang nakilala ko ang ilang tunay na magagandang kaibigan.
i am very new to blogging and i feel a little stupid writing this however if it will help me overcome my stress i will give it a go,0,sadness,"Baguhan pa ako sa pag-blog at medyo nahihiya akong magsulat nito, ngunit kung ito ay makatutulong sa akin na makalimot sa aking stress, susubukan ko."
i bet you feel safe keeping your life in a cage while i take my chances but always collapses,1,joy,Sigurado akong nararamdaman mong ligtas na nakakulong ang buhay mo habang ako ang nag-aaksaya ng aking pagkakataon ngunit lagi itong nababagsak.
i know the environment i live in we all smile and politely wave but i have my moments of feeling absolutely appalled at how shortsighted people can be,3,anger,"Alam ko ang kapaligiran kung saan ako nakatira, lahat tayo ay ngumiti at magalang na bumati, ngunit may mga sandali akong lubos na nababahala sa kung gaano kabulag ang pananaw ng mga tao."
i feel somewhat remorseful that i wont be around for this move in weekend but i think its for the better that i do this study if it doesnt seem like a good thing i can always back out and come home to oakland and everyone,0,sadness,"Nararamdaman ko ang kaunting pagsisisi na hindi ako makakasama sa weekend ng paglipat ngunit sa tingin ko mas mabuti kung gagawin ko ang pag-aaral na ito. Kung hindi ito maganda, maaari akong umatras at bumalik sa Oakland at sa lahat."
i feel this command is useful to check the free space in log file for all databases in over go,1,joy,Nararamdaman kong kapaki-pakinabang ang utos na ito upang suriin ang libreng espasyo sa log file para sa lahat ng database sa over go.
i am offering two original works for immediate sale for cheaper than usual as i want to donate all the proceeds to a cause i feel very worthwhile before mid february,1,joy,Nag-aalok ako ng dalawang orihinal na gawa para sa agarang pagbebenta sa mas murang presyo kaysa dati dahil gustong ibigay ang lahat ng kita sa isang dahilan na aking napakalaking pinagkakatiwalaan bago matapos ang unang linggo ng Pebrero.
i look at him and say nicely and friendly well im sorry you feel that way i do apologize to you this angered him more and he stormed out saying i dont need this shit not a good night overall but im off till friday thankfully,3,anger,"Tinitignan ko siya at sinabi nang maayos at kaibigan, ""Pasensya na kung ganun ang nararamdaman mo, humihingi ako ng tawad."" Ito'y lalong nagalit sa kanya at siya'y umalis nang may galit na sabi, ""Hindi ko kailangan ng ganitong kalokohan."" Hindi maganda ang gabi, ngunit salamat sa Diyos, wala akong trabaho hanggang Biyernes."
when my relatives and i were in a car going slowly on a frozen road,4,fear,"Nang kami, ang aking mga kamag-anak at ako, ay nasa sasakyan na papalapit nang dahan-dahan sa isang nagyeyelong kalsada."
i haven t yet experienced the totality of this is that i am getting to use my gifts again without feeling like someone is threatened jealous or competing against me,4,fear,"Hindi ko pa naranasan ang kabuuan nito, ngunit nakakatuwa na muling magamit ang aking mga talento nang hindi nadarama ang takot, inggit, o pagkumpitensya mula sa iba."
i feel insulted by this that he doesnt even respect me enough to let me know hes not coming not until i indicated i was going to bed,3,anger,"Nasasaktan ako dahil sa ginawa niya, hindi niya man lang ako nirerespeto nang sabihin na hindi siya darating hanggang sa sabihin kong matutulog na ako."
i will gladly endure a million emotional blowouts and tantrums for the privilege of feeling her tender hands in mine,2,love,Masayang tatanggapin ko ang isang milyong emosyonal na pagsabog at pag-aaway kapalit ng karangalan na maramdaman ang kanyang malambot na kamay sa akin.
i do feel sad for myself for not wanting that and thoughts extend up to a point that ill die alone,0,sadness,"Nakakaramdam ako ng kalungkutan para sa aking sarili dahil ayaw ko noon, at ang mga iniisip ko ay umaabot sa punto na mamamatay ako mag-isa."
i am sure feeling nervous about potential air raids from the luftwaffe,4,fear,Sigurado akong kinakabahan tungkol sa posibleng pag-atake ng hangin mula sa Luftwaffe.
i feel afraid to write because there are so many thoughts that need to come out,4,fear,Natatakot akong magsulat dahil marami akong iniisip na kailangang ilabas.
i feel satisfied and pleased after getting good marks in exams or praise from teachers for good performance,1,joy,Nakakaramdam ako ng kasiyahan at pagsang-ayon pagkatapos makuha ang magagandang marka sa mga pagsusulit o papuri mula sa mga guro dahil sa magandang pagganap.
i feel discouraged at the pace of my personal evolution and often feel like jack kerouac tossing his marbles into the maelstrom surf of big sur,0,sadness,Nararamdaman kong nababawasan ang aking loob sa bilis ng aking pag-unlad bilang tao at madalas akong makaramdam na parang si Jack Kerouac na nagtatapon ng kanyang mga marmol sa magulo at malakas na alon ng Big Sur.
i are both aware i have many personal reasons to feel less than fond shall we say of your prince and i suppose it s only human of me to wish to make that point abundantly clear to him,2,love,"Pareho tayong alam na maraming personal na dahilan kung bakit hindi ako masyadong maganda ang pakiramdam sa prinsipe mo, at marahil normal lang na gustuhin kong ipabatid nang malinaw sa kanya."
i feel so damaged,0,sadness,Nararamdaman kong lubos na nasira.
i feel very excited after my graduated what kind of lifestyle well have at the same time cafe are going to open but not that soon and we have to think about before a coffee shop what job we have to work as well to me i already fixed and i think youll be soon too,1,joy,"Napakasaya ko matapos magtapos, ano kaya ang magiging pamumuhay natin at saka ang cafe ay bubukas din pero hindi pa agad at kailangan nating pag-isipan bago ang coffee shop, ano ang trabaho natin gagawin. Sa akin, naayos ko na at akala ko malapit mo na rin maayos."
im an academic addict i cant say that im really feeling eager about it right now,1,joy,"Ako ay isang adik sa akademya, hindi ko masasabi na tunay akong nagnanais nito ngayon."
i wind up getting more things checked off the list but i feel lousy and frazzled by early evening,0,sadness,Nagtatapos akong nakakapuntos ng higit pang mga bagay sa listahan ngunit nararamdaman kong masama at nababalisa bago maghapon.
i feel disgusted with my body,3,anger,Nakakaumay ako sa aking katawan.
i think it to want you to settle immediately each other not to feel unpleasant,0,sadness,Akala ko gusto kong agad kayong magkasundo upang hindi kayo mag-aaway.
i wasnt feeling very optimistic but this would be a nod to the universe that i was trying,1,joy,"Hindi ako gaanong optimistiko, pero ito ay isang pagpupugay sa sansinukob na sinusubukan ko."
i feel like a sweet fix then these are now my go to snack,2,love,"Parang kailangan ko ng matamis na pampagana, at ngayon, ito na ang aking paboritong meryenda."
i hate feeling alone,0,sadness,Ayaw kong maramdaman ang pag-iisa.
i am trying to work hard with these feelings and i understand that they have to be resolved and put behind me,1,joy,Sinusubukan kong magtrabaho nang mabuti kasama ang mga damdaming ito at nauunawaan kong kailangan nilang malutas at iwanan ko na.
i feel very blessed and lucky to have found a true old soul,1,joy,Nararamdaman kong sobrang biyaya at swerte na mahanap ang isang tunay na matandang kaluluwa.
i did not feel like i was on the edge and it got to a point where i wasn t bothered about who wins and to hell with it whether this fight will even end,3,anger,Hindi ko naramdaman na nasa gilid ako at umabot sa punto na hindi na ako nag-aalala kung sino ang mananalo at bahala na kung tapusin man ang laban na ito.
i feel as though my body is damaged like everything has just stopped and ive became a little girl again,0,sadness,"Nararamdaman kong parang nasira ang aking katawan, parang lahat ay tumigil at bumalik ako sa pagiging isang maliit na batang babae."
i had just eaten a particularly dreadful railway burger and so was feeling irritated before i even read his remarks hence my suggestion that he was only a so called environment secretary,3,anger,Kakain lang ako ng isang napakasayang burger sa tren kaya nagagalit na ako bago ko pa basahin ang kanyang mga komento kaya sinabi kong siya'y isang tinatawag na kalihim ng kapaligiran lamang.
i always feel convinced that there is a grimacing flip handled knife or one of those small pearl handled pistols in there,1,joy,"Lagi akong naniniwala na may nakakubli roon, isang nakasimangot na kutsilyo na may hawakan na flip o isa sa mga maliit na baril na may hawakan na perlas."
i am thankful that our incomes let us contribute to causes that we feel are important,1,joy,Nagpapasalamat ako na ang aming kita ay nagbibigay-daan sa amin upang makatulong sa mga dahilan na ating iniisip na mahalaga.
i feel like hiding and i also feel triumphant over apathy,1,joy,Gusto kong magtago at nararamdaman ko ring tagumpay laban sa kawalan ng malasakit.
i feel peaceful and happy about this decision and i am glad and grateful for the remaining three months that i have in mombasa,1,joy,Nararamdaman kong mapayapa at masaya tungkol sa desisyong ito at nagpapasalamat ako sa natitirang tatlong buwan na meron ako sa Mombasa.
i love how the smells can make you feel so nostalgic,2,love,Mahal ko kung paano ang mga amoy ay nagpapaalala sa nakaraan.
i feel guilty because he is always good not just in the good times and i fail to recognize that,0,sadness,Nararamdaman kong may sala ako dahil lagi siyang mabuti hindi lamang sa mga magagandang panahon at hindi ko napansin iyon.
i have definitely felt the stirrings of spring and although i expect more winter weather in march i feel assured that the seasons are changing,1,joy,"Naramdaman ko nang tiyak ang pagdating ng tagsibol at bagama't inaasahan kong magkakaroon pa ng malamig na panahon sa Marso, ako'y naniniwala na nagbabago na ang mga panahon."
i feel like the helpless duckie target for the commies and feds while at other times i want to run and hide,4,fear,"Parang isang walang-laban na ibon na target ng mga komunista at mga awtoridad ako minsan, samantalang sa iba pang pagkakataon ay gusto kong tumakas at magtago."
i am feeling exceptionally brave and daring i may even make the corset,1,joy,"Napakabait at mapangahas ng aking nararamdaman, baka nga isuot ko pa ang corset."
i dont know why im feeling so listless,0,sadness,Hindi ko alam kung bakit ako nararamdaman ang pagod at walang gana.
i will pay a month for months and feel shame every time i grill a hot dog from that point on,2,love,Babayaran ko ang isang buwan para sa mga buwan at mararamdaman ang kahihiyan tuwing mag-grilling ako ng hotdog mula noon.
i feel groggy but ok get up and leave the house with a luxurious baby free day in the office ahead of me,0,sadness,"Nararamdaman kong antok pero okay na. Tumayo at umalis ng bahay, may magandang araw na walang anak sa opisina ang naghihintay sa akin."
i feel so bad that im posting this blog so late,0,sadness,Napakasama kong pakiramdam na huli na akong nagpo-post ng blog na ito.
having received an offer to do postgraduate work,1,joy,pagkatapos tumanggap ng alok para sa pag-aaral sa postgraduate level
ive hijacked a fantasy and i feel foolish,0,sadness,Ninakaw ko ang isang pantasya at nararamdaman kong tanga.
i feel mellow content,1,joy,Nararamdaman kong malambot at kontento.
im off to relax while feeling my sweet extremely active little baby wiggle around in my belly,1,joy,Pupunta ako para magpahinga habang nararamdaman ang aking matamis at sobrang aktibong maliit na sanggol na gumigiling sa aking tiyan.
i feel pretty lame all together so i will stop here and share a bit more of my fudgy mediocre doodles,0,sadness,Nararamdaman kong medyo bobo ako sa kabuuan kaya titigil na ako rito at ibahagi ang ilan pang aking fudgy at mediocre na mga doodle.
tutorial again a fearful feeling came to me when i sat on the chair and looked at my fellow students all around i was really scared that they would ask me some questions or challenge the ideas that i had presented,4,fear,Bumalik ang takot nang maupo ako sa upuan at tumingin sa aking mga kaklase sa paligid. Talagang natakot ako na baka sila'y magtanong o pag-usapan ang mga ideya kong ipinakita.
i never thought i would feel more passionate about anything until i began teaching,1,joy,Hindi ko akalaing mararamdaman kong mas may pagmamahal sa kahit anong bagay hanggang sa nagsimula akong magturo.
i left that meeting feeling helpless and betrayed by the very laws that are supposed to protect me and other people in this state,4,fear,Umalis ako sa pulong na iyon na nakaramdam ng kawalan ng magawa at pinagtataksilan ng mga batas mismo na dapat sana ay nagpoprotekta sa akin at sa iba pang tao sa estado na ito.
i was still feeling crappy but hoped it was just due to the flight and stuff so we cleaned ourselves up and i put on my sassy city girl outfit which was my perfect city dress with city walking shoes,0,sadness,"Parang hindi pa rin ako maayos ang pakiramdam pero sana dahil lang sa biyahe kaya naglinis kami at isinuot ko ang aking maangas na damit na parang babaeng taga-lungsod, ang aking perpektong damit para sa lungsod kasama ang sapatos na panglalakad sa siyudad."
ive been feeling really shitty lately,0,sadness,Napaka-masama ng pakiramdam ko lately.
i will never feel heartbroken again,0,sadness,Hindi na ako magkakaroon ng sakit ng puso muli.
i feel is anger with myself for trusting him in the first place and then letting him treat me like that,1,joy,Nararamdaman ko ang galit sa sarili ko dahil sa pagtitiwala ko sa kanya noong una at pagkatapos ay pinayagan siyang tratuhin ako nang ganyan.
i feel that if people read my writing they will know that i m a dumb bunny,0,sadness,"Nararamdaman kong kung babasahin ng mga tao ang aking sulat, malalaman nilang isang bobong kuneho ako."
im feeling a little anxious,4,fear,Nararamdaman ko ang kaunting kaba.
i would feel weird having my dads hand on my stomach for any amount of time especially for several minutes while he waits to feel taryn jumping around in there,4,fear,"Magiging kakaiba ang pakiramdam ko kung hahawakan ng ama ko ang aking tiyan nang matagal, lalo na kung ilang minuto habang naghihintay siyang maramdaman si Taryn na tumatalon doon."
i was feeling severely beaten and whooped by the beer bat and not looking forward to be being on my unsteady feet for the duration of the show,0,sadness,Napakasakit ng pakiramdam ko dahil sa beer bat at ayaw kong tumayo nang hindi maayos sa buong palabas.
i feel useful giving in what i do,1,joy,Nararamdaman kong kapaki-pakinabang ang aking ginagawa.
i wonder what he thinks about now when he hears this song i feel a little disturbed listening to it but then again i was always a disturbed individual,0,sadness,"Nagtataka ako kung ano ang iniisip niya ngayon kapag naririnig niya itong kanta. Parang nababagabag ako habang nakikinig, pero siguro naman lagi na akong ganito."
i am feeling impatient and would just like to get on with life i am in no hurry to push myself right back into illness,3,anger,Nararamdaman kong nagiging mapagbiro na ako at gusto ko nang ituloy ang buhay. Hindi ako nagmamadali na muling ipasok ang aking sarili sa sakit.
i think this has caused me to resonate more deeply with others who lack connection and support who are alone who feel they do not have support who are suffering,0,sadness,"Sa palagay ko, ito ay nagpapahintulot sa akin na magkaroon ng mas malalim na pagkakaisa sa mga taong kulang sa koneksyon at suporta, na nag-iisa, na nakaramdam na wala silang suporta, na nagdurusa."
i guess since this book kind of bring a negative feeling to my self that im longing to find my simon i guess i wont be reading a romance book again in the future,2,love,"Siguro dahil ang aklat na ito ay nagdudulot ng negatibong pakiramdam sa akin at dahil sa paghahanap ko kay Simon, baka hindi na ako babasa ng mga nobelang romantiko sa hinaharap."
ive never been the mother of a teenage girl before but i sure as hell have been one and this little episode would have left me at feeling ugly and crappy and humiliated,0,sadness,"Hindi ako dati'y naging ina ng isang dalagang teenager, pero tiyak akong naging isa noon, at tiyak na iiwan ako ng ganitong maliit na pangyayari na parang pangit, masama ang pakiramdam, at nahihiya."
im feeling fabulous and looking forward to a new day of fun,1,joy,Nararamdaman kong kamangha-mangha at naghihintay sa isang bagong araw na puno ng saya.
i feel joyful and carefree,1,joy,Masaya at walang alalahanin ako.
ive been feeling low when i get home so i eat to fill my time and the hole in my heart,0,sadness,Nabababa ang aking pakiramdam kapag nakauwi ako kaya kumakain ako para punan ang aking oras at ang kawalan sa aking puso.
i just feel so wronged and sad that i cant even have the space i want,3,anger,Napakasakit at parang mali ang nararamdaman ko dahil hindi ko makuha ang espasyo na gusto ko.
i feel their pain their suffering,0,sadness,"Nararamdaman ko ang kanilang sakit, ang kanilang pagdurusa."
i am raising funds for the jag foundation jointly achieving growth a charity that i feel extremely passionate about,2,love,"Nagtitipon ako ng pondo para sa Jag Foundation, isang organisasyong pangkawanggawa na tinatawag na ""Jointly Achieving Growth"" na aking lubos na pinagsisikapan."
i am feeling a little lonely,0,sadness,Nararamdaman kong medyo nag-iisa.
i love doing book reviews so if you have any suggestions feel free to tell me im always open to suggestions,1,joy,"Gustung-gusto kong gumawa ng mga pagsusuri ng libro kaya kung may mga mungkahi kayo, huwag mag-atubiling sabihin sa akin, lagi akong bukas sa mga mungkahi."
i have to do what i have to do i feel like a little kid who is being punished by her mother for something she did wrong,0,sadness,"Kailangan kong gawin ang dapat kong gawin, parang bata akong pinarusahan ng ina dahil sa mali kong nagawa."
i feel so honored to have been the one chosen to stand on the sidelines of this journey of his cheering him on and watching him excel and grow into one incredible doctor,1,joy,"Nararamdaman kong lubos na karangalan na ako ang napili na manatiling nasa tabi niya sa paglalakbay na ito, sumisigaw ng suporta at nakikita siyang umunlad at maging isang kahanga-hangang doktor."
i feel like the most hated person on the planet for turning brendon down,3,anger,Parang pinaka-kinamumuhian akong tao sa mundo dahil tinanggihan ko si Brendon.
i had kind of been feeling lethargic and out of it all day,0,sadness,Nararamdaman ko ang pagod at hindi ko naramdaman ang aking sarili nang buong araw.
i was feeling a bit like the internet is replacing valuable face to face interpersonal relations but now that i viewed this and had a few other positive internet cyber relations today ive been restored to the internet is awesome and i honestly dont think i could live without it mindset,1,joy,"Nararamdaman ko noon na parang papalitan ng internet ang mahalagang pakikipag-ugnayan sa harapan, pero ngayon na nakita ko ito at nakaranas ng ilang positibong pakikipag-ugnayan online ngayon, bumalik ang aking pananaw na ang internet ay kahanga-hanga at totoo, hindi ko naisip na mabuhay nang wala ito."
i know if i go to crossroads or thrift stores i can find something roughly like what im wishing for if i search hard enough and theres no feeling quite so delicious as something awesome for a good bargain,1,joy,"Alam kong kung pupunta ako sa mga tindahan ng ukay-ukay o mga thrift store, makakahanap ako ng isang bagay na halos katulad ng hinahanap ko kung magpupursigi akong maghanap, at walang pakiramdam na mas masarap kaysa sa pagkuha ng isang bagay na kahanga-hanga sa murang halaga."
im feeling surprisingly blank about the whole thing not good not bad not happy not sad,0,sadness,"Nakakagulat na parang wala akong nararamdaman tungkol dito, hindi maganda, hindi mabuti, hindi masaya, hindi malungkot."
i feel like i get blamed for all his stress sometimes,0,sadness,"Minsan, parang ako ang sisihin sa lahat ng kanyang stress."
i completely lose ability to segregate my feelings with my actions is when they are rude and hurtful to their father and my husband who is also my hero and best friend and heart,3,anger,"Ganap akong nawawalan ng kakayahang paghiwalayin ang aking damdamin sa aking kilos kapag sila ay bastos at nakakasakit sa kanilang ama at sa aking asawa na siyang aking bayani, pinakamahusay na kaibigan, at puso."
i see a liberal women get challenged on something she says there are comments about not feeling safe and the so called intimidation they are feeling,1,joy,"Nakikita ko isang babaeng liberal na hinamon tungkol sa kanyang sinabi, may mga komento tungkol sa hindi pagiging ligtas at ang tinatawag nilang pang-aapi na nararamdaman nila."
i would say to mira i am feeling really curious about what its like to live in a castle and im looking it up on my computer,4,fear,Sasabihin ko kay Mira na talagang kinakabahan ako kung ano ang pakiramdam mabuhay sa isang kastilyo at tinitingnan ko ito sa aking kompyuter.
i often times feel helpless in regards to my life s path,4,fear,Madalas akong makaramdam ng kawalan ng saysay tungkol sa landas ng aking buhay.
i was a nursing major made great friends and was no longer feeling homesick,0,sadness,"Ako ay isang nursing major, nakilala ko ang mga magagaling kong kaibigan at hindi na ako nakaramdam ng pag-uulila sa tahanan."
i still feel somewhat dissatisfied with myself,3,anger,Nararamdaman ko pa rin ang kaunting hindi pagsang-ayon sa aking sarili.
i walked away from those years believing it was that i didnt want to ever make other people feel like they were as worthless as i often felt,0,sadness,Umalis ako sa mga taong iyon na naniniwala na hindi ko na gustong ipahiram sa iba ang nararamdaman kong kawalan ng halaga noon.
i strive to make it out of the between boyfriends zone and land safely into single i feel lucky to have had these incredible beginnings with incredible people,1,joy,"Nagsisikap akong makalabas sa ""boyfriend zone"" at ligtas na makarating sa pagiging single. Masuwerte akong nakaranas ng mga kahanga-hangang simula sa mga kahanga-hangang tao."
i don t ever have to fully feel any unpleasant emotion,0,sadness,Hindi ako kailanman lubos na nararamdaman ang anumang hindi kasiya-siyang emosyon.
i cannot remember in which mix i heard this first and not remembering it is making me feeling all irritable,3,anger,Hindi ko matandaan sa anong halo ko unang narinig ito at ang hindi pag-alala nito ay nagpapasakit ng ulo ko.
i really hate this feeling when you really give so much damn about someone but really all that person show you is just simply like they cant be bothered with you,3,anger,Talagang ayaw ko ng pakiramdam na ito kapag talagang nag-aalala ka nang sobra para sa isang tao ngunit ang ipinakikita nila sa iyo ay parang hindi sila interesado sa iyo.
i am feeling a little overwhelmed like i do every year at this time at the speed each holiday season creeps up on us,4,fear,"Nararamdaman ko ang kaunting pagod, parang tuwing taon sa panahong ito, sa bilis na papalapit ang bawat pista."
i took part in a football match the referee was extremely partial to the opposite team this stirred up my discontent and anger,3,anger,"Sumali ako sa isang laro ng football, ngunit ang referee ay lubhang pabor sa kalaban, na nagdulot ng aking pagkadismaya at galit."
i really feel relaxed is when i am in my art class painting and it is really conveniently at the end of the day so i can unwind and take a breather,1,joy,"Tunay na nakakarelaks ako kapag nasa aking klase sa sining at nagpipinta, at napakaganda rin na nasa huli ng araw para makapagpahinga at makapag-isip nang malinaw."
i feel so fucked up most of the time because not being able to concentrate on anything amp feeling anxiety all the time about everything makes me stressed apathetic amp i cant handle stress at all,3,anger,"Napakasira ng pakiramdam ko karamihan sa oras dahil hindi ako makapag-concentrate sa kahit anong bagay at ang pakiramdam ng pangamba lagi tungkol sa lahat ay nagdudulot sa akin ng stress, apathia, at hindi ko kayang harapin ang stress nang lubusan."
i feel like i missed out not being born into any particular religion,0,sadness,Parang kulang ako dahil hindi ako ipinanganak sa isang partikular na relihiyon.
i realize that the vision that i had for it at the beginning is not what i feel passionate about any more,2,love,Napagtanto ko na ang pangitain ko noon para dito ay hindi na ang aking pinapangarap ngayon.
i could try to reach my tongue out to lick it but in vain so close i could feel the divine warmth from her pussy but in vain,1,joy,"Maaari kong subukan na abutin ang aking dila upang lamunin ito ngunit sa wala, napakalapit ko, nararamdaman ko ang banal na init mula sa kanyang puki ngunit sa wala."
i would feel too embarrassed,0,sadness,Magiging nahihiya ako nang sobra.
i must really be feeling brave because this thrifted outfit is a swimsuit,1,joy,Dapat talagang matapang na ako ngayon dahil ito pong damit na nakabili sa ukay-ukay ay isang swimsuit.
i do at times feel a bit strange with my mom ushering her about as though shes her traumatic brain injury is really doing a toll on her mental and physical capacities,4,fear,"Minsan, nararamdaman kong kakaiba na parang inaalagaan ng aking ina ang kanyang sarili bilang kung ang kanyang pinsala sa utak ay lubos na nakakaapekto sa kanyang mental at pisikal na kakayahan."
i see this ad i cringe and feel disturbed,0,sadness,"Nakikita ko itong anunsyo, kinikiliti ako at nababahala."
i would feel radiant with confidence that both the baby and i were doing well,1,joy,Magiging mapalad ako ng kumpiyansa na parehong mabuti ang kalagayan ng sanggol at ko.
i got this amazing news from tracy today the final covers only chapters no wonder we were feeling so rushed and it seemed we didnt have enough time,3,anger,"Nakakuha ako ng magandang balita mula kay Tracy ngayon, ang huling kabanata lamang ang itatakda, kaya naman siguro nararamdaman naming lahat na nagmamadali at parang kulang ang oras."
i worked thought that it was a good reason to either feel pity for me disgusted at me or more rarely intrigued by me and that was a class of people i didn t care to talk to,3,anger,"Nagtrabaho ako na akala ko'y magandang dahilan upang magdamdam ng awa, o mag-inis, o bihirang magkaroon ng interes sa akin, at iyon ang uri ng tao na ayaw kong kausapin."
i really feel very bad,0,sadness,Talagang masama ang pakiramdam ko.
i do it because it feels important to have a voice and knowing people read this i want to say things which i think are important and which i hope might be of some comfort to others,1,joy,"Ginagawa ko ito dahil mahalaga sa akin na magkaroon ng boses at dahil alam kong nababasa ito ng mga tao, gusto kong ibahagi ang mga bagay na sa tingin ko ay mahalaga at sana ay maibigay ito ng kaunting ginhawa sa iba."
i do feel angry,3,anger,Nararamdaman ko ang galit.
i chugged a big ol beer on an empty stomach so now im loopy and feeling creative,1,joy,Uminom ako ng malaking beer sa walang laman na tiyan kaya ngayon ay lasing na ako at pakiramdam ko ay malikhain.
i know karen wouldnt see it that way if i addressed these things with her it would open a whole miserable can of worms she wouldnt see that shes doing anything wrong and wouldnt be open to hearing how i feel it would turn into an ugly confrontation and i hate confrontation,0,sadness,"Alam kong hindi makikita ni Karen sa ganung paraan kung aalamin ko sa kanya ang mga bagay na ito, bubuksan ko ang isang buong nakakabagabag na kaldero ng mga problema. Hindi niya mapapansin na mali ang ginagawa niya at hindi siya bukas sa pagdinig kung paano ako nararamdaman. Magiging isang pangit na away iyon at ayaw kong makipag-away."
i feel almost virtuous almost as though ive rejected being tethered to material goods but of course i still have two suitcases full of cashmere sweaters and rainboots,1,joy,"Nararamdaman kong halos marangal, halos parang tinanggihan ko ang pagiging nakakabit sa mga materyal na bagay, ngunit siyempre, mayroon pa rin akong dalawang maleta na puno ng cashmere sweaters at rainboots."
i want to feel like i m important,1,joy,Gusto kong maramdaman na mahalaga ako.
im feeling optimistic about this third year confident for the first time in my abilities as a business owner and teacher,1,joy,"Nakakaramdam ako ng optimismo tungkol sa ikatlong taon, at naniniwala ako sa aking kakayahan bilang negosyante at guro para sa unang pagkakataon."
ive waited my whole life to feel this blessed now im comparing the dream to the way it is and everybodys looking there very best remembering times when they were just like this my imagination never felt so clear so no i know this is for real,2,love,"Naghihintay ako ng buong buhay ko upang maramdaman ang ganitong biyaya, ngayon inihahambing ko ang pangarap sa kung ano ito at lahat ay nagpapakita ng kanilang pinakamagandang anyo, naaalala ang mga panahon na sila ay gaya nito. Ang aking imahinasyon ay hindi kailanman naramdaman na ganito kalinaw, kaya oo, alam kong ito ay totoo."
i feel he is talented and good,1,joy,Nararamdaman kong may talento siya at mabuti.
i feel that i have tons of love to give and i would love to give my loyal support to that person as well,2,love,Nararamdaman kong puno ako ng pagmamahal na ibibigay at gustung-gusto kong ibigay ang aking tapat na suporta sa taong iyon din.
i am back working with confidence and feeling terrific,1,joy,Bumalik na ako sa pagtatrabaho nang may tiwala at pakiramdam na mahusay.
i dont think my depression that i have been feeling is going to go away over night but i do think that if i start trusting god more and praying more he will help me to see that i am not alone,1,joy,"Hindi ko akalaing mawawala agad ang aking depresyon na nararamdaman ko, ngunit naniniwala akong kung magtitiwala ako nang higit kay Diyos at magdarasal nang mas madalas, tutulungan niya akong makita na hindi ako nag-iisa."
i feel called to do and delighted in doing,1,joy,Nararamdaman kong tinawag akong gawin ito at nasiyahan akong gawin ito.
im not sure if all my stuff with andy as in me feeling annoyed at him was just my messed up chemicals,3,anger,"Hindi ko sigurado kung lahat ng nangyayari sa akin kay Andy, tulad ng pagiging nainis ako sa kanya, ay dahil lang sa mga nalilito kong kemikal."
im not feeling well lets just enjoy some pictures taken from the field trip,1,joy,"Hindi ako maganda ang pakiramdam, tara na lang mag-enjoy ng mga larawan mula sa field trip."
i want people to have the same feeling of delighted shock i had when i saw it,1,joy,Gusto kong maramdaman ng mga tao ang parehong pakiramdam ng masayang gulat na naramdaman ko nang makita ko ito.
i was over tired and feeling irritable as a result,3,anger,Napapagod na ako at nagiging maasim ang aking pakiramdam dahil dito.
i also feel its a transition piece for me still sweet and classy adding that touch to my more goth punk rebellious style im falling into lately,1,joy,"Nararamdaman ko rin na ito ay isang transisyon para sa akin, pa rin matamis at may klaseng istilo, na nagdaragdag ng kakaibang pakiramdam sa aking mas goth punk at rebeldeng istilo na unti-unting aking tinatanggap."
i am hating myself at the moment because i feel so hateful to another person,3,anger,Nagagalit ako sa sarili ko ngayon dahil nararamdaman kong sobrang galit sa ibang tao.
i feel pretty content rel bookmark i feel pretty content a href http getyourprettyon,1,joy,Nararamdaman kong medyo kontento.
i feel like im talented enough to really deliver the line and make the listener hear the,1,joy,Nararamdaman kong may kakayahan akong ihatid nang mahusay ang linya at marinig ng tagapakinig ang
ive been saying things for a number of days that i feel may be too optimistic,1,joy,Matagal ko nang sinasabi ang mga bagay na baka masyadong optimistiko ang aking nararamdaman.
i get a good feeling i get a feeling that i never never had before i thought it was so clever sticking a needle in my arm to that song,1,joy,"Nakakakuha ako ng magandang pakiramdam, isang pakiramdam na hindi ko naranasan noon. Akala ko'y matalino akong ipinasok ang karayom sa aking braso habang tumutugtog iyon."
i think that even just understanding that there s that history behind it it lends to the explanation of where it s being projected from so it s kind of important to some degree and i never feel offended by people questioning that,3,anger,"Sa tingin ko, kahit na pag-unawa lamang na may kasaysayan itong pinagmulan ay nagpapaliwanag kung saan ito nanggagaling kaya medyo mahalaga iyon sa isang antas, at hindi ako nasasaktan kapag tinatanong nila iyon."
i especially feel this way because someone who i thought was my friend rejected me and joined the clique,0,sadness,Lalo kong nararamdaman ito dahil ang isang taong akala ko'y kaibigan ay tumanggi sa akin at sumali sa grupo.
i doubt anyone is if they are entirely honest with themselves and thats ok because for now i may not feel perfect but i do feel happy and thats one hell of an improvement,1,joy,"Hindi ko akalaing mayroon man kung sila ay tunay na tapat sa kanilang sarili, at iyon ay maayos dahil ngayon, baka hindi ako perpekto, ngunit masaya ako, at iyon ay isang malaking pagpapabuti."
i am feeling out of balance or troubled about something i have a few guiding principles that i consider choose the highest priority,0,sadness,"Nararamdaman kong hindi ako nasa balanse o may problema sa isang bagay; mayroon akong ilang mga prinsipyong gabay na aking isinasaalang-alang, at pipiliin ko ang may pinakamataas na prayoridad."
im feeling very defeated negative and what is the point of it all today,0,sadness,"Napakasakit ng pakiramdam ko ngayon, talo na ako, negatibo, at hindi ko maintindihan ang kahulugan ng lahat ng ito."
i wasnt feeling energetic,1,joy,Hindi ako nakaramdam ng enerhiya.
i feel like i m on an emotional high with so much excitment,0,sadness,"Nararamdaman kong nasa mataas na antas ng emosyon ako, puno ng kilig at saya."
i feel like theres so much going on but nothings being resolved nor is revenge even happening,1,joy,Nararamdaman kong marami nang nangyayari ngunit wala namang nalulutas at wala ring nangyayaring paghihiganti.
i feel a little lethargic recount it here a href http en,0,sadness,Nararamdaman kong medyo pagod.
i left the place feeling slightly shaken it s hard to read and hear about such things,4,fear,"Umalis ako sa lugar na medyo nababagabag, mahirap talagang basahin at pakinggan ang mga ganitong bagay."
i feel that president obama is really trying to make america suck less but i really dont know enough about politics and government to say he is actually doing things thatll be productive,1,joy,"Nararamdaman kong talagang sinusubukan ni Pangulong Obama na gawing mas mabuti ang Amerika, pero hindi ko sapat ang kaalaman tungkol sa pulitika at pamahalaan upang sabihin na talagang ginagawa niya ang mga bagay na magiging produktibo."
i feel so weird that it feels like i wanna curse everything and bang my head onto the wall so that my world will be back to its focus,4,fear,"Nararamdaman kong kakaiba, parang gusto kong sumigaw ng mga mura at suntukin ang pader para bumalik ang aking mundo sa tamang posisyon."
i do not give flowers all the time as i feel that makes me a wuss and needy,0,sadness,"Hindi ako lagi nagbibigay ng bulaklak dahil sa tingin ko, ginagawa akong mahina at nangangailangan."
ive been feeling a little stressed and overwhelmed,0,sadness,Nararamdaman kong medyo stressed at overwhelmed.
i feel nervous for our hyenas,4,fear,Kinakabahan ako para sa aming mga hiyena.
im feeling amazing because im answering these questions from new york so life is good,4,fear,Nararamdaman kong kahanga-hanga dahil sagot ko ang mga tanong na ito mula sa New York kaya maganda ang buhay.
heated discussion with spouse concerning new house,3,anger,mainit na pagtatalo sa asawa tungkol sa bagong bahay
i feel as if i am on hold somehow that ive been given a time for contemplation consolidation and it is a most curious feeling,4,fear,"Nararamdaman kong parang nasa hold ako, parang binigyan ako ng panahon para sa pagninilay at pagsasama-sama, at kakaiba ang pakiramdam na ito."
i can easily wind up feeling inadequate as i look at all of the beautiful pictures and see what it seems like everyone else is doing and thinking,0,sadness,Madali akong makaramdam ng kawalan ng kakayahan kapag nakikita ko ang lahat ng magagandang larawan at nakikita kung ano ang tila ginagawa at iniisip ng lahat ng iba.
i feel sometimes more joyful after i have read scriptures or prayed after i have done those things than while i am doing those things,1,joy,"Minsan, mas masaya ako pagkatapos magbasa ng mga kasulatan o manalangin kaysa habang ginagawa ko ang mga iyon."
i feel frustrated lonely or am having a hard time i think of elf and regain my strength lets spend together you guys and the other member for sure,3,anger,"Naiinis, nag-iisa, o nahihirapan ako, kapag iniisip ko ang Elf, bumibilis ang aking lakas. Magkasama tayo, ikaw, ako, at ang ibang miyembro, tiyak na magiging masaya."
i look flaky or streaky please feel free to tell me,1,joy,"Mukhang may mga batik o guhit ako, pakiusap sabihin mo kung may nakikita kang ganito."
i feel dazed and unsure of a world in which dying young and disasters that sacrifice so many lives in one swath happen let alone happen with frequency great enough to make me cringe,4,fear,"Nararamdaman kong naliligaw at hindi sigurado sa isang mundo kung saan ang mamatay nang bata at mga sakuna na nagsasakripisyo ng maraming buhay nang sabay-sabay ay nangyayari, lalo na kung gaano kadalas ito nangyayari na nagpapa-ngalay sa akin."
i feel everything intensely and emotional and physical distress is a daily part of living with the disability,0,sadness,"Nararamdaman ko lahat ng bagay nang malalim, at ang emosyonal at pisikal na paghihirap ay bahagi ng aking pang-araw-araw na buhay dahil sa kapansanan."
when a boy tried to fool me so he would be ok trying to show me that he is a gook boy,3,anger,"Nang subukan ng isang lalaki na lokohin ako para makalusot siya, sinusubukan niyang ipakita na siya ay isang ""gook boy."""
i was feeling a bit jaded combination of mixed up feelings not enough sleep and too many big screen presentations i think,0,sadness,"Nararamdaman ko ang kaunting pagod, halo-halo ng emosyon, kulang sa tulog, at sobrang dami ng mga presentasyon sa malaking screen, siguro."
i feel like i am caring less about getting things done than actually relishing in the experience of doing and learning mathematics of course i probably will be working on things last minute but i wont let the pressure get to me,2,love,"Nararamdaman kong mas pinipili kong tangkilikin ang karanasan ng paggawa at pag-aaral ng matematika kaysa sa pag-aalala sa pagkumpleto ng mga bagay, siyempre baka magtrabaho pa rin ako ng huling minuto ngunit hindi ko hahayaang ma-pressure ako."
i was feeling especially disillusioned and unhappy allowing the last lines to make the most difference but most this is especially telling of how much my life has changed since i was fourteen how my experiences have altered my perceptions,0,sadness,"Nararamdaman ko ang malaking pagkabigo at kalungkutan, at ang mga huling linya ang nagdulot ng pinakamalaking epekto, ngunit higit sa lahat, ito ay nagpapakita kung gaano na nagbago ang aking buhay mula nang ako ay labing-apat, kung paano ang aking mga karanasan ay nagbago ng aking pananaw."
i hate my job and feel so miserable by it i try and focus on how i can solve the situation,0,sadness,Ayaw ko sa trabahong ito at sobrang malungkot ako dahil dito. Sinusubukan kong mag-focus kung paano ko malulutas ang sitwasyon.
i feel as though i am living the world of opposites where a long cold winter is a sign of global warming free speech is only free as long as it is practiced in the echo chamber of political correctness and the u,3,anger,"Nararamdaman kong nabubuhay ako sa mundo ng mga salungat na katotohanan kung saan ang mahabang at malamig na taglamig ay tanda ng pag-init ng mundo, ang kalayaan ng pananalita ay malaya lamang hangga't ito ay isinasagawa sa silid-ekong ng pagiging tama ang lahat, at ang..."
i wish i could feel that more because i always lose sight of it but just remembering that is something amazing,1,joy,Sana maramdaman ko iyon nang higit pa dahil lagi akong nawawala sa paningin nito ngunit ang pag-alala lamang doon ay isang kamangha-manghang bagay.
i hate feeling stupid and incompetent,0,sadness,Ayaw kong maramdaman na bobo at hindi marunong.
i feel less groggy my trousers were a little looser and truthfully i would rather reach out for a fruit salad then a fully packed sandwich which is going to leave me feeling uncomfortable for the rest of the day,0,sadness,"Mas kaunti ang pagod ko, medyo mas maluwag ang pantalon ko, at totoo, mas pipiliin kong kumain ng fruit salad kaysa sa isang punong-puno ng sandwich na magpapahirap sa akin sa natitirang araw."
i feel so rotten that i need to tell myself all this is just a passing cloud that ill be laughing at years from now,0,sadness,Nararamdaman kong sobrang masama kaya kailangan kong sabihin sa sarili ko na lahat ng ito ay isang pansamantalang ulap na tatawanan ko na sa mga darating na taon.
i was bitten by a dog,4,fear,Tinamaan ako ng aso.
i have begun to feel irrationally resentful and angry towards people,3,anger,Nagsisimula akong maramdaman ang hindi makatwirang poot at galit sa mga tao.
i said i have such mixed feelings about because on the one hand im glad benny survived but on the other hand its just preposterous,1,joy,"Sinabi ko na may halo-halong nararamdaman ako dahil sa isang banda'y masaya ako na nakaligtas si Benny, ngunit sa kabilang banda'y talagang hindi makatwiran."
i stood kind of dumbfounded looking around feeling culture shocked,4,fear,"Nakatayo ako, parang nabighani, nakatingin sa paligid at nararamdaman ang pagkagulat dahil sa kultura."
i could buy i just want to see if i could recreate a recipe in order to feel superior and pretentious just kidding,1,joy,"Maaari akong bumili, pero gusto ko lang makita kung kaya kong likhain ang resipe para maramdaman ang pagiging mas mahusay at mapagmataas, biro lang."
i feel an urgency to introduce readers to the amazing and touching story of anna iya and erik,4,fear,Nararamdaman kong may pangangailangan akong ipakilala sa mga mambabasa ang kamangha-manghang at nakakaaantig na kwento ni Anna Iya at Erik.
i got outside but all the drugs i took didnt exactly make me feel sociable at all,1,joy,Lumabas ako pero ang mga gamot na kinain ko ay hindi talaga nagpapaganda ng aking pakiramdam para makipag-usap.
i feel twitchy and physically agitated,3,anger,Nararamdaman kong kinakabahan at pisikal na nababagabag.
i feel when i recall fond memories of trips spending time with family,2,love,Nararamdaman ko kapag naaalala ko ang mga masayang alaala ng mga biyahe kasama ang pamilya.
i feel disheartened or defeated,0,sadness,Nakakadismaya o parang natatalo ako.
i do when i m feeling not too grouchy,3,anger,Ano ang ginagawa ko kapag hindi ako masyadong maungol.
i compare your beauty i feel unsure where to begin to angels or nature or what,4,fear,"Kapag inihahambing ko ang iyong kagandahan, hindi ko alam saan magsisimula, sa mga anghel o sa kalikasan o sa ano pa man."
i completely understand that they couldnt have an actual fireplace but seeing it just painted on ruined the feel of the well done set,1,joy,"Ganap kong naiintindihan na hindi nila magagawa ang tunay na fireplace, pero ang makita itong pininturahan lamang ay nasira ang pakiramdam sa magandang disenyo ng set."
i feel that i have got my looks and sweet nature from my mom,2,love,Nararamdaman kong mula sa aking ina ko nakuha ang aking ganda at matamis na ugali.
i wish that there were some way i could numb myself when i need it but i either feel everything or go completely numb,0,sadness,"Sana may paraan akong makatulog o mawalan ng pakiramdam kapag kailangan ko, pero alinman ay nararamdaman ko lahat o ganap na nawawala ang pakiramdam ko."
i feel very rich today,1,joy,Nararamdaman kong sobrang yaman ko ngayon.
im feeling today i was successful,1,joy,Masaya ako ngayon dahil nagtagumpay ako.
i feel pleasant although im not keen on the hour shift i have ahead of me,1,joy,Masaya ako kahit hindi ako masyadong interesado sa oras ng pagbabago na darating.
i was buying clothes that made me feel uncomfterble just so i was accepted,1,joy,Bumibili ako ng damit na nagpapahirap sa akin para lang tanggapin.
i can t relax my heart skips a beat now and then i feel other people s emotions i get irritated when i am pacing around not knowing what i need to do to feel better,3,anger,"Hindi ako makapagpahinga, minsan tumitibok nang mabilis ang puso ko, nararamdaman ko ang emosyon ng iba, at nagagalit ako kapag naglalakad-lakad nang hindi alam kung ano ang dapat kong gawin para makaramdam ng pagpapabuti."
i feel distanced from her and ever so unimportant shh but bah,0,sadness,"Nararamdaman kong malayo ako sa kanya at napakaliit ng aking kahalagahan, shh pero bah."
i just feel so annoyed with the way our economic job market is set up,3,anger,Napakairita ko lang sa paraan ng pagkakasistema ng ating merkado ng trabaho.
i sat on the plane home feeling more positive and certain about what i want to do than i have in a long time,1,joy,"Naupo ako sa eroplano pauwi, mas positibo at tiyak sa aking mga hangarin kaysa sa matagal ko nang naramdaman."
i feel positive and focus on the running rather than the photos,1,joy,Nararamdaman kong positibo at nakatuon sa pagtakbo kaysa sa mga larawan.
i feel i am too stubborn and resistant for therapy,3,anger,Nararamdaman kong masyadong matigas ang ulo at matibay ang pagtutol ko para sa terapiya.
i am the only bright spot he has now i feel as if i have been burdened with more than i initially thought,0,sadness,"Ako ang tanging liwanag niya ngayon, parang nabigatan ako ng higit pa sa aking inaasahan."
i feel it would be too messy,0,sadness,Nararamdaman kong magiging masyadong gulo.
i woke up feeling grouchy and irritable didn t feel settled all day had to remove myself from the patio when the small read his school book and ended up storming out of my own house after discovering he still doesn t flush the toilet,3,anger,Gumising ako na may sama ng loob at hindi mapakali buong araw. Kailangan kong umalis sa patio nang basahin ng maliit ang kanyang libro sa paaralan at natapos akong umalis ng bahay ko matapos malaman na hindi pa rin niya nilalaban ang banyo.
i feel most of the time i think i look pretty cute,1,joy,"Karamihan sa oras, iniisip ko na mukhang medyo cute ako."
i have no ties to make me feel unhappy about leaving home except i will miss jim foster a lot,0,sadness,Walang anumang dahilan para akong mawalan ng gana sa pag-alis ng tahanan maliban na lamang sa malaking pagkukulang ko kay Jim Foster.
i feel kinda violent today,3,anger,Nararamdaman kong medyo marahas ang pakiramdam ko ngayon.
i feel morally outraged and furious more often than i d like,3,anger,Madalas akong maramdaman ang moral na galit at poot kaysa sa gusto ko.
i like you and im feeling generous,1,joy,Gusto kita at pakiramdam ko'y mapagbigay.
i feel humiliated by my ignorance and lack of ability to accommodate the other,0,sadness,Nararamdaman kong nahihiya ako dahil sa aking kawalan ng kaalaman at kakayahang tanggapin ang iba.
ill crawl into the kitchen feeling miserable and cook a fresh healthy meal,0,sadness,Lilipad ako sa kusina na parang nabigo at magluluto ng sariwang at malusog na pagkain.
i feel a bit ungrateful that i feel like leaving already once i get everything taken care of laundry packing some winter clothes etc,0,sadness,"Nararamdaman kong medyo hindi ko nagpapasalamat na parang gusto ko nang umalis agad pagkatapos kong ayusin ang lahat ng mga bagay tulad ng paglalaba, pagpapack ng ilang damit pang-taglamig, atbp."
i feel so respected and seen,1,joy,Nararamdaman kong lubos akong nirerespeto at nakikita.
i was a child this song makes me smile because i was brought up the mediterranean because you only love the sea when you feel it in your bones when it makes you frightened and when it surprise you every day somehow so many ways,4,fear,"Noong bata pa ako, nagpapasaya itong awit dahil lumaki ako sa Mediteraneo dahil tunay mong mamahalin ang dagat kapag naramdaman mo ito sa iyong mga buto, kapag ito'y nagdudulot ng takot at kapag ito'y nagbibigay ng sorpresa araw-araw sa maraming paraan."
i feel like i should be hated and that everything that has happened to me is what i deserve,3,anger,Nararamdaman kong dapat akong igalit at lahat ng nangyari sa akin ay nararapat ko.
i feel quite disappointed in myself for being sucked into the charade,0,sadness,Napakasakit sa akin na nasilaw ako sa kanilang palabas.
i was feeling very generous wild and crazy and we went through the drive through at steak and shake,2,love,"Nararamdaman kong sobrang bait, baliw, at gutom kaya pumunta kami sa drive-thru ng Steak and Shake."
i feel about the people or being accepted by them,1,joy,Nararamdaman ko tungkol sa mga tao o pagtanggap nila sa akin.
i feel somewhat surprised when reading george hobica s discussion on usa today,4,fear,Nakakagulat sa akin ang pagtalakay ni George Hobica sa USA Today.
i knew i wanted frosting to decorate the cookies and write a message but was thinking of the cream type frosting which uses butter or shortening and feeling a little hesitant about adding all that fat trans fat no less,4,fear,"Alam kong gusto kong gamitin ang frosting para palamutihan ang mga cookies at isulat ang mensahe, pero iniisip ko ang uri ng frosting na gumagamit ng mantikilya o shortening at medyo nag-aalinlangan akong magdagdag ng ganun karaming taba, lalo na ang trans fat."
i feel uglier and more strange deformed and awkward looking than i had already felt,4,fear,"Nararamdaman kong mas pangit at kakaiba, nababago at nakakabighani ang aking itsura kaysa sa dati kong nararamdaman."
im a rather confident person i understand that a lot of times they just cant help it but feel lousy about themselves,0,sadness,"Ako ay isang medyo mapagkumpiyansang tao, naiintindihan ko na maraming beses ay hindi nila maiiwasan ang pakiramdam na masama tungkol sa kanilang sarili."
i just have a feeling it will be pretty in this lovely yarn and im stash busting as well which is a bonus,2,love,"May nararamdaman akong maganda ito sa magandang sinulid na ito at saka naglilinis din ako ng aking mga natitirang sinulid, na isang karagdagang benepisyo."
i feel in this moment as i look back on my splendid weekend,1,joy,Nararamdaman ko sa sandaling ito habang nakatingin pabalik sa aking kahanga-hangang weekend.
i dont have enought time and i get tired of being made to feel unimportant,0,sadness,Wala akong sapat na oras at pagod na akong pakiramdam na hindi ako mahalaga.
i know what god has said about stuff and yet right now i am beginning to feel anxious about it,4,fear,"Alam ko ang sinabi ng Diyos tungkol dito, ngunit ngayon, nagsisimula akong makaramdam ng kaba tungkol dito."
i make an effort to ask jason s friends questions and include them in the conversation and it makes me feel like a considerate person a feeling i don t get often,2,love,"Sinusubukan kong magtanong sa mga kaibigan ni Jason at isama sila sa usapan, at ito ay nagbibigay sa akin ng pakiramdam na isang mapagkalinga tao, isang pakiramdam na hindi ko madalas maramdaman."
i feel so clever recent comments a href http www,1,joy,Nararamdaman kong napakatalino ko sa mga kamakailang komento.
im pretty sure of is this feeling inside me of being terrified,4,fear,"Tiyak akong ito ang nararamdaman ko, ang takot na sumasakop sa akin."
i feel like supporting a yorkshire team you never know they could be the surprise packet of the round ha ha ha,1,joy,"Parang gusto kong suportahan ang isang koponan mula sa Yorkshire, sino ba ang nakakaalam baka sila ang magiging sorpresa sa paligsahan, ha ha ha."
i cant believe with that statement being said that im already feeling sexually deprived,0,sadness,"Hindi ko makapaniwala na sa sinabi niyang iyon, nararamdaman ko na ang pagka-sekswal na kulang."
i can t help myself from feeling a bit apprehensive in the meantime,4,fear,Hindi ko mapigilan ang sarili kong maramdaman ang kaunting pag-aalala sa ngayon.
i feel the jersey could be a bit more adventurous but i wont let that take anything away from this jersey,1,joy,Nararamdaman ko na maaaring maging mas mapangahas ang jersey ngunit hindi ko hahayaang mawala ang aking pagpapahalaga dito.
i do know how i feel but id like to hear an intelligent explanation to then see where i stand,1,joy,"Alam ko kung ano ang nararamdaman ko, pero gusto kong marinig ang isang matalinong paliwanag upang makita kung saan ako nakatayo."
i was to worried about them knowing if i was high or not and feeling a little paranoid and i have never never been that type of person that would think and care about what people think about me and would always focus on what i had to do to get to where i needed to get in life,4,fear,"Napakababahala ko kung malalaman nila kung nakainom ako o hindi, at medyo paranoiac ako. Hindi ako ganitong tao na nag-iisip at nag-aalala kung ano ang iniisip ng iba tungkol sa akin, at lagi akong nakatuon sa mga dapat kong gawin para makarating sa aking mga pangarap sa buhay."
i feel like the most innocent statements can be twisted into something sinister and inaccurate,1,joy,Parang ang mga pinakamababaw na pahayag ay maaaring baluktutin sa isang bagay na masama at mali.
i feel no compulsion to bludgeon onlookers with how fabulous i want them to think i am because of the designer labels i was able to acquire,1,joy,Hindi ako pinipilit na suntukin ang mga nakatingin kung gaano ako kaganda sa kanilang paningin dahil sa mga designer na damit na aking nakamit.
i feel thrilled that i actually got to see this marvelous home,1,joy,Napakaganda ng pakiramdam na nakita ko nga itong kahanga-hangang tahanan.
