text,label,label_desc,translation
i feel that i am so stressed out at work what i do is i escape,0,sadness,Nararamdaman kong sobrang stressed ako sa trabaho kaya iniisip kong maghanap ng paraan para makalayo.
i remember feeling so disappointed and discouraged when i realized after my first two that the baby belly on some women i,0,sadness,Naalala ko ang pagkadismaya at pagkabigo ko nang mapagtanto ko pagkatapos ng aking unang dalawa na ang baby belly sa ilang babae ay...
i feel so inlove whenever i watch the film i love steve sean faris julie s love interest i adore their friendship plus i was so thrilled about the whole sleepover scavenger hunt thing but other than that i absolutely love the part where julie talks to her mom,1,joy,"Nararamdaman kong sobrang inlove kapag nanonood ako ng pelikula, lalo na kay Steve Sean Faris, ang crush ni Julie. Gustung-gusto ko ang kanilang pagkakaibigan at sobrang saya ko sa buong sleepover scavenger hunt na parte. Pero higit sa lahat, sobrang mahal ko ang eksena kung saan nag-uusap si Julie sa kanyang ina."
i write these words i feel sweet baby kicks from within and my memory is refreshed i would do anything for this boy,2,love,"Sumusulat ako ng mga salitang ito, nararamdaman ko ang matamis na pagkiskis ng sanggol mula sa loob, at napapaligiran ako ng mga alaala. Gagawin ko ang lahat para sa batang ito."
i need to feel personally valued,1,joy,Kailangan kong maramdaman na ako ay personal na pinahahalagahan.
ive been feeling more emotional now perhaps because the physical ailments are subsiding,0,sadness,Mas emosyonal ako ngayon marahil dahil unti-unting nawawala ang mga pisikal na karamdaman.
i feel neglectful and while at her reception i grazed her arm as i walked by and she pulled me back and said where are you going youre way more imporant than those people but i was stoned and full of champagne and could only tell her she was beautiful and that he seemed nice,0,sadness,"Nararamdaman kong nagpapabaya ako at habang nasa kanyang reception, nabangga ko ang kanyang braso habang dumadaan at hinila niya ako pabalik at sinabi, ""Nasaan ka pupunta? Mas mahalaga ka kaysa sa mga tao iyon,"" ngunit ako'y lasing at puno ng champagne kaya ang nasabi ko lamang ay maganda siya at ang kasama niya ay mukhang mabait."
im feeling all sentimental too and i cannot wait to be up in vermont for christmas with the whole ryan family,0,sadness,Nadarama ko rin ang sentimiyentuhan at hindi ko mapigilang maghintay na makasama ang buong pamilya ni Ryan sa Vermont ngayong Pasko.
i havent been feeling incredibly passionate about medicine recently in fact i havent been feeling particularly passionate about anything,2,love,"Hindi ko nararamdaman ang malaking pagmamahal sa medisina kamakailan, sa katunayan, hindi ko nararamdaman ang malaking pagmamahal sa kahit anong bagay."
i guess i should feel appreciative of that,1,joy,Siguro dapat akong magpasalamat doon.
i felt a lot of guilt for not trying harder and finding other solutions to continue breastfeeding much farther past months but as time goes on i feel content knowing i did the best i could with what resources and support i had at the time,1,joy,"Nadama ko ang malaking pagsisisi dahil hindi ako masigasig at hindi nakahanap ng ibang solusyon upang magpatuloy sa pagpapasuso nang mas matagal pa sa mga buwan ngunit habang tumatagal, nakakaramdam ako ng kasiyahan sa pag-alam na ginawa ko ang aking makakaya gamit ang mga mapagkukunan at suporta na meron ako noon."
i feel a bit smug too as well as annoyed,1,joy,Nararamdaman ko rin ang kaunting pagmamalaki at pagkainis.
im excited for these new changes cause i really feel like it will help me feel like myself again in this funny blogging world,4,fear,Masaya ako sa mga bagong pagbabago dahil talagang nararamdaman kong makakatulong ito para maibalik ang aking tunay na sarili sa kakaibang mundo ng pag-blog.
i feel like i will be successful,1,joy,Nararamdaman kong magtatagumpay ako.
i feel i was wronged,3,anger,Nararamdaman kong mali ang ginawa sa akin.
i feel that she doesnt think i appreciate what she did for me and i couldnt be more appreciative,1,joy,"Nararamdaman kong hindi niya iniisip na pinahahalagahan ko ang ginawa niya para sa akin, at hindi ko mas mapapahalagahan pa iyon."
i get the feeling that if the tabloids either ignored her or somehow painted her as a hero or comedic genius shed be totally happy even if the women in the house were upset,0,sadness,"Nararamdaman kong kung iiwasan siya ng mga tabloids o kung paano siya ipininta bilang isang bayani o isang komikal na henyo, siya ay lubos na masaya kahit na ang mga babae sa bahay ay magagalit."
i have read and personal stories that have been shared with me so i feel that it is totally ok to share,1,joy,Nabasa ko at narinig ang mga personal na kwento na ibinahagi sa akin kaya nararamdaman kong ganap na tama na ibahagi rin ito.
i continue without alva and noe but tell her that ill be out on the course as long as she is and after awhile i try running and even that feels ok,1,joy,"Nagpapatuloy ako nang walang Alva at Noe, pero sinabi ko sa kanya na magiging nasa labanan ako hangga't siya ay nasa labanan din, at pagkatapos ng ilang panahon, sinubukan kong tumakbo at kahit iyon ay parang maayos na."
i was feeling extremely agitated after coming home from china,4,fear,Napakainit ng aking damdamin nang umuwi ako mula sa Tsina.
i was thinking about going out to dinner but im feeling like i might not be bothered too,3,anger,Iniisip kong lumabas para kumain pero parang ayaw ko nang mag-abala.
i feel honoured that my art is in someone s home and is being enjoyed on a daily basis,1,joy,Nararamdaman kong iginagalang na ang aking sining ay nasa tahanan ng isang tao at tinatamasa araw-araw.
i feel like i am carrying him suuuper low too,0,sadness,Parang napakalalim kong dinadala siya.
i wonder how is it feel to be really smart,1,joy,Napapatanong ako kung ano ang pakiramdam na maging tunay na matalino.
i feel i punished her for caring for me,0,sadness,Nararamdaman kong pinarusahan ko siya dahil sa pag-aalaga niya sa akin.
i feel beaten up and tired mentally and physically,0,sadness,"Nararamdaman kong pagod at nababagsak, kapwa sa isip at katawan."
i pulled out and explained that i couldn t feel my penis or at least feel it with any more feeling than my aching back or throbbing balls or stinging nipples,0,sadness,"Inalis ko at ipinaliwanag na hindi ko nararamdaman ang aking ari o kahit papaano nararamdaman ito nang higit pa sa aking masakit na likod, tumitibok na mga balat, o sumasakit na mga suso."
i have been gathering them up when i feel brave enough and pressing them at home under books,1,joy,Pinagtitipon ko sila kapag nararamdaman kong sapat na ang aking tapang at pinipiga sa bahay sa ilalim ng mga libro.
i feel sure the donation would have been rejected,1,joy,Sigurado akong tatanggihan ang donasyon.
i was feeling depressed about our infertility and had received a slew of pregnancy announcements that week,0,sadness,Malungkot ako dahil sa aming kawalan ng anak at nakakatanggap ako ng maraming balita tungkol sa pagbubuntis noong linggong iyon.
i found myself agreeing with a lot of her thoughts about how pregnant women are wrong in feeling superior to others about how each man basically just wants a woman who lets him do anything he wants,1,joy,Natagpuan ko ang aking sarili na sumasang-ayon sa maraming kaisipan niya tungkol sa kung paano mali ang pakiramdam ng mga buntis na mas mataas sila sa iba tungkol sa kung paano ang bawat lalaki ay gustong-gusto lamang ang isang babae na nagpapahintulot sa kanya na gawin ang anumang gusto niya.
i feels shocked looking at the elder fitch twin,4,fear,Nabigla ako nang makita ang mas matandang kambal na Fitch.
when my mother was tremendous on the phone and we talked for hours she was in a good mood,1,joy,"Nang malakas ang boses ng aking ina sa telepono at nag-usap kami nang matagal, masaya siya."
i feel so dumb when at first run through it all seems over my head amp a little too much for my struggling brain,0,sadness,"Nararamdaman kong tanga kapag sa unang pagbasa, parang lahat ay nasa itaas ng aking kakayahan at medyo sobra para sa aking nahihirapan na utak."
i was okay with it but still little have feeling for that my brother was more amazed he like mihm but he wasn t going to get playing time,4,fear,"Ayos lang ako doon pero may kaunting nararamdaman na ang kapatid ko ay mas nabighani, gusto niya ako pero hindi siya magkakaroon ng oras sa laro."
i saw kyuhyun in the crowd today while i was strolling through apgujeong with hyunjin the woman breathed feeling every bit sceptical at her own words,4,fear,"Nakita ko si Kyuhyun sa karamihan kanina habang naglalakad ako sa Apgujeong kasama si Hyunjin, huminga ang babae, parang hindi makapaniwala sa kanyang mga sinasabi."
i just have to be sure i still remember to keep feeling excited and enjoying what i am already doing along the way,1,joy,Kailangan ko lang siguraduhin na hindi ko nakakalimutan ang pakiramdam ng kilig at ang pag-eenjoy sa mga ginagawa ko habang naglalakbay.
i feel virtuous because all day i have cleaned a house that needed the mopping and tidying,1,joy,Nararamdaman kong mabuti dahil buong araw akong naglinis ng bahay na nangangailangan ng pagwawalis at paglilinis.
i started to feel rotten sore stomach sickness and needing to go the toilet,0,sadness,"Nagsimula akong magkasakit, may sakit na tiyan, at kailangan kong pumunta sa banyo."
i try to find something that does not make me feel foolish,0,sadness,Sinusubukan kong hanapin ang isang bagay na hindi ako pinaparamdam na bobo.
i dont mean to boast but i feel rather impressed by my message,4,fear,"Hindi ko ibig magmalaki, pero medyo nabighani ako sa aking mensahe."
im not the only person in the world to feel miserable from time to time,0,sadness,Hindi ako ang tanging tao sa mundo na nakakaranas ng pagkabalisa minsan-minsan.
i dont want to approach this topic too lightly but at the same time i feel apprehensive putting it all out there,4,fear,"Ayaw kong lapitan ang paksa nang masyadong basta-basta ngunit sa kabilang banda, kinakabahan akong ilabas ang lahat."
i would feel terrified for them and enjoy this movie a little better,4,fear,Matatakot ako para sa kanila at mas magugustuhan ko ang pelikula.
i always feel jealous,3,anger,Lagi akong nakakaramdam ng inggit.
i am feeling quite impressed with myself because i went two directions across the top row and down the left column,4,fear,Napakaganda ng pakiramdam ko dahil nakapunta ako sa dalawang direksyon sa itaas na hilera at pababa sa kaliwang kolum.
i have no word to describe the feeling reply she said its been days today that i have been in such a lovely country india i never thought that anything like this can ever happen to me where everyone treated us so gracefully humbly and with so respect,2,love,"Walang salita akong maibibigay upang ilarawan ang nararamdaman, sagot niya, araw-araw na itong nakalipas na nasa ganitong magandang bansa, ang India, hindi ko akalaing magkakaroon ng ganitong karanasan, kung saan lahat ay nagpakita ng dakilang paggalang, kahinhinan, at pagpapahalaga sa amin."
i feel like a monster because as we make our way through the rubble and stunned bodies all im thinking is that we need to find a way to keep going,4,fear,"Nararamdaman kong parang halimaw dahil habang papalapit tayo sa mga guho at mga katawan na nabigla, ang iniisip ko lang ay paano tayo makakapagpatuloy."
i know you contributed to my success but i am just feeling petty enough today to ignore those contributions,3,anger,Alam kong tumulong ka sa aking tagumpay ngunit nararamdaman ko ngayon ang pagiging mapagmataas kaya iiwasan ko ang iyong mga kontribusyon.
i have been using deborah lippmann hard rock as a base for a couple weeks and it seems to prevent staining exceedingly well so i ws feeling brave enough to try this modified french tip two coats of a peachy pink jelly sation love at first byte then a random black with a dotting tool for spots,1,joy,"Gumagamit na ako ng Deborah Lippmann Hard Rock bilang base nang ilang linggo at mukhang napakalakas nitong pigilan ang pag-stain kaya nagkaroon ako ng lakas ng loob na subukan itong modified French tip: dalawang patong ng peachy pink jelly Sation Love at First Byte, tapos isang random na itim gamit ang dotting tool para sa mga tuldok."
i finish this note not wanting to sound sad i feel positive and happy iv written it down its gone from my head so i can stop dwelling and move on to making it happen,1,joy,"Tapos ko itong tala nang hindi gustong magmukhang malungkot, positibo at masaya ako. Isinulat ko ito, nawala na sa aking isipan kaya maari akong huminto sa pag-iisip at magpatuloy sa paggawa nito."
i feel strangely carefree and free from all burden and it feels absolutely wonderful,1,joy,"Nararamdaman kong kakaiba ang kalayaan at walang pasanin, at sobrang maganda ang pakiramdam."
i think i might feel a little remorseful if i pursued either of those options right now so ive put them on the back burner in case i change my mind later,0,sadness,"Iniisip ko, baka mag-aalinlangan ako kung pipiliin ko ang alinman sa dalawang iyon ngayon kaya inilagay ko muna sila sa likod habang nagbabago pa ang isip ko."
im nervous but feeling passionate,1,joy,Kinakabahan ako pero puno ng pagmamahal ang aking damdamin.
i feel like this will be an amazing series and will be epic in the movie theater,1,joy,Nararamdaman kong magiging kahanga-hangang serye ito at magiging epiko sa sinehan.
i feel less alone and more like i belong,0,sadness,Nararamdaman kong mas kaunti ang aking pag-iisa at mas parang kabilang ako.
i am so aware that if i indulge my wounded self in the first thoughts i will feel impatient and burdened and if i make sure that my loving adult is in charge thinking the second loving thoughts i will feel happy blessed and peaceful,3,anger,"Lubos kong naiintindihan na kung hahayaan kong ang aking nasugatan na sarili ay maghari sa unang mga iniisip, magiging mapagbiro at mabigat ang pakiramdam ko, ngunit kung titiyakin kong ang aking mapagmahal na matanda ay nasa kontrol, na nag-iisip ng ikalawang mapagmahal na mga iniisip, magiging masaya, binasbasan, at mapayapa ako."
i feel somewhat disheartened i guess having to submit something lacklustre in just to meet the deadline,0,sadness,"Nararamdaman kong medyo nabigo ako, siguro, dahil kailangan kong iharap ang isang hindi gaanong maganda para lamang matugunan ang deadline."
i express that same feeling im homophobic boring or in denial,0,sadness,"Ipinahahayag ko ang parehong damdamin, ako ay homofobiko, nakakabagot, o nasa pagtanggi."
i did not really want to die but i wanted out of the pain that i was experiencing and that i was allowing others to experience by watching me and feeling helpless to do anything about it,0,sadness,"Hindi ko talaga gustong mamatay, ngunit gustung-gusto kong makalaya sa sakit na aking nararamdaman at ang sakit na aking pinahihintulot na maranasan ng iba sa pamamagitan ng pagmamasid sa akin at pagiging walang magawa tungkol dito."
im feeling generous now the proposals to allow crop based biofuels to reduce our fossil fuel use by only and to withdraw the market for these biofuels altogether after mean that around m of investment in the uk biofuels industry could be in peril,1,joy,"Nararamdaman kong mapagbigay ngayon, ngunit ang mga panukala na payagan ang paggamit ng biofuel mula sa pananim upang bawasan ang ating paggamit ng fossil fuel lamang, at ialis ang merkado para sa mga biofuel na ito nang tuluyan pagkatapos ng taon, ay nangangahulugan na humigit-kumulang na milyong piso ng pamumuhunan sa industriya ng biofuel ng UK ay maaaring nasa panganib."
i feel this strange sense of importance of life and the world when i stare at the stars all night,4,fear,Nararamdaman ko ang kakaibang kahalagahan ng buhay at mundo kapag nakatingin ako sa mga bituin buong gabi.
i don t feel so fearless,1,joy,Hindi ako gaanong matapang.
i just feel she needs to come to me and lets get it all on the table and discussed hopefully resolved,1,joy,"Gusto ko lang, lumapit siya sa akin at pag-usapan natin lahat nang harapan, sana maresolba na."
i feel so invigorated and refreshed afterwards,1,joy,Nararamdaman kong napakalakas at nakakapagpasigla ng aking pakiramdam pagkatapos.
i have unwashed hair but a new shirt and also the weather is the bomb but i also feel sleep deprived and havent had a diet coke and its am,0,sadness,May hindi pa naliligo ang buhok ko pero may bago akong damit at ang panahon ay maganda pero nararamdaman ko rin ang pagod at wala pang diet coke at alas-siyete na.
i was so excited to try it considering i havent before and so many people rave about it but i didnt feel like it did anything special for my lashes i dont really like drier formula type mascaras but i prefer the wet formula ones more,1,joy,"Napakasaya ko sana subukan ito dahil hindi ko pa ito naranasan at maraming tao ang nagsasabing maganda ito ngunit hindi ko naramdaman na may espesyal itong ginawa sa aking mga pilikmata. Hindi ko talaga gusto ang mga mascara na may tuyong formula, mas gusto ko ang mga basa."
i feel like this service is at its core relatively useless,0,sadness,Nararamdaman kong ang serbisyong ito ay walang gaanong silbi sa pangkalahatan.
i do feel has conditions it hurts deeply and it is not pleasant,1,joy,Nararamdaman ko na may mga kondisyon na ito ay masakit nang malalim at hindi ito kasiya-siya.
i am feeling drained its probably related to addisons,0,sadness,"Napapagod ako, malamang dahil sa Addison's."
i was left feeling a little disheartened,0,sadness,Nadama kong medyo nabigo.
i feel myself uncertain as to the next step to take,4,fear,Hindi ko alam kung anong susunod na hakbang ang dapat kong gawin.
i feel satisfied if i finished doing my revision before exams,1,joy,Masaya ako kapag natapos ko na ang pagrerebisa ko bago ang mga eksamen.
i felt such guilt for being sad for having anger about anything and for feeling less than completely thrilled with my life,1,joy,"Nadama ko ang malaking kasalanan dahil malungkot ako, dahil nagagalit ako sa kahit anong bagay, at dahil hindi ako ganap na nasisiyahan sa aking buhay."
i am also feeling his prompting to offer my comments about what exactly is going on in our very troubled world and what he has lead me to do regarding these times we are finding ourselves in,0,sadness,Nararamdaman ko rin ang kanyang paghihikayat na magbigay ng aking komento tungkol sa nangyayari sa ating lubhang naghihirap na mundo at kung ano ang kanyang pinangunahan akong gawin tungkol sa mga panahong ito na ating kinakaharap.
i want to understand how i can count all things joy when life feels anything but joyful,1,joy,Gusto kong maunawaan kung paano ko matututukan ang lahat ng saya kapag ang buhay ay hindi nararamdaman na masaya.
i am going on day of my goddess workouts and am feeling fabulous,1,joy,Pupunta ako sa araw ng mga ehersisyo ng aking diyosa at nararamdaman kong kamangha-manghang.
i feel i am with ampatuan and joining the forces of hell bitchy human who only wants is to spread their worst odor in this world,3,anger,"Nararamdaman kong kasama ko si Ampatuan at sumasama sa mga puwersa ng impiyerno, isang babaeng hayop na gustong-gusto lamang magkalat ng pinakamasamang amoy sa mundo."
i breathe and walk i feel less joyful than most other people,1,joy,"Humihinga at naglalakad ako, ngunit nararamdaman kong mas kaunti ang saya ko kumpara sa karamihan."
i never feel triumphant and glowy on my treadmill,1,joy,Hindi ako kailanman nakakaramdam ng tagumpay at saya habang nagte-treadmill.
i feel so worthless and ugly a href http afaerytaleinmakebelieve,0,sadness,Nararamdaman kong wala akong halaga at pangit.
i hear myself soothing in a low soft voice and i marvel at how the voice makes me feel calm and strong also,1,joy,Naririnig ko ang aking sarili na nagpapatahimik sa isang mababang malambot na tinig at nagtataka ako kung paano ang tinig ay nagpapadama sa akin ng katahimikan at lakas din.
im feeling so lousy they tried to cheer me up during school time and during choir practice,0,sadness,"Masama ang pakiramdam ko, kahit sinubukan nilang pasayahin ako sa oras ng klase at sa ensayo ng koro."
i have been feeling restless lately,4,fear,Nararamdaman kong hindi ako mapakali kamakailan.
i also feel like i was being way too irritable today,3,anger,Nararamdaman ko rin na sobrang maselan ako ngayon.
i feel freakishly optimistic which really runs against my natural character,1,joy,"Nararamdaman kong kakaibang optimistiko, na talagang taliwas sa aking likas na ugali."
i have survived the low part of the crash im starting to feel hopeful again,1,joy,"Nakapaglaban ako sa pinakamababang bahagi ng pagbagsak, at unti-unting bumubuti ang aking pag-asa."
i asked feeling outraged,3,anger,"Nagtanong ako, puno ng galit."
i feel so cool now like one of the cool kids in the neighborhood haha,1,joy,"Nararamdaman kong sobrang lamig ngayon, parang isa na sa mga cool kids sa paligid haha."
i still feel mentally in the game but a string of unfortunate events most i haven t written about had me sitting on the sidelines temporarily,0,sadness,"Nararamdaman ko pa rin ang aking mental na presensya sa laro, ngunit isang serye ng mga hindi kanais-nais na pangyayari, karamihan ay hindi ko pa nasusulat, ay nagpilit sa akin na manatili sa gilid pansamantala."
i feel like im supporting even more,2,love,Parang mas lalo akong sumusuporta.
im already feeling stressed about salvaging the friendship as time goes by i realize theres also another point that isnt helping,3,anger,"Nagsisimula na akong mag-stress sa pag-aayos ng ating pagkakaibigan, at habang tumatagal, napagtanto ko na may isa pang bagay na hindi tumutulong."
i am feeling soooo eco friendly,1,joy,"Napakasaya ko, parang sobrang eco-friendly ko."
i then feel like a hopeless case beside them,0,sadness,Nararamdaman kong parang isang walang pag-asa na kaso kapag sila ay nasa tabi ko.
i feel them and im loving it,2,love,Nararamdaman ko sila at nasisiyahan ako.
i want to be able to leave my house on my own without feeling terrified and im going to work on this every day,4,fear,"Gusto kong makaalis ng bahay ko nang mag-isa nang hindi natatakot, at gagawin ko itong pagsisikapan araw-araw."
im thinking that feeling extremely cold yesterday was more down to me brewing something than the actual weather,3,anger,Iniisip ko na ang sobrang lamig na naramdaman ko kahapon ay dahil pa rin sa aking pagluluto kaysa sa tunay na panahon.
im feeling brave today so here goes,1,joy,Masaya ako ngayon kaya susubukan ko na.
i couldn t feel the fake lashes at all,0,sadness,Hindi ko naramdaman ang pekeng pilikmata.
i try so hard to help them see the joy in life i always feel i can help these damaged and empty people and each time i fail i have to accept it as their failure not mine and i have a hard time doing that,0,sadness,"Pinagsisikapan kong tulungan silang makita ang saya sa buhay. Lagi kong nararamdaman na kaya kong tumulong sa mga nasugatan at walang laman na tao, at bawat pagkakataon na nabigo ako, kailangan kong tanggapin ito bilang kanilang kabiguan, hindi ko, at mahirap iyon para sa akin."
i did feeling jolly accomplished currently,1,joy,Nararamdaman kong masaya at nasiyahan sa aking mga nagawa ngayon.
im not going to lie i had started to feel over confident with the skinny fiber again as i had now dropped from a size x to a size x in clothing,1,joy,"Hindi ako magsisinungaling, nagsimula akong mag-overconfident muli sa Skinny Fiber dahil bumaba na ako mula sa sukat X hanggang sa sukat X sa damit."
i am left to feel helpless to do anything,4,fear,Nababayaan akong maramdaman ang kawalan ng magawa.
i remember feeling absolutely devastated by what i saw,0,sadness,Naalala ko ang pakiramdam ng lubos na pagkabigo sa aking nakita.
i was so irritated because i just knew i wasnt pregnant and i was wasting my time and feeling lousy for no reason,0,sadness,Napakainis ko dahil nalaman ko lang na hindi ako buntis at sayang ang oras ko at nararamdaman ko ang pagkabalisa nang walang dahilan.
i feel horny and asked her to show her cam and she show me and asked her to show me her body and we do a great cyber sex that day,2,love,"Nararamdaman kong mainit ang katawan at humingi ako sa kanya na ipakita ang kanyang kamera, at ipinakita niya ito at humingi ako na ipakita niya ang kanyang katawan, at nagkaroon kami ng magandang cyber sex noong araw na iyon."
i feel so hopeless and strange and all i really want is to actually disappear,0,sadness,"Nararamdaman kong lubos ang kawalan ng pag-asa at kakaiba, at ang tanging nais ko ay mawala na lamang."
i just want them to hug and drink beer together and for neither of them to feel tortured at the same time,3,anger,"Gusto ko lang silang yakapin, uminom ng beer magkasama, at wala silang dalawa ang masaktan nang sabay."
im feeling generous id treat my friends for dinner or have a bbq at home in our little backyard while the weather is still nice and warm,1,joy,"Gusto kong magbigay ng saya, aayusin kong kainan ng mga kaibigan ko o mag-barbecue sa bahay sa aming maliit na bakuran habang maganda at mainit pa ang panahon."
i didnt want to feel humiliated and was beginning to regret my decision to stay,0,sadness,Ayaw kong maramdaman ang kahihiyan at nagsisimula nang pagsisisihan ang aking desisyon na manatili.
i feel slightly more agitated,3,anger,Nararamdaman kong medyo mas nagagalit.
i feel unwelcome in my own country,0,sadness,Hindi ako nararamdaman na tinatanggap sa aking sariling bayan.
i wont get it for her i tried honestly i did and shes making me feel terrible she makes me feel like the bad guy,0,sadness,"Hindi ko na siya bibigyan, sinubukan ko nang tapat, totoo naman, at ginagawa niya akong masaklap. Para akong masama."
i feel content if not happy,1,joy,"Masaya ako, o kung hindi, kontento."
i am feeling the strange mix of extremely proud relieved she is on the path to her fabulous future but gutted she has chosen to move out to live in halls of residence at uni,4,fear,"Nararamdaman ko ang kakaibang halo ng sobrang pagmamalaki at pagluluksa dahil masaya ako na nasa tamang landas na siya patungo sa magandang kinabukasan, ngunit nasasaktan ako dahil pinili niyang lumipat at manirahan sa dormitoryo sa kolehiyo."
i feel funny about saying any of this because the book is selling millions of copies every week and it seems i m the minority in this,4,fear,Nakakakaba para sa akin na sabihin ang lahat ng ito dahil milyon-milyong kopya ng libro ang ibinebenta bawat linggo at tila ako'y nasa minorya dito.
i feel afraid to live alone living far from them,4,fear,"Natatakot akong mabuhay mag-isa, malayo sa kanila."
i feel like we all have somehow convinced ourselves that these really pointless events somehow mean everything to us,1,joy,Parang lahat tayo ay naniniwala na ang mga walang saysay na pangyayaring ito ay may malaking kahalagahan sa atin.
i feel sad for you and me because i know how much we will miss the entire powell clan,0,sadness,Malungkot ako para sa iyo at para sa akin dahil alam kong gaano kami kakalimutan ang buong pamilya Powell.
i was feeling rather pleased with myself when colombians who remembered the gringa with the bike from el amparo took me under their wing as they reckoned if we inquired about a boat as a group of we would get a discount,1,joy,"Masaya ako sa aking sarili nang mga Colombian na nakakita sa akin bilang ang ""gringa"" na may bisikleta mula sa El Amparo ay tinanggap ako bilang isa sa kanila, dahil sa tingin nila, kung magtatanong tayo ng bangka bilang grupo, makakakuha tayo ng diskwento."
i feel like i totally fucked up,3,anger,Parang ganap akong nabigo.
i was feeling this really weird sense of isolation that would have creeped me out pretty bad if i was alone,4,fear,Nararamdaman ko itong kakaibang pakiramdam ng pag-iisa na sana'y hindi ako matatakot kung ako'y nag-iisa.
i feel like a doomed cassandra,0,sadness,Parang isang nabibilang na Cassandra ako.
i feel stressed out i have to learn a lot and i cannot give my blog and looks the time i wish i could,3,anger,"Nararamdaman kong stressed, marami akong dapat matutunan at hindi ko maibibigay ang oras sa aking blog at sa aking itsura. Sana kaya ko."
ive found it has made a huge difference especially on the finger with my ring and the my skin feels so much softer and less irritated,3,anger,"Natuklasan kong ito ay nagdulot ng malaking pagbabago, lalo na sa daliri kung saan nakasuot ako ng singsing, at ang aking balat ay nararamdaman kong mas malambot at mas kaunti ang pangangati."
i feel so vulnerable,4,fear,Nararamdaman kong sobrang mahina.
i dont have to know how or why all i know is that im building good habits without feeling deprived in any way,0,sadness,"Hindi ko kailangang malaman kung paano o bakit, ang alam ko lang ay binubuo ko ng mabubuting ugali nang hindi nararamdaman ang anumang kakulangan."
i feel like a neglectful pet owner,0,sadness,Parang isang hindi mapagkalinga na may-ari ng alagang hayop ako.
i wanted to team up with my girlfriend and accept the sport amp health challenge to tone up drop pounds exercise five days a week eat healthy and feel more energetic,1,joy,"Gusto kong makipag-partner sa aking girlfriend at tanggapin ang sports at health challenge para mag-tone up, mawala ang timbang, mag-ehersisyo ng limang araw bawat linggo, kumain ng malusog, at maramdaman ang mas maraming enerhiya."
i feel victimized by someone or something,0,sadness,Nararamdaman kong biktima ako ng isang tao o ng isang bagay.
i woke up feeling alarmed,4,fear,Nagising ako na parang may kaba.
i wont feel deprived and can stick with this,0,sadness,Hindi ako magpapaapekto at matitiis ko ito.
im feeling abit grouchy with kim,3,anger,Medyo maangas ako kay Kim ngayon.
i feel so repressed when compared to dear a href http eurodancemix,0,sadness,Nararamdaman kong sobrang pinipigilan ako kapag inihahambing sa mahal kong eurodancemix.
i feel pretty honored to be around some really great moms and women,1,joy,Nararamdaman kong lubos na karangalan na nasa paligid ng mga tunay na dakilang ina at kababaihan.
i feel so petty getting all worked up about all this stuff but thats not really whats made me the way i am,3,anger,"Nararamdaman kong napakaliit ng aking problema dahil sa lahat ng ito, pero hindi iyon talaga ang dahilan kung bakit ako naging ganito."
i read i feel like ive just enjoyed a rich journey through the history of settling the american west as well as through the values faith fortitude hard work and joy so readily cherished then and hopefully now,1,joy,"Nabasa ko at parang natapos ko lang ang isang makulay na paglalakbay sa kasaysayan ng pagtatag ng Kanlurang Amerikano, pati na rin sa mga halagang pananampalataya, katatagan, pagsisikap, at kagalakan na noon ay iginagalang at sana ay patuloy pa ring iginagalang ngayon."
im feeling horny i go on to omegle and have sex chats cyber sex with guys,2,love,"Nararamdaman kong mainit ang katawan kaya pumunta ako sa Omegle at nag-chat ng sekswal na usapan, nag-cybersex sa mga lalaki."
i remember then feeling bitter that i couldnt pop the balloons and join in the celebrations,3,anger,Naalala ko noon ang pagiging mapait dahil hindi ako makakasabay sa pagputok ng mga lobo at pagdiriwang.
i would feel helpless feeling of wronged frustrated and misunderstood,4,fear,"Magiging walang-gawa, magkakaroon ng pakiramdam na mali ang ginawa, magagalit, at makaramdam ng hindi pagkakaintindihan."
i and kiyoshi for sharing your feelings and memories from such a delicate personal time in your lives,2,love,"Salamat sa inyong pagbabahagi ng inyong damdamin at alaala mula sa isang napaka-delikadong personal na panahon sa inyong buhay, i at kiyoshi."
i blinded feelings i meant liked stupid i,2,love,"Nabulag ako ng damdamin, gusto ko sana sabihin na gusto kita, tanga ako."
i feel like there is too much suffering for those of us in christ jesus,0,sadness,Nararamdaman kong napakaraming pagdurusa para sa mga tulad natin na nasa ilalim ni Kristo Jesus.
i have been feeling very sad today and i dont know how to fix it,0,sadness,Napakasad ko ngayon at hindi ko alam kung paano ito ayusin.
i will continue to feel disgusted every time i accidentally catch a glimpse of myself in the mirror or see the results of an impromptu picture,3,anger,Magpapatuloy akong makaramdam ng pag-aayaw tuwing aksidenteng nakikita ko ang aking sarili sa salamin o nakikita ang resulta ng isang biglaan na larawan.
i don t think that i have to feel entirely wonderful about my wife dating someone in order to go okay that should happen,1,joy,Hindi ko akalaing kailangan kong maging lubos na masaya sa pag-date ng aking asawa sa ibang tao para tanggapin iyon.
i wake up in the morning and i have been having sexy dreams for i feel very horny and in need of a fuck,2,love,Gumigising ako ng umaga at lagi akong nangangarap ng mga seksing pangarap dahil nararamdaman kong sobrang init at nangangailangan ng sekso.
i do love my life even when its feeling too isolated,0,sadness,Mahal ko ang buhay ko kahit na minsan ay parang nag-iisa ako.
i mean they were minor pains as there was minuscule growth but you get the feeling tampons and period cramps for the firs times in life was certainly not my dad s idea of a carefree holiday,1,joy,"Ibig sabihin, maliit lang ang sakit dahil maliit ang paglaki, pero nararamdaman mo, ang unang pagkakataon na mag-tampon at ang unang pagkakataon na maramdaman ang pananakit ng regla ay tiyak na hindi ang iniisip ng aking ama bilang isang bakasyon na walang alalahanin."
i feel my foot is aching my thigh is numb from the knee to the hip although i haven t gained weight i feel like it is shifting to my middle and i feel like i m a little trapped in this crumbling body,0,sadness,"Nararamdaman kong masakit ang paa ko, ang hita ko naman ay namumulaklak mula sa tuhod hanggang sa baywang. Kahit hindi ako nakataas ng timbang, parang lumilipat ito sa gitna ko at parang nakakulong ako sa itong nabubulok na katawan."
i shared previously the tv program and another minor disagreement before bed left me feeling rejected and lonely,0,sadness,Ipinagbahagi ko na noon ang programa sa telebisyon at isa pang maliit na hindi pagkakaunawaan bago matulog ay nagpaparamdam sa akin na tinatanggihan at nag-iisa.
i felt afraid just before receiving the question paper of the part ii exam,4,fear,Natakot ako bago makuha ang papel ng pagsusulit sa bahagi II ng eksamen.
i realized that i was tired of feeling weird in relationships with boys,4,fear,Napagtanto ko na pagod na ako sa pakiramdam na kakaiba sa mga relasyon ko sa mga lalaki.
i feel shaky dizzy and my stomach starts to hurt if i miss a meal,4,fear,"Nababalot ako ng pagkahilo, pag-aantok, at sakit ng tiyan kapag hindi ako kumakain ng oras."
i am satisfied with the final installment and feeling a bit melancholy,0,sadness,Masaya ako sa huling bayad at medyo malungkot.
i feel blessed to be on this journey so quickly and honored to help,2,love,Nararamdaman kong binabasa ako ng biyaya na makarating dito nang mabilis at iginagalang na makatulong.
i listen to the cd i am left feeling a little more confident and less stressed,1,joy,Nakikinig ako sa CD at naiwan akong pakiramdam na kaunti nang mas may tiwala at mas kaunti ang stress.
i guess i do have to give some credit to the douche bags out there though because after all those feelings are what give birth to these lovely words i utter,2,love,"Siguro kailangan kong bigyan ng papuri ang mga bastos na tao roon dahil sa huli, ang mga damdaming iyon ang nagsilang sa mga magagandang salita kong ito."
i remember feeling so embarrassed the entire meeting,0,sadness,Naalala ko ang pagiging nahihiya ko nang buong pulong.
i feel like a snow globe that has been all shaken up and i m still waiting for the dust to settle,4,fear,Parang isang snow globe na halos i-shake na at hinihintay ko pa rin na makalma ang alikabok.
i feel that her features makes this hairstye look really elegant,1,joy,"Nararamdaman kong ang kanyang mga tampok ay nagpapaganda sa istilo ng buhok na ito, na nagiging tunay na elegante."
i ask you not to feel pressured by this,4,fear,Hindi kita pinipilit na maramdaman ang presyur nito.
i feel like you have so be pretty self assured in order to do that,1,joy,Parang kailangan mong maging lubos na mapagtiwala sa sarili upang magawa iyon.
i feel that i need some divine direction in order to move forward with the things that god has called me to do,1,joy,Nararamdaman kong kailangan ko ng gabay mula sa Diyos upang mapagpatuloy ang mga bagay na tinawag niya sa akin.
i feel consistently dissatisfied disengaged disinterested and without any zest for what i m doing in my life i eat,3,anger,"Nararamdaman ko ang patuloy na kawalan ng kasiyahan, kawalan ng pakikilahok, kawalan ng interes, at wala akong sigla sa mga ginagawa ko sa buhay, kumakain lang ako."
im feeling pretty proud most of the elements in the room somehow worked their way onto my body,1,joy,Nararamdaman kong medyo mapagmamalaki dahil karamihan sa mga elemento sa silid ay parang nakasabit sa aking katawan.
i have to admit i feel a little hesitant about embedding a music video below in this case,4,fear,"Kailangan kong aminin, medyo nag-aalinlangan ako na ilagay ang music video sa ibaba sa kasong ito."
i do or make today is a bonus because i feel like today has already been worthwhile,1,joy,Ang aking ginagawa o gagawin ngayon ay isang bonus dahil parang sulit na ang araw na ito.
i feel like god has been gracious in answering prayers,1,joy,Nararamdaman kong mapagkumbaba ang Diyos sa pagsagot sa mga dasal.
im beginning to feel like i know the terrain ive lived numb for so long now numb feels like norm thats where the story ends and this is where the fairy tale starts im beginning to feel happy,0,sadness,"Nagsisimula akong maramdaman na kilala ko na ang lugar na ito. Matagal na akong nabighani, ngayon ang pagkabighani ay parang normal na. Doon nagtatapos ang kwento at dito nagsisimula ang kuwentong bibit. Nagsisimula akong maramdaman ang kagalakan."
in certain occasion i have a fight with my boyfriend during the fight i closed the door at his face he went away but came back next day,3,anger,"Sa ilang pagkakataon, nag-aaway kami ng boyfriend ko. Noong isa sa mga away na iyon, isinara ko ang pinto sa harapan niya, umalis siya ngunit bumalik kinabukasan."
i feel so much more myself and i missed me,0,sadness,Nararamdaman kong mas ako na ngayon at namimiss ko ang aking sarili.
i feel peaceful and calm within myself,1,joy,Nararamdaman kong mapayapa at kalmado ang aking loob.
im feeling really bitchy so just stop reading if you dont want to hear my sob story,3,anger,Nararamdaman kong sobrang badtrip kaya tigilan mo na lang basahin kung ayaw mong pakinggan ang aking kwento ng pagdadalamhati.
i feel a remembrance of the strange by justin aryiku falls into the latter category,4,fear,"Nararamdaman kong ang ""A Remembrance of the Strange"" ni Justin Aryiku ay kabilang sa huli."
i cannot begin trying to understand how it must feel to be surprised by an earthquake or see the devastating pictures live to escape from a tsunami,4,fear,Hindi ko maunawaan kung paano ang pakiramdam na mabigla sa lindol o makita ang mga nakakapinsalang larawan nang buhay habang tumatakas sa isang tsunami.
i am signing up for prenatal yoga and making an effort to get out for more walks and hopefully a few trips to the gym in my near future not so i can gain less weight but so i can feel better about myself too,1,joy,Nagre-register ako para sa prenatal yoga at sinusubukan kong lumabas para sa mas maraming lakad at sana ilang biyahe sa gym sa malapit kong hinaharap hindi para mabawasan ang timbang ko kundi para mas maganda ang pakiramdam ko rin tungkol sa aking sarili.
i can honestly say this is one time in my life where i feel legtimately victimized,0,sadness,Maaari kong tapat na sabihin na ito ang isang pagkakataon sa buhay ko kung saan nararamdaman kong tunay na biktima.
i see each time you is what feel i am very anxious to to living to eat you,4,fear,"Nakikita kita bawat oras, iyon ang nararamdaman ko, at lubos akong kinakabahan na mabuhay, kumain, at mahalin ka."
i feel bad for the police officer,0,sadness,Nakakaramdam ako ng awa para sa pulis.
i was tired sore and didnt really feel like makin the mile trip to church i was ecstatic to be there and enjoyed every minute of it,1,joy,"Pagod, nasaktan, at hindi talaga ako gustong maglakbay ng isang milya papunta sa simbahan, ngunit sobrang saya ko nang makarating doon at nasisiyahan ako sa bawat minuto nito."
im not planning to get hammered i warned feeling virtuous,1,joy,"Hindi ako plano na mag-inom nang sobra, sinabi ko na, nararamdaman kong mabuti ang aking sarili."
i could feel that the person was pissed at me because that person didnt understand what i was trying to say and so there was further personal attack again asking me whats my nationality giving me that shit face and blah blah,3,anger,"Nararamdaman kong galit siya sa akin dahil hindi niya maintindihan ang sinasabi ko kaya nagkaroon ulit ng personal na pag-atake, tinatanong ako ng aking nasyonalidad, binibigyan ako ng masamang tingin at iba pa."
i dont like poetry too much because i feel its for whiney dramatic people,0,sadness,Ayaw ko ng tula dahil sa tingin ko 'yon para sa mga maarte at mapagdaldal na tao.
i feel so fond of him i want to squeeze him tightly and not unusually,2,love,"Napakagusto ko sa kanya, gusto kong yakapin siya nang mahigpit at hindi basta-basta."
i hate feeling indecisive because im being negative right now and i dont know what i want,4,fear,Ayaw kong maramdaman ang pagiging hindi mapagdesisyon dahil negatibo ako ngayon at hindi ko alam kung ano ang gusto ko.
i no long feel furious about they re lack of cooperation,3,anger,Hindi na ako galit sa kanilang kawalan ng kooperasyon.
i actually went into pilates yesterday feeling somewhat remorseful for the shoes i wore that day shoes i often refer to as stinky feet katie shoes,0,sadness,"Nagpunta nga ako sa pilates kahapon na medyo nagsisisi sa sapatos na isinusuot ko noon, ang mga sapatos na madalas kong tawaging ""stinky feet Katie shoes."""
i wake up every morning not knowing what the hell to do and feeling like crap with my stomach on fire and my bones aching and then i go to bed every night feeling the same thing,0,sadness,"Gumigising ako bawat umaga na hindi alam kung ano ang gagawin at parang sira ang pakiramdam ko, may sunog sa tiyan at sakit sa buto, at pagkatapos ay matutulog ako bawat gabi na nararamdaman ang parehong bagay."
ive been munching on craisins when i feel like something sweet,2,love,kumakain ako ng craisins kapag gusto ko ng matamis.
i am not a deep thinker and sometimes i leave feeling depressed and not inspired,0,sadness,Hindi ako malalim na nag-iisip at minsan ay umalis akong nakaramdam ng depresyon at hindi inspirasyon.
i personally feel that god is gentle and kind but i dont think he wants me to enter into a friendship with me,2,love,"Nararamdaman kong mapagmahal at maawain si Diyos, ngunit hindi ko akalaing gustong niya akong makipagkaibigan."
i feel some people shouldn t answer if they are not considerate and serious,1,joy,Nararamdaman ko na may mga tao na hindi dapat sumagot kung hindi sila mapag-isip at seryoso.
i love to inspire students to be creative and most of all i love the moment when they create something that makes them feel successful,1,joy,"Mahal ko silang inspirasyon ng mga estudyante na maging malikhain at higit sa lahat, mahal ko ang sandaling sila ay lumilikha ng isang bagay na nagbibigay sa kanila ng pakiramdam na matagumpay."
i was healthy then this mild but annoying cold ad now a new cold which made me feel just awful for he past day,0,sadness,"Noon ay malusog ako, ngunit dumating itong banayad ngunit nakakainis na sipon, at ngayon ay mayroon akong bagong sipon na nagpaparamdam sa akin ng lubhang masama sa nakalipas na araw."
i can feel something unfortunate taking place though out here and in new york,0,sadness,Nararamdaman kong may masamang nangyayari dito at sa New York.
i feel especially vulnerable to being treated as a second class citizen,4,fear,Nararamdaman kong lalo akong mahina sa pagiging itinuturing na pangalawang-klaseng mamamayan.
i was starting to feel the kick of the alcohol and jerald was slightly amused and said he would probably see me down half an hour later,1,joy,Nagsisimula nang maramdaman ang epekto ng alak at bahagya namang natawa si Jerald at sinabi na malamang makikita niya akong lasing sa kalahating oras pa.
i remember how i used to feel watching tv and seeing sara rue on popular because she was an inspiration to me,1,joy,Naalala ko kung paano ako nakaramdam noong nanonood ako ng telebisyon at nakikita si Sara Rue sa Popular dahil siya ang aking inspirasyon.
im going to force him to read dianne wayne jones which even i cant read and hell develop a complex with the realisation that hes just asking questions i cant answer because hes an insecure little berk who needs to feel superior to everyone around him,1,joy,Pupwersahin ko siyang basahin ang Dianne Wayne Jones na kahit ako ay hindi kayang basahin at magkakaroon siya ng komplikasyon sa pag-unawa na siya ay nagtatanong lamang ng mga bagay na hindi ko masagot dahil siya ay isang inseguro at maliit na taong nangangailangan ng pakiramdam na mas mataas siya sa lahat ng tao sa paligid niya.
i like the small town feel and friendly open polite conversations,1,joy,"Gustung-gusto ko ang pakiramdam ng isang maliit na bayan at ang mga kaaya-ayang, bukas, at magalang na usapan."
im feeling damn fantastic,1,joy,Sobrang ganda ng pakiramdam ko.
i look back on that moment of my writing life and feel a bit ashamed that there is a part of me that wants to wrap up the everything theory series and then pack up the story ideas and call it a day,0,sadness,"Tinitignan ko ang sandaling iyon sa aking buhay bilang manunulat at nararamdaman ang kaunting kahihiyan dahil may bahagi sa akin na gustong tapusin ang serye ng ""Lahat ng Teorya"" at saka ibalot na ang mga ideya para sa kwento at sabihing tapos na."
i miss feeling glad,1,joy,Namimiss ko ang pakiramdam ng saya.
i thought we had done wrong by calling it off and i suddenly didnt feel confident in saying yes,1,joy,Akala ko nagkamali tayo nang itigil natin ito at bigla akong hindi na naging tiwala na sabihin ang oo.
i feel like it has some necessity in a romantic relationship but too much can be very harmful in that context but that s not my problem,2,love,Nararamdaman kong may kailangan ito sa isang relasyon ngunit masyadong marami ay maaaring lubhang nakakasama sa konteksto ngunit hindi iyon ang aking problema.
i got a stitch in my side during the first mile couldnt feel my feet it was so cold etc etc,3,anger,"Nakaramdam ako ng pananakit sa tagiliran ko noong unang milya, hindi ko maramdaman ang aking mga paa dahil sobrang lamig."
i feel the need to turn to my beloved nations,1,joy,Nararamdaman kong kailangan kong humingi ng suporta sa aking minamahal na mga bansa.
i am feeling fearful or upset about any situation in my life i have only to notice my reminder sitting right before me and i begin repeating this affirmation over and over again,4,fear,"Kapag natatakot o nalulungkot ako sa anumang sitwasyon sa buhay ko, sapat na makita ang aking paalala na nasa harapan ko at paulit-ulit kong sasabihin ang pag-aangkin na ito."
i feel horribly restless,4,fear,Napakasakit ng aking pagkabalisa.
i feel like ive been reading lisas blogs for ever and it was lovely to finally meet her and her boys who i recognised immediately,2,love,Parang matagal ko nang binabasa ang mga blog ni Lisa at masaya akong nakilala na siya at ang kanyang mga anak na agad kong nakilala.
i was down and feeling doubtful,4,fear,Nalulumbay ako at nag-aalinlangan.
i have no money to sort any of it out and i feel very messy,0,sadness,Wala akong pera para ayusin ang lahat at nararamdaman kong sobrang gulo.
im feeling really strong since starting the shred two weeks ago i have new muscles,1,joy,"Nararamdaman kong sobrang lakas ko simula nang simulan ang Shred dalawang linggo na ang nakalilipas, mayroon na akong mga bagong kalamnan."
i feel humiliated since a boy has to lead me through it gt lt gets sick ive avoided the dance through all folkeskole and im not going to chance that,0,sadness,"Nararamdaman kong nahihiya dahil kailangan akong gabayan ng isang lalaki dito, lalo na't nakakaramdam ako ng pagsusuka. Iwasan ko ang sayawan sa lahat ng taon sa folkeskole at hindi ko hahayaan na mangyari iyon muli."
i feel terrible for him and want to cheer him up,0,sadness,Napakasakit para sa kanya at gusto kong pasayahin siya.
i certainly do sound like some lowdown bitch who is just countering back what people have to say but whatever it is what exactly bothers me oh well bet that hit one of their aims is that i wonder why people feel so entertained exhilarated thrilled excited when they provoke the feelings of others,1,joy,"Tila ako'y parang isang mababang babae na nagrereklamo lamang at sumasagot sa sinasabi ng iba, pero ano nga ba ang talagang nakakabighani sa akin? Siguro isa sa kanilang layunin ay iyon, at nagtatanong ako kung bakit nakakatuwa, nakakakilig, at nakakapukaw ng kilig ang mga tao kapag pinoprovoke nila ang damdamin ng iba."
i feel offended if you question my results as unfair saying that i am lazy and all so why,3,anger,Nasasaktan ako kung itatanong mo ang aking mga resulta bilang hindi patas at sasabihin mong tamad ako at iba pa kaya bakit.
i mean i know how it feels that a person is valued by the family if s he gives money or food to the table,1,joy,Alam ko kung paano ang pakiramdam na pinahahalagahan ng pamilya ang isang tao kung siya ay nagbibigay ng pera o pagkain sa hapagkainan.
i feel your scent i enjoy the way you drink your coffee so dignified you smirk at the sight of interesting details black ink spilling words on white paper you spell them out with your lips as you scim along i love when you ask me what do you think,1,joy,"Nararamdaman ko ang iyong bango, nasisiyahan ako sa paraan ng iyong pag-inom ng kape, napaka-matangkad mo. Ngumiti ka sa mga nakakagulat na detalye, ang itim na tinta na tumutulo ng mga salita sa puting papel, binibigkas mo sila gamit ang iyong mga labi habang sinusundan mo ito. Mahal ko kapag tinatanong mo ako, ""Ano ang iniisip mo?"""
i feel the more im convinced that i dont want to let this go,1,joy,Lalong ako naniniwala na ayaw kong hayaang mawala ito.
i don t believe these feelings can be blamed solely on the lack of empathy towards family life by government policy makers and employers which the analysis on this survey would seem to suggest,0,sadness,"Hindi ko akalaing maaaring sisihin lamang ang mga damdaming ito sa kakulangan ng empatiya patungo sa buhay pamilya ng mga tagapagpatakbo ng pamahalaan at mga amo, na tila ipinakikita ng pagsusuri sa pag-aaral na ito."
i was feeling so jaded i still am from all the sep preparation which for the most part progress has been moribund that i didn t feel like going on sep anymore,0,sadness,"Napakasawa ko na, at hanggang ngayon ay ganun pa rin, dahil sa lahat ng paghahanda para sa SEP na halos hindi na umuunlad kaya hindi ko na nararamdaman na magpatuloy pa sa SEP."
im feeling generous lets make it a a href https www,2,love,"Nararamdaman kong mapagbigay, gawin natin itong isang..."
i feel melancholy about the past as my parents have passed and i never really told them how thankful i am,0,sadness,Nakakaramdam ako ng kalungkutan tungkol sa nakaraan dahil pumanaw na ang aking mga magulang at hindi ko talaga nasabi sa kanila kung gaano ako nagpapasalamat.
i can t say it s made me feel any less depressed anxious but mingled in with the depression is a certainty that i can get to the other side if i keep putting one foot in front of the other,0,sadness,"Hindi ko masasabi na ito ay nagpagaan sa aking depresyon at pagkabalisa, ngunit nakakalat sa aking depresyon ay ang katiyakan na makararating ako sa kabilang panig kung patuloy akong maglalakad hakbang-hakbang."
i have been blessed with a knowledge of these things and i would feel ungrateful not to share them with others,0,sadness,Binabasa ako ng kaalaman tungkol sa mga bagay na ito at magiging hindi ko magpapasalamat kung hindi ko ito ibahagi sa iba.
the possibility of having failed the examination,4,fear,ang posibilidad na nabigo sa pagsusulit
i think this is a valid complaint for those who arent willing to deal with it this aspect i imagine will be rather subjective but it makes sure that the cover based moments still feel dangerous despite being in cover,3,anger,"Sa palagay ko, isang wastong reklamo ito para sa mga ayaw harapin ang aspektong ito. Iniisip ko, magiging subjektibo ito ngunit titiyakin nito na ang mga sandaling nakasakop pa rin ay nararamdaman ang panganib kahit nasa takip sila."
i just smile because it feels rude not to do so if you make eye contact i also can t really help myself,3,anger,"Ngumiti lang ako kasi parang bastos kung hindi kapag nakatingin ka sa akin, hindi ko rin naman talaga mapigilan."
im feeling stubborn today and got home and was like no way im gonna go get that mri soon,3,anger,"Parang matigas ang ulo ko ngayon at nang umuwi ako, sabi ko, ""Hindi ako pupunta ng MRI agad."""
i did feel very very heartbroken that i did not enter semipro,0,sadness,Napakasakit po ng loob ko na hindi ako nakapasok sa semipro.
i feel embarassed humiliated sad miserable a title permanent link to what if i have already fallen in love,0,sadness,"Nararamdaman kong nahihiya, pinagkaitan ng karangalan, malungkot, at lubhang nalulumbay. Isang pamagat na permanente ang link, ano kung ako'y nakaligtas na sa pag-ibig?"
i could feel blake more sharply and i felt a little more delicate i guess you could say,2,love,"Mas matalas kong nararamdaman si Blake at parang mas mahina rin ako, siguro."
im feeling stressed overworked and running on fumes,3,anger,"Nararamdaman kong stressed, sobra ang trabaho, at parang wala nang natitira sa akin."
i guess i talked to enough people to realize that we all feel intimidated by meeting others for the first time,4,fear,"Sa tingin ko, nakakausap ko nang sapat na tao upang maunawaan na lahat tayo ay nahihiya sa pagkikita ng mga bagong tao."
i feel incredibly relieved,1,joy,Nararamdaman kong sobrang nakakagaan.
i am progressively getting it done and am feeling pretty confident that i will get it all done before i hit too close to the wire,1,joy,unti-unti kong natapos ito at medyo sigurado akong makakaya kong matapos lahat bago ako maging sobrang abala.
i had a great relationship i feel so blessed to have had such a strong male figure in my life he truly treated me like his princess,2,love,"Mayroon akong magandang relasyon, at nararamdaman kong lubos akong binabati dahil sa pagkakaroon ng isang matibay na lalaking halimbawa sa aking buhay. Tunay niyang itinuring akong parang prinsesa niya."
i jumped off and sauntered into the spa area feeling very pleased with myself,1,joy,"Tumalon ako at naglakad-lakad papasok sa spa area, napakasaya ko sa aking sarili."
i feel restless otherwise known as useless or lazy when i take long breaks from writing,4,fear,"Nararamdaman kong magulo ang aking isipan, parang walang silbi o tamad kapag matagal akong tumitigil sa pagsusulat."
i feel it is unfortunate that i have had to take these drastic measures and post this notice as i truly loved posting my new work to flickr and interacting with new people from all over the world,0,sadness,Nakakalungkot para sa akin na kailangan kong gawin ang mga drastikong hakbang na ito at i-post ang abiso dahil tunay kong minamahal ang pagbabahagi ng aking mga bagong gawa sa Flickr at pakikipag-ugnayan sa mga bagong tao mula sa iba't ibang panig ng mundo.
i don t want to bury the hatchet with even though it would be in my best interest simply because i feel that apologizing to a person that insulted me would make me feel like a punk,3,anger,Ayaw kong magpatawad kay kahit na maganda iyon para sa akin dahil nararamdaman kong magpapakita ako ng kahinaan kung mag-a-apologize ako sa taong nag-insulto sa akin.
i have a lot of missing information about how your previous final communication went and how you feel about this guy and what you ever liked about him but i will advise you to not be afraid of him in any way if you don t want to communicate further with him just tell him that,2,love,"Marami akong kulang na impormasyon tungkol sa kung paano nagwakas ang inyong huling komunikasyon at kung paano ka nakaramdam tungkol sa lalaking ito at ano ang iyong mga gusto sa kanya, ngunit payo ko sa iyo na huwag matakot sa kanya sa kahit anong paraan. Kung ayaw mong makipag-usap pa sa kanya, sabihin mo lang iyon sa kanya."
i don t feel as relaxed when i sleep because of this,1,joy,Hindi ako gaanong nakakarelaks kapag natutulog dahil dito.
i really did feel fantastic after writing out that list and i still do every time i read it,1,joy,"Talagang nakaramdam ako ng kahanga-hanga pagkatapos isulat ang listahan at hanggang ngayon, nararamdaman ko pa rin ito tuwing binabasa ko ito."
i wake up feeling dazed from deep slumber and convoluted sometimes exhausting dreams a bit like a href http skdd,4,fear,"Gumigising ako na parang naliligaw sa aking malalim na pagtulog at mga pangarap na minsan ay nakalilito at nakakapagod, parang isang..."
i sometimes feel quite isolated as we live in a regional area so i often think,0,sadness,"Minsan, nadarama kong medyo nag-iisa dahil nakatira tayo sa isang lugar na malayo sa siyudad kaya madalas akong mag-isip."
i want you to feel my awe and astonishment at this amazing thing that is happening,1,joy,Gusto kong maramdaman mo ang aking pagkamangha at pagtataka sa kamangha-manghang bagay na ito na nangyayari.
i want to just drown myself in the excitement and hype of the inauguration i still feel very troubled about where both america and the world are right now,0,sadness,"Gusto kong mawalan na lamang ng sarili sa kilig at ingay ng inaugurasyon, pero nararamdaman ko pa rin ang malaking pag-aalala kung saan patungo ang Amerika at ang mundo ngayon."
i do feel blamed for everything i,0,sadness,Nararamdaman kong sisihin ako sa lahat ng bagay.
i was up to my eyes and studying and feeling pretty jaded a href http maturestudenthanginginthere,0,sadness,Ako ay abala sa pag-aaral at nararamdaman ang pagod at pagkapagod.
i have a massive identity of my own and always feeling like i take the boring route,0,sadness,May malaking pagkakakilanlan ako at lagi akong nakakaramdam na pinipili ang mahabang at nakakabagot na daan.
i work for a company that makes me feel valued even if the work i do is miniscule i feel as though i am an integral part of their operation,1,joy,"Nagtatrabaho ako sa isang kompanya na ginagawa akong maramdaman na mahalaga kahit na maliit ang aking ginagawa, parang ako ay isang mahalagang bahagi ng kanilang operasyon."
i feel more mellow about this move than k is,1,joy,Mas mellow ako tungkol sa paglipat na ito kaysa kay K.
i feel like im as useless as dust bunnies,0,sadness,"Parang alipores lang ako, walang silbi gaya ng mga alikabok na nakakalat."
i don t feel that he is supportive or encouraging to me,2,love,Hindi ko nararamdaman na siya ay sumusuporta o nagbibigay ng inspirasyon sa akin.
i end up feeling groggy the rest of the day amp guilty that i didnt get anything done,0,sadness,Nagtatapos ako sa pakiramdam na antok ang natitirang araw at may sala na hindi ko nagawa ang anumang bagay.
i feel after i quit a job i hated class thumbnail width,0,sadness,Nararamdaman ko pagkatapos kong iwanan ang trabahong kinamumuhian ko.
i will probably do but for some reason i feel a bit agitated by it all,4,fear,"Malamang gagawin ko iyon, pero sa ilang dahilan, nararamdaman kong medyo kinakabahan dito."
im used to being up and around until the wee hours of the morning after changeling so anyone is feeling sociable give me a call im me or stop by,1,joy,"Sanay akong gising at naglalakad hanggang sa hatinggabi matapos magtrabaho kaya kung sino mang gustong makipag-usap, tawagan o makipag-chat ako, o pumunta ka lang."
i feel drained mentally and physically and i really need to get back to a better spot,0,sadness,"Nararamdaman kong pagod na pagod ako, kapwa mental at pisikal, at talagang kailangan kong bumalik sa mas magandang kalagayan."
i would feel more peaceful and easygoing,1,joy,Mas mapayapa at komportable ako.
i got a very encouraging phone call the other day and im feeling very hopeful,1,joy,Nakakuha ako ng isang napakagandang tawag sa telepono kamakailan at nararamdaman kong puno ng pag-asa.
i feel so unwelcome there but not because of her or gary i just feel that i shouldnt be moving back in with them,0,sadness,"Nararamdaman kong hindi ako tinatanggap doon, hindi dahil kay kanya o kay Gary, kundi dahil sa pakiramdam kong hindi dapat akong bumalik sa kanila."
i can think of to quit are not based on my own needs and wants but those of others scars make other people feel uncomfortable self injury makes friends feel like they aren t offering enough support cutting is something sad teenagers do,4,fear,"Ang mga dahilan kong iniisip na magbitiw ay hindi batay sa aking sariling pangangailangan at kagustuhan kundi sa iba; ang mga sugat ay nagpapakita ng kawalang-kasiyahan sa ibang tao, ang pagkasakit sa sarili ay nagpaparamdam sa mga kaibigan na hindi sapat ang kanilang suporta; ang pagputol ay isang malungkot na gawain ng mga kabataan."
i feel very reluctant to have to walk through,4,fear,Napaka-reluktant ko pong maglakad doon.
i feel like the cabbage potatoes and venison were components of a rich stew and the pomegranate seeds were meant to cut through the thick oiliness of the rest of the dish,1,joy,"Parang ang repolyo, patatas, at venison ay bahagi ng isang masarap na nilaga at ang mga buto ng granada ay para mag-alis ng makapal na mantika ng natitirang pagkain."
i feel so profoundly blessed to finally be in a good place of life to be at peace to know what i would want in a husband and to be able to recognize it quickly,1,joy,"Napakalalim ng aking pagpapala na makarating sa isang magandang kalagayan sa buhay, upang mahanap ang kapayapaan, malaman kung ano ang aking hinahanap sa isang asawa, at mabilis itong makilala."
i didnt feel passionate about most of the posts,1,joy,Hindi ako nakaramdam ng pagka-interes o pagka-sigla sa karamihan ng mga post.
i feel glad to be able to help others through compassion and listening gifts the lord def gave me,1,joy,"Masaya akong makatulong sa iba sa pamamagitan ng pagmamalasakit at pagdinig, mga biyaya ng Panginoon na ipinagkaloob niya sa akin."
im feeling stressed about upcoming events drowning in feelings of being overwhelmed with how much i need to do in order to get my house back in order and the long week i have ahead of me that my husband will be out of town,3,anger,"Na-stress ako tungkol sa mga darating na pangyayari, nalulunod sa damdamin ng pagod dahil sa dami ng kailangang gawin para maayos ang bahay at sa mahabang linggo na darating kung saan aalis ang aking asawa."
i hate feel needy,0,sadness,Ayaw kong maramdaman ang pangangailangan.
i kali ni feeling aku dah bertukar jadi boring benci,0,sadness,Parang nawala na ang saya ko at ngayon ay puno na ako ng sama ng loob.
i feel helpless about not being able to help him in feeling better but do my best to encourage him and think positively as mom is doing,4,fear,Nararamdaman kong walang magawa upang makatulong sa kanya na gumaling ngunit gagawin ko ang aking makakaya upang hikayatin siya at mag-isip nang positibo gaya ng ginagawa ng nanay.
im feeling frantic i try to remember to breathe and laugh,4,fear,"Nanginginig ako ng kaba, sinusubukan kong alalahanin na huminga at tumawa."
i kinda feel ungrateful because everyone always writes about their friends and i never have,0,sadness,Parang may nararamdaman akong hindi nagpapasalamat dahil lagi silang nagsusulat tungkol sa kanilang mga kaibigan at ako'y wala.
i feel like a lame wife,0,sadness,Parang isang walang silbi kong asawa ang nararamdaman ko.
i don t know it s just that it was like on top of our head so much of yesterday that it was really bothersome and we re still feeling a little mad about it,3,anger,"Hindi ko alam, pero parang nasa itaas ng ulo natin iyon kahapon, sobrang nakakainis kaya, at medyo galit pa rin tayo tungkol doon."
i feel that in a there is a sense of kenya openly interacting supporting shiraishi instead of just happening to pat shiraishi on the shoulder,1,joy,"Nararamdaman kong mayroong bukas at malinaw na pagsuporta sa Shiraishi sa Kenya, higit pa sa simpleng pagtapat sa balikat niya."
i feel joyful of my new beginning,1,joy,Masaya ako sa aking bagong simula.
ive been feeling very sentimental and reflective the past few days,0,sadness,Nararamdaman ko ang malalim na damdamin at pagninilay sa nakalipas na ilang araw.
i feel like handing the kids over and saying here you think theyre so cute,1,joy,"Parang gusto kong ibigay na lang ang mga bata at sabihin, ""Narito, akala ninyo sila'y gwapo."""
i had spare gear on the bike to cope with two punctures but was feeling particularly paranoid about the race tyres as i had already had two punctures on the previous three times i had taken them out training,4,fear,Mayroon akong pang- kapalit na gulong sa bisikleta para harapin ang dalawang patay na gulong ngunit nararamdaman kong lalo akong nababahala tungkol sa mga gulong ng karera dahil nakaranas na ako ng dalawang patay na gulong sa mga nakaraang tatlong pagkakataon na aking sinubok ang mga ito sa pagsasanay.
i found a good article where you are not to mediate if you feel threatened or intimidated by your ex controlled or you life is controlled by your ex where your child is being manipulated by your ex,4,fear,"Natagpuan ko isang magandang artikulo kung saan hindi ka dapat mag-mediate kung nararamdaman mong nababahala o kinakabahan dahil sa iyong ex, kung kontrolado ka o ang iyong buhay ay kontrolado ng iyong ex, o kung ang iyong anak ay niloloko ng iyong ex."
ive just been feeling so submissive recently,0,sadness,Nararamdaman ko lang na sobrang sumusunod ako kamakailan.
i just feel strongly that i cannot condone violent methods to achieve a political goal,3,anger,Malakas ang aking paniniwala na hindi ko matatanggap ang mga marahas na paraan upang makamit ang isang layunin sa pulitika.
i feel carefree and young and amazing,1,joy,"Nararamdaman kong malaya, bata, at kahanga-hanga."
i could add input advice and guidance made me feel valuable,1,joy,Ang mga payo at gabay na idinagdag mo ay nagpaparamdam sa akin na mahalaga.
i feel a little uncertain about the structure of a revalidation portfolio,4,fear,Nararamdaman kong medyo hindi sigurado tungkol sa istruktura ng isang portfolio para sa revalidasyon.
i feel out of place because im more relaxed and informal,1,joy,Nararamdaman kong hindi ako nababagay dahil mas komportable at impormal ako.
i find that in times where i feel i am not being respected or i am not getting the point across of how something may make me feel uncomfortable that being nice only seems to encourage these things to keep happening,1,joy,"Natutuklasan kong sa mga panahon na nararamdaman kong hindi ako nirerespeto o hindi naipahahayag ang aking punto kung paano maaaring magpahirap sa akin, ang pagiging mabait lamang ay tila nagpapalakas sa mga ganitong pangyayari na magpatuloy."
i feel rushed again and its the lack of time jerry springer weather amp suddenly you want to put porn on i am very confused but hey let me do that while you enjoy that i had fun fun fun without your hun without a block so hype all about it,3,anger,"Nararamdaman ko ulit ang pagmamadali at kulang ang oras, Jerry Springer ang panahon at biglang gusto mong ilagay ang porn, napaka-confused ko pero sige, gawin ko iyon habang nasisiyahan ka, masaya ako, masaya, masaya nang wala kang hun, walang bloke, sobrang hype dito."
i was feeling discouraged at this point,0,sadness,Nadama ko ang pagkabigo sa puntong ito.
i truly feel that the portrayal of jesus in this movie was gratuitously violent,3,anger,Tunay kong nararamdaman na ang paglalarawan kay Hesus sa pelikula ay labis na marahas.
i can sleep on the couch or on the floor if you are still feeling shaken he offers gently,4,fear,"Maaari akong matulog sa sofa o sa sahig kung ikaw ay nahihirapan pa, aalok niya nang mahinahon."
i guess and by am i was feeling really melancholy and sad for the people in the movie the heavy use of the cello in the soundtrack makes anything seem sad,0,sadness,"Siguro, at dahil doon, nararamdaman kong malungkot at malungkot para sa mga tao sa pelikula, ang malakas na paggamit ng cello sa soundtrack ay ginagawa ang lahat na parang malungkot."
ill add i havent tried all that time but i do feel as i adapt and pick up techniques quickly this is one of the things im amazed that its taken me this long,4,fear,"Idagdag ko, hindi ko pa nasubukan noon ngunit nararamdaman kong habang umaangkop at natututunan ang mga teknik nang mabilis, isa ito sa mga bagay na nagugulat ako na nagtagal pa ito."
i feel no joy like that the faithful feel viewing the glories of their holy place an horror of great darkness is upon me a fearful dread hath overwhelmed me,1,joy,"Hindi ko nararamdaman ang kagalakan na nararamdaman ng mga tapat na nakikita ang mga kaluwalhatian ng kanilang banal na lugar; isang takot na malalim ang kadiliman ang sumasakop sa akin, isang nakakatakot na takot ang bumalot sa akin."
i feel really sad that my own girlfriend cannot even open up to me or communicate with me,0,sadness,Napakasakit isipin na hindi ko mapag-uusapan o makapag-usap ang aking sarili kong kasintahan.
i also feel curious when i read all the readings because not only i want to have depth understanding of social constructivism itself but also i found this unit gives opportunity for me to understand the philosophy of each type of constructivism,4,fear,"Nakakapanibago rin ako kapag binabasa ko ang lahat ng mga babasahin dahil hindi lamang gusto kong maunawaan nang lubusan ang social constructivism mismo, kundi natutuklasan ko rin na nagbibigay ng pagkakataon ang yunit na ito upang maunawaan ang pilosopiya ng bawat uri ng constructivism."
i will try to explain how i feel in order that you don t think i am ungrateful for having been blessed with a child,0,sadness,Susubukan kong ipaliwanag kung paano ako nararamdaman upang hindi ka maniwala na hindi ako nagpapasalamat sa pagpapala ng isang anak.
i just feel kind of heartless now,3,anger,Parang walang puso na ako ngayon.
i feel as rich as solomon,1,joy,Nararamdaman kong kasingyaman ni Solomon.
i always feel a bit personally assaulted,0,sadness,Lagi akong nadaramaang personal na sinalakay.
i feel myself afraid of being abandoned,4,fear,Natatakot akong iiwan.
i had to take them out for a while leaving me feeling even more distressed,4,fear,"Kailangan kong ilabas sila saglit, na nagpaparamdam sa akin ng mas malalim na pagkabalisa."
i know that when i am feeling distraught or moody i can depend on you two to put a smile back on my face,4,fear,"Alam kong kapag malungkot o may problema ako, kayong dalawa ang maaasahan kong magpapasaya sa akin."
i feel the most glamorous is when i m feeling the most capable the most confident or the most in tune with my own mind,1,joy,"Nararamdaman kong pinakamaganda ako kapag pinaka-kaya ko, pinaka-tiwala, o pinaka-nakakaintindi sa aking sariling isipan."
i couldnt feel thing however that kind of bothered me because i didnt feel it pop,3,anger,"Hindi ko naramdaman ang anumang bagay, ngunit iyon ay nag-aalala sa akin dahil hindi ko naramdaman ang pag-click nito."
im supposed to feel compassionate towards that little girl but i feel like she never existed,2,love,Dapat akong magkaroon ng awa sa batang babae ngunit parang hindi siya kailanman umiiral.
i just really need the money right now and i feel like some greedy nasty aunt for not wanting to hand everything over,3,anger,Kailangan ko talaga ng pera ngayon at parang isang makasarili at masamang tiya ako dahil ayaw kong ibigay lahat.
i think i am feeling a little rebellious as i am getting older and i like it,3,anger,"Sa pagtanda ko, parang may nararamdaman akong kaunting pagrebelde at nasisiyahan ako dito."
i need to move past the grief and maybe even feel angry,3,anger,Kailangan kong makalimot sa kalungkutan at marahil maging galit man.
i feel like when you only have one child that the time you have with them is all the more precious,1,joy,"Nararamdaman ko na kapag iisa lamang ang anak mo, mas mahalaga ang oras na iyong ginugugol kasama niya."
i also feel as though this assumption is rude as soon as they are informed they are married the next question follows do you have kids,3,anger,"Nararamdaman ko rin na bastos ang palagay na ito dahil pag nalaman nilang kasal na kayo, susunod na tanong ay kung may mga anak na kayo."
i think too much about how i sit how my voice sounds if i ve gotten any food on my mouth and the feeling that i need to make my way around to everyone so as not to be rude,3,anger,"Naisip ko nang sobra kung paano ako nakaupo, kung paano ang tunog ng aking boses, kung may nakakalat na pagkain sa aking bibig, at ang pakiramdam na kailangan kong lapitan ang lahat upang hindi maging bastos."
i really feel about affiliate marketing add to delicious a href http www,1,joy,"Talagang nararamdaman ko tungkol sa affiliate marketing, idagdag sa delicious, isang link dito: http://www."
i love it he makes me feel so greedy,3,anger,"Mahal ko ito, ginagawa niya akong sobrang sakim."
on a dark night i felt that there were several people near me and i did not know who they were,4,fear,"Sa isang madilim na gabi, naramdaman kong may ilang tao malapit sa akin at hindi ko alam kung sino sila."
i feel gorgeous is a very fitting word to describe the new album in my humble opinion,1,joy,"Ang ""gorgeous"" ay isang napakagandang salita upang ilarawan ang bagong album, sa aking simpleng palagay."
i know many people still feel betrayed by neil odonnell for his two very unfortunate interceptions and i realize the loss is at the top of most fans lists of most heartbreaking moments in pittsburgh sports history but i dont look at it that way,0,sadness,"Alam kong marami pa ring tao ang nadarama'y pagtataksil kay Neil O'Donnell dahil sa kanyang dalawang malungkot na interception at nauunawaan ko na ang pagkatalo ay nasa tuktok ng listahan ng karamihan sa mga tagahanga bilang isa sa mga pinaka-nakakapanghihinayang na sandali sa kasaysayan ng mga palakasan sa Pittsburgh, ngunit hindi ko ito tinitingnan sa ganitong paraan."
i started out feeling sympathetic towards him because i wouldnt want dr,2,love,Nagsimula akong magkaroon ng awa sa kanya dahil ayaw kong makararanas ng ganoon si Dr.
i feel no sense of chivalry or magnanimity whatsoever toward the defeated opposition,0,sadness,Hindi ako nararamdaman ang kahit anong pagka-makisig o kabutihan sa mga talo nilang kalaban.
i hate feeling bitter,3,anger,Ayaw kong maramdaman ang pagiging mapait.
im feeling the world spin around me while im in bed only after a couple of glasses of wine which doesnt do this to me im getting suspicious,4,fear,"Nararamdaman kong umiikot ang mundo sa paligid ko habang nakakulong ako sa kama matapos lamang uminom ng ilang baso ng alak na hindi naman dati nagagawa nito sa akin, nagiging suspetsyoso na ako."
i will feel as though that time has come in vain,0,sadness,Pararamdam ko na ang oras ay naglaho nang walang kabuluhan.
i say it it makes me feel special,1,joy,"Sinabi ko, ito ay nagpaparamdam sa akin na espesyal."
i did not however feel like the teachers guide was useful after about the first month,1,joy,Hindi ko naman naramdaman na naging kapaki-pakinabang ang gabay ng guro pagkatapos ng unang buwan.
i feel bitter and jealous,3,anger,Nararamdaman kong mapait at inggit.
i met new friends rachel benedict and all feel more assured about my faith,1,joy,"Nakilala ko ang mga bagong kaibigan na sina Rachel at Benedict, at lahat ay nagbibigay sa akin ng mas malaking katiyakan tungkol sa aking pananampalataya."
i want to go find something to wear for pesach that is ethnic and flowy and perhaps even jingly and makes me feel playful and royal at the same time,1,joy,"Gusto kong maghanap ng damit para sa Paskah na etniko, maluwag, at baka may mga tunog din, na magpaparamdam sa akin ng masaya at parang hari/reyna."
i feel the need to comment on how amazing it is,1,joy,Nararamdaman kong kailangan kong magbigay ng komento kung gaano ito kahanga-hanga.
ive been feeling kind of distracted and that is obviously not conducive for working philosophy problems out,3,anger,"Nararamdaman kong medyo nababaliw ang konsentrasyon ko, at malinaw na hindi ito maganda para sa paglutas ng mga problema sa pilosopiya."
i feel groggy today and tired,0,sadness,Nararamdaman kong maantok at pagod ngayon.
i am feeling jaded,0,sadness,Nararamdaman kong pagod na pagod.
i know how that feels have in ars nes own words disturbed the croatians season somewhat,0,sadness,"Alam ko kung paano iyon nararamdaman, mayroon silang sariling salita na medyo gulo ang kanilang panahon."
i feel you need to focus on your responses and they need to be truthful,1,joy,Nararamdaman kong kailangan mong ituon ang iyong mga tugon at dapat itong totoo.
i for thanksgiving complete with lb suspiciously moist turkey and traditional stuffings and with the final death of thanksgiving i can look around and go ahhh and start enjoying the holidays rather than feeling assaulted by them,0,sadness,"Ako para sa Thanksgiving, kumpleto na may lb na kakaibang basa-basa na turkey at tradisyunal na pagpuno, at sa wakas, pagkatapos ng Thanksgiving, kaya kong tumingin-tingin at sabihin, ""Ahhh,"" at simulan nang tangkilikin ang mga pista opisyal kaysa maramdaman na ako'y sinalakay ng mga ito."
i tend to be a window shopper when im alone because theres always going to be a self imposed limit of one or two when im feeling naughty,2,love,"Kadalasan, kapag nag-iisa ako, nagiging window shopper ako dahil lagi akong nagtatakda ng limitasyon sa sarili na isa o dalawa kapag may gusto akong bilhin."
i go through the cycle again and again attending lessons doing tutorials feeling lethargic etc etc,0,sadness,"Uulit-ulit kong pinagdadaanan ang siklo: pagdalo sa mga aralin, paggawa ng mga tutorial, pagiging pagod, at iba pa."
i also potted up this fuchsia grown from a cutting last year my first attempt at taking cuttings and of which im feeling rather pleased with myself,1,joy,"Pinag-ukulan ko rin ng palayok ang fuchsia na ito na lumaki mula sa isang hiwa noong nakaraang taon, ang aking unang pagtatangka sa pagkuha ng mga hiwa at kung saan ako'y medyo nasiyahan sa aking sarili."
i instantly feel anxious that a police officer is going to pull me over,4,fear,Agad akong kinakabahan na tatawagin ako ng pulis.
i feel honored to have had the privilege to have met him,1,joy,Nararamdaman kong ipinagmamalaki kong nakilala siya.
i felt unfairly treated at an airport,3,anger,Naramdaman kong hindi patas ang pagtrato sa akin sa paliparan.
ive been waking up to a bladder that feels extremely unhappy and i found any type of exercise made it worse or definitely irritated it,0,sadness,Gumigising ako na parang ang bladder ko ay sobrang hindi masaya at natuklasan kong anumang uri ng ehersisyo ay lalo itong pinagpapahirap o pinag-iinitan.
i feel agitated,3,anger,Nararamdaman kong nag-a-agitate ako.
i still feel tortured by feelings or thoughts or memories,4,fear,"Patuloy akong dinudurog ng mga damdamin, iniisip, o alaala."
i loved my supervisions because i come in feeling like a dumb dumb and leave feeling so heroic as if ive accomplished something huge,0,sadness,Minahal ko ang aking mga pagmamasid dahil papasok ako na parang tanga at lalabas na parang bayani na parang nagawa ko ang isang malaking bagay.
i have to confess to feeling quite angry when i read some of the negative reviews of uses for boys some of which are basically victim blaming and slut shaming,3,anger,"Kailangan kong aminin na medyo nagalit ako nang basahin ko ang ilan sa mga negatibong review tungkol sa ""Uses for Boys,"" kung saan ilan ay tila nagpapahirap sa biktima at nagsasabing sisihin ang babae."
i trust you enough to share a pretty humiliating experience remember this and feel honoured as you guffaw at whats to come,1,joy,Naniniwala ako sa iyo sapat upang ibahagi isang medyo nakakahiya pangyayari. Tandaan ito at maramdaman ang karangalan habang tatawa ka sa darating.
i feel like im the only one there with a brain not to be rude but i refuse to sit with loud and rude people so i sit alone with just myself and a good book,3,anger,"Parang ako lang ang may utak doon, hindi ko sasabihin na bastos, pero ayaw kong maupo kasama ng mga malakas at bastos kaya nag-iisa akong nakaupo kasama ko lang ang aking sarili at isang magandang libro."
i didn t feel like i was being punished and didn t feel any pain at any time,0,sadness,Hindi ko naramdaman na pinarusahan ako at hindi ko naramdaman ang anumang sakit kahit kailan.
i want to feel useful i guess,1,joy,Gusto kong maramdaman na may silbi ako siguro.
i started to feel really confused,4,fear,Nagsimulang makaramdam ako ng malaking kalituhan.
i cant help but feel how much burdened my parents are,0,sadness,Hindi ko mapigilan ang pakiramdam na gaano kalungkot ang aking mga magulang.
i swear it felt like every single feeling of exhaustion i have had and then ignored in the last months came flooding back to me last night,0,sadness,"Pinangako ko, parang lahat ng pagod na naramdaman ko at inabala sa nakalipas na mga buwan ay bumalik sa akin kagabi."
i feel absolutely overwhelmed by it,4,fear,"Napakalakas ng aking nararamdaman, parang nababalot ako nito."
i need to act cool act unconcern to him so that he wont feel he is special he is appreciated so that i feel safe that he couldnt see the truth sides of me im so tired of covering all the real feelings,1,joy,"Kailangan kong kumilos nang cool, parang walang pakialam sa kanya para hindi niya maramdaman na espesyal siya, na pinahahalagahan siya, para ako ay makaramdam ng ligtas na hindi niya nakikita ang tunay kong panig. Napagod na ako sa pagtatago ng lahat ng tunay kong damdamin."
i didnt feel scared at all,4,fear,Hindi ako nadama ang takot man lang.
i discussed previously in my last blog post how apprehensive audiences have become towards bathrooms they automatically feel nervous which has become a fantastic trope for horror fiction,4,fear,"Tinalakay ko na noon sa aking huling blog post kung paano na naging maingat ang mga manonood sa mga banyo, agad silang nakakaramdam ng kaba, na naging isang mahusay na tema para sa mga kathang-isip na horror."
i put my knitting down and covered my ears with my hands trying to minimize the feeling of being assaulted,4,fear,"Iniwan ko ang aking pag-knit at takipin ang aking tenga gamit ang aking mga kamay, sinusubukang bawasan ang pakiramdam na inaatake."
i was told it would make my arms go numb but i didnt feel anything numb about it as they pricked my arm with their so called baby iv,0,sadness,Sinabi sa akin na magpapa-numb ang aking mga braso ngunit hindi ko naramdaman ang anumang numbness habang pinipitik nila ang aking braso gamit ang kanilang tinatawag na baby IV.
i feel i must write you owls until i am fearless and brave,1,joy,Nararamdaman kong kailangan kong sumulat sa iyo ng mga liham hanggang sa maging matapang at mapaglabanan ako.
i love seeing what books resonate with my girls i love seeing their faces grow serious when characters face complications trials and obstacles and i love the discussions that come out of reading time as we talk about main ideas how the books made us feel and what may have surprised us,4,fear,"Gustung-gusto kong makita kung anong mga libro ang tumutugon sa aking mga anak na babae. Gustung-gusto kong makita ang kanilang mga mukha na nagiging seryoso kapag ang mga tauhan ay nakaharap sa mga komplikasyon, pagsubok, at hadlang, at gustung-gusto kong marinig ang mga talakayan na lumalabas sa oras ng pagbabasa habang pinag-uusapan natin ang mga pangunahing ideya kung paano tayo naimpluwensyahan ng mga libro, at"
i feel it is equally important that you know i do have a passionate side that gets lit up every now and then and you are bound to see it,1,joy,Nararamdaman ko na mahalaga rin na malaman mo na mayroon akong isang masiglang panig na minsan ay nagniningning at tiyak na makikita mo ito.
i have a feeling this will be a good soap for january,1,joy,May kutob akong magiging magandang sabon ito para sa Enero.
i asked him how it felt to be under a flogger wielded by me he said it made him feel more submissive to me that he was more and more mine at least for the night,0,sadness,"Itinatanong ko sa kanya kung paano ang pakiramdam na nasa ilalim ng flogger na hawak ko, sinabi niya na mas nakakaramdam siya ng pagsunod sa akin, na mas at mas akin siya kahit na para lamang sa gabi."
i love the feel of his lips on mine how i feel so safe in his arms even though im older i just love how i feel and who i am when i am with him,1,joy,"Mahal ko ang pakiramdam ng kanyang mga labi sa akin, gaano ko nararamdaman ang kaligtasan sa kanyang mga bisig kahit na mas matanda ako, mahal ko lang ang pakiramdam at kung sino ako kapag kasama ko siya."
im taking this to heart and feel that the gentle age of is the perfect time and place to engage in some fearlessness and wholesale change,2,love,Iniisip ko nang mabuti ito at nararamdaman kong ang mahinahong panahon ng pagtanda ay ang perpektong oras at lugar upang magkaroon ng katapangan at malawakang pagbabago.
i know that car enthusiasts are a bit tribal and youre all starting to feel suspicious about a car journalist whos turned to the dark side but dont worry i still prefer four wheels to two,4,fear,"Alam kong medyo tribal ang mga mahilig sa kotse at nagsisimula kayong mag-alinlangan sa isang manunulat ng kotse na lumipat sa ""dark side"" pero huwag mag-alala, mas gusto ko pa rin ang apat na gulong kaysa dalawa."
i feel sure that i wouldnt have gained so much weight without the help of bipolar medications,1,joy,Sigurado akong hindi ako magkakaroon ng ganitong timbang kung hindi dahil sa mga gamot para sa bipolar disorder.
i feel as though the past two months have been a strange waking hour upon the even stranger dream of everything my years in wisconsin were and were not,4,fear,"Parang dalawang buwan na ang nakalipas ay isang kakaibang paggising sa kakaibang panaginip ng lahat ng aking karanasan sa Wisconsin, kung ano ito at kung ano hindi."
im gonna stop him from bugging me and get a license yes feeling very very determined right now insyallah by end of next year,1,joy,"Tititigil na ako sa pagistorbo niya at kukuha ng lisensya, oo, sobrang determinado ako ngayon, insyallah, bago matapos ang susunod na taon."
i feel out of longing is actually being sublimed,2,love,Nararamdaman kong ang pagkahumaling ay talagang pinagmumulan ng pagpapahalaga.
i deprive myself of everything nice i end up cracking feeling terrible for eating something bad and in turn eat more of it,0,sadness,"Pinagkaitan ko ang sarili ko ng lahat ng maganda, at sa huli ay nababasag ako, nadarama ang kasuklam-suklam dahil kumain ng masama at sa kabilang banda ay kumakain pa ng higit pa rito."
i could compare john fullbright to a lot of people to try to give you some reference points but i feel like that does him a disservice as soon as you think oh hes like fill in the blank suddenly hes not,0,sadness,"Maaari kong ihambing si John Fulkbright sa maraming tao upang bigyan kayo ng mga sanggunian ngunit nararamdaman kong ito ay hindi maganda para sa kanya dahil sa sandaling isipin ninyo na siya ay gaya ng puno ng patlang, bigla na lamang siya ay hindi na iyon."
i always feel rushed on the way to visit no comments,3,anger,"Lagi akong nadaramaang nagmamadali papunta sa pagbisita, walang komento."
i have been really feeling my age and beyond this week i thought a gentle reminder was in order,2,love,"Nararamdaman ko talaga ang aking edad ngayong linggo, kaya naisip kong magandang paalala ang kailangan ko."
i feel thankful for,1,joy,Nararamdaman kong nagpapasalamat ako para sa.
i thank him when i feel so utterly defeated,0,sadness,Nagpapasalamat ako sa kanya kapag ako'y lubos na natatalo.
im already rereading what i just wrote and feeling like im portraying my sweet girl as a brat,2,love,Binabasa ko na naman ang aking isinulat at parang ginagawang bading ang aking matamis na anak na babae.
i feel like a savage when i eat meat but i wouldve eaten my own hand if i couldnt have some of that turkey,3,anger,"Parang ligaw na hayop ako kapag kumakain ako ng karne, pero kakainin ko ang sariling kamay ko kung hindi ako makakatikim ng manok."
i feel so lucky i know that we are in a minority,1,joy,"Napakaswerte ko, alam kong tayo ay nasa minorya."
im gradually feeling a little irritated with how pacified all these people can be at present until i wish to just disappear and let them coordinate their own nonsense sometimes,3,anger,unti-unti akong nakakaramdam ng kaunting inis sa kung gaano kalakas ang pagiging mapayapa ng mga tao ngayon hanggang sa sana ay mawala na lang ako at hayaan silang mag-ayos ng kanilang sariling kalokohan minsan.
i feel rejected like i dont belong to the circle those circles that i realised i never was comfortable there,0,sadness,"Nararamdaman kong tinatanggihan, parang hindi ako kabilang sa grupo, sa mga grupo na napagtanto kong hindi ako komportable noon pa man."
ive been hanging around younger people and when i am with them i feel like im but when i see the photos of us together i am suddenly shaken to see just how old i look,4,fear,"Naglalaro ako ng paligid ng mga kabataan at kapag kasama ko sila, parang bata rin ako; ngunit kapag nakikita ko ang mga larawan namin magkasama, biglang nababigla ako sa aking itsura, gaano na pala ako tanda."
i begin feeling remorseful for not being more selfless and spreading the gospel,0,sadness,Nagsisimula akong maramdaman ang pagsisisi dahil hindi ako masyadong mapagkumbaba at hindi ko ipinalaganap ang ebanghelyo.
i wake up feeling kind of dazed and groggy,4,fear,Gumising ako na parang medyo naliligaw at antok pa.
i still feel quite amazed at how silent snow is compared to rain,4,fear,Nakakagulat pa rin kung gaano katahimik ang niyebe kumpara sa ulan.
i feel really honored to be given the opportunity to tell my story,1,joy,Nararamdaman kong lubos na karangalan na maibigay sa akin ang pagkakataong ibahagi ang aking kwento.
i guess im a tough woman but i feel delicate,2,love,"Siguro matatag ako bilang babae, pero nararamdaman kong mahina."
i dont know who i like i feel so bitchy and flirty,3,anger,"Hindi ko alam kung sino ang gusto ko, parang masungit at manliligaw ako."
i was feeling threatened that it might be taken away from me,4,fear,Nararamdaman kong nababahala dahil baka mawala ito sa akin.
i feel them gnawing out holes all throughout my flawless soul,1,joy,Nararamdaman kong kumakain sila ng mga butas sa buong aking perpektong kaluluwa.
i feel a bit dumb,0,sadness,Nararamdaman kong medyo bobo.
ive moved to northern saskatchewan i feel truly victimized,0,sadness,Lumipat ako sa hilagang Saskatchewan at nararamdaman kong tunay na biktima.
i have the feeling that she was the super agent we even found out that while she is good at shooting she is not good at shooting at a moving truck,1,joy,"Nararamdaman kong siya ang super ahente, at natuklasan pa natin na kahit magaling siyang magbaril, hindi siya magaling magbaril sa isang gumagalaw na trak."
i feel so unimportant to all of them they all have more special friends partners etc in their lives,0,sadness,"Nararamdaman kong hindi ako mahalaga sa kanila, lahat sila ay may mas espesyal na mga kaibigan, mga karelasyon, at iba pa sa kanilang buhay."
im happy to have finished the script s its good to have a feeling of accomplishment but im feeling rather discontent,0,sadness,"Masaya akong natapos ang script, maganda ang pakiramdam ng pagkumpleto, pero medyo hindi ako kontento."
im feeling more lively now,1,joy,Masigla na ako ngayon.
i guess im just really feeling the heat lately and sweet baby rays buffalo sauce brings it baby,1,joy,Siguro sobrang init lang talaga ang nararamdaman ko ngayon at ang Sweet Baby Ray's Buffalo sauce ay talagang nakakabighani.
i was put on a less powerful pain med drip but i didnt feel out of control so i liked that drug better,2,love,Inilagay ako sa mas mahina pang gamot laban sa sakit ngunit hindi ako nakaramdam ng pagkawala ng kontrol kaya mas gusto ko ang gamot na iyon.
i lay in bed on tuesday night feeling terrible,0,sadness,"Nakahiga ako sa kama noong Martes ng gabi, pakiramdam ko ay masama."
i feel pressured in social situations yes but not as much anymore i love my body enough to not abandon it for the sake of someone else s beliefs,4,fear,"Nararamdaman ko pa rin ang presyur sa mga sosyal na sitwasyon, oo, pero hindi na gaanong malakas. Mahal ko ang aking katawan sapat na para hindi ko ito iiwan dahil sa paniniwala ng iba."
i guess his widow was feeling generous when she packed it up,2,love,Siguro'y ang biyuda niya ay nagkaroon ng malaking kabutihan nang ihanda niya ito.
im sick of the fact that in the few and far between times i feel i can depend on someone because i am so stubborn and proud never want t but sometimes it happens they let me down,3,anger,"Nasasakitan ako sa katotohanang sa mga bihirang pagkakataon na nararamdaman kong maaasa ako sa isang tao dahil sa aking pagiging matigas ang ulo at mapagmataas, ayaw kong humingi ng tulong ngunit minsan nangyayari silang magdisappoint."
i feel very triumphant another personal mini goal accomplished,1,joy,"Nararamdaman kong sobrang tagumpay, isa pang personal na maliit na layunin ang natapos."
i was feeling excited and motivated,1,joy,Nararamdaman kong masaya at determinado.
i kept quiet feeling a little foolish that i had been too quick to jump into conclusion,0,sadness,"Tumahimik ako, nararamdaman ang kaunting kahihiyan dahil mabilis akong nag-jump sa konklusyon."
i feel assured that this is gods plan for me,1,joy,Nakakatiyak ako na ito ang plano ng Diyos para sa akin.
i could only describe as feeling like there s something moving inside you it s not pleasant but it s nothing like true cramps impossible to describe unless you ve been poked from the inside out,1,joy,"Parang may kumikilos sa loob mo, hindi maganda ang pakiramdam pero hindi katulad ng tunay na pananakit ng regla, mahirap ipaliwanag maliban kung naranasan mo nang tinusok mula sa loob palabas."
i never had the pleasure of meeting him but i feel like i know him through his popular weekly newspaper column the ridgerunner report by jim solberg,1,joy,"Hindi ko naranasan ang kasiyahan na makilala siya, ngunit parang kilala ko na siya sa pamamagitan ng kanyang sikat na lingguhang kolum sa pahayagan, ang Ridgerunner Report ni Jim Solberg."
i feel so curious why she add me back,4,fear,Napakusya ko kung bakit siya nag-add back sa akin.
i have all of that obviously because of what i do on youtube and my blog and while i have a ton i like that i can feel ok about it because i have it managed in a nice and organized way,1,joy,"Mayroon akong lahat ng iyon, siyempre, dahil sa ginagawa ko sa YouTube at blog ko, at kahit na marami ako, nakakaramdam ako ng maganda dahil maayos at organisado ang aking mga bagay."
i feel pressured to say something,4,fear,Nararamdaman kong may presyur na magsalita.
i got to feel our sweet girl kick in my belly and he never had that intimacy with her,2,love,"Nakaramdam ako ng pagkiskis ng aming matamis na anak sa aking tiyan, isang intimacy na hindi niya naranasan."
i feel like an explorer in my own life radiant woman photography a href http lightsync,1,joy,"Nararamdaman kong parang isang eksplorador sa aking sariling buhay, radiant woman photography, <a href=""http://lightsync"">lightsync</a>."
i would feel fearful of being killed by other mistresses,4,fear,Matatakot akong mamatay dahil sa ibang babaeng nagmamahal sa kanya.
i love the idea of the white blouse under the jumper because i feel the jumper would be too boring without a collar and with the pink spiked necklace underneath the collar i think this would give the jumper a nice touch,0,sadness,"Gustung-gusto ko ang ideya ng puting blusa sa ilalim ng jumper dahil sa tingin ko ay magiging masyadong boring ang jumper nang walang kwelyo, at dahil mayroong pulang kwintas na may tinik sa ilalim ng kwelyo, akala ko magbibigay ito ng magandang detalye sa jumper."
i ought to consider this change a wee bit of a little step backward but i am feeling so much more afraid than i should be,4,fear,"Dapat kong tingnan itong pagbabago bilang isang maliit na hakbang pabalik, ngunit nararamdaman kong mas natatakot ako kaysa dapat."
i made it for when i was feeling affectionate,2,love,Ginawa ko ito noong nararamdaman kong mapagmahal.
i couldn t help but feel like this was warsaw in a nutshell gorgeous spaces with dark shadows that sometimes creep up on you but that are never around for long before the sun returns to push them back again,1,joy,Hindi ko mapigilan ang pakiramdam na ito ang Warsaw sa isang talata: magagandang espasyo na may madilim na anino na minsan ay sumisilip ngunit hindi matagal bago bumalik ang araw upang itaboy sila muli.
i dunno being around him makes me feel like a startled rabbit,4,fear,"Hindi ko alam, pero kapag nasa paligid niya ako, parang isang natakot na kuneho ako."
i just feel so dirty,0,sadness,Nararamdaman ko lang na sobrang marumi.
i dont know why but i feel emotionally assaulted by this fact,4,fear,"Hindi ko alam kung bakit, pero nararamdaman kong emosyonal na sinalakay ng katotohanang ito."
i must say i do feel troubled a href http emillionstars,0,sadness,"Dapat kong sabihin, nararamdaman ko ang pag-aalala."
ive been doing and still not feeling good enough but greater,1,joy,Nagsisikap ako at patuloy pa rin akong hindi nakakaramdam ng sapat na maganda ngunit mas malaki.
i feel the only news which soothes the troubled minds is the news from uk,0,sadness,Nararamdaman kong ang tanging balita na nakakapamuksang sa mga nag-aalalang isipan ay ang balita mula sa UK.
i feel so sorry for you your family and friends,0,sadness,"Napakasad ako para sa iyo, sa iyong pamilya, at mga kaibigan."
i just feel so listless and lost,0,sadness,Nararamdaman ko lang na sobrang walang gana at nawawala.
when i happen to witness some sadistic acts,3,anger,Kapag nakasaksi ako ng ilang masamang kilos.
i feel pretty confident giving endless opinons about,1,joy,Nararamdaman kong medyo sigurado ako sa pagbibigay ng walang hanggang opinyon tungkol sa
i feel valued scores tracking terribly low,1,joy,"Nararamdaman kong pinahahalagahan, ngunit ang mga marka ay mababa nang mababa."
i feel like i am totally trusting someone my soul cannot submit to that and so walls go up and the restlessness never ends,1,joy,"Nararamdaman kong lubos kong pinagkakatiwalaan ang isang tao, ngunit ang aking kaluluwa ay tumatanggi, kaya't lumalaki ang mga pader at ang kawalan ng katahimikan ay hindi nagtatapos."
im listing some reference verses to look up and read to remind you when thoughts and feeling of rejection haunt you that you are a beloved child of god,2,love,Ini-lilista ko ang ilang talata na maaaring tingnan at basahin upang paalalahanan ka kapag ang mga iniisip at damdamin ng pagtanggi ay sumisira sa iyo na ikaw ay isang mahal na anak ng Diyos.
i mean i feel i feel like the i feel the burden i cant breathe and suddenly im terrified of october what have i been doing the past weeks,4,fear,"Ibig sabihin, nararamdaman ko, parang may mabigat na pasan ako, hindi ako maka-hinga at bigla akong natatakot sa Oktubre. Ano ba ang aking ginawa sa nakalipas na mga linggo?"
i really feel deprived,0,sadness,Tunay akong nararamdaman ang kakulangan.
i happened to see the videotape movie this is america part one at my friends place,3,anger,"Nakita ko nang aksidente ang videotape movie na ""This is America"" Part One sa bahay ng aking kaibigan."
i have the right to feel jealous naman to think na theres no us to begin with,3,anger,"May karapatan akong magkaroon ng inggit, isipin mo nga, wala namang tayo simula pa lamang."
i feel when i have to sit alone,0,sadness,Nararamdaman ko kapag kailangan kong umupo mag-isa.
ive been on a bike and this bike it feels kind of strange,4,fear,Nakasakay ako ng bisikleta at kakaiba ang pakiramdam nito.
i feel a little strange recommending this one because i wrote the first night marshal book and invited glenn to write the second,4,fear,Nararamdaman kong kakaiba ang pagrerekomenda nito dahil ako ang sumulat ng unang aklat na Night Marshal at inanyayahan si Glenn na sumulat ng ikalawa.
i had already decided i liked this guy enough that i didn t want him to die but more and more i got the sinking feeling that very soon after his company walked through the door this guy that i already liked was going to die a horrible death,2,love,Napagdesisyunan ko nang gusto ko siya sapat na ayaw kong mamatay siya ngunit lalong lumalakas ang pakiramdam kong malapit nang mamatay siya ng isang nakakatakot na kamatayan pagkatapos ng kumpanya niya pumasok sa pinto.
i remember feeling terrified around plants back when i was a kid,4,fear,Naalala ko ang pakiramdam ng takot sa mga halaman noong bata pa ako.
i feel totally disillusioned with med school with london but most especially with my uni,0,sadness,"Napakalungkot ko sa med school sa London, lalo na sa aking unibersidad."
i am not wishing november away or trying to forget about thanksgiving but i need to be mindful of what really matters when i feel overwhelmed,4,fear,"Hindi ako nagnanais na mawala ang Nobyembre o subukang kalimutan ang Araw ng Pagpapasalamat, ngunit kailangan kong maging maingat sa mga bagay na tunay na mahalaga kapag nararamdaman kong nalulubog."
i feel all greedy,3,anger,Gusto kong lahat.
i feel honoured to have readers who understand and will incorporate it into their sport,1,joy,Nararamdaman kong iginagalang na may mga mambabasa na nauunawaan at isasama ito sa kanilang palakasan.
i feel so rude saying i ll get back to you cause shes so nice and needs me but i d prefer to work in a href http www,3,anger,"Nararamdaman kong bastos sabihin na babalik ako dahil siya ay napakabait at nangangailangan sa akin, pero mas gusto kong magtrabaho sa  <a href=""http://www"">www</a>."
im feeling a little melancholy tonight days ago,0,sadness,"Nararamdaman ko ang kaunting kalungkutan ngayong gabi, ilang araw na ang nakalipas."
i ended the episode feeling really pissed,3,anger,Nagtapos ako ng episode na sobrang galit.
i feel like i am ok at least i pray every night that i am,1,joy,"Nararamdaman kong mabuti ako, kahit na lagi akong nananalangin tuwing gabi."
i feel distracted and its sometimes hard to talk to god and that used to be second nature to me,3,anger,"Nararamdaman kong nababalot ng distraksiyon at minsan mahirap makipag-usap kay Diyos, dati'y parang pangalawang kalikasan na iyon sa akin."
i came down into the kitchen of my childhood still in a dream i was like a mini baby on the kitchen table and i told my mother that she should expect to get this kind of a damaged child because she was so narrow and unwilling to feelings and emotional support,0,sadness,"Bumaba ako sa kusina ng aking pagkabata, parang nasa panaginip pa rin ako. Parang maliit na sanggol ako sa lamesa at sinabi ko sa aking ina na dapat siyang mag-asahan ng ganitong uri ng nasirang bata dahil siya ay masyadong makitid at ayaw sa damdamin at emosyonal na suporta."
im feeling it would be obnoxious,3,anger,Nararamdaman kong magiging bastos iyon.
i feel vain when reporting everyday happenings in my life,0,sadness,Nararamdaman kong mapagmamalaki kapag iniuulat ang pang-araw-araw na pangyayari sa aking buhay.
i put these to one side and focus on the following version of the shameful revelations allegation even in an ideal egalitarian society having to reveal to the state that one is untalented would cause citizens to feel ashamed,0,sadness,"Inihiwalay ko ang mga ito at pinagtuunan ng pansin ang sumusunod na bersyon ng akusasyon tungkol sa kahihiyang mga paghahayag, kahit na sa isang perpektong pantay-pantay na lipunan, ang pagpapahayag sa estado na hindi talentoso ay magdudulot ng kahihiyan sa mga mamamayan."
i feel valued by just contributing what i know of and share what id discovered with others,1,joy,Nararamdaman kong pinahahalagahan ako sa pamamagitan lamang ng pagbabahagi ng aking kaalaman at ng mga natuklasan ko sa iba.
i watched a football match with my old friend the performance of the team was very good and the team members were full of spirit the match was excellent and every time a goal was scored i felt excited,1,joy,"Nanood ako ng football match kasama ang aking matandang kaibigan, ang pagganap ng koponan ay napakahusay at puno ng sigla ang mga miyembro nito. Ang laban ay kahanga-hanga at tuwing may iskor, nararamdaman kong nag-e-excite."
i don t want to feel dissatisfied i want to feel happy and fulfilled i don t want to feel i am lacking of something or nothing at all life would be so emptied,3,anger,"Ayaw kong maramdaman ang kawalan ng kasiyahan, gusto kong maging masaya at kontento. Ayaw kong makaramdam na kulang ako ng isang bagay o wala man lang. Magiging walang laman ang buhay."
i got when i went home sick today i m still feeling a bit shaky and for david helping me fix the broken handrail on the basement stairs,4,fear,"Nang umuwi ako kanina dahil may sakit, medyo nahihilo pa rin ako ngayon, at salamat kay David dahil tinulungan akong ayusin ang nasirang hagdanan sa hagdan ng basement."
i feel like weve been doomed from the start and yet were still together two years later,0,sadness,"Parang pinagtagpo tayong magkakasama mula pa noong simula, ngunit dalawang taon na ang nakalipas, tayo'y nanatili pa rin."
i dont know why but lately i feel so dissatisfied,3,anger,"Hindi ko alam kung bakit pero kamakailan, nararamdaman kong sobrang hindi kontento."
i can feel my stomach aching and grumbling,0,sadness,Nararamdaman kong sumasakit at umuungol ang aking tiyan.
i feel like at the moment with all the things to do and worry about and organise and because he is so supportive i have let myself forget to give him the attention he deserves,2,love,"Nararamdaman ko ngayon na dahil sa maraming dapat gawin, alalahanin, at ayusin, at dahil sa kanyang suporta, nakalimutan kong bigyan siya ng pansin na nararapat niya."
i feel the compulsion to get low,0,sadness,Nararamdaman kong may pagnanais na bumaba.
i know how u feel i hated how people say to just stop thinking about it but try to get help and distract yourself also try to get ur anxiety out in a healthy or helpful way,0,sadness,"Alam ko kung ano ang nararamdaman mo. Ayaw ko rin sa mga sinasabi nilang basta ihinto na lang ang pag-iisip tungkol dito, subukan mong humingi ng tulong at mag-distract ka rin. Subukan din na ilabas ang iyong anxiety sa isang malusog o makabuluhang paraan."
i feel discouraged and beaten down i do better when i can pray about it obviously and then call my mama and friends,0,sadness,"Nararamdaman kong nabigo at pagod. Mas mabuti ako kapag maaring manalangin tungkol dito, at saka tumawag sa aking ina at mga kaibigan."
i feel less agitated but a bit more sad sometimes,3,anger,Nararamdaman ko ang pagbaba ng aking pag-aalala ngunit minsan ay nadarama ko ang kaunting kalungkutan.
i miss the feeling of loving,2,love,Namimiss ko ang pakiramdam ng pagmamahal.
i had been chained up well time was hard to gauge i had been flogged pierced cut blind folded had hot wax put onto me and deprived of light and sound for periods but never did i feel abused,0,sadness,"Nakakadena ako nang matagal, mahirap sukatin ang panahon. Pinagpagalitan, pinarusahan, pinag-ukit, pinabulag, nilagyan ng mainit na kintsay, at pinagkaitan ng liwanag at tunog sa ilang panahon, ngunit hindi ko naramdaman na niloloko ako."
i have chose for myself that makes me feel amazing,1,joy,Pinili ko para sa aking sarili ang bagay na nagpapasaya sa akin.
i become aware that i m feeling impatient and thinking things are not going fast enough i can choose to change my thinking and remind myself that god s timing is perfect,3,anger,Napagtanto ko na nagiging mapagbiro na ako at iniisip na hindi sapat na mabilis ang mga bagay. Maaari akong pumili na baguhin ang aking pag-iisip at paalalahanan ang aking sarili na perpekto ang panahon ng Diyos.
im spending every day waiting to hear from you and feeling like an idiot for caring,2,love,Gumagastos ako ng bawat araw na naghihintay na marinig mula sa iyo at nararamdaman na parang tanga dahil nag-aalala ako.
i ended up feeling really proud of the final product,1,joy,Naging lubos akong mapagmamalaki sa huling produkto.
i cry at the feeling of the suffering of mankind as i have to let go and let the pain flow,0,sadness,Umiiyak ako sa damdamin ng pagdurusa ng sangkatauhan habang kailangan kong bitawan at hayaan ang sakit na dumaloy.
when my grandmother came to stay with us permanently as she is a very difficult person to stay with and when she started telling false stories about us to other people,3,anger,Nang dumating ang aking lola upang manirahan sa amin nang permanente dahil siya ay mahirap pakasama at nang magsimula siyang magkwento ng mga kasinungalingan tungkol sa amin sa iba.
i discovered this song called bring me flowers by hope and as beautiful as it is i cant help to feel melancholy whenever i listen to it,0,sadness,"Natuklasan ko itong kanta na ""Bring Me Flowers"" ni Hope at kahit gaano kaganda ito, hindi ko mapigilang maramdaman ang kalungkutan tuwing nakikinig ako."
i feel insecure around people who i marvel at people who humble me,4,fear,Nararamdaman kong hindi ako komportable sa mga taong aking hinahangaan at ang mga taong nagpapababa sa akin.
i just take control and baby when you kiss my lips and when you kiss my thighs you got me think of the perfect sh t and it always feel so tender and mild when you got your love in between mines,2,love,"Ako lang ang kukuha ng kontrol at baby, kapag hinalikan mo ang aking mga labi at mga hita, ikaw ang nagpapaisip sa akin ng perpektong bagay at lagi itong pakiramdam na napaka-malambot at banayad kapag ikaw ay may pag-ibig sa pagitan ng akin."
im feeling so devastated by losing something that others may see as trivial my god takes on that weight as if it was his own,0,sadness,"Napakasakit ng pakiramdam ko dahil nawala ang isang bagay na maaaring itinuturing na walang halaga ng iba, ngunit ang Diyos ko ay tinatanggap ang bigat nito parang sarili niyang pasanin."
i feel humiliated to introduce you to my colleagues as my wife,0,sadness,Nahihiya akong ipakilala ka sa aking mga kasamahan bilang aking asawa.
ive been hearing about too many things happening back i singapore and it gets me feeling irritated and depressed about not being able to be there,3,anger,Naririnig ko ang maraming nangyayari sa Singapore at ito ay nagpapasakit at nagpapa-depress sa akin dahil hindi ako makakapagpunta roon.
im just feeling very delicate today,2,love,Napaka-delikado lang ng pakiramdam ko ngayon.
i feel pleased too that i am supporting people with small businesses who work from home buying gifts that have been made with care and talent,1,joy,Masaya rin ako na nakakatulong ako sa mga taong may maliit na negosyo na nagtatrabaho mula sa bahay sa pamamagitan ng pagbili ng mga regalo na ginawa nang may pagmamahal at talento.
i learned about taking a dip in the dating pool its that in relationships its always better to feel surprised than disappointed,4,fear,"Natutunan kong tungkol sa paglangoy sa pool ng pag-ibig, na sa mga relasyon, mas mabuti pang magulat kaysa ma-disappoint."
i am still trying to find my footing and after three years in i feel just as shaky as ever,4,fear,"Patuloy pa rin akong naghahanap ng aking kapantay at matapos ang tatlong taon, nararamdaman ko pa rin ang pagkakatimbang."
i don t want to feel frustrated about this anymore,3,anger,Ayaw ko nang makaramdam ng pagkabigo tungkol dito.
i feel like i was abused raped defiled,0,sadness,"Nararamdaman kong nilinlang, binastos, at sinaktan."
i feel so remorseful for doing this to him,0,sadness,Napakasakit ng pakiramdam ko dahil ginawa ko ito sa kanya.
i feel very helpless if i do not have any goal to reach nothing to achieve,4,fear,"Napakaraming kawalan ng saysay at pag-asa kapag wala akong layunin na abutin, wala akong maiaambag."
on the way down a ski slope which was difficult and steep,4,fear,habang bumababa sa isang mahirap at matarik na ski slope
i started feeling a bit homesick with the mention of mulligans name,0,sadness,Nagsimulang ma-miss ko ang tahanan nang banggitin ang pangalan ni Mulligan.
i could at least count it i didnt feel as frantic while the group followed the bird as it moved north through the trees,4,fear,"Maaari ko sana itong bilangin, hindi ko naramdaman ang pagkabalisa habang sinusundan ng grupo ang ibon habang ito'y lumilipad pakanluran sa mga puno."
i am feeling rather vain today because my hair looks good and so i have decided to do an entire post about beauty products,0,sadness,Nararamdaman kong medyo mapagmataas ngayon dahil maganda ang aking buhok kaya nagpasya akong gumawa ng buong post tungkol sa mga produkto ng kagandahan.
i feel like life gave me a plenty of changes to shine and i pissed all over each and every one of them,3,anger,"Parang binigay ng buhay sa akin ang maraming pagkakataon para mag-shine, pero pinag-iwanan ko lahat."
i cant get traction and start feeling tortured by time as my friend denise puts it,4,fear,"Hindi ako makakuha ng momentum at nagsisimula nang makaramdam ng pagdurusa dahil sa oras, gaya ng sinasabi ni Denise, aking kaibigan."
im feeling very grumpy this week but its not just my annual outbreak of ptpt pre te pouhere tension there has surely been a great deal to be grumpy about this week,3,anger,"Masama ang pakiramdam ko ngayong linggo, pero hindi lang ito ang aking taunang pagsabog ng PTPT pre-te pouhere tension. Mayroong maraming dahilan upang maging magrumpy ngayong linggo."
im not mistaken all the thai business leaders at the dinner feel ashamed about the setbacks that have held thailand back from its full potential,0,sadness,"Hindi ako nagkakamali, lahat ng Thai business leaders sa hapunan ay nakaramdam ng hiya dahil sa mga pagkatalo na pumigil sa Thailand na makamit ang buong potensyal nito."
i even feel valuable as a person,1,joy,Nararamdaman ko rin ang aking halaga bilang isang tao.
i looked back at her feeling myself desperately curious,4,fear,"Tumingin ako pabalik sa kanya, nararamdaman ang aking matinding pag-uugnay."
i feel completely unsure of any boundaries or normalcy,4,fear,Hindi ako sigurado kung saan nagsisimula at nagtatapos ang mga hangganan o kung ano ang normal.
i know many of my readers are also non make up wearers and i know we sometimes feel a longing to at least do something to touch ourselves up,2,love,Alam kong marami sa aking mga mambabasa ay hindi rin gumagamit ng make-up at alam kong minsan nadarama natin ang pagnanais na kahit papaano ay magpaganda o mag-ayos sa ating sarili.
when i couldnt find my dog which was missing,0,sadness,Nang hindi ko mahanap ang aking aso na nawawala.
i tend to be a little more relaxed with our days im forced to be a bit more flexible with toddlers but a lot of days im left feeling frustrated that i didnt get more done,3,anger,"Madalas akong maging mas komportable sa ating araw, napipilitan akong maging mas maluwag dahil sa mga bata, ngunit marami akong araw na nararamdaman ang pagkabigo dahil hindi ko nagawa ang mas marami."
i feel somehow regretful,0,sadness,Nararamdaman kong may kaunting pagsisisi.
i feel privileged and honored to be able to represent my college in such a prestigious event,1,joy,Nararamdaman kong lubos ang karangalan at pribilehiyo na makatanggap ng pagkilala at maibigay ang representasyon ng aking kolehiyo sa isang ganitong prestihiyosong okasyon.
i wonder if he feels like i dont care about him when i stop caring about me,2,love,Nagtataka ako kung nararamdaman niya na hindi ko siya pinapansin kapag tumigil na akong mag-alaga sa sarili ko.
im just feeling sort of lame and lonely,0,sadness,Parang medyo mahina at nag-iisa lang ako ngayon.
i cant help but feel a bi jealous of their professional organization good support system and comfortable living situation,3,anger,"Hindi ko mapigilan ang pakiramdam na medyo mainggit sa kanilang maayos na organisasyon sa propesyon, mabuting sistema ng suporta, at komportableng pamumuhay."
i feel very apprehensive to adopt labels and to even identify myself as queer it seems that im still quite unclear on that subject and it keeps me feeling separate from the queer community like joel,4,fear,Nararamdaman kong lubhang kinakabahan na tanggapin ang mga label at kahit na tukuyin ang aking sarili bilang queer. Parang hindi pa ako lubos na malinaw tungkol doon at ito'y nagpaparamdam sa akin na hiwalay sa komunidad ng queer gaya ni Joel.
i came away feeling a bit sympathetic for her because i don t think she had a chance to do anything besides what she is doing,2,love,Umalis ako na may kaunting awa sa kanya dahil hindi ko akalaing may pagkakataon siyang gawin ang iba kundi ang ginagawa niya ngayon.
i smiled to myself musing probably feeling superior just as i felt somehow superior to all these fresh scrubbed college folks off to slum among the huddled masses,1,joy,"Ngumiti ako sa aking sarili habang iniisip, marahil nadarama ang aking pagiging mas mataas, gaya ng nararamdaman ko sa aking pagiging mas mahusay kaysa sa lahat ng mga bagong linis na mga estudyante na pupunta sa mga mahihirap na lugar upang makihalubilo sa mga nagtitipon-tipon na masa."
i have to admit i am afraid that i cannot do that one thing that can make you feel contented,1,joy,"Kailangan kong aminin, natatakot akong hindi ko kayang gawin ang isang bagay na magpapasaya sa iyo."
i feel privileged to have read this work as it fulfilled everything i want out of a book,1,joy,Nararamdaman kong isang karangalan na nabasa ko ang akdang ito dahil natupad nito ang lahat ng aking inaasahan mula sa isang libro.
i feel privileged to call them my cousins,1,joy,Nararamdaman kong pinagpala na tawagin silang aking mga pinsan.
i feel like im name dropping but its just that i am so thrilled at how many beautiful and talented people there are in this world and how many of them seemed to have congregated in rhinebeck this weekend,1,joy,Parang nag-name drop ako pero sobrang saya ko lang sa dami ng magaganda at may talento sa mundo at tila nagtitipon sila sa Rhinebeck ngayong weekend.
i get angry at myself when i feel bitter,3,anger,Nagagalit ako sa sarili ko kapag nararamdaman kong mapait.
i feel that more people ought to use percolated as a synonym for horny,2,love,"Nararamdaman kong dapat gamitin ng mas maraming tao ang ""percolated"" bilang salitang pamalit sa ""horny."""
i feel incredibly nervous about it,4,fear,Napakakaba ko talaga tungkol dito.
i still feel i have a very long way to go before i can call myself a joyful homemaker,1,joy,Nararamdaman ko pa rin na malayo pa ako bago ko masasabing isang masayang tahanan.
i just got back from our monthly quilt meeting and i am feeling inspired,1,joy,Kanina lang ako bumalik mula sa aming buwanang pulong ng pagtahi ng kumot at nararamdaman kong inspirasyon.
i feel like i should be ecstatic and i just want to cry all the time,1,joy,Parang dapat akong masaya at sobra akong gustong umiyak lagi.
i started to feel cold,3,anger,Nagsimulang akong maramdaman ang lamig.
i feel helpless and lacking right at this moment all i want to do is go to edmonton and then wainwright and look after david,0,sadness,"Nararamdaman kong walang magawa at kulang ako ngayon, ang gusto ko lang ay pumunta sa Edmonton at saka Wainwright para alagaan si David."
i suspect this is a big reason why so many on screen interactions feel so fake,0,sadness,"Akala ko, isa itong malaking dahilan kung bakit marami sa mga pakikipag-ugnayan sa screen ay parang pekeng-peke."
i feel the weight of emotional issues much more now,0,sadness,Nararamdaman ko ngayon ang bigat ng mga emosyonal na problema.
i don t really feel attracted to people who are cool and normal,1,joy,Hindi ako tunay na naaakit sa mga taong cool at normal.
i was feeling strong and dodging international distance runners,1,joy,Nararamdaman kong malakas at iniwasan ang mga international na distansya runner.
i feel that they will hire billy over sasha because they will not have to pay billy to play catch up on the work that he missed,0,sadness,Nararamdaman kong pipiliin nila si Billy kaysa kay Sasha dahil hindi nila kailangang bayaran si Billy para makasabay sa mga trabahong kanyang na-miss.
i didn t feel excited playing it that s how i d know it was time to get rid of the high heels and call it a day,1,joy,"Hindi ako nakaramdam ng kilig habang naglalaro, kaya alam kong oras na para tanggalin ang mga high heels at matapos na ang araw."
i completed this card a while ago but im not feeling it and was very reluctant to post,4,fear,Tapos ko na itong card kanina pero hindi ko nararamdaman at ayaw kong i-post.
i have noticed my body has not been to happy when i eat red meat and last week i was feeling lethargic and a little seedy nothing i put in seem,0,sadness,"Napansin ko na hindi masaya ang aking katawan kapag kumakain ako ng pulang karne at noong nakaraang linggo ay naramdaman kong pagod at medyo hindi maganda ang pakiramdam, parang wala akong maibigay na lunas."
i feel the sting of the words as a dull ache and heavy tear ducts not for my miserable highschool life or for having always been the target,0,sadness,"Nararamdaman ko ang hapdi ng mga salita bilang isang malabo at matinding sakit at mabigat na mga luha, hindi dahil sa aking mapait na buhay sa kolehiyo o dahil lagi akong target."
i feel like ive been to submissive and let too many people just walk over me,0,sadness,Nararamdaman kong labis akong naging pasakop at pinapabayaan kong basta-basta akong lamunin ng iba.
i feel horrible and i would prefer to extend my deepest sorrow rel bookmark permanenter link zum eintrag,0,sadness,Nararamdaman kong lubhang masama at gustung-gusto kong ipahayag ang aking pinakamalalim na pakikiramay.
i dont know what mediation means to everyone else but to me this process only has value if i freely express how i feel and as this will inevitably leave me feeling vulnerable and exposed the longer the delay the more i can feel anxiety building,4,fear,"Hindi ko alam kung ano ang ibig sabihin ng mediasyon para sa iba, pero para sa akin, may halaga lamang itong proseso kung malayang maipahahayag ko ang aking nararamdaman, at dahil ito ay magdudulot ng aking pagiging mahina at nakalantad, mas lalong tataas ang aking pangamba habang tumatagal ang pagkaantala."
i feel like ive shaken off some of the funk thats been floating around me for the last bit,4,fear,Parang nawala na ang ilan sa mga kalungkutan na nakapaligid sa akin kamakailan.
i feel more like damaged goods than ever because i burned out prematurely,0,sadness,Mas parang sira na ang kalidad ko kaysa dati dahil sa maagang pagod ko.
i cant talk to anyone about how i feel because i feel like im just a burden to them and with all of their problems they dont need to be dealing with mine as well,1,joy,"Hindi ko kayang kausapin ang kahit sino tungkol sa nararamdaman ko dahil parang pasanin lang ako sa kanila at dahil sa kanilang mga problema, hindi nila kailangan pang harapin ang akin din."
i feel like they hated me since then,3,anger,Parang iniinggit nila ako simula noon.
i feel that casual fridays are essential to companies that can manage to work it in to their mantra,1,joy,Nararamdaman kong mahalaga ang Casual Fridays para sa mga kompanya na kayang isama ito sa kanilang misyon.
i feel enthralled by the lyrics and the rhythm,4,fear,Napapaibig ako sa mga letra at sa ritmo.
i feel this perverse pleasure in knowing how were so much the opposite of everything youre supposed to do,0,sadness,Nararamdaman kong kakaibang kasiyahan sa pag-alam na tayo ay napakalayo sa lahat ng dapat mong gawin.
im inclined to think his feeling disturbed is at least partly due to the manifest problems with the tactic,0,sadness,Nahilig akong isipin na ang kanyang pagkabalisa ay hindi bababa sa bahagi ay dahil sa malinaw na problema sa taktika.
i was feeling groggy and just wanted to sleep but he asked me what kind of surgery i had and a multiplication question,0,sadness,Nararamdaman ko ang pagod at gusto ko lang matulog ngunit tinanong niya ako kung anong uri ng operasyon ang aking pinagdaanan at isang katanungan sa pagpaparami.
i am feeling stressed and more than a bit anxious,0,sadness,"Nararamdaman ko ang stress at higit pa rito, ang kaba."
i need to feel confident about my stroke play and when i recently injured my wrist i found the x tremus the best for helping me recover yet still play,1,joy,"Kailangan kong maging kumpiyansa sa aking paglalaro ng stroke at nang masaktan ko kamakailan ang aking pulso, natagpuan kong ang Xtremus ang pinakamahusay na tulong para sa aking paggaling ngunit patuloy pa rin akong makapaglaro."
i know killing myself solves nothing but the hopelessness and sadness is destroying me slowly and i feel like being selfish might be a good choice,3,anger,"Alam kong ang pagpapakamatay ay hindi mag-aayos ng kahit ano, ngunit ang kawalan ng pag-asa at kalungkutan ay unti-unting sumisira sa akin at parang ang pagiging makasarili ay isang magandang pagpipilian."
im feeling a little tender swollen and hot in that area today,2,love,"Nararamdaman ko ngayon na medyo malambot, namamaga, at mainit ang lugar na iyon."
i start to feel less exhausted the bits and pieces of life start to seem far more surmountable,0,sadness,"Nagsisimula akong makaramdam ng kaunting pag-alis ng pagod, at ang mga piraso ng buhay ay tila mas madaling harapin."
i may feel that way but the fact that stories created by adults that are meant for children contain messages that are not so innocent really makes me wonder who exactly is more mature,1,joy,"Maaaring ganito ang aking nararamdaman, ngunit ang katotohanang ang mga kwentong ginawa ng mga matanda para sa mga bata ay naglalaman ng mga mensahe na hindi gaanong inosente ay talagang nagpapaisip sa akin kung sino talaga ang mas matanda."
im not a huge fan but one of my best friends in high school loved her and so many of brittneys songs remind me of a time i actually had friends so i listen to not feel so alone,0,sadness,"Hindi ako isang malaking tagahanga, pero isa sa aking pinakamahusay na kaibigan noong high school ay umibig sa kanya at napakaraming kanta ni Britney ang nagpapaalala sa akin ng panahon na may tunay akong mga kaibigan kaya nakikinig ako upang hindi maramdaman ang pag-iisa."
i didn t feel an aching inside,0,sadness,Hindi ko naramdaman ang sakit sa loob.
i feel amped and im inspired,1,joy,Nararamdaman kong sobrang excited at inspirasyon ko.
im feeling thankful for books york peppermint patties finding a roommate this year who has become a very dear friend of mine blake,1,joy,"Masaya ako dahil sa mga libro, York peppermint patties, sa paghahanap ng isang roommate ngayong taon na naging malapit kong kaibigan, si Blake."
i wasnt going to make this about what i cant eat and feel like i was suffering or giving anything up i was going to make this about what i was going to gain and what i could eat,0,sadness,"Hindi ko sana gagawin itong tungkol sa mga hindi ko makakain at parang pinagdurusa o nagbibigay ng anumang bagay, gagawin ko itong tungkol sa mga makukuha ko at kung ano ang makakain ko."
i am so tired of feeling sorry for myself,0,sadness,Napagod na akong maawa sa sarili ko.
i was going through a painful breakup and went looking for anything that would make me feel less anguished,0,sadness,Naghihirap ako sa isang masakit na paghihiwalay at naghahanap ako ng kahit ano upang maibsan ang aking sakit.
i feel slightly snobbish,3,anger,Nararamdaman kong medyo mayabang.
i was aware of feeling so surprised so disappointed i don t think i ever really thought i d have to have a c section,4,fear,"Alam kong sobrang nagulat at nabigo ako, hindi ko akalaing kailangan kong mag-cesarean."
i liked boys and didnt feel inhibited by them,0,sadness,Gustung-gusto ko ang mga lalaki at hindi ako nahihiya sa kanila.
i like to think i can handle a lot but when i feel like my cup runneth over i get irritable,3,anger,"Gusto kong isipin na kaya kong harapin ang maraming bagay, pero kapag nararamdaman kong puno na ang aking kaldero, nagiging maselan ako."
i feel more relaxed improvising in front of a group of other dancers as opposed to myself,1,joy,Mas nakakarelaks para sa akin ang pag-improvise harapan ng ibang mananayaw kaysa mag-isa.
i love how comforted i feel when im around hunters sweet family,2,love,Mahal ko ang pakiramdam ng kapayapaan na nararamdaman ko kapag nasa paligid ng matamis na pamilya ng mga mangangaso.
im feeling this longing for this endless love that maybe we could have if we let ourselves,2,love,Nararamdaman ko ang pagnanasa para sa walang hanggang pag-ibig na baka makuha natin kung hahayaan natin ang ating mga sarili.
i told omangy that i was feeling violent and i wasnt in a good mood,3,anger,Sinabi ko kay Omangy na nararamdaman kong agresibo at hindi ako nasa magandang kalooban.
i wasnt feeling all that hot and i was moving well,2,love,Hindi ako gaanong maganda ang pakiramdam at gumagalaw naman ako nang maayos.
i cant help feeling agitated about,4,fear,Hindi ko mapigilang makaramdam ng pag-aalala tungkol sa
i find myself to pick a draw i somehow have the feeling that heung min son has something special in store for us,1,joy,"Nakikita kong pipiliin kong mag-draw, may kakaibang pakiramdam akong may espesyal na inihanda ni Heung Min Son para sa atin."
ive had a few moments the past couple of days were i feel so restless like i need to be moving around constantly,4,fear,"May ilang sandali sa nakalipas na ilang araw na nararamdaman kong sobrang hindi mapakali, parang kailangan kong palagiang gumagalaw."
i didn t want to feel the disappointment that i was sure to come by getting no more traffic and recognition than before,1,joy,Ayaw kong maramdaman ang pagkabigo na tiyak na darating kung hindi ako makakakuha ng higit pang trapiko at pagkilala kaysa dati.
i am close to her i get this complete fuzzy loved feeling grew so fond of,2,love,"Malapit ako sa kanya, nararamdaman kong ganito kalakas ang pagmamahal ko, lalong lumaki ang pagmamahal ko sa kanya."
i am not a good cook mind u i feel contented everytime i got to prepare simple and humble dishes that can be eaten by all,1,joy,"Hindi ako magaling magluto, tandaan mo, pero nakakatuwa ako tuwing nakakapagluto ng simpleng at mapagkumbabang pagkain na kayang kainin ng lahat."
i truly feel terrific,1,joy,Tunay akong nakakaramdam ng kahanga-hanga.
ive known that this person has been miserable for years im still feeling pretty shaken,4,fear,"Alam kong matagal nang nalulumbay ang taong ito, at ako'y nananatiling nababalisa."
i feel we re seeing now is a clash between those who are very alarmed at the changes in our planet and those who are rather laconic about the whole thing,4,fear,Nararamdaman ko na ang ating nakikita ngayon ay isang tunggalian sa pagitan ng mga lubos na nababahala sa mga pagbabago sa ating planeta at ng mga medyo tahimik o walang pakialam tungkol dito.
i know i dont live in new york anymore but i feel so outraged that this could happen in my city,3,anger,"Alam kong hindi na ako nakatira sa New York, pero sobrang galit ako na nangyari ito sa aking lungsod."
i feel like until my brother is completely fine i wont be able to move on with a job or anything,1,joy,Parang hindi ako makakapag-move on sa trabaho o anumang bagay hangga't hindi pa ganap na maayos ang kapatid ko.
i feel cranky already,3,anger,Na-iinis na ako.
i can t help but feel petrified of the future is she ever going to get better,4,fear,"Hindi ko mapigilan ang matakot sa hinaharap, magaling kaya siya balang araw?"
ive used before and it smells a bit floral which isnt my cup of tea however it feels lovely on and makes my face feel soft and smooth like its been polished,2,love,"Noong una kong gamitin, may banayad na amoy na bulaklak na hindi ko masyadong gusto, pero ang sarap sa pakiramdam at ginagawang malambot at makinis ang aking mukha parang pinolish."
i think maybe the person gives a fake hope just because he doesnt want to show his feeling just because he is to afraid about the girl reactions,4,fear,Siguro iniisip niya na bigyan lang ng pekeng pag-asa dahil ayaw niyang ipakita ang tunay niyang nararamdaman dahil natatakot siya sa reaksiyon ng babae.
im already feeling stressed without trying to sort that lot out,0,sadness,Na-stress na ako kahit hindi ko pa nilulutas ang lahat ng iyon.
i feel really greedy but i like hogging him,3,anger,Nararamdaman kong sobrang sakim pero gusto kong siya lang ang aking pag-aari.
i hate to interrupt you but the truth is i m feeling uncomfortable,4,fear,"Ayaw kong mag-interrupt pero totoo, hindi ako komportable."
i had to cut the lines to make it fit making it sound a bit rushed lets all make believe that that rushed feeling is actually a frantic feeling that was entirely deliberate shall we,4,fear,"Kinakailangang putulin ko ang mga linya para magkasya, kaya medyo mabilis ang tunog. Mag-pretend tayo na ang bilis na iyon ay talagang isang deliberate at pananabik na damdamin, sige ba?"
i feel that a truly valuable lifestyle is available to anyone here who chooses it,1,joy,Nararamdaman kong isang tunay na may halagang pamumuhay ay maaring makuha ng sinumang piliin ito dito.
i try to explain how emotionally empty he can make me feel he seems amused and impatient like this is all im ever going to get,1,joy,"Sinusubukan kong ipaliwanag kung gaano niya ako pinapakiramdam na emosyonal na walang laman, tila siya'y natutuwa at nagmamadali, parang ito na lang ang aking matatanggap."
i feel a bit foolish now,0,sadness,Nararamdaman kong medyo bobo ngayon.
im not trying to sound so depressed or sad or heartbroken but feeling all shitty once in a while is just human,0,sadness,"Hindi ako nagsisikap na parang malungkot o malungkot o nasasaktan ang puso ko, pero pakiramdam na parang sira-sira minsan ay normal lang sa tao."
i feel and the longing i feel for is the connections i already have but have not been brave enough to complete my friendships,2,love,Nararamdaman ko ang pagnanasa para sa mga koneksyon na meron na ako ngunit hindi ko pa nagawang tapusin ang aking mga pagkakaibigan dahil sa kawalan ng tapang.
i did something to my back after moving my piano this week im not hercules just terribly stupid so i was feeling a bit miserable for myself this morning and then this turned up in the post,0,sadness,"Nagawa ko ang isang bagay sa likod ko matapos ilipat ang aking piyano ngayong linggo. Hindi ako si Herkules, kundi lubhang bobo kaya medyo nalulungkot ako sa aking sarili kaninang umaga at saka ito dumating sa post."
i feel really dumb but also have way more sympathy for people with real and life long allergies,0,sadness,Nararamdaman kong tunay na bobo pero mayroon ding mas malaking empatiya para sa mga taong may tunay at habang buhay na alerhiya.
i still feel energetic right now,1,joy,Parang may enerhiya pa rin ako ngayon.
i feel stupid img width height src http voicesfromkrypton,0,sadness,Nararamdaman kong tanga.
i do feel that you are a little needy because of the tone in your note to me,0,sadness,Nararamdaman ko na medyo nangangailangan ka dahil sa tono ng iyong mensahe sa akin.
i feel in the long run this hurts paulie as you could visibly see how distraught he was with the result and the perception of his performance,4,fear,"Sa pangmatagalang pananaw, naniniwala akong ito ay nakakasakit kay Paulie dahil makikita mo kung gaano siya nabalisa sa resulta at sa tingin ng mga tao tungkol sa kanyang pagganap."
i was feeling so stressed up whenever he doesnt sleeps because i am out with my friends,0,sadness,Napapapagod ako at nabibigatan kapag hindi siya natutulog dahil nasa labas ako kasama ang mga kaibigan ko.
i feel slightly charmed and wishful,1,joy,Nararamdaman kong medyo nabighani at may pagnanais.
i remember two specific things from that class feeling terrified of my teacher who would repeat the same question in spanish with increasing volume until his victim either managed to answer correctly or ran away screaming and feeling distracted by the cute boy who helped me study for tests,4,fear,"Naalala ko dalawang bagay mula sa klase na iyon: ang pagkabalisa sa aking guro na paulit-ulit na itatanong ang parehong tanong sa Kastila habang tumataas ang boses hanggang sa sumagot ang biktima nang tama o tumakas na sumisigaw, at ang pagkabighani sa isang guwapong lalaki na tumulong sa akin sa pag-aaral para sa mga pagsusulit."
i feel all mellow right now but i dont think i have anything on my mind worth writing about,1,joy,Nararamdaman kong medyo malambot ang pakiramdam ko ngayon pero hindi ko akalaing mayroon akong iniisip na sulit isulat.
i find impressive is that bezos has gone through this routine and presumably the same presentation multiple times already and will run through it multiple times after weve left with another set of reporters who will feel privileged to have gotten an audience with him,1,joy,"Ang nakakapreskong bagay ay si Bezos ay nakaranas na ng ganitong ritwal at malamang parehong presentasyon nang maraming beses na, at gagawin pa niya ito nang maraming beses pagkatapos naming umalis kasama ang ibang pangkat ng mga reporter na magiging pinagpala dahil nakapanayam sila sa kanya."
i feel very regretful for what i might done i dont think i remember it,0,sadness,"Napakasakit sa akin ng pagsisisi para sa mga bagay na baka nagawa ko, hindi ko na siguro matatandaan."
i feel lethargic and unmotivated in the mornings to wake up and blog or catch up on other things that i could do in the mornings so i can have my evenings free,0,sadness,Nararamdaman kong pagod at walang gana sa umaga na magising at mag-blog o mag-update sa iba pang mga bagay na kaya kong gawin sa umaga para makalaya ang aking gabi.
i really could not feel a thing and i felt slightly annoyed at the nurse who every time i pushed kept saying things like you are an incredibly strong woman be strong be strong,3,anger,"Talagang hindi ko naramdaman ang kahit ano at medyo nainis ako sa nars na lagi akong sinasabihan ng ""Ikaw ay isang napakagandang babae, maging matatag, maging matatag"" tuwing pinipilit kong mag-push."
i feel shy when people reading these but i am writing it here so brothers and sisters would see how real life works,4,fear,"Nahihiya ako kapag nababasa ito ng mga tao, pero isinusulat ko ito dito para makita ng aking mga kapatid kung paano talaga gumagana ang buhay."
i am tired of feeling sorry for myself so i decided to just be thankful and praise the lord as we rode,0,sadness,Nagod na ako sa pagdadalamhati sa aking sarili kaya nagpasya akong maging masaya at purihin ang Panginoon habang kami'y sakay.
i feel surprised by my reaction because as a younger woman i always thought i would be a darling older woman,4,fear,"Nagulat ako sa aking reaksiyon dahil noong ako'y isang batang babae, lagi kong iniisip na magiging isang mahal na matandang babae ako."
i was supposed to be working on a grant application but feeling overwhelmed i decided to curl up with my computer and netflix,4,fear,"Dapat sana ay nagtatrabaho ako sa isang aplikasyon para sa grant ngunit dahil sa pakiramdam na sobra ang bigat, nagpasya akong mag-ipon sa aking computer at manood ng Netflix."
i feel a bit stunned actually,4,fear,"Nararamdaman ko ang kaunting pagkagulat, totoo."
i began to feel unimportant useless insecure and i was disconnected from everything that i used to know,0,sadness,"Nagsimula akong makaramdam ng kawalan ng kahalagahan, kapabayaan, kawalan ng tiwala sa sarili, at nararamdaman kong nabukod ako sa lahat ng dati kong kilala."
im feeling all puppy dogs and rainbows when im exhausted yes believe it or not my hour work week can be exhausting too have work piling up and havent been able to do laundry or grocery shop in a week cause i have other things to do,0,sadness,"Nararamdaman kong parang tuta at may mga bahaghari sa aking puso kahit pagod na pagod ako, oo maniwala man o hindi, kahit isang oras lang ang aking trabaho sa isang linggo, nakakapagod din. May mga ginagawa akong trabaho na nakapila at hindi pa ako nakakapaglaba o bumibili ng mga pangangailangan sa isang linggo dahil may iba pang dapat kong gawin."
i feel that the pace was slowing and for a book that is rich in world building and setting up future plots this is an added bonus,1,joy,"Nararamdaman kong unti-unting bumabagal ang takbo, at para sa isang aklat na mayaman sa pagtatayo ng mundo at paghahanda para sa mga susunod na kuwento, ito ay isang karagdagang bentahe."
my grandfather died he lived almost as a recluse not caring for himself as well as he should dad and we all helped as much as we could,0,sadness,"Namatay ang aking lolo. halos isang taong nag-iisa siya, hindi nag-aalaga sa sarili nang maayos, at ang aking ama at kami ay tumulong hangga't kaya namin."
i feel like i just cant be bothered,3,anger,Parang ayaw ko nang mag-alaga.
i feel so low from living high chorus post chorus outro i need you more need you more i need you more than dope,0,sadness,"Nararamdaman kong sobrang baba ang pakiramdam ko mula sa pagiging mataas, kailangan kita nang higit, higit, higit kaysa droga."
i make this blog post i am feeling the melancholy running through my veins,0,sadness,"Habang ginagawa ko itong blog post, nararamdaman ko ang kalungkutan na dumadaloy sa aking mga ugat."
i feel it is vital for google to become a player altogether of web technology aforementioned schmidt,1,joy,Nararamdaman ko na mahalaga para sa Google na maging isang kumpletong kalahok sa teknolohiya ng web gaya ng sinabi ni Schmidt.
i went to an lds step meeting and was so overwhelmed by evil feelings and just broke down and said so at the meeting and expressed how low i felt and how ready i was for these feelings to leave my body,0,sadness,"Pumunta ako sa isang pulong ng LDS Step at napakarami kong naramdaman na masamang emosyon kaya't nabigla ako at sinabi ito sa pulong, at ipinahayag kung gaano ako kababa at kung gaano ako handa para mawala ang mga damdaming ito sa aking katawan."
i might not feel so cool,1,joy,Baka hindi ako magmukhang sobrang lamig.
i feel awkward and so i start acting awkward lol,0,sadness,"Nakakakaba kaya nagiging kakaiba ang kilos ko, lol."
i go back to my village i feel i am really lonely,0,sadness,"Bumalik ako sa aking baryo, nararamdaman kong tunay na nag-iisa ako."
i can think about is how lonely i feel im all grouchy and agitated and esily airritated,3,anger,"Ang iniisip ko lang ay kung gaano ako kalungkot, lahat ng bagay ay nakakainis at madaling magalit."
i feel like hes so smart so i can converse many things with him share everything that i wanna share and ask his opinion about whatever,1,joy,"Nararamdaman kong siya ay napakatalino kaya marami akong mapag-uusapan sa kanya, maibabahagi ang lahat ng gusto kong ibahagi at humingi ng kanyang opinyon tungkol sa kahit ano."
i get on new years eve but it makes me feel rebellious being underage and all,3,anger,Nakasakay ako sa New Year's Eve pero parang rebelde ako dahil hindi pa ako legal drinking age.
i feel it was a very valuable lesson,1,joy,Naramdaman ko na ito ay isang napakahalagang aral.
i feel very shocked by how many people i talk to who havent seen this movie,4,fear,Napakashock ko sa dami ng mga taong nakakausap kong hindi pa nakapanood nito.
i feel angry disgusted,3,anger,Nararamdaman kong galit at nababastos.
i am afraid that i will feel very regretful at that time,0,sadness,Natatakot akong maramdaman ang malaking pagsisisi noon.
i feel like im craving it and then no matter what i order i just really am not that impressed,4,fear,"Parang gusto ko na iyon, pero kahit ano ang aking i-order, hindi talaga ako nabighani."
i woke up feeling distressed instead of rested and it can be hard to change gears after that just ask mike two nights ago i dreamed that we were at my master s graduation which was in my dream held at a water park,4,fear,"Gumising ako na parang nabalisa kaysa mapagpahinga, at mahirap magbago ng takbo pagkatapos noon, basta tanungin si Mike dalawang gabi na ang nakalipas, nanaginip ako na nasa graduation ng aking master, na sa panaginip ay ginanap sa isang water park."
i feel greedy about my work img height src http forums,3,anger,Nararamdaman kong makasarili tungkol sa aking trabaho.
i dnt want yu guys t feel shamed fr knwing nthing instead f pretending r having plastikan with me,0,sadness,"Ayaw kong maramdaman ninyong nahihiya dahil hindi ninyo alam ang mga bagay-bagay, kaysa magpanggap o magkaroon ng plastikan sa akin."
i don t feel cute like at all,1,joy,Hindi ako nakakaramdam ng cute kahit papaano.
i must say that this makeover has been all consuming coupled with some major changes at work coworkers having babies and i feel like i have been a neglectful lady,0,sadness,"Dapat kong sabihin na ang pagbabago ko ay nakakabighani, lalo na't may mga malalaking pagbabago rin sa trabaho, mga kasamahan na nagkakabata, at parang hindi ako isang mabuting kaibigan."
i am starting to feel compassionate towards roslin again,2,love,Nagsisimula na akong makaramdam ng awa kay Roslin muli.
i feel beyond ecstatic acause i can,1,joy,Napakalaking saya ko dahil kaya ko.
i concentrate on anything else when he feels so miserable,0,sadness,Nakatuon ako sa ibang bagay kapag siya ay nararamdaman ang sobrang kalungkutan.
i truly feel sorry for them,0,sadness,Tunay akong nakikiramay sa kanila.
i can take away from this experience is that slowing down is not a bad thing feeling like i cant do things sucks but choosing to not do them is just fine by me,1,joy,"Ang maituturo sa akin ng karanahang ito ay hindi masama ang magbagal, kahit na parang hindi ko kayang gawin ang mga bagay ay masama ang pakiramdam, ngunit ang pagpili na hindi gawin ang mga ito ay sapat na para sa akin."
im feeling like i want to take one of the superior caps just because theyre supposed to be stronger and curiosity is killing me i think i will,1,joy,"Gusto kong kunin isa sa mga superior caps dahil sabi nila mas malakas iyon at ang aking pagiging mausisa ay patay na patay na, siguro kukuha na ako."
i have only taken three rolls shots so far and really i have been feeling my way with a very strange camera a lightmeter and the long forgotten thought processes of slow photography,4,fear,"Tatlong roll shots lamang ang aking kinunan hanggang ngayon at totoo, nararamdaman ko pa ang aking landas gamit ang isang kakaibang kamera, isang lightmeter, at ang matagal nang nakalimutang proseso ng pag-iisip sa mabagal na pagkuha ng larawan."
i had a really good first impression of them but i feel one of them dont really like us because she wasnt as friendly as when we first moved in,1,joy,Napakaganda ng unang impresyon ko sa kanila ngunit nararamdaman kong isa sa kanila ay hindi talaga kami gusto dahil hindi siya gaanong kaibigan tulad noong unang lumipat kami.
im feeling artistic google art project,1,joy,"Nararamdaman kong may pagka-artista, tingnan natin ang Google Art Project."
i have a feeling innocent world and i are going to become great friends,1,joy,May pakiramdam akong magiging magagaling na kaibigan ang Innocent World at ako.
i feel as though ive been robbed because much of my summer was not so pleasant and although i started with grand ideas about projects that would be done and structure that would be kept and clever new places that we would go,1,joy,"Parang ninakawan ako dahil hindi masyadong maganda ang aking tag-araw at bagama't nagsimula ako ng malalaking plano tungkol sa mga proyekto na gagawin, estruktura na itatago, at mga bagong lugar na ating pupuntahan."
i feel the need to be out of the house and doing something worthwhile and productive but also i have a huge desire to curl up in my room and hide my existence from the world,1,joy,Nararamdaman kong kailangan kong lumabas ng bahay at gumawa ng isang bagay na may halaga at produktibo ngunit mayroon ding malaking pagnanais na mag-ikot sa aking silid at itago ang aking pag-iral sa mundo.
i merely say i do not feel those activities to be acceptable for godly men for examples to others,1,joy,Sinasabi ko lamang na hindi ko nararamdaman na ang mga gawain na iyon ay katanggap-tanggap para sa mga banal na lalaki bilang halimbawa sa iba.
i was feeling stressed or run down to support the immune system,3,anger,Nararamdaman kong stressed o pagod kaya kailangan kong suportahan ang aking immune system.
i am feeling generally morose and didnt stop for my jamba juice today so i am going for a frappucino later,0,sadness,Nararamdaman ko ang pangkalahatang kalungkutan at hindi ako tumigil para sa aking Jamba Juice ngayon kaya pupunta ako para sa isang frappuccino mamaya.
i went to the doctor a few days into feeling weird,4,fear,Pumunta ako sa doktor ilang araw matapos magsimulang mag-iba ang pakiramdam ko.
i feel insulted but i go out with him anyway,3,anger,Nararamdaman kong nasasaktan ang aking pagkatao ngunit aalis pa rin ako kasama niya.
i am feeling very anxious and frustrated right now,4,fear,Napakabigat ng aking pag-aalala at pagkabigo ngayon.
i have a feeling it is soon going to become a rather messy heavy book which no one will want to look at but i reckon it will mean the world to me,0,sadness,"Mayroon akong pakiramdam na malapit nang maging isang medyo magulo at mabigat na aklat na ayaw tingnan ng sinuman, ngunit sa palagay ko ito ay magiging mahalaga sa akin."
i spend countless hours on the computer and feel that processing the image is as important as the initial taking of the photograph,1,joy,Ginugugol ko ang maraming oras sa computer at nararamdaman kong mahalaga ang pagproseso ng larawan gaya ng pagkuha ng unang litrato.
i declined this invitation but secretly i could not help but feel curious,4,fear,Tinanggihan ko ang imbitasyon na ito ngunit lihim na hindi ko mapigilan ang aking pagiging interesado.
i am feeling clever i see something like this and realize,1,joy,"Nararamdaman kong matalino ako, nakikita ko ito at napagtanto."
i call someone i feel like i need to at least talk a few minutes to not be rude,3,anger,Tumawag ako sa isang tao dahil parang kailangan kong makausap kahit ilang minuto para hindi magmukhang bastos.
i am fascinated with the structure and function of the brain its so incredible that everything we think and feel all our memories and emotions are created and stored in this strange convoluted structure,4,fear,"Ako ay nabighani sa istruktura at paggana ng utak. Napakaganda na lahat ng ating iniisip at nararamdaman, lahat ng ating alaala at emosyon ay nabubuo at naiimbak sa kakaibang, nakalilitong istruktura na ito."
i marvel at the wonders of life this happened a while ago but i am feeling sentimental this week,0,sadness,"Natutuwa ako sa mga kababalaghan ng buhay, nangyari ito kamakailan lamang ngunit nararamdaman ko ang aking damdamin ngayong linggo."
i always feel as though it is my role in life to be supportive to my friends as an example of joy and fun to remind them that life is good that we are good and that when they and we are not we can strive for them to be so,2,love,"Lagi kong nararamdaman na ang aking tungkulin sa buhay ay suportahan ang aking mga kaibigan bilang halimbawa ng saya at kasiyahan upang ipaalala sa kanila na ang buhay ay mabuti, na tayo ay mabuti, at na kapag tayo at sila ay hindi, maaari tayong magsikap upang maging ganito sila."
i feel the pain but with my family and friends support make it sure that no negative thoughts overtake me,1,joy,"Nararamdaman ko ang sakit ngunit dahil sa suporta ng aking pamilya at mga kaibigan, sigurado akong walang negatibong iniisip ang magdo-domine sa akin."
i know i will feel quite melancholy this weekend as its our very last bit of relaxation downtime within those four walls before a week of working packing and then eventually moving,0,sadness,Alam kong magiging malungkot ako ngayong weekend dahil ito na ang huling araw natin para magpahinga at mag-relax sa loob ng bahay bago ang isang linggo ng pagpa-pack at paglipat.
i feel tranquil now,1,joy,"Ngayon, nararamdaman kong tahimik."
i left feeling triumphant that i had taken the challenge on and saved money,1,joy,Umalis ako na nakaramdam ng tagumpay dahil tinanggap ko ang hamon at nakatipid.
i feel sure that this will be a night to remember,1,joy,Tiyak kong ito ay isang gabi na hindi malilimutan.
i was out until at a social gathering so i feel a bit groggy today,0,sadness,Nasa isang sosyal na pagtitipon ako hanggang sa makalabas kaya medyo antok ako ngayon.
i say i m feeling generous so have three winners lisa laurie and teresa,1,joy,"Sabi ko, nararamdaman kong mapagbigay kaya may tatlong nanalo: Lisa, Laurie, at Teresa."
i started explaining what my biggest problems were bottling up my feelings and then dumping all those problems onto one person and my selfish search for happiness when i had felt everyone around me had found their happiness,3,anger,"Nagsimula akong ipaliwanag ang aking pinakamalaking problema, ang pagtatago ng aking damdamin at pagbubuhos nito sa isang tao, at ang aking makasariling paghahanap ng kaligayahan habang nararamdaman kong nakahanap na ng kanilang sariling kaligayahan ang lahat sa paligid ko."
i feel so cold here,3,anger,Nararamdaman kong sobrang lamig dito.
i feel super lucky to have been able to visit it was definitely an unforgettable part of our trip,1,joy,"Napakaswerte ko na nakapunta roon, talagang hindi ko makakalimutan ang bahaging iyon ng aming biyahe."
i had an epiphany that i should feel proud of myself img src http expansiveperspective,1,joy,Naisip ko na dapat akong magmalaki sa aking sarili.
i was pregnant with emily and therefore always feeling exhausted it wasn t that hard to sleep when walter slept if i needed the extra rest,0,sadness,Buntis ako kay Emily kaya lagi akong pagod. Hindi mahirap matulog kapag natutulog si Walter kung kailangan ko ng dagdag na pahinga.
i have a headache and feel weepy,0,sadness,May sakit ng ulo ako at pakiramdam ko ay umiiyak.
i used to feel sorry for some people who felt the need to pretend,0,sadness,"Dati, nakaramdam ako ng awa sa ilang tao na kailangan magpanggap."
i can say that it is happening in the eastern part of the country and that i feel quite safe here,1,joy,Maaari kong sabihin na nangyayari ito sa silangan ng bansa at nararamdaman kong ligtas dito.
i cry when i think of the utter devastation my mum will feel to lose her beloved companion of years,1,joy,Umiiyak ako kapag iniisip ko ang malaking sakit na mararamdaman ng aking ina sa pagkawala ng kanyang minamahal na kasama sa loob ng maraming taon.
i had to have something to give the katy and the danny and of course they stalk my blog and of course i couldnt leave erica feeling unloved,0,sadness,"Kailangan kong magkaroon ng regalo para kay Katy at kay Danny, at siyempre, sinusundan nila ang blog ko kaya hindi ko rin kayang iwan si Erica na parang hindi mahal."
i feel a bit less burdened with things hanging over my head,0,sadness,Nararamdaman kong medyo nababawasan ang aking pasanin dahil sa mga bagay na nakalutang sa aking isipan.
ive got a feeling she will be just like her momma stubborn strong willed amp full of tx sassiness,3,anger,"May kutob akong siya ay magiging katulad ng kanyang ina - matigas ang ulo, matibay ang kalooban, at puno ng talino at pagmamalaki."
i just have a weird feeling that there was nothing innocent about what they were script type text javascript src http partner,1,joy,May kakaibang pakiramdam lang ako na wala namang inosente sa kanilang ginagawa.
i wanted to be here and it seems as though the feeling is mutual the club was keen to keep me,1,joy,"Gusto kong nandito at tila nagkakatugma ang pakiramdam, determinado ang club na panatilihin ako."
i am ruining her feeling and was disturbed a href http membres,0,sadness,Nasisira ko ang kanyang nararamdaman at nababahala ako.
i just feel totally devastated,0,sadness,Napakalungkot ko lang.
i suggested greys and blues with warm tones as the room is north facing and could feel quite cold and flat,3,anger,Iminungkahi kong gamitin ang mga kulay abo at asul na may mainit na tono dahil ang silid ay nakaharap sa hilaga at maaaring magmukhang malamig at patag.
i want to be recless but im feeling so uptight put your mamma in a headlock baby and do it right whooooos got the crack whooooooooos got the crack whooooo s got the crack whos got the craaaaaaack,4,fear,"Gusto kong maging walang pakundangan pero sobrang kinakabahan ako. Ilagay mo ang nanay niya sa headlock, baby, at gawin nang tama. Sino ang may crack? Sino ang may crack? Sino ang may crack? Sino ang may craaaaaaack?"
i just feel this strong desire to know more about my name sake the ensigns,1,joy,"Nararamdaman ko lamang ang malakas na pagnanais na malaman pa tungkol sa aking ninuno, ang mga Ensign."
i feel lame saying mommy just needs to pay this bill call a guy about the camper and paint bedrooms to be more neutral,0,sadness,"Parang bobo sabihin, kailangan lang ng mommy magbayad ng bill, tawagan ang lalaki tungkol sa camper, at pinturahin ang mga silid-tulugan ng mas netral na kulay."
i feel so blessed to have met each and every one of them,2,love,"Napakaligaya ko na nakilala ko sila, bawat isa."
i sit in the middle of the most stinking the most crowded the noisiest railway platform or fish market and start reading it i will still feel as if im in the most pleasant place ever,1,joy,"Nauupo ako sa gitna ng pinakamurang, pinakamaingay, at pinakamadaling istasyon ng tren o palengke ng isda at magsisimula akong magbasa, at kahit ganun, parang nasa pinakamagandang lugar ako."
i feel also just drained,0,sadness,Nararamdaman ko rin ang pagod.
i am sorry to hear that the assessment procedure conducted by atoshealthcare left you feeling humiliated and poorly represented,0,sadness,Nakakaawa po na malaman na ang proseso ng pagtatasa na isinagawa ng atoshealthcare ay nagpaparamdam sa inyo ng kahihiyan at hindi maayos na kinakatawan.
i just hate the feeling of being unhappy,0,sadness,Ayaw ko lang talaga ng pakiramdam na hindi masaya.
ill just paraphrase i ranted about not being able to trust anybody and being hurt feeling rejected etc,0,sadness,"Sasabihin ko lang, nagalit ako dahil hindi ko mapagkakatiwalaan ang sinuman at nasasaktan, parang tinatanggihan ako at iba pa."
i know we create our own destiny but do you ever feel resentful for the way your life turned out,3,anger,"Alam kong tayo ang gumagawa ng ating sariling tadhana, pero minsan ba nararamdaman mong may sama ng loob sa paraan ng pag-unlad ng iyong buhay?"
i really hope so i feel so isolated right now and on top of feeling overwhelmed confused lonely stressed and nervous it s really difficult at the moment,0,sadness,"Sana nga, dahil ngayon ay sobrang pakiramdam kong nag-iisa at dahil sa pagiging sobra-sobrang nababahala, nalilito, nag-iisa, stressed, at kinakabahan, talagang mahirap ang sitwasyon ngayon."
i am feeling very generous today and normally when i feel that way ill host some sort of giveaway or contest,1,joy,"Nararamdaman kong sobrang bait ko ngayon at karaniwan, kapag ganito ako, nagho-host ako ng giveaway o contest."
i can feel that the two girls are shocked with what i m saying,4,fear,Nararamdaman kong nagulat ang dalawang babae sa sinasabi ko.
i enjoy not feeling horny not craving sex,2,love,Nasisiyahan ako sa pakiramdam na hindi ako nagugutom sa sekso at hindi ako naghahangad nito.
im sorry but this was the only way i feel these problems can be resolved,1,joy,"Pasensya na, pero ito ang tanging paraan na aking nararamdaman na maresolba ang mga problema."
i suspect that a few feel revulsion it elicits a weird uncomfortable fascination,4,fear,"Akala ko, may ilang nakakaramdam ng pag-aalinlangan dito, ngunit ito'y nagdudulot ng kakaibang nakakabighani at nakakairita na interes."
i feel a little loyal toward her because her father used to work with mine until they both retired,2,love,Nararamdaman ko ang kaunting pagtatapat sa kanya dahil dati ay nagtatrabaho ang kanyang ama kasama ng aking ama hanggang sa kanilang parehong magretiro.
i have a feeling that there will be plenty of football watching and that we will be indulging in many delicious eats this weekend,1,joy,May pakiramdam akong maraming manonood ng football at marami tayong kakainin ng masarap na pagkain ngayong weekend.
im thinking that a lot of the technology and ideas expressed in this movie will seem trite or old fashioned one day or maybe they they feel that way now but the care and artistic flourishes in every minute of this film will never go out of style,1,joy,"Iniisip ko na marami sa teknolohiya at ideya na ipinapakita sa pelikula na ito ay magmumukhang luma o pangkaraniwan sa hinaharap, o marahil ganun na nga ang pakiramdam ngayon, ngunit ang pagmamahal at mahusay na pagpapahayag sa sining sa bawat minuto ng pelikula ay hindi kailanman mawawala ang istilo."
i told him it was a good drink and made him feel talented as a bartender,1,joy,Sinabi ko sa kanya na mabuting inumin iyon at nagpaganda sa kanya bilang bartender.
i wanted to use older kx forks wheel w disc brakes but am was not feeling adventurous enough to try to figure out a stem and lowering the off road height,1,joy,Gusto kong gamitin ang mas matandang kx forks wheel na may disc brakes pero hindi ako sapat na mapangahas para subukan ang stem at babaan ang taas nito para sa off-road.
i feel to be the most popular right now,1,joy,Nararamdaman kong ako ang pinaka-popular ngayon.
i want to do all but i cant help feeling greedy,3,anger,Gusto kong gawin lahat ngunit hindi ko maiiwasan ang pakiramdam na makasarili.
i have also added links to other blogs which i feel are really wonderful,1,joy,Idinagdag ko rin ang mga link sa ibang blog na sa tingin ko ay tunay na kahanga-hanga.
i gave them a little something out of my paypal stash and if anyone out there feels as strongly about supporting linux as i this is a cheap and easy,1,joy,"Ibinigay ko sa kanila ang isang maliit na bagay mula sa aking PayPal stash at kung mayroon man sa labas na nararamdaman din ang malakas na suporta sa Linux gaya ko, ito ay mura at madali."
i feel frustrated and can t see a way to save it,3,anger,Nararamdaman kong frustado at hindi ko makita ang paraan upang iligtas ito.
i feel supportive over chinas copyright violations if only for machiavellian reasons,2,love,"Nararamdaman kong sumusuporta ako sa mga paglabag sa karapatang-ari ng Tsina, kahit na para lamang sa mga makasariling dahilan."
i do feel tia is important to the story,1,joy,Nararamdaman ko na mahalaga si Tia sa kwento.
i had the feeling he didnt and he actually seemed impressed with me or i should say my work and my range of skills,4,fear,"Naramdaman kong hindi niya iyon ginawa at tila nga siya ay nabighani sa akin, o marahil sa aking trabaho at saklaw ng aking kakayahan."
i walk by those temptations i feel disgusted,3,anger,"Naglalakad ako sa tabi ng mga tukso, nararamdaman kong sumasakit ang aking sikmura."
i feel really greedy saying that,3,anger,Napaka-makasarili kong pakiramdam sabihin iyon.
when i heard the news of the death of my father it was in the evening and i was alone all night in my room trying to remember the face of my father,0,sadness,"Nang marinig ko ang balita tungkol sa kamatayan ng aking ama, gabi na iyon at nag-iisa ako sa aking silid buong gabi, sinusubukang alalahanin ang mukha ng aking ama."
i feel like that nurse reluctant to know where to start but optimistic that we can do one thing to help,4,fear,Nararamdaman kong medyo nag-aalinlangan ang nars kung saan magsisimula ngunit positibo siyang kaya nating gawin ang isang bagay upang makatulong.
i don t know if i have told this to you but i feel intimidated by how smart you are,4,fear,"Hindi ko alam kung sinabi ko na ito sa iyo, pero nahihiya ako sa katalinuhan mo."
i didnt feel anything more than casual thoughts like hes a jerk or wow shes psycho,1,joy,"Hindi ko naramdaman kundi mga ordinaryong iniisip na parang siya'y isang bastos o wow, siya'y baliw."
im feeling adventurous i get the philips better lemon chicken,1,joy,"Nararamdaman kong mahilig akong mag-eksperimento, kukuha ako ng Philips Better Lemon Chicken."
i feel punished by my parents,0,sadness,Parang pinarusahan ako ng aking mga magulang.
i made a shocking discovery that made me feel incredibly dumb and to which i of course feel the need to share,0,sadness,"Nagkaroon ako ng nakakagulat na pagtuklas na nagpaparamdam sa akin na sobrang tanga at siyempre, kailangan kong ibahagi ito."
i remember wearing the dress feeling fabulous looking fabulous announcing my good news to many friends whilst wearing that dress,1,joy,"Naalala ko ang pagsusuot ko ng damit, pakiramdam ko'y kahanga-hanga at maganda, habang ipinapahayag ko ang aking magandang balita sa maraming kaibigan habang suot ang damit na iyon."
i hurt your feelings or angered you with my last rant im sorry,3,anger,"Nasaktan ko ang iyong damdamin o nagalit ka sa aking huling pagsigaw, patawad."
im excited that i got the chance to get away and am now feeling a lot more appreciative of what i thought was just a normal life but realize with a different lens to look through is a pretty darn great one with a lot to be thankful for each and every day,1,joy,"Masaya ako dahil nakakuha ako ng pagkakataong makalayo at ngayon ay mas nagpapasalamat ako sa kung ano ang akala ko'y isang ordinaryong buhay, ngunit napagtanto ko na sa ibang pananaw ay isang napakagandang buhay na may maraming dapat ikatuwa araw-araw."
i feel so dumb witted because i feel like i dont understand his answers towards me,0,sadness,Nararamdaman kong tanga dahil parang hindi ko naiintindihan ang kanyang mga sagot sa akin.
i feel like ive been fairly successful,1,joy,Nararamdaman kong medyo matagumpay ako.
i was feeling extremely shitty physically this morning,0,sadness,Napakasakit ng pakiramdam ko nang pisikal kaninang umaga.
i just hate feeling left out and i wanna be a cool kid even though i hate the cool kids,1,joy,"Ayaw ko lang talaga ng pakiramdam na naiwan at gusto kong maging isang ""cool kid"" kahit na ayaw ko sa mga ""cool kid""."
i feel even more strongly now that this can be a valuable tool in the classroom,1,joy,Mas lalong naniniwala ako ngayon na ito ay maaaring maging isang mahalagang kasangkapan sa silid-aralan.
i also learned that when i feel passionate about what i m writing i can actually be quite good at it,1,joy,"Natutunan ko rin na kapag mayroon akong damdamin sa aking sinusulat, magaling pala ako dito."
i feel even more disturbed by that than what happened prior to me going to sleep,0,sadness,Mas lalong nababahala ako doon kaysa sa nangyari bago ako matulog.
ill feel a little more sympathetic towards them but until that day,2,love,Magkakaroon ako ng kaunting empatiya sa kanila ngunit hanggang sa araw na iyon.
i no longer had to walk through the alleys of the slowly gentrified ghettos of my city to find one artist with a muffin top who took nude photos to make me feel like my body was acceptable and sadly not unique,1,joy,Hindi na ako kailangang maglakad sa mga kalye ng unti-unting napapaunlad na mga slum ng aking lungsod upang mahanap isang artista na may muffin top na kumukuha ng mga nude na larawan upang ako ay makaramdam na ang aking katawan ay katanggap-tanggap at malungkot na hindi kakaiba.
i have feeling this is fake,0,sadness,May nararamdaman akong pekeng ito.
i can feel from here beloved your fragrance,2,love,"Nararamdaman ko mula rito, mahal, ang iyong bango."
i feel infuriated every time that the christmas season draws near,3,anger,Nagagalit ako tuwing papalapit ang Pasko.
i should not have to feel this way in a nerd convention i am a nerd and i should feel accepted and comfortable in that setting,2,love,Hindi dapat ako maramdaman ito sa isang nerd convention. Ako'y isang nerd at dapat akong maramdaman ang pagtanggap at komportable sa ganitong setting.
i feel a little bit chukey and unfortunately for us you like to sing all the inapporpriate words to fergie s glamorous,1,joy,"Nararamdaman ko lang medyo pagod at sayang naman, gusto mong kumanta ng lahat ng hindi angkop na salita sa ""Glamorous"" ni Fergie."
i feel that if you love cute little things and your budget allows you and you buy this you won t regret buying it as it s just too cute,1,joy,"Kung mahal mo ang mga maliit at kaibig-ibig na bagay at kaya mo ang presyo nito, hindi ka magsisisi kung bibili ka nito dahil sobrang cute niya."
i lie in bed or is it a coffin it feels more like a coffin not altogether unpleasant just very still i push my legs together and cross my hands i try not to cry i sink downwards hoping for a prick a poke a tube of fluid a needle of,0,sadness,"Nakaratay ako sa kama o baka sa kabaong, parang kabaong nga ito hindi naman masama, basta tahimik lang. Pinipisil ko ang aking mga binti at nakakrus ang aking mga kamay. Hindi ko pinahintulutan ang aking sarili na umiyak. Sumisink ako pababa, umaasa sa isang suntok, isang tusok, isang tubo ng likido, isang karayom."
i am feeling a little intimidated by the riders in central park right now and i dont want to go,4,fear,Nararamdaman kong medyo kinakabahan sa mga rider sa Central Park ngayon at ayaw kong pumunta.
i was once told that while science explains the how religion explains the why and i feel this is the real reason that intelligent design is not and should not be accepted as a scientific theory on the basis of it not actually explaining how something works or how something was created,1,joy,"Noon ay sinabi sa akin na habang ang agham ay nagpapaliwanag ng ""paano,"" ang relihiyon naman ay nagpapaliwanag ng ""bakit,"" at nararamdaman kong ito ang tunay na dahilan kung bakit ang disenyo ng intelihensiya ay hindi dapat tanggapin bilang isang siyentipikong teorya dahil hindi ito tunay na nagpapaliwanag ng ""paano"" gumagana ang isang bagay o kung paano ito nilikha."
i feel threatened by not talking about it,4,fear,Nararamdaman kong nababahala dahil hindi natin ito pinag-uusapan.
i now feel that food is to be enjoyed and not abused,0,sadness,"Ngayon, nararamdaman kong dapat tangkilikin ang pagkain at hindi ito abusuhin."
i feel pretty posted on a href http playhousecomm,1,joy,Nararamdaman kong medyo nakapublikong ipinost sa [link na tinanggal] playhousecomm.
i feel more graceful already,1,joy,Nararamdaman ko nang mas maganda ang aking kilos.
i know if ive been feeling quite nostalgic these days and have spent a huge amount of time looking back and remembering,2,love,Alam ko kung bakit ako nadarama ang pag-nostalya ngayon at ginugugol ko ang napakaraming oras sa pagtingin pabalik at pag-alala.
i feel damn agitated during the speech,3,anger,Napakainit ng aking damdamin habang nagsasalita siya.
i mean its a good level on its own terms but everything before it was so well thought out and executed that doing constant mirror puzzles and topping it off with a crap final boss battle made the last level feel rushed in comparison though the last boss is bad no matter what way you slice it,3,anger,"Ibig sabihin, maganda naman ang level sa sarili nitong paraan, pero ang lahat bago nito ay napakahusay na iniisip at isinagawa kaya ang paulit-ulit na mirror puzzles at ang pangwakas na labanan laban sa isang mahina boss ay nagpaparamdam na ang huling level ay parang nagmadali kumpara, kahit na ang huling boss ay masama anuman ang pananaw mo."
im happy to report that i didnt feel that angered urge to smack olivia today the way ive felt it before,3,anger,Masaya akong iulat na hindi ko naramdaman ang matinding pagnanais na suntukin si Olivia ngayon gaya ng dati.
i feel that this leads to not many people caring who get s the real job as sin cara,2,love,Nararamdaman kong ito ay nagdudulot ng kakaunting tao lamang ang nag-aalala kung sino ang makakakuha ng tunay na trabaho bilang Sin Cara.
im feeling a bit frustrated with myself tonight,3,anger,Nakakainis ako sa sarili ko ngayong gabi.
i was feeling pretty grumpy at this point but for whatever reason seeing this flower made me very happy,3,anger,"Nararamdaman ko ang pagiging maungol sa puntong ito ngunit sa anumang dahilan, ang pagtingin sa bulaklak na ito ay nagpapasaya sa akin."
im feeling very uptight right now,4,fear,Napaka-tense ko ngayon.
i still adhere to this to a certain extent i feel that there is a fine line,1,joy,"Naniniwala pa rin ako dito hanggang sa isang punto, nararamdaman kong may manipis na linya."
i always felt like i could do anything but now i feel so fearless,1,joy,"Lagi akong nakaramdam na kaya kong gawin ang lahat, ngunit ngayon, nararamdaman kong walang takot."
i also know on certain days when im feeling crappy its only because i didnt bring enough cigarettes,0,sadness,"Alam ko rin na sa ilang araw na parang hindi maganda ang pakiramdam ko, dahil lang siguro hindi ako nakabihis ng sapat na sigarilyo."
i was so scared of feeling stupid or unintelligent or why i felt like i wasnt smart enough,0,sadness,"Napakasindak ko na maramdaman ang kahambugan o kawalan ng katalinuhan, o bakit parang hindi ako sapat na matalino."
im starting to feel that im suffering from fatigue,0,sadness,Nagsisimula akong maramdaman na ako ay nagkakasakit ng pagod.
i have a creative group of friends i can go to when im feeling creative,1,joy,Mayroon akong grupo ng mga kaibigan na mapagkukunwari na maari kong lapitan kapag nararamdaman kong malikhain.
i am exceedingly lucky and i don t work this hard because i feel some sense of frustrated obligation that is resented,3,anger,Napakaswerte ko at hindi ako nagpupursigi nang ganito dahil nararamdaman kong may obligasyong nakakabigo na kinokontra ko.
i feel a strange connection to them a familiarity that most of the time i link to ancestral memory,4,fear,"Nararamdaman ko ang kakaibang koneksyon sa kanila, isang pamilyaridad na kadalasan kong iniuugnay sa alaala ng mga ninuno."
i might tackle a memoir but i feel i need to live longer before i qualify to have anything useful to say,1,joy,"Maaaring pag-isipan kong isulat ang aking alaala, ngunit nararamdaman kong kailangan kong mabuhay nang mas matagal bago ako makakapangako ng may makabuluhang sasabihin."
i hang my head down and feel even more embarrassed to complaint about such minor things in my life when others are having a hard time just surviving minute to minute of the day,0,sadness,Iniisip ko na ibaba ko ang ulo ko at lalong nahihiya na reklamo tungkol sa mga maliit na bagay sa buhay ko habang ang iba ay naghihirap na mabuhay nang minuto-minuto.
i said those who feel unhappy with the way uhuru has been running his government should wait for the elections,0,sadness,Sinabi ko na ang mga hindi masaya sa pamamalakad ni Uhuru sa kanyang pamahalaan ay dapat maghintay ng eleksyon.
i am starting to feel brave enough and secure enough to put it into words,1,joy,Nagsisimula na akong magkaroon ng lakas ng loob at seguridad upang ilahad ito sa mga salita.
i don t always feel smart sometimes i feel lazy and i want to be doing something else that feels easier,1,joy,"Hindi ako lagi nakakaramdam ng matalino; minsan, nararamdaman kong tamad at gusto kong gawin ang ibang bagay na mas madali."
i am going to miss running over and putting my hand on your belly to feel my sweet holli reese kick,2,love,Malilimutan kong tumakbo at hawakan ang iyong tiyan upang maramdaman ang aking matamis na Holli Reese na tumatapak.
im feeling a little grumpy today with the lame weather tease we got over the weekend,3,anger,Medyo badtrip ako ngayon dahil sa pang-aasar ng panahon noong weekend.
i could do was feel i felt thankful that her battle was over thankful that she was now in a place of serenity,1,joy,"Ang kaya kong maramdaman ay pasasalamat na natapos na ang kanyang labanan, pasasalamat na siya'y nasa lugar na ng katahimikan na ngayon."
i feel talented i feel amazing,1,joy,"Nararamdaman kong may talento ako, nararamdaman kong kahanga-hanga."
i feel so nervous about being around people being with someone,4,fear,"Napakakaba ko kapag nasa paligid ng mga tao, lalo na kapag kasama ko ang isang tao."
i set off home feeling quite smug,1,joy,Umalis ako pauwi na parang may karapatan.
i feel so selfish so self indulgent,3,anger,Nararamdaman kong sobrang makasarili at mapagbigay sa sarili.
i feel pressured to talk to them,4,fear,Nararamdaman kong may presyur na makipag-usap sa kanila.
i just wanted to apologize to you because i feel like a heartless bitch,3,anger,Gusto ko lang humingi ng paumanhin sa iyo dahil parang isang walang puso kong babae ako.
i feel so unimportant to you now its not even fucking funny,0,sadness,"Nararamdaman kong hindi na ako mahalaga sa iyo ngayon, hindi na nga nakakatawa."
i m filled with astonishment and feel amused about what this city has witnesed today,1,joy,Napakaraming pagtataka at saya ang nararamdaman ko sa mga nangyari sa lungsod ngayon.
i was feeling stressed we were all like coiled springs and it wasnt going to end well,0,sadness,"Nararamdaman kong stressed, parang lahat tayo ay nakakondisyon na tulad ng mga nakabalot na spring at hindi magtatapos nang maayos."
i think there are quality submissions out there but authors are conforming more to writing in genres they feel will get accepted by a publisher,1,joy,"Sa tingin ko may mga magagandang sulatin na umiiral, ngunit mas sumusunod ang mga manunulat sa pagsulat ng mga genre na akala nila ay tatanggapin ng isang publisher."
i feel like a whore and im ashamed of,0,sadness,Nararamdaman kong parang isang puta at nahihiya ako.
i feel bedroom rockers and hardcore music buffs will like the smart traditional look and feel to these headphones,1,joy,Akala ko magugustuhan ng mga mahilig sa bedroom rockers at hardcore music ang matalinong tradisyunal na hitsura at pakiramdam ng mga headphone na ito.
i have this kind of life so my girlfriend would feel very lonely for sure,0,sadness,May ganitong uri ng buhay ako kaya tiyak na magiging malungkot ang aking girlfriend.
i have been in the advertising world for over years and left nyc years ago after working as a creative director at some of the best agencies in the world feeling discouraged demoralized and questioning everything that i thought i love in the world of creativity,0,sadness,"Matagal ko nang nagtatrabaho sa mundo ng advertising, mahigit [bilang ng taon] na, at umalis ako sa New York City [bilang ng taon] na ang nakalipas matapos magtrabaho bilang creative director sa ilan sa mga pinakamahusay na ahensiya sa mundo, na nararamdaman ang pagkabigo, pagkabalisa, at pagdududa sa lahat ng bagay na akala ko'y minamahal ko sa mundo ng pagkamalikhain."
i have every right to feel outraged that their legacy may be in danger,3,anger,May karapatan akong magalit na ang kanilang pamana ay maaaring nasa panganib.
i need to do after much prayer considering things like this but i still always feel a little reluctant to act but i do anyway,4,fear,"Kailangan kong gawin ito matapos ang maraming panalangin, pagninilay-nilay ng mga bagay na ito, ngunit lagi pa rin akong medyo nag-aalinlangan na kumilos, ngunit ginagawa ko pa rin ito."
i believe him when he says it was a mistake i feel hes being sincere but i want him to be sure as to what he wants from me,1,joy,"Naniniwala ako sa kanya kapag sinasabi niyang pagkakamali iyon. Nararamdaman kong tapat siya, ngunit gusto kong tiyakin niya kung ano ang tunay niyang gusto sa akin."
i grabbed my shoes no socks too lazy and got on the car and the teacher greeted omg she is so nice i feel really bad,0,sadness,"Kinuha ko ang sapatos ko, walang medyas dahil pagod na pagod, at sumakay sa kotse, at bati ng guro, oh my god, siya ay napakabait, sobrang nahihiya ako."
i feel like im supportive of my friends and their endeavors and i dont do that for the sole purpose of having it returned but i often find myself thinking why am i having to beg for support right now,2,love,"Nararamdaman kong sinusuportahan ko ang aking mga kaibigan at kanilang mga mithiin, at hindi ko ito ginagawa para lamang maibalik, ngunit madalas akong makaramdam ng pagtatanong kung bakit ako humihingi ng suporta ngayon."
i can t fit in in beirut where i have the nagging feeling that i m in a heartless place,3,anger,"Hindi ako makakapasok sa Beirut, kung saan ako ay may paulit-ulit na pakiramdam na nasa isang walang puso kong lugar."
i must not be left to feel foolish lost unhappy and with distaste,0,sadness,"Hindi ako dapat iiwan na maramdaman ang kahihiyan, pagkaligaw, kalungkutan, at pagkadismaya."
i went back to it because i was feeling so intensely crappy,0,sadness,Bumalik ako rito dahil sobrang masama ang pakiramdam ko.
i love tv wall mounts and feel that they are a handsome advance that not only looks great but saves a ton of plot if you are attracted in receiving one don t just put down roots with the first one that you see like most population do,1,joy,"Mahal ko ang mga TV wall mounts at naniniwala akong ito ay isang magandang pag-unlad na hindi lamang maganda ang hitsura kundi nakakatipid din ng maraming espasyo kung interesado ka sa pagbili nito, huwag basta magpasya sa unang nakita mo gaya ng karamihan."
i think i would have been feeling less grumpy if i hadnt been up and down throughout the night or my lungs deciding that even though i wasnt that unwell it felt as though something was sitting on my chest and flattened me,3,anger,"Siguro hindi ako magiging masyadong maungol kung hindi ako nagising at natulog ulit buong gabi o kung hindi ang aking baga ang nagpasya na kahit hindi ako masyadong may sakit, parang may nakaupo sa dibdib ko at pinipiga ako."
i sometimes feel so vulnerable and so lost,4,fear,"Minsan, nadarama kong sobrang mahina at nawawala."
i feel amazed knowing that it had been even bigger,4,fear,Napakalaki ng aking pagkamangha nang malaman kong mas malaki pa pala ito.
i pay godaddy for the privellege of having a domain i feel im also supporting their efforts to get this bill that i vehemently oppose shoved through,2,love,"Nagbabayad ako sa GoDaddy para sa pribilehiyo ng pagmamay-ari ng isang domain, at nararamdaman kong sinusuportahan ko rin ang kanilang pagsisikap na ipasa ang batas na lubos kong kinokontra."
i feel ugly i look ugly,0,sadness,"Hindi ako maganda, pangit ang itsura ko."
im feeling funny a href http,4,fear,Nararamdaman kong kakaiba.
i feel weird sharing that but this is the source of some of my greatest insecurities,4,fear,Nararamdaman kong kakaiba ang pagbabahagi nito ngunit ito ang pinagmumulan ng ilan sa aking pinakamalaking kahinaan.
ive not used elvive for years and i admit to feeling a bit naughty having strayed from an sls free formula,2,love,"Hindi ko na ginagamit ang Elvive nang maraming taon at aminin ko, may kaunting pagka-masama akong nararamdaman dahil lumayo ako sa isang SLS-free na formula."
i feel empty and dim if i miss that,0,sadness,Nararamdaman kong walang laman at madilim kung makaligtaan ko iyon.
i don t feel you all the time and you re not always on my mind but i ve got you from time to time and i know the divine yes i know the divine it all began at mount sinai,1,joy,"Hindi kita nararamdaman lagi at hindi ka palagi nasa isip ko ngunit may mga pagkakataon na iniisip kita at alam ko ang banal, oo alam ko ang banal, lahat ay nagsimula sa Bundok Sinai."
i always tell them to just wear what makes them look feel cute,1,joy,Lagi kong sinasabi sa kanila na isuot lang ang mga bagay na ginagawang cute sila.
i feel have wronged me,3,anger,Nararamdaman kong mali ang ginawa nila sa akin.
i watch this clip every time i feel a bit miserable and need a laugh,0,sadness,Pinapanood ko itong clip tuwing nararamdaman kong medyo malungkot at nangangailangan ng tawa.
i am feeling emotionally and physically exhausted,0,sadness,"Napapagod na ako, kapwa emosyonal at pisikal."
i feel that i am neither of those two types i should be a sheep type of boyfriend that kind of person who is gentle likes to take care of people and of course hopes to be taken care of many times as well,2,love,"Nararamdaman kong hindi ako kabilang sa alinman sa dalawang uri, dapat akong maging katulad ng tupa, isang taong maamo, mahilig alagaan ang iba at siyempre, umaasa ring alagaan din siya nang maramihang beses."
i keep waiting for some grand stroke of wisdom and peace to overcome me but all i feel is irritable and bewildered,3,anger,Patuloy akong naghihintay ng isang malaking pag-unawa at kapayapaan na sakupin ako ngunit ang nararamdaman ko ay pag-irita at pagkalito.
i seriously feel uncomfortable,4,fear,Talagang nahihiya ako.
i feel threatened i feel fear,4,fear,"Nararamdaman kong natatakot ako, may takot akong nararamdaman."
i enjoy exercising feeling and looking fantastic amd love having so much more energy,1,joy,"Nasisiyahan ako sa pag-eehersisyo, dahil sa pakiramdam at itsura kong maganda, at mahal ko ang pagkakaroon ng napakaraming enerhiya."
i feel you see frantic and thus i am afraid,4,fear,"Naiintindihan kita, parang nagmamadali ka at natatakot ako."
i always found there is undiscovered peaceful under the deeper water that make myself feel calm at same time when i be afraid at first sight i explored it,1,joy,Lagi kong natutuklasan na may tahimik at hindi pa natutuklasang kalinaw sa ilalim ng malalim na tubig na nagpapalamig sa akin habang kinakabahan ako sa unang tingin ngunit pinag-aralan ko ito.
i feel like ive been defeated,0,sadness,Parang natalo na ako.
i am feeling mega pathetic and clingy todayyy,0,sadness,Napakasawang at napakalapit ko ngayon.
i would like a lazy immersed in my boring feeling i like the friends have a pleasant talk together and boring,1,joy,"Gusto kong mawalan ng gana, nalulunod sa aking nakakabagot na pakiramdam, gusto kong ang mga kaibigan ay magkaroon ng masayang usapan magkasama at nakakabagot."
i feel that my child will be very handsome or beautiful a perfect harmony between my husband and i,1,joy,"Nararamdaman kong magiging napakagwapo o napakaganda ng aking anak, isang perpektong pagsasama ng aking asawa at akin."
i cant describe how im feeling without giving it away but in a way im feeling a bit heartbroken but definitely touched,0,sadness,"Hindi ko mailarawan kung paano ako nararamdaman nang hindi ito ibinubunyag, pero sa isang paraan, medyo nasasaktan ako ngunit tiyak na naaantig."
i t want t know f t habitual t feel frightened wh n initiation r career,4,fear,Gusto kong malaman kung sanay na sanay akong matakot kapag nagsisimula o nasa karera na.
i feel like ive gone out of my way to be particularly considerate about not having inconsequential complaints so i dont illicit those feelings in others that i so ungraciously had before as well,2,love,Parang nagpupursigi akong maging mapag-ingat at hindi magkaroon ng walang kabuluhan na reklamo upang hindi ko maidulot sa iba ang mga damdaming hindi ko maganda noon.
i couldn t see a future without the pain and i was feeling heartbroken i d gone from being a very happy and active mum doing lots of outdoor activities with my children,0,sadness,"Hindi ko makita ang kinabukasan nang walang sakit at nasasaktan ako. Dati, masaya at aktibo akong ina na maraming ginagawa kasama ang aking mga anak sa labas."
i feel about colors shades needing to match exactly so i am very thankful for all the time she put into making everything exactly to my liking,1,joy,Nararamdaman ko ang pangangailangan ng mga kulay at lilim na magkatugma nang eksakto kaya lubos akong nagpapasalamat sa lahat ng oras na kanyang inilaan upang gawing eksakto sa aking kagustuhan ang lahat ng bagay.
i feel a little less burdened,0,sadness,Nararamdaman kong medyo nabawasan ang aking pasanin.
i can run and it feels amazing,4,fear,Maaari akong tumakbo at nararamdaman kong kahanga-hanga.
i were any sort of poet i am convinced i would be sucked in to the romantic literary style and simply write for days about the turning of the leaves the feeling of the cool wind with the warm sun,1,joy,"Kung ako man ay isang uri ng makata, ako'y naniniwala na mapapabilang ako sa romantikong istilo ng panitikan at maghapon na lamang sumulat tungkol sa pagbabago ng mga dahon, ang pakiramdam ng malamig na hangin kasama ang init ng araw."
i brought my bomber in that way but i don t feel like getting our little convoy of haulers through that as well,1,joy,Dinala ko ang aking bomber sa ganung paraan ngunit hindi ko nararamdaman na ipadala rin ang aming maliit na konbey ng mga hauler doon.
i feel offended that youre offended way but in the oh crap there i go offending people again way,3,anger,"Nasasaktan ako na nasasaktan ka, pero sa paraang ""ay naku, nandito na naman ako, nagkakasala sa iba"" na paraan."
i loved the feeling of providing for my little girl feeling like i could do something worthwhile and so natural as breastfeeding,1,joy,"Minahal ko ang pakiramdam na nagbibigay ako para sa aking maliit na anak, parang kaya kong gawin ang isang makabuluhan at ganap na likas na bagay gaya ng pagpapasuso."
ive been slowly working on my london zine but havent been feeling super inspired,1,joy,Dahan-dahang ginagawa ko ang aking London zine ngunit hindi ako masyadong nakakaramdam ng inspirasyon.
i wanted to root for someone to feel wronged and condemned on their behalf,3,anger,Gusto kong suportahan ang isang tao para maramdaman ang pagiging mali at kinondena sa kanilang halip.
i started getting back on track health wise and i already feel relieved,1,joy,Nagsisimula na akong bumalik sa tamang landas sa kalusugan at nararamdaman ko na ang pagluluwag.
i remember amsterdam where the circumstances were difficult and i was feeling melancholy,0,sadness,"Naalala ko ang Amsterdam, kung saan mahirap ang mga kalagayan at ako'y nakaramdam ng kalungkutan."
hearing about developments of sience in the west a lot better than china,0,sadness,Mas mabuti ang pagdinig tungkol sa mga pag-unlad ng agham sa Kanluran kaysa sa Tsina.
i feel like thats a pretty petty thing to complain about,3,anger,Parang maliit lang naman ang reklamo diyan.
i write when im feeling in the mood to dont let the cute face and my shyness ever fool you im here,1,joy,"Sumusulat ako kapag nasa tamang pakiramdam ako, huwag kayong mabibighani sa aking magandang mukha at kabahan, nandito ako."
i too still believe in feminism and i still believe in the saving power of rock music as bauer proclaims at the end of the article so why am i left feeling skeptical and unconvinced,4,fear,"Ako rin ay naniniwala pa rin sa feminismo at sa kapangyarihang nagliligtas ng musika ng rock gaya ng sinasabi ni Bauer sa dulo ng artikulo, kaya bakit ako naiwan na may pagdududa at hindi kumbinsido?"
i cant help but feel suspicious of everything,4,fear,Hindi ko mapigilan ang mag-alinlangan sa lahat ng bagay.
i feel even more beaten down without the encouragement and am afraid i might try to hide from the world in bed feeling like i ve already lost,0,sadness,Mas lalong nadarama kong nababagsak ang loob ko nang wala ang pag-uudyok at natatakot akong baka magtago ako sa kama at magkunwari na natalo na ako.
i want to feel intelligent sexy cute funny,1,joy,"Gusto kong maramdaman na matalino, seksi, cute, at nakakatawa."
i don t know how to feel any other way about losing someone who feels like a member of my family than heartbroken,0,sadness,Hindi ko alam kung paano iba ang pakiramdam ko kundi masaktan kapag nawawala ang isang taong parang pamilya ko.
im not sure if it has something to do with venus being so close but i have been feeling so depressed,0,sadness,"Hindi ko sigurado kung may kinalaman ito sa pagiging malapit ni Venus, pero nararamdaman kong sobrang depressed."
i don t feel too troubled over work anymore getting used to the movement of the day,0,sadness,"Hindi na ako gaanong nababahala sa trabaho, sanay na ako sa takbo ng araw."
im inclined to believe that im simply too lazy to feel particularly greedy,3,anger,Nahilig akong maniwala na ako'y simpleng tamad upang maramdaman ang partikular na kasakiman.
i only heard news that made me feel really delighted,1,joy,Narinig ko lamang ang mga balita na nagpapasaya sa akin nang lubusan.
i feel greedy and selfish,3,anger,Nararamdaman kong sakim at makasarili.
i could follow every twitch of thought and swell of feeling quiver through his tortured expression,3,anger,"Makikita ko ang bawat pag-ikot ng kanyang iniisip at pagtaas ng damdamin, na kumakalat sa kanyang nagdurusaang mukha."
i feel like i am the most creative and talented person ever okay well maybe not but i do feel pretty good about myself,1,joy,"Nararamdaman kong ako ang pinakamaganda at pinakamatalinong tao sa mundo, sige, marahil hindi, pero masaya ako sa aking sarili."
i feel too smugly virtuous about re using old textiles to feel bad about a few extra seams in a thing,1,joy,Nararamdaman kong masyadong mapagmataas at makatarungan dahil sa paggamit muli ng lumang tela kaya nahihiya akong magkaroon ng ilang karagdagang tahi sa isang bagay.
one night,1,joy,Isang gabi
i always feel reassured after my appts,1,joy,Lagi akong nakakaramdam ng kapayapaan pagkatapos ng aking mga appointment.
i feel so glad that were chosen in the same batch,1,joy,Masaya akong tayo ay napili sa parehong grupo.
i am only confirming that i feel what acker felt or recognise at least that rich world she describes,1,joy,Ako ay nagko-confirm lamang na nararamdaman ko ang naramdaman ni Acker o nakikilala ko kahit papaano ang mayamang mundo na inilalarawan niya.
i feel remorseful when i act the drunken fool too,0,sadness,Nakakaramdam ako ng pagsisisi kapag nag-aaksaya ako ng alak at nagiging tanga.
i think and how i feel and i m kind of proud that i have the guts to share this,1,joy,"Iniisip ko at nararamdaman ko, at medyo mapagmamalaki ako na may lakas ng loob akong ibahagi ito."
i ask that before you dump millions of dollars into your party which you have rightfully earned perhaps consider that as the leader of the free world you should be feeling the crunch as well,1,joy,"Humingi ako na bago mo ilaan ang milyun-milyong dolyar sa inyong partido na karapat-dapat ninyong itabi, isaalang-alang na bilang lider ng malayang mundo, dapat din kayong maramdaman ang hirap."
i feel delighted when i make good food,1,joy,Masaya ako kapag nagluluto ako ng masarap na pagkain.
i am now feeling much more positive about her agility future because i could actually see it is there shes due her second measure some time over the next months and i would so love her to measure into small,1,joy,Mas positibo na ako ngayon tungkol sa kanyang kinabukasan dahil nakikita ko na ito ay naroroon. Dapat siyang sukatin muli sa susunod na mga buwan at sana ay masukat siya bilang maliit.
i have here is that whilst in one turn ill want people to make me feel better but on the other i dont want to have to think about it at all,1,joy,"Narito ang aking nararamdaman: minsan gusto kong maramdaman ng mga tao ang pagpapabuti ng aking kalooban, ngunit sa kabilang banda ay ayaw kong isipin ito nang lubusan."
i was feeling benevolent and understanding because i said nothing,1,joy,Nararamdaman kong mapagbigay at maunawaing tao dahil hindi ako nagsalita.
i remember feeling hair and being confused my kids dont have hair at birth but not having the presence of mind to really process what i was feeling,4,fear,"Naalala ko ang pakiramdam ng buhok at ang pagkalito ko. Ang mga anak ko ay wala namang buhok sa kapanganakan, ngunit hindi ko naisip nang mabuti ang nararamdaman ko noon."
i was really upset when he went away though i can understand how he must feel and i wont be greedy and pester him about it,3,anger,"Napakasakit nang umalis siya, kahit na naiintindihan ko kung paano siya nararamdaman at hindi ako magiging sakim at hahabulin siya tungkol dito."
i completely feel sympathetic for my children that suffer mentally because life is just too over stimulating,2,love,Lubos akong nakikiramay sa aking mga anak na nagdurusa sa kanilang kalusugan ng isip dahil ang buhay ay sobrang nakakabighani.
i feel the isolation and despair of the rejected,0,sadness,Nararamdaman ko ang pag-iisa at kawalan ng pag-asa ng mga tinanggihan.
i feel dirty srcurl http draftbloger,0,sadness,Nararamdaman kong marumi.
i feel a divine calling to become an lsd chemist the pub shroomery message board link href smarty templates css www,1,joy,"Nararamdaman kong may banal na tawag sa akin upang maging isang chemist ng LSD, ang link ng pub shroomery message board ay nasa www."
i was feeling aching earlier this morning but not much now,0,sadness,Masakit ako kanina ng umaga pero hindi na gaanong masakit ngayon.
i am just kind of left feeling insecure and uneasy in my own skin,4,fear,Nararamdaman ko lang na hindi ako komportable at hindi ako sigurado sa aking sarili.
i hate feeling that a day got away from me and nothing not one thing productive got done,1,joy,"Ayaw kong maramdaman na nawala ang isang araw at wala, kahit isang bagay man lang na produktibo ang nagawa."
im feeling cranky im not going to lie,3,anger,"Hindi ako magtatago, may sama ng loob ako."
im feeling paranoid already,4,fear,Parang kinakabahan na ako.
i did feel bad for her because she did feel like she was getting pressured to get her cherry popped,0,sadness,Naawa ako sa kanya dahil parang pinipilit siyang mawalan ng pagkaanak.
i always feel relaxed and happy there,1,joy,Lagi akong nakakaramdam ng pagpapahinga at saya doon.
i would feel miserable but i believe this misery comes from me not placing my faith in the works of christ,0,sadness,Magiging malungkot ako ngunit naniniwala akong ang kalungkutan na ito ay nagmumula sa aking pagkabigo na magtiwala sa mga gawa ni Kristo.
i can see a dramatic improvement in my skills on the dubied already and feel that with practice i could produce lovely work in the future,2,love,"Nakikita ko ang malaking pagpapabuti sa aking mga kasanayan sa pag-dub at nararamdaman kong sa pamamagitan ng pagsasanay, magagawa kong maganda ang aking mga gagawin sa hinaharap."
im feeling quite positive at the moment,1,joy,Nararamdaman kong medyo positibo ngayon.
i read them it is the only point of my day where i feel like im actually an intelligent human being,1,joy,"Binabasa ko sila, iyon ang tanging punto ng araw ko kung saan nararamdaman kong tunay akong matalinong tao."
i always get the feeling that im actually dampening my friends moods because theyre all so carefree and happy with their life while i dont show the same enthusiasm,1,joy,Lagi kong nararamdaman na ako'y talagang pinapanghihina ang kalooban ng aking mga kaibigan dahil sila'y lahat ay malayang at masaya sa kanilang buhay samantalang hindi ko ipinakikita ang parehong sigla.
i feel so happy when i eat something that i know i started from seed and cared for along the way,1,joy,Napakasaya ko kapag kumakain ako ng isang bagay na alam kong nagmula sa binhi at inalagaan ko sa bawat hakbang.
i read the sentinel article on hanford city councilman dan chins proposed media policy and the secret committee meetings my feelings could be summed up in a single word alarmed,4,fear,Nabasa ko ang artikulo sa Sentinel tungkol sa ipinapanukalang patakaran sa midya ni Hanford City Councilman Dan Chin at ang lihim na mga pulong ng komite. Ang aking nararamdaman ay maaaring ipakahulugan sa isang salita: alerto.
i feel like ive had a pretty productive lazy weekend all things considered,1,joy,"Parang nakagawa ako ng marami kahit na parang tamad lang ang weekend ko, kung titingnan mo."
id be feeling paranoid about going bald,4,fear,Magiging paranoiac ako sa pagkawala ng buhok.
i do feel offended and i think justly,3,anger,Nararamdaman kong nasasaktan at sa tingin ko ay may dahilan.
i feel like this because i start being naughty in order to validate my existance,2,love,Nararamdaman ko ito dahil nagsisimula akong maging masama upang patunayan ang aking pag-iral.
when i damaged my wristwatch which i liked very much,3,anger,Nang nasira ang aking wristwatch na lubos kong minamahal.
i have had things happen and allowed things to happen to me that have made me feel ugly disgusting and unworthy of being loved or even feeling like i matter in this world,0,sadness,"May mga nangyari sa akin, at pinayagan kong mangyari, na nagpaparamdam sa akin na pangit, nakakabastos, at hindi karapat-dapat mahalin o kahit na maramdaman na may halaga ako sa mundo."
i am left feeling unsure and confused,4,fear,Nag-iiwan ako ng pakiramdam na hindi sigurado at nalilito.
i know this is supposed to come across as funny but i can t help but feel sorry for the poor guy,0,sadness,Alam kong dapat ito ay magmukhang nakakatawa ngunit hindi ko mapigilan ang aking pagdadalamhati para sa mahirap na lalaki.
i dont really care about just because i can and thats what feels rotten,0,sadness,Hindi ako talagang nag-aalala dahil lang kaya ko at iyon ang nararamdaman kong masama.
i have studied logic and ethics and i know with certainty that the motivation of feeling superior is not an excuse for judgement finger pointing and its eventual consequence hatred and in this case homophobia,1,joy,"Pinag-aralan ko ang lohika at etikal, at alam kong tiyak na ang motibasyon ng pagpakiramdam na mas mataas ay hindi kapatawaran para sa paghatol, pagtutuya, at ang posibleng bunga nito na poot at sa kasong ito, homofobia."
i took a little liberty here artistic license perhaps and went with a festive feeling for these as well,1,joy,"Nagkaroon ako ng kaunting kalayaan dito, marahil isang artistikong lisensya, at pinili kong magkaroon ng masiglang pakiramdam para sa mga ito rin."
i feel listless and unable to imagine ever working again,0,sadness,Nararamdaman kong walang gana at hindi ko maisip na magtrabaho muli.
i feel permanently heartbroken but at the same time if she were to ask me out again i would mend it right up and do it again,0,sadness,"Nararamdaman kong permanente akong nasasaktan ng puso ngunit sa parehong oras, kung hihingi ulit siya sa akin, aayusin ko ito kaagad at gagawin ko ulit."
i started feeling like myself again but it was a pretty rotten time in between,0,sadness,"Nagsimula akong magkaroon ng pakiramdam na ako na naman, ngunit talagang masama ang panahon sa pagitan."
i love hanging with the kids feeling calm focused and relaxed a burgeoning garden working out spending time with friends and loved ones dinner parties celebrations creative time weekends away healthy house plants,1,joy,"Gustung-gusto kong magkasama ang mga bata, pakiramdam ay kalmado, nakatuon, at nakarelaks; magtanim ng lumalaking hardin, mag-ehersisyo, maglaan ng oras sa mga kaibigan at mahal sa buhay, mag-host ng hapunan, magdiwang, magkaroon ng oras para sa pagkamalikhain, magbakasyon sa mga weekend, at alagaan ang mga malusog na halaman sa bahay."
i had to change after several months due to the fact that i didnt feel my daughter was being helped or my daughter convinced me how rotten the therapists were,1,joy,Kinakailangang baguhin ko ito pagkatapos ng ilang buwan dahil hindi ko naramdaman na tumutulong sa aking anak o aking anak ang nag-convince sa akin kung gaano kasira ang mga therapist.
i am feeling very delighted after watching the indian cricket team chasing sri lankas mammoth total of,1,joy,Napakasaya ko matapos panoorin ang Indian cricket team na habulin ang napakalaking kabuuang puntos ng Sri Lanka.
i get the feeling that i m doing something naughty,2,love,Nararamdaman kong ginagawa kong masama ang isang bagay.
my flatmate was asking questions about my relationship with my boyfriend,3,anger,Tinatanong ng aking flatmate tungkol sa aking relasyon sa aking boyfriend.
i returned to the ground floor feeling dazed,4,fear,Bumalik ako sa ground floor na parang nabighani.
i did indeed feel sentimental about this first home of ours together,0,sadness,Tunay ngang nadarama ko ang pagka-sentimental tungkol sa ating unang tahanan magkasama.
i love loving people and when i get the opportunity to really show how i feel i m going to do it no matter how stupid it sounds,0,sadness,"Mahal ko ang magmahal ng mga tao at kapag may pagkakataon akong tunay na ipakita ang aking nararamdaman, gagawin ko iyon kahit gaano pa ito kahalata."
ive spent a while with i still cant make good conversation with and feel awkward around,0,sadness,Matagal ko nang kasama ngunit hindi pa rin ako makasagot ng maayos at nakakaramdam ng hiya kapag nasa tabi niya.
i feel that thursday was the important first step that is needed towards helping e get better with her eating,1,joy,Nararamdaman kong ang Huwebes ay ang mahalagang unang hakbang na kailangan upang matulungan si E na gumaling sa kanyang pagkain.
i feel this ad does i m not impressed,4,fear,Hindi ako nabighani sa ad na ito.
i feel that im as curious as when i was a child,4,fear,Nararamdaman kong kasing-makulit ng aking pagkabata ang aking pagiging mausisa.
i can feel that gentle rhythm imprinted on my skin i vibrates up my arm my stomach clenches my legs squeeze i forget his own leg has somehow ended up between mine,2,love,"Nararamdaman ko ang malumanay na ritmo na nakaukit sa aking balat, kumakalat ito sa aking braso, sumasakit ang aking tiyan, nakakuyom ang aking mga binti, nakakalimutan kong ang kanyang binti ay nasa pagitan ng akin."
i was feeling paranoid as fuck thinking people would be out looking for me,4,fear,"Parang baliw ako sa kaba, akala ko hinahanap na ako ng mga tao."
i feel accepted for who i am,2,love,Nararamdaman kong tinatanggap ako para sa kung sino ako.
i feel tortured with tiredness everyday,4,fear,Araw-araw akong nilalason ng pagod.
i feel like a petty murder shoudlnt be punished nearly as heavily as human beings who are constantly shitty to other human beings,3,anger,Parang mali na ang isang maliit na krimen ay parusahan nang halos katulad ng mga tao na lagi nang masama sa kapwa tao.
i feel so thankful to have been able to be apart of the one in the bay area,1,joy,Nararamdaman kong sobrang nagpapasalamat dahil naging bahagi ako ng isa sa Bay Area.
i love the way i just look into her eyes and feel assured,1,joy,Mahal ko ang paraan kung paano ako tumitingin sa kanyang mga mata at nararamdaman ang katiyakan.
i have realized from this past week is that it is ok to feel heartbroken,0,sadness,Napagtanto ko sa nakalipas na linggo na'yos lang pakiramdamang nasasaktan ang puso.
i have been too worried about money and the state of our industry ok and a little surgery to engage in such trips lately but for some hard to determine reason i am feeling a little more relaxed,1,joy,"Napakabagal ko nang mag-alala tungkol sa pera at kalagayan ng ating industriya, at medyo nahihirapan akong maglakbay dahil sa ilang operasyon kamakailan, ngunit sa ilang hindi malinaw na dahilan, nararamdaman kong medyo nakakarelaks."
i think i could manage one team in jacksonville without feeling too dirty,0,sadness,Akala ko kaya kong pangasiwaan ang isang koponan sa Jacksonville nang hindi masyadong maramdaman ang kasalanan.
i feel defective for not wanting what makes me a woman,0,sadness,Nararamdaman kong may mali sa akin dahil ayaw ko ng mga bagay na nagpapakilala sa akin bilang babae.
i ended up asking my seminar professor is it completely normal to have these alternating periods of intense paranoia at my own inadequacies and at times feeling completely self assured and annoyingly pompous and accomplished,1,joy,Nagtapos akong magtanong sa aking propesor sa seminar kung normal ba talaga ang magkaroon ng mga palitan ng matinding pag-aalinlangan sa aking kakayahan at minsan ay pakiramdam na lubos akong mapagtiwala at nakakainis na mapagmataas at matagumpay.
i actually feel really horribly vain posting this but im kinda curious,0,sadness,Talagang nahihiya akong mag-post nito pero medyo kinakabahan din ako.
i got to know more about the three movies i feel sincere respect to the director richard linklater and the whole team of crew of creating this love story,1,joy,Mas lalo kong naunawaan ang tatlong pelikula at nararamdaman kong tunay na may paggalang ako sa direktor na si Richard Linklater at sa buong koponan sa paglikha ng kuwentong ito tungkol sa pag-ibig.
i feel back onto my bed caring for my stinging eye,2,love,Nararamdaman kong bumalik sa aking kama habang inaalagaan ang aking sumasakit na mata.
i just feel distressed i dont know why though but i do,4,fear,"Nararamdaman ko lang ang pagkabalisa, hindi ko alam kung bakit pero totoo iyon."
i feel really stressed out,0,sadness,Napakastress ko talaga.
i like this photo of myself because i feel that i look more elegant in indian clothes,1,joy,"Gustung-gusto ko itong larawan ko dahil sa tingin ko, mas elegante ako sa damit na Indian."
i want to thank you for making me feel a little more accepted,1,joy,Gusto kong magpasalamat sa iyo dahil sa pagpaparamdam na mas kaunti ang aking pagtanggi.
i feel stupid typing that,0,sadness,Nararamdaman kong tanga habang nagte-type nito.
i was wide awake and miserable at am still feeling like crap when i got a very pleasant surprise,1,joy,"Gising ako at malungkot, at nararamdaman ko pa rin ang pagkasira ng pakiramdam ko nang makatanggap ako ng isang napakagandang sorpresa."
i feel like one of those dirty confidential intermediaries that i so dislike,0,sadness,"Nararamdaman kong parang isa sa mga maruming, lihim na tagapamagitan na aking kinamumuhian."
i am feeling especially irritated,3,anger,Lalo akong nakakainis ngayon.
i feel much more relaxed this year said jane pollicino who came to ground zero tuesday morning to mourn her husband who was killed at the trade center,1,joy,"Mas nakakarelaks ako ngayong taon, sabi ni Jane Pollicino na pumunta sa Ground Zero noong Martes ng umaga upang ipagluksa ang kanyang asawang namatay sa World Trade Center."
i think i used to overeat i mean one reason anyway was because i wanted to make sure i didn t feel deprived later,0,sadness,"Akala ko dati ay sobra akong kumakain, isa sa dahilan kasi ay para siguraduhin na hindi ako makararamdam ng pagkukulang mamaya."
i am enjoying the month old puppy piddi and feeling the gentle breeze that floats through the cool inner chambers of the house,2,love,Nasisiyahan ako sa isang buwang gulang na tuta na si Piddi at nararamdaman ang malumanay na simoy ng hangin na dumadaan sa malamig na loob ng bahay.
i just want to stop feeling so shitty i feel terrible and horrid and eurgh,0,sadness,"Gusto ko lang huminto sa pagpikit ng ganito, masama at nakakabastos ang pakiramdam ko, eurgh."
i need her and offers valuable constructive advice when i feel unsure or negative about my writing,4,fear,Kailangan ko siya at nagbibigay ng mahalagang at makabuluhang payo kapag hindi ako sigurado o negatibo tungkol sa aking pagsusulat.
ive survived thanksgiving scouts birthday and preparation for the pinewood derby im feeling pretty good,1,joy,"Nakaligtas ako sa Thanksgiving, sa kaarawan ng mga Scouts, at sa paghahanda para sa Pinewood Derby, medyo maganda ang pakiramdam ko."
i lock mine with a long lifeline and loop to a cleat or piling and take my gas line and if i m feeling especially paranoid the spark plug too covering the hole with duct tape,4,fear,"Isinasara ko ang aking [bangka/motor] gamit ang mahabang tali at ikot sa cleat o piling, at kinukuha ko ang aking linya ng gasolina at kung lalo akong mapag-ingat, kinukuha ko rin ang spark plug, at natatakpan ang butas gamit ang duct tape."
i can t help but feel nostalgic every time i listen to it,2,love,Hindi ko mapigilan ang makaramdam ng nostalgia tuwing nakikinig ako rito.
i have cried in my loneliness and smoked because i felt like i had something that made me feel accepted no matter what and also made me not care about what wasn t family spouse and children,1,joy,"Umiiyak ako sa aking kalungkutan at naninigarilyo dahil parang mayroon akong isang bagay na nagbibigay sa akin ng pakiramdam na tinatanggap ako kahit ano pa man at hindi na rin ako nag-aalala sa mga hindi pamilya, asawa, at mga anak."
i feel very envious,3,anger,Napakasungit ng aking nararamdaman.
i got up feeling all lively since the sun is extra bright today,1,joy,Gumising ako na parang puno ng enerhiya dahil sobrang maliwanag ng araw ngayon.
i am feeling quite well this morning,1,joy,Mabuti ang aking pakiramdam ngayong umaga.
i am feeling overwhelmed by god s grace,4,fear,Nararamdaman kong napakalaki ng biyaya ng Diyos sa akin.
i eat and feel satisfied,1,joy,Kumain ako at nakaramdam ng kasiyahan.
i don t have a gigantic fabric stash so each piece feels very precious to me,1,joy,Wala akong malaking koleksyon ng tela kaya bawat piraso ay napakahalaga sa akin.
i feel complacent in my life,1,joy,Nakakaramdam ako ng kasiyahan sa aking buhay.
im feeling very generous i bought a gift for a too,1,joy,"Napakabait ko ngayon, bumili ako ng regalo para sa isang tao."
i feel like this i can look into that sweet face and remember that im supposed to love you,1,joy,"Nararamdaman ko na sa mukha mong iyon, matamis at kaakit-akit, na dapat kitang mahalin."
i would also change the floor to a more pleasant feeling and dog friendly flooring,1,joy,Gusto ko ring palitan ang sahig sa mas komportableng at ligtas para sa aso.
i just feel disillusioned,0,sadness,Nararamdaman ko lang ang pagkabigo.
i left feeling pretty chuffed with my finds,1,joy,Umalis ako na medyo masaya sa aking mga natagpuan.
i always feel very threatened by her when it comes to guys cox you no she gets a lot of contact with the guys i like like my first and bf,4,fear,"Lagi akong naduduwag kapag siya ang pinag-uusapan, lalo na pagdating sa mga lalaki, kasi alam mo naman, maraming lalaking gusto ko ang nakakausap niya, tulad ng unang boyfriend ko."
i hardly feel they have any wow factor at all until i saw how stunned liv was at the entire concept,4,fear,Hindi ko halos maramdaman na mayroon silang anumang wow factor hanggang sa makita ko kung gaano kabigla si Liv sa buong konsepto.
i don t know but i enjoy watching movies where pain transcends on me like i can feel my heart aching or i can cry a pail of tears,0,sadness,"Hindi ko alam, pero nasisiyahan akong manood ng mga pelikula kung saan ang sakit ay nararamdaman ko bilang kung ako mismo ang nasasaktan o kaya'y umiiyak ako nang malakas."
i feel about puppy mills puppy mills are run by greedy people who do not care about the quality of life for animals,3,anger,"Nararamdaman ko tungkol sa mga puppy mills, ang mga puppy mills ay pinapatakbo ng mga makasarili na tao na hindi nag-aalala sa kalidad ng buhay ng mga hayop."
i would not accept his love fully feeling of being damaged,0,sadness,Hindi ko tatanggapin ang kanyang pag-ibig nang buo dahil sa nararamdaman kong nasira.
i say i wish shed found out the whole score its more because i feel sad at the idea of her finishing up different from me and tommy,0,sadness,"Sabi ko sana nalaman niya ang lahat, higit dahil malungkot ako sa ideya na magtatapos siya nang iba kay Tommy at sa akin."
i do feel a bit delighted,1,joy,Nararamdaman ko ang kaunting kagalakan.
im so excited but feeling kind of shy about it smile,4,fear,Sobrang excited ako pero medyo nahihiya rin. ngiti
i start to feel frantic where are the candles the matches the one flashlight thats actually ashers bug light no fans in the house move beds outside boys in the bath dont touch the candles goodbye meat in the fridge,4,fear,"Nagsisimula akong mag-panic, nasaan ang mga kandila, ang mga posporo, ang isang flashlight na talagang bug light ni Asher? Walang mga fan sa bahay, ilipat ang mga kama sa labas, mga bata sa paliguan, huwag hawakan ang mga kandila, paalam karne sa ref."
im feeling selfish right now because i want that time back,3,anger,Nararamdaman kong makasarili ngayon dahil gusto kong maibalik ang oras na iyon.
i occasionally find myself feeling desiring the room and time to distill and slowly mull over consider and explore the rich complexities that surround the foggy notion that there is an objective definitive knowledge of tantric buddhism,1,joy,"Minsan, nararamdaman kong nais kong magkaroon ng silid at panahon upang pag-isipan at unti-unting pag-aralan ang mga kumplikadong detalye na nakapaligid sa madilim na konsepto na mayroong obhetibong at tiyak na kaalaman tungkol sa Tantrikong Budismo."
i start writing i feel affectionate interested and frustrated,2,love,"Kapag nagsisimula akong sumulat, nararamdaman kong may pagmamahal, interes, at pagkabigo."
i feel less intimidated with her here to help,4,fear,Mas hindi na ako natatakot kasama siya rito upang tumulong.
i did or i did not doesnt matter any more because i am starting to feel assured of who i am now and have made peace with why i lied in the past,1,joy,Hindi na mahalaga kung ginawa ko o hindi dahil unti-unting nakakaramdam na ako ng katiyakan sa aking pagkatao ngayon at nakahanap na ng kapayapaan sa dahilan kung bakit ako nagsinungaling noon.
i have to loathe myself or even allow myself to feel damaged long term,0,sadness,Kailangan kong gustuhing mag-away sa sarili ko o kahit payagan ang sarili kong masaktan nang matagal.
i feel so uncertain about the decade ahead,4,fear,Hindi ko alam kung ano ang darating sa susunod na dekada.
i also feel i do not deserve anyones sympathy or help or caring because i do not feel worthy of anything,2,love,"Nararamdaman ko rin na hindi ako karapat-dapat sa anumang simpatiya, tulong, o pag-aalaga ng sinuman dahil hindi ko nararamdaman ang aking sarili na karapat-dapat sa kahit ano."
i feel like ive missed the boat,0,sadness,Parang na-miss ko na ang pagkakataon.
i feel that all music has some artistic value but with so much music out there is modern pop really worth investing your time in,1,joy,"Nararamdaman kong may artistikong halaga ang lahat ng musika, ngunit sa dami ng musika ngayon, sulit kaya ang paglalaan ng oras sa modernong pop?"
i feel that someone is trying to pry out of my hands something that is very precious to me,1,joy,Nararamdaman kong may nagsisikap na kunin mula sa akin ang isang bagay na napakahalaga sa akin.
i will feel somehow punished so she holds me as much as possible when she puts the baby down,0,sadness,Nararamdaman kong parang pinarusahan kaya yakap niya ako hangga't maaari kapag inilalagay niya ang sanggol.
im feeling too stressed doing homework that i dont feel like going out,0,sadness,Napakastress ko sa paggawa ng takdang-aralin kaya ayaw kong lumabas.
i feel reassured that the world is the world i remember,1,joy,Nakakapatahan sa akin na ang mundo ay ang mundo na aking naaalala.
i reconciled and life goes on as does marriage but i feel terrible for what i did to her and to the one with whom i had the affair,0,sadness,"Nagkaayos kami at patuloy ang buhay gaya ng kasal, ngunit nararamdaman ko ang malaking kasalanan sa aking ginawa sa kanya at sa taong aking niloko."
im feeling proud of my achievement because cutting off my hair was a big freaking ordeal,1,joy,Masaya ako sa aking tagumpay dahil ang pagputol ng aking buhok ay isang malaking pakikibaka.
i long for this its a need i feel is all of this in vain,0,sadness,"Nais kong maulit ito, isang pangangailangan na nararamdaman ko, lahat ba ito ay walang kabuluhan?"
i finally feel excited to continue to try to lose some weight,1,joy,"Sa wakas, nararamdaman ko ang kilig na magpatuloy sa pagsusubok na mawalan ng timbang."
i feel that some violent natures are generic,3,anger,Nararamdaman kong may ilang uri ng karahasan na likas na taglay.
i feel a longing to call my mother to tell her how sorry i am that i left home early,2,love,Nararamdaman kong may pagnanais na tumawag sa aking ina upang sabihin sa kanya kung gaano ako nagsisisi na umalis ako ng maaga sa bahay.
i feel shy to him all the time,4,fear,Lagi akong nahihiya sa kanya.
i feel safe knowing that the things and people around me are there and will stay there,1,joy,Nakakagaan ng loob na alam kong naroon at mananatili ang mga bagay at tao sa paligid ko.
i do feel his role is as vital as mine and i like feeling that way about our family dynamic,1,joy,"Nararamdaman ko na mahalaga ang kanyang papel gaya ng akin, at nasisiyahan ako sa ganitong pakiramdam tungkol sa dinamika ng ating pamilya."
i immediately related to feeling curious about everything,4,fear,Agad akong nakarelasyon sa pakiramdam ng pagiging interesado sa lahat ng bagay.
im left feeling convinced this is another relationship that is damaged and it was one of only a handful remaining that i had trust in,1,joy,Naiwan akong naniniwala na ito ay isa pang relasyon na nasira at isa ito sa kakaunti lamang na natitira na aking pinagkakatiwalaan.
i started this off feeling a little melancholy but i think the holy spirit must have come in and given me a hand because i feel like now i understand my situation better than i did half an hour ago,0,sadness,"Nagsimula akong ganito, medyo malungkot, pero sa tingin ko dumating ang Espiritu Santo at tumulong dahil ngayon ko nararamdaman na mas nauunawaan ko ang aking kalagayan kaysa kalahati ng oras na nakalipas."
i feel fucking fantastic and wanted to share the news with you,1,joy,Nararamdaman kong sobrang ganda at gustong ibahagi ang balita sa iyo.
i can t believe that someone would feel that this is socially acceptable or even remotely ok,1,joy,Hindi ko makapaniwala na may makakaramdam na ito ay socially acceptable o kahit papaano ay tama.
ive told friends and fellow fans i feel like weve all been partaking in a delicious feast these last seasons and now were about to get that last really fine meal,1,joy,"Sinabi ko na sa mga kaibigan at kapwa tagahanga na parang lahat tayo ay nakikibahagi sa isang masarap na handaan sa mga nakaraang panahon at ngayon ay malapit na tayong makatikim ng huling, tunay na masarap na pagkain."
i feel a litte shaken up by this point,4,fear,Nararamdaman kong medyo nababagabag sa puntong ito.
i are feeling somewhat indecisive about what we want to do to celebrate our anniversary,4,fear,Hindi ko sigurado kung ano ang gusto naming gawin para sa aming anibersaryo.
i feel jolly,1,joy,Masaya ako.
i was feeling unhappy with my work i joined in with the carping,0,sadness,Hindi ako masaya sa aking trabaho kaya sumali ako sa mga nagrereklamo.
i cant feel the pain but i feel the aching ness of my cheek dont know if its because of the long period of opening my mouth,0,sadness,Hindi ko nararamdaman ang sakit pero nararamdaman ko ang pananakit ng aking pisngi. Hindi ko alam kung dahil ba ito sa mahabang panahon na nakabukas ang aking bibig.
i feel like someone who really should learn not to stress out because we live in an ultimately benign universe,1,joy,Nararamdaman kong parang isang tao na dapat talagang matutong hindi mag-stress dahil nabubuhay tayo sa isang uniberso na sa huli ay mabait.
i can t even stand this feeling because i realize that everything is for nothing i will never be with you and i will never see you in my life it hurts but i keep supporting you,1,joy,"Hindi ko kayang tiisin ang pakiramdam na ito dahil napagtanto kong lahat ay walang saysay, hindi kita makakasama at hindi kita makikita sa buhay ko. Masakit ngunit patuloy akong sumusuporta sa iyo."
i feel so proud and blessed to be carrying this baby,1,joy,Napakaganda at napakaswerte kong magdadala ng sanggol na ito.
i went to dads caught up with alice watched idol which was extremly crap and boring i dont know why i watch it but i feel like i need to be loyal to it,2,love,"Pumunta ako sa bahay ng tatay, nakasabay si Alice, nanood kami ng Idol na sobrang pangit at nakakaboring. Hindi ko alam kung bakit ko pa pinapanood pero parang kailangan kong maging tapat dito."
i used to want to get married so i feel a little heartbroken,0,sadness,"Dati, gustung-gusto kong magpakasal kaya medyo nasasaktan ako ngayon."
i know and in the back of my mind i feel like im not being loyal trusting but i need to make sure that im doing the best thing,2,love,"Alam ko at sa likod ng aking isipan, nararamdaman kong hindi ako mapagkakatiwalaan, ngunit kailangan kong matiyak na ginagawa ko ang pinakamabuting bagay."
i will probably never feel bouncy so feel free to remove that emotion from my selection,1,joy,Malamang hindi na ako mararamdaman ang pagiging malakas at masigla kaya pwede mo nang tanggalin ang emosyong iyon sa aking pagpipilian.
i feel like a lot of teenagers including myself feel like this around their parents but with colby it s amplified because she knows how important her dad s job is and she feels like she can t protest how much time he spends doing it,1,joy,"Parang marami akong kaklase, pati ako, na ganito ang nararamdaman sa mga magulang nila, pero kay Colby, mas malakas dahil alam niya kung gaano kahalaga ang trabaho ng kanyang ama at parang hindi siya makapagtatakang gaano katagal niya ito ginagawa."
i was feeling a little skeptical that it would arrive on time the situation was not improved by the fact that despite various perfect party setups seeking in ffxi nobody was bothering to set them up including me but duh im lazy,4,fear,"Nararamdaman kong medyo nag-aalinlangan kung darating ba ito sa tamang oras, lalo pang hindi naging maayos ang sitwasyon dahil kahit na maraming perpektong party setups na hinahanap sa ffxi, wala namang nag-aayos nito, pati ako, pero siyempre, tamad ako."
i feel so emotional when i saw those touch flusher but the position is still on the back when youre in seated position,0,sadness,Napakasensitive ko nang makita ang mga touch flusher ngunit ang posisyon pa rin ay nasa likuran kapag nakaupo ka.
i had been feeling rather unhappy lately because id been feeling left out of groups friends,0,sadness,Nararamdaman ko ang pagiging malungkot kamakailan dahil parang hindi ako kasama sa mga grupo ng mga kaibigan.
i know im probably preaching to the choir on this one but i feel very passionate about the health and well being of my american friends who i love dearly,2,love,Alam kong marahil ako'y nagsasalita sa mga taong nakakaunawa na nito ngunit lubos akong may damdamin tungkol sa kalusugan at kapakanan ng aking mga kaibigang Amerikano na aking minamahal nang husto.
i feel like im really settling into my life here and like im finally back in the spain that ive missed for more than years,0,sadness,Nararamdaman kong tunay na nakakahanap ng aking lugar dito at parang muling nakabalik ako sa Espanya na aking namimiss nang higit sa ilang taon.
im going through some feels today and ive got to admit theyre pretty unpleasant,0,sadness,Nakakaranas ako ng ilang emosyon ngayon at kailangan kong aminin na hindi maganda ang pakiramdam ko.
i just feel so ugly,0,sadness,Parang pangit lang ako.
i feel like i tend be more passionate about things that are less popular to talk about,1,joy,Nararamdaman kong mas madalas akong maging masigasig sa mga bagay na hindi gaanong pinag-uusapan.
i have a feeling i was one of that idiotic childish trumpeters he was talking about luh,0,sadness,"Nararamdaman kong isa ako sa mga bobong bata at walang kwentang trumpetista na tinutukoy niya, luh."
i also think its because im so afraid of feeling victimized again,0,sadness,Akala ko rin ay dahil natatakot akong masaktan muli.
i feel for pete but i also admire the fact that he is not devastated by it and is still his positive happy self,0,sadness,"Naiintindihan ko si Pete, pero hinahangaan ko rin na hindi siya nabigo at nananatiling positibo at masaya."
i feel this way as this version of myself gentle gazing i realise something over and over again,2,love,"Nararamdaman ko ito dahil sa ganitong bersiyon ng aking sarili, habang nakatingin nang mahinahon, napagtanto ko nang paulit-ulit ang isang bagay."
i was in a car accident just me not the kids its left me feeling quite vulnerable,4,fear,"Nasangkot ako sa aksidente ng kotse, ako lang ang nasugatan, hindi ang mga bata. Iniwan akong pakiramdam na medyo mahina at walang proteksyon."
i cant help but also feel incredibly lucky over how it all went down and the community around us,1,joy,Hindi ko mapigilan ang pakiramdam na sobrang swerte rin dahil sa kung paano lahat nangyari at sa komunidad na nakapaligid sa amin.
im feeling generous lately spirit of after christmas maybe,1,joy,"Nararamdaman kong malakas ang pagiging mapagbigay ko ngayon, siguro dahil sa espiritu ng pagkatapos ng Pasko."
i have the power to make another do what i want but in reality feel threatened and desire to control this other person so i am not a href https eqafe,4,fear,May kakayahang gawin ang iba na sundin ang aking kagustuhan ngunit sa katotohanan ay nadarama ang pagbabanta at ninanais na kontrolin ang ibang tao kaya hindi ako.
i am feeling rather thrilled,1,joy,Napakaganda ng pakiramdam ko ngayon.
i was feeling quite broke,0,sadness,Nararamdaman kong medyo wala akong pera.
i didn t feel particularly mad of course they say that when you are going crazy you really feel like you are becoming more sane,3,anger,"Hindi ako lalong nagalit, siyempre sinasabi nila na kapag nagkakasira ka, parang mas nagiging makatwiran ka."
i feel im being punished for not being able to do my dailies,0,sadness,Nararamdaman kong pinarusahan ako dahil hindi ko nagagawa ang aking pang-araw-araw na gawain.
i feel reassured that fashion sometimes takes itself not so seriously and i can smile and feel better about the whole deal,1,joy,Nakakagaan ng loob na minsan ay hindi seryoso ang fashion at kaya ako ay nakangiti at masaya sa kabuuan ng lahat.
i feel gutted now i am joyful and at the same time enraged,1,joy,"Ngayon, nararamdaman kong nasasaktan at masaya, ngunit sabay na rin ang galit."
i was feeling pretty gloomy when i started writing this it s that dreaded time of year of course i burnt the nd set of cake pops that i was baking and i just lost a game of monopoly that game sucks,0,sadness,"Malungkot ako nang simulan kong isulat ito, dahil ito na naman ang kinatatakutang panahon ng taon. Syempre, nasunog ko ang ikalawang batch ng cake pops na aking niluluto at natalo ako sa Monopoly, ang larong iyon ay talagang nakakainis."
id been struggling with feeling highly irritable toward my husband,3,anger,Naghihirap akong magkaroon ng sobrang galit sa aking asawa.
i feel like i get my money s worth because i m getting a delicious artisan cocktail in return,1,joy,Nararamdaman kong sulit ang aking pera dahil nakukuha ko ang isang masarap na artisan cocktail bilang kapalit.
id like to think i could live happily away from home but i know id definitely feel homesick id miss my friends and our fun outings the most,0,sadness,"Gusto kong isipin na kaya kong mabuhay nang masaya malayo sa tahanan, pero alam kong tiyak na ma-homesick ako. Mamahalin ko ang aking mga kaibigan at ang aming masayang lakad-lakad ang pinakakukulang."
i just went out into the garden and you can feel its hot but the wind is ridiculous,2,love,Naglakad lang ako sa hardin at mainit ang pakiramdam pero ang hangin ay talagang kakaiba.
i am not feeling fabulous i can now speak,1,joy,"Hindi ako nararamdaman na kamangha-manghang, ngunit ngayon ay makapagsasalita na ako."
i feel agitated and simply irritated,3,anger,Nararamdaman kong nagagalit at simpleng nainis.
ill mention i listed because they make also some kind feelings like those five or i only like them and ive good memories from those songs,1,joy,"Sasabihin ko, nabanggit ko sila dahil nagdudulot din sila ng ilang damdamin tulad ng limang iyon, o kaya'y gusto ko lang sila at may magagandang alaala ako sa mga kanta nila."
i have already said i am one of many feeling threatened and attacked by the government and media of today and have had to look outside my own small life,4,fear,"Sinabi ko na, isa ako sa marami na nadarama ang pagbabanta at pag-atake mula sa pamahalaan at midya ngayon at kailangan kong tumingin sa labas ng aking maliit na buhay."
i feel resolved some nights i accidentally break down and cry,1,joy,"May mga gabi akong nararamdaman ang paglutas, ngunit minsan ay hindi ko mapigilan ang pag-iyak."
im trying to do something often i just look at the whole problem and feel overwhelmed by it then sometimes avoid the issue for as long as i can,4,fear,"Sinusubukan kong gawin ang isang bagay, madalas ay nakatingin lamang ako sa buong problema at nararamdaman ang pagkabigat nito, kaya minsan ay iniwasan ko ang isyu hangga't maaari."
i feel completely groggy this morning,0,sadness,Napakasungit ko ngayong umaga.
i feel grief for the families of those who were caught in this tragic incident,0,sadness,Nakakaramdam ako ng kalungkutan para sa mga pamilya ng mga biktima ng trahedyang ito.
i love about my job i still feel dissatisfied,3,anger,Gustung-gusto ko sa trabaho ko pero hindi pa rin ako kuntento.
i am feeling afraid cos he isnt answering me again,4,fear,Natatakot ako kasi hindi na siya sumagot sa akin.
i wont feel so damn idiotic,0,sadness,Hindi ako magiging ganito ka-bobo.
i enjoy feedback and love comments on my posts so please do not feel afraid,4,fear,Nasisiyahan ako sa mga feedback at mahilig ako sa mga komento sa aking mga post kaya't huwag kayong matakot magbigay.
i am here to update my blog just found out that my blog looks feels dull when there are no updates,0,sadness,"Narito ako upang i-update ang aking blog, natuklasan ko lang na parang mapurol at walang buhay ang aking blog kapag walang mga bagong update."
i feel that i have so much to do to make a positive impact on this world we live in,1,joy,Nararamdaman kong marami akong dapat gawin upang magkaroon ng positibong epekto sa mundo natin.
i feel for the genuinely shy and cautious women at home who after reading shades think that theres something wrong with them that they dont orgasm when someone touches their boob,4,fear,"Nakakaramdam ako ng awa sa mga tunay na mahiyain at maingat na kababaihan sa tahanan na pagkatapos basahin ang Shades, akala nila may mali sa kanila dahil hindi sila nakakarating sa klimaks kapag hinahawakan ang kanilang dibdib ng isang tao."
i think i was right to feel insulted,3,anger,Akala ko'y tama akong mag-isip na nasaktan ang aking damdamin.
i was sitting in class on tuesday afternoon and all of a sudden that same feeling came over me a delicious feeling of being slightly out of control and out of my depth a thrill of adrenaline that left me weak and drained yet excited and inquisitive all at once,1,joy,"Nakaupo ako sa klase noong Martes ng hapon at biglang bumalik ang pakiramdam na iyon, isang masarap na pakiramdam ng pagiging bahagya nang hindi kontrolado at nasa labas ng aking kakayahan, isang kilig ng adrenaline na iniwan akong mahina at pagod ngunit excited at nagtatanong sa parehong oras."
i just got home from a dinner with the barcial it was fun but it made feel so gloomy,0,sadness,"Nanggaling lang ako sa hapunan kasama ang mga Barcial, masaya ito pero parang nalulungkot ako."
i feeling more determined than ever to really nail this race,1,joy,Mas determinado kaysa kailanman akong talunin ang karera na ito.
im feeling quite pathetic and miserable actually,0,sadness,Talagang nakakaramdam ako ng pagkadismaya at kalungkutan.
i have thankful for being able to feel thankful after getting through hardship,1,joy,Nagpapasalamat ako sa kakayahang maramdaman ang pasasalamat matapos mapagtagumpayan ang mga pagsubok.
i understand and appreciate the concern for safety i feel that the real focus of the market the vendors has been ignored,0,sadness,"Naiintindihan at pinahahalagahan ko ang pag-aalala sa kaligtasan, ngunit sa palagay ko ay inabandona ang tunay na pokus ng merkado, ang mga tindero."
i experience all my normal moods feel annoyed when my year old whines or my baby wants to be held while im making dinner but i no longer feel consumed by these emotions,3,anger,"Nararamdaman ko pa rin ang aking mga normal na emosyon, nagagalit kapag umiiyak ang aking isang taong gulang o gustong yakapin ako ng aking sanggol habang nagluluto ako, ngunit hindi na ako lubos na nasasakop ng mga damdaming ito."
ive gotten so used to hearing from david all the time i havent heard a lot from him tonight he stayed over last night and as a result im feeling a little paranoid,4,fear,"Napag-sanayan ko nang marinig si David lagi, hindi siya masyadong nagte-text ngayon. Nag-overnight siya kagabi kaya medyo kinakabahan ako."
i am feeling really quite disheartened,0,sadness,Napakasakit ng pakiramdam ko ngayon.
i realise my thoughts feelings emotions reflect my acceptances and allowances as a result of accepted and allowed programming and conditioning through and as time,1,joy,"Napagtanto ko na ang aking mga iniisip, damdamin, at emosyon ay nagpapakita ng aking pagtanggap at pagpapahintulot bilang resulta ng tinanggap at pinahintulutang programa at kondisyon sa paglipas ng panahon."
i must say that the initial splash was not too bad but after a few strokes you could feel the cold getting into your bones,3,anger,"Dapat kong sabihin na ang unang paglubog ay hindi masama ngunit pagkatapos ng ilang hampas, nararamdaman mo nang ang lamig ay tumatagos sa iyong mga buto."
i am living with my dad and his wife in his new home and i feel very unwelcome here,0,sadness,"Nakatira ako kasama ng aking ama at ng kanyang asawa sa kanilang bagong tahanan, ngunit nararamdaman kong hindi ako tinatanggap dito."
i feel really despised i haven t told them yet but it s really awful feeling so segregated,3,anger,"Nararamdaman kong lubos na kinamumuhian, hindi ko pa sila nasasabihan ngunit talagang masakit ang pakiramdam na ganito kalayo sa kanila."
i feel really nervous about losing it i print the file out on to paper as a final security,4,fear,Napakakaba ko na baka mawala iyon kaya in-print ko ang file sa papel bilang huling hakbang sa seguridad.
i needed to know i mattered that my feelings were important and that i mattered enough to be pursued and cherished and protected,1,joy,"Kailangan kong malaman na mahalaga ako, na ang aking damdamin ay mahalaga, at na sapat akong mahalaga upang habulin, ingatan, at protektahan."
i feel i am kinda pissed off,3,anger,Nararamdaman kong medyo galit ako.
im feeling very optimistic about my stash reducing abilities this month too so you can expect a really big empties post next time,1,joy,"Napakabuti ng pakiramdam ko tungkol sa aking kakayahang mabawasan ang aking mga nakapiling gamit ngayong buwan kaya inaasahan mong magkakaroon ng isang napakalaking post ng mga ""empties"" sa susunod na pagkakataon."
i feel ungrateful by saying this because the school is still letting me go to prom,0,sadness,Nararamdaman kong hindi ako nagpapasalamat sa pagsasabi nito dahil pinapayagan pa rin akong pumunta sa prom ng paaralan.
i would not feel hesitant in using the medical system again if needed,4,fear,Hindi ako mag-aalinlangan na gamitin muli ang sistema ng medikal kung kinakailangan.
i get in bed and feel thankful that i made it through one more day but then i have to get up and do it again,1,joy,Pumasok ako sa kama at naramdaman ang pasasalamat na nakayanan ko ang isa pang araw ngunit kailangan kong bumangon at ulitin ito.
i am inferior to them then i feel as i did as a child who was not respected not listened to and not allowed to have an opinion,1,joy,"Mas mababa ako sa kanila kaya nararamdaman ko ang aking sarili gaya ng bata na hindi nirerespeto, hindi pinakinggan, at hindi pinagbibigyan ng opinyon."
i have to admit ive been feeling kinda homesick these past couple of days,0,sadness,"Kailangan kong aminin, medyo nami-miss ko na ang tahanan nitong mga nakaraang araw."
i felt like earlier this year i was starting to feel emotional that it was all over but now its just surreal confusion to be quite honest,0,sadness,"Nararamdaman ko noong unang bahagi ng taon na unti-unting nadarama ko ang emosyon na natapos na ang lahat, ngunit ngayon ay kakaibang kalituhan ang nararamdaman ko, kung tapat ako."
i feeling humiliated,0,sadness,Nararamdaman kong nahihiya.
i liked knowing that i am not the only one feeling the way i do about job options the thing that i liked the most was i was able to find some career path and i found some interests,2,love,Gustung-gusto kong malaman na hindi ako nag-iisa sa nararamdaman ko tungkol sa mga pagpipilian sa trabaho. Ang pinakagusto ko ay nakahanap ako ng ilang landas sa karera at ilang interes.
i could feel her eyes boring a hole in my neck as i quickly stepped to the side so i wasn t in the way of her son anymore,0,sadness,Nararamdaman kong nakatitig siya sa aking leeg habang mabilis akong lumipat sa tabi upang hindi na siya hadlang sa kanyang anak.
i still feel a little shitty right now as i type this,0,sadness,Parang medyo masama pa rin ang pakiramdam ko habang ini-type ko ito.
i could only feel this relaxed all the time,1,joy,Lagi akong nakakaramdam ng ganitong kaluwagan.
when i was attacked by a teenage boy and had my wallet stolen,4,fear,Nang sinalakay ako ng isang batang lalaki at ninakaw ang aking pitaka.
i had a trainer i dont think i ever weighed as little as i do now so im feeling pretty excited,1,joy,"Mayroon akong trainer, at hindi ko akalaing magiging kaunti ang timbang ko ngayon, kaya medyo nasisiyahan ako."
i was feeling pretty rotten,0,sadness,Nararamdaman kong medyo masama ang pakiramdam ko.
ive missed over a month of training and organised etape prep rides including the etape caledonia and am generally feeling pretty pissed off and depressed about the whole affair so have avoided thinking about it,3,anger,"Namimiss ko nang mahigit isang buwan ng pagsasanay at mga organisadong pagsakay para sa etape, kasama na ang Etapet Caledonia, at pangkalahatan ay nararamdaman kong galit at malungkot tungkol sa lahat ng ito kaya iniwasan kong isipin ito."
i feel like a little giggly schoolgirl but its all in fun,1,joy,Parang maliit na gigil na estudyante ako pero lahat ay para sa saya.
i can barely stand the sight of a dog wearing a choke collar because i feel the dog s suffering,0,sadness,Mahirap kong tiisin ang makita ang isang aso na nakasuot ng choke collar dahil nararamdaman ko ang pagdurusa nito.
i feel like buy to play is the most accepted model by consumers at large,2,love,"Parang ang ""buy to play"" ang pinaka-tinatanggap na modelo ng mga mamimili."
i wish gervase would have piped down so id feel a little less vulnerable right now,4,fear,Sana tumigil na si Gervase para hindi ako masyadong makaramdam ng kahinaan ngayon.
i am feeling genuinely proud of myself,1,joy,Tunay akong nagmamalaki sa aking sarili.
i see myself behave in relation to feeling positive or negative and the way others perceive me within doing so,1,joy,Nakikita ko ang aking kilos bilang tugon sa mga positibo o negatibong damdamin at sa paraan ng pagtingin sa akin ng iba habang ginagawa ko ito.
i will stop feeling heartbroken when i see my unfollows,0,sadness,Tititigil akong masaktan kapag nakikita ko ang mga hindi na ako sinusundan.
i already am but i dont know if cashier work is for me i am hoping that after a while i might ask to get transferred to stocking an area i feel more contented in,1,joy,"Ako ay nasa trabaho na ngunit hindi ko alam kung ang pagiging cashier ay para sa akin. Umaasa ako na pagkalipas ng ilang panahon, maaari akong humingi ng paglipat sa pag-iimbak, isang lugar na mas nakakabigay sa akin ng kasiyahan."
i don t like feeling that my family damaged me in some way even though they didn t mean it,0,sadness,"Ayaw kong maramdaman na nasira nila ako sa isang paraan, kahit hindi nila intensyon."
i feel very honoured to be a part of her blogger collaboration series on whats in my handbag,1,joy,"Napakalaking karangalan para sa akin na maging bahagi ng kanyang blogger collaboration series tungkol sa ""Ano ang nasa aking bag?"""
i still feel completely accepted,2,love,Nararamdaman ko pa rin ang ganap na pagtanggap.
i feel amazing after every thrift trip i got on and to have some many in a small amount of time if my idea of bliss once i am earning again i will re claim my crown of thrift princess,4,fear,"Nararamdaman kong kahanga-hanga pagkatapos ng bawat thrift trip na aking nasakyan at magkaroon ng marami sa maikling panahon, ito ang aking ideya ng kaligayahan. Kapag muli akong kumikita, babawiin ko ang aking korona bilang prinsesa ng thrift."
ill feel terrible in the end i dont know why i chose to continue being the shoulder for people to cry on or the one reliable person they can always turn to,0,sadness,"Magiging masama ang pakiramdam ko sa huli, hindi ko alam kung bakit pinili kong magpatuloy na maging balikat para umiyak o ang mapagkakatiwalaang tao na lagi nilang maaring lapitan."
im gonna make you feel just as worthless as you did a few years ago im going to make sure you remember how bad people spoke to you or treated you especially when you needed them,0,sadness,"Gagawin kitang maramdaman na kapareho ng kawalan ng halaga na naramdaman mo ilang taon na ang nakalilipas; titiyakin kong matatandaan mo kung gaano ka kasakit ang mga sinabi at ginawa ng mga tao sa iyo, lalo na noong kailangan mo sila."
i understood somewhere in my heart his feeling of decite and abandonment of all hope for ever trusting me again,1,joy,Naintindihan ko sa isang sulok ng aking puso ang kanyang damdamin ng pagkakanulo at pagsuko sa pag-asa na muling magtiwala sa akin.
i have a feeling she will sleep through the night more and be a little less agitated,4,fear,Nararamdaman kong matutulog na siya nang maayos buong gabi at magiging kaunti nang hindi gaanong magulo.
i say to someone that i feel i have humiliated yeah well thats what you get,0,sadness,"Sinabi ko sa isang tao na nararamdaman kong pinagkaitan ng dangal, oo nga naman, iyon ang dapat mong makuha."
i realised that this was no longer the truth it was merely the truth i remembered i began to feel disheartened,0,sadness,"Napagtanto ko na hindi na ito ang katotohanan, ito'y lamang ang katotohanang aking naalala, at doon nagsimula ang aking pagkadismaya."
i left the office feeling discouraged,0,sadness,Umalis ako sa opisina na nadama ang pagkabigo.
i feel extremely fond of comes an avalanche of anxiety,2,love,"Napakalakas ng pagmamahal ko, ngunit dumating ang isang alon ng pagkabalisa."
i want to write about this because i left campus feeling truly thankful to wesleyan for putting on the kind of event i never dreamed i d be able to attend after just a fairly short car ride,1,joy,Gusto kong isulat ito dahil umalis ako sa kampus na tunay na nagpapasalamat kay Wesleyan dahil sa pag-organisa ng uri ng kaganapan na hindi ko kailanman naisip na makasali matapos lamang ng isang medyo maikling biyahe ng kotse.
i feel sure it does,1,joy,Sigurado akong ganoon nga.
i feel terrified of the future,4,fear,Natatakot ako sa hinaharap.
ive been feeling depressed anxious and unhappy,0,sadness,"Nararamdaman kong malungkot, kinakabahan, at hindi masaya."
i feel strange and weird about this entire struggle am i the only one who deals with this kind of conflict,4,fear,Nararamdaman kong kakaiba at hindi ko maintindihan ang buong pakikibaka na ito. Ako ba ang tanging nakakaranas ng ganitong uri ng tunggalian?
i and most women don t feel particularly burdened by taking the pill there is some unfairness to it,0,sadness,"Ako at karamihan sa mga babae ay hindi nararamdaman ang malaking pasanin sa pag-inom ng pilus, mayroong ilang kawalang-katarungan dito."
i have gone to kitoben and worked with the children and on the playground i feel very joyful to be able to be working for others,1,joy,"Pumunta na ako sa Kitoben at nagtrabaho kasama ang mga bata, at sa playground, nararamdaman kong lubos akong masaya dahil nakakatulong ako sa iba."
i wish i could say that i got a feeling that everything is going to be perfect and painless but i didnt,1,joy,"Sana makasabi akong may nararamdaman akong lahat ay magiging perpekto at walang sakit, pero wala akong ganon."
i enjoy reading immensely and i feel strange or off when i m in between books or just lack the time to read,4,fear,Napakaganda kong mambabasa at nakakakaba o nakakapanghihinayang kapag nasa gitna ako ng mga libro o kulang lang ang oras para magbasa.
i feel deeply disturbed that another mother would condemn me and other mothers like me for finding fulfillment in being a mother,0,sadness,Lubos akong nababahala na may ibang ina ang magkondena sa akin at sa ibang ina tulad ko dahil sa paghahanap ng kasiyahan sa pagiging ina.
i feel delighted to contact you,1,joy,Masaya akong makapag-ugnayan sa iyo.
i feel like a totally horrible person but i really wish he was coming another weekend,0,sadness,"Parang isang lubos na masamang tao ako, pero sana darating siya sa ibang weekend."
i feel greedy with my thoughts and it is a relief to let them linger,3,anger,Nararamdaman kong sakim ang aking mga iniisip at nakakagaan ng loob na hayaang manatili sila.
im feeling generous im going to share them on my blog too,1,joy,Nararamdaman kong mapagbigay kaya ibabahagi ko rin ito sa aking blog.
i feel like i have been a bit obnoxious in my picture posting,3,anger,Parang medyo maingay ako sa pagpo-post ng mga larawan ko.
i feel relieved and excited that someone else feels the same way that i do,1,joy,Nadarama kong nabawasan ang aking pag-aalala at nagiging masaya dahil may iba pang nakakaramdam ng parehong paraan gaya ko.
i feel irritated by everything,3,anger,Naiirita ako sa lahat ng bagay.
i feel groggy this morning,0,sadness,Nararamdaman kong antok pa ako ngayong umaga.
i feel somewhat hopeless and pitiful,0,sadness,Nararamdaman kong medyo walang pag-asa at awa.
im feeling queezy and cant be bothered putting these in order so here goes,3,anger,Nararamdaman kong may pagsusuka at ayaw kong mag-ayos nito kaya eto na.
im not feeling terrific but have nonetheless managed to drag my carcass over to nordstroms a couple times so theres life in me yet,1,joy,Hindi ako gaanong maganda ang pakiramdam ngunit nakayanan kong dalhin ang aking katawan sa Nordstroms ilang beses kaya may buhay pa rin ako.
im feeling rather disheartened,0,sadness,Nakakadismaya ako.
i feel so helpless i have no one to talk to,0,sadness,"Nararamdaman kong lubos akong walang magawa, wala akong makausap."
i feel so hesitant about contacting him,4,fear,Nahihiya akong makipag-ugnayan sa kanya.
i feel so resentful at the sun for chasing me into the house most of the day,3,anger,Nararamdaman kong sobrang galit sa araw dahil pinapasok niya ako sa bahay halos buong araw.
i was feeling doubtful and sad about the relationship i have with this man,4,fear,Nag-aalinlangan at malungkot ako tungkol sa relasyon ko sa lalaking ito.
i suppose that is enough of a statement for those who might feel as i do about his contribution to the unfortunate attitude and rhetoric of conservative christian america,0,sadness,Sa tingin ko sapat na iyon bilang pahayag para sa mga maaaring magkaroon ng parehong damdamin ko tungkol sa kanyang kontribusyon sa malungkot na saloobin at retorika ng konserbatibong Kristiyanong Amerika.
i must say that there were all familiar faces since i go to that church since but there was this feeling that i was shy and i just wanted to stay there with my friend and be clingy with her all through out the meeting,4,fear,"Dapat kong sabihin na lahat ng mukha ay pamilyar dahil pumupunta ako sa simbahang iyon simula noon, ngunit may nararamdaman akong nahihiya at gusto ko lang manatili doon kasama ang aking kaibigan at maging malapit sa kanya sa buong pulong."
im sure there are plenty of lovely parties going on but im not feeling very sociable whats new,1,joy,"Sigurado akong maraming magagandang partido ang nagaganap ngayon pero hindi ako gaanong sosyal ngayon, ano'ng bago?"
i just cant help it from feeling so insecure,4,fear,Hindi ko mapigilan ang aking sarili na hindi maramdaman ang kawalan ng tiwala sa sarili.
i feel like if she isnt happy then no one is,1,joy,"Kung hindi siya masaya, parang wala nang masaya."
i feel like im the mad hatter rather than alice,3,anger,Parang si Mad Hatter ako kaysa kay Alice.
i am feeling very eager for what my darling has in store for us,1,joy,Napakasaya at napakabighani ng aking nararamdaman dahil sa mga inihanda ng aking mahal para sa amin.
i feel like it s boring,0,sadness,Nakakabagot ito.
i feel shocked his words very pure very self,4,fear,"Napakashock ko sa kanyang mga salita, puro at tunay."
i feel genuinely wronged,3,anger,Nararamdaman kong tunay na mali ang ginawa sa akin.
i hated feeling inadequate to meet their needs,0,sadness,Ayaw kong maramdaman na hindi sapat ang aking kakayahan upang matugunan ang kanilang mga pangangailangan.
ive struggled with feeling inadequate or subpar in various areas of my life and i know i always will,0,sadness,Naghihirap ako sa pakiramdam na hindi sapat o mas mababa sa iba't ibang aspeto ng buhay ko at alam kong magpapatuloy ito.
i alternated between wishing i would die and then feeling terrified that something would happen to me leaving my newborn son without a mother,4,fear,Nag-iiba ako sa pagnanais na mamatay at sa pagkabalisa na baka may mangyari sa akin at iiwan ang aking bagong panganak na anak na walang ina.
i do feel a little confused about my reproductive future do i want another baby deep down,4,fear,"Nararamdaman ko ang kaunting kalituhan tungkol sa aking hinaharap na pagpapalaki ng pamilya, gusto ko bang magkaroon ng isa pang anak, sa aking kaloob-looban?"
i am feeling and the ibs symptoms that have resolved,1,joy,Nararamdaman ko ang pagpapagaling at ang mga sintomas ng IBS na nawala na.
im feeling plunge us into a world of melancholy and love,0,sadness,"Nararamdaman ko ang pagbagsak, at ibinababa tayo sa isang mundo ng kalungkutan at pag-ibig."
i feel alone and abandoned i believe i am alone and abandoned,0,sadness,"Nararamdaman kong nag-iisa at iniwan ako, naniniwala akong nag-iisa at iniwan ako."
i feel like im waiting for her to get heartbroken all over again,0,sadness,Parang hinihintay kong masaktan siya ulit ng ganito.
i feel more positive today,1,joy,Mas positibo ako ngayon.
i have never met in real life but feel super bonded to through crisis pregnancies and genius children and my new friend sara at a href http everybitterthingissweet,1,joy,"Hindi ko pa siya nakakasalamuha sa totoong buhay ngunit nararamdaman kong sobrang magkakaugnay kami dahil sa mga krisis na pagbubuntis, mga matatalinong anak, at sa aking bagong kaibigan na si Sara sa [link]."
i shouldn t have been surprised by the amount of courage that these men had but i can t help but feel slightly shocked by it,4,fear,"Hindi ako dapat nagulat sa dami ng tapang na taglay ng mga lalaking ito, ngunit hindi ko mapigilan ang maramdaman ang kaunting pagkagulat."
i was able to feel slightly less obnoxious knowing that other girls were jonesing as hard as i am,3,anger,Nakaramdam ako ng kaunting pagpapagaan sa aking pagiging makasarili dahil alam kong iba pang babae ay nagnanais din nang husto gaya ko.
i dont like the way i feel when i am angry,3,anger,Ayaw ko sa pakiramdam ko kapag galit ako.
i feel a bit pissed off because we went first,3,anger,Nararamdaman kong medyo nainis dahil kami ang una.
i herself wearing some of the items and they make me feel optimistic,1,joy,Ako mismo ang nagsusuot ng ilan sa mga bagay na iyon at nagbibigay sa akin ng pakiramdam ng pag-asa.
i don t feel dissatisfied just distracted from my life,3,anger,"Hindi ako nababahala, kundi nababagabag sa aking buhay."
i have hated feeling useless and ineffective,0,sadness,Ayaw kong maramdaman ang pagiging walang silbi at hindi epektibo.
i have to admit i have been feeling very disheartened and disillusioned with the whole publishing community for months,0,sadness,Kailangan kong aminin na nararamdaman ko ang malaking pagkabigo at pagkalito sa buong komunidad ng paglalathala nang mga buwan na ito.
i feel safe and happy when the house is clean,1,joy,Nakakaramdam ako ng ligtas at masaya kapag malinis ang bahay.
i was feeling horny so we let her in,2,love,Nararamdaman kong mainit ang ulo ko kaya pinapasok namin siya.
i feel honored she is a legend i admire her although i dont see the similarities between us,1,joy,"Nararamdaman kong iginagalang siya, isang alamat na aking hinahangaan, kahit hindi ko makita ang mga pagkakatulad natin."
i no longer a chiuv that is one a man with have an obligation to say kaddish and daven from the amud lead prayers i feel more relaxed,1,joy,"Hindi na ako naniniwala na may obligasyon ang isang lalaki na sabihin ang Kaddish at manalangin mula sa amud, mag-lead ng mga panalangin; mas nakakarelaks ako."
i am gonna feel lousy i might as well feel lousy while i am doing something,0,sadness,"Magiging masama ang pakiramdam ko, mas mabuti pang masama ang pakiramdam ko habang ginagawa ko ang isang bagay."
i look at him i feel disgusted and some what annoyed by his actions,3,anger,"Tinitingnan ko siya, nararamdaman kong nababastos at bahagya ring nainis sa kanyang mga kilos."
i discovered this feeling of being a successful grown up when i decide make and indulge in a meal that hits the spot,1,joy,Natuklasan ko ang pakiramdam ng pagiging matagumpay na matanda nang magpasya akong magluto at mag-enjoy ng isang pagkain na talagang nakakabusog.
i just think the media in general i just don t really get portrayed as someone who has feelings or who is sympathetic,2,love,"Akala ko lang, hindi talaga naipakita ng media na may damdamin o kaya'y may pakikiramay."
i must not lie radio actually makes you feel wonderful,1,joy,"Hindi ako dapat magsinungaling, ang radyo nga pala ay talagang nagpapaganda ng pakiramdam."
i i just feel so self content,1,joy,Nararamdaman ko lang ang sobrang kasiyahan sa sarili ko.
im finally feeling comfortable in my own skin,1,joy,Nararamdaman ko na ngayon ang aking kaginhawahan sa aking sariling katawan.
i just like women you also feel this is his truthful straightforwardness flash personality,1,joy,"Gusto ko lang ng mga babae, nararamdaman mo rin ba 'to, ang totoo at diretsang pagkatao niya, ang maliwanag na personalidad?"
i feel pretty successful with that but theres still something in me that says you can do more,1,joy,Nararamdaman kong medyo matagumpay ako doon ngunit may isang boses sa akin na nagsasabi na kaya mong gawin pa ang higit pa.
i was actually feeling quite smart i was understanding the questions without even having to do the readings,1,joy,"Talagang nakaramdam ako ng matalino, naiintindihan ko ang mga tanong kahit hindi ko pa nababasa ang mga akda."
i am feeling pressured and backed into a corner,4,fear,Nararamdaman kong pinipilit at nakakulong na ako.
i tend to question whether there is a god and if i feel i m in intelligent enough company i will tell them if they ask,1,joy,"Kadalasan, nagtatanong ako kung may Diyos at kung nararamdaman kong nasa kumpanya ng mga matalinong tao, sasabihin ko iyon kung itatanong nila."
i visit cantina i leave feeling that the food is lovely but not always worth the price,2,love,Pumupunta ako sa cantina at umuuwi na parang ang pagkain ay masarap ngunit hindi palaging sulit ang presyo.
i wonder what life is like for other people people who can love and be loved who can have sex and enjoy the experience who can feel happiness who get to feel accepted and wanted and needed,1,joy,"Nagtataka ako kung ano ang buhay ng ibang tao, ang mga taong kayang magmahal at mahalin, ang mga taong kayang magkaroon ng sekso at tangkilikin ang karanasan, ang mga taong kayang maramdaman ang kagalakan, ang mga taong nararamdaman ang pagtanggap, pagnanais, at pangangailangan."
i think after i evolve to dress pants i might finally feel comfortable wearing skirts at work but for now theyre in the distant future,1,joy,"Sa tingin ko, pag naging dress pants na ako, baka saka ko na maramdaman ang komportable sa pagsusuot ng mga palda sa trabaho, pero ngayon ay nasa malalayong hinaharap pa sila."
i feel loyal to him in some ways so respect his wish not to tell anyone but it is killing me keeping it inside,2,love,"Nararamdaman kong tapat ako sa kanya sa ilang paraan kaya nirerespeto ko ang kanyang hangarin na hindi sabihin ito sa kahit kanino, ngunit nakakapatay sa akin ang pagtatago nito sa loob."
i can have strong feelings of inadequacy and become convinced that everything is all wrong or i cant do anything right,1,joy,Maaari akong maramdaman ang malalakas na pakiramdam ng kawalan ng kakayahan at maniwala na lahat ay mali o hindi ko magagawa ang anumang tama.
i try that i just feel that im being judged by eyes that only see me as a weird and vain bastard who thinks so much of himself,4,fear,"Sinusubukan ko iyon, pero nararamdaman ko na pinagmamasdan ako ng mga mata na nakikita lamang akong kakaiba at mapagmataas na nilalang na sobrang iniisip ang sarili."
i were feeling pretty isolated and marginalised and my greatest enemy was the united states which is the only country to have ever deployed a nuclear weapon or two against civilians then i might just want to get one myself,0,sadness,"Kung ako ay nararamdaman ang malaking pag-iisa at pagtataboy, at ang aking pinakamalaking kaaway ay ang Estados Unidos, ang tanging bansa na gumamit ng bomba atomika laban sa mga sibilyan, baka gusto kong magkaroon din ako ng isa."
i always feel privileged to see a jay,1,joy,Lagi akong nakakaramdam ng pribilehiyo kapag nakikita ko ang isang maya.
i feel that he was desperately fond of me,2,love,Nararamdaman kong lubos niyang minahal ako.
i wake up i realize that my panty is wet and i feel very horny,2,love,Gumising ako at napagtanto kong basa ang aking panty at nararamdaman kong sobrang init.
i know now and i knew then that it was a season of learning about trusting god and i do feel more peaceful and calm because of it,1,joy,"Alam ko ngayon at alam ko noon na panahon iyon ng pagkatuto tungkol sa pagtitiwala sa Diyos, at nararamdaman ko ang higit na kapayapaan at katahimikan dahil dito."
i feel like i am one of them now before i resigned i got offered a job at the local council,0,sadness,"Nararamdaman kong isa na ako sa kanila ngayon, bago ako nag-resign, inalok ako ng trabaho sa lokal na konseho."
im a bit afraid the cookie is what is making me feel not so fantastic,1,joy,Natatakot ako na baka ang cookie ang dahilan kung bakit hindi ako gaanong maganda ang pakiramdam.
i feel as if i havent been very productive over the past six months,1,joy,Parang hindi ako gaanong produktibo sa nakalipas na anim na buwan.
i felt ok about not feeling ok,1,joy,Naramdaman kong maayos ang pakiramdam ko kahit hindi ako maayos.
i feel jealous becasue i wanted that kind of love the true connection between two souls and i wanted that,3,anger,"Nararamdaman kong mainggit dahil gusto ko rin ang ganitong uri ng pag-ibig, ang tunay na koneksyon ng dalawang kaluluwa, at gusto ko rin iyon."
i feel a mix of emotions lonely sad insecure angry,0,sadness,"Nararamdaman ko ang iba't ibang emosyon: kalungkutan, lungkot, kawalan ng tiwala sa sarili, at galit."
i feel that i really ought to assert myself in some way but she smiles a pleasant blonde woman of early middle age young to me and it seems fine to drift on,1,joy,"Nararamdaman kong dapat kong ipahayag ang aking sarili sa isang paraan ngunit siya ay ngumiti, isang magandang babaeng blonde sa maagang gitnang edad, bata pa sa akin, at tila ayos lang na magpatuloy sa pagdaloy."
i packed this time around feeling apprehensive about this challenging season and happy to decompress for a few days at my dads before coming home,4,fear,Pinakita ko ang aking pag-aalinlangan tungkol sa hamon ng bagong panahon at saya sa pagpapahinga ng ilang araw sa bahay ng aking ama bago umuwi.
i have days where i want nothing more than to be unwanted and where i resent the pressure i feel to be and do everything for everyone even my precious children,1,joy,"May mga araw na ang gusto ko lang ay hindi na gustong-gusto, at naiinis ako sa pakiramdam na kailangan kong maging at gawin ang lahat para sa lahat, kahit na sa aking mga mahal na anak."
i feel deprived of any intimacy at all,0,sadness,Nararamdaman kong kulang ako sa anumang uri ng intimacy.
i feel so mush freeer and less repressed,0,sadness,Nararamdaman kong napakalaya at hindi na gaanong pinipigilan.
i still wanted to keep my makeup to like a minimum i wanted everything apart from my lips to look natural so i go with super thin eyeliner eyelash curler lashes and powder foundation i feel its a cute and classy look,1,joy,"Gusto ko pa ring panatilihing minimal ang aking make-up, gusto kong natural ang lahat maliban sa aking mga labi kaya pumili ako ng super manipis na eyeliner, eyelash curler lashes, at powder foundation. Nararamdaman kong cute at classy ang itsura."
i would say that when they start they will feel really intimidated by the code and how vast everything is,4,fear,"Sasabihin ko, kapag nagsimula sila, mararamdaman nilang talagang kinakabahan sa code at gaano kalawak ang lahat."
i been so acquainted with sleep i feel like i should name it to ensure im not being rude or maybe it has a name already,3,anger,"Napakakilala ko na sa tulog, parang dapat ko nang bigyan ng pangalan para hindi ako magkasala o baka meron na pala itong pangalan."
at school,3,anger,sa paaralan
i feel like i should be spending this precious last half hour of ness and doing something fun and interesting to roll into my new year and by not doing so im letting myself down,1,joy,"Parang dapat kong gugulin ang huling kalahati ng oras na ito ng Ness sa isang masaya at nakakaganyak na gawain para sa pagpasok sa bagong taon, at hindi ko ito ginagawa ay parang nabibigo ako sa aking sarili."
i can see the shallow of many lives and if i try to give love or atention to that person then i can see the distance and the confusion looks to me that people stop trusting others and feel insulted or misstreated by affeccion,3,anger,"Nakikita ko ang kalupitan ng maraming buhay, at kung susubukan kong ibigay ang pag-ibig o pansin sa isang tao, nakikita ko ang distansya at kalituhan. Parang tumitigil na ang mga tao sa pagtitiwala sa isa't isa at nadarama nilang nasasaktan o hindi pinahahalagahan ang kanilang pagmamahal."
i was feeling particularly glamorous in my charlies angel on the weekend travel outfit and comfortably passed three hours in the zoo that is gates by reading fashion mags,1,joy,Nakaramdam ako ng kakaibang kagandahan sa aking damit na parang Charlie's Angel noong weekend trip ko at komportable akong nagdaan ng tatlong oras sa zoo na Gates sa pamamagitan ng pagbabasa ng mga fashion magazines.
i do my best to remain cordial and express what is authentic the real love and gratitude i feel for a devoted father and the nostalgia i feel towards someone i had selected as a life partner as exemplified by an unforgettable blowout wedding at the a href http www,2,love,"Ginagawa ko ang aking makakaya upang manatili akong magalang at ipahayag ang tunay na pagmamahal at pasasalamat na nararamdaman ko para sa isang mapagmahal na ama at ang pag-nostalgia na nararamdaman ko patungo sa isang taong aking pinili bilang kapareha sa buhay, gaya ng ipinakita ng isang hindi malilimutang malaking kasal."
i can feel a little better about sunday maybe i can continue that good feeling and get back to the little hot bod i once rocked,1,joy,"Maaari akong magkaroon ng kaunting pag-asa para sa Linggo, baka mapanatili ko ang magandang pakiramdam na iyon at bumalik sa aking dating magandang katawan."
im feeling generous with my words,1,joy,Marami akong gustong ibahagi ngayon.
i take it that taylor has apprised you of the latest situation and that you feel reassured that the security of the apartment is no longer compromised,1,joy,Akala ko'y nabatid na ni Taylor ang pinakabagong kalagayan at nararamdaman mong ligtas na ang seguridad ng apartment ay hindi na nakompromiso.
i would set out in a sunny temper and generally feeling benevolent to all road users then every morning at approximately,1,joy,"Aalis ako ng may masayang pakiramdam at karaniwang may mabuting hangarin sa lahat ng gumagamit ng kalsada, ngunit tuwing umaga, mga alas-siyete,"
i know the feeling of plans disturbed schedules disrupted,0,sadness,Naiintindihan ko ang pakiramdam ng mga plano na nababago at iskedyul na nababago.
i have that feeling but idol anime is pretty popular so it could be anything,1,joy,"Nararamdaman ko iyon, pero sikat naman ang anime idol kaya maaaring anumang bagay iyon."
i feel even more passionate about the gospel now than i have ever in my life and its because of my knowledge of the savior,1,joy,"Mas lalong sumidhi ang aking pagmamahal sa ebanghelyo ngayon kaysa dati, at ito ay dahil sa aking kaalaman tungkol sa Tagapagligtas."
i know i did and im still feeling the effects of rich dinners and sweet treats,1,joy,Alam kong nagawa ko iyon at nararamdaman ko pa rin ang epekto ng mga masasarap na hapunan at matatamis na pagkain.
i left kicking myself for the awkwardness of my departure but feeling triumphant at not only having succeeded at my mission but having enjoyed myself as well,1,joy,Iniwan ko ang aking sarili na pinagsusuntok dahil sa kahihiyan ng aking pag-alis ngunit nakaramdam ng tagumpay dahil hindi lamang ako nagtagumpay sa aking misyon kundi nasisiyahan din ako.
i feel like i should see it through to the bitter end so thats what im going to do,3,anger,"Gusto kong tapusin ito hanggang sa wakas, kahit gaano pa ito kahirap, kaya gagawin ko iyon."
i said earlier our bodies have gotten used to the heat and the curiosity of what degrees feels like keeps me eager for the next summer day,1,joy,Sinabi ko kanina na ang ating mga katawan ay nasanay na sa init at ang pag-uugnay ng kung anong pakiramdam ng mga degree ay nagpapalakas sa aking paghihintay sa susunod na araw ng tag-araw.
i feel so weird about it,4,fear,Nararamdaman kong kakaiba ito.
i dont even think i would be ready to be fuck buddys because if theres emotions from him i would feel horrible when im not giving them back,0,sadness,"Hindi ko nga akalaing handa akong maging fuck buddy dahil kung may nararamdaman siya, masasaktan ako dahil hindi ko maibibigay ang parehong nararamdaman."
i thought it d be and i got full marks on the questions which makes me feel quite clever,1,joy,"Akala ko kaya ko iyon at nakakuha ako ng mataas na marka sa mga tanong, kaya medyo matalino ang nararamdaman ko."
im not a huge history buff but i do feel emotional when i think of my great uncle,0,sadness,Hindi ako mahilig sa kasaysayan ngunit nararamdaman ko ang emosyon kapag iniisip ko ang aking tiyuhin.
i feel i should probably move on to the meat of my story before i get too distracted by the side dishes what happened to good music,3,anger,"Nararamdaman kong dapat ko nang ipagpatuloy ang pangunahing bahagi ng aking kwento bago ako masyadong mailigaw sa mga panig na ulam, ano nangyari sa magandang musika?"
i feel about him and how he affects me and people around me this is my story i have been trying for years to find a way back to the life i had before being in a long and very violent relationship,3,anger,Nararamdaman ko ang tungkol sa kanya at kung paano niya ako at ang mga tao sa paligid ko naapektuhan; ito ang aking kwento. Matagal ko nang sinusubukan hanapin ang paraan upang bumalik sa buhay na meron ako bago ang mahabang at napaka-mapanganib na relasyon.
i saw a gain on the scale this morning which didn t surprise me but it did make me feel pretty lousy a lot of it is water weight and disgestive issues which will pass but i need to put some work in to push on now months till christmas did i hear you say,0,sadness,"Nakita ko kaninang umaga na tumaas ang timbang ko, hindi ako nagulat pero hindi ko maiwasang mag-isip ng masama. Marami sa iyon ay tubig at problema sa pagtunaw na mawawala rin naman, pero kailangan kong magsikap para magpatuloy. Mga buwan pa hanggang Pasko, narinig ko ba 'yon?"
i feel positively ashamed when i look out of the window and see the state of things,0,sadness,Nakakabastos sa akin kapag nakatingin ako sa labas at nakikita ang kalagayan ng mga bagay-bagay.
im feeling somewhat verbally lame as i listen for the eighth time to suzanne vegas nine objects of desire,0,sadness,"Nararamdaman kong medyo mahina ang aking pagsasalita habang nakikinig ako sa ikawalong pagkakataon sa ""Nine Objects of Desire"" ni Suzanne Vegas."
i feel tender cool and relax after enjoying these wonderful masters,2,love,"Nararamdaman kong malambot, malamig, at nakakarelaks pagkatapos tangkilikin ang mga kahanga-hangang ito."
i feel that in order to prevent a lot of this company violent manager should have to have some sort of formal training as well as mental evaluation,3,anger,"Nararamdaman kong upang maiwasan ang maraming karahasan sa kumpanya, ang mga manager na may agresibong ugali ay dapat sumailalim sa isang uri ng pormal na pagsasanay at pagsusuri ng kalusugan ng isip."
i feel like calling them bitches but it wasnt exactly bitchy coz it wasnt intentional but i could call them ungrateful inconsiderate selfish ok ill say bitches,3,anger,"Gusto kong tawagin silang mga babae pero hindi naman talaga sila bastos kasi hindi iyon sinasadya, pero maaari kong tawagin silang walang utang na loob, walang pakialam, at makasarili. Okay, sasabihin ko na lang na mga babae."
i spent so much of this year waiting for these summer moments and it feels like i ve resigned summer to a certain extent just waiting to get on with life and start a new chapter in st paul,0,sadness,"Naubos ko ang malaking bahagi ng taong ito sa paghihintay para sa mga sandaling ito ng tag-araw, at parang sumuko na ako sa tag-araw sa isang paraan, habang naghihintay lamang na ituloy ang buhay at simulan ang isang bagong kabanata sa St. Paul."
i could have just paid and rushed off i dont think they could really have stopped me but i was also feeling my submissive sissy emotions bubbling to the surface,0,sadness,"Maaari ko lang silang bayaran at tumakas, hindi ko akalaing makakapigil sila sa akin, pero nararamdaman ko rin ang aking mga emosyon bilang isang sumusunod na sissy na lumalabas."
i feel shes just more talented than i am,1,joy,Nararamdaman kong mas talentoso siya kaysa sa akin.
i almost always feel awkward,0,sadness,halos palagi akong nahihiya.
i feel like my trust is being abused the less i feel like theres a future for us,0,sadness,Nararamdaman kong ginagamit ang aking tiwala at tila wala nang kinabukasan para sa atin.
i feel like such a vital part of the branch as a missionary and its a lot different in a big ward,1,joy,"Nararamdaman kong mahalaga ako sa sangay bilang isang misyonero, at iba ito sa isang malaking ward."
i cant help but wonder if the other mom i walked with felt the same way i was feeling as she watched her sweet girls with my isaac,1,joy,Hindi ko mapigilan ang magtaka kung naramdaman din ng ibang ina na aking kasama ang parehong nararamdaman ko habang pinapanood niya ang kanyang mga matatamis na anak kasama ang aking Isaac.
i feel nervous but hes in control pretty soon,4,fear,"Nararamdaman kong kinakabahan ako ngunit siya ang nasa kontrol, malapit na."
i feel like submitting this to the palcebowhores community i remain amused,1,joy,"Parang gusto kong i-submit ito sa palcebowhores community, nakakatuwa pa rin ako."
i feel so blessed for my husband and my family supporting me on my mission of health and happiness and spreading it to my community and the world,1,joy,"Nararamdaman kong sobrang biyaya na ang suporta ng aking asawa at pamilya sa aking misyon ng kalusugan at kaligayahan, at sa pagpapakalat nito sa aking komunidad at sa buong mundo."
i feel less comfortable in some parts of the blogosphere than i do in real life,1,joy,Mas komportable ako sa ilang bahagi ng tunay na buhay kaysa sa ilang bahagi ng blogosphere.
i am feeling doubtful confused lost and what not,4,fear,"Hindi ako sigurado, nalilito, nawawala, at iba pa."
i feel like i m living in a strange world my wife s paternal grandmother often said,4,fear,"Parang nabubuhay ako sa kakaibang mundo, gaya ng madalas sabihin ng lola sa panig ng aking asawa."
i feel hopeless to cure their disorders i can remember that i am working with human beings with feelings and fears just like me,0,sadness,"Nararamdaman kong walang pag-asa na makalusot sa kanilang mga karamdaman, ngunit naaalala kong nakikipagtulungan ako sa mga tao na may damdamin at takot katulad ko."
ive been procrastinating about the post birthday entry and now that its well past the fact it feels somewhat unimportant to even mention,0,sadness,"Nag-aaksaya ako ng panahon sa pagsusulat ng post para sa kaarawan at ngayon na malayo na ang araw, parang hindi na mahalaga bang banggitin man lang."
i have to give notice to those involved that such will be a regular feature until i gain what i feel are sincere and rational responses to my enquiries particularly as i will be notifying shadow ministers of the outcome,1,joy,"Kailangan kong ipaalam sa mga sangkot na ito ay magiging regular na tampok hanggang sa makuha ko ang mga tapat at makatwirang tugon sa aking mga tanong, lalo na dahil ipapakilala ko sa mga ministro ng lilim ang resulta."
i actually feel solidarity with the americans who went on to cry for blood in iraq tortured prisoners and the stripping of the bill of rights,4,fear,"Nararamdaman ko ang pagkakaisa sa mga Amerikano na umiyak ng dugo sa Iraq, nagpahirap sa mga bilanggo, at pinagkaitan ng karapatan sa batas."
i trust my kids however i feel helpless enough in here over so many things and i m upset at the lack of respect for the few little things i asked them not to do,4,fear,Naniniwala ako sa aking mga anak ngunit nararamdaman kong walang magawa sa loob ng maraming bagay at naiinis ako sa kawalan ng paggalang sa ilang maliit na bagay na hindi ko sila pinapayagan gawin.
i tend to keep my mouth shut because im not well enough informed but when it comes to public education i can speak what i feel because thats one topic im passionate about and do my best to keep up with,1,joy,"Kadalasan ay tahimik ako dahil hindi ako lubos na nakakaalam, ngunit kapag tungkol sa edukasyon publiko, malayang nagsasalita ako ng aking nararamdaman dahil iyon ang isang paksa na aking pinag-aaralan at sinusubukan kong makasabay."
i feel that all my ducks are in a row and i can actually rest assured and assuredly rest that i have everything in as good an order as i can possibly make it,1,joy,Nararamdaman kong nasa tamang lugar lahat ng aking mga ibon at maaari akong magpahinga nang may katiyakan na lahat ay nasa pinakamagandang pagkakasunod-sunod na kaya kong gawin.
i don t like to feel embarrassed when my kids watch it,0,sadness,Ayaw kong mahiya kapag pinapanood ito ng mga anak ko.
im feeling less fearful today ptl,4,fear,"Mas kaunti ang takot ko ngayon, salamat po sa Diyos."
i feel welcomed and times id just really walk away because i feel as if they dont want me there,1,joy,"Nararamdaman kong tinatanggap ako, pero minsan gusto ko lang umalis dahil parang ayaw nila akong naroon."
i love to sew cook and also dabble in mixed media art when i feel like getting messy,0,sadness,"Gustung-gusto kong magtahi, magluto, at minsan ay maglaro rin ng mixed media art kapag gusto kong magkalat."
i feel as though this was a project we missed in february or last years february,0,sadness,Parang proyekto ito na napalampas natin noong Pebrero o noong Pebrero ng nakaraang taon.
im feeling especially lonely,0,sadness,Lalong nararamdaman ko ang kalungkutan.
i started to feel alarmed the voices were so noisy that i actually couldnt listen to my own thoughts,4,fear,Nagsimulang akong mag-alala dahil ang ingay ng mga boses kaya hindi ko na makarinig ng aking sariling mga iniisip.
i just have to feel threatened to be reminded that i will be saved,4,fear,Kailangan ko lang maramdaman ang banta upang matandaan na ako ay maliligtas.
i personally feel that i did this crime should be punished pubicly whether he belong to any caste creed color any elite or mogul group,0,sadness,"Nararamdaman kong dapat parusahan publiko ang taong nagkasala, anuman ang kanyang kasarian, relihiyon, kulay, o kung siya ay miyembro ng anumang elite o makapangyarihang grupo."
i sit here feeling dazed after spending most of the afternoon in a comatose state i realise that hours in a day is not enough to do things we really want to,4,fear,"Nakaupo ako rito, parang nabighani, matapos mag-alas-otso sa isang parang-kamatayan na estado. Napagtanto ko na ang ilang oras sa isang araw ay hindi sapat para sa mga bagay na tunay naming gustong gawin."
i don t feel depressed because i m missing out on all my american traditions or commodities,0,sadness,Hindi ako nadarama'y malungkot dahil kulang ako sa lahat ng aking Amerikanong tradisyon o mga kalakal.
i have developed my commercial property skills and knowledge significantly and feel a lot more confident in my work,1,joy,Lubos kong pinahusay ang aking kasanayan at kaalaman sa komersyal na ari-arian at nararamdaman kong mas determinado na sa aking trabaho.
i feel a lot of this almost every day and it does hurt so this blog is very timely,0,sadness,Nararamdaman ko ito halos araw-araw at talagang nasasaktan ako kaya napakalaking tulong ng blog na ito.
i am too fragile to feel too vulnerable of pain and too easy for tears,4,fear,"Napakababae ko, madaling masaktan at madaling umiyak."
i feel sure the kremlin wants them to turn suicide bombers just so they can crack down as with the chechens or the cia saudi trained afghan mujahedin before them,1,joy,Sigurado akong gustong gawin ng Kremlin na maging mga suicide bomber sila upang makapasok sila ng malupit na pag-crackdown gaya ng ginawa nila sa mga Chechen o sa mga CIA at Saudi-trained Afghan Mujahedin noon.
im siting on the couch feeling like i should be doing something productive but im not sure what,1,joy,"Nakaupo ako sa sopa, parang dapat akong gumawa ng produktibong bagay pero hindi ko alam ano."
i got tacos because i wasnt feeling too adventurous,1,joy,Kumain ako ng tacos dahil hindi ako masyadong naghahanap ng pakikipagsapalaran.
i think of who i have left to teach me about myself and i feel a little frightened at the thought that my family changes and moves away from some of the very things i need to know about in order to feel complete,4,fear,Iniisip ko kung sino pa ang natitira upang turuan ako tungkol sa aking sarili at nararamdaman kong medyo natatakot sa ideya na ang aking pamilya ay nagbabago at lumilipat palayo sa ilan sa mga bagay na kailangan kong malaman upang maramdaman ang aking kabuuan.
i feel like im assaulted by constant flakiness,4,fear,Parang inaatake ako ng paulit-ulit na kawalan ng tiyaga.
i listen although i don t feel very brave about it feeling skeptical about its possibilities here,1,joy,"Nakikinig ako kahit hindi ako gaanong kumportable, may pag-aalinlangan pa ako sa mga posibilidad nito."
i think that s how our materialist friends feel when they hear the term intelligent design,1,joy,"Akala ko, ganito ang nararamdaman ng ating mga kaibigan na materyalista kapag naririnig nila ang terminong ""intelihente na disenyo."""
i was feeling grouchy and upset about a situation with a girl which wasn t going how i d hoped,3,anger,Nararamdaman ko ang pagiging maungol at pagkabalisa dahil sa isang sitwasyon kasama ng isang babae na hindi nagaganap gaya ng inaasahan ko.
i got that straight i realized that i was dealing with someone who was feeling insecure,4,fear,"Naiintindihan ko na, napagtanto ko na nakikipag-usap ako sa isang taong hindi sigurado sa sarili."
i feel guilty sitting down during this concert because he s working so hard,0,sadness,Nararamdaman kong may sala ako dahil nakaupo ako habang siya ay nagsisikap nang husto sa konsyerto.
im not sure why but i have been feeling really lethargic lately,0,sadness,"Hindi ko sigurado kung bakit, pero nararamdaman kong sobrang pagod at walang gana kamakailan."
i feel the love for anyone who is properly appreciative of patrick and,1,joy,Nararamdaman ko ang pagmamahal para sa sinumang tunay na nagpapahalaga kay Patrick at
i feels dangerous these days but with cam newton at home plus a point i m feeling the panthers in prime time,3,anger,"Nararamdaman kong mapanganib ang mga araw na ito ngunit dahil si Cam Newton ay nasa bahay at mayroon akong isang punto, nararamdaman kong magaling ang mga Panthers sa prime time."
i feel paranoid thinking about it just looking out the window and feeling my insomnia creep up on me,4,fear,"Nararamdaman kong paranoiac kapag iniisip ko iyon, kahit na nakatingin lang ako sa labas ng bintana at nararamdaman ang aking insomnia na papalapit."
i can cry and feel bad without an explanation at all,0,sadness,Maaari akong umiyak at masaktan nang walang paliwanag man lang.
im feeling a bit pathetic today i cant stop crying,0,sadness,"Nararamdaman kong medyo mapait ang araw na ito, hindi ko mapigilan ang pag-iyak."
i feel foolish amazed and yet i feel foolish a href http dkang,0,sadness,"Nararamdaman kong hangal, nagtataka, at gayon pa man, nararamdaman kong hangal."
i compare myself whether it s to her lifestyle business acumen or physical beauty i set myself up for failure immediately feeling ugly and a tsunami of self doubt ensues,0,sadness,"Kapag inihahambing ko ang aking sarili sa kanya, maging sa kanyang pamumuhay, kakayahan sa negosyo, o pisikal na kagandahan, agad akong nabibigo at nararamdaman ang pangit at isang alon ng pag-aalinlangan sa sarili ang sumusunod."
i feel getting or gifting a life time subscription is vital,1,joy,Mahalaga sa akin ang pagkuha o pagbibigay ng lifetime subscription.
i feel sympathetic enough to call him off,2,love,Nararamdaman kong sapat ang aking simpatiya upang itigil siya.
i do and love so much i realized that ive simply been cooking and posting recipes because i feel like i have to for content not because i have a story,1,joy,"Nagsasabi ako at mahal na mahal ko, napagtanto ko na simpleng pagluluto at pagpo-post ng mga resipe ang ginagawa ko dahil parang kailangan ko para sa nilalaman, hindi dahil may kwento akong ibahagi."
i left the gym this sunday morning feeling invigorated,1,joy,Umalis ako sa gym ngayong Linggo ng umaga na parang nabigyan ng bagong lakas.
i can still feel my legs and they get so cold,3,anger,Mararamdaman ko pa rin ang aking mga binti at sobrang lamig nila.
i feel no pain no feeling of loneliness but adoring love to gain i said i love you forever along with this love i bring,2,love,"Hindi ako nakaramdam ng sakit, ng kalungkutan, ngunit puno ng pagmamahal na gustong makuha. Sinabi kong mahal kita magpakailanman, kasama ang pag-ibig na ito, dinala ko."
i am jealous of andreas growing belly and the movements she can already feel i am envious of her state,3,anger,Nainggit ako kay Andreas sa kanyang lumalaking tiyan at sa mga kilos na nararamdaman na niya. Inggit ako sa kanyang kalagayan.
i am tired of feeling that we have to buy buy buy to make the holidays seem special,1,joy,Pagod na ako sa pakiramdam na kailangan nating bumili ng bumili ng bumili para maging espesyal ang mga pista.
i feel ignored annotation title google bookmark img src http thequeenbuzz,0,sadness,Nararamdaman kong iniwan ako.
i finally have access to the website on our development site and am in absolute rapture and delight over how it looks feels and even functions and amazed that my baby has finally arrived,4,fear,"Sa wakas ay may access na ako sa website sa aming development site at lubos akong nasisiyahan at nagagalak sa itsura, pakiramdam, at paggana nito, at namangha na ang aking proyekto ay wakas ay dumating na."
i stick to my values i feel like i broke my promise,0,sadness,"Nakakapit ako sa aking mga halaga, parang nabigo ako sa aking pangako."
i feel like people like this arent getting caught therefore the government plays it up when they catch criminals of petty crimes to make themselves look better,3,anger,Parang hindi nahuhuli ang mga taong katulad nila kaya pinapataas ng gobyerno ang halaga ng pagkakaaresto sa mga kriminal ng maliit na krimen para magmukhang mabuti sila.
i love this feeling i feel that despite this rain despite the gloomy sky i am feeling good and im feeling fine,0,sadness,"Mahal ko itong pakiramdam, kahit umuulan at madilim ang langit, masaya at maayos ako."
i feel like it would make the startled person laugh and think it would be a nice eid gift,4,fear,Parang mapapatawa nito ang taong nagulat at magiging magandang regalo sa Eid.
i cherish the heartbreak more then the love that i lost perfectly sums up the feeling of tragic heart break which is pretty obvious by the songs title,0,sadness,"Ang pagpapahalaga ko sa sakit ng pag-ibig kaysa sa nawalang pag-ibig ay perpektong naglalarawan ng damdamin ng malungkot na pag-ibig, na malinaw na ipinahihiwatig ng pamagat ng awit."
i am just feeling a little irritable because mun was part fun part stressful part uncomfortable making and part horrible but regardless record being set straight now,3,anger,"Nararamdaman ko lang medyo mairrita dahil ang paggawa ng mun ay may katuwaan, stress, hindi komportable, at kahit nakakatakot na bahagi, pero kahit papaano ay naayos na ang lahat ngayon."
i an expert on feeling rushed and anxious on getting worked up and frustrated because i feel overwhelmed with my job,3,anger,"Ako ay isang eksperto sa pagkabalisa at pagmamadali, sa pagiging abala at pagkabigo dahil nararamdaman kong nalulubog sa aking trabaho."
i am the only one feeling unhappy,0,sadness,Ako lamang ang nakakaramdam ng malungkot.
ive had a change in medication and am feeling productive lately so lets see how this goes shall we,1,joy,"Nagkaroon ako ng pagbabago sa gamot at nararamdaman kong produktibo ngayon kaya tingnan natin kung paano ito lalabas, ano?"
im puzzled because i have been feeling him wiggle very low in my pelvis and feeling bumps and thumps at the very top of my stomach like the very top,0,sadness,Nalilito ako dahil nararamdaman kong kumikilos siya napakababa sa aking pelvis at nararamdaman ko ang mga bukol at pagtapak sa pinakamataas na bahagi ng aking tiyan.
i am extremely blessed and have a wonderful life but i am often guilty of feeling envious and upset when someone has more blessings special recognition or appears to have it better than i do,3,anger,"Napakaswerte ko at may magandang buhay ngunit madalas akong makaramdam ng inggit at pag-aalinlangan kapag mayroon ang iba na higit na biyaya, espesyal na pagkilala, o tila mas maayos ang kanilang kalagayan kaysa sa akin."
i feel like if we are longing to hear god hungry to see him and looking for him in our lives he will reveal himself through many and any manner possible,2,love,"Kung tayo ay nagnanais na marinig ang Diyos, gutom na makita siya, at hinahanap siya sa ating buhay, siya ay magpapakita sa atin sa maraming at anumang paraan."
i don t feel as smart or impressive,1,joy,Hindi ko nararamdaman na kasing matalino o nakakapukaw ng impresyon.
i started feeling ugly and started all over again,0,sadness,Nagsimula akong magmukhang pangit at nagsimula ulit mula sa simula.
i feel its a pathetic way to get sympathy,0,sadness,Parang nakakaawa ang paraan para makuha ang awa.
i think ive been feeling sentimental recently too,0,sadness,"Akala ko ba, nararamdaman ko rin ang pagiging senti lately?"
i feel wronged by certain people and my instinct was to get angry at them and stop speaking to them but two wrongs dont make a right i think,3,anger,"Nararamdaman kong mali ang ginawa ng ilang tao sa akin at ang unang hilig ko ay magalit at iwasan silang kausapin, pero dalawang mali ay hindi magiging tama, sa palagay ko."
i feel relieved get a job but i cant lie i feel my free time will be lost slowly then ill work in whole day,1,joy,"Nararamdaman kong nabawasan ang aking pag-aalala dahil nakakuha ako ng trabaho, ngunit hindi ko maikakaila na nararamdaman kong unti-unting mawawala ang aking oras ng pahinga at magtatrabaho na ako nang buong araw."
i feel vulnerable yet extraordinarily liberated,4,fear,Nararamdaman kong mahina ngunit kakaibang kalayaan ang aking nadarama.
i was feeling brave so continued and it wasnt me that couldnt stand up,1,joy,Naramdaman kong matapang kaya nagpatuloy ako at hindi ako ang hindi makakatayo.
i feel violent and crazy and i feel myself slowly losing patience,3,anger,"Nararamdaman kong marahas at baliw, at unti-unting nawawala ang aking pasensya."
i am feeling doubtful that nutritional methods alone will solve the problems,4,fear,Nag-aalinlangan ako na ang mga paraan sa nutrisyon lamang ang mag-aalis sa mga problema.
i am feeling more productive,1,joy,Mas produktibo ako ngayon.
i thought id try to demonstrate the difference as i know if i hadnt seen it for myself i may still be feeling doubtful,4,fear,"Akala ko subukan kong ipakita ang pagkakaiba dahil alam kong kung hindi ko ito nakita nang personal, baka hanggang ngayon ay nag-aalinlangan pa rin ako."
i feel unwelcome at work sometimes and think people might be talking about me,0,sadness,"Minsan, nararamdaman kong hindi ako tinatanggap sa trabaho at iniisip kong baka pinag-uusapan nila ako."
i spent my vacation from school feeling confused and heartbroken,4,fear,Nalulungkot at nalilito ako habang nagbakasyon mula sa paaralan.
ive never behaved like that in front of my husband and i feel a mixture of shame and relief that only the shedding of many tears and saying truthful but hurtful things can bring on,1,joy,"Hindi ako kailanman kumilos nang ganun sa harapan ng aking asawa, at nararamdaman ko ang paghahalo ng kahihiyan at ginhawa na maaaring maibsan lamang sa pamamagitan ng pag-iyak nang husto at pagsasabi ng totoo ngunit masasakit na mga salita."
i stumble upon such a finding i feel quite excited almost like having accomplished a discovery,1,joy,"Nang matuklasan ko ito, naramdaman kong sobrang saya, parang nagawa ko ang isang malaking pagtuklas."
i feel carefree and spontaneous i feel like nothing could stop me,1,joy,"Nararamdaman kong malaya at biglaan, parang wala nang makakapigil sa akin."
i find that i have so much to blog whenever i feel heartbroken,0,sadness,Nakakaramdam ako na may napakaraming dapat kong isulat sa blog kapag nasasaktan ang puso ko.
i feel him frantic now humping against my hip moaning when i suck his tongue into my mouth,4,fear,Nararamdaman ko ang kanyang pagkabalisa ngayon habang sumasagasa sa aking baywang at umiiyak nang hilahin ko ang kanyang dila sa aking bibig.
i do feel like josh is a pretty needy guy,0,sadness,Nararamdaman kong medyo nangangailangan si Josh ng maraming bagay.
i feel so depressed when i m not with her and when i think about her because it is so destroyed i just think i should move on,0,sadness,"Napakasakit ng pakiramdam ko kapag wala siya at kapag iniisip ko siya dahil sobrang nasira na, parang dapat ko nang kalimutan siya."
i always feel like the life s been drained from me and that i ve been injected with some kind of venom,0,sadness,Lagi akong nakakaramdam na nawawala ang buhay sa akin at parang binubuhos sa akin ang isang uri ng lason.
i woke up feeling kinds of miserable,0,sadness,Gumising ako na parang lubos na nalulungkot.
im feeling super tired,1,joy,Napakasawa ko.
i vent outrageously with tourette s like unpredictability occasionally leaving behind me a wake of hurt feelings and messy rooms and other not so nice carnage,0,sadness,"Nagagalit ako nang sobra-sobra, parang may Tourette's, na minsan ay hindi mahuhulaan, at iniwan ko ang mga nasugatan na damdamin, mga kalat na silid, at iba pang hindi magandang gulo."
i feel respected and appreciated as a musician,1,joy,Nararamdaman kong nirerespeto at pinahahalagahan ako bilang musikero.
i realize that i let a lot of things bother me that really shouldn t bother me at least to the extent that i am moved to feel this passionate bothered feeling,2,love,"Napagtanto ko na pinapansin ko ang maraming bagay na hindi dapat ako abalahin, kahit na sa antas na nagdudulot sa akin ng matinding pagkabalisa."
i usually love winter but am feeling a longing for spring,2,love,Karaniwan akong mahilig sa taglamig ngunit nararamdaman ko ang pagnanais sa tagsibol.
i recently had a very ill and premature baby what can i do to feel less devastated,0,sadness,"Kamakailan lang ay isinilang ang aking anak na napakasakit at napakababa ng timbang, ano ang magagawa ko upang makaramdam ng kaunti man lang na pag-asa?"
i feel only reason skudrive is so popular is becsuse microsoft is so media driven,1,joy,"Ang nararamdaman ko, ang dahilan kung bakit sikat ang Skudrive ay dahil sa malakas na pagpapalaganap ng Microsoft sa media."
i have spent the majority of my life trying to change how i look in order to feel accepted by others to feel loved by other to feel better than people around me because in my mind my physicality is the only thing that i have to offer,2,love,"Ang karamihan ng buhay ko ay ginugol ko sa pagsisikap na baguhin ang aking itsura upang maramdaman ang pagtanggap ng iba, upang maramdaman ang pagmamahal ng iba, at upang maramdaman na mas mabuti kaysa sa mga tao sa paligid ko dahil sa aking isipan, ang aking pisikal na anyo lamang ang aking maituturing na alok."
i feel all kinds of excitment bacuse i really enjoy art and i hope my art will generate some talk amongst the loyal and the passerby,2,love,Nararamdaman ko ang iba't ibang uri ng kilig dahil tunay kong nasisiyahan sa sining at sana ang aking sining ay magdulot ng ilang usapan sa mga tapat at mga dumadaan.
im feeling festive,1,joy,Nararamdaman kong masaya ang panahon.
i didnt feel as obnoxious as before when i didnt feel like doing anything but sulk,3,anger,Hindi ko naramdaman na kasing-maarte noon nang hindi ako gustong gumawa ng kahit ano kundi mag-ipon ng sama ng loob.
i am sitting at the computer feeling melancholy and a little overwhelmed torn as to what to write home in this my final e mail,0,sadness,"Nakaupo ako sa harap ng kompyuter, nakaramdam ng kalungkutan at bahagyang pagod, nahahati sa pagpili kung ano ang isusulat sa aking tahanan sa aking huling e-mail na ito."
i feel at times i am not good enough on the aspects of a fiance a mother a friend a daughter,1,joy,"Minsan, nararamdaman kong hindi sapat ang aking pagiging nobya, ina, kaibigan, at anak."
i hope the sensibilities of these deep feeling individuals arent too badly shaken with the display of the pink locker room,4,fear,Sana hindi masyadong malulungkot ang mga taong may malalim na damdamin sa pagtingin sa kulay rosas na silid-palikuran.
ive been told this is normal his last reading was he feels and looks horrible,0,sadness,"Sinabi sa akin na normal ito, ang kanyang huling pagsusuri ay siya ay pakiramdam at mukhang masama."
i can usually do a month without feeling homesick,0,sadness,Karaniwan akong kaya ng isang buwan nang hindi nararamdaman ang pag-uulila sa tahanan.
i feel is most important revolves around the connection i felt with my brothers and sisters,1,joy,Ang pinaka-mahalaga sa akin ay ang koneksyon na naramdaman ko sa aking mga kapatid.
i still feel that way because im stubborn like that but those people who were spazzing out are the ones with dates now,3,anger,Parati kong nararamdaman iyon dahil matigas ang ulo ko ngunit ang mga taong nag-aaway noon ay ang mga may kasintahan ngayon.
i feel weird having to yank it down and readjust it at points,4,fear,Nakakakaba na kailangan kong hilahin ito pababa at ayusin ulit minsan-minsan.
i hate seeing people hate one each other and like everyone i cant stand feeling hated on,0,sadness,"Ayaw kong makita ang mga tao na nagtatalo at nagkakagalit sa isa't isa, at gaya ng lahat, hindi ko kayang tiisin ang pakiramdam na kinamumuhian."
i feel so strange and sick i have to wake up in three hours seems like everything runs in threes now days t r e e s,4,fear,"Nararamdaman kong kakaiba at may sakit, kailangan kong magising sa loob ng tatlong oras. Parang lahat ng bagay ay nangyayari sa tatlo ngayon, mga puno."
i was starting to feel resentful towards ah kiat with regards to his obsessive and anal approach towards the house and forgetting he has only treated me with lots of love care and attention so far since weve been together,3,anger,"Nagsisimula akong magdamdam ng sama ng loob kay Ah Kiat dahil sa kanyang mahigpit at maselan na paraan sa pag-aalaga sa bahay, at nakakalimutan kong siya ay nagpakita lamang ng maraming pagmamahal, pag-aalaga, at pansin sa akin mula nang magkasama tayo."
i am feeling low i turn to flowers,0,sadness,"Nang malungkot ako, lumiliko ako sa mga bulaklak."
i feel lost as in what the fuck am i doing,0,sadness,"Nararamdaman kong nawawala ako, parang hindi ko alam kung ano ang ginagawa ko."
i feel like i need to keep pinching myself to be sure tis is all real,1,joy,Parang kailangan kong paulit-ulit na saktan ang aking sarili para matiyak na totoo lahat ito.
i feel perfect with you on reddit href http www,1,joy,Nararamdaman kong perpekto ako kasama mo sa Reddit.
i know that when we feel so beaten down and we are dispairing that it feels like the savior is so far away,0,sadness,"Alam kong kapag tayo ay napakaraming nabigo at nagdadalawang-isip, parang napakalayo ng ating tagapagligtas."
i follow through with the feelings that have been repressed for years months or days,0,sadness,"Sinusundan ko ang mga damdaming pinipigilan nang mga taon, buwan, o araw."
i could feel the stress leaving my veins and just getting out of me it was wonderful,1,joy,"Nararamdaman kong umalis ang stress sa aking mga ugat at palabas na sa akin, kamangha-manghang pakiramdam."
i feel better and am so grateful for my normally good health,1,joy,Mas mahusay na ako ngayon at lubos akong nagpapasalamat sa aking karaniwang magandang kalusugan.
i feel hated and i feel i cant do anything right,0,sadness,Nararamdaman kong kinamumuhian at parang hindi ko magawa ang kahit anong tama.
i started to feel like a real loser like a poser trying to make himself look cool,1,joy,"Nagsimula akong makaramdam na tunay na talo, parang isang pekeng tao na nagsisikap magmukhang cool."
i know theres no hurry to get it done but it still feels a bit weird to not be checking out the newest patch content,4,fear,Alam kong walang kailangan pang madaliin ngunit kakaiba pa rin ang pakiramdam na hindi ko tinitingnan ang pinakabagong nilalaman ng patch.
i kinda feel like being rebellious a libertine you know,3,anger,"Parang gusto kong maging rebelde, isang malayang kaluluwa, alam mo."
when i heard about the treatment of a friend in jail really inhuman i never realised that such things also happen in the netherlands,3,anger,"Nang malaman ko ang paraan ng pagtrato sa isang kaibigan sa bilangguan na talagang hindi makatarungan, hindi ko akalaing nangyayari rin ang mga ganitong bagay sa Netherlands."
i had to do to finish to check off that to do list to feel my life was worthwhile that i was accomplished that i am accomplishing,1,joy,"Kailangan kong tapusin ang listahan ng mga dapat gawin upang maramdaman na may halaga ang aking buhay, na nagawa ko ang lahat, na patuloy akong nagagawa."
i macendarfer who i feel thrilled to welcome into our family,1,joy,Ang macendarfer na aking masayang tinatanggap sa ating pamilya.
i feel will be amused as well,1,joy,Siguro ako rin ay mapapaaliw.
i was feeling pretty smug because denise at justquiltn has started sticks and string a way to get unfinished knitting projects finished,1,joy,"Nararamdaman kong medyo mapagmataas dahil nagsimula na si Denise sa JustQuiltN ng Sticks and String, isang paraan upang matapos ang mga hindi pa tapos na proyekto sa pag-knit."
i actually have been in china for some time and i feel that the people were quite friendly,1,joy,Matagal ko nang naroroon sa Tsina at nakaramdam ako na ang mga tao ay mababait.
i feel so helpless without a camera to shoot pics of all the thrifty things i find and my beautiful flowers etc,0,sadness,Nararamdaman kong lubos na walang magawa nang wala akong kamera upang kunan ng litrato ang lahat ng matipid na bagay na aking natatagpuan at ang aking magagandang bulaklak atbp.
my girlfriend who had spent months abroad broke off our relationship by letter,0,sadness,Ang aking nobya na nagtrabaho sa ibang bansa nang mga buwan ay nagwakas sa aming relasyon sa pamamagitan ng sulat.
i lied about my feelings and thats why im now hated by the one person i thought really understood me,0,sadness,Sinungaling ako tungkol sa aking nararamdaman at iyon ang dahilan kung bakit ngayon ay kinamumuhian ako ng taong akala ko tunay akong nauunawaan.
i acted like a little girl by acting cute towards you asking if you wanna share a diary with me amp you said youre still feeling pissed and you want me to stop adding the problems and make things hard for us,3,anger,"Kumilos akong parang bata nang mag-cute ako sa iyo at itanong kung gusto mong ibahagi ang diary natin, pero sinabi mong galit ka pa at gusto kong tigilan ang pagdaragdag ng problema at pagpahirap sa atin."
i could feel the blood in my veins go cold,3,anger,Naramdaman kong tumigil ang daloy ng dugo sa aking mga ugat.
i respect his privacy so i wont divulge details of our chat but it got me thinking about the notion of home coz i was feeling a little homesick in the morning and here i was with a total stranger a few thousand miles from singapore but i actually felt at home,0,sadness,"Inagalang ko ang kanyang privacy kaya hindi ko ibabahagi ang detalye ng aming usapan, pero ito'y nagpapaisip sa akin tungkol sa konsepto ng tahanan dahil medyo namimiss ko ang bahay kaninang umaga at narito ako kasama ng isang ganap na estranghero libu-libong milya mula sa Singapore ngunit naramdaman ko talagang parang nasa bahay ako."
i know it feels so special,1,joy,Alam kong pakiramdam na espesyal iyon.
im left with today is feeling anxious and sad and lonely,4,fear,"Ang natitira sa akin ngayon ay ang pakiramdam na kinakabahan, malungkot, at nag-iisa."
i didnt feel isolated as a child i do remember feeling a bit overwhelmed by the different feel of the neighborhoods when we came down the mountain,0,sadness,"Hindi ako nakaramdam ng pag-iisa noong bata ako, ngunit natatandaan ko ang pakiramdam ng kaunting pagod dahil sa iba't ibang kapaligiran ng mga barangay nang bumaba kami sa bundok."
i feel skeptical about it,4,fear,Hindi ako sigurado tungkol doon.
i feel that life does not make sense and it would help a lot if suffering made sense,0,sadness,Nararamdaman kong walang kahulugan ang buhay at malaking tulong kung may kahulugan ang pagdurusa.
i im feeling rot im feeling rotten today i guess i forgot i am shot im not o,0,sadness,"Masama ang pakiramdam ko ngayon, parang nabulok na ako siguro nakalimutan kong nasugatan ako at hindi pa ganap na gumaling."
i feel as if work that doesnt have a sort of depth to it isnt nearly as successful as work that is created with a meaning and leaves the viewer wanting to know more about the subject that the artist presented,1,joy,Nararamdaman kong ang mga gawa na walang lalim ay hindi gaanong matagumpay kumpara sa mga likha na may kahulugan at nag-iiwan sa manonood na gustong malaman pa tungkol sa paksa na ipinakita ng artista.
i feel less assured that my basic rights are being protected by our political system especially as a woman and every time im disappointed i feel more personal responsibility to produce change,1,joy,"Nararamdaman kong mas kaunti ang aking katiyakan na ang aking mga karapatang pantao ay pinoprotektahan ng ating sistema ng politika, lalo na bilang isang babae, at sa bawat pagkakataong nabigo ako, nararamdaman kong mas malaki ang aking personal na pananagutan na magdulot ng pagbabago."
i feel super lonely when its just me and the dogs but at least we are together and im not tdy all the time anymore,1,joy,"Napakasama ng pakiramdam ko kapag ako lang at ang mga aso, pero kahit papaano, magkasama kami at hindi na ako lagi nag-iisa."
i said well we can but i m feeling greedy with your time,3,anger,"Sabi ko, ""Oo, kaya natin, pero parang nagugutom ako sa oras mo."""
i feel like we have so much to be thankful for,1,joy,Nararamdaman kong may napakaraming dapat tayong ipagpasalamat.
i say the feeling of being betrayed was never a pleasant feeling to begin with,1,joy,Ang pakiramdam ng pagtataksil ay hindi maganda mula pa noong una.
i feel super weak and i havent made it through a whole class in two weeks,1,joy,Napakalambot ko ng pakiramdam at hindi ko na natapos ang buong klase sa loob ng dalawang linggo.
i had faced were loneliness anxiety and feeling homesick comparing each penny spent here and converting same in indian currency feeling like i have spent a lot getting nervous in early days of new responsibility and last but not the least uk weather,0,sadness,"Ang mga haharapin ko noon ay kalungkutan, pag-aalala, at pag-uwi sa tahanan. Paghahambing ng bawat sentimo na ginastos dito at pagbabago nito sa halaga ng piso, parang marami akong ginastos. Nagiging kinakabahan ako sa mga unang araw ng bagong responsibilidad, at huli na, ang panahon sa UK."
i review video games i feel like reviewing whether they be popular mainstream games or the games that have fallen under the radar and gone unnoticed,1,joy,"Sinusuri ko ang mga video game, at nararamdaman kong mahalaga ang pagsusuri kung sila man ay sikat na mainstream games o ang mga hindi gaanong kilala at napalampas."
i don t feel like i have a cold i just feel sick,3,anger,"Hindi ko nararamdaman na may sipon ako, parang may sakit lang ako."
i feel very distraught right now,4,fear,Napakasakit ng pakiramdam ko ngayon.
i saw them that anything was wrong they told me some excuses but i am feeling truly insulted and i am feeling desperate again,3,anger,"Nakita ko silang may mali, sinabi nila sa akin ang ilang paliwanag ngunit nararamdaman kong tunay na nilalait at muli akong nadaramaang nagugutom."
im awake as usual at am and lie there feeling reluctant until am when i get up and slink around in the dark getting dressed,4,fear,Gising ako gaya ng dati alas sais ng umaga at nakaupo doon habang nararamdaman ang pag-aalinlangan hanggang alas sais at kalahati ng umaga nang bumangon ako at maglakad-lakad sa dilim habang nagsusuot ng damit.
im feeling enraged at another persons actions i have to consider what i was thinking about in the moments prior to the incident,3,anger,"Galit ako sa kilos ng ibang tao, kailangan kong isipin kung ano ang iniisip ko bago ang insidente."
i feel like people are taking these stages of life way too lightly which is why there is usually an unfortunate announcement of a divorce too,0,sadness,"Parang kinukuha ng mga tao ang mga yugto ng buhay nang masyadong basta, kaya kadalasan may malungkot na balita ng hiwalayan."
i invariably feel very optimistic and focused,1,joy,Lagi akong nakakaramdam ng napakalaking optimismo at konsentrasyon.
i hear such stories i feel cold,3,anger,"Naririnig ko ang mga kwentong iyon, at pakiramdam ko ay lamig."
ive left feeling indirectly manhandled or abused,0,sadness,Iniwan ko ang lugar na parang hindi ko sinasadya na hinahawakan o nilalait.
i could even feel his cold breath on my neck whispered hertha as she ran her fingers across the side of neck,3,anger,"""Nararamdaman ko pa nga ang malamig niyang hininga sa aking leeg,"" bulong ni Hertha habang pinaglalakad ang kanyang mga daliri sa gilid ng kanyang leeg."
im feeling pretty annoyed with the whole thing i decided to share those reasons we rejoice,3,anger,"Napaka-irita ko sa lahat ng ito, kaya napagpasyahan kong ibahagi ang mga dahilan kung bakit tayo nagdiriwang."
i can t help but to feel amused after reading this article,1,joy,Hindi ko mapigilan ang aking sarili na hindi matawa matapos basahin ang artikulong ito.
i tend to err on the justice side of things and so over the past few years i feel that ive become a lot more jaded and unwilling to let god deal with people as he sees,0,sadness,"Mas madalas akong magpasiya batay sa katarungan, kaya sa nakalipas na ilang taon, nararamdaman kong naging mas mapag-aalinlangan at ayaw kong hayaang si Diyos ang maghatol sa mga tao ayon sa kaniyang kalooban."
i am tired and feeling giggly but not witty,1,joy,Pagod ako at parang may kiliti sa katawan pero hindi ako mapagbiro.
i feel betrayed where i serve and fellowship by no fault of my beloved pastor and c pastor,2,love,"Nararamdaman kong niloloko sa lugar kung saan ako nagsisilbi at nagkakaisa, wala itong kinalaman sa aking minamahal na pastor at co-pastor."
i feel quite reassured but the jurys verdict isnt in yet,1,joy,Nararamdaman kong medyo nakakapamuhay ngunit hindi pa nailabas ang hatol ng hukuman.
i also feel at times that i must have been a vain person in an earlier reincarnation and that i have learned to look beyond personal beauty and be beautiful from the inside and reflect it through my spiritual to my physical,0,sadness,Minsan din nararamdaman kong baka sa isang nakaraang buhay ay isang mapagmamalaking tao ako at natutunan kong tumingin lampas sa pisikal na kagandahan at maging maganda mula sa loob at ipakita ito sa aking espirituwalidad hanggang sa aking pisikal na anyo.
i arabia indigenous believers in christ often feel isolated and alone,0,sadness,Madalas maramdaman ng mga katutubong mananampalataya kay Kristo sa Arabia ang pag-iisa at kalungkutan.
i dont think he is being honest with me about a lot of things i could be wrong here but i keep feeling skeptical about certain things after everytime i hang out with him,4,fear,"Hindi ko akalaing tapat siya sa akin tungkol sa maraming bagay. Maaaring mali ako, pero lagi akong nag-aalinlangan tungkol sa ilang bagay pagkatapos naming magkita."
i am comfortable and confident with feeling safe as i meditate,1,joy,Komportable at kumpiyansa ako sa pakiramdam ng kaligtasan habang nagmemeditate.
i feel so honored that they enjoy it enough to create with it,1,joy,Nararamdaman kong lubos na karangalan na nasiyahan sila rito upang lumikha gamit ito.
i think i feel stressed,0,sadness,"Akala ko, nararamdaman ko ang stress."
i started trying without success to have a baby a few years back one of my pregnant acquaintances said to me my husband and i feel so relieved that we did not have to go through what you are going through we just got pregnant right away,1,joy,"Nagsisimula akong subukan magkaroon ng anak nang walang tagumpay ilang taon na ang nakalipas, isa sa aking mga kakilala na buntis ay sinabi sa akin, ""Kami ng aking asawa ay sobrang nakahinga ng maluwag na hindi namin naranasan ang pinagdadaanan mo, agad kaming nagbuntis."""
im happier when im feeling curious and genuinely looking forward to the next page alone in my reading chair next to the heater curled up in a blanket than when im muddling through guild wars or wot,4,fear,"Masaya ako kapag nagiging interesado ako at tunay na naghihintay sa susunod na pahina habang nag-iisa sa aking upuan para sa pagbabasa malapit sa init ng heater, nakabalot sa kumot, kaysa kapag nagpupursigi akong matapos ang Guild Wars o World of Tanks."
i can vent some feelings or keep one person entertained then i will be happy,1,joy,"Maaari akong maglabas ng ilang damdamin o aliwin ang isang tao, at doon ako magiging masaya."
i can not acquaint the reason just because i feel acceptable if cutting links london jewelry,1,joy,Hindi ko maibibigay ang dahilan dahil nararamdaman kong tama ang pagputol ng mga koneksyon sa London jewelry.
i imagined its what zombies must feel like because each time i would wake up pissed,3,anger,"Iniisip ko, parang ganun din ang nararamdaman ng mga zombie dahil tuwing gigising ako, galit ako."
i start feeling mournful,0,sadness,Nararamdaman kong malungkot na.
i feel agitated im nervous im anxious,3,anger,"Nararamdaman kong kinakabahan, nag-aalala, at nag-aalinlangan ako."
i finished sailing i would feel so invigorated,1,joy,"Matapos maglayag, nararamdaman kong lubos akong nabubuhay."
i didn t take that lightly i know that harsh words can leave some people feeling absolutely devastated,0,sadness,"Hindi ko kinuha nang basta-basta iyon, alam kong ang matatalas na salita ay maaaring magpahirap sa ilan."
i feel like ive become to complacent with the old and im ready to make some changes for the year,1,joy,Nararamdaman kong naging kampante na ako sa dati at handa na akong gumawa ng ilang pagbabago ngayong taon.
i miss marching and saluting more than anything but i feel like in order to be successful i need to get my grades together first and then worry about other things,1,joy,"Namimiss ko ang pagmamartsa at pagpupugay higit sa lahat ngunit nararamdaman kong upang maging matagumpay, kailangan kong ayusin muna ang aking mga grado at saka mag-alala sa iba pang bagay."
i once read that when we feel nostalgia we are actually longing for heaven,2,love,"Noong isang pagkakataon, nabasa ko na kapag nararamdaman natin ang nostalgia, tayo ay talagang naghahangad ng langit."
im sitting outside my apartment and even though there is a striking pain in my lower back i feel complacent,1,joy,"Nakaupo ako sa labas ng aking apartment at kahit may matinding sakit sa aking likod, nararamdaman kong kontento."
i got inside it was so warm compared to the outside temp that my survivor man skills kicked in and i stripped down to my base layers to avoid feeling cold when i got back outside,3,anger,"Pumasok ako, sobrang init kumpara sa labas kaya nag-activate ang aking survivor man skills at inalis ko ang mga damit ko hanggang sa base layers para hindi ako mag-feel ng lamig kapag bumalik ako sa labas."
i want to exhibit all new pieces which is kinda making things a bit more stressful but i know id feel somewhat dissatisfied about showing old work,3,anger,"Gusto kong ipakita ang lahat ng bagong piyesa, kahit medyo nagdudulot ito ng kaunting stress, pero alam kong magiging hindi ako kontento kung ipakikita ko ang mga lumang gawa."
i am restless i feel lethargic and rudderless,0,sadness,"Hindi ako mapakali, parang pagod at wala akong direksiyon."
i feel like the only intelligent person here right now,1,joy,Parang ako lang ang matalino dito ngayon.
i feel very much the tragic side of life but my endings are always happy somehow,0,sadness,Nararamdaman ko nang malalim ang malungkot na panig ng buhay ngunit ang aking mga wakas ay palaging masaya nang kakaiba.
i feel foolish not putting them but that game was telling,0,sadness,"Nararamdaman kong tanga dahil hindi ko sila inilagay, pero ang laro ay nagpapahiwatig."
i feel it s a bit of a from how i was dressing in summer with mostly jeremy scott murua amp glad news,1,joy,"Nararamdaman ko na medyo iba ito kumpara sa aking istilo ng pananamit noong tag-araw, na karamihan ay Jeremy Scott, Murua, at Glad News."
i know they don t really mean anything by it but when you are feeling as crappy as i am you find yourself really wanting to give them a wakeup call,0,sadness,"Alam kong hindi nila talaga intensyon iyon, pero kapag nararamdaman mong gaano ka kasira ang pakiramdam mo, gusto mong magising sila."
i am feeling so nostalgic lately i would like to say it is because i am yearning for a simpler time but those times i find myself thinking of are far from simple,2,love,"Nararamdaman ko ang malalim na pag-nostalya kamakailan, gusto kong sabihin na dahil sa paghahangad ko ng mas simpleng panahon, ngunit ang mga panahon na aking iniisip ay malayo sa simpleng buhay."
i feel like i quote him or talk about him much but it is only because i am continually amazed and nourished by his spirit and his understanding and excitement for life,4,fear,"Nararamdaman kong madalas kong banggitin o pag-usapan siya, ngunit dahil lamang ako'y patuloy na namangha at pinapalakas ng kanyang espiritu, pag-unawa, at sigla sa buhay."
im feeling talented later on ill post some artwork to be admired made fun of,1,joy,"Nararamdaman kong may talento ako mamaya, i-po-post ko ang ilang artwork para sa pag-a-admire o pagbibiro."
i feel that lajoie would definitely be one of the hall of famers that a casual baseball fan would say who the hell is that,1,joy,Nararamdaman kong si Lajoie ay tiyak na isa sa mga Hall of Famers na sasabihin ng isang ordinaryong tagahanga ng baseball na sino ba 'yang tao?
i feel isolated even when i m around other people,0,sadness,Nararamdaman kong nag-iisa ako kahit nasa paligid ako ng ibang tao.
i ask myself i think about it myself i feel unhappy,0,sadness,"Tanong ko sa sarili ko, iniisip ko ito, at nararamdaman kong malungkot."
i have fallen into some kind of hole and feeling jaded and run down,0,sadness,Nahulog ako sa isang uri ng butas at nararamdaman ang pagod at pagkabigo.
i am feeling incredibly generous i will allow mike to spoon for about minutes and then i start panic breathing and he gets the idea and rolls over to his side of the bed,2,love,"Nararamdaman kong sobrang bait ko ngayon, hahayaan kong mag-spoon si Mike ng ilang minuto, tapos magkakaroon ako ng panic breathing at maintindihan niya ang ibig kong sabihin at lilipat siya sa kanyang tabi ng kama."
i feel i deserve i get depressed,0,sadness,"Nararamdaman kong nararapat ko ito, kaya ako nalulungkot."
i have only felt it after a half marathon so i can only imagine that it feels twice as sweet for a full marathon especially the boston marathon,2,love,"Naramdaman ko ito lamang pagkatapos ng kalahating maraton kaya maaari kong isipin na mas magiging matamis ito nang dalawang beses para sa isang buong maraton, lalo na ang Boston Marathon."
i actually feel embarrassed,0,sadness,Nahihiya nga ako.
i have been feeling less than creative and more like a sad sack,1,joy,Nararamdaman kong kulang ako sa inspirasyon at parang isang malungkot na tao.
i must admit ive been feeling pretty low about it the last couple of weeks,0,sadness,"Dapat kong aminin, medyo nalulumbay ako tungkol dito sa nakalipas na ilang linggo."
i am excited about new traditions with loved ones these days feel rich because of the precious ones before them,1,joy,"Masaya ako sa mga bagong tradisyon kasama ang mga mahal ko ngayon, parang yaman dahil sa mga mahalagang tao noon."
i dwell on this matter the more i feel infuriated that i m so lowly thought of,3,anger,Lalong ako nagagalit habang iniisip ko ito dahil sa pagtingin nila sa akin na parang mababa lamang ako.
i am here again feeling confused of what is happening around me looking for a plane to grasp a reality to settle that feels like it is my own,4,fear,"Narito ako muli, naguguluhan sa nangyayari sa paligid ko, naghahanap ng isang gabay upang maunawaan ang katotohanan at mahanap ang isang pakiramdam na parang aking sariling mundo."
im not feeling lucky,1,joy,Hindi ako nakakaramdam ng swerte.
i began to feel sympathetic for khezef but i wasn t sure if i was right about him,2,love,Nagsimulang magkaroon ako ng awa kay Khezef ngunit hindi ko sigurado kung tama ba ang aking paniniwala tungkol sa kanya.
i just cant help but feel extremely jealous of them because theyve been together for a year and half and luke and i have been together for and a half and i have nothing,3,anger,"Hindi ko mapigilan ang hindi makaramdam ng sobrang inggit sa kanila dahil isang taon at kalahati na silang magkasama at isang taon at kalahati na rin kami ni Luke, pero wala akong maibibigay."
i especially have trouble socializing with females now before i moved away from my friends and family i actually preferred being with my female friends than with my male friends simply because i did not enjoy feeling like i had to offset my effeminacy and repressed homosexuality,0,sadness,"Lalo akong nahihirapan makipag-social ngayon sa mga babae. Dati, bago ako lumipat at naglayas sa aking mga kaibigan at pamilya, mas gusto kong kasama ang mga babaeng kaibigan kaysa sa mga lalaki dahil hindi ko gusto ang pakiramdam na kailangan kong itago ang aking pagiging maselan at pinipigilang pagiging homosekswal."
i can go on not saying anything and feeling petty but it seems that this load is gettin heavy,3,anger,"Maaari akong magpatuloy na hindi magsalita at maramdaman ang pagiging maliit, ngunit tila mabigat na ang pasanin na ito."
being reunited with my family after not having seen them for years,1,joy,Ang muling pagsasama sa aking pamilya matapos ang maraming taon ng paghihiwalay.
i feel like when i left scad i was finally coming into my own and making work that impressed people,4,fear,"Nararamdaman ko na noong umalis ako sa SCAD, unti-unti na akong nakakilala sa sarili ko at gumagawa ng mga obra na nakakapang-impress sa mga tao."
i was really feeling shitty both physically and emotionally and it even took me some time to realize that a nailart session would have been the right positive treat to cheer myself up,0,sadness,"Talagang masama ang pakiramdam ko, parehong pisikal at emosyonal, at kinailangan ko pa ng ilang panahon upang maunawaan na ang isang sesyon ng nail art sana ang tamang positibong pagpapasaya para sa akin."
i refuse to cut my hair too early and then possibly throw myself into some sort of depression because i don t like the length of it or don t feel pretty enough,1,joy,Ayaw kong putulin ang buhok ko nang maaga at baka magkaroon ako ng depresyon dahil hindi ko gusto ang haba nito o hindi ako maganda sa tingin ko.
i feel so agitated about this,4,fear,Napakainit ng pakiramdam ko tungkol dito.
one day,0,sadness,Isang araw
i lay reading by headlamp and feeling the tent shaken as if by a giant hand,4,fear,Nakaupo akong nagbabasa gamit ang headlamp at nararamdaman ang pagyanig ng tolda parang hinahawakan ng isang malaking kamay.
im feeling pretty hopeful this morning that we are going to get this right,1,joy,Nararamdaman ko ngayon umaga ang pag-asa na tama ang ating gagawin.
i was left feeling a little shaken,4,fear,Nadama kong medyo nabigla.
i feel the meal was incredibly pleasant for both of use,1,joy,Naramdaman kong napakasarap ng pagkain para sa ating dalawa.
i think of what dharavi means for mumbai and the country if you keep the annual turnovers aside for a while i feel agitated,3,anger,"Iniisip ko kung ano ang ibig sabihin ng Dharavi para sa Mumbai at sa bansa kung itatago muna natin ang taunang kita, at nararamdaman kong nagagalit ako."
i am feeling a little overwhelmed by christmas knitting especially since i started cross stitching and thats taking half my free time i went idea shopping today though and i am starting to feel a little better about the situation,4,fear,"Nararamdaman ko ang kaunting pagod dahil sa pag-knit ng mga regalo para sa Pasko, lalo na't nagsimula na rin akong mag-cross stitch at halos kalahati ng aking libreng oras ay ginugugol doon. Ngunit pumunta ako sa palengke ng ideya ngayon at unti-unti nang nakakaramdam ako ng pagpapabuti sa sitwasyon."
i feel safe secure and protected when im in my daddys embrace,1,joy,"Nararamdaman kong ligtas, matibay, at protektado kapag nasa yakap ng aking ama."
i feel like a heartless and feelingless i know don t have this word daughter teenager,3,anger,"Parang walang puso at damdamin ako, alam kong hindi ako ganitong uri ng anak, isang teenager."
i loved it and it made me feel very elegant when i wore it,1,joy,Gustung-gusto ko ito at pakiramdam ko'y napakaganda at elegante nang isuot ko ito.
i begged my husband for it last year as if i thought once having it id lose weight and feel amazing,1,joy,"Humingi ako ng pabor sa aking asawa noong nakaraang taon parang naniniwala akong kapag meron na ako nito, mawawala ang aking timbang at magiging kamangha-mangha ang pakiramdam ko."
i almost never pull all nighters so im feeling a little groggy today,0,sadness,halos hindi ako nag-o-overnight kaya medyo antok ako ngayon.
i could only see and feel the poison in my veins which deprived me of the strength and the ability to feel the joy i knew held me,0,sadness,Nakikita ko at nararamdaman ko lamang ang lason sa aking mga ugat na nagnanakaw sa akin ng lakas at kakayahang maramdaman ang kagalakan na alam kong nasa akin.
i went i was amazed at what i have and i began to feel when the woman canal spoke about the divine hierarchies and they wanted us to do for a new era of spiritual evolution,1,joy,"Pumunta ako at namangha ako sa aking mga taglay, at nagsimula akong maramdaman nang magsalita ang babaeng iyon tungkol sa mga diyosang hierarkiya at nais nilang gawin natin para sa isang bagong panahon ng espirituwal na ebolusyon."
ive hated pretty much every shampoo ive tried without sulfates i often feel they make my hair look dull and produce pretty much no lather i need bubbles,0,sadness,"Ayaw ko halos sa lahat ng shampoo na walang sulfates na nasubukan ko, kadalasan ay parang nababawasan ang ningning ng aking buhok at halos walang bula, kailangan ko ng bula."
i say that feelings dont dull selectively,0,sadness,Sinasabi ko na ang mga damdamin ay hindi bumababa nang selektibo.
i feel no joy no pride there is nothing to be admired in that foul achievement,2,love,"Hindi ako nakaramdam ng kagalakan, ng pagmamalaki; wala nang dapat pag-akalahan sa ganoong maruruming tagumpay."
i feel like a blank sheet,0,sadness,Parang isang puting papel ako.
i returned home defeated and feeling totally unsure of who i was,4,fear,"Umalis ako sa bahay, natalo at lubos na hindi sigurado kung sino ako."
i feel like if people see the chinks in my armor they re going to decide that i m this fucked up person dismiss me as a hot mess and not want to be around me anymore,3,anger,"Parang kapag nakita ng mga tao ang mga kahinaan ko, aakalang sila ako'y isang sira-sirang tao, itatapon ako bilang isang gulo at ayaw nang makipag-ugnayan sa akin."
i feel that as this greedy obsession continues sustainabilitys growth will be hindered,3,anger,"Nararamdaman kong habang patuloy ang ganitong sakim na pagnanasa, ang paglago ng pagiging matatag ay maaapektuhan."
i feel like staying in a barn so carefree,1,joy,Gusto kong manatili sa isang kubo nang walang alalahanin.
i wonder how genentech feel about a hostile takeover by its global partner,3,anger,Nagtataka ako kung paano mararamdaman ng Genentech ang isang agresibong pag-aari ng kanilang pandaigdigang kapareha.
i had hernia surgery on friday night and i still feel awful even though lots of people said i d be as good as new in a few days so now i feel shitty because i hurt and also shitty because i hurt,0,sadness,"Nagkaroon ako ng operasyon para sa hiwatig noong Biyernes ng gabi at kahit marami ang nagsasabi na magiging maayos na ako sa ilang araw, masama pa rin ang pakiramdam ko kaya ngayon ay nararamdaman kong masama dahil nasasaktan ako at masama rin dahil nasasaktan ako."
i feel so proud for scheduling the time to take care of myself,1,joy,Napakaganda ng pakiramdam na nakaschedule ko ang oras para alagaan ang aking sarili.
i see that i have pageviews and im just guessing that of them are actually me so i feel reaaallyyyy popular and that was total sarcasm,1,joy,Nakikita ko na may pageviews ako at hula ko marami diyan ay ako mismo kaya nararamdaman kong sobrang sikat at iyon ay puro biro lang.
i have been feeling quite productive,1,joy,Nararamdaman kong medyo produktibo.
i am feeling a little bouncy right now,1,joy,Nararamdaman kong medyo masaya ngayon.
i feel less assaulted by my inadequacies under grey skies on rainy days,0,sadness,Mas kaunting pag-atake ng aking mga kakulangan ang nararamdaman ko sa ilalim ng madilim na langit sa mga araw na umuulan.
i feel like i am supporting her party,1,joy,Nararamdaman kong sinusuportahan ko ang partido niya.
i feel we forget just how fearless we truly are,1,joy,Nararamdaman kong nakakalimutan natin kung gaano tayo katapang.
i read these i am always very touched and feel so blessed,2,love,"Nababasa ko ito, lagi akong naaapektuhan at nararamdaman ang aking pagpapala."
i expressed my concerns that jens mobility had really declined to the point that she now sometimes uses crutches and on a good day the doctor suggested occupational therapy and said he would contact our local occupational therapist and we went on our merry way feeling rather disheartened,0,sadness,"Ipinahayag ko ang aking mga alalahanin na talagang bumaba na ang kakayahang kumilos ni Jens hanggang sa minsan ay gumagamit na siya ng mga krus at sa isang magandang araw, iminungkahi ng doktor ang occupational therapy at sinabi niyang tatawagan ang aming lokal na occupational therapist, at kami ay nagpatuloy sa aming landas, pakiramdam na medyo nalulumbay."
i am feeling apprehensive about this move and worried i have blown all my money that was meant to pay my rego,4,fear,Nakakabahala ang paglipat na ito para sa akin at natatakot akong nagastos ko na ang lahat ng pera na dapat para sa aking rego.
im still not feeling these days but cuddling with them almost always makes me feel a little bit better,1,joy,Hindi pa rin ako maayos sa mga araw na ito ngunit ang yakap nila halos lagi ay nagpapaganda ng pakiramdam ko kahit papaano.
i feel useless i feel stupid,0,sadness,"Nararamdaman kong walang silbi ako, nararamdaman kong bobo."
i feel like its my fault for letting the vampire in and constantly running into them trusting them befriending them etc,1,joy,"Nararamdaman kong ako ang may kasalanan dahil pinapasok ko ang vampiro at lagi silang nakakasabay, pinagkakatiwalaan, pinagkakaibigan, atbp."
i feel stressed a minute workout gives me an instant boost of energy and helps me refocus,3,anger,"Nararamdaman kong stressed, isang minutong ehersisyo ay nagbibigay sa akin ng instant boost ng enerhiya at tumutulong sa akin na mag-refocus."
in ward a was an epileptic patient who was burnt the whole body and was stinking very much such that the whole ward was affected few people could come near him,3,anger,"Sa loob ng silid-tulugan, may isang pasyente na may epilepsiya na nasunog ang buong katawan at amoy na napaka-masamang nakakaapekto sa buong silid, kaya kakaunti lamang ang nakaklapit sa kanya."
i was reading the melee dps rant below just now and it brought to my attention the reason ive been feeling fairly dissatisfied in raids recently,3,anger,Binabasa ko lang kanina ang rant tungkol sa melee DPS sa ibaba at napaisip ako kung bakit nararamdaman kong hindi gaanong nasiyahan sa mga raid kamakailan.
i can achieve on my own it makes me embrace the pain of extreme effort and physical exertion it proves to myself that i can succeed at things that i can be healthy and fit and have a body that i love and feel comfortable in and it just makes me feel special,1,joy,"Kaya kong makamit ito nang mag-isa, ito'y nagpapahintulot sa akin na yakapin ang sakit ng matinding pagsisikap at pisikal na pagod. Ito'y patunay sa aking sarili na kaya kong magtagumpay sa mga bagay na mahalaga sa akin, maging malusog at handa, at magkaroon ng katawan na minamahal ko at kung saan ako nakakaramdam ng kaginhawahan, at ito'y nagpaparamdam sa akin ng kakaiba."
i should have gone to my room and waited for him to feel benevolent enough to give me my pendant,1,joy,Dapat sana ay pumunta ako sa aking silid at naghihintay na siya ay magkaroon ng magandang loob na ibigay ang aking pendant.
i feel ashamed that i hadn t even made root mousse in about a year this was a recipe that my swedish grandfather would make for the family though i hear the most authentic version calls for turnips which are not in season right now,0,sadness,"Nakakahiya na hindi ko na nagawa ang root mousse nang halos isang taon. Ito ay isang resipe na ginagawa ng aking lolo mula sa Sweden para sa pamilya, bagama't naririnig kong ang pinaka-tunay na bersyon ay gumagamit ng repolyo na hindi naman nasa panahon ngayon."
i feel like the projects that im successful in are projects that did not involve specific requirement free choice,1,joy,"Nararamdaman kong ang mga proyekto kung saan ako matagumpay ay ang mga proyekto na walang tiyak na kinakailangan, may kalayaan ng pagpili."
i could feel my feet getting agitated once i got to the metropolitan pavilion,3,anger,Nararamdaman kong nag-aagaw ang aking mga paa nang makarating ako sa Metropolitan Pavilion.
i cant get wrapped up in that kind of crap tv because my brain starts getting mushy and i feel feverishly hostile,3,anger,Hindi ako makakapag-engganyo sa ganung uri ng basura sa telebisyon dahil nagiging malambot ang utak ko at nararamdaman kong mainit at galit.
i feel like i missed that ship when it sailed,0,sadness,Parang na-miss ko na ang barkong iyon nang umalis na ito.
i always feel a bit triumphant when i find a gift for my youngest brother that is not a movie or a video game or anything similar to those two,1,joy,Lagi akong nakakaramdam ng kaunting tagumpay kapag nakakahanap ako ng regalo para sa aking bunso na hindi pelikula o video game o kahit ano pang katulad noon.
i thought i would love wearing s trousers but instead i feel amazing in vintage inspired dresses,1,joy,"Akala ko magugustuhan kong magsuot ng pantalon ngunit sa halip, nakakaramdam ako ng kahanga-hanga sa mga damit na may inspirasyon mula sa mga lumang istilo."
i have been anticipating so i am somewhat surprised uncertain and to some degree annoyed about their presence in my daily experience especially in light of the fact that i have at other times been feeling more joyful and confident in my abilities as a loving human being than ever before,1,joy,"Matagal ko nang inaasahan kaya medyo nagulat, hindi sigurado, at bahagyang nainis sa kanilang pagdating sa aking pang-araw-araw na karanasan, lalo na't noon ay mas masaya at kumbinsido ako sa aking kakayahan bilang isang mapagmahal na tao kaysa dati."
i feel offended by this girl,3,anger,Nasasaktan ako dahil sa babaeng ito.
i feel slightly naughty holding this cd seeing as it doesnt officially release until tuesday,2,love,Nararamdaman kong medyo masama ang pakiramdam ko habang hawak ko itong CD dahil hindi pa ito opisyal na inilalabas hanggang Martes.
i wanna scream out my feelings that i keep until it bleeds the life is sometimes prejudiced it kills happiness thus it becomes even worst feeling like the life is now meaningless why should i be the victim,0,sadness,"Gusto kong ilabas ang aking nararamdaman na itinatago ko hanggang sa lumabas ang dugo, minsan ay may pagkiling ang buhay na pinapatay ang kaligayahan kaya lalong lumalala ang pakiramdam, parang walang kahulugan na ang buhay ngayon, bakit ako dapat ang biktima?"
i feel more peaceful and together than i have,1,joy,Mas nakaramdam ako ng kapayapaan at pagkakaisa kaysa dati.
im feeling lousy right now,0,sadness,Masama ang pakiramdam ko ngayon.
i love and hug on him and try to make him feel valued so he can grow up a secure man in a world that is constantly shifting,1,joy,"Mahal ko siya, niyayakap ko siya, at sinusubukan kong iparamdam na mahalaga siya upang lumaki siyang isang matibay at ligtas na lalaki sa isang mundo na palaging nagbabago."
i have only a few short weeks here and im feeling many things including sentimental and very grateful for the year ive spent here,0,sadness,"Mayroon akong ilang linggong maikli lamang dito at nararamdaman ko ang maraming bagay, kabilang ang pagka-sentimental at lubos na nagpapasalamat sa taong ginugol ko rito."
i have quite amount of friends here but yet how can i feel so lonely,0,sadness,Mayroon akong maraming kaibigan dito ngunit bakit ako pakiramdam na nag-iisa?
ill go because it warms my muscles and i always laugh in the midst of our quirky little inter generational exercise family and after six months im a regular which reminds me that ive accomplished the epic feat of no longer feeling in some way intimidated when i go to the gym,4,fear,"Pupunta ako dahil pinaininit nito ang aking mga kalamnan at lagi akong natawa sa gitna ng aming kakaibang pamilya sa ehersisyo na may iba't ibang henerasyon, at pagkatapos ng anim na buwan, naging regular na ako, na nagpapaalala sa akin na nagawa ko ang isang kahanga-hangang bagay ng hindi na nararamdaman ang anumang takot kapag pumupunta ako sa gym."
im feeling as though this is all pretty boring,0,sadness,Nararamdaman kong medyo nakakabagot lahat ng ito.
i feel very uncomfortable around people with down syndrome,4,fear,Napakakawala ko kapag nasa paligid ng mga taong may sindromeng Down.
i feel melancholy always the period plus just dont feel like myself,0,sadness,"Lagi akong nakakaramdam ng kalungkutan, parang may kulang, at hindi ko nararamdaman na ako mismo."
i remember feeling dirty after the swallow bridgewater race and i wasnt even paying too close attention to it,0,sadness,Naalala ko ang pakiramdam na marumi pagkatapos ng laban sa Swallow Bridgewater at hindi ko nga masyadong pinansin iyon.
i feel pretty jaded lately with the pace of my life so i dont mind doing something fun like killing zombies in real life xd but if it dont happen then more reason for me to get off my butt and do something fun,0,sadness,"Nararamdaman ko ngayon ang pagod at pagkapagod sa bilis ng buhay ko kaya hindi ako mag-aalinlangan na gawin ang isang masaya tulad ng pagpatay ng mga zombie sa totoong buhay xd pero kung hindi mangyayari, mas magandang dahilan para akong bumangon at gumawa ng isang masaya."
i feel eager to do,1,joy,Gusto kong gawin ito.
i am feeling very satisfied with where i am heading with my training and cannot wait to see where this journey continues to ta,1,joy,Napakasaya ko sa direksyon ng aking pagsasanay at hindi ko mapigilan ang aking pag-asang makita kung saan ito patungo.
i feel drops of sweat break out on my forehead and i contemplate doing anything taking anything taking everything to cool the reactor,1,joy,"Nararamdaman kong tumutulo ang pawis sa aking noo at iniisip kong gawin ang anumang bagay, kunin ang anumang bagay, kunin ang lahat upang palamig ang reaktor."
i feel so so heartbroken,0,sadness,Napakasakit ng pakiramdam ko.
im all too familiar with as it leaves me feeling lost and off any form of solid ground,0,sadness,Napakakilala ko na nito dahil iniwan akong parang nawawala at walang matibay na pundasyon.
i always feel devastated when shows close because it feels like more than just the ending of a production,0,sadness,Lagi akong nadaramaang nasasaktan kapag nagtatapos ang mga palabas dahil parang higit pa ito sa simpleng wakas ng isang produksiyon.
i feel we should not be supporting these rebels in a violent manner at all and particularly not give them weapons or funding,2,love,"Hindi ko akalaing dapat nating suportahan ang mga rebeldeng ito nang marahas, lalo na't hindi dapat natin sila bigyan ng armas o pondo."
i feel as though i am going to be victimized,0,sadness,Nararamdaman kong parang ako ay mapapahamak.
i can tell you the things i don t feel that maybe i should be feeling but i can t really put my finger on the cause of my being shaken,4,fear,"Maaari kong sabihin sa iyo ang mga bagay na hindi ko nararamdaman na marahil dapat kong maramdaman, ngunit hindi ko talaga matukoy ang dahilan ng aking pagkabalisa."
i remember feeling shocked by the emotions because after all i was pregnant too and at that point we had no reason to think anything was wrong,4,fear,"Naalala ko ang pagkagulat ko sa mga emosyon dahil, sa huli, ako rin ay buntis at noon, wala tayong dahilan upang isipin na may mali."
i know for a fact that happiness will forever be alien to me i still feel heartbroken,0,sadness,"Alam kong totoo na ang kaligayahan ay magiging estranghero sa akin magpakailanman, at ako'y patuloy na nasasaktan."
i feel when seeing a child suffering this way,0,sadness,Nararamdaman ko ang sakit kapag nakikita kong nagdurusa ang isang bata.
i received a wt txl and sage that i bought for what i feel is a terrific price from one of the esteemed members at the ultralight fly fishing forum,1,joy,Natanggap ko ang isang wt txl at sage na binili ko sa presyong akala ko'y napakabuti mula sa isa sa mga iginagalang na miyembro sa ultralight fly fishing forum.
i am not comfortable with are the individuals who feel that the newcomers should throw away what they have valued back in their home country and abide by whats deemed as normal here,1,joy,Hindi ako komportable sa mga taong naniniwala na dapat itapon ng mga bagong dating ang kanilang mga pinahahalagahan sa kanilang tinubuan at sumunod sa itinuturing na normal dito.
i feel like im collapsing slowly like a bouncy castle with a small tear,1,joy,"Parang unti-unting bumabagsak ako, katulad ng isang bouncy castle na may maliit na butas."
i actually feel insulted when the plot goes off on a tangent like that,3,anger,Talagang naaawa ako kapag lumilihis ang kwento nang ganun.
im just feeling particularly obnoxious tonight,3,anger,Parang sobrang pasaway ko lang talaga ngayong gabi.
i feel you jerked a little surprised at the hand that touched you,4,fear,Naramdaman kong medyo nagulat ka nang hawakan ka ng kamay.
i have never known a love like the love i feel for you sweet emma and benjamin,2,love,"Hindi ko kailanman naranasan ang isang pag-ibig na katulad ng nararamdaman ko para sa inyo, mahal kong Emma at Benjamin."
i feel somewhat victimized,0,sadness,Nararamdaman kong medyo biktima.
i can feel what it feels like being a girl in hypnosis only and be perfect and normal in real life,1,joy,Nararamdaman ko kung ano ang pakiramdam na maging babae sa ilalim ng hipnosis lamang at maging perpekto at normal sa tunay na buhay.
i look at myself and feel dissatisfied,3,anger,Tinitingnan ko ang aking sarili at nararamdaman ang kawalan ng kasiyahan.
i feel a little stressed and lost just waiting for an idea to come,0,sadness,Nararamdaman ko ang kaunting stress at pagkaligaw habang naghihintay ng ideya.
i can not see friends and for the most part i feel like leaving my bedroom could be dangerous,3,anger,"Hindi ko makita ang mga kaibigan at sa karamihan ng oras, parang mapanganib lumabas ng aking silid."
i feel the need to emphasize these things at the moment because of how grumpy i have been this last week,3,anger,Nararamdaman kong kailangan kong bigyang-diin ang mga bagay na ito ngayon dahil sa aking pagiging maungol sa nakalipas na linggo.
im feeling so unsure when things are pressing in about me comes a gentle voice so still,4,fear,"Napakabigat ng pakiramdam ko kapag maraming bagay ang nakapipresyur sa akin, ngunit may isang mahinang tinig na parang tahimik na sumasalita."
i feel scared rather than curl up like a threatened porcupine,4,fear,Natatakot ako kaysa mag-ikot tulad ng isang tinakot na pukyutan.
i cant escape the tears of sadness and just true grief i feel at the loss of my sweet friend and sister,1,joy,Hindi ko maiiwasan ang luha ng kalungkutan at tunay na pagdadalamhati na nararamdaman ko sa pagkawala ng aking matamis na kaibigan at kapatid.
i got to feel something so amazing and powerful that made me feel an incredible sense of happiness and contentment that i did not believe existed,1,joy,Nakaramdam ako ng isang bagay na napakaganda at napakalakas na nagbigay sa akin ng isang kahanga-hangang pakiramdam ng kagalakan at kasiyahan na hindi ko akalaing umiiral.
i know im not in the best place of my life still dealing with the infertility issue but i feel i have a lot to be thankful for,1,joy,"Alam kong hindi ako nasa pinakamagandang kalagayan ng buhay ko, patuloy pa rin akong nakikipaglaban sa isyu ng kawalan ng anak, ngunit nararamdaman kong may maraming dapat akong ipagpasalamat."
i can find and plan to do something with them as i feel the landscape of the aftermath is vital to this genre s appeal,1,joy,Makakahanap ako at plano kong gawin ang isang bagay kasama nila dahil nararamdaman kong mahalaga ang tanawin ng mga bunga para sa pag-akit ng ganitong uri ng genre.
i lost him i realized that i really didnt have anything to fear and that in reality he was the one person that was helping me to trust again because i would tell him how i felt and he would give me back the same and it was starting to feel safe,1,joy,"Nawala siya, at napagtanto ko na wala akong dapat ikatakot at sa totoo lang siya ang tumutulong sa akin upang muling matuto ng tiwala dahil ibinabahagi ko sa kanya ang aking nararamdaman at siya naman ay nagbibigay ng parehong pag-unawa, at unti-unting nararamdaman kong ligtas na."
i paused feeling that what would come next would be fake,0,sadness,"Nag-pause ako, nararamdaman na pekeng ang susunod na mangyayari."
i dont have a god to turn to doesnt mean i dont feel offended by that,3,anger,"Wala akong diyos na hahayaan, hindi ibig sabihin hindi ako naapektuhan ng ganoon."
i feel myself caring and wondering more than them,2,love,Nararamdaman kong mas nag-aalala at nagtatanong ako kaysa sa kanila.
i am thankful that i feel well emotionally,1,joy,Nagpapasalamat ako dahil nararamdaman kong mabuti ang aking emosyon.
i almost inexplicably burst into tears in front of my mother its kind of a long story unfounded guilt about feeling ungrateful earlier today but ive been cleaning and trying to keep myself active so i dont keep falling back into slumps,0,sadness,"halos hindi ko mapigilang umiyak sa harapan ng aking ina, medyo mahabang kwento iyon, walang batayan na pagsisisi dahil sa naramdaman kong kawalan ng pasasalamat kanina, pero naglilinis ako at sinusubukan akong maging aktibo para hindi ako bumalik sa mga pagbagsak."
i have no doubt they would dial feeling threatened,4,fear,Walang alinlangan na tatawag sila habang nadarama ang pagiging banta.
im feeling exceptionally brave that day to tell the husband that i need to buy it because i like it and nothing else,1,joy,Napakabait ko noon para sabihin sa asawa na kailangan kong bilhin iyon dahil gusto ko at wala nang iba.
i just feel like i was foolish ignoring warnings about cell phones,0,sadness,Nararamdaman ko lang na hangal ako dahil hindi pinansin ang mga babala tungkol sa mga cellphone.
i feel like i was convinced to spend the night alone it was not my choice i was wrongfully lead astray,1,joy,"Nararamdaman kong pinaniwalaan akong gugugulin ang gabi mag-isa, hindi iyon ang aking pagpipilian, mali ang direksyon na aking tinungo."
i was feeling paranoid tonight so i had to check my blog stats,4,fear,Nararamdaman kong paranoid ngayong gabi kaya kailangan kong tignan ang mga istatistika ng aking blog.
i was rather calm after writing down how i truly feel so was not as agitated as sonia yixuan and atiqah,3,anger,Naging kalmado ako matapos isulat kung ano talaga ang nararamdaman ko kaya hindi ako gaanong nabalisa gaya nina Sonia Yixuan at Atiqah.
i got the feeling that the person on the other end hated me,3,anger,Naramdaman kong ayaw sa akin ng taong nasa kabilang linya.
i have told her many times as well as given her gifts that say exactly how i feel about my precious girl,1,joy,Sinabi ko na sa kanya nang maraming beses at ibinigay ko rin ang mga regalo na nagsasabi nang eksakto kung paano ko nararamdaman ang aking mahal na babae.
im feeling a little shaky because im going to give a speech at jens retirement lunch shortly and i dont want to cry,4,fear,Nararamdaman kong medyo kinakabahan dahil magbibigay ako ng talumpati sa retirement lunch ni Jens mamaya at ayaw kong umiyak.
ive told my mom and my friends and they all react as if i told them im joining the circus and it makes me feel so isolated,0,sadness,"Sinabi ko na ito sa aking ina at mga kaibigan, at lahat sila ay tumugon bilang kung sinabi kong sasali ako sa sirkong at ito ay nagpaparamdam sa akin na napakalungkot at nag-iisa."
i cant feel complacent,1,joy,Hindi ako makakapagpahinga sa kaginhawahan.
i was feeling amorous,2,love,Nararamdaman kong may pagnanasa.
im back to watching running man and i love it i got back the feeling of why i loved running man,2,love,"Bumalik na ako sa pagpanood ng Running Man at mahal ko ito, bumalik ang pakiramdam kung bakit ko minamahal ang Running Man."
i feel so glad talking to them because they help me learning japanese through conversation and help me speaking english nicer and more frequently,1,joy,Masaya akong makausap sila dahil tinutulungan nila akong matuto ng Hapones sa pamamagitan ng pag-uusap at pinagbuti nila ang aking pagsasalita ng Ingles na mas madalas at mas maganda.
im feeling good now,1,joy,Masaya ako ngayon.
i realised something was wrong when i started to feel everyone hated me and was saying things about me and only wanted to talk to me because they pitied me,3,anger,"Napagtanto ko na may mali nang simulan kong maramdaman na lahat ay nagtataray sa akin, nagsasalita tungkol sa akin, at gustong makipag-usap lamang sa akin dahil sa awa nila."
i feel like this really heartbroken little year old all over again she explained,0,sadness,"Parang muli akong nababaliw na batang isang taong gulang, ganito ang nararamdaman ko, paliwanag niya."
i feel a bit reluctant having to say anything at all because a popular blogger who i share similarities with had beat me to the chase,4,fear,Nararamdaman kong medyo maiiwasan kong magsalita dahil isang sikat na blogger na katulad ko ay nauna na sa akin.
i feel so privileged to have experienced all the lovely places ive been able to visit throughout the last few years,1,joy,Nararamdaman kong lubos akong pinagpala dahil nakaranas ako ng lahat ng magagandang lugar na aking napuntahan sa nakalipas na ilang taon.
i still feel constantly paranoid and anxious i keep wanting to go on facebook to check he hasn t been back on there i keep wanting to go through the texts on his phone i feel edgy when he s at work and want him to come straight home to me,4,fear,"Parang lagi akong kinakabahan at may takot, gusto kong mag-Facebook para tignan kung hindi na siya bumalik doon, gusto kong tingnan ang mga text sa kanyang telepono, at kapag nasa trabaho siya, parang kinakabahan ako at gusto kong umuwi siya kaagad sa akin."
i feel not loved i always get kicked around or shoved,2,love,"Hindi ako nadaramaang minamahal, lagi akong tinutulak o binabangga."
i know it meant that i will get ignored more and that i will have that feeling more still i did keeping all the sadness and all the ignored feeling,0,sadness,"Alam kong ibig sabihin noon ay lalong ako iiwasan at lalong mararamdaman ang ganitong pakiramdam, ngunit patuloy pa rin akong nagdadala ng lahat ng kalungkutan at pakiramdam ng pag-iwas."
i am feeling very lethargic although still trying to get to the gym today but almost all my time seems to be now in a strange chilled out ambience,0,sadness,Nararamdaman kong sobrang pagod kahit sinusubukan kong pumunta sa gym ngayon pero parang lahat ng oras ko ay nasa kakaibang nakakarelaks na kapaligiran.
i feel so ugly and ashamed img src http s,0,sadness,Nararamdaman kong sobrang pangit at nahihiya ako.
im feeling cranky cantankerous and resentful like a house slave basically almost all the mothers i know rely heavily on either alcohol marijuana or separation divorce to get some space and sanity for themselves away from their maternal responsibilities,3,anger,"Nararamdaman kong maasim, mapag-away, at nagrereklamo tulad ng isang aliping bahay. halos lahat ng mga ina na kilala ko ay lubhang umaasa sa alak, marijuana, o paghihiwalay/diborsyo upang makuha ang ilang espasyo at katinuan para sa kanilang sarili, malayo sa kanilang mga tungkulin bilang ina."
i think back to everything that happened in the book im left feeling stunned,4,fear,Naalala ko lahat ng nangyari sa libro at naiwan akong namangha.
i remember him feeling discouraged,0,sadness,Naalala ko siyang nagdadalawang-isip.
i just feel like no one cares and no one can be bothered to make the effort and meet up,3,anger,Parang wala lang akong halaga at walang nagsisikap makipagkita.
i knew something was off as i have been feeling so bad,0,sadness,Alam kong may mali dahil hindi ko maipaliwanag ang aking pagkasakit.
im feeling like the lunches are dull,0,sadness,Nararamdaman kong medyo boring ang mga tanghalian.
i feel unsure because my financial future thanks to the stupid law is at this point partly dependent on js integrity rejected and jilted by j after we took vows unsure and even a little worried about getting passport ability to do so,4,fear,"Hindi ako sigurado dahil ang aking kinabukasan sa pananalapi, dahil sa batas na ito, ay bahagyang nakasalalay ngayon sa integridad ni JS na tinanggihan at iniwan ako ni J matapos naming magpakasal. Hindi sigurado at medyo nababahala rin ako kung kaya kong makuha ang aking pasaporte."
i started going down the adventure feeling totally ludicrous and wondering if this wasnt all just a waste of my time thats when i saw this screenshot,4,fear,"Nagsimula akong bumaba sa pakikipagsapalaran na pakiramdam ko'y lubos na kadiri at nagtatanong kung hindi ito lahat ay sayang lamang ng aking oras, doon ko nakita ang screenshot na ito."
i bring this up because i am feeling increasingly nostalgic for a game ive never played,2,love,Binabanggit ko ito dahil nararamdaman kong lalong bumibilis ang aking pag-nostalya para sa isang laro na hindi ko pa nasisilayan.
i feel excited to be serving on a team of committed individuals who are dedicated to youth development and environmental education,1,joy,Nakakakilig na makasama sa isang koponan ng mga taong nakatuon sa pagpapaunlad ng kabataan at edukasyon sa kapaligiran.
im starting to feel less like i have a cute little bump and more like i have a bigger belly,1,joy,"Nagsisimula akong makaramdam na hindi na ako may maliit at kaakit-akit na tiyan, kundi parang mas malaki na ang aking tiyan."
i feel dumb but happy,0,sadness,Nararamdaman kong bobo pero masaya.
i feel really lucky to be part of it,1,joy,Nararamdaman kong sobrang swerte na maging bahagi nito.
i feel like so much of my life has been rushed through like just the means to an end and now it feels like i am enjoying everything i possibly can for what it truly is,3,anger,"Parang napabilis ang takbo ng buhay ko, parang para lang sa isang layunin, at ngayon, parang tinatamasa ko na ang lahat ng kaya kong ma-enjoy para sa tunay nitong kahulugan."
i just feel like you got to pay to play sweetheart because i dont know not one person in my life that has been faithful,1,joy,"Parang kailangan kang magbayad para makapaglaro, mahal, kasi hindi ko kilala kahit isang tao sa buhay ko na tapat."
i was in the firm i feel passionate about what i am doing because it challenges my mind and intellect to solve some design problems and be around architects and designers really helped to create a conducive environment,2,love,"Nasa kumpanya ako at nararamdaman kong may pagmamahal ako sa ginagawa ko dahil ito ay nagpapahamon sa aking isipan at katalinuhan upang malutas ang ilang mga problema sa disenyo, at ang pagiging paligid ng mga arkitekto at disenyo ay tunay na tumutulong upang lumikha ng isang kanais-nais na kapaligiran."
i feel i cant talk move sometimes even breath with the fear of some kind of rude hateful comment,3,anger,"Nararamdaman kong hindi ko kayang magsalita, kumilos, minsan kahit huminga dahil sa takot sa isang uri ng bastos at poot na komento."
i was not feeling respected by him,1,joy,Hindi ako nararamdaman na nirerespeto niya ako.
i think are close to me as online friends also feel they still very curious about me,4,fear,"Akala ko, malapit na rin sa akin ang mga kaibigan ko online at nararamdaman ko pa rin na interesado sila sa akin."
i feeling shy,4,fear,Nahihiya ako.
i feel like its petty to be worried about it,3,anger,Parang maliit lang ang problema para mag-alala tungkol dito.
i feel fantastic at a weight higher than than that is where i will stay,1,joy,"Nararamdaman kong kahanga-hanga sa timbang na mas mataas, doon ako mananatili."
i will have spontaneous bouts of needing to feel productive or at least busy and i have nothing to do,1,joy,"May mga sandali akong bigla na lang nais magkaroon ng pakiramdam na produktibo o kahit busy, pero wala akong ginagawa."
i just wanted to feel beloved at that moment,2,love,Gusto ko lang maramdaman na mahal ako noon.
i have mixed feelings about this single but i am glad to see her working again,1,joy,May halo-halong nararamdaman ako tungkol sa kantang ito ngunit masaya akong makita siyang nagtatrabaho muli.
i didn t see anything but as i touched i could feel that your body was so delicate,2,love,"Hindi ko nakita ang anumang bagay ngunit habang hinahawakan ko, naramdaman kong napakabango ng iyong katawan."
i should be sad about all these things upset feeling ungrateful,0,sadness,"Dapat akong malungkot tungkol sa lahat ng mga bagay na ito, nararamdaman ang pagkabalisa at hindi nagpapasalamat."
i promise keep it real whatevers on my mind i m a speak on how i feel stay truthful and never lie u and i wont ever keep no secrets no matter whatever,1,joy,"Pangako kong mananatili akong tapat, sasabihin ko ang nasa isip ko, at ipahahayag ko ang aking nararamdaman. Mananatili akong totoo at hindi magsisinungaling. Ikaw at ako ay hindi kailanman itatago ang anumang lihim, anuman ang mangyari."
i was feeling homesick and somewhat wondering what i am doing here,0,sadness,Nalulungkot ako dahil nami-miss ko na ang tahanan at medyo nagtatanong sa aking sarili kung ano ang ginagawa ko rito.
i feel blessed to be his sister,1,joy,Masaya akong kapatid niya.
i feel the need to write even though i really have nothing important to say,1,joy,Nararamdaman kong kailangan kong sumulat kahit wala akong talagang mahalagang sasabihin.
im sure it feels wonderful,1,joy,Sigurado akong nararamdaman mong kahanga-hanga.
i probably should have written this closer to thanksgiving but i was busy and frankly not feeling particularly lucky,1,joy,"Siguro dapat ko nang isinulat ito malapit sa Araw ng Pagpapasalamat, pero abala ako at totoo naman, hindi ako masyadong nakaramdam ng swerte noon."
im feeling the fight as i struggle with feelings that im sure are not right,1,joy,Nararamdaman ko ang labanan habang pinaglalaban ko ang mga damdaming sigurado akong hindi tama.
i went to german class and it made me feel so idiotic,0,sadness,Pumunta ako sa klase ng Aleman at parang tanga ako roon.
i was feeling pretty cranky and down and all i could think of what how much better i feel when i cut my hair off,3,anger,"Nararamdaman ko ang pagiging maungol at malungkot, at ang tanging iniisip ko ay kung gaano ako magiging masaya kapag pinutol ko ang aking buhok."
i made for the bee has left me feeling pretty terrific,1,joy,Ang ginawa ko para sa bubuyog ay nagpapasaya sa akin nang husto.
i searched long and hard for a bad review telling me that i shouldnt buy into something i feel so apprehensive about but i only found that people loved and swore by f,4,fear,Matagal at mahirap akong naghahanap ng masamang review na sasabihin na hindi ko dapat bilhin ang isang bagay na aking kinakabahan ngunit nakita ko lamang na minamahal at pinagsisigawan ng mga tao ang f.
i started feeling my left arm aching,0,sadness,Naramdaman kong sumasakit ang aking kaliwang braso.
i top out the climb feeling invigorated,1,joy,Nakarating ako sa tuktok ng pag-akyat na puno ng sigla.
i feel so lousy and useless in my class,0,sadness,Nararamdaman kong sobrang masama at walang silbi sa aking klase.
i feel like it may have been a missed opportunity too,0,sadness,Parang isang nawalang pagkakataon din ito.
i feel terrible about the whole situation,0,sadness,Napakasama ng pakiramdam ko tungkol sa lahat ng nangyari.
i swallowed my feelings trusting him,1,joy,"Ininom ko ang aking damdamin, pinagkatiwalaan ko siya."
i am feeling extraordinarily jolly today,1,joy,Napakasaya ko ngayon.
i didn t know it was possible to feel more terrified,4,fear,Hindi ko alam na posible pang maramdaman ang higit pang takot.
i friends helping them to dress up and practise their thai introduction session while i sat there feeling helpless,4,fear,"Nakikita kong mga kaibigan ko tumutulong sa kanila na magbihis at mag-praktis ng kanilang Thai introduction session habang ako'y nakaupo roon, nadarama ang kawalan ng magawa."
i feel that many not all but many of the partners i work with are really talented,1,joy,"Nararamdaman ko na marami, hindi lahat pero marami sa mga partner kong nakikipagtulungan ay tunay na may talento."
ive done while not writing was had flowers delivered to someone just because brought a meal to a new mom on a day she was feeling overwhelmed and now im stumped trying to remember what has been done,4,fear,"Ang mga ginawa ko habang hindi nagsusulat ay nagpadala ng bulaklak sa isang tao dahil lang, dinala ang pagkain sa isang bagong ina sa isang araw na siya ay sobra ang pagod, at ngayon ay hindi ko na matandaan kung ano pa ang aking ginawa."
i guess so walking around feeling cranky and mad,3,anger,"Siguro nga, naglalakad habang nakaramdam ng galit at inis."
i feel like im over reacting by feeling so gloomy about it all,0,sadness,Parang sobrang reaksyon ko na ang pagiging malungkot ko tungkol sa lahat ng ito.
i cried like an effing baby for half the day and just sat in bed again so depressed stressing over the decisions i make and everything is oh so focused on me i feel when really i cant be blamed for this,0,sadness,"Umiiyak ako nang parang sanggol nang kalahati ng araw at muling naupo sa kama, lubos na nalulumbay at nag-aalala sa mga desisyon ko, at lahat ay tila nakatuon sa akin na parang ako ang may sala, kahit hindi naman talaga ako dapat sisihin."
i feel so lucky to be guest posting for kristi over at a href http www,1,joy,Nararamdaman kong sobrang swerte na makasulat bilang panauhing blogger para kay Kristi sa [www].
i feel stress being relieved each time i run on the treadmill or swim in our multi coloured pool every other day,1,joy,Nararamdaman kong nababawasan ang aking stress tuwing tumatakbo ako sa treadmill o nagsiswima sa aming multi-colored na pool tuwing ibang araw.
i feel so eager for the rest of the photos to come in,1,joy,Napakasabik ko na para sa natitirang mga larawan na dumating.
i have no idea why but i get gastric pain when i feel stressed up,3,anger,"Hindi ko alam kung bakit, pero nararamdaman kong may sakit sa tiyan kapag stressed ako."
i would already begin to feel calm again and think that the one drink worked,1,joy,Magsisimula na akong makalimutan ang aking kaba at isipin na sapat na ang isang inumin.
i am feeling very confident as of late,1,joy,Nararamdaman kong sobrang kumpiyansa ngayon.
i have essentially at least in my mind solved these design problems i just don t fucking feel like working them out in all their iterations i just feel like i can t be bothered leave that shit to the junior designers,3,anger,"Sa aking isipan, nalutas ko na ang mga problema sa disenyo, pero ayaw kong gawin ang lahat ng iterasyon nito. Hindi ko na kaya, hayaan na lang natin ang mga junior designers na bahala diyan."
i feel uncertain about everything,4,fear,Hindi ako sigurado tungkol sa lahat ng bagay.
i hope she feels my presence with her and is assured that her girl loves her fiercely,1,joy,Sana maramdaman niya ang aking presensya kasama niya at matiyak na mahal na mahal siya ng kanyang babae.
i feel so un smart yo,1,joy,"Parang tanga talaga ako, ah."
i feel like my relationship with christ has been shaky,4,fear,Parang hindi matatag ang aking relasyon kay Kristo.
i am working for but that work requires opportunity certain freedoms of expression and of movement and i may sound paranoid by saying this but i feel those freedoms threatened and more and more each day,4,fear,"Nagtatrabaho ako para sa kanila, ngunit ang trabahong iyon ay nangangailangan ng ilang kalayaan sa pagpapahayag at kilos, at baka parang paranoiac ako kung sasabihin ko ito, ngunit nararamdaman kong unti-unting nanganganib ang mga kalayaang iyon araw-araw."
i didnt feel much maybe just a sting but i was terrified because i didnt know if it was going to hurt or not if there would be a problem and if he knew what he was doing really who does in this situation,4,fear,"Hindi ako gaanong nadama, marahil isang pamatnubay lamang, ngunit natakot ako dahil hindi ko alam kung ito ay magdudulot ng sakit o hindi, kung may magiging problema, at kung alam niya kung ano ang ginagawa niya talaga, sino naman ang nakakaalam sa ganitong sitwasyon?"
i think if youre sad a top tip is to eat lots and lots and lots and lots of it until you feel very satisfied and a maybe a bit queasy,1,joy,"Kung malungkot ka, siguro ang magandang payo ay kumain ng marami, marami, marami, marami hanggang sa makaramdam ka ng lubos na busog at baka konti nang ma-apektuhan ang iyong sikmura."
im stressed angry upset to the point where im feeling numb but one more bad thing is sure to set me over the edge,0,sadness,"Na-stress, nagagalit, at nalulungkot ako hanggang sa parang nawawala na ang aking damdamin, ngunit tiyak na isa pang masamang pangyayari ay magpapabagsak sa akin."
i feel like myself whoever that is again and i m delighted about that,1,joy,"Nararamdaman kong muli akong ako, sino man ako, at masaya ako doon."
i then immediately have feelings of guilt for having those selfish thoughts and my practical side appears how could i do that who would take care of the kids and my parents,3,anger,"Agad akong naramdaman ang pagkakasala dahil sa mga makasariling iniisip ko, at lumitaw ang aking praktikal na panig: Paano ko magagawa iyon? Sino ang aalaga sa mga bata at sa aking mga magulang?"
i went down superdrug it was usually make up or sometimes bunches of hair bands or if i was feeling brave some of them metal hair clips with the flowers stuck on,1,joy,"Pumunta ako sa Superdrug, karaniwan ay bumibili ako ng mga make-up o minsan ay mga buhok na bandang, o kung may lakas ng loob ako, ilan sa mga metal na hair clip na may mga bulaklak na nakakabit."
i adore who watches my gift list and when he knows im feeling unloved he surprises me like this,0,sadness,"Mahal ko siya na lagi kong pinapanood ang listahan ng aking mga regalo at kapag nalalaman niyang hindi ako masaya, nagbibigay siya ng sorpresa tulad nito."
i feel a bit of sadness or loss i just remind myself that love is never lost no person is every lost and all is well,0,sadness,"Nararamdaman ko ang kaunting kalungkutan o pagkawala, ngunit pinapamatuwid ko sa aking sarili na ang pag-ibig ay hindi kailanman nawawala, walang tao ang tunay na nawawala, at lahat ay maayos."
i had this crazy idea that all of that water slogging around in my stomach would make me feel crappy so i kept my sips to an absolute minimum,0,sadness,Nagkaroon ako ng kakaibang ideya na ang lahat ng tubig na tumutulo sa aking tiyan ay magpapalala sa aking pakiramdam kaya't pinigilan ko ang aking pag-inom sa pinakamaliit na halaga.
i also love to be complimented substantially more when i feel like i look shitty,0,sadness,Gustung-gusto ko rin na marinig ang malalaking papuri lalo na kapag nararamdaman kong pangit ang itsura ko.
i am so burdened to be a spiritual father to all generations and i really feel impressed that each and every believer should do so,4,fear,"Napakabigat sa akin na maging espirituwal na ama sa lahat ng henerasyon, at tunay akong naaapektuhan na dapat gawin ito ng bawat mananampalataya."
i feel absolutely splendid right now,1,joy,Nararamdaman kong lubos akong kahanga-hanga ngayon.
i feel a radiant and grounded presence of truth beauty and goodness,1,joy,"Nararamdaman ko ang isang maliwanag at matibay na presensya ng katotohanan, kagandahan, at kabutihan."
i feel dull and tired and blah about this school stuff i thought so important at the start of the school year,0,sadness,"Nararamdaman kong mapurol, pagod, at walang gana sa mga bagay-bagay sa paaralan na akala ko noon ay napakahalaga sa simula ng taon."
ive slowed down i take time to listen to my child and be in the moment and not feel like i need to immediately update my status on fb about the cute thing she did,1,joy,"Pinabagal ko ang aking takbo, nagbibigay ako ng panahon upang makinig sa aking anak at manatili sa kasalukuyan, at hindi na nadarama ang pangangailangan na agad mag-update ng aking katayuan sa FB tungkol sa cute na ginawa niya."
i didn t really feel awkward at all,0,sadness,Hindi ako tunay na nakaramdam ng kakaiba o hindi komportable.
im not going to fix things with ml either by feeling awkward and frustrated and annoyed at some things she does,0,sadness,"Hindi ako aayusin ang mga bagay kay ML, lalo na't magiging awkward, frustrated, at annoyed ako sa ilang ginagawa niya."
i remember feeling overwhelmed and noted the particular smell off the city mostly cigarettes and people with wafts of charred something,4,fear,"Naalala ko ang pakiramdam ng pagod at napansin ko ang partikular na amoy ng lungsod, halos sigarilyo at mga tao na may amoy ng nasunog na bagay."
i didnt feel brave or confident coming out of the mass,1,joy,Hindi ako nakaramdam ng tapang o tiwala paglabas ng misa.
i spent a lot of my childhood feeling completely frightened of her but i remember a lot of good things too,4,fear,"Marami sa aking pagkabata ang ginugol ko sa takot sa kanya, ngunit naaalala ko rin ang maraming magagandang bagay."
i had a quarrel with my parents i was convinced to be right,3,anger,"Nag-away ako sa aking mga magulang, ngunit ako'y naniniwala na tama ako."
my classmate got a b for his homework while i only got a c when we got the results he acted as if he did not merit this grade i found that his humility was hypocritical and i found it disgusting,3,anger,"Nakakuha ng grado B ang kaklase ko sa kanyang takdang-aralin habang ako ay nakakuha lamang ng C nang makuha namin ang resulta, kumilos siya bilang kung hindi niya karapat-dapat ang grado na iyon. Natuklasan kong ang kanyang kahinhinan ay mapagpanggap at nakakainsulto ito sa akin."
i made my own recipe cards and included little gift cards for friends far away so we could feel like we were having coffee and a delicious treat together if i can do this on the computer anyone can,1,joy,"Gumawa ako ng sarili kong recipe cards at isinama ang maliit na gift cards para sa mga kaibigan na malayo upang makaramdam tayo na nagkakaroon ng kape at masarap na meryenda magkasama kung kaya kong gawin ito sa computer, kaya rin ng iba."
i were both feeling homesick so we decided to venture to a relatively new part of town,0,sadness,Pareho kaming nami-miss ang tahanan kaya nagpasya kaming maglakbay sa isang medyo bagong lugar sa bayan.
i volunteer at bard and always feel respected,1,joy,Nagboboluntaryo ako sa Bard at lagi akong nararamdaman na nirerespeto.
i feel like i m falling quicker and quicker but i m not quite sure what i m falling into i m calling it love because that s what it feels like since my heart is beating rapidly and i can t seem to keep this tiny little smile off my face no matter what hour of the day,1,joy,"Nararamdaman kong bumabagsak ako nang mas mabilis at mas mabilis, ngunit hindi ko sigurado kung ano ang aking tinutungo. Tinatawag kong pag-ibig dahil iyon ang nararamdaman ko, dahil mabilis ang tibok ng aking puso at hindi ko maalis ang maliit na ngiti sa aking mukha kahit anong oras ng araw."
i always feel like i should look cute when i vote,1,joy,Lagi akong nakakaramdam na dapat magmukhang cute kapag bumoto ako.
i feel obama is simply because hillary is so hated by so many,0,sadness,Nararamdaman kong si Obama ay nanalo dahil sobrang kinamumuhian si Hillary ng marami.
i miss everybody i am still feeling relieved because i am pretty sure i will be able to catch up on much needed sleep that has eluded me the last couple of days,1,joy,Namimiss ko lahat. Parang nakakarelaks dahil sigurado akong makakapagpahinga na ako ng matagal na hindi ko naranasan sa mga nakaraang araw.
i get the feeling were being tortured,3,anger,Nararamdaman kong pinagdurusa tayo.
ive been feeling an aching loss a void in my life in the place that she filled,0,sadness,"Nararamdaman ko ang matinding pagkawala, isang bakante sa buhay ko kung saan siya noon nanirahan."
i do like riding on brooms but there is something about just sitting and holding colin and feeling the wind in my hair that is quite pleasant,1,joy,Gustung-gusto kong sumakay sa walis tingting ngunit may kakaiba sa simpleng pag-upo at pagkakahawak kay Colin habang nararamdaman ang hangin sa aking buhok na lubos na nakakaginhawa.
i truly feel blessed to be sharing our first thanksgiving day together and we have many many blessings to be thankful for,1,joy,"Tunay akong binabati ng pagpapala na makasama kayo sa aming unang Araw ng Pagpapasalamat at maraming, maraming dahilan tayo upang magpasalamat."
i almost feel like i missed this month but when thinking of what i actually did it sure wasnt wasted my sister got married,0,sadness,"Parang na-miss ko ang buwan na ito ngunit pag-iisip ko ng mga nagawa ko, tiyak na hindi ito nasayang dahil ikasal ang kapatid ko."
i didn t feel like there was something i missed and i take back all the things i said to make you feel like that and i just wish that i didn t feel like there was something i missed and i take back all the things that i said to you,0,sadness,"Hindi ko naramdaman na may kulang at binabawi ko lahat ng sinabi ko para pakiramdam mong ganun, at sana hindi ko naramdaman na may kulang at binabawi ko lahat ng sinabi ko sa iyo."
i was a little teary and feeling a little sorry for myself,0,sadness,Naging medyo malungkot at nag-sorry ako sa sarili ko.
im feeling a bit distressed about it,4,fear,Nakakabahala ito para sa akin.
i know it is really hard on him to not be here i think he feels like he misses out on a lot with our sweet girl,1,joy,"Alam kong mahirap para sa kanya na hindi narito, siguro nararamdaman niya na napapalampas niya ang maraming bagay kasama ang ating maliit na prinsesa."
i seriously feel like a prisoner and i feel awfully gloomy when im in school thats why i always want to get out of the gates as early as possible,0,sadness,Talagang parang bilanggo ako at sobrang malungkot ako kapag nasa paaralan kaya lagi akong gustong makalabas ng mga bakod nang maaga.
i feel like i should rely entirelly on gods word yet i am impatient to wait,3,anger,Nararamdaman kong dapat akong ganap na umasa sa salita ng Diyos ngunit nagmamadali akong maghintay.
i am feeling mad at him as he didnt reply got me very worried,3,anger,"Galit ako sa kanya dahil hindi siya sumagot, napaka-aalala niya sa akin."
i was not aware of his point of view as a white european who had undertaken this trip as a fulfillment of a childhood dream but maybe because of this awareness i was able to feel the tragic dawning marlowe experiences of humanitys ruthless rapacity and greed,0,sadness,"Hindi ko alam ang kanyang pananaw bilang isang puting Europeo na naglakbay upang matupad ang pangarap noong siya ay bata pa, ngunit marahil dahil sa aking pag-unawa dito, nakaramdam ako ng malungkot na pagsisimula ng mga karanasan ni Marlowe tungkol sa walang habas na kasakiman at pagnanasa ng sangkatauhan."
i feel that i m indulging him at times nor does it help that when we started talking his approach was more friend zone friendly than an i want to date you approach,1,joy,"Nararamdaman kong minsan ay pinagbibigyan ko siya, at hindi rin tumutulong na noong nagsimula kaming mag-usap, ang kanyang paraan ay mas parang kaibigan sa ""gusto kitang ligawan"" na paraan."
i feel peaceful like i shall grow wings and fly away,1,joy,"Nararamdaman kong mapayapa, parang may pakpak akong lalago at lilipad."
i feel like starting with my name is susanna but i dont want to be that boring,0,sadness,Parang gusto kong magsimula sa pangalan kong Susanna pero ayaw kong maging boring.
i feel with my precious little girls arms wrapped so tightly around my neck,1,joy,Nararamdaman ko ang yakap ng aking mga mahalagang maliit na anak na babae na nakayakap nang mahigpit sa aking leeg.
i dont know who wrote the following little note but this is how i feel today if u r offended by the following posting then you obviously have not lived long enough to be compromised on how you act or believe,3,anger,"Hindi ko alam kung sino ang sumulat ng maliit na talaing ito ngunit ganito ang nararamdaman ko ngayon. Kung maa-offend ka sa sumusunod na post, malamang ay hindi ka pa sapat na nabubuhay upang maimpluwensyahan ang iyong kilos o paniniwala."
i was feeling extremely horny while out of town visting some friends of mine in south florida,2,love,"Napakasakit ng aking pagnanasa habang nasa labas ng bayan, bumibisita sa mga kaibigan ko sa Timog Florida."
i can feel dazed by all those choices so much so i find myself standing still in front of that blank page unable to make a move,4,fear,"Nararamdaman kong nababalot ng pagkalito dahil sa napakaraming pagpipilian, kaya't natatagpuan kong nakatayo lamang sa harapan ng puting papel, hindi makapag-umpisa."
i feel so beaten down,0,sadness,Parang nababagsak na ako.
i am feeling some divine intervention at work here,1,joy,Nararamdaman ko ang ilang diyosang pakikialam sa aking ginagawa ngayon.
i was devestated would be a grave disservice to my feelings as i can never recall being quite so heartbroken again in my life,0,sadness,"Lubos akong nasiraan ng loob, at sabihin na lamang na ""devastate"" ay isang malaking kawalan ng paggalang sa aking naramdaman dahil hindi ko na maalala na maramdaman ang ganitong sakit ng puso muli sa buhay ko."
i feel like i got resentful and tired and i just wanted to talk to him so badly,3,anger,"Nararamdaman kong nagagalit at pagod na ako, at sobrang gusto kong makausap siya."
i had a feeling he wouldn t be friendly about it,1,joy,Naramdaman kong hindi siya magiging mabait tungkol dito.
i feel amazed because when he watch his victim intensely the lying blonde has a pretty face like a girl his skin so smooth his lips so soft and pink and,4,fear,"Nabighani ako dahil kapag pinapanood niya ang biktima niya, ang mapang-akit na blondie ay may magandang mukha na parang babae, ang balat niya ay makinis, ang mga labi niya ay malambot at rosas."
i m being reserved kind i feel so loads and loads and loads of mood swings i am not caring eh,2,love,"Nag-iingat ako, mabait ako, pero nararamdaman ko ang sobrang dami ng pagbabago ng emosyon, parang hindi na ako nag-aalala."
i feel aching andangry,0,sadness,Nararamdaman kong masakit at galit.
i hope to see or feel a mad glint in your eye because some madness some pathological curiosity is needed,3,anger,"Sana makita o maramdaman ko ang isang baliw na ningning sa iyong mata dahil kailangan ng kaunting pagkabaliw, isang patolohikal na pag-uugnay."
i feel for you i feel sorry for those who think autistics have no ability to empathize,0,sadness,Naiintindihan kita at nakikiramay ako sa mga taong naniniwala na walang kakayahang magpakita ng empatiya ang mga may autism.
im not appreciative enough does not love and care for myself enough and does not feel contented of what i have now i will never be happy,1,joy,"Hindi ako sapat na nagpapasalamat, hindi sapat na umiibig at nag-aalaga sa sarili, at hindi nararamdaman ang kasiyahan sa aking meron ngayon, kaya hindi ako magiging masaya."
i am at a point where i dread anyone asking me for anything because i feel like it is just one more opportunity for me to fail at something and that is a very horrible place for me to be,0,sadness,Nasa punto na ako kung saan natatakot akong hingin ng kahit sino ang anumang bagay dahil parang isa lang itong pagkakataon para mabigo ako at talagang nakakatakot ang pakiramdam na iyon.
i overslept and the hangover kicked in mid morning im still feeling extremely delicate,2,love,"Na-oversleep ako at dumating ang hangover ko bandang tanghali, hanggang ngayon ay sobrang mahina pa rin ako."
i feel that i am not accepted and am forced to hide this part of who i am,2,love,Nararamdaman kong hindi ako tinatanggap at pinipilit kong itago ang bahaging ito ng aking pagkatao.
i feel somehow reassured to a href http www,1,joy,Nararamdaman kong may kaunting pag-asa dahil sa...
i must admit that tonight i am feeling a bit homesick for my little,0,sadness,"Dapat kong aminin na ngayong gabi, medyo nami-miss ko na ang aking maliit na tahanan."
i can see a lot of strain on people i can tell they are feeling pretty shitty or not what they are supposed to be pretending,0,sadness,"Nakikita ko ang malaking pagod sa mga tao, masasabi kong sila ay nararamdaman ang pagkabigo o hindi sila ang dapat nilang ipakita."
i started to drape the ties on and get a feel for how it would look and i hated it,0,sadness,"Nagsimula akong ilagay ang mga tali at maramdaman kung paano ito magmumukha, at ayaw ko na."
i feel a conection between my beloved letter and the beloved envelope that i have customized,1,joy,Nararamdaman ko ang koneksyon sa pagitan ng mahal kong liham at ng mahal kong sobre na aking pinaganda.
i have been starting to feel drained,0,sadness,Nararamdaman ko nang unti-unti ang pagod.
i hate it i am feeling bothered by my boob size,3,anger,"Ayaw ko nito, naapektuhan ako ng laki ng aking dibdib."
i feel whiney winey lush lush i just know everyone thinks im scummy and annoying,0,sadness,"Nararamdaman kong maarte at lasing, alam kong iniisip nila akong marumi at nakakainis."
i think there s nobody there but when i reach there i feel suspicious,4,fear,"Akala ko wala doon pero nang makarating ako, naramdaman kong may kakaiba."
i didnt know what to feel except ashamed of myself for not feeling sorrow,0,sadness,"Hindi ko alam kung ano ang dapat maramdaman, maliban sa kahihiyan sa aking sarili dahil hindi ako nakaramdam ng kalungkutan."
i set off feeling fab and ran first section pretty well,1,joy,Nagsimula akong maglakad na puno ng kumpiyansa at mabilis na natapos ang unang bahagi.
im supposed to feel sympathetic to a child killer,2,love,Dapat akong magpakita ng simpatiya sa isang pumatay ng bata.
i feel an emotional reaction but a lot of times that emotion is accompanied by a physical reaction as well,0,sadness,Nararamdaman ko ang emosyonal na reaksiyon ngunit kadalasan ay kasama rin nito ang pisikal na reaksiyon.
i mean change is great though unless i feel like i am not alone in what i experience with having high functioning autism it s scary to make decisions and to want to work on myself in order to be the person i want to be,0,sadness,"Ibig sabihin, maganda ang pagbabago, maliban na lang kung hindi ako nakakaramdam na nag-iisa sa aking karanasan sa mataas na pag-function ng autism. Nakakatakot gumawa ng desisyon at gustong magtrabaho sa aking sarili upang maging ang taong nais kong maging."
i feel like im becoming the most dull witless stupid zombie by spending my life with him and his friends,0,sadness,"Parang naging pinakabobo, walang utak, at stupido zombie na ako dahil sa pagsasama ko sa kanya at sa mga kaibigan niya."
i would want them to know either i feel it isn t that important to know who had hurt me this much anymore,1,joy,Gusto kong malaman nila na hindi ko na mahalaga kung sino ang nagsakit sa akin nang ganito.
i am by no means very claustrophobic when crunched up like that i can t help but feel a little agitated,4,fear,"Hindi ako lubos na claustrophobic, ngunit kahit na nakakapit ako sa ganitong paraan, hindi ko mapigilan ang maramdaman ang kaunting pag-aalala."
i have been busy pleasing people which i currently feel so regretful about today,0,sadness,"Napakasaya ko sa pagpapasaya sa mga tao, ngunit ngayon ay lubos akong nagsisisi tungkol dito."
i thought id make a list of ways that you could celebrate today whether youre ready to be your creative self your activist self your worker self or you just need some ways to feel festive,1,joy,"Naisip kong gumawa ng listahan ng mga paraan upang ipagdiwang ang araw na ito, kung handa ka bang maging iyong malikhaing sarili, iyong aktibistang sarili, iyong manggagawang sarili, o kung kailangan mo lamang ng ilang paraan upang maramdaman ang kasiyahan."
i am kind of feeling melancholy because of the recent tragedy in bontoc you know when we were there you do get the feeling that every turn is the last turn you are ever going to make in your life,0,sadness,"Nararamdaman ko ang bahagyang kalungkutan dahil sa kamakailang trahedya sa Bontoc, alam mo, noong kami ay naroon, mayroon kang pakiramdam na bawat liko ay ang huling liko na iyong gagawin sa buhay mo."
i feel that the message is too lame or something,0,sadness,Nararamdaman kong mahina o kulang ang mensahe.
i feel wonderful after seeing all these sweet ribbon prices,1,joy,Nararamdaman kong kahanga-hanga pagkatapos makita ang lahat ng mga magagandang presyo ng ribbon.
i start to daydream about accidentally hitting the end call button that i recently took up flossing after a year sabbatical and it has made me feel strangely superior,1,joy,"Nagsisimula akong mangarap na aksidenteng pindutin ang button para matapos ang tawag, na kamakailan ko lang pinagpatuloy ang pag-floss matapos isang taong pahinga, at ito ay nagpaparamdam sa akin ng kakaibang pagmamataas."
i am feeling mega contented after sort of completing my project,1,joy,Napakalaking saya ko ngayon dahil halos natapos ko na ang aking proyekto.
im just sick of feeling unwelcome here,0,sadness,Napagod na akong maramdaman na hindi ako tinatanggap dito.
i know i have been affected by it and the importance of beauty is embedded so deeply in me that i don t think i will ever stop feeling inadequate in some ways for not measuring up to society s narrow and unattainable view of beauty,0,sadness,Alam kong naapektuhan ako nito at ang kahalagahan ng kagandahan ay nakaukit nang malalim sa akin kaya hindi ko akalaing titigil na ako sa pagpikit ng aking sarili sa ilang paraan dahil hindi ako umaabot sa makipot at hindi maabot na pananaw ng lipunan tungkol sa kagandahan.
i had picked oxbow in the kentucky derby two weeks ago but he turned up as the longest bet for the preakness today and i just had a feeling that the lucas stevens combination wouldnt be beaten,0,sadness,Pumili ako ng Oxbow sa Kentucky Derby dalawang linggo na ang nakalilipas ngunit siya ay lumabas bilang ang pinakamahabang taya para sa Preakness ngayon at may nararamdaman akong ang kombinasyon ni Lucas Stevens ay hindi matatalo.
i know i have an international audience but even now i feel pleasantly shocked that i can reach certain parts of the world,4,fear,"Alam kong may pandaigdigang madla ako ngunit kahit ngayon, nakakagulat pa rin akong maabot ang ilang bahagi ng mundo."
i wanna tell you how i feel but im scared,4,fear,Gusto kong sabihin sa iyo kung ano ang nararamdaman ko pero natatakot ako.
i just didnt feel inspired,1,joy,Hindi ko lang naramdaman ang inspirasyon.
i feel nothing just empty until the nothing becomes something just a deep ache longing to be filled,0,sadness,"Nararamdaman ko ang kawalan, puro kalungkutan hanggang sa ang kawalan ay maging isang malalim na sakit na nagnanais mapunan."
i have nothing but respect for not only jerry sloan but the utah jazz as a whole i feel wronged that we were forced to stomach this series,3,anger,Wala akong iba kundi paggalang para kay Jerry Sloan at sa buong Utah Jazz. Nararamdaman kong mali ang ginawa sa amin na pinilit kaming tiisin ang seryeng ito.
i wept with my grandparents who prayed for me by phone that i would feel gods presence to which i replied that i felt so punished,0,sadness,"umiyak ako kasama ng aking mga lolo't lola na nanalangin para sa akin sa telepono na maramdaman ko ang presensya ng Diyos, kung saan sumagot ako na parang pinarusahan ako."
i feel like i should mention there was another sweet family with us,1,joy,Nararamdaman kong dapat kong banggitin na may isa pang matamis na pamilya kasama namin.
i feel frightened or anxious,4,fear,Natatakot o kinakabahan ako.
i always feel like i need drugs after which is funny cuz its a health food store,4,fear,"Lagi akong nakakaramdam na kailangan ko ng droga pagkatapos, nakakatawa kasi ito'y tindahan ng mga pagkain na mabuti para sa kalusugan."
i feel her longing to be touched and all that but really with the guy who wanted to control you and make you kill other people,2,love,Nararamdaman ko ang kanyang pagnanasa na mahawakan at lahat ng iyon ngunit talagang kasama ang lalaking gustong kontrolin ka at gawing pumatay ka ng iba.
i wonder why people feel the need to make up stories to be amazed at the miracles around us every day,4,fear,Nagtataka ako kung bakit kailangan ng mga tao gumawa ng mga kwentong hindi totoo upang mapagtanto ang mga himala sa paligid natin araw-araw.
i along happy peaceful feeling fantastic,1,joy,"Nararamdaman ko ang saya, kapayapaan, at isang kahanga-hangang pakiramdam."
i hope you feel a little more glamorous after reading todays pinterest loves,1,joy,Sana mas maramdaman mong glamorous pagkatapos basahin ang mga Pinterest loves ngayon.
i came back from the holidays feeling invigorated and inspired,1,joy,Bumalik ako mula sa bakasyon na pakiramdam ko ay nabigyang-sigla at inspirasyon.
i hate being in an environment where im constantly feeling rejected cast aside and forgotten e,0,sadness,"Ayaw kong nasa kapaligiran kung saan palagi akong nararamdaman na tinatanggihan, itinatapon, at nakakalimutan."
i am still glad to help when someone asks makes me feel complacent at least i am good at something,1,joy,"Masaya pa rin akong tumulong kapag may humihingi, parang nagbibigay ito ng kasiyahan dahil kahit papaano, mayroon akong magaling."
i just mean it in a logistics sort of way i feel like i cant take one more frantic non stop day,4,fear,"Gusto ko lang sabihin, sa paraang pang-logistik, parang hindi ko na kaya ang isa pang araw na puno ng kaba at walang humpay."
i guess ill quit the predictions and quit feeling doomed,0,sadness,Siguro iiwanan ko na ang mga hula at iiwasan ang pakiramdam na nabibilanggo ng kapalaran.
i have this crush on my bus mate and i feel strange about it because i used to despise him,4,fear,May gusto akong sa aking kaklase sa bus at kakaiba ang nararamdaman ko dahil dati ay kinamumuhian ko siya.
i feel like ive reached the point where we are doing more emotional damage than health fixing especially since you know we arent cathing,0,sadness,"Nararamdaman kong narating na natin ang punto kung saan mas maraming pinsala ang ating ginagawa sa emosyon kaysa sa pagpapagaling ng kalusugan, lalo na't alam natin na hindi tayo nakakakuha ng tunay na solusyon."
i remember feeling very very disturbed by the images,0,sadness,Naalala ko ang pagiging lubhang nababahala sa mga larawan.
i do these days that makes me feel a little uncertain about the future the pressures that pierce me deep the feeling of being completely isolated from the world i used to glory in and all the thrills that go with it,4,fear,"Ang mga ginagawa ko ngayon ay nagdudulot sa akin ng kaunting pag-aalinlangan tungkol sa hinaharap, ang mga presyur na tumutusok sa aking kaluluwa, ang pakiramdam na lubos akong nag-iisa mula sa mundo na dati kong ipinagmamalaki at lahat ng kilig na kasama nito."
im feeling a craving for a naughty sweet snack this is what i choose,2,love,"Gusto kong kumain ng masarap at masamang meryenda, ito ang aking pinili."
i hate myself for feeling so listless about my classwork,0,sadness,Ayaw ko sa sarili ko dahil parang walang gana akong mag-aral.
i don t feel like i m welcomed at home even though i am its different than before,1,joy,"Hindi ko nararamdaman na tinatanggap ako sa bahay kahit na ako ang may-ari nito, iba na ito kumpara noon."
i mentioned in my last post i was still feeling completely exhausted on the weekend,0,sadness,Sinabi ko sa aking nakaraang post na nararamdaman ko pa rin ang ganap na pagod noong weekend.
i could not help feeling thatrupert meant to be rude to my father though his words were quite polite,3,anger,Hindi ko mapigilang maramdaman na sinasadya ni Rupert na maging bastos sa aking ama kahit na magalang ang kanyang mga salita.
i started feeling better towards the afternoon and now i still intend to finish off some things in my to do list,1,joy,Nagsimulang gumaling ang pakiramdam ko noong hapon at ngayon ay balak ko pang matapos ang ilang bagay sa aking listahan ng mga dapat gawin.
i am feeling somewhat melancholy over that,0,sadness,Nararamdaman ko ang kaunting kalungkutan tungkol doon.
i feel like a kid that s been naughty,2,love,Parang bata akong nagkasala.
i do hear and old jam a wave of nostalgia floods over me i become giddy and feel like a jubilant teenager again,1,joy,"Naririnig ko ang isang matandang kanta, at isang alon ng nostalgia ang sumasakop sa akin. Nagiging kiliti ako at parang isang masayang kabataan muli."
im not too jazzed about the first image but even before i have finished this one i am already feeling proud,1,joy,"Hindi ako masyadong excited sa unang larawan pero kahit hindi pa tapos ang isa, nararamdaman ko na ang pagmamalaki."
i wish that i had listened to this album back in the day because i feel like i have missed out on so many listening opportunities it is not very often you come across an album that you like the whole way through,0,sadness,Sana'y nakinig ako sa album na ito noon pa dahil parang maraming pagkakataong makarinig ako ng maganda ang nawala. Hindi madalas na makakahanap ka ng album na magugustuhan mo mula simula hanggang wakas.
ive been a huge fan of twitter since i joined in and as my engagement with those that i follow has increased over time ive found myself feeling like this is a go to source for me for any number of content options news biz trends marketing you get the picture,1,joy,"Matagal ko nang sinusundan ang Twitter mula nang sumali ako, at habang tumataas ang aking pakikipag-ugnayan sa mga taong sinusundan ko, nararamdaman kong ito ay naging pangunahing pinagkukunan ko para sa iba't ibang uri ng nilalaman—balita, negosyo, mga uso, marketing, atbp."
i feel like my songs are pretty lame and elementary but they like them,0,sadness,Parang pangit at simpleng mga kanta ko pero gusto nila.
i feel heartbroken when he tells me that he feels that i dont love him when i really do love him,0,sadness,Nasasaktan ako kapag sinasabi niya na hindi niya nararamdaman na mahal ko siya kahit na totoo namang mahal ko siya.
i am feeling a little uncertain as i am waiting to hear from my land lady to confirm a date and receive my contract,4,fear,Nararamdaman kong medyo hindi sigurado habang hinihintay ang balita mula sa aking maybahay upang kumpirmahin ang petsa at makatanggap ng aking kontrata.
im not going to tell you to feel loving feelings toward her,2,love,Hindi kita sasabihin na maramdaman ang pagmamahal sa kanya.
i feel like kierkegaard a hated and lonely philosopher,3,anger,"Parang si Kierkegaard ako, isang pinagkaitan at nag-iisa na pilosopo."
i know that i am even more unworthy to facilitate your children and i feel truly anguished that my interference with your work has stunted damaged or destroyed the promise once instilled by your spirit in to them,0,sadness,"Alam kong lalong hindi ako karapat-dapat na gabayan ang inyong mga anak, at lubos akong nasasaktan na ang aking pakikialam sa inyong trabaho ay pumigil, nasira, o winasak ang pangako na dati ninyong ipinagkaloob sa kanila."
i just want people to leave me alone and not make me special because i feel really vain and bad when people pay that much attention to me,0,sadness,Gusto ko lang na iwan akong mag-isa at huwag akong gawing espesyal dahil nadarama kong mapagmamalaki at masama ang pakiramdam ko kapag maraming pansin ang ibinibigay sa akin.
i seem to wake up every day recently feeling immensely irritable and i cant quite work out why,3,anger,Parang araw-araw akong nagigising ngayon na sobrang iritable at hindi ko maintindihan kung bakit.
i am now feeling fine if not a bit worn out and tired from a few days of sickness,1,joy,"Nararamdaman ko ngayon ang pagiging maayos, bagama't medyo pagod at pagod na dahil sa ilang araw na karamdaman."
i feel like i have a headcold and im groggy and even more exhausted today,0,sadness,Nararamdaman kong may sipon ako at pagod at mas lalong pagod ngayon.
i dont know how to explain to you all the emotions that i felt at that moment but i can assure you of one thing i didnt have to convince myself to feel passionate about dominican republic,2,love,"Hindi ko alam kung paano ipaliwanag sa inyo ang lahat ng emosyon na naramdaman ko noon, pero matitiyak ko sa inyo ng isa, hindi ko kailangan ng anumang pagsisikap upang maging mapagdamdam tungkol sa Dominican Republic."
i will come across a book that i feel has valuable information in it that i should keep for perusal at a later date,1,joy,Makakahanap ako ng isang libro na sa tingin ko ay may mahalagang impormasyon na dapat kong itago para basahin sa ibang pagkakataon.
i lie awake for hours and look at him and at times i feel so ashamed of my thoughts,0,sadness,"Nagigising ako nang maraming oras at nakatingin sa kanya, at minsan ay nararamdaman kong napahiya sa aking mga iniisip."
i feel this strange shift between us the heat between us intensifying and i get excited my nerves bubbling up inside me,4,fear,"Nararamdaman ko itong kakaibang pagbabago sa pagitan natin, ang init sa pagitan natin ay lalong tumitindi at ako'y nagiging excited, ang aking mga nerbiyos ay kumukulo sa loob ko."
i don t feel very reassured when the general environment at a recruiters doesn t look like an office one either,1,joy,Hindi ako gaanong nakakaramdam ng katiyakan kapag ang pangkalahatang kapaligiran sa isang ahensya ng recruiter ay hindi mukhang opisina.
im feeling shy to approach them,4,fear,Nahihiya akong lapitan sila.
i feel like a child with a most delicious treat while drinking it,1,joy,Parang bata akong kumakain ng pinakamasarap na meryenda habang iniinom ito.
i still feel horrible,0,sadness,Parati ko pa ring nararamdaman ang pagkasira.
i feel incredibly disappointed in myself,0,sadness,Napakasakit ng pagkatalo ko sa sarili ko.
i feel like it but i cant i cant give in i am just to stubborn and i must win,3,anger,"Nararamdaman ko ito ngunit hindi ko magawa, hindi ko kayang sumuko, masyadong matigas ang ulo ko at kailangan kong manalo."
i entered the temple feeling vaguely terrified,4,fear,Pumasok ako sa templo na may kaunting takot.
i fall asleep these days feeling as if the day has been worthwhile,1,joy,Natutulog ako ngayon na parang sulit ang araw.
this happened a year when i was having a hard time,1,joy,Nangyari ito isang taon nang mahirap ang aking panahon.
i look pretty today without feeling vain,0,sadness,Maganda ako ngayon nang hindi naman mapagmamalaki.
i dunno i feel like ive been on opiates forever i dont even remember my carefree life before r or even with her as an infant when i didnt use anything its summer again which means im almost one year on this merry go round of addiction,1,joy,"Hindi ko alam, parang nasa gamot na nakakabingi na ako magpakailanman, hindi ko na maalala ang aking walang-alala na buhay bago ang R o kahit na kasama siya noong sanggol pa siya nang hindi ako gumagamit ng kahit ano. Muli ang tag-init, ibig sabihin halos isang taon na akong nakasakay sa bilog na ito ng pagkagumon."
i didnt feel too needy i didnt feel too emotional,0,sadness,"Hindi ako sobra nangangailangan, hindi rin ako sobra'y emosyonal."
i feel petty a href http clairee,3,anger,Nararamdaman kong maliit ang aking pag-aalala sa Claire.
i have some christmas undecorating to start but im in no hurry i like feeling festive,1,joy,"May ilang dekorasyon ng Pasko pa akong kailangang tanggalin pero wala akong madaliang gagawin, gusto ko pa rin ang pakiramdam na may pista."
i am is cornish and i feel so insulted and hurt to know that people my own age dont see what i see dont understand how much cornwall is important to their lives,3,anger,Ako ay Cornish at lubos akong nasasaktan at nabighani na ang mga taong katulad ko sa edad ay hindi nakikita ang aking nakikita at hindi nauunawaan kung gaano kahalaga ang Cornwall sa kanilang buhay.
there was a cat on the street it had been run over and its head was open we passed beside it,3,anger,"May isang pusa sa kalsada, nasagasaan ito at bukas ang ulo nito, dumaan kami rito."
i feel an aching tiredness that goes down to my core,0,sadness,Nararamdaman ko ang isang malalim na pagod na umaabot hanggang sa aking kaluluwa.
i feel comfortable enough doing presentations in front of professors and students i am a performer so its somewhat like the same thing most of my experiences back in grade school were hard when it came to presenting because i wasnt into it or got made fun of,1,joy,Nakakaramdam ako ng sapat na kaginhawahan sa paggawa ng mga presentasyon sa harap ng mga propesor at estudyante dahil artista ako kaya medyo pareho lang iyon karamihan sa aking karanasan noong elementarya ay mahirap kapag nagpe-present dahil hindi ako interesado o niloloko ng iba.
i know feel a sense of responsibility toward those whose family and homes were devastated by hurricane katrina,0,sadness,Alam kong nararamdaman ang isang pakiramdam ng pananagutan tungo sa mga taong pamilya at tahanan ay sinalanta ng bagyong Katrina.
i never knew these feelings entertained by anyone that they did not however unknown to himself tinge the language of the person who imbibed them and thereby produce incalculable mischief,1,joy,"Hindi ko alam na ang mga damdaming ito ay pinag-aaruga ng sinuman, na hindi man nila alam, ay nagbibigay ng kulay sa wika ng taong nakakaranas nito at nagdudulot ng hindi matutumbas na kasamaan."
i feel bad for pretty much everyone involved and am generally bummed to see violence take place perhaps most disturbing of all is the insidious if not predictable victim blaming that has taken hold in the days since the violent incident,0,sadness,"Nakakaramdam ako ng pagdadalamhati para sa halos lahat ng sangkot at pangkalahatan ay nalulungkot na makita ang karahasan. Ang pinaka nakakabahala marahil ay ang nakakapinsalang, kung hindi mahuhulaan, pag sisi sa biktima na kumalat sa mga araw matapos ang marahas na insidente."
i feel so idiotic right now,0,sadness,Nararamdaman kong napakatama ng aking pagiging bobo ngayon.
ive been more intensely feeling unloved,0,sadness,Mas malakas kong nararamdaman ngayon ang kawalan ng pagmamahal.
i feel the need to be productive,1,joy,Nararamdaman kong kailangan kong maging produktibo.
i discovered out what created my wife feel lovedi was shocked,4,fear,"Natuklasan ko kung ano ang nagpaparamdam sa aking asawa na mahal niya ako, at nagulat ako."
i go to bed feeling triumphant,1,joy,Pupunta ako sa kama na nakaramdam ng tagumpay.
i feel that artists should be supportive of one another not stretching to find ways for others not to be able to express themselves in their love of art too,2,love,"Nararamdaman kong dapat suportahan ng mga artista ang isa't isa, hindi naman sila dapat maghahanap ng paraan upang hindi makapahayag ang iba ng kanilang pagmamahal sa sining."
i did feel my heart rate increase after the baths and i am curious as to how they d work in the long run on a fat loss plan but between the cost of lbs of ice at a time and the increasingly low temperatures in my apartment i gave them up after a short run,4,fear,"Naramdaman ko ang pagtaas ng aking tibok ng puso pagkatapos ng mga paliguan at nagtatanong ako kung paano sila magtatrabaho sa mahabang panahon sa isang plano para sa pagbaba ng timbang, ngunit dahil sa gastos ng mga libra ng yelo bawat oras at sa patuloy na pagbaba ng temperatura sa aking apartment, iniwan ko sila pagkatapos ng maikling panahon."
i suppose thats why i feel so melancholy about the whole thing,0,sadness,Siguro iyon ang dahilan kung bakit ako napakaramdam ng malungkot tungkol dito.
i was slicing a knife through a creamy cheesecake and i could imagine exactly how it would feel in my eager mouth,1,joy,Pinuputol ko ang isang kutsilyo sa isang malambot na cheesecake at naisip ko kung paano ito magiging pakiramdam sa aking naghihintay na bibig.
i love the sweet grateful people we serve and speaking with our members and meeting them in person always makes me feel invigorated,1,joy,"Mahal ko ang mga taong may matamis na pasasalamat na ating sinusilbihan, at ang pakikipag-usap sa ating mga miyembro at pagkikita sa kanila nang harapan ay palaging nagbibigay sa akin ng sigla."
i feel like im being punished for wanting to make some money,0,sadness,Parang pinarusahan ako dahil gusto kong kumita ng pera.
i feel so honored that my new blog is being noticed,1,joy,Nararamdaman kong lubos na karangalan na napansin ang aking bagong blog.
i wear it i feel super safe and calm,1,joy,"Suot ko ito, nararamdaman kong sobrang ligtas at kalmado."
i walked away feeling triumphant with my first purchase of new make up finally done,1,joy,Umalis ako na nakaramdam ng tagumpay dahil natapos ko na ang aking unang pagbili ng bagong make-up.
i was annoyed this particular day as it seemad that the odds were not in my favour my grandfather added fuel to the fire,3,anger,"Nagagalit ako noong araw na iyon dahil parang hindi ako pinagpala ng tadhana, at lalo pang pinainit ng aking lolo ang sitwasyon."
i feel a bit triumphant about that,1,joy,Nararamdaman ko ang kaunting tagumpay tungkol doon.
i feel so guilty sometimes that he has to share me with the challenges life has thrown our way financially emotionally and most recently medically,0,sadness,"Minsan, nararamdaman kong sobrang may sala ako dahil kailangan niyang ibahagi ako sa mga hamon na ibinato ng buhay sa atin, pang-pinansyal, pang-emosyonal, at kamakailan, pang-medikal."
i do not feel disadvantaged because i believe that as long as there is humanity in the subjects there is a potential for communication and the sharing of ideas and a potential to find a common ground in language,0,sadness,"Hindi ako nakakaramdam ng pagkabihag dahil naniniwala ako na basta't may pagkatao sa mga paksa, may potensyal para sa komunikasyon at pagbabahagi ng mga ideya at potensyal na mahanap ang karaniwang lupa sa wika."
i feel honoured and very happy to become part of this wonderful team thanks to nadia,1,joy,Nararamdaman kong iginagalang at lubos na masaya na maging bahagi ng magandang koponan na ito salamat kay Nadia.
i feel somewhat brave for posting this photo again,1,joy,Nararamdaman kong medyo matapang sa pagpo-post muli ng larawang ito.
i didn t feel all that trusting of anybody,1,joy,Hindi ako lubos na nakakapagtiwala sa kahit kanino.
i tend to avoid the news because i often feel like it doesn t add value to my life and only makes me fearful anxious and slightly paranoid,4,fear,"Kadalasan ay iniwasan ko ang balita dahil madalas akong makaramdam na hindi ito nagdaragdag ng halaga sa aking buhay at nagdudulot lamang ng takot, pag-aalala, at kaunting paranoiya."
i feel foolish admitting how hard this hit me,0,sadness,Nararamdaman kong tanga dahil sa pag-amin kung gaano ako nasaktan nito.
im feeling terribly impatient,3,anger,Napakasakit ng paghihintay ko.
i begin to feel a dull ache in my left side,0,sadness,Nararamdaman ko nang unti-unti ang pananakit sa aking kaliwang bahagi.
im now wondering if that was supposed to be a metaphor for his feelings for neal im not convinced thats the case because he seemed pretty into her but who knows,1,joy,"Nagtatanong na ako ngayon kung iyon ba ay isang metapora para sa kanyang nararamdaman kay Neal. Hindi ako kumbinsido na iyon ang kaso dahil mukhang seryoso siya kay Neal, pero sino ba ang nakakaalam?"
i was actually feeling very discouraged last week and then i bit the bullet and looked at this,0,sadness,"Noong nakaraang linggo, talagang nadama kong malungkot at pagkatapos ay naglakas-loob akong tumingin dito."
im feeling adventurous today getting excited about my upcoming vacation so i thought why not dress for my mood,1,joy,"Nararamdaman kong mahilig sa pakikipagsapalaran ngayon, kinakabahan na ako sa paparating kong bakasyon kaya naisip ko, bakit hindi magbihis ayon sa aking pakiramdam?"
i like frappes and shit when im feeling naughty but i drink tea daily,2,love,"Gustung-gusto ko ang frappes at iba pang mga bagay kapag nasa trip ako, pero umiinom ako ng tsaa araw-araw."
i know that when i eat horribly i feel horrible,0,sadness,"Alam kong kapag kumain ako ng masama, masama rin ang pakiramdam ko."
i feel listless bored useless,0,sadness,"Nararamdaman kong walang gana, bored, at walang silbi."
i feel like all the unsuccessful endeavors in my friends lives are my fault,0,sadness,Parang lahat ng hindi nagtagumpay na pagsisikap ng mga kaibigan ko ay aking kasalanan.
i write now it feels like furious abandonment to embrace a cliche,3,anger,"Ngayon habang sumusulat ako, parang galit na pag-iwan ang yakapin ang isang pangkaraniwang kasabihan."
i cannot describe to you the feeling of frantic alarm that overtook me,4,fear,Hindi ko kayang ilarawan sa iyo ang biglang takot at pag-aalala na sumalubong sa akin.
id gotten the feeling that her friend hated me deeply for whatever id done to her,3,anger,"Naramdaman kong galit na galit siya sa akin, ang aking kaibigan, dahil sa anumang nagawa kong kasalanan sa kanya."
when i was cycling past a parked car someone opened the door and nearly pushed me off my bike and into the traffic,4,fear,"Nang dumadaan ako sa isang nakaparadang kotse habang nagbibisikleta, binuksan ng isang tao ang pinto at halos itulak ako mula sa aking bisikleta at sa trapiko."
i feel the wind blow and i feel the love and presence of the rest of my divine family a href http soulbitesblog,1,joy,Nararamdaman ko ang hangin na humihip at nararamdaman ko ang pag-ibig at presensya ng natitirang aking pamilya sa langit.
i feel as if these words are petty so i am telling you now that my actions are going to speak louder than my words ever will be able to,3,anger,Nararamdaman kong maliit ang mga salitang ito kaya sasabihin ko sa iyo ngayon na ang aking mga kilos ang magsasalita nang mas malakas kaysa sa aking mga salita man.
i am now feeling like i want to be the raider that i once was a vital and important part of a team of peers,1,joy,"Gusto ko nang maging raider muli, gaya ng dati, isang mahalagang bahagi ng isang koponan ng mga kapantay."
i even cry over you when you never once made me feel happy for a whole day,1,joy,Umiiyak pa ako para sa iyo kahit hindi mo ako pinaramdam na masaya kahit isang araw man lang.
i feel so fucking rebellious all the rules and its so regimented like if class starts at theyre taking roll at,3,anger,"Napakarebelde ko, lahat ng mga patakaran at sobrang estrukturado parang kung magsisimula ang klase, agad silang kukuha ng listahan ng mga estudyante."
i last talked to her and now i feel all bouncy again i shall sleep well tonight methinks,1,joy,"Huling nag-usap ako sa kanya at ngayon parang nababawi na ang saya ko, siguro magigising ako nang maayos bukas."
i feel helpless like i want to hurl over and just cave in to the sadness trying to devour me,0,sadness,"Nararamdaman kong walang magawa, parang gusto kong sumuka at sumuko na sa kalungkutan na gustong-gusto akong kainin."
i don t feel frustrated anymore from the fierce us media campaign against egypt because the more they attack us the more we know that we are on the right track,3,anger,"Hindi na ako nababahala sa matinding kampanya ng US media laban sa Egypt dahil sa bawat pag-atake nila, lalong natin nalalaman na nasa tamang landas tayo."
i feel like all of the artists i love the ones i find truly talented seem to have a unique style that you can recognize from a mile away,1,joy,"Parang lahat ng artista na minamahal ko, ang mga tunay na may talento, ay may kakaibang istilo na makikilala mo kahit malayo pa."
i know you do but i m feeling impatient cause i asked you a question in mine and i m waiting for an answer,3,anger,"Alam kong ginagawa mo iyon, pero nagiging mapagbiro na ako dahil tinanong kita ng isang bagay sa akin at hinihintay ko ang sagot."
i keep feeling so disgusted with myself,3,anger,Lagi akong nadaramaang napakarumi ng sarili ko.
i feel proud and dont regret going down the path that i went on,1,joy,Nararamdaman kong mapagmamalaki at walang pagsisisi sa landas na aking tinahak.
i feel more than ever that the computers i pour code and art into are extensions of myself and thats pretty goddamned cool in my book but i am hopelessly romantic about creativity and prone to fits of stereotypical artist bullshit so grain of salt,1,joy,"Nararamdaman ko nang higit kailanman na ang mga kompyuter na aking pinupuno ng kodigo at sining ay mga palawakin ng aking sarili at iyon ay talagang kamangha-manghang bagay sa aking pananaw, ngunit ako ay walang pag-asa na romantiko tungkol sa pagkamalikhain at madaling magkaroon ng mga pagsabog ng tipikal na kalokohan ng artista kaya't huwag itong kunin nang literal."
i feel like every day i walk around with so much stress and sadness that im literally amazed im still here that i still function that im still basically a friendly stable person,4,fear,"Nararamdaman kong araw-araw akong naglalakad na puno ng stress at kalungkutan, at talagang nagtataka ako kung bakit ako pa rin nandito, kung bakit ako pa rin nakakafunksiyon, kung bakit ako pa rin isang mabait at matatag na tao."
i personally feel to confront violent death with absolute openness for example on video which is not something i have managed to do yet,3,anger,"Personal kong nararamdaman na harapin ang marahas na kamatayan nang buong pagbubukas, halimbawa sa video, na hindi ko pa nagagawa."
im feeling afraid,4,fear,Natatakot ako.
i am feeling quite disorganised and distracted and i wish i could answer some of the questions i seem to be unable to block out or forget or answer with logical answers uuuugh,3,anger,"Nararamdaman kong medyo hindi ko maayos ang aking mga iniisip at nababalisa, at sana ay makasagot ako sa ilang mga tanong na tila hindi ko maalis o makalimutan o masagot nang may lohikal na sagot uuuugh."
i remember feeling nervous that i wasnt progressing so i was so thrilled,4,fear,Naalala ko ang pakiramdam ng kaba dahil hindi ako nakakaprogreso kaya sobrang saya ko.
i feel for you my beloved master time will tell you this is true,1,joy,"Naiintindihan kita, mahal kong guro, ang panahon ang magsasabi na totoo ito."
i feel quite needy have not recourse amp u http cabeal,0,sadness,"Nararamdaman kong medyo nangangailangan, wala akong mapagkakatiwalaan at ikaw ang tanging pag-asa ko."
id love to see this campaign go viral to help raise awareness and funds to support the hotline so more women and children can feel safe something most of us take for granted,1,joy,"Gusto kong maging viral ang kampanyang ito upang makatulong sa pagtaas ng kamalayan at pondo para suportahan ang hotline upang mas maraming kababaihan at bata ang makaramdam ng kaligtasan, isang bagay na karamihan sa atin ay ibinibigay nang basta-basta."
i must tell you i feel pretty stupid standing in my yard revving the motor letting it stop revving the motor and letting it stop times to get more inches of line,0,sadness,"Dapat kong sabihin, parang tanga akong nakatayo sa aking bakuran, pinapaandar ang motor, pinapatigil, pinapaandar ulit, at pinapatigil ulit, paulit-ulit para makuha ang ilang pulgada ng linya."
i feel extremely alone and isolated but the thing is is that nothing could be further from the truth,0,sadness,Nararamdaman kong sobrang nag-iisa at isolated ako ngunit ang katotohanan ay malayo iyon.
i must confess to fighting my way through reading the first half of the book and feeling much better going through the second half of the story,1,joy,Kailangan kong aminin na nagpupursige akong basahin ang unang kalahati ng libro at nakaramdam ng mas mahusay habang binabasa ang ikalawang kalahati ng kwento.
i honestly never expected to feel so vulnerable,4,fear,Talagang hindi ko inaasahan na mararamdaman kong ganito kahinaan.
i feel how totally utterly trusting and reliant on me you are i cant bear the idea of ever not being here,1,joy,"Nararamdaman ko kung gaano mo ako lubos na pinagkakatiwalaan at umaasa, hindi ko kayang tanggapin ang ideya na hindi na ako nandito."
i have reason to believe that my faith in trusting them has been betrayed by a lie or worse i start to doubt what my heart wants to feel this is where things get messy,0,sadness,"May dahilan akong maniwala na ang aking pananalig sa pagtitiwala sa kanila ay nilinlang ng isang kasinungalingan o mas masahol pa, nagsisimula akong mag-alinlangan sa kung ano ang gusto ng aking puso na maramdaman, at ito ang nagiging magulo."
i didnt have to convince myself he was my soulmate and i feel very reluctant to use that word regarding him because my chemistry with him actually is unlike anything ive ever experienced,4,fear,"Hindi ko kailangan hikayatin ang sarili kong siya ang aking soulmate, at nararamdaman kong lubhang maiiwasan kong gamitin ang salitang iyon tungkol sa kanya dahil ang aking kemistri sa kanya ay talagang kakaiba at hindi ko pa naranasan."
im home and feeling a bit low,0,sadness,Umuwi na ako at medyo malungkot.
i decided that i was feeling so horny that i would have to do something before i burst,2,love,"Nagpasya akong dahil sobrang init ng pakiramdam ko, kailangan kong gawin ang isang bagay bago ako sumabog."
i looked her deeply in the eyes and expressed to her that i loved her so deeply and that what she perceived as anger was my frustration at feeling inadequate to take care of her,0,sadness,Tiningnan ko siya nang malalim sa mga mata at ipinahayag ko sa kanya na mahal ko siya nang lubos at ang kanyang nararamdaman na galit ay bunga ng aking pagkabigo dahil hindi ko nararamdaman na sapat akong makasusuporta sa kanya.
i feel weird taking up time and making these sometimes terrible sounds that people have to hear,4,fear,"Nakakakaba para sa akin na kumuha ng oras at gumawa ng mga tunog na minsan ay masama, na kailangan pang marinig ng mga tao."
i feel the near and lively presence of the well loved past,1,joy,Nararamdaman ko ang malapit at buhay na presensya ng minamahal na nakaraan.
i feel obnoxious for saying that,3,anger,Nararamdaman kong nakakainis ang sinabi ko.
i realized that i m feeling artistic in the extreme because the justice center has not been very kind to me lately,1,joy,Napagtanto ko na sobrang artistic ang pakiramdam ko ngayon dahil hindi naman pala maganda ang trato ng justice center sa akin kamakailan.
i feel like i want to be very very rebellious until they regret of what they have done to their single daughter,3,anger,Gusto kong maging lubhang rebelde hanggang sa mag-sisisi sila sa kanilang ginawa sa kanilang anak na babae.
i express zooms on with all its faults and foibles and entertains non stop in a rather odd manner where you are left feeling rather inadequate that something is not fully right that something better could have been done with a little bit of application a little bit of better storytelling,0,sadness,"Ipinahahayag ng pelikula ang mga depekto at kahinaan nito, at nagbibigay ng walang humpay na aliw sa isang kakaibang paraan na nag-iiwan sa iyo na parang kulang, na mayroong hindi tama, na mayroong mas magandang magawa kung may kaunting pagsisikap at mas mahusay na pagkukuwento."
i feel fearful and then actually do that one thing it usually turns out to be a good thing,4,fear,"Natatakot ako at saka talagang ginagawa ko iyon, kadalasan ay maganda ang resulta."
i let every angry thought run through my head crying as i sat with those feelings and then i convinced myself to let them go,1,joy,"Pinayagan kong dumaan ang bawat galit na iniisip sa aking isipan habang umiiyak ako habang nakaupo kasama ang mga damdaming iyon, at saka ako nakumbinsi na hayaan silang mawala."
i have a heart to serve to better their situation but in that moment i feel so helpless,4,fear,"May pusong tumutulong upang mapabuti ang kanilang kalagayan ngunit sa sandaling iyon, nararamdaman kong lubos akong walang magawa."
i feel grumpy to wake up so early,3,anger,Nararamdaman kong maungol dahil sa paggising nang maaga.
i could feel the aching starting earlier in the day,0,sadness,Nararamdaman ko nang mas maaga ang sakit.
i was sitting in church this morning and looking around at the various people scattering the pews and wondering how many of them were feeling beaten down right at this moment,0,sadness,"Nakaupo ako sa simbahan kaninang umaga at nakatingin sa iba't ibang tao na nakalatag sa mga upuan, at nagtataka kung ilan sa kanila ang nararamdaman ang pagod at pagkabigo sa sandaling ito."
im really praying and concentrating and im just inundated in thoughts that i feel should be devoted much time to,2,love,"Tunay akong nananalangin at nakatuon, at ako'y nalulunod sa mga iniisip na dapat ay gugulin ng maraming oras."
i feel is determined by the thoughts i allow to dominate my thinking,1,joy,Ang aking nararamdaman ay tinutukoy ng mga iniisip na pinapangibabawan ang aking pag-iisip.
the day i received the key of my apartment and we could enter in it,1,joy,Ang araw na natanggap ko ang susi ng aking apartment at pumasok na kami rito.
i feel an aching gap in my heart,0,sadness,Nararamdaman ko ang isang malalim na sakit sa aking puso.
i needed to feel energetic and confident,1,joy,Kailangan kong maramdaman ang enerhiya at tiwala.
i feel unloved you are there to remind me you love me,0,sadness,"Nararamdaman kong hindi ako minamahal, ikaw ay nandito upang ipaalala sa akin na mahal mo ako."
i was feeling that we had two too many as it was but oh well,1,joy,Nararamdaman ko na sobra na ang dalawa pero sige na nga.
i feel like i find this graceful yet sharp peace within myself but then it seems to dissappear so quickly when that peace within the heart that feels like its breaking,1,joy,Nararamdaman kong natatagpuan ko ang maamong ngunit matalas na kapayapaan sa aking sarili ngunit tila nawawala ito nang mabilis kapag ang kapayapaan sa puso ay parang nabubuwag.
i feel like a tortured artist when i talk to her,3,anger,Parang isang nagdurusa artist ako kapag nakikipag-usap ako sa kanya.
i feel like it wasnt that bad but i probably wouldnt have told you that in the moment,0,sadness,"Nararamdaman ko na hindi naman pala masama, pero malamang hindi ko iyon sasabihin sa iyo noon."
i found myself feeling fairly ignored sort of taken for granted you know,0,sadness,"Naramdaman kong medyo hindi pinapansin, parang ibinibilanggo lang ako, alam mo."
i love the way he talks sometimes i feel shy when i was inside him,4,fear,Mahal ko ang paraan ng kanyang pagsasalita; minsan nahihiya ako kapag nasa loob niya ako.
i had pocket qq and was feeling pretty confident lol,1,joy,"Mayroon akong pocket QQ at medyo kumpiyansa ako, lol."
i want to tell everyone exactly how im feeling but as soon as i start to i feel ten times more pathetic and stop talking,0,sadness,"Gusto kong sabihin sa lahat kung paano ako tunay na nararamdaman, pero sa sandaling magsisimula ako, nararamdaman kong sampung beses na mas pitiful at tumitigil na magsalita."
im so excited for you to try my mineral makeup starter kit and feel more gorgeous more beautiful and more confident than youve ever felt before that im willing to give you such an incredible deal,1,joy,"Sobrang excited ako na subukan mo ang aking mineral makeup starter kit at maramdaman ang pagiging mas maganda, mas maganda pa, at mas kumbinsido kaysa dati, kaya handa akong ibigay sa iyo ang isang kahanga-hangang alok."
i feel like a selfish bitch for feeling this way when countless impoverished people are suffering surely a hundred folds more than i am,3,anger,"Nararamdaman kong parang isang makasariling babae dahil sa nararamdaman kong ito habang maraming mahihirap na tao ang nagdurusa, tiyak na isang daan o higit pang beses kaysa sa akin."
i feel like no matter how much preparation i do i am doomed to be my usual traveler on the fly,0,sadness,"Nararamdaman kong kahit gaano ako maghahanda, parating ako'y magiging aking karaniwang manlalakbay na basta-basta na lamang."
i feel like the rest of the season will continue to be successful like we were at freestone,1,joy,Nararamdaman kong magpapatuloy ang tagumpay ng natitirang bahagi ng panahon gaya ng ating naranasan sa Freestone.
i just decided to put a closure on the irritant and avoid them altogether or make their presence feel equally unwelcome,0,sadness,Nagpasya akong isara na ang usapin tungkol sa nakakainis na bagay at iwasan sila nang tuluyan o gawing pantay ang kanilang pagtanggap na hindi kanais-nais.
i never feel deprived and i most certainly never go hungry,0,sadness,Hindi ako nakararamdam ng pagkukulang at tiyak na hindi ako nagugutom.
i finished our drinks and left and i came to feel more and more sympathetic and bad for this old man to the point where im still thinking about it hours later,2,love,"natapos ko ang aming inumin at umalis, at habang tumatagal, lalong nadarama kong awa at pagsisisi para sa matandang lalaki, hanggang sa ngayon, ilang oras na ang nakalipas, iniisip ko pa rin siya."
i can t shake the feeling of being fundamentally dissatisfied with my selection in the democratic primaries,3,anger,Hindi ko maalis ang pakiramdam na lubos akong hindi nasiyahan sa aking pagpili sa mga primariyang demokratiko.
i do make myself feel kind of intelligent and inspired sometimes,1,joy,"Minsan, nararamdaman kong medyo matalino at inspirasyon ako."
i wont discuss any further made me feel really restless,4,fear,"Hindi ko na pag-uusapan pa, nagpaparamdam ito ng malaking pagkabalisa sa akin."
i cannot feel my lips they are numb and burning,0,sadness,"Hindi ko maramdaman ang aking mga labi, parang nababalot at nasusunog sila."
i can get away these days with the gag line when i feel like being sarcastic that i feel sorry for anyone who wasn t fortunate enough to be born mexican,3,anger,Maaari akong makalusot ngayon sa biro kapag may sarcasiticong pakiramdam ako na ako ay nakakaawa sa mga hindi swertehin na isinilang na Mexican.
i felt this coming on and i didn t do anything about it no it s the p docs fault because i mentioned feeling irritable at our last appointment and he didn t do anything about it,3,anger,"Naramdaman ko na darating ito at hindi ko ginawa ang anumang bagay tungkol dito, hindi, kasalanan ito ng doktor dahil nabanggit ko ang aking pagiging mairrita sa aming huling konsultasyon at hindi niya ito ginawa."
i fight for him when i feel it is just he said and alexander s gaze seemed to turn curious,4,fear,"Ako ang naglalaban para sa kanya kapag nararamdaman kong tama siya, sabi niya, at ang tingin ni Alexander ay tila naging interesado."
i feel like affirmation however petty is what i really need,3,anger,"Nararamdaman kong kailangan ko ng pagpapatunay, kahit na maliit lang."
im just gonna end here cause i feel stupid lying on my bed typing non stop for the past mins,0,sadness,Tapos na lang ako dito kasi parang tanga akong nakaupo sa kama at nagte-type nang walang humpay sa mga nakalipas na minuto.
i feel wronged by you over and over,3,anger,Nararamdaman kong paulit-ulit akong maliitin mo.
i do feel irritated at times because he tried to hold me and stuff ill push away or not throw temper and shout at him,3,anger,"Minsan, naiirita ako dahil sinusubukang hawakan niya ako at iba pang bagay, pero itataboy ko o hindi ko siya sisigawan at magagalit."
i kind of feel more violent after having watched the non violence video,3,anger,Parang mas nagiging agresibo ako pagkatapos panoorin ang video tungkol sa kawalan ng karahasan.
im back to my un emo mood re reading that post makes me feel like im over reacting over something so petty,3,anger,"Bumalik na ako sa aking hindi emosyonal na pakiramdam, muling pagbabasa ng post na iyon ay parang pinaparamdam sa akin na sobrang reaksyon ko sa isang bagay na maliit lang."
i walk away from church feeling invigorated and ready to embrace the week,1,joy,Umalis ako sa simbahan na parang nabigyan ng bagong lakas at handang harapin ang linggo.
i feel so incredibly blessed especially during the hectic exam period,1,joy,"Nararamdaman kong sobrang biyaya, lalo na sa magulo at abalang panahon ng pagsusulit."
i do not need to shower a child with gifts to feel like i am caring,2,love,Hindi ko kailangan magbigay ng maraming regalo sa bata para maramdaman kong ako ay nag-aalaga.
i feel a pang every time i read an amazing canadian literary magazine for instance that id love to submit to only to see im on the do not enter list,1,joy,"Nararamdaman kong may kirot tuwing nababasa ko ang isang kahanga-hangang Canadian literary magazine, halimbawa, na gustung-gusto kong ipasok ang aking mga sulatin, ngunit nakikita kong nasa ""do not enter"" list ako."
i think the biggest problem is that rather than turning something like this off people feel the need to become victimized by something that has nothing to do with them and blog about it in nd rate publications and that is being generous,0,sadness,"Sa tingin ko, ang pinakamalaking problema ay hindi pagpapatigil sa ganitong bagay, kundi ang pakiramdam ng mga tao na kailangan nilang maging biktima ng isang bagay na walang kinalaman sa kanila at pagbabahagi nito sa mga publikasyon na mababa ang kalidad, at iyon pa ay pagbibigay ng magandang tingin."
i have been feeling very empty and numb the past few months,0,sadness,Nararamdaman kong lubhang walang laman at walang pakiramdam ang mga nakaraang buwan.
im really feeling very disheartened by it,0,sadness,Talagang napakalungkot ko dahil dito.
i recently lost lbs of the i gained over the past year and i feel fab,1,joy,"Kamakailan lang, nawala ang mga libra na nakakuha ako sa nakalipas na taon at nararamdaman kong maganda."
i was starting to feel alarmed,4,fear,Nagsisimula na akong mag-alala.
i had a feeling this little girl was going to arrive soon but i still felt very unsure of when it would actually happen,4,fear,Naramdaman kong malapit nang dumating ang batang babae ngunit hindi pa rin ako sigurado kung kailan talaga ito mangyayari.
i took a sip tonight and am feeling pleasantly mellow,1,joy,Inumin ko kanina at ngayon ay nakakaramdam ako ng kaaya-ayang kalmado.
i feel blessed beyond belief to live in a day amp age when this treatment is available also to have a husband thats footing a very expensive medical bill,1,joy,"Napakalaki ng aking pagpapala na mabuhay sa panahon ngayon na available na ang ganitong paggamot, at may asawang nagbabayad ng napakataas na gastusin sa medisina."
i really do what i feel like doing about of the time they get mad,3,anger,"Lagi akong gumagawa ng gusto ko, at kadalasan ay nagagalit sila."
i feel a change coming espa a hd target blank rel nofollow title google img src http sky sport,0,sadness,Nararamdaman kong may paparating na pagbabago.
id actually been feeling less hostile towards ms than a lot of my linux using brethren lately,3,anger,Talagang nararamdaman kong mas hindi na ako agresibo kay Ms. kaysa sa maraming kapatid kong gumagamit ng Linux kamakailan.
id be feeling shaky too if id spent a week contemplating how id just pissed away my lifes work,4,fear,Magkakaroon din ako ng pakiramdam na mawawalan ng balanse kung ako rin ay nag-isip ng isang linggo kung paano ko nasayang ang aking buong buhay na pagsisikap.
i feel a surge of adrenaline and excitement as i immediately recognize these two birds to be a gorgeous pair of marbled murrelets,1,joy,Nararamdaman kong tumataas ang aking adrenaline at kilig dahil agad kong nakilala ang dalawang ibon na ito bilang isang magandang pares ng marbled murrelets.
i was disgusted at the way the bus conductor threw out an old woman oiut of the minibus simply because she could not pay the fare for her luggage,3,anger,Nahihiya ako sa paraan ng pagtatapon ng konduktor ng bus sa isang matandang babae palabas ng minibus dahil hindi niya kayang bayaran ang pamasahe ng kanyang bagahe.
i think about how great everyone elses life is i feel that much more crappy about mine,0,sadness,"Iniisip ko kung gaano kaganda ang buhay ng iba, at lalong nararamdaman ko ang kasuklam-suklam ng aking sariling buhay."
i feel like the saddest most pathetic piece of shit on this planet,0,sadness,Parang pinaka-malungkot at pinaka-kaawa-awang basura ako sa mundo.
i forgive myself that i have accepted and allowed myself to express myself in such a way so that i could feel superior and more than others,1,joy,Patawarin ko ang aking sarili dahil tinanggap at pinayagan kong ipahayag ang aking sarili sa ganitong paraan upang makaramdam ng mas mataas at higit sa iba.
i feel greedy part comes in,3,anger,Nararamdaman kong papasok na ang pagiging sakim.
i am content i am restrained to myself which in turn makes me feel satisfied with the environment i am into myself and thats all i need,1,joy,"Masaya ako, nakakulong ako sa aking sarili, at ito naman ang nagpapasaya sa akin sa aking paligid, nasa aking sarili ako at iyon na ang kailangan ko."
i was feeling wronged and impotent,3,anger,Nararamdaman kong mali ang ginawa sa akin at wala akong magagawa.
i feel curious and bewildered,4,fear,Nararamdaman kong mausisa at nalilito.
i feel nostalgic a lot more than i felt after passing out of the school,2,love,Mas madalas akong makaramdam ng nostalgia ngayon kaysa noong matapos akong mag-aral sa paaralan.
i know is that it s better for me as a teacher i feel the lesson is more pleasant that the language work is less artificial and it feels good that what i teach is closer to what they need instead of what someone else who is not even there thinks they need,1,joy,"Alam ko lang na mas mabuti ito para sa akin bilang guro, nararamdaman kong mas masaya ang aralin, ang paggamit ng wika ay hindi gaanong pilit, at nakakatuwa na ang itinuturo ko ay mas malapit sa kanilang pangangailangan kaysa sa iniisip ng iba na hindi nga naman naroon."
i think i want to go to an aa meeting just to hear the stories but it feels rude,3,anger,"Iniisip ko na pumunta sa isang pulong ng AA, basta makinig sa mga kwento, pero parang bastos."
i didnt need that reminder plus her words made me feel as if she saw me as pathetic,0,sadness,"Hindi ko kailangan ng paalala pa, saka ang mga salita niya ay parang nakikita niya akong isang palpak."
i email or try to communicate in any capacity even if it s to go tell me to go pound sand feeling respected and loved is something that doesn t happen a whole lot in my life right now,1,joy,"Nagpapadala ako ng email o sinusubukang makipag-usap kahit papaano, kahit na sabihin lang na umalis ako, basta nararamdaman kong nirerespeto at minamahal, dahil hindi ito madalas nangyayari sa buhay ko ngayon."
i feel so idiotic all the sudden,0,sadness,Nararamdaman kong napakabobo ko bigla.
i laid on my bed and tried to hide my feelings when my sweet little girl crawled onto the bed laid on top of me and said gently mommy whats bothering you,1,joy,"Nakahiga ako sa kama at sinubukan kong itago ang aking damdamin nang ang aking matamis na maliit na anak ay umakyat sa kama at humiga sa ibabaw ko at mahinahon na tanong, ""Mommy, ano bang problema mo?"""
i feel so stupid because the first week of it fair wasnt even worth working for,0,sadness,Nararamdaman kong tanga dahil ang unang linggo ng it fair ay hindi man lang sulit pagtrabahuhan.
i am feeling really weepy today i am sure i will feel better tomorrow xxx,0,sadness,"Napaka-luha ko ngayon, sigurado akong bukas ay magiging masaya na ako xxx"
i am feeling hesitant right now going in this alone but am trying to remain optimistic,4,fear,Nag-aalinlangan ako ngayon na pumasok dito mag-isa ngunit sinusubukan kong manatiling positibo.
im thinking of locking myself in my house until i manage to get it all organized but i have a feeling i may become as cranky and isolated as this dear friend a href http,3,anger,Iniisip kong mag-lockdown sa bahay hanggang maayos ko lahat pero may kutob akong magiging masungit at mag-iisa tulad ng kaibigang ito.
i have a feeling im going to be seriously envious of whoever wins because i really want this one all to myself,3,anger,May nararamdaman akong malaking inggit sa mananalo dahil talagang gusto kong ito'y para sa akin lamang.
i feel like i have been beaten up and looking back on my week i can see why,0,sadness,"Parang binugbog ako at pagtingin ko sa nakalipas na linggo, naiintindihan ko kung bakit."
i am grateful to have a strong support system both internally and externally that i can rely on when i am feeling uncertain and weak,4,fear,"Nagpapasalamat ako sa matibay na sistema ng suporta, kapwa mula sa loob at labas, na aking mapagkakatiwalaan kapag ako ay nag-aalinlangan at mahina."
i look at it and again i feel horrible,0,sadness,Tinitingnan ko ito at muli akong nararamdaman ang pagkabahala.
i feel hopeless helpless and paralysed,0,sadness,"Nararamdaman kong walang pag-asa, walang magawa, at parang nabigla."
i was feeling regretful that i made contact with someone with whom i need to keep distance,0,sadness,Nakaramdam ako ng pagsisisi dahil nakikipag-ugnayan ako sa isang taong kailangan kong iwasan.
i feel like everyone who will be caring for zach in some way needs to be at least slightly educated in what is ok and what is not,2,love,Dapat may kaunting kaalaman ang lahat ng mag-aalaga kay Zach tungkol sa tama at mali.
i appreciate the mix of modern hard rock and classic heavy metal on faithsedge s new album the answer of insanity i also feel the album lack of strong melodies,1,joy,"Pinahalagahan ko ang pagsasama ng modernong hard rock at klasikong heavy metal sa bagong album ni Faithsedge, ""The Answer of Insanity."" Naramdaman ko rin na kulang ang album sa malalakas na melodiya."
i hate talking about presents because i feel greedy,3,anger,Ayaw kong pag-usapan ang mga regalo dahil nadarama kong makasarili.
i must feel hatred for the innocent deaths of all those americans,1,joy,Dapat kong maramdaman ang poot sa mga walang sala at namatay na mga Amerikano.
i was tempted at first to name one of the many projects that the archdiocese has underway that i feel very passionate about like the restoration of saint patrick s cathedral or the strategic plan for our excellent catholic schools,2,love,"Una, naisip kong banggitin ang isa sa maraming proyekto ng arkidyosesis na aking pinagsisikapan, gaya ng pagpapanumbalik ng simbahang Santo Patrisyo o ang estratehikong plano para sa ating mga mahusay na paaralang Katoliko."
i cant help but feel someones going to end up pissed at me,3,anger,Hindi ko mapigilan ang pakiramdam na magagalit ang isang tao sa akin.
i love it when i feel hot and beautiful and sexy,2,love,"Mahal ko ang pakiramdam na mainit, maganda, at seksi."
i wear this when i m feeling playful and silly,1,joy,Suot ko ito kapag masaya at kulit ang pakiramdam ko.
i am feeling very gorgeous and i dont have to go outside in the cold with a bald head or with a wig that i dont like all that much,1,joy,Nararamdaman kong sobrang ganda ko at hindi na ako kailangang lumabas sa lamig na may hubad na ulo o may wig na hindi ko masyadong gusto.
i know is that i personally feel like staying in bed sleeping hours of the day never working again in my life and maybe eventually taking up hot yoga or zumba or some lame housewife esque passion,2,love,"Alam ko lang na personal kong nararamdaman na gusto kong manatili sa kama at matulog nang maraming oras sa araw, hindi na magtrabaho pa sa buhay ko, at baka sa huli ay subukan ang hot yoga o Zumba o iba pang mga pang-bahay na libangan."
i still need to feel listened to even if iam idiotic and naive in relation,0,sadness,Kailangan ko pa ring maramdaman na nakikinig sa akin kahit na ako'y hangal at walang karanasan.
i feel rather pathetic,0,sadness,Nararamdaman kong medyo kaawa-awa.
no description,3,anger,walang paglalarawan
i doubt any of the stress and grief that i feel will be resolved,1,joy,Hindi ko akalaing malulutas ang anumang stress at kalungkutan na nararamdaman ko.
i was feeling incredibly stressed out about not getting everything done not having the right clothes stuff like that,0,sadness,"Napakastress ko dahil hindi ko natapos ang lahat, wala akong tamang damit at iba pa."
im feeling abit uncertain now,4,fear,Hindi ko alam kung ano ang gagawin ko ngayon.
i always feeling strange internal feeling like continuous wailing of siren in my head and when nobody hears i couldnt help crying like a siren when no one heard,4,fear,"Lagi akong nakakaramdam ng kakaibang pakiramdam sa loob, parang patuloy na hiyaw ng sirena sa aking ulo, at kapag wala akong naririnig, hindi ko mapigilan ang pag-iyak parang sirena kapag walang nakakarinig."
i can t escape the feeling that i m being punished,0,sadness,Hindi ko maiiwasan ang pakiramdam na pinarusahan ako.
i feel weird a href http bondmusings,4,fear,Nararamdaman kong kakaiba.
im feeling particularly homesick for my parents or the rolling west virginia hills that most of the people i love are concentrated in hickory lenoir and morganton,0,sadness,"Napakasakit ng pag-uwi ko sa aking mga magulang o sa mga burol ng West Virginia na karamihan sa mga taong mahal ko ay nakatira sa Hickory, Lenoir, at Morganton."
i feel for you you guys who been insulted ill treated lathi charged at the grounds,3,anger,"Naiintindihan ko kayo, mga kaibigan, na nasaktan at hindi maayos na tinatrato, pati na ang mga pinagbabaril ng lathi sa lupa."
i feel kinda dirty like i need to shower,0,sadness,"Nararamdaman kong medyo marumi, parang kailangan kong maligo."
i do this week someone else does the other weeks soo yea that made me feel talented,1,joy,"Ginagawa ko ito ngayong linggo, ang iba naman ang gagawa sa ibang linggo, kaya oo, iyon ang nagpaparamdam sa akin na may talento."
i feel a strange sense of foreboding,4,fear,Nararamdaman ko ang kakaibang pakiramdam ng pag-aalala.
i feel like there is a fragment sweet scent hang on my tongue it instantly disappear as if saying i was paranoid,2,love,"Parang may matamis na amoy na piraso ang nakakabit sa aking dila, agad itong nawawala parang sinasabi na ako'y nag-iisip nang labis."
i also feel a strong sexual current flowing through me but it has no actual desire for release like the pillar of electric fire in the pillar,1,joy,Nararamdaman ko rin ang malakas na alon ng sekswalidad na dumadaloy sa akin ngunit wala itong tunay na pagnanasa para sa paglabas gaya ng haligi ng apoy na elektrikal sa haligi.
i didn t see how my going in the army and maybe going to vietnam would achieve anything except a feeling that i had punished myself and gotten what i deserved,0,sadness,Hindi ko nakita kung paano ang pagpasok ko sa hukbong sandatahan at marahil ang pagpunta sa Vietnam ay magagawa ng kahit ano maliban sa pakiramdam na parusahan ko ang aking sarili at nakamit ang nararapat kong gantimpala.
i feel as if my husband s life is valued and the duty of care towards him is taken seriously,1,joy,Nararamdaman kong mahalaga ang buhay ng aking asawa at seryosohin ang tungkulin ng pag-aalaga sa kanya.
i am feeling hostile enough that i even hate jim right now,3,anger,Nararamdaman kong sobrang galit na kahit si Jim ay kinamumuhian ko ngayon.
im like not even that relieved that its done because i know i could have done better so i feel kind of regretful about that,0,sadness,Parang hindi ko nararamdaman ang malaking kaluwagan na natapos na ito dahil alam kong kaya kong gawin pa nang mas mahusay kaya medyo nagsisisi ako tungkol doon.
i feel skeptical now,4,fear,Nag-aalinlangan na ako ngayon.
i really do feel giggly,1,joy,Talagang nakakakilig ako.
i feel that the tazi sofa strives to be elegant yet funky without compromising on individuality,1,joy,Nararamdaman kong ang Tazi sofa ay nagsusumikap na maging elegante at kakaiba nang hindi nakakalimot sa pagiging natatangi.
i asked her why she thought of us after having no contact for years she simply said i have been having a feeling to find a little boy for you family and i just know this little guy is perfect for you,1,joy,"Itanong ko sa kanya kung bakit siya naisip kami matapos ang maraming taon na walang pakikipag-ugnayan, simpleng sagot niya, ""Nararamdaman ko nang matagal na na hanapin ko ang isang maliit na lalaki para sa inyong pamilya at alam kong perpekto siya para sa inyo."""
i am empowered i feel superior,1,joy,"Ako ay may kapangyarihan, nararamdaman kong mas mataas ako."
i most want to do better think harder feel more and be more tender,2,love,"Gusto kong gawin ang aking makakaya, mag-isip nang mas malalim, maramdaman nang higit pa, at maging mas mapagmahal."
i did feel guilty about saying no to something she really wanted,0,sadness,Nadama ko ang pagkakasala nang tumanggi sa isang bagay na talagang gusto niya.
i feel very very virtuous,1,joy,Nararamdaman kong napakabuti ko.
i express my true feelings about such a wonderful experience,1,joy,Ipinahahayag ko ang aking tunay na damdamin tungkol sa ganitong kahanga-hangang karanasan.
i can say that i feel content,1,joy,Maaari kong sabihin na ako'y nakakaramdam ng kasiyahan.
before an exam which i,4,fear,bago ang isang pagsusulit kung saan ako
when i knew about my first job,1,joy,Nang malaman ko ang tungkol sa aking unang trabaho.
i noted that the instructions suggested youd need people so i was feeling pretty smug that id managed it alone,1,joy,Napansin kong ang mga tagubilin ay nagsasabi na kakailanganin mo ng mga tao kaya medyo mapagmataas ako na nagawa ko ito mag-isa.
i know i should be excited about going away for a few days but instead i feel nothing and that makes me feel like an ungrateful horrible person,0,sadness,Alam kong dapat akong masaya na aalis ako ng ilang araw ngunit sa halip ay wala akong nararamdaman at iyon ang nagpaparamdam sa akin na isang hindi nagpapasalamat at masamang tao.
i devised myself rather than had suggested to me the flower distribution and im esp pleased as i bought the flowers when i didnt have my bank card it feels much harder to be generous when having to be especially careful with money and im now wondering if that was the lesson of losing it,2,love,"Nag-isip ako mismo ng pamamahagi ng mga bulaklak at masaya ako dahil bumili ako ng mga ito kahit wala akong ATM card. Mas mahirap magbigay kapag kailangan mong maging maingat sa pera, at ngayon, nagtatanong ako kung iyon ba ang aral sa pagkawala ko nito."
i have friends and family back home that can help me when i m feeling homesick because i m sure i will be,0,sadness,May mga kaibigan at pamilya akong naiwan sa bahay na makakatulong sa akin kapag nararamdaman kong nami-miss ko na ang tahanan dahil sigurado akong mangyayari iyon.
ive been feeling a bit remorseful about our decision kicking myself that i was too cheap for my own good,0,sadness,"Nararamdaman kong may kaunting pagsisisi tungkol sa ating desisyon, at pinagsisihan kong sobrang matipid ko para sa aking sariling kapakanan."
i wonder if this is just my bias from the fact that im doing a bible themed anthology and i feel like my intelligence is being insulted,3,anger,Nagtataka ako kung ito lang ba ang aking pagkiling dahil ginagawa ko ang isang antolohiya na may temang Bibliya at parang nilalait ang aking katalinuhan.
i begin to write back to god expressing to him my thoughts and feelings my fears my desires during those times are when i feel my soul being content,1,joy,"Nagsisimula akong sumulat pabalik kay Diyos, ipinahahayag ang aking mga iniisip at damdamin, mga takot at hangarin. Sa mga panahong iyon, nararamdaman kong nasiyahan ang aking kaluluwa."
i can t begin to express the feelings this doomed romantic vision stirred in me the seeds which grew through a lifetime,0,sadness,"Hindi ko matutumbasan ang mga damdamin na inilabas ng panaginip na ito ng isang malungkot na pag-ibig sa akin, ang mga binhi na lumaki sa buong buhay ko."
im currently struggling with feeling offended at my drs office worried about my body and what the heck is wrong very seriously contemplating getting my tubes tied and then the normal everyday things that occupy our minds at any given time,3,anger,"Naghihirap akong mag-isip ngayon dahil sa nararamdaman kong pag-aalsa sa aking doktor, nag-aalala ako sa aking katawan at kung ano ang mali, seryosong iniisip kong magpa-tying ng aking mga tubo, at saka ang mga pang-araw-araw na bagay na karaniwang nakakakuha ng atensyon natin."
i will be able to let that passion out but at present these little paintings help me feel reassured not to let my dreams or creativity die a href https lh,1,joy,"Kaya kong ilabas ang aking pagnanasa, ngunit sa ngayon, ang mga maliit na pagpipinta ay tumutulong sa akin na mapanatili ang aking mga pangarap at pagkamalikhain."
i feel like an idiotic herd mentality mindless follower when i m walking down the street with a large group of people,0,sadness,Nararamdaman kong parang isang bobong sumusunod lamang sa karamihan nang walang pag-iisip kapag naglalakad ako sa kalye kasama ng maraming tao.
i remember feeling such a joyful feeling when i was there,1,joy,Naalala ko ang pakiramdam ng sobrang saya noong nasa doon ako.
im writing this blog post and feeling totally amazed at this wonderful life we lead,4,fear,Sumusulat ako ng blog post na ito at lubos na nabighani sa kamangha-manghang buhay na ating tinatamasa.
i feel like i now have a cohort of people to whom to turn when i have questions about what i am doing as i move into supporting my institution s public health program,1,joy,Nararamdaman kong mayroon na akong grupo ng mga tao na aking matutungo kapag may mga katanungan ako tungkol sa aking ginagawa habang sumusuporta sa programa sa kalusugan publiko ng aking institusyon.
i am feeling fairly uncertain about most things right this moment,4,fear,Hindi ako sigurado tungkol sa karamihan ng mga bagay ngayon.
i feel very regretful i wasn t able to finish what i set out to do data url http www,0,sadness,Napakasakit sa akin na hindi ko natapos ang aking plano.
i am feeling intimidated by all that work,4,fear,Natatakot akong harapin ang lahat ng trabaho.
i like doing leaving me feel inadaquate under valued and under appreciated,1,joy,"Gustung-gusto kong gawin ang pag-alis na nagpaparamdam sa akin na hindi sapat, hindi pinahahalagahan, at hindi pinapahalagahan."
i think i confuse my feelings of longing with feeling good,2,love,"Iniisip ko, baka nagkakamali ako sa pag-iisip na ang aking pag-aasam ay parang kasiyahan."
i get the feeling that people have died it s bothered me so much that in the past i ve cried my hair must look perfect whatever the weather all of this anxiety brings me to the end of my tether,3,anger,"Nararamdaman kong may mga tao nang namatay, at lubos akong nababahala kaya minsan ay umiiyak ako. Dapat perpekto ang aking buhok kahit anong panahon, at ang lahat ng kaba na ito ay nagpapaubaya sa akin."
i feel giggly,1,joy,Nararamdaman kong kiliti ang dibdib.
i love female vocalists though admit to feeling slightly embarassed of the femininely romantic theme of this piece,2,love,Mahal ko ang mga babaeng mang-aawit bagamat aminin kong medyo nahihiya sa femininong romantikong tema ng piyesang ito.
i feel safer with people who put themselves out there because to me thats just friendly,1,joy,Mas ligtas ako kasama ang mga taong nagpapakita ng kanilang sarili dahil para sa akin iyon ay kaibigan.
i feel taller leaner and more graceful,1,joy,"Nararamdaman kong mas matangkad, payat, at mas maganda ang aking kilos."
i am and i feel respected and safe with them,1,joy,Ako ay nararamdaman na nirerespeto at ligtas kasama nila.
i just feel like being sarcastic and mean and all because history paper is overrrrrrrrrrrr,3,anger,Gusto ko lang mag-sarcastic at maging masama dahil natapos na ang history paper.
i lapped it up getting applications from each of the sachets gave me enough of feel of it to decide that i really liked the product and then this little ml tube of another rose night cream came along and again ive been lapping it up and loving it,2,love,"Naku, kinain ko ang bawat aplikasyon mula sa mga sachet, sapat na iyon para maramdaman ko kung gaano ko ito gusto at saka dumating itong maliit na tubo ng rose night cream at muli, kinain ko ang bawat gamit at sobrang nagustuhan ko ito."
i feel rotten and my frustration manifests as annoyance and anger but yet they still keep on helping,0,sadness,Nararamdaman kong masama ang pakiramdam ko at ang aking pagkabigo ay nagpapakita bilang pagkainis at galit ngunit patuloy pa rin silang tumutulong.
i feel really vulnerable with him i tell him too much im too honest and i hate it,4,fear,"Nararamdaman kong sobrang mahina ako sa kanya, masyadong marami akong sinasabi, sobra akong tapat at ayaw ko noon."
i can brandish this article at anyone who makes fun of me for staying in bed too late or whenever i feel tragic for staying up until,0,sadness,Maaari kong ipakita ang artikulong ito sa sinumang tatawanan ako dahil sa pagtulog ko nang huli o kapag ako'y nakaramdam ng malungkot dahil sa paggising nang maaga.
i was just happy to feel welcomed and not creepy,1,joy,Masaya lang ako na naramdaman kong tinanggap at hindi nakakatakot.
i am feeling most disheartened this week,0,sadness,Napakasakit ng loob ko ngayong linggo.
i blog because i want to be obedient and i feel burdened for my country and this culture that finds abortion acceptable,0,sadness,Nag-b-blog ako dahil gustong maging masunurin at nadarama kong may pasanin ako para sa aking bansa at sa kultura natin na tinatanggap ang abortion.
i feel like this is another one of those dresses that looks really cool from far away but when i take a closer look i dont like it as much,1,joy,"Parang isa itong damit na mukhang maganda sa malayo pero kapag pinagmasdan ko nang mabuti, hindi ko na gaanong gusto."
i hope you like my efforts and that you will pop across and check out all the other wonderful creations that the team have come up with there are some truly talented ladies on the team so i feel very honoured to be allowed to join them this time,1,joy,Sana magustuhan ninyo ang aking pagsisikap at bisitahin ninyo ang iba pang kahanga-hangang likha ng aming koponan. May ilang tunay na may talento sa aming koponan kaya nararamdaman kong lubos na karangalan na makasama sila ngayong pagkakataon.
i last saw him and already im feeling this agitated,3,anger,Huling nakita ko siya at ngayon ay nararamdaman ko na ang aking pag-aagaw.
i feel insulted offended and hurt,3,anger,"Nararamdaman kong nasasaktan, na-insulto, at nabighani."
i feel that positive vibe just bashing its way slowly but surely through this door of negativity and yet i feel like its not nearly close enough,1,joy,Nararamdaman kong ang positibong enerhiya ay unti-unting pumapasok sa pintuan ng negatibidad ngunit parang hindi pa ito malapit.
i feel very passionate about sharing my story of our family with you,2,love,Napakasaya kong ibahagi sa inyo ang kwento ng aming pamilya.
i feel much more confident that any other time ive been to india in the past,1,joy,Mas maraming tiwala ako ngayon kaysa sa anumang ibang pagkakataon na pumunta ako sa India noon.
i had just lost my uncle i would be sad but i feel as if i am devastated,0,sadness,"Bagong nawala ang aking tiyuhin, malungkot sana ako ngunit parang nababalot ako ng malalim na kalungkutan."
i have said many times i don t want it to feel fake or overdone,0,sadness,Sinabi ko nang maraming beses na ayaw kong maging pekeng o labis.
i am feeling envious of other nations that despite the very small land,3,anger,Nararamdaman kong inggit sa ibang bansa na kahit na maliit ang kanilang lupain.
i feel rude feel free to grab the seat next to me,3,anger,"Nararamdaman kong bastos, paki-kuha na lang ng upuan sa tabi ko kung gusto mo."
ive said that i feel like i should explain it so yall dont think im perverse,0,sadness,Sinabi ko na nararamdaman kong dapat kong ipaliwanag ito para hindi kayong mag-isip na baliw ako.
i just feel so disgusted with myself,3,anger,Napakasuklam ako sa sarili ko.
i feel to it and it benefits from a generous budget for exotic sets and gorgeous matte paintings,2,love,Nararamdaman ko ito at nakikinabang ito sa isang maluwag na badyet para sa kakaibang mga set at magagandang matte paintings.
i feel which is ludicrous,0,sadness,"Nararamdaman ko iyon, na talagang nakakatawa."
i feel i wear what i wear to show other girls at my school who are timid when it comes to fashion that you won t look weird if you walk around with your head held high,4,fear,Nararamdaman kong ang aking mga damit ay para ipakita sa mga mahiyain kong kaklase na hindi ka magiging kakaiba kung maglalakad ka ng may mataas na ulo.
i can make a sugar laden roasted chocolate cake like the best of em and nobody can even tell its vegan phase which is perfectly understandable for a year old girl to feel i am thrilled that she is a vegan and wish her continued success and health,1,joy,"Kaya kong gumawa ng matamis na inihaw na tsokolate cake na katulad ng pinakamahusay, at hindi nila malalaman na ito ay vegan, na ganap na maunawaan para sa isang batang babae na isang taong gulang. Masaya ako na siya ay vegan at sana ay magpatuloy siyang maging malusog at matagumpay."
im feeling a little smug this evening,1,joy,Nararamdaman kong medyo mapagmataas ngayong gabi.
i had such tender feelings for the sweet woman she was as she suffered in silence,1,joy,"Napakabait ng aking nararamdaman para sa matamis na babae, tahimik siyang nagdurusa."
i cant help but feel that bioware have missed an opportunity here,0,sadness,Hindi ko mapigilan ang pakiramdam na nagkamali ang Bioware ng pagkakataon dito.
i still well feel quite ok with my results,1,joy,Nararamdaman ko pa rin na medyo maganda ang aking mga resulta.
i didnt really want to talk about it with anyone because its kind of selfish and i feel that id rather ignore it than to be selfish about it,3,anger,Ayaw kong pag-usapan ito sa kahit sino dahil medyo makasarili at mas gugustuhin kong balewalain ito kaysa maging makasarili.
i just wish i didnt feel like my roommates hated me half the time,3,anger,Sana hindi ko nararamdaman na kinamumuhian ako ng mga kakambal ko kalahati ng oras.
i left the talk feeling nervous that we had taken the brief in the wrong sense but we were in a situation where we had already invested to much time into the project that there was no going back,4,fear,"Umalis ako sa talakayan na kinakabahan dahil baka mali ang ating pag-unawa sa briefing, ngunit nasa sitwasyon na tayo kung saan napakaraming oras na ang inilaan natin sa proyekto kaya walang pagbabalik-tanaw."
i keep the four visual design principles contrast repetition alignment and proximity in mind i feel i will be successful in future design projects,1,joy,"Lagi kong isinasaalang-alang ang apat na prinsipyo ng disenyo biswal na kontrasto, pag-uulit, pag-aayon, at kalapitan; naniniwala ako na magiging matagumpay ako sa mga susunod na proyekto sa disenyo."
i wrapped one child after another in a hug i realized with a sinking feeling how quickly each precious moment was passing and i was thankful that in that particular precious passing moment i was with my kids,1,joy,"Niyakap ko isa-isa ang mga bata, at napagtanto ko sa isang biglang pag-aalala kung gaano kabilis lumilipas ang bawat mahalagang sandali, at nagpasalamat ako na sa partikular na mahalagang sandaling iyon, kasama ko ang aking mga anak."
i feel frightened to be a citizen of india where honest performances are neither recognised nor appreciated,4,fear,Natatakot akong maging mamamayan ng India kung saan hindi kinikilala o pinahahalagahan ang tapat na pagganap.
im feeling fine other than normal pregnancy symptoms,1,joy,Mabuti ang pakiramdam ko maliban sa mga karaniwang sintomas ng pagbubuntis.
i can remember feeling really amazed at how i could settle down in my playroom read bombsite conservatory and find myself escaping into a whole new place altogether,4,fear,"Matatandaan ko ang pakiramdam ng sobrang pagkamangha ko sa aking kakayahang magpahinga sa aking silid-laruan, basahin ang ""Bombsite Conservatory,"" at makaligtas sa isang ganap na bagong lugar."
i break down a few times feeling like a lousy mom,0,sadness,"Minsan, nabubuwag ako at parang isang masamang ina."
i also find it the most challenging to wrap up a story that brings good closure and a conclusion that doesn t leave that reader feeling cheated or rushed,3,anger,Nakakaapekto rin sa akin ang pagtatapos ng isang kwento na nagbibigay ng magandang wakas at konklusyon na hindi nagpapakitang-tao ng mambabasa na niloloko o pinabilis.
i feel like i have weird sugar issues that my hunger is all over the place,4,fear,"Parang may kakaibang problema ako sa asukal, ang gutom ko ay parang nag-aaway."
i feel reluctant to talk about an issue which is so immediate especially as one cannot make too much of a difference about it individually but what i can do is to spread the word,4,fear,"Nararamdaman kong ayaw kong pag-usapan ang isang isyu na napakalapit, lalo na't hindi masyadong magagawa ng isang tao nang mag-isa, ngunit ang kaya kong gawin ay ipakalat ang balita."
i focus on it the better i feel ive been writing this post on what makes me truly happy after being inspired by the happiness project and its seems like the most simple thing but its so eye opening,1,joy,"Kapag mas pinagtuunan ko ng pansin ito, mas mabuti ang pakiramdam ko. Isinusulat ko itong post tungkol sa mga bagay na tunay na nagpapasaya sa akin matapos maimpluwensyahan ng Happiness Project, at tila ang pinakamadaling bagay ito ngunit nakakabighani ang katotohanan nito."
i never thought id feel comfortable in but im just going to go for it and make bold fashion choices,1,joy,"Hindi ko akalaing magiging komportable ako rito, pero gagawin ko lang ito at gagawa ng matapang na mga pagpipilian sa fashion."
i desire something i am more likely to feel appreciative of it than if i feel entitled to it,1,joy,Gusto kong mayroon akong bagay na mas malamang akong pahalagahan kaysa kung nararamdaman kong karapat-dapat ako rito.
im feeling a little stressed out with it all,0,sadness,Nararamdaman ko ang kaunting stress dahil sa lahat ng ito.
i am not feeling calm yet must act that way,1,joy,Hindi pa ako nakakaramdam ng katahimikan ngunit kailangan kong kumilos bilang kung kalmado na ako.
i just have to figure out how to really put it into practice without anybody feeling like their contributions and ideas are not valued on the team,1,joy,Kailangan ko lang malaman kung paano ito ipatutupad nang tunay nang hindi nararamdaman ng sinuman na hindi pinahahalagahan ang kanilang kontribusyon at ideya sa koponan.
i love this because to me it should leave the reader feeling confused and slightly deceived,4,fear,"Mahal ko ito dahil sa akin, dapat itong iwan ang mambabasa na naguguluhan at bahagyang niloloko."
i feel like a bit of a strange one,4,fear,Parang kakaiba ako konti.
id better settle for glasses of iced water for now and press those on my cheeks to feel its delicious coolness,1,joy,Mas mabuti nang umasa muna ako sa malamig na tubig at ilagay iyon sa aking pisngi upang maramdaman ang sarap ng lamig nito.
i am quick to anger and lash out yet even quicker feel remorseful almost immediately,0,sadness,"Mabilis akong magalit at sumugod, ngunit mas mabilis ding maramdaman ang pagsisisi halos kaagad."
i understand because of what but even towards the end when she starts going outside again i feel like she ll never be truly happy again,1,joy,"Naiintindihan ko dahil sa ano man, pero kahit sa huli nang siya ay nagsisimulang lumabas muli, parang hindi na siya magiging tunay na masaya."
i wasn t feeling hot i knew that i needed to cool my body temperature and drink more fluids,2,love,"Hindi ako nararamdaman ang init, ngunit alam kong kailangan kong palamig ang aking katawan at uminom ng mas maraming likido."
i feel pretty rotten when i cant,0,sadness,Masama ang pakiramdam ko kapag hindi ko kaya.
i feel the need to remind you that you are never alone though lonely you may be i know of your distress and the things that haunt you best,0,sadness,"Nararamdaman kong kailangan kong ipaalala sa iyo na hindi ka kailanman nag-iisa kahit na pakiramdam mo'y nag-iisa, alam ko ang iyong paghihirap at ang mga bagay na sumisira sa iyo."
i feel as though i fucked up so majorly this summer that im cast off into an alternate universe that i went the wrong way on a timeline and im stuck in a world that the same as the one i knew in all but one way,3,anger,"Nararamdaman kong napakalaki ng pagkakamali ko ngayong tag-araw na parang itinapon ako sa ibang uniberso, na nagkamali ako sa paglalakbay sa linya ng panahon at nakakulong ako sa isang mundo na katulad ng dati ko, maliban sa isang bagay."
im worth something on those days when i feel less than acceptable as a human being,1,joy,May halaga ako sa mga araw na nararamdaman kong hindi ako sapat bilang tao.
i send an email and show my true feelings on an issue i do run risk of it being ignored,0,sadness,"Nagpadala ako ng email at ipinakita ang aking tunay na damdamin tungkol sa isang isyu, ngunit may panganib na hindi ito pansinin."
i feel to be the most hated myself in this world,0,sadness,Nararamdaman kong ako ang pinaka-kinamumuhian sa mundo.
i can feel passionate about taking a stand and maybe understand that this one as yet to be chosen issue is worthy of my time and efforts,2,love,"Maaari kong maramdaman ang pagiging masigasig sa pagtatanggol at marahil maunawaan na ang isyung ito, na hindi pa napipili, ay karapat-dapat sa aking oras at pagsisikap."
im feeling very uncomfortable there the comfort and warmth is just not there any more,4,fear,"Napakakawalang-kasiyaan ko doon, nawala na ang kaginhawahan at init."
i break down and it leaves me feeling bitter,3,anger,Nabubulok ako at iniwan akong mapait ang pakiramdam.
i have a feeling that will never happen and that feeling is reassured with every kiss its still something that is always in the back of my mind that i just cant seem to shake,1,joy,"Mayroon akong pakiramdam na hindi iyon mangyayari at ang pakiramdam na iyon ay lalong napapatatag sa bawat halik, ngunit ito'y isang bagay na palaging nasa likod ng aking isipan na hindi ko maalis."
i feel like my very own very little barbie doll i get to decorate myself up i hated heels before but thats all i wear now,3,anger,"Parang sarili kong maliit na manika, parang Barbie, nakakapagpaganda ako at dati ay ayaw ko ng takong pero ngayon iyon na lang ang suot ko."
i enjoy driving a brand new car i still feel pained whenever i think of what i would have achieved by investing the money i saved by buying a second hand car,0,sadness,"Nasisiyahan akong magmaneho ng bagong kotse, ngunit nasasaktan pa rin ako kapag naaalala ko kung ano sana ang aking nagawa kung inilagay ko ang perang naipon ko sa pagbili ng second-hand na kotse sa pamumuhunan."
i feel like i don t have any useful powerful or special gifts,1,joy,Parang wala akong magagamit na makapangyarihan o espesyal na talento.
i spent my days crying with the newborn throwing him in the carseat running kids everywhere dealing with a naughty toddler getting little sleep and generally feeling crappy,0,sadness,"Ginugugol ko ang aking mga araw na umiiyak kasama ang sanggol, itinatapon siya sa carseat, nagmamadali sa mga bata, nakikipaglaban sa isang masungit na bata, nakakakuha ng kaunting tulog, at pangkalahatan ay nararamdaman ang pagkabulok."
i just feel so inadequate today,0,sadness,Nararamdaman ko lang na sobrang kulang ako ngayon.
i was thinking about this last night i thought about what i tell my own daughter each day and wondered if she feels as stressed as these students do,0,sadness,"Iniisip ko ito kagabi, naisip ko kung ano ang aking sinasabi sa aking anak araw-araw at nag-aalala kung nararamdaman niya ang kaparehong stress ng mga estudyante."
i am filled with despair when i feel like my quest for beauty isnt respected,1,joy,Napakaraming pagkadismaya ang nararamdaman ko kapag parang hindi nirerespeto ang aking paghahanap sa kagandahan.
i feel the energetics of the cinnamon tree is supportive for you as you on this journey of self awareness,2,love,Nararamdaman kong ang enerhiya ng puno ng kanela ay mapagkalinga sa iyo habang nasa iyong paglalakbay tungo sa kamalayan ng sarili.
i am feeling super fly,1,joy,Sobrang galing ng pakiramdam ko.
i was running hard i was running fast and i feel like the last minutes i was probably hitting low s,0,sadness,"Mabilis akong tumatakbo, parang sa mga huling minuto ay halos maubos na ang aking lakas."
i feel perfect except for the constant exhaustion,1,joy,Nararamdaman kong perpekto maliban sa patuloy na pagod.
i so badly needed and had been missing to make the sewing time i do find feel productive,1,joy,Napakasakit ng pangangailangan ko at napaka-miss ko ng oras sa pagtahi na aking nararamdaman na produktibo.
i feel insulted whenever people say guys cant cry or feel emotional,3,anger,Nasasaktan ako kapag sinasabi ng mga tao na hindi maaaring umiyak o maramdaman ang emosyon ang mga lalaki.
i always feel very afraid as i work on books egan tells kurt,4,fear,"Lagi akong natatakot habang nagtatrabaho sa mga libro, sinasabi ni Egan kay Kurt."
i personally feel that url was a little vain and after awhile i started to get irritated by how self centered it sounded,0,sadness,"Nararamdaman kong medyo mapagmataas ang URL na iyon at pagkaraan ng ilang panahon, nagsimulang mag-irita ako sa kung gaano ito nakatuon sa sarili."
i was uptight today over work issues but when i saw him all my tense emotions dissipated coz all i felt at that moment was this warm fuzzy feeling that feeling i get when im laying with him on my bed in a tender embrace and i plant sweet kisses on his cheeks,2,love,"Na-stress ako ngayon dahil sa mga problema sa trabaho, pero nang makita ko siya, nawala lahat ng aking kaba dahil ang naramdaman ko noon ay isang mainit at malambot na pakiramdam, ang pakiramdam na nararamdaman ko kapag nakayakap kami sa kama at binibigyan ko siya ng mga matamis na halik sa pisngi."
i feel helpless and hopeless because i feel like i am not in control over my own life even though in all actuality i totally am,0,sadness,"Nararamdaman kong walang magawa at walang pag-asa dahil parang hindi ko kontrolado ang buhay ko kahit na sa totoo lang, ganap kong kontrolado iyon."
i feel embarrassed if anyone were to stop by and see the state of my house enough that i wish i could pretend we werent even home when someone does stop by,0,sadness,Nahihiya ako kung may bisita at makita ang kalagayan ng bahay ko kaya sana maaring magpanggap na wala kaming tao kapag may dumating.
i think just noticing this in me that i m more prone to feel jealous right now is helping me show up with a bit more intentionality than at other times in my life,3,anger,"Sa tingin ko, ang pagkilala ko na mas madaling magkaroon ng inggit ngayon ay tumutulong sa akin na maging mas mapag-ingat at may layunin sa aking mga kilos kaysa sa ibang panahon sa buhay ko."
im hoping to find peace with myself and in the world while still feeling the poetry of the tragic,0,sadness,Umaasa akong mahanap ang kapayapaan sa aking sarili at sa mundo habang nararamdaman pa rin ang tula ng trahedya.
i dont feel the need to be truthful its completely written all over me,1,joy,"Hindi ko nararamdaman ang pangangailangan na maging totoo, nakasulat na ito nang malinaw sa akin."
i am feeling in a generous mood and a mood of gratitude,2,love,Masaya akong nasa mapagbigay at nagpapasalamat na pakiramdam.
im feeling playful takes user to an interactive google doodle such as the one for pac man,1,joy,"Nararamdaman kong masaya at naglalaro, dadalhin ka sa isang interactive na Google Doodle gaya ng Pac-Man."
im feel especially affectionate toward and blessed by r shannon and the other close family friends who made my birthday very special,2,love,Nararamdaman ko lalo ang pagmamahal at pagpapala kay R. Shannon at sa ibang malalapit na kaibigan ng pamilya na nagpa- espesyal sa aking kaarawan.
i was trying to determine why i feel so reluctant to actually post what ive written when i finally realized its because i cannot pass something off as a cute idea i had or as a response to something someone could be experiencing,4,fear,"Sinusubukan kong malaman kung bakit ako nahihilo mag-post ng mga isinulat ko, at saka ko lang napagtanto na dahil hindi ko kayang ipakita bilang isang magandang ideya ko o bilang tugon sa karanasan ng iba."
i make a big deal out of yours i d like you to at least buy me a card so that i can feel special,1,joy,"Ginagawang malaki ang pakialam ko sa iyo, gusto kong kahit isang card man lang ang bilhin mo para makaramdam ako ng espesyal."
im feeling much more appreciative of my cats today,1,joy,Mas napahahalagahan ko ang aking mga pusa ngayon.
i just go to bed with my feeling of discontent,0,sadness,Nagpapahinga lamang ako sa kama dala ang aking hindi pagsang-ayon.
i feel fine im stepping away from my travelogue for this post because this video is worth watching and i wanted to recommend it to all my readers here on the blog,1,joy,"Nararamdaman kong mabuti, aalis muna ako sa aking travelogue para sa post na ito dahil sulit panoorin ang video na ito at gusto kong irekomenda ito sa lahat ng aking mga mambabasa dito sa blog."
i really didnt feel like running on saturday but decided i should to make sure i got my miles in for june,1,joy,Talagang ayaw kong tumakbo noong Sabado pero nagpasya akong tumakbo para matiyak na nakakamit ko ang aking mga milya para sa Hunyo.
i wanted the viewer to feel as though they were a spectator on this pleasant winter afternoon standing at the edge of this cliff peeking through the tree boughs,1,joy,"Gusto kong maramdaman ng manonood na parang isang manonood sa isang magandang hapon ng taglamig, nakatayo sa gilid ng bangin at nakatingin sa pamamagitan ng mga sanga ng puno."
i feel that it s not the distance that separates lovers that ends a relationship it is the impatience of humans to feel the touch of their beloved or to hear a lover whisper ones name,2,love,"Nararamdaman kong hindi ang distansya ang naghihiwalay sa mga magkasintahan at nagtatapos ng relasyon, kundi ang kawalang-pasensya ng tao na maramdaman ang pag-hawak ng kanilang minamahal o marinig ang pagbulong ng isang mahal sa kanilang pangalan."
i try to approach this thing called nature which is something im feeling a bit envious about,3,anger,Sinusubukan kong lapitan ang bagay na tinatawag na kalikasan na kung saan ako ay medyo nagtatanim ng inggit.
i don t feel pretty when i m in cardiff,1,joy,Hindi ako maganda kapag nasa Cardiff ako.
i think many of us feel burdened by this pervasive belief that we are in control of things going right or wrong in our lives,0,sadness,"Marami sa atin siguro ay nadarama ang bigat ng paniniwalang tayo ang may kontrol sa mga nangyayari sa ating buhay, maging ang maganda man o masama."
i feel the tingle in my stomach and the pleasant fullness of satisfaction,1,joy,Nararamdaman ko ang kiliti sa aking tiyan at ang kasiya-siyang kabusugan ng kasiyahan.
i like taking cold showers i get out feeling invigorated and ready to roll,1,joy,"Gustung-gusto kong maligo ng malamig, nakakagaan at handa akong harapin ang araw."
i feel happy and grateful to you all,1,joy,Masaya at nagpapasalamat ako sa inyong lahat.
i am already feeling broke,0,sadness,Naramdaman ko nang akong mahirap.
im feeling slightly triumphant virtuous even a whole five days without a drop which was looking difficult after the excesses of the festive season a friend actually stayed on the wagon for whole festive period a level of fortitude which i have to say i really truly deeply admire well done,1,joy,"Nararamdaman ko ang kaunting tagumpay, kabutihan, kahit limang araw nang walang kahit isang patak, na tila mahirap matapos ang mga kalakasan ng pista. Isang kaibigan nga pala, nanatili sa ""wagon"" buong panahon ng pista, isang antas ng katatagan na kailangan kong sabihin, tunay kong lubos na hinahangaan. Mabuti!"
i have this feeling that one day i will be so content with what is happening in my life even if it for only seconds,1,joy,Mayroon akong pakiramdam na darating ang araw na magiging lubos akong kontento sa nangyayari sa buhay ko kahit na para lamang sa ilang segundo.
i even feel strange if i forget a primer and put foundation on my bare skin,4,fear,Nakakakaba pa nga kung makalimutan ko ang primer at maglagay ng foundation sa hubad kong balat.
i feel violent wanna kill someone anyone or kiss them,3,anger,"Nararamdaman kong may galit, gusto kong patayin ang isang tao, kahit sino, o halikan sila."
im feeling awful this afternoon,0,sadness,Masama ang pakiramdam ko ngayong hapon.
i mean their puzzle section is about on par with my coffee numb mental faculties right now but still crosswords shouldnt be able to make me feel that dissatisfied,3,anger,"Ibig sabihin, ang kanilang seksyon ng palaisipan ay halos katumbas ng aking kape-numb na kakayahan sa pag-iisip ngayon, ngunit paano, ang mga crossword ay hindi dapat magdulot sa akin ng ganitong antas ng kawalan ng kasiyahan."
i feel like it s really supportive,2,love,Nararamdaman kong tunay na nakakapagbigay ng suporta ito.
i feel like im finally out of my box and free to be the person i was called to be,1,joy,Nararamdaman kong ako'y wakas ay lumabas na sa aking kahon at malaya nang maging ang taong aking tinawag na maging.
i feel like i m getting a milkshake and it has really helped me control my sweet tooth,1,joy,Nararamdaman kong parang umiinom ako ng milkshake at talagang tumutulong ito para kontrolin ang aking matamis na ngipin.
i didnt feel that i was caught in a limbo between carefree and responsibility,1,joy,Hindi ko naramdaman na ako'y nakakulong sa isang pagitan ng kalayaan at pananagutan.
i was young but i cant get that feeling back shes got a killers grin on and maybe im just too jaded now and i wont leave ill try and pretend cause weve got nothing to lose but time so here we go again,0,sadness,Bata pa ako noon ngunit hindi ko na maibabalik ang nararamdaman iyon. May nakamamatay na ngiti siya at baka ako'y masyadong pagod na ngayon at hindi na ako aalis. Subuking magpanggap ako dahil wala naman tayong mawawala kundi ang panahon kaya eto na naman tayo.
i feel my life being threatened by illness i lose my mind,4,fear,"Nararamdaman kong pinagbabantaan ng sakit ang aking buhay, nawawala na ang aking pag-iisip."
i like to throw in a habanero if i m feeling brave and spring onions,1,joy,Gustung-gusto kong magdagdag ng habanero kung may lakas ng loob ako at sibuyas tagsibol.
ive spent way too much time feeling pain to the point that im frightened to leave myself open to it,4,fear,Naubos ko na ang napakaraming oras sa pagdurusa hanggang sa matakot akong magbukas muli sa posibilidad ng sakit.
i just feel worthless and stuck,0,sadness,Nararamdaman ko lang na walang halaga at nabibitin.
i feel super rad after eating it every time,1,joy,Napakaganda ng pakiramdam ko tuwing kumakain ako nito.
im not exactly sure why but at least im still sleeping well and generally feel fine when i wake up in the morning,1,joy,"Hindi ko eksaktong alam kung bakit, pero kahit papaano ay nakakatulog pa rin ako nang maayos at karaniwang nakakaramdam ng maayos kapag nagigising ako ng umaga."
i feel like i have to pee already just thinking about this thing poking at my g spot but i m determined to find a stimulation method i enjoy,1,joy,"Nararamdaman kong kailangan ko nang pumunta sa banyo kahit na iniisip ko lang itong bagay na nakakatikim sa aking G-spot, pero determinado akong maghanap ng paraan ng pagpapa-stimulate na magugustuhan ko."
i feel like shirley maclaine in that weepy chick flick where julia roberts is in such pain and her mother shirley demands drugs for her,0,sadness,Parang si Shirley Maclaine ako sa maiiyak na pelikula ng mga babae kung saan sobrang nasasaktan si Julia Roberts at nangangailangan ng gamot ang kanyang ina na si Shirley.
i am feeling determined that i am going to get there,1,joy,Nakakaramdam ako ng matibay na determinasyon na makakarating ako doon.
i feel as though my sub arguments are stronger and i support my claims better than i did in the beginning,1,joy,Nararamdaman kong mas malakas ang aking mga sub-argumento at mas mahusay kong sinusuportahan ang aking mga pahayag kaysa sa simula.
i feel the amazing abundance of my life most keenly,1,joy,Nararamdaman ko nang lubos ang kahanga-hangang kasaganaan ng aking buhay.
i told you how i felt and you treated me bad you made me feel so stupid but you know what,0,sadness,"Sinabi ko na sa iyo ang nararamdaman ko at masama ang iyong pakitungo sa akin, ipinagkaitan mo ako ng aking dignidad ngunit alam mo ba kung ano?"
i would save it for the next time im feeling cranky or irritable then spray some lightly behind my ears,3,anger,"Titipidin ko ito para sa susunod na mag-feeling ako ng maungol o maselan, saka i-spray nang bahagya sa likod ng aking tenga."
i am feeling positive about it,1,joy,Nakakaramdam ako ng positibo tungkol dito.
i like to keep them on hand when i m feeling not so brave or extraordinary,1,joy,Gustung-gusto kong panatilihin sila malapit kapag hindi ako gaanong matapang o kahanga-hanga.
i feel im simply doomed to repeat the cycle of obesity over and over again,0,sadness,Nararamdaman kong ako'y tadhana lamang na ulitin ang siklo ng pagiging sobra sa timbang nang paulit-ulit.
i feel just gorgeous wearing it,1,joy,Parang maganda ako kapag suot ko ito.
i was feeling and i said impatient,3,anger,Nararamdaman ko ang pagiging mapag-impatient at sinabi ko iyon.
ive ever invented hail ember and flake are probably the three that are the most me so this story feels especially vulnerable,4,fear,"Ang mga imbensyon kong hail, ember, at flake ang marahil mga tatlo na pinakamalapit sa akin kaya ang kwentong ito ay nararamdaman kong lalong mahina at mapanganib."
i feel fine tweet a name fb share type button count share url http www,1,joy,"Nararamdaman kong mabuti. I-tweet ang pangalan, ibahagi sa FB, pindutin ang buton ng bilang ng pagbabahagi, URL ng pagbabahagi: http://www."
i feel more inhibited more shy in my own town with a camera than i do in the centre of london,0,sadness,Mas nahihiya at mas limitado ako sa aking sariling bayan gamit ang kamera kaysa sa gitna ng London.
i admit to feeling the pace in the heat and was glad blind to the beautiful was next up so i could catch my breath,1,joy,Aminado akong naramdaman ang bilis sa init at nagalak na hindi ko nakita ang magandang susunod upang maibsan ang aking hininga.
i have never been the type of person to feel homesick when i am away,0,sadness,Hindi ako ang uri ng tao na nakakaranas ng pag-uulila sa tahanan kapag malayo ako.
i this feels rebellious to me,3,anger,"Para sa akin, ito ay parang paghihimagsik."
i need to see in the wild before i feel completely satisfied but for now i can say that at least we fulfilled the whalentee,1,joy,"Kailangan kong makita sa kanilang natural na tirahan bago ako ganap na nasiyahan, ngunit para ngayon, masasabi kong kahit papaano ay natupad natin ang pangarap na makita ang mga balyena."
i stack pillows on his side of the bed just so it feels less empty but its really nice to have a real person back in bed,0,sadness,"Pinupulupot ko ng unan ang kanyang bahagi ng kama para hindi ito masyadong ma-emptiness, pero tunay na maganda ang pakiramdam na may tunay na tao na bumalik sa kama."
when india lost the benson and hedges cricket trophy,0,sadness,Nang matalo ang India sa Benson and Hedges Cricket Trophy.
i said without emotion while feeling a freaked out fearful anxiety welling up in my chest,4,fear,Sinabi ko nang walang emosyon habang nararamdaman ang isang nakakabinging takot at pag-aalala na tumataas sa aking dibdib.
i feel as if im trying to be so considerate of others,2,love,Nararamdaman kong parang sinusubukan kong maging lubos na mapag-ingat sa iba.
i am feeling completely useless lately,0,sadness,Nararamdaman kong lubos na walang silbi kamakailan.
i feel pleasantly mellow regardless,1,joy,Nararamdaman kong masaya at komportable kahit papaano.
i feel romantic when i wear it under my raphael coat,2,love,Nararamdaman kong romantiko kapag suot ko ito sa ilalim ng aking Raphael coat.
i just want to share and i feel like its not socially acceptable to do so right now,1,joy,"Gusto ko lang ibahagi, pero parang hindi naaangkop sa lipunan ngayon gawin iyon."
i was really worried that i would feel intimidated by monica but when we met that morning she was incredibly welcoming and made me feel relaxed straight away,4,fear,Talagang nababahala ako na matatakot ako kay Monica pero nang makilala ko siya noong umaga ay sobrang welcoming niya at agad akong pina-relax.
i feel burdened with the guilt of burdening her with the burden of knowing about my burden,0,sadness,Nararamdaman kong mabigat ang aking pagkakasala dahil sa pagdadala ko sa kanya ng pasanin ng pagkaalam sa aking pasanin.
i feel bitter that my cancer was relegated to unnecessary to meet with someone as important as an oncologist,3,anger,Nararamdaman kong mapait na ang aking kanser ay itinuring na hindi mahalaga upang makilala ang isang taong mahalaga tulad ng isang onkolohista.
i feel that wanatribe may become a vital link in my writing network,1,joy,Nararamdaman kong maaaring maging mahalagang ugnayan ang Wanatribe sa aking network ng pagsusulat.
i feel uncomfortable when i wear lenses that are not brown but these lenses make me want to get more blue lenses,4,fear,"Nakakakaba kapag suot ko ang mga lente na hindi kayumanggi, pero ang mga lente na ito ay nagpapasaya sa akin na bilhin pa ang mga asul."
i feel like an awful lot has happened in the past week or so,0,sadness,Parang maraming nangyari sa nakalipas na isang linggo o kaya.
i feel helpless lost upset and worst of all,0,sadness,"Nararamdaman kong walang magawa, nawawala, nalulungkot, at higit sa lahat ay masaklap."
i feel jealous whenever it is in a relationship because i dont get to talk to it anymore,3,anger,Nararamdaman kong mainggit kapag nasa relasyon na ito dahil hindi na ako nakakausap nito.
i was feeling pretty bitchy and horrible but dont worry,3,anger,Nararamdaman ko ang pagiging masungit at masama ang pakiramdam ko ngunit huwag mag-alala.
i was up early today to vote before the lines got too long and i didnt have that feeling at all but i was uncomfortable for another reason,4,fear,"Maaga akong nagising ngayon para bumoto bago lumaki ang pila at hindi ko naramdaman iyon, ngunit hindi ako komportable dahil sa ibang dahilan."
i finished blogging i was feeling shaky and checked my level to see a,4,fear,"Tapos na akong mag-blog, naramdaman kong may kiliti at tiningnan ko ang aking antas."
i still love to run and plan to keep it up but i don t want to once again register for so many races that i feel like every exercise moment needs to be devoted to running,2,love,"Gusto ko pa rin tumakbo at plano kong ituloy ito, ngunit ayaw kong magparehistro muli sa maraming karera na parang bawat sandali ng ehersisyo ay dapat nakalaan para sa pagtakbo."
i feel like ive been terribly wronged and that all is hopeless,3,anger,Parang lubos akong nabigo at lahat ay walang pag-asa.
i threw open my windows for minutes and then we were all freezing so i had to shut them and sat back and enjoyed that feeling of tranquility that only comes in those few minutes precious minutes when everything is spotlessly in order,1,joy,Binuksan ko ang aking mga bintana nang ilang minuto at saka kami'y lahat ay nag-iinit kaya isinara ko sila at bumalik at tinamasa ang pakiramdam ng katahimikan na darating lamang sa mga ilang minutong mahalagang minuto kung saan lahat ay perpekto at maayos.
i feel beaten and tattered and washed up and drowning and i rise up for air just for a moment just to hear a little praise and another wave or gust of wind knocks me down again,0,sadness,"Nararamdaman kong talo, lusak, nabubulok, nalulunod, at ako'y sumisigaw para huminga ng isang sandali lamang upang marinig ang kaunting papuri, ngunit muli akong binabagsak ng isa pang alon o hangin."
i feel students need compassionate strong and dedicated individuals who embrace the role of luminary with humility and a sense of adventure,2,love,"Nararamdaman kong kailangan ng mga estudyante ang mga mapagmahal, matatag, at dedikadong indibidwal na tinatanggap ang tungkulin bilang gabay na may kahinhinan at pakiramdam ng pakikipagsapalaran."
i feel these paints will be perfect for my plein air work,1,joy,Nararamdaman kong perpekto ang mga pintura na ito para sa aking plein air work.
i can t help but feel jaded,0,sadness,Hindi ko mapigilan ang pakiramdam na pagod na pagod na.
i think its time to find better stress management techniques and choke back this feeling of being overwhelmed,4,fear,"Sa tingin ko, oras na upang maghanap ng mas mahusay na paraan upang pamahalaan ang stress at pigilin ang pakiramdam na nababalot ng pagod."
i feel so grouchy and irritable when im sick,3,anger,Nararamdaman kong sobrang sungit at maselan kapag may sakit ako.
i feel eager to see the show sometimes i just cringe at the thought of watching it again,1,joy,"Minsan, sobrang excited akong panoorin ang palabas, pero minsan, nahihiya na lang ako sa isiping panoorin ito ulit."
i feel proud to have carried out this struggle as today i feel myself to be a real human being,1,joy,"Nararamdaman kong ipinagmamalaki kong pinaglaban ito dahil ngayon, nararamdaman kong tunay akong tao."
i feel so hesitant to say anything positive trying to hold my breath so to speak because none of this really matters until i know that shaun has passed the dlpt,4,fear,"Nahihirapan akong sabihin ang kahit anong positibo, parang pinipigilan kong huminga dahil wala itong kahulugan hangga't hindi ko alam na nakapasa si Shaun sa DLPT."
im feeling stressed or out of control i regain control by breaking down my particular stressors into minutes segments to devote attention to and then go to it,0,sadness,"Nararamdaman kong stressed o wala sa kontrol, nakakabalik ako ng kontrol sa pamamagitan ng paghahati ng aking mga partikular na pinagmumulan ng stress sa mga segmen ng minuto upang bigyan ng pansin at saka harapin ito."
i know is my feelings were innocent,1,joy,Alam kong inosente ang aking mga nararamdaman.
ive been feeling passionate about local business lately and i do like to walk through consignment stores and second hand shops just as much as i enjoy goodwill,2,love,"Lately, nasisiyahan akong suportahan ang mga lokal na negosyo at gusto kong maglakad-lakad sa mga tindahan ng pangalawang kamay at consignment stores, katulad ng aking pagmamahal sa Goodwill."
i hate the feeling of being needy or vulnerable to something or someone that sometimes it seems like youre an addict,0,sadness,Ayaw ko ng pakiramdam na maging nangangailangan o mahina sa isang bagay o tao na minsan parang adik ka na.
im feeling selfish enough to start this lovely scarf for myself,3,anger,Nararamdaman kong makasarili sapat upang simulan itong magandang scarf para sa aking sarili.
i am not feeling like a very valued customer,1,joy,Hindi ako nadarama bilang isang lubos na pinahahalagang kostumer.
im not dressed up and im already feeling sort of bah humbug today but i am really annoyed at a type today,3,anger,Hindi ako naka-ayos at medyo bahala na ako ngayon pero talagang naiinis ako sa isang uri ng tao ngayon.
i feel like by being so timid ive lost a lot of opportunities to make connections with people that ive wished id made connections with,4,fear,"Nararamdaman kong dahil sa aking pagiging mahiyain, nawala ako ng maraming pagkakataon upang makipag-ugnayan sa mga taong sana ay nakakilala ko na."
i feel disturbed in which happens to be roughly everywhere,0,sadness,Nararamdaman kong nababagabag sa halos lahat ng lugar.
i just grab something and hit myself just to feel pain damn i know the risks and injuries that might occur i know its dangerous,3,anger,"Kinuha ko lang ang isang bagay at hinampas ang sarili ko para lang maramdaman ang sakit. Puta, alam kong may panganib at maaaring masaktan, alam kong delikado ito."
i didn t want to feel foolish ridiculous embarrassed and self conscious,0,sadness,"Ayaw kong maramdaman ang kahihiyan, katangahan, kahambugan, at pagka-self-conscious."
i feel like i have way to many questions and things going on that are un resolved,1,joy,Nararamdaman kong maraming katanungan at hindi pa nalulutas na mga bagay ang aking iniisip.
i feel very clearly now and am reassured that in leaving we did the thing that we needed to do the thing that god was leading us to do,1,joy,"Nararamdaman ko nang malinaw ngayon at nakakatiyak na sa pag-alis natin, ginawa natin ang dapat nating gawin, ang tinutungo tayo ng Diyos."
i am having my usual october where things are drastically in flux where i am feeling melancholy at best and where god is asking me to step off the cliff and have faith he will provide,0,sadness,"Nararanasan ko ang aking karaniwang Oktubre kung saan ang mga bagay ay drastikong nagbabago, kung saan ako ay nakakaramdam ng kalungkutan sa pinakamahusay, at kung saan ang Diyos ay humihingi sa akin na lumabas sa bangin at magtiwala na siya ang magbibigay."
i al feeling rather agitated and i am not totally sure where it is coming from,4,fear,Nararamdaman kong medyo kinakabahan at hindi ko sigurado kung saan ito nanggaling.
i should have helped her feel valued,1,joy,Dapat sana ay tinulungan ko siyang maramdaman na mahalaga siya.
when i failed the entrance exam of the medical school and was studying biochemistry which has no job prospects in zambia,3,anger,Nang nabigo ako sa entrance exam ng medisina at nag-aaral ng biochemistry na walang trabaho sa Zambia.
i feel suddenly startled catch my breath and think it could be any day,4,fear,"Nararamdaman kong bigla akong kinabahan, humihinto ang aking paghinga at iniisip na maaaring anumang araw na iyon."
i want to feel groggy and heavy,0,sadness,Gusto kong maramdaman ang pagiging antok at mabigat.
i am left feeling very confused and blah,4,fear,Napakaguluhan at parang wala akong nararamdaman.
i feel like i m so distracted by silly things like twitter that i can spend an entire evening with the kids and not actually hear a thing that they re saying,3,anger,Nararamdaman kong sobrang nababaling ako sa mga walang kwentang bagay tulad ng Twitter na kaya ko pang mag-hapunan buong gabi kasama ang mga bata at hindi ko talaga marinig ang kanilang sinasabi.
im coming to have a full ransom as good as im feeling graceful good as it stands,1,joy,"Darating ako upang makuha ang buong kabayaran, gaya ng aking nararamdaman na maganda at maayos ang lahat."
i would feel numb and though thousands of calories would be consumed i would never taste one bite,0,sadness,"Magiging pakiramdam ko ay parang nawalan ng pakiramdam at kahit libu-libong kaloriya ang aking kakainin, hindi ko mararamdaman ang kahit isang kagat."
i feel when i sit next to my beloved nancy,1,joy,Nararamdaman ko kapag nakaupo ako tabi ng aking mahal na Nancy.
finding out that i am not an as able student as i thought,4,fear,nalaman kong hindi ako gaanong mahusay na estudyante gaya ng akala ko.
i was feeling ok so i ignore it my heart was not jumping out from where it supposed to be yet,1,joy,"Nararamdaman kong maayos kaya inignore ko iyon, hindi pa kasi tumatalon ang puso ko sa kaba."
i reluctantly ate a piece of string cheese but i was both cranky that i hadn t lost more weight and feeling vain about the way i was looking ironic i know so i decided to throw up again,0,sadness,"Nag-atubiling kumain ako ng isang piraso ng string cheese ngunit parehong nagagalit ako dahil hindi ako nakalugmok ng higit pang timbang at nagmamalaki sa aking itsura, ironiko nga, kaya nagpasya akong mag-vomit muli."
i feel worthless unmotivated like i m getting no where,0,sadness,"Nararamdaman kong walang halaga, walang gana, parang wala akong nararating."
im feeling pretty morose for reasons that i dont need to go into beyond having been plagued by this same,0,sadness,"Nararamdaman kong medyo malungkot dahil sa mga dahilan na hindi ko na kailangang ipaliwanag pa, maliban na lamang sa paulit-ulit na pagdurulot nito ng parehong problema."
i have alotta life going on and i keep mumbling to myself keep swimming keep swimming and i feel all sorts of giggly when i do say it,1,joy,"Marami akong nangyayari sa buhay at lagi akong nagmumura sa sarili, ""Patuloy na lumangoy, patuloy na lumangoy,"" at nakakakilig ako kapag sinasabi ko iyon."
ill feel even more pressured,4,fear,Mas lalo akong mapeperesyon.
i feel so unwelcome its sickening,0,sadness,"Nararamdaman kong hindi ako tinatanggap, nakakaumay."
i taught him what it can look like and how it could make him feel scared confused excited nervous,4,fear,"Itinuro ko sa kanya kung ano ang itsura nito at kung paano ito maaaring magpakitang takot, kalituhan, kilig, at kabalisaan."
im feeling playful and humorous,1,joy,Masaya at mapagbiro ako ngayon.
i feel like i have had a sweet tooth this week,2,love,Parang may matamis na pangangailangan ako ngayong linggo.
i basically have a gut feeling of whether i think that person is genuinely sincere or not,1,joy,Mayroon akong nararamdaman sa aking sikmura kung totoo ba ang kanilang pagiging tapat o hindi.
i only talk when i feel like i have something valuable to say,1,joy,Nagsasalita lamang ako kapag nararamdaman kong may mahalagang sasabihin.
i stop feeling ok and started to feel pretty awesome,1,joy,Tumigil akong magpanggap na okay at nagsimula akong magpanggap na sobrang galing.
i feel that precious girl kick or see her face on the sonogram it makes it all worth while,1,joy,"Nararamdaman kong tumatapak ang mahal kong anak o nakikita ang kanyang mukha sa sonogram, at iyon ang nagpapatunay na lahat ng ito ay sulit."
im feeling so mellow right now and so im listening to coldplays song yellow,1,joy,Nararamdaman kong sobrang mellow ngayon kaya nakikinig ako ng kanta ni Coldplay na Yellow.
im feeling very thankful for the rhythm of these days,1,joy,Napakasaya ko dahil sa ritmo ng mga araw na ito.
im super annoyed cause it hurts all the time cause i cant do my complete manicure and feel like my hands are pretty and i am kind of scared on how long this will take to heal and for my nail to grow again to stick on my finger again,4,fear,Napakainis ko kasi lagi itong nasasaktan kaya hindi ko magawa ang kumpletong manicure ko at parang pangit ang aking mga kamay. Natatakot din ako kung gaano katagal ito magpapagaling at ang aking kuko ay muling lumaki at madikit sa aking daliri.
i feel this may be a popular topic in the blogosphere,1,joy,Nararamdaman kong maaaring ito ay isang trending paksa sa blogosphere.
i feel like my husband is being sweet with me again,1,joy,Nararamdaman kong muli ang pagiging matamis ng aking asawa sa akin.
i feel terrible writing so little but theres not anything else to report on,0,sadness,"Napakasama kong pakiramdam na kakaunti lang ang aking isinusulat, ngunit wala nang iba pang maiuulat."
i do not know that he simple feelings i am startled by startled though he did not understand the words but i was feeling his words there are overtones green ink why suddenly say,4,fear,"Hindi ko alam na simpleng damdamin niya, nabigla ako kahit hindi niya maintindihan ang mga salita, nararamdaman ko ang kanyang mga salita, may mga di-nasabi, parang berdeng tinta, bakit bigla sabihin."
i feel artistic,1,joy,Nararamdaman kong may kakayahan akong maging malikhain.
i feel resigned that its never going to finish,0,sadness,"Napapagod na ako, parang hindi na ito matatapos."
i then wonder if the girl does want to marry me and contemplate that feeling slightly disheartened,0,sadness,Nagtatanong ako sa aking sarili kung talagang gustong magpakasal sa akin ang babae at iniisip ang pakiramdam na bahagyang nalulungkot.
i feel i must remain faithful too,1,joy,Nararamdaman kong dapat akong manatili ring tapat.
i feel so comfortable with you i feel so safe around you,1,joy,"Nararamdaman kong sobrang komportable ako kasama mo, sobrang ligtas din ako kapag nasa paligid mo."
i feel stupid every time i even think about it,0,sadness,Nararamdaman kong tanga tuwing naaalala ko pa iyon.
ive been feeling so listless lately,0,sadness,Nararamdaman kong lubhang walang gana kamakailan.
i don t feel special and when i feel alone in this busy ever moving world,1,joy,Hindi ako nakakaramdam ng espesyal at kapag nararamdaman kong nag-iisa sa maingay at palaging gumagalaw na mundo.
i have a feeling his idea of keeping me entertained differs ever so slightly from mine jonny you,1,joy,"May pakiramdam akong iba ang ibig sabihin niya sa pagpapanatili sa akin na aliw kumpara sa akin, Jonny."
i also feel regretful at the sense of elation i felt after offing them,0,sadness,Nakaramdam din ako ng pagsisisi sa kagalakan na naramdaman ko matapos silang patayin.
i feel so disheartened at things,0,sadness,Napakasakit ng pakiramdam ko sa mga nangyayari.
i feel like this product is supporting both my immune and cardiovascular systems,2,love,Nararamdaman kong sinusuportahan ng produkto ang aking sistema ng immune at cardiovascular.
i feel so thankful to be on their team,1,joy,Napakasaya ko na maging bahagi ng kanilang koponan.
i feel a bit strange saying it,4,fear,Nakakakaba pala sabihin ito.
i am writing this feeling hopeless hopeless about the people around me this is a crazy absurd world with absurd people in it,0,sadness,"Sumusulat ako ngayon na puno ng kawalan ng pag-asa tungkol sa mga tao sa paligid ko, ito'y isang baliw at walang katuturan na mundo na puno ng mga walang katuturan ding tao."
i lured him in using emoexaderistic things about my life to to make him feel like he could be the tragic hero to save this young girl sorta romance plot,0,sadness,"Pinainteresan ko siya gamit ang mga emosyonal at dramatikong detalye tungkol sa buhay ko para maramdaman niyang siya ang makasasagip na bayani sa kwentong ito, parang isang romantikong istorya."
ive been judged and looked down on more times that i can count for being too many shades of grey having too many feelings and being too gentle in a world that will walk all over you given the chance,2,love,"Maraming beses na akong pinaghatulan at nilooban ng tingin dahil sa pagiging maraming kulay-abo, pagiging maraming damdamin, at pagiging masyadong maamo sa isang mundo na handang sakalin ka kung bibigyan ng pagkakataon."
i feel less submissive and just generally lost,0,sadness,Nararamdaman kong mas hindi ako sumusunod at pangkalahatan ay nawawala.
i missed the blessing of god s providence the feeling that god was caring for me and protecting me,2,love,"Namimiss ko ang biyaya ng Diyos na pangangalaga, ang pakiramdam na inaalagaan at pinoprotektahan ako ng Diyos."
i feel as though im supposed to be sympathetic but im having a hard time feeling that way im finding the repetition more annoying than anything else and im afraid its showing,2,love,Nararamdaman kong dapat akong magpakita ng empatiya ngunit nahihirapan akong maramdaman iyon. Mas nakakainis sa akin ang paulit-ulit na pangyayari kaysa sa iba at natatakot akong halata ito.
i am sure that fans of every other team feel one of their guys got slighted and in the long run it really doesnt make much of a difference its just a shame that someone as talented as evgeni malkin was left off,1,joy,"Sigurado akong ang mga tagahanga ng bawat ibang koponan ay nararamdaman na isa sa kanilang mga manlalaro ay hindi nabigyan ng nararapat na pagkilala at sa huli, hindi naman ito nagdudulot ng malaking pagkakaiba, sayang lang na isang talentodong tulad ni Evgeni Malkin ay hindi nakapasok."
i start to feel like im getting over the death of my beloved cat timmy and when i get used to the idea of only seeing my mum maybe twice a ytear from now on and justwhen i start planning for my futrue and happy timesa ahead i start efeeling like this again,2,love,"Nagsisimula akong makaramdam na nakakabangon na ako mula sa pagkamatay ng aking minamahal na pusa na si Timmy, at nang makasanayan na ako sa ideya na makikita ko lamang ang aking ina marahil dalawang beses sa isang taon mula ngayon, at saka lang nang magsisimula akong magplano para sa aking kinabukasan at masayang panahon sa harapan ko, muling nararamdaman ko ito."
i always got the feeling she hated me,3,anger,Lagi kong nararamdaman na ayaw niya sa akin.
i guess i sort of believe him but deep down i just feel unsure about the unknown,4,fear,"Siguro, bahagya akong naniniwala sa kanya, pero sa aking kaloob-looban, hindi ko maalis ang pag-aalinlangan tungkol sa hindi alam."
i feel that there s sometimes a danger of companies adding too much free stuff and slitting their own throats,1,joy,Nararamdaman ko na may panganib minsan na labis na magdagdag ng libreng bagay ang mga kompanya at magdulot ng kanilang sariling kapahamakan.
i don t feel like i am writing lyrics that are particularly special except that i am just hopeful that someone can connect with and get something out of what i m saying or writing about,1,joy,Hindi ko nararamdaman na ang mga lyrics na aking isinulat ay partikular na espesyal maliban na lamang sa pag-asa kong may makakakonekta at makakakuha ng kahit ano mula sa aking sinasabi o isinulat.
i didnt feel too groggy from the wine at a href http tartandheathered,0,sadness,Hindi ako masyadong nakaramdam ng antok dahil sa alak.
im a bit paranoid about being checked out and having the dorm inspected though just because thats how i always am about these sorts of things and thats making me feel anxious every time i start thinking about cleaning or packing,4,fear,"Natatakot ako na masuri at inspeksyunin ang dorm, kahit na ganito talaga ako sa mga ganitong bagay at nagdudulot ito ng kaba tuwing iniisip kong maglinis o mag-pack."
i really feel so vunerable and frightened,4,fear,Tunay akong nararamdaman ang kahinaan at takot.
im feeling a bit uncertain its comforting to me to draw these trusty old louche animals,4,fear,"Nararamdaman kong medyo hindi sigurado, nakakakomportable sa akin na iguhit ang mga matatandang, mapagkakatiwalaang, at medyo lasing na hayop na ito."
i am that were feeling more energetic and healthy overall and i swear weve been sleeping better it has been hard,1,joy,"Mas energetic at malusog ako ngayon, at pangako, mas maganda na ang tulog namin. Mahirap nga lang."
i feel fantastic physically,1,joy,Nararamdaman kong kahanga-hanga ang aking pisikal na kalagayan.
im feeling alot less grouchy and lonely today,3,anger,Mas kaunti na ang pagiging maungol at pag-iisa ko ngayon.
i feel like i mother at the expense of being productive,1,joy,Nararamdaman kong parang ina ako sa halip na maging produktibo.
i feel that it is vital that the artist has a passion for what he she does,1,joy,Mahalaga sa akin na mayroon ang artista ng pagmamahal sa kanyang ginagawa.
im just feeling so fucked up nothing can cheer me up,3,anger,"Napakasira ng pakiramdam ko ngayon, wala nang mapaganda sa akin."
i could feel her eyes on me hot on my skin,2,love,"Nararamdaman ko ang init ng kanyang tingin sa akin, parang sumusunog sa aking balat."
i feel unsure or scared i talk,4,fear,"Kapag natatakot o hindi sigurado ako, nahihirapan akong magsalita."
i dont want the big buttons simply as i dont feel bothered with nice looking button holes maybe next time i have a suspicion they could be the cause of giving up again so to avoid negativity i ordered extra large red press studs that i will attach using a decorative stitch visible from the outside,3,anger,"Ayaw ko ng malalaking pindutan dahil hindi ako nababagabag sa magandang butas ng pindutan, baka sa susunod na pagkakataon, magdududa ako na sila ang dahilan ng pagsuko ko ulit kaya upang maiwasan ang negatibong pakiramdam, nag-order ako ng malalaking pulang press studs na itatali gamit ang nakikitang dekoratibong tahi mula sa labas."
i thought i was ready for commitment for a relationship with someone but when it happens i just feel numb,0,sadness,"Akala ko handa na ako para sa isang komitment sa isang relasyon ngunit nang mangyari ito, nararamdaman ko lamang ang kawalan ng damdamin."
i just feel so damaged hurt and in severe mental and emotional pain right now,0,sadness,"Nararamdaman ko ngayon ang malalim na pinsala, sakit, at matinding pagdurusa sa aking isipan at damdamin."
i feel so doubtful about myself ever since i took this job,4,fear,Napakasalinlahi ko sa sarili ko simula nang tanggapin ko itong trabaho.
i feel that the spirit of the competition in many cases has become lost in the revenue generation machine,0,sadness,Nararamdaman kong ang diwa ng paligsahan ay nawala na sa maraming pagkakataon sa makina ng paggawa ng kita.
i now know how many muscles does the body have because i can feel each one of them aching,0,sadness,Alam ko na ngayon kung ilan ang mga kalamnan sa katawan dahil nararamdaman ko ang bawat isa sa kanila na sumasakit.
i don t feel like i am dissatisfied because i don t have things i think i am dissatisfied because not much is changing in me and i still feel bad at times,3,anger,"Hindi ako nadarama'y hindi kontento dahil wala akong mga bagay, sa palagay ko hindi ako kontento dahil hindi gaanong nagbabago sa akin at minsan pa rin ako nakakaramdam ng masama."
i think about it i find myself still shaking my head in disbelief and feeling truly disgusted,3,anger,"Iniisip ko pa rin ito, at hindi ko mapigilan ang pag-iling sa hindi makapaniwalang damdamin at tunay na pagkadismaya."
i have constantly been panicky and making a big fuss over my learning and exam results often feeling spiteful that i have lost out a mark or two to the top in class,3,anger,"Lagi akong nagiging panicky at gumagawa ng malaking gulo tungkol sa aking pag-aaral at resulta ng mga pagsusulit, madalas na nararamdaman ang sama ng loob dahil nawalan ako ng isang marka o dalawa sa nangunguna sa klase."
i am feeling more pleased over this light fixture thing than i was,1,joy,Masaya ako ngayon sa bagay na ito tungkol sa ilaw kaysa dati.
i am not feeling very clever or creative,1,joy,Hindi ako nararamdaman na napakatalino o mapagkukunang-loob.
i have not always believed that i deserved to feel this divine guidance,1,joy,Hindi ko palagi pinaniniwalaan na nararapat akong maramdaman ang ganitong banal na gabay.
i should say how i feel that he s perfect for me and this love is for real,1,joy,Dapat kong sabihin kung paano ko nararamdaman na siya ay perpekto para sa akin at totoo ang pag-ibig natin.
i visited her this morning they had her up on her feet and she was sounding quite cheerful so im feeling very pleased,1,joy,"Pumunta ako sa kanya kaninang umaga, nakaupo na siya at parang masaya ang boses niya kaya sobrang saya ko."
i feel shame but i never change it it s sweet a la la la la long i ve been watching you jajaja s,1,joy,"Nakakahiya pero hindi ko ito binabago, matamis ito, a la la la la, matagal ko nang pinapanood ka, jajaja."
i have a feeling its the kind of thing logan would have admired and hes the last person on earth would have ever betrayed that trust,2,love,Mayroon akong pakiramdam na ito ang uri ng bagay na papurihin ni Logan at siya ang huling tao sa mundo na magtataksil ng ganitong tiwala.
i wanted it to feel like all these fabulous people at an incredible party fell asleep and when they woke up the place had been a bit overtaken with lush florals and greenery,1,joy,"Gusto kong maramdaman na parang lahat ng mga kamangha-manghang tao sa isang kahanga-hangang partido ay nakatulog at nang magising sila, ang lugar ay bahagyang nasakop na ng mga malalambot na bulaklak at halaman."
one of my very good friends came to me for advice as her boyfriend had been hitting her and beating her quite harmfully,3,anger,Isa sa aking mga mabuting kaibigan ay lumapit sa akin para humingi ng payo dahil sinasaktan at binubugbog ng kanyang boyfriend nang malubha.
i came home feeling resigned,0,sadness,Umalis ako sa trabaho na parang sumusuko na.
i do jogless stripes even though its ridiculously simple to do i feel like i have super powers and have to oogle a while over the magic of it all,1,joy,"Gumagawa ako ng jogless stripes kahit na sobrang simple lang gawin, parang may superpowers ako at kailangan kong matagal na tingnan ang kababalaghan nito."
i guess im feeling a bit vulnerable and looking for some input tonight,4,fear,Siguro nararamdaman ko ngayon ang pagiging mahina at naghahanap ng ilang payo ngayong gabi.
i wouldnt feel so terrible if i allowed the hurt to get through,0,sadness,Hindi ako magiging ganito kasakit kung pinayagan kong makarating ang sakit.
i wanted to create this feeling of longing and sadness,2,love,Gusto kong likhain ang pakiramdam ng pagnanasa at kalungkutan.
i feel like im falling out of love with him in a way and not in a romantic sense,2,love,"Parang unti-unti akong nawawala sa pagmamahal sa kanya, hindi sa romantikong paraan."
i am and growing up when i was feeling unsure about myself and my feelings i would hear about actresses i looked up to being very open about it,4,fear,"Noong ako'y bata pa at nagdadalaga, kapag nag-aalinlangan ako sa aking sarili at sa aking mga nararamdaman, naririnig ko ang mga aktresang aking idolo na bukas tungkol dito."
i have some vague feeling anyway that it will probably be useful to us and if not then i could turn it into something useful,1,joy,"Mayroon akong kakaibang pakiramdam na malamang magiging kapaki-pakinabang ito sa atin, at kung hindi, maaari kong gawing kapaki-pakinabang."
i thought i might be lonely and feel isolated without my go to people a short drive away,0,sadness,Akala ko baka mag-isa ako at makaramdam ng pag-iisa nang wala ang aking mga kakilala na malapit lang sa isang maikling biyahe.
im not sure if anyone else will feel these but i was pleasantly surprised by my read of the first and second book,4,fear,Hindi ko sigurado kung mararamdaman ito ng iba pero nasiyahan ako sa pagbabasa ng unang at ikalawang libro.
i was feeling shitty inside but never show it,0,sadness,Masama ang pakiramdam ko sa loob pero hindi ko ipinakita.
i could feel myself hit this strange foggy wall,4,fear,Nararamdaman kong nabangga ko ang kakaibang maulap na pader.
i hate getting behind because then i feel pressured to get it all back up to date so i can move on to other projects,4,fear,Ayaw kong mapag-iwanan dahil nararamdaman kong may presyur na kailangang ibalik sa kasalukuyan upang makalipat sa ibang proyekto.
i am allowing myself to feel these things and not be bothered,3,anger,Pinagbibigay-daan ko ang aking sarili na maramdaman ang mga ito at hindi mag-alala.
i did blog about some really stupid stuff in the past and i cant stop feeling so embarrassed that i speak or think in that manner but i guess since this is a new phase in my life i would like to pen some thoughts down,0,sadness,"Noong nakaraan, nag-blog ako tungkol sa ilang tunay na bobong bagay at hindi ko mapigilan ang pagkahiya na nagsasalita o nag-iisip ako sa ganitong paraan, ngunit sa palagay ko, dahil ito ay isang bagong yugto sa buhay ko, gusto kong isulat ang ilang mga iniisip ko."
im tired of feeling like im worthless and like there is no future for me,0,sadness,Pagod na ako sa pakiramdam na wala akong halaga at wala akong kinabukasan.
i know that i sound like i m contradicting myself but i feel very satisfied with how i ve been doing at work,1,joy,Alam kong parang nagkakasalungat ako sa sarili ko pero sobrang kontento ako sa ginagawa ko sa trabaho.
i needs to get healthy i feel more lively and sexier than i have in years,1,joy,"Kailangan kong maging malusog, mas buhay at mas seksi ako ngayon kaysa sa mga nakaraang taon."
i feel like i ve been there and gained a sense of the everyday paranoia and the casual brutality of the time,1,joy,Nararamdaman kong naroroon na ako noon at nakakuha ng pakiramdam sa pang-araw-araw na paranoiya at karaniwang karahasan ng panahong iyon.
im feeling so popular today haha,1,joy,Parang sikat ako ngayon haha
i feel so fucking stupid for doing so,0,sadness,Napakasungit ko naman sa sarili ko dahil ginawa ko iyon.
i am feeling a bit disheartened to know that there are still a lot of things that i don t understand and questions that i don t know how to do,0,sadness,Nakakadismaya para sa akin na marami pa akong hindi naiintindihan at mga tanong na hindi ko alam kung paano sagutin.
i could feel that strange paralysis all over my body arms and hands except this odd little force field was not holding down my middle fingers forefingers or thumbs,4,fear,"Nararamdaman ko ang kakaibang paralisis sa buong katawan ko, mga bisig at kamay, maliban na lang sa mga gitnang daliri, hinlalaki, at tumbol na parang may kakaibang proteksiyon na hindi sila pinipigilan."
i persevered and km later im feeling pretty smug,1,joy,"Nagtiis ako at ilang oras matapos, nararamdaman kong medyo mapagmataas."
i am feeling fine all things considered,1,joy,"Mabuti naman ang pakiramdam ko, kung titingnan ang lahat ng bagay."
i assert it is better to feel rich than to be rich,1,joy,"Sinasabi ko, mas mabuti ang maramdaman na mayaman kaysa maging mayaman."
i feel that way but yeah i do have a problem in trusting especially guys,1,joy,"Nararamdaman ko iyon pero oo, may problema akong umasa lalo na sa mga lalaki."
i remember feeling completely hopeless and wondering what the heck i was even doing there at miss idaho with women who were totally in a different league,0,sadness,Naalala ko ang pakiramdam ng ganap na kawalan ng pag-asa at nagtatanong sa aking sarili kung ano nga ba ang ginagawa ko roon sa Miss Idaho kasama ang mga babaeng nasa ibang antas na.
i left feeling thoroughly invigorated and ready to face a new year of craft challenges so big kudos to the wonderful organizers at hello craft for a truly awesome summit,1,joy,"Umalis ako na lubos na nabigyang-sigla at handa harapin ang isang bagong taon ng mga hamon sa paggawa, kaya malaking papuri sa mga kahanga-hangang tagapag-ayos ng Hello Craft para sa isang tunay na kahanga-hangang summit."
i did yesterday is very akin to carlas work in this book so i feel it could help strengthen my drawing in this area of playful creating and help me gain confidence,1,joy,Ang aking ginawa kahapon ay halos magkatulad sa trabaho ni Carla sa aklat na ito kaya nararamdaman kong makatutulong ito upang palakasin ang aking pagguhit sa larangan ng masayang paglikha at makatulong sa akin na magkaroon ng tiwala.
i detest feeling uncertain,4,fear,Ayaw kong maramdaman ang kawalan ng katiyakan.
i dont understand why i feel so empty and hollow deep within me,0,sadness,Hindi ko maintindihan kung bakit nararamdaman kong napakalungkot at walang laman ang aking puso.
i would maybe come to feel special about the person given time,1,joy,"Baka sa paglipas ng panahon, makaramdam ako ng espesyal tungkol sa taong iyon."
i also feel that seeing how the body reacts is an important step into changing the behavior,1,joy,Nararamdaman ko rin na ang pagmamasid sa reaksiyon ng katawan ay isang mahalagang hakbang tungo sa pagbabago ng kilos.
i don t doubt that i m right in this case because i feel that you are a faithful gamer,2,love,Hindi ako nag-aalinlangan na tama ako sa kasong ito dahil nararamdaman kong isang tapat na manlalaro ka.
i feel like it my beloved burkie who i miss more than words can ever say,1,joy,"Parang si mahal kong Burkie ang nararamdaman ko, na nami-miss ko nang higit pa sa kaya sabihin ng mga salita."
i didnt used to feel so defective when younger yet i did sometimes,0,sadness,"Hindi ako dati nararamdaman na ganito kahinaan noong bata pa ako, bagama't minsan ay mayroon din."
i must be really feeling shitty if im sinking down to that level,0,sadness,Dapat talagang masama ang pakiramdam ko kung bumababa na ako sa ganung antas.
i cannot help but feel outraged to recognize that essentially children in america have no rights at all,3,anger,"Hindi ko mapigilang magalit sa pagkilala na sa katunayan, wala halos karapatan ang mga bata sa Amerika."
i feel relaxed and can just enjoy it,1,joy,Nararamdaman kong nakakarelaks at maaring mag-enjoy lamang.
i can look back likely years from now realize the impact of several lessons learned through the course of a season that just had that feel of something special and know that even if nothing in my tenure comes close to this again i will always have,1,joy,"Maaari akong tumingin pabalik marahil sa ilang taon mula ngayon, mapagtanto ang epekto ng ilang aral na natutuhan sa buong panahon na tila may kakaibang espesyal, at malaman na kahit wala nang magkakahalintulad nito sa aking panunungkulan, magkakaroon ako ng."
i feel depressed my old sexual demon returns and that banishes my despair in mad displays of wild exhibitionism april part two a href http newrhinegargoyle,0,sadness,"Nararamdaman kong malungkot, bumalik ang aking matandang demonyo sa sekswalidad at iyon ang nagpapalayas sa aking pagkabigo sa mga baliw na pagpapakita ng ligaw na pagpapakita. Abril, bahagi dalawa."
i can legitimately offer to anyone in the program somehow i feel they would be less than impressed by adrasteius and eulalias adventures tho i submit that they are fan freaking tastic,4,fear,"Maaari kong tapat na ialay ito sa sinuman sa programa, bagama't nararamdaman kong hindi sila lubos na mapapabilib sa mga pakikipagsapalaran ni Adrasteius at Eulalia, subalit naniniwala akong sila ay talagang kahanga-hanga."
i know i ll never commit incest but why it feels so much charming,1,joy,Alam kong hindi ako magkakaroon ng incest ngunit bakit parang nakakaakit ito?
i drove to class i was feeling a little apprehensive but still no sweat,4,fear,"Sumakay ako ng sasakyan papuntang klase, medyo kinakabahan ako pero wala namang problema."
i feel its a weird turn of events which is marred a bit by a slightly weird prose,4,fear,"Nararamdaman kong kakaiba ang takbo ng mga pangyayari, na medyo nasisira ng kakaibang istilo ng pagsulat."
im trying to find ways to add more sewing into my schedule without feeling completely overwhelmed,4,fear,Sinusubukan kong maghanap ng paraan para magdagdag ng mas maraming pagtahi sa aking iskedyul nang hindi ako sobra-sobrang nabibigatan.
i was feeling particulary generous today so im giving away packages instead of,1,joy,Nararamdaman kong sobrang bait ngayon kaya ibibigay ko ang mga pakete imbes na.
i am not that organised but i am feeling smug that i have at last managed to list a couple of fathers day cards in my etsy and folksy shops,1,joy,"Hindi ako gaanong maayos sa pag-aayos, pero nararamdaman kong mayabang dahil sa wakas ay nakapag-list na ako ng ilang Father's Day cards sa aking Etsy at Folksy shops."
im not trying to disagree with same sex intercourse or what to me it just feels weird gt,4,fear,"Hindi ako nagsisikap na magtalo tungkol sa pakikipagtalik ng magkaparehong kasarian o ano, para sa akin, ito'y parang kakaiba lang."
i havent exactly felt too positive lately so feel free to remind me of things ive missed in the comments if youd like,1,joy,"Hindi ko masyadong nararamdaman ang positibo kamakailan, kaya kung gusto ninyo, paki-alala niyo sa mga komento ang mga bagay na napalampas ko."
i would feel so pissed off,3,anger,Magagalit ako ng sobra.
i am just feeling that i really want to treat my parents nicely and i did it somehow as for him i need to be more generous as don t get jealous easily rawr i am a person with strong possession,2,love,"Gusto ko lang maramdaman na talagang gusto kong pakitunguhan nang mabuti ang aking mga magulang at nagawa ko iyon sa isang paraan. Para sa kanya, kailangan kong maging mas mapagbigay at huwag madaling mag-inggit. Rawr, ako ay isang taong may malakas na pagmamay-ari."
i came out of the movie feeling like i had a bunch to learn from the character i just played and then i came to the unfortunate conclusion that he was a fictional character and he didn t exist,0,sadness,"Lumabas ako sa sinehan na parang may maraming dapat matutunan mula sa karakter na aking ginampanan, at saka dumating ang malungkot kong konklusyon na siya ay kathang-isip lamang at hindi umiiral."
ive continued to feel energetic most of the time and am trying to keep up my times of working out per week did the jillian workout this week and was very sore,1,joy,Patuloy akong nakakaramdam ng enerhiya karamihan sa oras at sinusubukan kong panatilihin ang aking iskedyul ng pag-eehersisyo bawat linggo. Ginawa ko ang Jillian workout ngayong linggo at sobrang sakit ng katawan ko.
i started to feel crappy,0,sadness,Nagsimulang magkasakit ako.
i kneels in front of the bed and lower his head above the older man s crotch and ni ya is surprised to feel tender kisses planted on his hips and inner thighs,2,love,"Nakipag-ugnayan siya sa harap ng kama at ibinaba ang ulo sa itaas ng kili-kili ng matanda, at nabigla si Niya nang maramdaman ang malambot na halik na inilagay sa kanyang baywang at mga hita."
i never know if theres enough light to properly expose the photo and i feel like often i end up with dull images that disappoint,0,sadness,Hindi ko alam kung sapat ang liwanag para maayos na i-expose ang larawan at parang madalas akong nagtatapos sa mga madilim na imahe na nakakadismaya.
i feel smart intelligent and then i look at somebody with a masters degree and it all crumbles inside,1,joy,"Nararamdaman kong matalino at mahusay, ngunit kapag nakikita ko ang isang taong may master's degree, parang nabubulok lahat sa loob ko."
i am feeling stressed or overwhelmed i have come to rely on those who i have met here mostly from the so club,3,anger,"Nararamdaman kong stressed o sobra ang bigat, kaya umasa ako sa mga nakilala ko rito, karamihan sa So Club."
i would cry scream kick at the door and feel terrified,4,fear,"Umiiyak, sisigaw, tatapakan ang pinto, at matatakot ako."
i feel awful for making this all about me and my flawed academia instilled value system but my brain won t shut up about it,0,sadness,"Napakasama kong pakiramdam dahil ginawa kong lahat tungkol sa akin at sa aking may-depekto at akademikong sistema ng halaga, ngunit hindi tumitigil ang aking utak na pag-usapan ito."
is eyes its questionable whether shes feeling gracious today,2,love,Hindi malinaw kung siya ay nakaramdam ng magalang ngayon.
i started to get this feeling of longing when i looked at the quilts on display,2,love,Nagsimulang maramdaman ko ang pag-aalinlangan nang tingnan ko ang mga kumot na ipinapakita.
i like to use pineapple grapes watermelon and berries add some fresh chopped mint for a cool refreshing flavor and if youre feeling festive you can even add a little liqueur like coconut rum or drambuie,1,joy,"Gustung-gusto kong gamitin ang pinya, ubas, pakwan, at mga berry; idagdag ang sariwang tinadtad na mint para sa malamig at nakakapagpasiglang lasa, at kung gusto mong maging masaya, maaari kang magdagdag ng kaunting alak tulad ng coconut rum o drambuie."
i keep feeling that im unloved unwanted unimportant in everyones eyes at all,0,sadness,"Lagi kong nararamdaman na hindi ako minamahal, hindi ako hinahanap, at hindi ako mahalaga sa paningin ng lahat."
i feel super bad because i miss the blogging world miss reading everyones blogs miss documenti,1,joy,"Napakasama ng pakiramdam ko dahil nami-miss ko ang mundo ng pagsusulat ng blog, nami-miss kong basahin ang bawat blog, nami-miss kong mag-dokumento."
i was and am feeling honored to shoot for ffayths new collection,1,joy,"Nararamdaman ko ang karangalan, noon man at ngayon, sa pagkuha ng mga litrato para sa bagong koleksyon ng ffayths."
i feel a little disturbed by the wire in the background i just posted it because i think the light is better than in spot,0,sadness,"Nararamdaman kong medyo nababagabag ako sa alambre sa likuran, pero inilagay ko pa rin ito dahil sa tingin ko mas maganda ang liwanag kaysa sa spot."
i do feel something of an aversion to it within maybe because i still feel like its a vain thing or that i may be seeking some sort of outer affirmations from others who might stumble upon it ive mentioned this before but the truth is who cares about all that,0,sadness,"Nararamdaman ko ang isang uri ng pag-iwas dito marahil dahil sa pakiramdam ko pa rin na walang saysay ito o baka hinahanap ko ang ilang uri ng panlabas na pagsang-ayon mula sa mga maaaring makasalubong dito. Sinabi ko na ito dati ngunit ang totoo, sino ba ang pakialam doon."
im feeling particularly brave my armpits but common sense be damned,1,joy,"Partikular na matapang ako ngayon sa aking kili-kili, kahit na ang katwiran ay wala nang saysay."
i don t feel the least bit regretful about it,0,sadness,Hindi ako nakaramdam man lang ng kahit anong pagsisisi tungkol dito.
i know ill feel shitty the whole time,0,sadness,Alam kong magiging masama ang pakiramdam ko habang buong panahon.
i still feel uncertain with many new paths i must travel and as lost as i feel sometimes i am sure heavenly father is lifting me up and helping me to feel joy in the things that matter most,4,fear,"Nararamdaman ko pa rin ang kawalan ng katiyakan sa maraming bagong landas na aking tatahakin, at kahit minsan ay nadarama kong nawawala, tiyak akong ang Ama sa Langit ay nagtataas sa akin at tumutulong sa akin na maramdaman ang kagalakan sa mga bagay na pinakamahalaga."
i wrote my last post i was feeling extremely regretful about the end of our relationship,0,sadness,"Nang isulat ko ang aking huling post, nararamdaman kong lubos na nagsisisi tungkol sa wakas ng ating relasyon."
i was curious why paying for two large sandwiches would make him feel respected,1,joy,Nag-aalala ako kung bakit ang pagbabayad para sa dalawang malalaking sandwich ang nagpaparamdam sa kanya na nirerespeto.
im really happy with the pregnancy support and would recommend it to anyone whos really feeling like their suffering with back and abdomen aches and pains in pregnancy,0,sadness,Tunay akong masaya sa suporta para sa pagbubuntis at irerekomenda ko ito sa sinumang tunay na nakakaranas ng paghihirap dahil sa sakit ng likod at tiyan sa panahon ng pagbubuntis.
i really need something that make me feel cute and ready to blog and this look really make my fashion juices into work with my vintage necklace and new bracelets like this bracelet from fleet i got a it a week ago and have wearing ever since,1,joy,"Talagang kailangan ko ng isang bagay na magpaparamdam sa akin na cute at handa nang mag-blog, at ang itsura na ito ay talagang nagpapasigla sa aking fashion juices kasama ang aking vintage necklace at mga bagong pulseras, tulad ng pulseras na ito mula sa Fleet na nakuha ko isang linggo na ang nakalilipas at isinusuot ko mula noon."
i have a feeling that i should post some sort of content on here for you blog hoppers to possibly comment about,1,joy,May pakiramdam akong dapat akong mag-post ng kahit anong nilalaman dito para sa mga blog hoppers na posibleng magkomento.
i hate feeling so indecisive about things because i keep my emotions under lock and key,4,fear,Ayaw kong maramdaman ang ganitong pag-aalinlangan dahil itinatago ko ang aking damdamin.
i just carry that feeling around that things are really rich,1,joy,Lagi kong nadarama na ang mga bagay ay tunay na mayaman.
i feel they look at those products because they are so popular and that they are so widely talked about in everyday life,1,joy,Nararamdaman kong tinitingnan nila ang mga produkto dahil sikat ito at madalas itong pag-usapan sa pang-araw-araw na buhay.
i counsel people who are in abusive relationships i have prided myself with understanding how they feel being a supportive resource because i get it,2,love,Pinagbibigyan ko ng payo ang mga taong nasa relasyon na may pang-aabuso. Pinagmamalaki ko ang aking kakayahang maunawaan ang kanilang nararamdaman at maging isang mapagkalingang suporta dahil naiintindihan ko sila.
ive lost pounds in weeks and have lots of energy and feel terrific i exercise on the treadmill for about minutes days week,1,joy,"Nawala ako ng ilang libra sa loob ng ilang linggo at marami akong enerhiya at pakiramdam ko'y mahusay. Nag-eehersisyo ako sa treadmill ng mga minuto, araw-araw sa isang linggo."
i have to feel that the person is being truthful with me,1,joy,Kailangan kong maramdaman na tapat ang tao sa akin.
i really didnt feel like going to yet another womens conference it was a wonderful event and i am glad that i went,1,joy,"Talagang ayaw kong pumunta sa isa pang konbensiyon para sa mga babae, ngunit ito ay isang magandang kaganapan at masaya akong pumunta."
i feel selfish but she would insist,3,anger,Nararamdaman kong makasarili ako ngunit siya ay matiyaga.
i had that feeling in a very very long while and i couldnt decide whether i liked it or not,2,love,Naramdaman ko iyon pagkatapos ng napakatagal na panahon at hindi ko mapagdesisyunan kung gusto ko ba iyon o hindi.
i feel adventurous i even pop a a href http dianam,1,joy,"Nararamdaman kong mahilig akong mag-eksperimento, kaya nga nag-click pa ako ng link na ito."
i feel very glad as in facebook we have many cricket related pages which are providing news views score update of cricket and website like cricnepal cricket,1,joy,"Napakasaya ko dahil sa Facebook, maraming pahina tungkol sa kriket na nagbibigay ng balita, pananaw, resulta ng mga laro, at mga website tulad ng CricNepal at Cricket."
i dont know why but recently i feel really extremely exhausted i feel like i am going to faint at any moment lll i never felt like this before i feel so weak,0,sadness,"Hindi ko alam kung bakit pero kamakailan, sobrang pagod na ako parang malalaglag ako anumang oras. Hindi ko naranasan ito noon, sobrang mahina ako."
i feel like it blog april a wonderful spring weekend filed under a href http karmardav,1,joy,"Nararamdaman kong maganda ang blog na ito noong Abril, isang kahanga-hangang tagsibol na weekend na nakategorya sa a href http karmardav."
i channel was not yet assured i get the feeling they just went from broke on this one,0,sadness,"Hindi pa sigurado ang aking channel, parang biglang nagkulang sila sa pondo para dito."
i don t have that much money and as i say that i once again feel so fake and unappreciative because i have so much more than the other of this world,0,sadness,"Wala akong gaanong pera at habang sinasabi ko ito, muli akong nadarama na pekeng at hindi nagpapasalamat dahil mayroon akong higit pa sa iba sa mundo."
i was feeling on the inside my face broke out really bad i had a rash on my eyelids that left them red and peeling thank you harsh pool chemicals and my mouth was i think experiencing some sort of allergic reaction to something i ate,0,sadness,"Nararamdaman ko sa loob na nagkaroon ako ng malubhang pantal sa mukha, may pantal din ako sa mga takipmata na nag-iiwan ng pula at peeling, salamat sa matinding kemikal ng pool, at sa tingin ko ay may reaksiyong alerhikong naranasan ang aking bibig sa isang kinain kong pagkain."
im feeling pretty shaken at the moment,4,fear,Nararamdaman kong medyo nababagabag ako ngayon.
i kicked myself repeatedly over the next hours for feeling so ungrateful,0,sadness,Pinagmumura ko ang sarili ko nang paulit-ulit sa mga susunod na oras dahil sa aking pagiging hindi nagpapasalamat.
i definitely feel he should get a title supporting and the picture for once,1,joy,Tiyak kong nararapat na siya ay makatanggap ng isang titulo na nagpapakita ng suporta at ng larawan sa wakas.
i should be dead since ive been out of this for a couple of months but i feel the pain every time i go to reach for that empty bottle i just cannot bear to throw out,0,sadness,"Dapat ako'y patay na dahil ilang buwan na akong wala rito, ngunit nararamdaman ko ang sakit tuwing hahanapin ko ang walang laman na bote, hindi ko kayang itapon."
i see anything that would cause me to feel fearful or distrustful of him,4,fear,Nakikita ko anumang bagay na magdudulot sa akin ng takot o kawalan ng tiwala sa kanya.
i feel reassured to know that i have some good luck in this world,1,joy,Nakakagaan ng loob kong malaman na mayroon akong kaunting suwerte sa mundo.
i started feeling intimidated by the thought,4,fear,Nagsimulang akong makaramdam ng pag-aalinlangan sa isipan.
i am feeling rather jaded because i have always believed falsely it seems that if one has the true love of christ charity in one s heart for people that everything else is secondary since charity is touted as being the most important thing to have,0,sadness,"Nararamdaman kong medyo pagod dahil lagi kong pinaniniwalaan, tila mali pala, na kung may tunay na pag-ibig ni Kristo, ang pagmamahal sa kapwa sa puso, lahat ng iba ay pangalawa dahil ang pagmamahal ay itinuturing na pinakamahalaga."
i get to the other side of months and possibly extend than it does to drink that wine and wake up feeling sad that i didnt finish what i started,0,sadness,Nakakarating ako sa kabilang dulo ng mga buwan at posibleng mas matagal pa kaysa sa pag-inom ng alak at gising na may lungkot na hindi ko natapos ang aking sinimulan.
i still cognize that disregarding of how i feel this jesus thing is real and he has shaken my cosmos for the last about yearses,4,fear,"Alam ko pa rin na kahit hindi mo pansinin ang nararamdaman ko, ang bagay na ito tungkol kay Hesus ay totoo at siya ay nagpabago sa aking mundo sa nakalipas na mga taon."
i had a real life pet hamster when i was little so i really like this little family sylvanian families are great for role play learning about animals creating your own stories and their flocked fur makes them feel very special,1,joy,"Noong bata pa ako, may tunay na alagang hamster ako kaya talagang gusto ko ang maliit na pamilya na ito. Ang Sylvanian Families ay maganda para sa role-playing, pag-aaral tungkol sa mga hayop, paglikha ng sariling kwento, at ang kanilang balahibo ay parang tunay na ginagawa silang espesyal."
im really feeling hot comfort foods this week,2,love,Talagang gustong-gusto kong kainin ang mga nakakakomportable at mainit na pagkain ngayong linggo.
i was involved in zenos story i only casually mentioned that it would make a good novel but now i really feel passionate about the idea,1,joy,"Naging bahagi ako ng kwento ni Zeno, simpleng nabanggit ko lang noon na magandang nobela iyon, pero ngayon tunay na nasusunog na ang aking damdamin para sa ideyang iyon."
i feel affectionate toward the friends ive made online and admire their spirits and talents,2,love,Nararamdaman kong may pagmamahal ako sa mga kaibigan kong nakilala online at hinahangaan ko ang kanilang kalooban at talento.
i feel appreciative of everything,1,joy,Nakakatuwa akong maramdaman ang pasasalamat sa lahat ng bagay.
i really love it when i walk into a home and just feel really welcomed,1,joy,Talagang minamahal ko kapag pumasok ako sa isang tahanan at nararamdaman ang tunay na pagtanggap.
i admit i walked into third wave cafe feeling a little apprehensive but what appeared to be a run of the mill cafe turned out to be a restaurant with great personality and even greater food,4,fear,"Aminin ko, pumasok ako sa Third Wave Cafe na medyo kinakabahan, pero ang tila ordinaryong cafe ay pala ay isang restawran na may malakas na karakter at masarap pang pagkain."
i spent a few days feeling defeated and wondering how much better i can expect myself to get,0,sadness,Nagdaan ako ng ilang araw na parang natalo at nagtatanong kung gaano pa ako magiging mabuti.
i feel honored that you would think of me as inspiring,1,joy,Nararamdaman kong iginagalang na isipin ninyo akong inspirasyon.
i think that a lot of times what women perceive as a problem with their husband is actually a symptom of the fact that and yes im about to bust out a generalization so feel free to tell me how your case is different men are problem solvers,1,joy,"Sa tingin ko, maraming beses ang itinuturing na problema ng mga babae sa kanilang asawa ay aktwal na sintomas ng katotohanan na—at oo, handa akong magbigay ng pangkalahatang pahayag kaya't malaya kayong sabihin kung iba ang inyong kaso—ang mga lalaki ay mga solusyonista."
i feel really horny when i wear them they hug my c k balls really nicely,2,love,"Nararamdaman kong sobrang init kapag suot ko sila, mahigpit silang yakap sa aking mga balat ng ari."
i usually feel angered by this mad that my body could be betraying me in this way mad that a whole week out of every four is spent wasted,3,anger,"Karaniwan akong nagagalit dahil sa galit na maaaring niloloko ako ng aking katawan sa ganitong paraan, galit na isang buong linggo sa bawat apat ay nasayang."
im feeling a lot more appreciative today,1,joy,Mas maraming pasasalamat ang nararamdaman ko ngayon.
i feel like im being petty about this,3,anger,Parang pinag-iinitan ko na ang usaping ito.
i do feel more special than i did when i was single,1,joy,Mas nadarama kong espesyal ngayon kaysa noong single pa ako.
i just focus on my sermon itself and think about all of the research and writing and practicing that lies ahead of me i feel burdened,0,sadness,"Nakatuon lamang ako sa aking sermón at iniisip ang lahat ng pananaliksik, pagsusulat, at pagsasanay na nasa harapan ko, at nararamdaman kong mabigat ang aking pasanin."
i feel permanently unimportant and i feel stupid,0,sadness,Nararamdaman kong permanente akong hindi mahalaga at tanga.
i first held my scotty i knew i was in love with my high priced bundle of joy but i couldnt help feeling apprehensive about what the time to come holds,4,fear,"Nang una kong hawakan ang aking Scotty, alam kong minamahal ko na ang aking mahalagang kagamitan, ngunit hindi ko mapigilan ang pag-aalala tungkol sa mga darating na araw."
i still feel cute in my tight little work out pants and snug t shirt,1,joy,Parang cute pa rin ako sa aking mahigpit na leggings at komportableng t-shirt.
i don t mean to behave so cut off but i feel so lethargic to utter one single word to anyone,0,sadness,"Hindi ko intensyon na kumilos nang ganito kalayo, pero nararamdaman kong sobrang pagod na magsalita kahit isang salita sa kahit kanino."
i feel absolutely amazing,4,fear,Nararamdaman kong sobrang ganda.
i realize that this conversation can make some people feel paranoid or upset generally,4,fear,Napagtanto ko na maaaring magdulot ng pagkabalisa o pangkalahatang pag-aalala ang ating usapan sa ilang tao.
i felt i got to feel more appreciative for people,1,joy,Naramdaman kong mas dapat akong magpasalamat sa mga tao.
i was feeling pretty discontent after that,0,sadness,Nararamdaman kong hindi ako masaya pagkatapos noon.
i have become a mother and my body has changed so much but following this style i still feel gorgeous and more confident than ever,1,joy,"Naging ina na ako at napakaraming pagbabago ang aking katawan ngunit sa pamamagitan ng istilo kong ito, nararamdaman ko pa rin ang aking kagandahan at mas determinado kaysa dati."
i feel i need to change that pattern so that i can stand up for myself and learn to be supportive,2,love,Nararamdaman kong kailangan kong baguhin ang ganitong ugali upang makatayo ako para sa aking sarili at matutong maging mapagkalinga.
im sure most moms have already figured this out but i feel like such a more joyful person,1,joy,Sigurado akong karamihan sa mga ina ay nakahanap na nito ngunit nararamdaman kong mas masaya bilang isang tao.
i envy those couple who cant wait to get married and feel so pleased that they are eventually married,1,joy,Iniinggit ko ang mga mag-asawang hindi maghintay na ikasal at lubos na nasisiyahan na sa wakas ay nagpakasal na.
i feel like we were successful in the creation of the mural as it would enhance the working environment of the school and will add motivation to the children as well as experience to everyone who was involved,1,joy,Nararamdaman kong matagumpay tayo sa paglikha ng mural dahil ito ay magpapaganda ng kapaligiran sa paaralan at magbibigay inspirasyon sa mga bata pati na rin karanasan sa lahat ng sangkot.
i feel lousy on what happen,0,sadness,Masama ang pakiramdam ko sa nangyari.
i always feel overwhelmed with a mixture of feelings while listening to these songs,4,fear,Lagi akong nadaramaang napakarami ng emosyon habang nakikinig sa mga kanta na ito.
i want to feel amazed a little more often,4,fear,Gusto kong maramdaman ang pagkamangha nang mas madalas.
i was starting to feel scared for both of their safety and i wish those officers hadn t left no matter how much i hated them,4,fear,Nagsisimula akong matakot para sa kanilang kaligtasan at sana'y hindi umalis ang mga pulis kahit gaano ko sila kasuklam-suklam.
i loved feeling lily move and have missed it so much,0,sadness,"Napakaganda ng pakiramdam na maramdaman ang paggalaw ni Lily, at sobrang nami-miss ko na iyon."
i feel proud in my ability to simply comprehend what was painstakingly discovered through rigorous experiments and ingenious theories,1,joy,Nararamdaman kong ipinagmamalaki ang aking kakayahan na maunawaan ang mga natuklasan na mahirap makamit sa pamamagitan ng masusing eksperimento at mahusay na teorya.
i feel overwhelmed they might say my stomach hurts or my head hurts,4,fear,"Nararamdaman kong sobra na, baka sabihin nila may sakit ang tiyan ko o ang ulo ko."
i feel devastated right now,0,sadness,Napakasakit ng pakiramdam ko ngayon.
i was feeling a bit miserable and the only thing that could cheer me up is some good old baking,0,sadness,Nararamdaman ko ang kaunting kalungkutan at ang tanging makapagpapasaya sa akin ay ang pagluluto ng mga masarap na pagkain.
i kind of feel like i should be investing in a how to internet for dummies type book but im really not bothered by my status as an internet pariah,3,anger,"Parang dapat akong mag-invest sa isang ""Internet para sa mga Baguhan"" na libro, pero hindi ako gaanong nababahala sa aking katayuan bilang isang internet pariah."
i lve the fact that yu genuinely feel scared when playing this game,4,fear,Gustung-gusto ko na tunay kang natatakot kapag naglalaro nito.
i shook my head feeling dazed,4,fear,"Umiling ako, parang nabighani."
i met people from every corner of the globe so now when i am feeling restless and my finances will allow me i am can pick a spot see people that i really care about and have an adventure with them in their homelands,4,fear,"Nakilala ko ang mga tao mula sa bawat sulok ng mundo kaya ngayon kapag nararamdaman kong magulo ang aking isipan at kayang-kaya ng aking pinansiyal na kalagayan, maaari akong pumili ng lugar, makita ang mga taong mahal ko, at magkaroon ng pakikipagsapalaran kasama nila sa kanilang bayan."
i feel ungrateful and petty if i try and talk to people about it,0,sadness,Nararamdaman kong hindi ako nagpapasalamat at maliit ang aking isipan kung subukang pag-usapan ito sa mga tao.
i want to believe its how my kids will feel whenever i become rich and famous and move on to the mansion that is waiting for me,1,joy,Gusto kong maniwala na ganito ang mararamdaman ng aking mga anak kapag ako ay yumaman at sikat at lumipat sa mansyon na naghihintay sa akin.
i open my eyes wide and i feel the last bubble of precious air escape from my lips then everything goes black,1,joy,"Binubuksan ko ang aking mga mata nang malawak at nararamdaman ko ang huling bula ng mahalagang hangin na lumalabas sa aking mga labi, saka lahat ay nagdidilim."
i feel determined even if nervous about the unknown future its perhaps even a bit thrilling,1,joy,"Nararamdaman kong determinado kahit kinakabahan sa hindi pa alam na kinabukasan, marahil medyo nakakakilig pa nga."
i feel contented but i m going to bet that i ll hate life tomorrow i hide a lot of things,1,joy,"Nararamdaman kong kontento ako ngunit aasa akong iiinggit ako sa buhay bukas, itinatago ko ang maraming bagay."
i tell her how i feel i ll be punished,0,sadness,"Sinabi ko sa kanya ang aking nararamdaman, ngunit parurusahan ako."
i never want the audience to feel punished preached at or sorry for me,0,sadness,"Ayaw kong maramdaman ng mga manonood na pinarusahan, pinagsalitaan ng sermon, o nakakaawa ako."
i still feel like its a terrific pistol at a fantastic price,1,joy,Parang magaling pa rin itong baril sa isang kahanga-hangang presyo.
i feel some weird plantar fascitis y thing,4,fear,Nararamdaman ko ang kakaibang pananakit sa plantar fasciitis.
i didnt feel insulted though,3,anger,Hindi naman ako nadamay.
i feel like i m in the movie dangerous minds,3,anger,Parang nasa pelikula na Dangerous Minds ako.
i also tended to either attract drama or not know how to handle it before people got their feelings hurt or not really know how to prevent or deal with conflict in the groups,0,sadness,"Dati rin akong umaakit ng drama o hindi alam kung paano ito harapin bago pa man masaktan ang damdamin ng mga tao, o hindi ko talaga alam kung paano maiwasan o lutasin ang mga alitan sa grupo."
ill just say it i feel horrible about my body,0,sadness,"Sasabihin ko na lang, masama ang pakiramdam ko tungkol sa aking katawan."
id love to know in the comments i feel like its a funny thing but i always love reading about how people schedule their days,4,fear,"Gusto kong malaman sa mga komento, parang nakakatawa pero lagi akong nasisiyahan sa pagbabasa kung paano nag-schedula ng kanilang araw ang mga tao."
i cant quite put my finger on it yet the reason why i feel so listless,0,sadness,Hindi ko pa lubos maisip kung bakit ako nararamdaman ang ganitong kawalan ng gana.
i also feel overwhelmed by to do lists,4,fear,Nadarama ko rin ang pagod dahil sa mga listahan ng mga dapat gawin.
i spoke with reported feeling dissassociated and dissatisfied with their human lives,3,anger,Nagsalita ako sa isang taong nag-ulat na nararamdaman ang paghihiwalay at kawalan ng kasiyahan sa kanilang buhay bilang tao.
i really feel quite honoured to represent my country,1,joy,Tunay akong nabighani na kumakatawan sa aking bansa.
i am feeling pretty shaky and sad,4,fear,Nararamdaman kong medyo mailap at malungkot.
i really can carry a grudge for a long time against those i feel have wronged or hurt me in someway whether they are aware of it or not,3,anger,"Talagang matagal kong naiingatan ang sama ng loob sa mga taong sa tingin ko ay nagkasala o nagdulot ng sakit sa akin, kahit alam nila o hindi."
i feel it s because we re unsure how we can help,4,fear,Nararamdaman ko na dahil hindi sigurado kung paano kami makakatulong.
i feel like that s a pretty valuable lesson to have walked away with,1,joy,Parang mahalagang aral ang natutunan ko rito.
i can feel it running through my veins and at the end is an unpleasant sight,0,sadness,Nararamdaman ko itong dumadaloy sa aking mga ugat at sa huli ay nakikita ang isang hindi kanais-nais na tanawin.
i know i need sleep feeling dissatisfied with myself for what i ve yet to accomplish instead of glowing with pride at all i ve done,3,anger,"Alam kong kailangan kong matulog, ngunit hindi ako nasiyahan sa aking sarili dahil sa mga hindi ko pa nagagawa, sa halip na mapagmamalaki sa lahat ng aking nagawa."
i am feeling a little nostalgic about it,2,love,Nararamdaman ko ang kaunting pag-nostalya tungkol dito.
im most expressive when i feel distraught,4,fear,Pinakamalinaw ang aking pagpapahayag kapag ako'y nalulungkot.
i recommend the jasmine green tea teapot service but didn t feel like having a cheese and tomato sandwich pretzel or donut though i could probably be convinced img src http s,1,joy,"Inirerekomenda ko ang jasmine green tea teapot service ngunit hindi ako sa pakiramdam na kumain ng cheese at tomato sandwich, pretzel, o donut bagamat marahil maaari akong hikayatin."
i think my body has recovered and i feel excited to go downstairs for the start of the weeks workout,1,joy,Akala ko'y gumaling na ang katawan ko at nasisiyahan akong bumaba para sa simula ng lingguhang ehersisyo.
i made justin feel pretty miserable last night im sure,0,sadness,"Nagpahirap ako kay Justin kagabi, sigurado ako."
i know this wont make me a better person this feeling wont help me this wont make me successful,1,joy,"Alam kong hindi ito magpapaganda sa akin bilang tao, hindi ito makakatulong sa akin, at hindi rin ito magpapasikat sa akin."
i think the protection part is the part where i feel some has abused it more than the other reasons intended for the rights to bear arms,0,sadness,"Sa tingin ko, ang bahagi ng proteksyon ang pinaka-aabuso ng mga tao kumpara sa ibang dahilan para sa karapatan magtaguyod ng armas."
i feel privileged to be their mommy,1,joy,Nararamdaman kong isang karangalan na maging kanilang ina.
i did feel clever when i taunted a friend of mine with my knowledge,1,joy,Naramdaman kong matalino nang pang-asar ko ang isang kaibigan ko gamit ang aking kaalaman.
i am not okay with feeling annoyed at myself and at life all the time,3,anger,Hindi ako komportable sa pakiramdam na lagi akong naiirita sa sarili ko at sa buhay.
i feel that it is my duty to athf and their devoted fan base to show my support,2,love,Nararamdaman kong tungkulin kong ipakita ang aking suporta sa ATHF at sa kanilang mga tapat na tagahanga.
im feeling paranoid im well aware of the governments tactics and if they put it on the books they want to use it,4,fear,"Paranoiac ako, alam kong mabuti ang mga taktika ng gobyerno at kung isusulat nila ito sa batas, gagamitin nila ito."
i totally and completely feel free doing that is amongst like minded souls,1,joy,Ganap akong nakaramdam ng kalayaan sa paggawa nito kasama ang mga taong may katulad na pananaw.
i hate for anyone to ever feel left out awkward or less than,0,sadness,"Ayaw kong maramdaman ng kahit sino na iniwan, nahihiya, o mas mababa."
i know that i feel more successful now writing a blog in my sweatpants while my baby sleeps on me than i did when i commuted on trains and ferries with a business card in the pocket of my armani blazer,1,joy,Alam kong mas matagumpay ako ngayon habang sumusulat ng blog sa aking sweatpants habang natutulog ang aking sanggol sa akin kaysa noong naglalakbay ako sa tren at barko gamit ang aking business card sa bulsa ng aking Armani blazer.
i feel slightly awful,0,sadness,Nararamdaman kong medyo masama.
i still feel a little bit listless but im coping with it by getting as much work done as possible to distract myself and trying not to overthink anything,0,sadness,"Parang medyo pagod pa rin ako, pero nakakapagtrabaho ako nang masipag para makalimutan at hindi masyadong mag-isip ng kung ano-ano."
ill admit i feel slightly disillusioned here,0,sadness,"Aminin ko, medyo nabigo ako rito."
i feel pain or aching in can stop,0,sadness,Nararamdaman ko ang sakit o pananakit na maaaring huminto.
i m feeling very much relax and calm,1,joy,Napakarelaks at nakakapang-calm ng pakiramdam ko.
i feel stressed out i would watch movies alone or just walk on the streets alone,3,anger,Nararamdaman kong stressed kaya nanonood ako ng mga pelikula mag-isa o naglalakad lang sa kalye mag-isa.
i do feel sympathetic to the parties involved now that their careers are down the drain,2,love,Nakaramdam ako ng simpatiya sa mga sangkot ngayon na ang kanilang mga karera ay nasira na.
i was feeling annoyed suddenly,3,anger,Bigla akong nag-inis.
i feel like disbanding this popular server would let down the community and him which seems very selfish of me,1,joy,"Parang paghihiwalay ko sa sikat na server na ito ay magpapabagsak sa komunidad at sa kanya, at tila makasarili iyon sa akin."
i read the lad mags and sip herbal tea and leave feeling terrific,1,joy,Binabasa ko ang mga lad mags at umiinom ng herbal tea at umuuwi na parang nabigyan ng bagong buhay.
i don t think i d feel this way so often if teachers were more respected and allowed to have more autonomy,1,joy,Hindi ko akalaing madalas akong maramdaman ito kung mas nirerespeto at binibigyan ng higit na kalayaan ang mga guro.
i remember feeling so inadequate as i stood there and they thanked me because of your purchases,0,sadness,Naalala ko ang pakiramdam na sobrang kulang ako habang nakatayo ako roon at nagpapasalamat sila sa akin dahil sa inyong mga bili.
i keep telling myself ill feel like celebrating when ive passed my boards date still to be determined,1,joy,"Lagi kong sinasabi sa sarili ko na magce-celebrate ako kapag nakapasa na ako sa board exam, ang petsa pa ay hindi pa natutukoy."
im always disappointed that no ones perceptive enough but then again if im worried about people watching me then should i feel disappointed at myself for not watching them,0,sadness,"Lagi akong nabibigo na walang nakakapansin, pero pag-iisipan ko, kung ako'y nag-aalala sa mga nakatingin sa akin, dapat ba akong magdismaya sa aking sarili dahil hindi ko sila pinapanood?"
i have so much to be thankful for so to feel jealous of a skinny girl with a seemingly disposable income who is shopping at the mall seems so,3,anger,May napakaraming dapat akong ipagpasalamat kaya ang magkaroon ng inggit sa isang payat na babae na may tila madaling mawala na pera at bumibili sa mall ay tila...
im feeling optimistic right now so ill project that out here,1,joy,Nararamdaman kong positibo ngayon kaya ipapalabas ko iyon dito.
i shall never rest until each and every ukrainian will feel that he she is a precious part of an inclusive ukrainian society whose historical roots have always been diverse and multi national language issue,1,joy,Hindi ako matutulog hanggang sa bawat isa sa mga Ukrainian ay maramdaman na siya ay isang mahalagang bahagi ng isang inklusibong lipunang Ukrainian kung saan ang kasaysayan ay laging nagmula sa iba't ibang pinagmulan at maraming wika.
i settle in other ways based on feeling worthless,0,sadness,Nakakahanap ako ng paraan para magpatuloy kahit na nararamdaman kong walang halaga.
i feel more adventurous willing to take risks img src http cdn,1,joy,Nararamdaman kong mas mahilig sa pakikipagsapalaran at handang kumuha ng mga panganib.
i feel god can be humorous and creative and just so awesome,1,joy,"Nararamdaman kong mapagbiro, mapagkalingain, at talagang kahanga-hanga si Diyos."
i just feel humiliated and stupid that i didnt realize that all these things were only pushing you farther away from me,0,sadness,Nararamdaman ko lang ang kahihiyan at kaisipan na hindi ko napansin na lahat ng ito ay papalayo lamang sa iyo sa akin.
as in sadness a,3,anger,gaya ng kalungkutan.
i feel to being distracted with things that take up my attention or interests that keep me from more focused times of prayer and reading his word,3,anger,Nararamdaman kong nababaling ang aking pansin sa mga bagay na nakakakuha ng aking atensyon o interes na pumipigil sa akin na magkaroon ng mas nakatuon na panahon sa panalangin at pagbabasa ng kanyang salita.
i should feel thankful or totally pani,1,joy,Dapat akong maramdaman ang pasasalamat o ganap na pani.
i feel so lucky to live where i do,1,joy,Napakaswerte ko na nakatira dito.
i stated in the class discussions the school discourages the use of im reference at the library because they feel that it will be abused,0,sadness,Sinabi ko sa mga talakayan sa klase na ipinagbabawal ng paaralan ang paggamit ng IM reference sa aklatan dahil sa kanilang paniniwala na ito ay maaaring abusuhin.
i feel completely lost,0,sadness,Nararamdaman kong lubos akong nawawala.
i feel much peaceful today,1,joy,Mas mapayapa ako ngayon.
i love being comfy that is my main goal when i look for new clothes i cannot stand feeling uncomfortable in something,4,fear,"Mahal ko ang maging komportable, iyon ang aking pangunahing layunin kapag naghahanap ako ng mga bagong damit; hindi ko kayang tiisin ang pakiramdam na hindi komportable sa isang bagay."
i feel your loving presence everywhere,2,love,Nararamdaman ko ang iyong mapagmahal na presensya sa lahat ng dako.
im ever feeling stressed i whack heart on black on and it kicks me back into shape,0,sadness,"Lagi akong nagiging stressed, pero kapag pinindot ko ang puso sa itim, bumalik ako sa tamang anyo."
i feel so very honored that they asked little ol me,1,joy,Napakagagaling kong maramdaman na sila ay humingi sa maliit kong sarili.
ive heard it so many times already im already feeling skeptical of whatever they say,4,fear,Maraming beses ko nang narinig iyon kaya nag-aalinlangan na ako sa sinasabi nila.
i always feel so lucky that the participants love it too,1,joy,Lagi akong nakakaramdam ng swerte na mahal din ito ng mga kalahok.
i was feeling kind of hesitant about food which sucked because we were going out to dinner that night followed by drinking,4,fear,"Nahihiya ako sa pagkain, sayang dahil pupunta kami sa hapunan mamaya at saka mag-iinom."
i was the new guy and you never know how people are going to react how theyre going to feel about you but everyone was really gracious,2,love,"Ako ang bagong dating at hindi mo alam kung paano makikitungo ang mga tao, kung ano ang kanilang mararamdaman tungkol sa iyo, ngunit lahat ay tunay na mapagbigay."
i really like this attempt at being nonbipartisan which i feel is sincere on their part,1,joy,"Talagang gusto ko itong pagsisikap na maging hindi-partisano, na sa tingin ko ay tapat mula sa kanilang panig."
i certainly get worked up about feminist and other issues at times i also have periods of feeling fairly mellow,1,joy,"Talagang nagagalit ako minsan tungkol sa mga isyu ng feminismo at iba pa, pero mayroon ding mga panahon na medyo kalmado ako."
i was feeling strong and sassy so i went out back and got the aluminum ladder and carried it up to the house,1,joy,"Naramdaman kong malakas at mayabang kaya lumabas ako sa likuran, kinuha ang hagdanang bakal, at dinala ito papunta sa bahay."
i can t say i was feeling the least bit inspired by the idea that i was going to be riding through weather like this at random times over the coming hrs,1,joy,Hindi ko masasabi na kahit kaunti man lang akong na-inspire sa ideya na maglalakbay ako sa ganitong panahon nang basta-basta sa mga susunod na oras.
i am however caught by the feeling that i missed out on a lot of interesting conversational banter by reading dead writers write about deader writers,0,sadness,Ngunit nahuli ako ng pakiramdam na napabayaan ko ang maraming kawili-wiling palitan ng kuro-kuro sa pamamagitan ng pagbabasa ng mga patay na manunulat na sumusulat tungkol sa mga mas patay pang manunulat.
i begin this letter in my kitchen in the soft predawn of a winter s morning a cup of tea beside the computer feeling virtuous to be up at this secret hour before light has made the streets mundane,1,joy,"Nagsisimula ako ng liham na ito sa aking kusina sa malambot na pagsisimula ng umaga ng taglamig, isang tasa ng tsaa sa tabi ng kompyuter, nararamdaman ang kabutihan sa paggising sa lihim na oras na ito bago pa maging pangkaraniwan ang mga kalye dahil sa liwanag."
i actually feel like i have been beaten up,0,sadness,Parang binugbog ako.
ive got a feeling that some day it is not only me who is proud of myself but my family will be too,1,joy,"Mayroon akong pakiramdam na darating ang araw na hindi lamang ako ang magiging mapagmamalaki sa aking sarili, kundi ang aking pamilya rin."
i do not feel i am damaged i can talk about it helps but i feel i am a strong person and i don t use it as a scape goat for thing that happen,0,sadness,"Hindi ko nararamdaman na nasira ako, maaari kong pag-usapan ito at nakakatulong, ngunit nararamdaman kong isang malakas na tao at hindi ko ito ginagamit bilang dahilan para sa mga nangyayari."
i have been taking it slowly going at my own pace and not feeling pressured to finish or catch up and im not looking for a miracle cure,4,fear,"Dahan-dahan akong naglalakad, sinusunod ang aking sariling takbo, at hindi nararamdaman ang presyur na matapos o abutan, at hindi rin ako naghahanap ng himala na lunas."
i could definitely feel the effects as my mouth went pleasantly numb and relaxed feeling spread throughout my body,0,sadness,Naramdaman ko nang malinaw ang epekto habang ang aking bibig ay nakaramdam ng kasiya-siyang panghihina at kumalat ang pakiramdam ng pagpapahinga sa buong katawan ko.
i cannot stop loving you and it just feels amazing it really fills my heart so let me,1,joy,"Hindi ko mapigilan ang magmahal sa iyo at sobrang ganda ng pakiramdam, tunay na puno ito ng saya ang aking puso kaya hayaan mo akong."
im feeling a bit shaken but not stirred nice bond reference ehh,4,fear,"Nararamdaman ko ang kaunting pagkagulo pero hindi nabalisa, magandang sanggunian ng Bond, 'no?"
i talked with the zone leader this morning he listened carefully as i explained what i was feeling and then reassured me that everything i was feeling was okay and normal and that in fact im supposed to be feeling this way right now,1,joy,"Nag-usap ako sa lider ng sona kaninang umaga. Mabuti niyang pinakinggan habang ipinaliwanag ko ang aking nararamdaman, at saka niya ako pinatibay na lahat ng nararamdaman ko ay maayos at normal, at sa katunayan, dapat akong maramdaman ito ngayon."
i find myself often feeling isolated alone and starved for stimulating adult conversation,0,sadness,"Madalas akong makaramdam ng pag-iisa, nag-iisa, at nagugutom sa mga nakakapag-isip at nakakaengganyong usapan ng mga matatanda."
i feel reassured about the safety of canadas food supply because there are government food inspection agencies that govern the safety of food,1,joy,Nakakatiyak ako sa kaligtasan ng pagkain sa Canada dahil may mga ahensyang panggobyerno na namamahala sa kaligtasan ng pagkain.
i feel like i am very passionate about youtube and so id quite like to explain why i think youtube is the next best thing for entertainment,2,love,Nararamdaman kong lubos akong may pagmamahal sa YouTube at gusto kong ipaliwanag kung bakit sa tingin ko ito ang susunod na pinakamagandang bagay para sa libangan.
i cant honestly say that i was enjoying the actual running much but i was feeling the benefits and liked being out in the fields and woodland seeing the changes in the seasons and getting lungfuls of fresh air,2,love,"Hindi ko matutunghayan na lubos akong nasisiyahan sa pagtakbo mismo, ngunit nararamdaman ko ang mga benepisyo at nasisiyahan sa pagiging nasa bukid at kagubatan, nakikita ang pagbabago ng panahon at humihinga ng sariwang hangin."
im feeling hideously guily and somewhat naughty doing this in work time,2,love,Nararamdaman kong lubhang may sala at medyo masama ang pakiramdam dahil ginagawa ko ito sa oras ng trabaho.
i pray that you feel the presence of god around you and that you realize that the birth of gods son was a precious gift for you and you never have to be alone,1,joy,Nananalangin ako na maramdaman mo ang presensya ng Diyos sa paligid mo at na maunawaan mo na ang kapanganakan ng Anak ng Diyos ay isang mahalagang regalo para sa iyo at hindi ka kailanman mag-iisa.
i was feeling so ungrateful earlier this week,0,sadness,Naramdaman ko noong nakaraang linggo na sobrang hindi ako nagpapasalamat.
i feel there is a really sincere pleasure to be found in pleasing others a kind of pleasure that can not be gained from anything else,1,joy,"Nararamdaman kong may tunay na malalim na kasiyahan na matatagpuan sa pagpapasaya sa iba, isang uri ng kasiyahan na hindi makuha sa kahit ano pa man."
i am still feeling unhappy and upset about the big changes happened befoe but i know times will heal everything img src http s,0,sadness,"Hindi pa rin ako masaya at nalulungkot dahil sa malalaking pagbabago noon, pero alam kong ang panahon ay magpapagaling sa lahat."
i feel like i barely broke into the kit,0,sadness,Parang halos hindi ko pa nababasag ang kit.
im feeling like a shitty person right now because i just did or worse,0,sadness,Nararamdaman kong isang masamang tao ako ngayon dahil sa ginawa ko o mas masahol pa.
i feel offended i choose to tell you guys how i feel because i treated you guys as friends and would want to put a stop to all these nonsense,3,anger,Nasasaktan ako kaya't pinipili kong sabihin sa inyo kung ano ang nararamdaman ko dahil itinuturing ko kayong mga kaibigan at gustong tapusin na ang lahat ng mga kalokohan na ito.
i write that i feel a bit anxious,4,fear,Isinusulat ko na medyo kinakabahan ako.
im feeling a little overwhelmed here recently,4,fear,Nararamdaman ko na medyo nahihirapan ako rito kamakailan.
i feel my children are in harms way i feel frightened,4,fear,Natatakot ako dahil sa tingin ko ay nasa panganib ang aking mga anak.
im feeling especially keen,1,joy,Nararamdaman kong lalong matalas ang aking pakiramdam.
i did some really valuable spiritual work and grew of course but i came out of the whole thing feeling stronger not more mellow,1,joy,"Nagawa ko ang ilang tunay na mahalagang espirituwal na gawain at siyempre lumaki ako, ngunit lumabas ako sa lahat ng iyon na mas malakas, hindi mas mapayapa."
ive decided that whenever i start to feel mad about tod i dig deeper into myself to find the real solution,3,anger,"Nagpasya akong kapag nagalit ako kay Tod, lalimang tingnan ang aking sarili upang mahanap ang tunay na solusyon."
i am feeling only slightly lethargic and overwhelmed by my new surroundings,0,sadness,Nararamdaman ko lamang kaunting pagod at pagod na dahil sa aking bagong kapaligiran.
i feel like i am the keeper of these precious years,1,joy,Nararamdaman kong ako ang tagapag-ingat ng mga mahalagang taong ito.
i am thankful that she continues to feel comfortable talking about with me and journaling,1,joy,Nagpapasalamat ako na patuloy siyang kumportable sa pag-uusap sa akin at pagsulat sa kanyang talaarawan.
i feel exceptionally lucky to visit suzanna whose life here is pretty damn idyllic at least from the perspective of a vacationer breezing in for a week,1,joy,"Napakaswerte ko na makapunta kay Suzanna, ang buhay niya rito ay talagang maayos, kahit mula sa pananaw ng isang turista na dumadalaw lamang ng isang linggo."
i feel so heartless right now,3,anger,Nararamdaman kong napakalupit ko ngayon.
i get a feeling that why did i pay for getting so fucked,3,anger,Nararamdaman kong bakit ko binayaran ang ganitong kalagim na sitwasyon.
i feel very happy to have inspired is my little sis love of reading and writing,1,joy,Napakasaya ko na nakapag-inspirasyon ako sa aking maliit na kapatid na mahalin ang pagbabasa at pagsusulat.
i was quite the outsider due to my british mentality and feeling embarrassed that my european and north american high school teachers knew more about my culture than i did i felt the desire to change that fact,0,sadness,"Dahil sa aking British mentality at sa kahihiyan na ang aking mga guro mula sa Europa at Hilagang Amerika sa mataas na paaralan ay mas nakakaalam tungkol sa aking kultura kaysa sa akin, naging isang estranghero ako. Nais kong baguhin iyon."
i feel having to work with a useless good for nothing like you,0,sadness,Nararamdaman kong nakakabigo ang magtrabaho kasama ng isang walang silbi at walang kwenta tulad mo.
i feel all gloomy and i hate it,0,sadness,Nararamdaman kong malungkot at ayaw ko noon.
insulted by disgusting people,3,anger,insulto ng mga maruruming tao
i feel like my meds arent working correctly and idk its weird,4,fear,"Parang hindi gumagana nang tama ang gamot ko at hindi ko alam, kakaiba."
i will always wake up feeling miserable and heartbroken,0,sadness,Lagi akong gigising na parang nababalot ng kalungkutan at sakit ng puso.
i feel very contented whenever i think of this because the thought of having good school mates seniors and batchmates makes me feel somewhat rather comforted,1,joy,"Napakaligaya ko kapag iniisip ko ito dahil ang isiping magkaroon ng mabubuting kaklase, mga seniors, at mga batchmates ay nagbibigay sa akin ng kaunting ginhawa."
i looked at what had happened to us in two generations and looked at what hadn t happened to them in two or three and instead of feeling outraged by their history of aggression i felt privileged by it,3,anger,"Tiningnan ko kung ano ang nangyari sa atin sa loob ng dalawang henerasyon at tiningnan ko rin kung ano ang hindi nangyari sa kanila sa loob ng dalawa o tatlo, at sa halip na magalit sa kanilang kasaysayan ng agresibo, naramdaman kong pribilehiyo dahil dito."
i feel in me sparkle sweet passion aretha love all the hurt away jump to it the jamaica world music festival greatest hits whos zooming who aretha i knew you were waiting for me feat,1,joy,"Nararamdaman ko ang matamis na pag-ibig ni Aretha, ang pag-asang nagpapaalis ng sakit, tumalon dito sa Jamaica World Music Festival, mga pinakamalaking hit, sino ang mabilis, sino si Aretha, alam kong hinintay mo ako."
i was feeling quite apprehensive about my wig as i felt that it wasnt as full as id hoped it would be however id taken into account my models beautiful long hair,4,fear,"Nararamdaman kong medyo kinakabahan tungkol sa aking wig dahil hindi ko ito naramdaman na gaanong puno gaya ng inaasahan ko, ngunit isinasaalang-alang ko ang magandang mahabang buhok ng aking modelo."
i am not able to show that directly and so i feel suffocated and irritated,3,anger,Hindi ako makapapakita nun direkta kaya nararamdaman kong pinipigilan at naiirita.
i spent a few hours listening to the thundershowers and feeling that gorgeous cool summer storm air across my ginormous pregnant self,1,joy,"Naglaan ako ng ilang oras sa pagdinig sa mga ulan at kidlat, at naramdaman ang magandang malamig na hangin ng tag-init na bagyo sa aking malaking buntis na katawan."
i also feel angry and mad and bitter because we nor anyone should have to do it,3,anger,"Ako rin ay nakaramdam ng galit, poot, at sama ng loob dahil tayo o kahit sino ay hindi dapat magagawa iyon."
i have paused on purpose that i must step back and recognize why im walking around feeling discontent and then make the needed adjustments,0,sadness,"Pinagpahinto ko nang kusang-loob upang makalayo at maunawaan kung bakit ako naglalakad na parang hindi kontento, at saka gumawa ng mga kinakailangang pagbabago."
i feel wonderful earley said,1,joy,"Nararamdaman kong kahanga-hanga, sabi ni Early."
i don t feel like there was a part before the race where i was stressed out,3,anger,Hindi ko naramdaman na may bahagi bago ang karera kung saan ako nag-aalala.
i feel alan clay who is rather pathetic has a huge mass on the back of his neck that he is convinced is cancer,0,sadness,"Nararamdaman kong si Alan Clay, na medyo nakalulungkot, ay may malaking bukol sa likod ng leeg niya na kanyang pinaniniwalaang kanser."
i begin to feel embarrassed about the way i acted and sometimes i just feel downright unloveable,0,sadness,"Nagsisimula akong mahiya sa paraan ng aking pag-uugali at minsan, nararamdaman ko lamang na lubos akong hindi karapat-dapat mahalin."
i feel very suspicious of all of them,4,fear,Napakasagabal ko sa lahat ng kanila.
i took a shower and feel a little more relaxed but the pain is coming and going here and there,1,joy,Nag-shower ako at medyo nakaramdam ng kapayapaan ngunit ang sakit ay dumadating at umalis sa iba't ibang parte ng katawan ko.
i threw myself at him after all feeling genuinely pleased for him,1,joy,"Sumugod ako sa kanya pagkatapos, tunay na masaya para sa kanya."
i feel that the very foundations of my faith have been shaken to the core,4,fear,Nararamdaman kong nababagabag na ang pundasyon ng aking pananampalataya.
i know he loves me and showers me with graces so i never need to feel unloved rejected or a lack of anything not time or things or money,0,sadness,"Alam kong mahal niya ako at binubuhos niya ang mga biyaya sa akin kaya hindi ako kailanman magpapabaya sa pakiramdam na hindi mahal, tinatanggihan, o kulang sa kahit ano, maging oras, bagay, o pera."
i feel like maybe everything is resolved for once and all and i can get on to living my life after almost years,1,joy,Parang lahat ay naayos na ngayon at maari ko nang mabuhay ang aking buhay pagkatapos ng halos mga taon.
i feel determined this time though,1,joy,Nararamdaman kong determinado ako ngayon.
i feel invigorated and ready to go,1,joy,Nararamdaman kong puno ng enerhiya at handa nang kumilos.
i was feeling especially ungrateful its just that i had no alone time to post anything,0,sadness,"Nararamdaman kong sobrang hindi nagpapasalamat, siguro dahil wala akong oras mag-isa para mag-post ng kahit ano."
i feel theyre getting too popular in the club pop scene leading to less effort on some of their songs,1,joy,Nararamdaman kong sila ay nagiging masyadong sikat sa club pop scene kaya nababawasan ang kanilang pagsisikap sa ilang kanta nila.
i was feeling really emotionally distraught and unable to concentrate,4,fear,Napakasakit ng aking damdamin at hindi ako makapag-concentrate.
i always feel a bit naughty on mondays,2,love,Lagi akong nakakaramdam ng kaunting masama ang pakiramdam tuwing Lunes.
i feel frustrated irritable even,3,anger,Nararamdaman kong frustado at mairrita.
i mention how you exfoliate at the same time save loads of money and feel divine,1,joy,Binabanggit ko kung paano ka nag-e-exfoliate habang nakakatipid ng maraming pera at nakakaramdam ng kahanga-hanga.
i dun feel happy,1,joy,Hindi ako masaya.
i was th in each age group this race has awesome custom horse trophies designed to mimic giant painted horses throughout the town see example below so now i feel determined to come back next year and try again,1,joy,"Nakuha ko ang ikatlong pwesto sa bawat grupo ng edad sa karera na ito. Ang karera ay may kamangha-manghang mga tropyong kabayo na gawa sa kamay na idinisenyo upang magmukhang malalaking pininturahang kabayo sa buong bayan, tingnan ang halimbawa sa ibaba. Kaya ngayon, determinado akong bumalik sa susunod na taon at subukan muli."
my boyfriend with whom i had a longlasting relationship,0,sadness,ang aking boyfriend na aking matagal nang minamahal.
i remember that i get those feelings back the thrilled and humbled and blessed and energized ones,1,joy,"Naalala ko na bumalik ang mga nararamdaman kong iyon, ang kilig, ang pagkahumaling, ang pagpapala, at ang pagiging puno ng enerhiya."
i have keep posting up sleeping pictures when i was feeling exhausted like as of right now especially after lunch getting stuck in the office in midst of the rain nice air conditioning,0,sadness,"Lagi akong nagpo-post ng mga larawan habang natutulog kapag pagod ako, gaya ngayon lalo na pagkatapos ng tanghalian, na-stuck sa opisina habang umuulan, maganda ang aircon."
i feel like i get blank stares,0,sadness,Parang nakakatanggap ako ng mga walang laman na tingin.
i do i feel like i just make him mad or upset and he doesn t talk to me,3,anger,Parang lagi akong nagpapasigla o nagpapasakit sa kanya at hindi na siya nagsasalita sa akin.
i see in the underground in paris at night make me feel reassured,1,joy,Nakikita ko sa ilalim ng lupa sa Paris sa gabi ay nagbibigay sa akin ng pakiramdam ng katiyakan.
i feel a violent urge to vomit and back out of the room,3,anger,Nararamdaman kong may matinding pagnanasa na umuhaw at umalis sa silid.
i feel so heartless sometimes because i do not have the ability to mourn for the lost of someone relating to my past grandparents,3,anger,"Minsan, parang walang puso ako dahil hindi ako kayang magreklamo sa pagkawala ng mga kamag-anak ko na nauugnay sa aking mga lolo't lola noon."
i was feeling like amy winehouse and planning my own trip to the betty ford clinic upon my less than triumphant return to australia,1,joy,Nararamdaman ko noon na parang si Amy Winehouse at nagpaplano ng sarili kong paglalakbay sa Betty Ford Clinic pagbalik ko sa Australia na hindi gaanong matagumpay.
i do my best at making sure my husband feels loved important and cared for with my whole heart,2,love,"Ginagawa ko ang aking makakaya upang matiyak na nararamdaman ng aking asawa na mahal, mahalaga, at inaalagaan ng buong puso ko."
i am feeling quite disheartened,0,sadness,Nakakadismaya ako.
i reach for your hand feel its warmth sense a strange mysterious connection the greater sea of lives intimately shared and buoyed by a wave of love hope and joy surrender to its greater transcendent surge letting it take me wherever it will,4,fear,"Ako'y umaabot sa iyong kamay, nararamdaman ang init nito, at nadarama ang kakaibang misteryosong koneksyon, ang malawak na karagatan ng mga buhay na malapit na ibinahagi at pinapatatag ng alon ng pag-ibig, pag-asa, at kagalakan. Sumusuko ako sa mas malawak at transendental na alon nito, hayaan itong dalhin ako saanman ito gustong pumunta."
i think that they pop up so automatically because seeing those pictures or people makes me feel insecure about myself,4,fear,"Akala ko, sila ay biglang lumilitaw dahil ang pagtingin sa mga larawan o tao ay nagpapakita sa akin ng kawalan ng katiyakan tungkol sa aking sarili."
i do feel slighted when some people use their piece of the cyber world to be rude towards me,3,anger,Nararamdaman kong nasasaktan kapag ginagamit ng ilang tao ang kanilang bahagi ng mundo ng internet upang maging bastos sa akin.
i have wasted entirely too much time feeling insecure about my body,4,fear,Napakaraming oras ko nang nasayang sa pag-aalala tungkol sa aking katawan.
i feel terrified because even if i have the time to write out how i feel about mr,4,fear,Natatakot ako dahil kahit may oras akong isulat kung paano ko nararamdaman si Mr.
i started thinking about all the times that people were jerks and there was nothing really that i could do except go home write unsatisfying angry complaints into the internetsphere and generally feel helpless marginalized and disregarded by society,0,sadness,"Nagsimulang isipin ko ang lahat ng pagkakataon na mga bastos ang mga tao at wala akong magagawa kundi umuwi, sumulat ng hindi nakakapigil na galit na reklamo sa internet, at pangkalahatan ay maramdaman ang kawalan ng kapangyarihan, pag-iisa, at pagpapabaya ng lipunan."
i enjoyed this semester and i enjoyed the challenges i got to face and overcome and i feel that i m really coming away with a lot of valuable experience out of this,1,joy,"Nasisiyahan ako sa semester na ito at nasisiyahan din ako sa mga hamon na aking kinahaharap at natagpasan, at nararamdaman kong maraming mahalagang karanasan ang aking natutunan dito."
i feel so badly for his daughter thats tragic,0,sadness,"Napakasakit para sa anak niya, talagang isang malaking trahedya."
i feel assured that i am properly preparing crystal for her spanish sojourn,1,joy,Nakakatiyak ako na maayos kong inihahanda si Kristal para sa kanyang paglalakbay sa Espanya.
i had a feeling she was doomed the moment i laid eyes on her i still thought that judy glasberg a href http www,0,sadness,"Nadama kong nabibilang siya sa mga malulungkot mula nang makita ko siya. Naniniwala pa rin ako doon, si Judy Glasberg."
i was just feeling terrified terrified of the people around me and the situation it involves,4,fear,"Natatakot ako, lubos na natatakot sa mga tao sa paligid ko at sa sitwasyon na kinasangkutan nila."
i never feel accepted but you have to go through steps first you are a publisher keeping track of time spent in the ministry trying to get more members,2,love,"Hindi ako nakaramdam ng pagtanggap ngunit kailangan mong dumaan muna sa mga hakbang, ikaw ay isang tagapublish na nagtatala ng oras na ginugol sa ministeryo, sinusubukang makakuha ng mas maraming miyembro."
i feel the tug of the fabric against my thighs and butt i am overwhelmed with the feeling that i am just too fat,4,fear,"Nararamdaman ko ang paghila ng tela sa aking mga hita at puwet, at napakarami kong nararamdaman na sobrang taba ko na."
im feeling generous i am gonna tell you about another cool blogger,2,love,Nararamdaman kong mapagbigay kaya sasabihin ko sa iyo tungkol sa isa pang cool na blogger.
i left it feeling entertained but empty,1,joy,Iniwan ko itong nakaramdam ng aliw ngunit walang laman.
i feel that i ll be doomed to long pants and ugly shoes for the rest of my life and i m not even yet,0,sadness,Nararamdaman kong papatnubayan ako ng mahabang pantalon at pangit na sapatos habang buhay at hindi pa nga ako.
i am feeling unduly pleased with myself because i managed to change the battery in my smoke detector,1,joy,Masaya ako nang sobra dahil nagawa kong palitan ang baterya ng aking usok na detector.
i start feeling overwhelmed and i just want to run away and hide in the back of my closet,4,fear,Nararamdaman kong napakarami na at gusto ko nang tumakas at magtago sa likod ng aking aparador.
i feel awful when i stay home both for missing out on the exercise and practice and for flaking out on the team,0,sadness,"Masama ang pakiramdam ko kapag nasa bahay ako, dahil sa pagkukulang sa ehersisyo at pagsasanay, at dahil rin sa pagtataksil sa koponan."
im feeling quite relaxed today,1,joy,Nakakarelaks ang pakiramdam ko ngayon.
i feel that i have contributed in a positive way to seven,1,joy,Nararamdaman kong positibong nakibahagi ako sa pitong.
i did this all a href http feeling groggy,0,sadness,Ginawa ko lahat ito habang nararamdaman ang pagod at pagkahilo.
i feel a change an anthem for the disillusioned,0,sadness,"Nararamdaman ko ang pagbabago, isang awit para sa mga nabigo."
i am thankful for the safety of my loved ones and the loved ones of my friends here i am guilty for feeling so i am selfish and i am deeply saddened that there are people back home who cannot say the same,3,anger,"Nagpapasalamat ako sa kaligtasan ng aking mga mahal sa buhay at ng mga mahal sa buhay ng aking mga kaibigan dito, ngunit nararamdaman ko ang kasalanan dahil sa nararamdaman ko, na parang ako'y makasarili, at lubos akong nalulungkot dahil may mga tao sa tahanan natin na hindi makapagsasabi ng pareho."
im currently feeling cranky for silly reasons im now going to complain,3,anger,"Ngayon, parang may sama ng loob ako dahil sa mga walang kabuluhan, at aayusin ko na ang aking reklamo."
i read up on the practicies and cult like beliefs of falun gong and now i feel sceptical and a tad bemused,4,fear,Nabasa ko ang mga praktika at paniniwala na parang kulto ng Falun Gong at ngayon ay medyo skeptikal at nalilito ako.
i feel so blessed to be apart of it,2,love,Nararamdaman kong sobrang biyaya na maging bahagi nito.
i just need to finish my venting feeling relieved not still feeling irritated,1,joy,"Kailangan ko lang matapos maglabas ng aking nararamdaman, para makaramdam ng kaluwagan, hindi na magagalit."
i have myself a great tutor to teach me on magic cube and yesterday night i was feeling too thrilled when i finally managed to learn another new pattern to solve for magic cube signing off,1,joy,"Mayroon akong magaling na tutor na nagtuturo sa akin ng magic cube at kahapon ng gabi, sobrang saya ko nang natutunan ko ang isang bagong pattern para malutas ang magic cube. Paalam."
i did not feel as hopeful yesterday our small number my childrens misbehavior during the service and the difficult hurried pace of the day before and after left me frayed and vulnerable,1,joy,"Hindi ako gaanong nadama ang pag-asa kahapon dahil sa aming maliit na bilang, ang pag-uugali ng aking mga anak sa serbisyo, at ang mahirap at mabilis na takbo ng araw bago at pagkatapos nito, na nag-iwan sa akin na pagod at mahina."
i feel helpless here with no car no cash no say,0,sadness,"Nararamdaman kong walang magawa dito dahil wala akong kotse, pera, at boses."
i was always looking forward to to a life that just feels dull and numb,0,sadness,Lagi akong naghihintay sa isang buhay na parang walang buhay at walang pakiramdam.
i hurt so bad i feel like i am finally getting punished for thinking the way i do and feeling so damn restless,0,sadness,"Napakasakit, parang pinarusahan na ako sa aking mga iniisip at sa aking hindi mapakali na damdamin."
i sometimes feel that this is inadequate that my mind too often slips from focusing on god and jumps to my own selfish thoughts and the tasks at hand in the classroom,0,sadness,"Minsan, nararamdaman kong hindi sapat ito, na madalas makalimutan ng aking isipan ang pagtuon kay Diyos at tumalon sa aking sariling makasariling mga iniisip at sa mga gawain sa klase."
i was feeling fairly comfortable and i could think out a plan now,1,joy,Nararamdaman kong medyo komportable at kaya kong magplano ngayon.
i find myself crying over loosing everything that i have everything that i am not really proud of and i feel such a loyal connection to what s around me,2,love,"Nakakaramdam ako ng pag-iyak dahil sa pagkawala ng lahat ng aking ari-arian, lahat ng aking pagkatao na hindi ko talaga ipinagmamalaki, at nararamdaman ko ang malalim na pagkakaisa sa aking paligid."
ive been desperately trying to finish up my machine learning p set but im now far enough along that im no longer in complete panic mode i feel like my mood is on a spinner is she detachedly amused or freaking the fuck out,1,joy,"Matagal ko nang pinagsisikapan tapusin ang aking machine learning project set ngunit ngayon ay sapat na ang aking progreso kaya hindi na ako ganap na nasa estado ng pananabik. Parang nasa pag-ikot ang aking pakiramdam, ba't parang walang pakialam o kaya naman ay halos mag-freak out na?"
im feeling quite distressed about the amount of horses whose jaws are jammed shut with what i consider to be excessive nosebands along with a considerable amount of metal in their mouths,4,fear,"Lubos akong nababahala sa dami ng kabayo na may nakakulong na panga dahil sa mga noseband na sa tingin ko ay labis na mahigpit, kasama ang malaking halaga ng metal sa kanilang bibig."
i could feel myself putting on that i m simply splendid,1,joy,"Nararamdaman kong ako'y nagsusuot ng ""Ako'y tunay na kahanga-hanga."""
i really like it and am thrilled to see where all of this will take us but on another hand i feel that the drama seems a bit messy,0,sadness,"Gustung-gusto ko ito at sobrang saya kong makita kung saan tayo mapupunta ngunit sa kabilang banda, parang gulo ang drama."
i feel her frustration when i see those ugly numbers and i feel her pain when an infusion site i insert into her body causes her to wince in pain,0,sadness,Nararamdaman ko ang kanyang pagkabigo kapag nakikita ko ang mga pangit na numero at nararamdaman ko ang kanyang sakit kapag ang isang infusion site na inilalagay ko sa kanyang katawan ay nagdudulot sa kanya ng pag-iwas dahil sa sakit.
i began to feel very afraid of disappointment during the tour just because the rain and fog continued,4,fear,Nagsimulang matakot akong mabigo sa paglilibot dahil sa patuloy na ulan at ulap.
i used to work he feels so needy and this just screams for attention so to please him i felt obligated to give him some,0,sadness,"Dati akong nagtatrabaho, nararamdaman kong sobrang nangangailangan siya at parang humihingi lang ng pansin kaya para mapasaya siya, pakiramdam ko ay may obligasyon akong bigyan siya ng kaunting atensyon."
i mean memories that make me feel dirty and unworthy,0,sadness,"ibig kong sabihin, mga alaala na nagpaparamdam sa akin na marumi at hindi karapat-dapat."
i was feeling isolated lonely and misunderstood,0,sadness,"Nararamdaman kong nag-iisa, malungkot, at hindi naiintindihan."
ive been feeling cranky lately,3,anger,Nararamdaman kong maselan lately.
i feel like there are people out there on the internet that have issues with my online friends and then expect me to be hateful or mean to them as well,3,anger,Parang may mga tao sa internet na may problema sa aking mga kaibigan online at inaasahan akong maging mapanlait o masama rin sa kanila.
i love those cars and i feel that my second attempt at owning one will be a pleasant one,1,joy,Mahal ko ang mga kotse at nararamdaman kong magiging masaya ang aking pangalawang pagtatangka na magkaroon ng isa.
i feel anything for relationships the doomed one,0,sadness,"Wala akong nararamdaman para sa mga relasyon, lalo na ang mga nabibigo."
i should just let him calm down on his own but then ill feel like a neglectful aunt and i so cant have that,0,sadness,Dapat ko lang hayaan siyang mag-cool down mag-isa pero baka maramdaman kong isang pabaya kong tiya at ayoko nun.
when i saw a man hitting a child of years without any consideration,3,anger,Nang makita kong isang lalaki ay binabato ang isang bata nang walang pag-aalala.
i don t know if these children will fulfill their dreams but i am happy that they as sponsored children have a better chance of doing so and that instead of feeling hopeless they have a vision of something beyond their lives of poverty,0,sadness,"Hindi ko alam kung matutupad ng mga batang ito ang kanilang mga pangarap, ngunit masaya ako na bilang mga batang pinag-aaralan, may mas magandang pagkakataon silang gawin ito, at sa halip na maramdaman ang kawalan ng pag-asa, mayroon silang pananaw ng isang bagay na lampas sa kanilang buhay na puno ng kahirapan."
i feel like not caring,2,love,Parang ayaw ko nang mag-alaga.
i are gay and feel assaulted by the right wing,4,fear,Ako ay bakla at nadarama ang pag-atake mula sa kanang pakpak.
i think all acts of unkindness are a result of some form of selfishness because being unkind requires a lack of concern for the another person and some distorted feeling of gain by being unkind,3,anger,"Sa palagay ko, lahat ng kilos ng kawalang-kalinga ay bunga ng isang uri ng pagmamalaki dahil ang pagiging hindi mabait ay nangangailangan ng kawalan ng pag-aalala sa kapwa at isang nababaluktot na pakiramdam ng pakinabang sa pamamagitan ng pagiging hindi mabait."
i will never make him feel disliked and like he is a bad kid if he is only acting according to how i raised him and he is acting liek a year old child,0,sadness,Hindi ko kailanman hahayaang makaramdam siya ng hindi pagmamahal at na siya ay isang masamang bata kung siya ay kumikilos lamang ayon sa aking pagpapalaki sa kanya at siya ay kumikilos tulad ng isang taong gulang na bata.
i think he is the next best because i see a lot of level and s lol i m not looking down on them nor am i feeling glad that they got bad results because then i would stand out why should i anyway,1,joy,"Sa tingin ko siya ang susunod na pinakamagaling dahil nakikita ko ang maraming antas at s lol Hindi ako nakatingin pababa sa kanila at hindi rin ako masaya na sila ay nakaranas ng masamang resulta dahil kung gayon, ako ang mag-iiba. Bakit ko naman gagawin iyon?"
i always thought problems were better to deal with immediately then you can feel like things are resolved and you can feel better,1,joy,Lagi kong iniisip na mas mabuti nang harapin kaagad ang mga problema para makaramdam kang nalutas na ang mga bagay at makaramdam ka ng mas maayos.
im so fed up of christmas by christmas that i really struggle to feel festive,1,joy,Napakasawa ko na sa pasko taun-taon kaya talagang nahihirapan akong makaramdam ng saya sa panahon ng pista.
i sorta feel like everything is so delicate right now,2,love,Parang nararamdaman kong lahat ng bagay ay napaka-delikado ngayon.
i do how empty disappointed angry sad chaotic destructive i feel today im just mad at myself why do i always fuck up shit,3,anger,"Napakabigat ng nararamdaman ko ngayon, parang walang laman, nabigo, galit, malungkot, magulo, at nakakasira. Galit lang ako sa sarili ko, bakit lagi akong nabibigo?"
i am not surprised that some people may be feeling outraged at the terrible environmental consequences of the logging and the dam and after seeing how their leaders have betrayed them are now turning to higher authorities divine help as a last resort,3,anger,"Hindi ako nagulat na marami ang nagagalit sa malulubhang pinsala sa kapaligiran dahil sa pagtotroso at pagtatayo ng dam, at dahil sa nadarama nilang pagtataksil ng kanilang mga lider, ay humihingi na sila ng tulong sa mas mataas na kapangyarihan bilang huling pag-asa."
i no raphael says grasping for his usual eloquence and feeling it slip from his fingers with spiteful ease,3,anger,"Hindi ko kaya, sabi ni Raphael habang hawak ang kanyang karaniwang talino at nararamdaman itong lumilipas sa kanyang mga daliri nang may masamang kadalian."
i do know the main reason i feel like i m losing myself unsure if i ll ever get those pieces back but i m not quite ready to talk about that just yet,4,fear,"Alam kong ang pangunahing dahilan kung bakit parang nawawala ako, hindi sigurado kung makakabalik pa ba ang mga piraso ng aking sarili, pero hindi pa ako handa para pag-usapan iyon ngayon."
when we stayed in vienna with our class,4,fear,Nang nanatili kami sa Vienna kasama ang aming klase.
i do not feel glamourous,1,joy,Hindi ako nakakaramdam ng glamoroso.
i feel like i was a naughty girl and should have said no way,2,love,Parang masama ang ginawa ko at dapat sana ay sinabi kong hindi.
i feel like im tortured like years ago,4,fear,Parang pinagdurusa ako tulad ng mga nakaraang taon.
i was sent home still feeling a bit shaky and dizzy,4,fear,Uuwi ako pa rin na medyo nahihilo at pakiramdam ko ay hindi pa rin maayos.
im sure youre not alone in feeling a little funny about enjoying art even black created and black endorsed art littered with a term that would brand you as hateful backward and racist with a capital r if you uttered it in conversation,4,fear,"Sigurado akong hindi ka nag-iisa sa pakiramdam na kakaiba dahil sa pag-eenjoy sa sining, kahit na ginawa at pinatutunayan ng mga itim, na puno ng isang salita na magpapakilala sa iyo bilang poot, atrasado, at rasista na may malaking titik na ""R"" kung sasabihin mo ito sa usapan."
i will take care of the flashback of swingsets and telling the tiniest of white lies for the sake of feeling free for several hours arriving home late after staying out past curfew to watch some horror movie well sort of,1,joy,"Aaalagaan ko ang alaala ng mga swingsets at pagsasabi ng pinakamaliit na kasinungalingan para sa kalayaan ng ilang oras, pag-uwi nang huli matapos lumabag sa curfew para manood ng isang horror movie, o marahil."
i feel they will develop a friendly connection as time progresses,1,joy,Naniniwala ako na magkakaroon sila ng magandang ugnayan habang tumatagal ang panahon.
i feel very vulnerable about sharing things that i write but i hit the publish button anyway,4,fear,"Nararamdaman kong napaka-vulnerable kong ibahagi ang mga bagay na aking isinulat ngunit pinindot ko pa rin ang pindutan ng ""publish."""
i feel so heartbroken but in a silly way of course,0,sadness,Nararamdaman kong sobrang lungkot pero sa isang nakakatawang paraan siyempre.
i feel so disheartened that i feel nauseous and sick,0,sadness,"Napakasakit ng pakiramdam ko, parang may pagsusuka at hindi ako maayos."
i feel really dirty now but it felt really nice,0,sadness,Nararamdaman kong sobrang marumi na ako ngayon pero sobrang sarap din iyon.
i mean not one i feel that it is my duty to help all of our loyal readers of hb understand the world that is going on around them,2,love,"Ibig kong sabihin, hindi lang isa, nararamdaman kong tungkulin kong tulungan ang lahat ng ating tapat na mambabasa ng HB na maunawaan ang mundo na nagaganap sa paligid nila."
i feel gratitude for the opportunity to have met so many amazing people through the magic of the internet,4,fear,Nararamdaman ko ang pasasalamat sa pagkakataong makilala ang maraming kahanga-hangang tao sa pamamagitan ng himala ng internet.
i know this makes me a bitch and a half but i cannot help but feel a little triumphant when i see an old nemesis come into my workplace pregnant kid in tow fat husband waiting in the pickup truck rushed and clearly unhappy,1,joy,"Alam kong ito ay ginagawa akong isang malaking babaeng mapaghiganti, ngunit hindi ko mapigilan ang pakiramdam ng kaunting tagumpay kapag nakikita kong papasok sa aking trabaho ang isang dating kaaway na buntis kasama ang anak, may mataba at naghihintay sa trak na sasakyan na mukhang nagmamadali at malinaw na hindi masaya."
i cant totally defend her the woman wanted to be famous and nobody around her seems to be able to tell her how to handle fame britney leave los angeles when you can for starters but i am starting to feel a lot more sympathetic toward her,2,love,"Hindi ko lubos mapagtatanggol siya, ang babae ay gustong maging sikat at tila walang nakakausap sa paligid niya kung paano harapin ang katanyagan. Britney, umalis ka sa Los Angeles kung kaya mo, para magsimula. Ngunit unti-unti akong nakaramdam ng higit na pakikiramay para sa kanya."
i feel extraordinarily clever,1,joy,Nararamdaman kong napakatalino ko.
i feel its an amazing resource for families traveling to orlando,1,joy,Nararamdaman kong ito ay isang kahanga-hangang mapagkukunan para sa mga pamilyang naglalakbay patungong Orlando.
i feel like a hot mess and i probably am,2,love,Parang isang gulo ako at malamang nga naman.
i drink a glass of champagne and feel really relieved,1,joy,Iniinom ko ang isang baso ng champagne at nararamdaman kong lubos na nakahinga nang maluwag.
i do not agree with hirsi ali on policy matters and i do agree with much of what ingrid writes by contrast but having grown up in a country for which i feel little love and with the culture of which i do not identify in the least i can t help but to be sympathetic to her,2,love,"Hindi ako sumasang-ayon kay Hirsi Ali sa mga usapin ng patakaran at sumasang-ayon ako sa maraming sinulat ni Ingrid, ngunit dahil lumaki ako sa isang bansa kung saan hindi ako lubos na nakakaramdam ng pagmamahal at sa kultura nito ay hindi ako nakakakilanlan, hindi ko maiiwasan ang magpakita ng empatiya sa kanya."
im also feeling overwhelmed by how often im saying im too old for that shit,4,fear,Nadarama ko rin ang pagod dahil sa madalas kong sinasabi na masyadong matanda na ako para sa mga ganung bagay.
i miss my friends amp feel neglectful,0,sadness,Namimiss ko ang aking mga kaibigan at nararamdaman kong iniwan sila.
i was attracted to the feeling of being admired being an object of desire and refusing to give in,1,joy,"Nakakaakit sa akin ang pakiramdam ng pagpapahalaga, ng pagiging pinagkakagustoan, at ang pagtanggi na sumuko."
i caressed it affectionately and she curled up ever so close to me giving me that wonderfully warm feeling of divine mother s loving sparsh which i cannot forget,1,joy,"Pinagmasdan ko ito nang may pagmamahal at siya ay kumurba nang malapit sa akin, binibigay sa akin ang mainit at magandang pakiramdam ng pagmamahal ng isang diyosang ina na hindi ko makakalimutan."
i feel like i have been waiting a lifetime to be in this unfolding experience as always excited to share whatever it is that i am learning that is unfolding for all of us to experience with full awareness,1,joy,"Parang isang buhay na akong naghihintay upang makasama sa karanasang ito, at lagi akong nasisiyahan na ibahagi ang lahat ng aking natututuhan na unti-unting nagbubukas para sa atin lahat na maranasan nang may buong kamalayan."
i get older i desire to find creative ways to continue to be a dancer because i feel like the time when the body stops reacting and responding to dance is the time when the artistic level is honed in a really great way,1,joy,"Habang tumatanda ako, nais kong maghanap ng mga malikhaing paraan upang magpatuloy sa pagsayaw dahil sa aking paniniwala na kapag tumigil ang katawan sa pagtugon at pag-react sa sayaw, iyon ang panahon kung saan lubos na napapaganda ang antas ng sining."
when i was still a child,3,anger,Noong ako'y bata pa.
im feeling really lonely and feeling like im missing a part of myself,0,sadness,Napakasakit ng pakiramdam na nag-iisa ako at parang kulang ako ng isang bahagi ng aking sarili.
i felt the bubbling feeling and pretty soon i was at my peek and climaxed on her hands and her cute little dress,1,joy,Naramdaman ko ang pag-aalsa at bago ko pa malaman ay nasa tuktok na ako at nag-climax sa kanyang mga kamay at sa kanyang maliit at kaakit-akit na damit.
i had to get up soon for choir so i dealt with the feeling of a headache thats not killer but could get that way if you angered it for most of the evening,3,anger,Kailangan kong bumangon nang maaga para sa koro kaya kinailangan kong harapin ang pakiramdam ng pananakit ng ulo na hindi nakakamatay pero maaaring maging ganoon kung iirita mo ito sa buong gabi.
i feel like my fear of end times is gone and i am honestly longing for home more than i ever have in my life,2,love,Parang nawala na ang takot ko sa wakas ng panahon at totoo akong naghahangad ng tahanan nang higit pa kaysa dati sa buhay ko.
i believe and some i feel sadly are not truthful,1,joy,"Naniniwala ako, at mayroon akong nararamdaman na malungkot na hindi totoo."
i give you some tips on overcoming the feelings of being overwhelmed,4,fear,Bibigyan kita ng ilang payo tungkol sa pagtagumpay sa mga damdaming nababalot ng pagod.
i didnt feel as intimidated as i had felt at the beginning of class,4,fear,Hindi ako gaanong natakot kumpara noong una kong pasukan ang klase.
i went home that day feeling very discouraged at all of the ground that i had to make up but with my heart set on fulfilling my destiny,0,sadness,Umalis ako ng bahay noong araw na iyon na lubos na nabigo sa lahat ng kailangan kong itama ngunit may puso akong nakatuon sa pagtupad ng aking tadhana.
i feel longing in myself or see it in others it rises up as a need that will never be quenched a desire never to be extinguished,2,love,"Nararamdaman ko ang pagnanasa sa aking sarili o nakikita ko ito sa iba, ito'y sumisibol bilang isang pangangailangan na hindi mabubusog, isang pagnanais na hindi mawawala."
i struggle to lick my lips and at least ease some of the dry cracked feeling but end up just getting an unwelcome taste of the mask tied over my face,0,sadness,Nagpupumilit akong lapitan ang aking mga labi at kahit papaano ay maibsan ang tuyong at nabasag na pakiramdam ngunit natapos lamang sa isang hindi kanais-nais na lasa ng maskara na nakakabit sa aking mukha.
i tried to convince them that mine wouldnt actually make them feel crappy like the real deal but they were still reluctant to try it,0,sadness,"Sinubukan kong hikayatin silang subukan ang akin dahil hindi naman talaga ito magpapalala sa kanilang pakiramdam gaya ng tunay na bagay, ngunit nananatiling maingat sila sa pagsubok nito."
i feel like we broke the mold at least to some degree when it comes to the stereotype of sibling rivalry,0,sadness,"Parang nabasag natin ang molde, kahit papaano, pagdating sa stereotype ng pagtatalo ng magkakapatid."
i feel utterly depend on my sweet jesus to carry me through the next day hour mile conversation minute,1,joy,"Lubos akong nakadepende sa aking matamis na Hesus na dalhin ako sa susunod na araw, bawat oras, bawat milya, bawat usapan, bawat minuto."
i feel it is unfortunate that governor riley has stated that he and the republican party are raising funds to unseat democrats in the elections,0,sadness,Nakakalungkot na sinabi ni Gobernador Riley na siya at ang Partido Republikano ay nagtitipon ng pondo upang palitan ang mga Demokrata sa halalan.
i feel disturbed inside,0,sadness,Nararamdaman kong nababagabag ang aking loob.
i have this insatiable desire to plant and clean and i m feeling a little bit amorous,2,love,"Mayroon akong hindi mapigilang pagnanais na magtanim at maglinis, at medyo nararamdaman ko ang pag-ibig."
i got the feeling he respected my choice making my way on my own answering to nobody but myself,1,joy,"Naramdaman kong nirerespeto niya ang aking pagpili, ang aking paglalakbay nang mag-isa, at ang aking pagsagot lamang sa aking sarili."
i care about but i feel unimportant to because they have their shit together enough so that they dont need me anymore,0,sadness,"Mahalaga sila sa akin, pero nararamdaman kong hindi na ako mahalaga dahil mayroon silang sariling buhay na kaya nilang pangasiwaan nang wala na ako."
i feel so heartbroken tonight,0,sadness,Napakasakit ng puso ko ngayong gabi.
ive felt the last few days i feel fucking fantastic today,1,joy,"Nararamdaman ko sa mga nakaraang araw, pero ngayon, sobrang ganda ng pakiramdam ko."
i started feeling a bit strange,4,fear,Naramdaman kong medyo kakaiba ang pakiramdam ko.
i feel so happily rebellious,3,anger,Nararamdaman kong sobrang masaya at mapaghimagsik.
i had been feeling extremely homesick the first two days,0,sadness,Napakasakit ng pag-uwi sa mga unang dalawang araw.
a relationship in which i had put my trust,0,sadness,isang relasyon kung saan ibinigay ko ang aking tiwala.
i feel humiliated when mistress watches me mince into bed wearing my frilly pink bloomers and pink babydoll,0,sadness,Nararamdaman kong mapahiya kapag pinapanood ako ng aking mistres habang papasok sa kama na nakasuot ng aking malambot na rosas na bloomers at rosas na babydoll.
i took a mini break from posting pics as i just have not been feeling inspired lately,1,joy,Nagpahinga ako saglit sa pagpo-post ng mga larawan dahil hindi ko nararamdaman ang inspirasyon kamakailan.
im so excited thinking that some hot man might see my sweet little pussy this makes me feel so naughty a naught little girl hehehehehe,2,love,"Napakasaya ko sa isiping baka makita ng isang gwapo ang aking maliit at matamis na pwet, ito'y nagpapasaya sa akin at parang masama ang pakiramdam ko, isang masamang batang babae hehehehehe."
i feel like in some ways im probably not putting myself in vulnerable positions enough and pushing the limits of it,4,fear,"Nararamdaman kong sa ilang paraan, baka hindi ko sapat na ibinababa ang aking mga pader at pinipilit ang aking mga hangganan."
i had been feeling lousy but feeling a little more normal brought so many small things into focus and everything seemed wonderful,0,sadness,Nararamdaman ko ang pagiging hindi maganda ngunit ang pagiging medyo normal ay nagbigay-diin sa maraming maliit na bagay at lahat ay tila kahanga-hanga.
i was tired of feeling unloved and broken and thought maybe that was the way out,0,sadness,"Nagod na ako sa pakiramdam na hindi mahal at nasasaktan, at akala ko baka iyon na ang paraan para mawala ang sakit."
i can barely maintain long distance relationships because im too invested in feeling shitty alone,0,sadness,Mahirap para sa akin ang mapanatili ang mga relasyon sa malalayong distansya dahil sobrang nakakaapekto sa akin ang pakiramdam na nag-iisa at masama ang pakiramdam.
i feel hopeful that we are already taking important action to make these necessary and important changes and that we will actually make an effective change and make it soon,1,joy,Nakaramdam ako ng pag-asa na tayo ay nagsisimula nang kumilos tungo sa mga mahalagang pagbabago at magagawa natin ang epektibong pagbabago nang mabilis.
i feel very emotional down and i tried to put a strong front no matter what his instinct is always right about me being not okay,0,sadness,"Nararamdaman kong sobrang emosyonal at nalulumbay, at kahit sinusubukan kong magpakita ng lakas, ang kanyang intuwisyon ay palaging tama na hindi ako maayos."
i don t really know what the suicide attempt accomplished other than me feeling ashamed embarrassed and stupid,0,sadness,"Hindi ko talaga alam kung ano ang naitulong ng pagtatangka kong magpakamatay maliban sa pagkaramdam ko ng hiya, kahihiyan, at kaisipan na tanga."
im well chuffed made me feel fab straight away,1,joy,"Masaya ako, agad akong nakaramdam ng maganda."
i feel really low it would be nice to have someone to hold me when i cry,0,sadness,"Napakababa ng pakiramdam ko, maganda sana kung may makakasama akong yakapin kapag umiiyak ako."
i dont watch a whole lot however when i do i turn off the tv and feel stunned,4,fear,"Hindi ako madalas manood, pero kapag nagawa ko, pinapatay ko ang telebisyon at nararamdaman ang pagkagulat."
im feeling less generous i call her psychotic,2,love,"Mas hindi na ako mapagbigay, tinawag ko siyang baliw."
i feel like i ve impressed a lot of the scientists with my ability to quickly pick up all the skills expected of a tech,4,fear,Nararamdaman kong napabilib ko ang maraming siyentipiko sa aking kakayahang mabilis na matutuhan ang lahat ng kasanayan inaasahan sa isang teknolohista.
i feel bad about school,0,sadness,Masama ang pakiramdam ko tungkol sa paaralan.
i feel a little disheartened but i dont think i feel bad as maybe i should,0,sadness,"Nararamdaman ko ang kaunting pagkabigo, pero hindi ko akalaing mas masama ang pakiramdam ko kaysa dapat."
i feel like were all pretty supportive of each other,2,love,Nararamdaman kong lahat tayo ay medyo sumusuporta sa isa't isa.
i feel really fucked up why do such things always happen to me,3,anger,"Napakasira ng pakiramdam ko, bakit lagi akong nasasangkot sa ganitong mga bagay?"
i feel so fucking tragic,0,sadness,Napakasakit ng pakiramdam ko.
i may never have a best selling novel i feel joyful and alive when i m writing so i write,1,joy,"Kahit hindi ko man marating ang pagiging best-selling author, masaya at buhay ako kapag nagsusulat kaya't patuloy akong sumusulat."
i feel we do have some control over our petty dissatisfactions by trying to act or think and then feel more positive about our own lives,3,anger,"Nararamdaman kong may kontrol tayo sa ating mga maliit na hindi pagsang-ayon sa pamamagitan ng pagsisikap na kumilos o mag-isip nang positibo, at saka maramdaman ang positibong damdamin tungkol sa ating sariling buhay."
i just feel like i should become an ungrateful bastard instead,0,sadness,Gusto ko lang maging isang walang utang na loob na hayop na lang.
i have a bad feeling about something that should be respected,1,joy,May masamang pakiramdam ako tungkol sa isang bagay na dapat igalang.
i feel like ive resolved some things in the last week,1,joy,Nararamdaman kong naresolba ko na ang ilang bagay sa nakalipas na linggo.
i think what i m going to do is care less about anything that doesn t matter and won t make me feel successful in life,1,joy,"Sa tingin ko, ang gagawin ko ay mag-alala nang mas kaunti tungkol sa mga bagay na walang kabuluhan at hindi magpapasaya sa akin sa buhay."
i would not expect you to understand and if you have i feel horrible for you,0,sadness,"Hindi ko inaasahan na mauunawaan mo ito at kung nauunawaan mo, nararamdaman kong masama para sa iyo."
i feel i was appalled to see a misused apostrophe on the bbc and an incorrect spelling on itv last week,3,anger,Napahiya ako nang makita ang mali gamit na apostrophe sa BBC at mali ang baybay sa ITV noong nakaraang linggo.
ive been feeling for awhile and he looked at me with a surprised look and said is that you,4,fear,"Matagal ko nang nararamdaman at nang tingnan niya ako ng nagulat, sinabi niya, ""Ikaw ba iyon?"""
i began to feel ok,1,joy,Naramdaman kong unti-unting bumuti ang pakiramdam ko.
i don t need to though i must admit i kept comparing myself to the skinny japanese girls i see everyday on the street and just writing that here makes me feel ludicrous,0,sadness,"Hindi ko naman kailangan, bagamat dapat kong aminin, lagi akong inihahambing ang sarili ko sa mga payat na Haponesang babae na nakikita ko araw-araw sa kalye at ang simpleng pagsulat nito dito ay nagpaparamdam sa akin ng kadiri."
i was actually feeling very distressed,4,fear,Talagang malungkot ako noon.
im feeling a bit homesick,0,sadness,Nalulungkot ako dahil nami-miss ko na ang tahanan.
i finally feel sure enough in myself to hold my words where they should be,1,joy,Nararamdaman ko na ngayon ang sapat na tiwala sa aking sarili upang ipahayag ang aking mga salita sa tamang lugar.
i was little i always had this exciting jittery feeling the day before i went on holiday but now im pretty meh about it,1,joy,"Noong bata pa ako, lagi akong kinakabahan at may kilig na nararamdaman bago magbakasyon, pero ngayon, medyo wala na akong gana."
i feel utterly disillusioned,0,sadness,Napakalungkot at nabigo na ako.
i generally like to blog about things that make my day but today im feeling particularly generous so im blogging about something that made my kids day,1,joy,"Karaniwan akong nag-b-blog tungkol sa mga bagay na nagpapasaya sa akin, pero ngayon, lalo akong nagiging mapagbigay kaya nag-b-blog ako tungkol sa isang bagay na nagpapasaya sa aking mga anak."
i feel does my foot hurt a bit maybe but who cares when the rest of me is happily strutting down the streets of this great city,0,sadness,"Nararamdaman ko, medyo nasasaktan ang paa ko marahil, pero sino ang mag-aalala kapag ang iba kong parte ay masaya at naglalakad sa mga kalye ng magandang lungsod na ito."
i wanted to make him feel special on his birthday particularly as he was going to be putting in a looooong day at work,1,joy,"Gusto kong gawing espesyal ang kanyang kaarawan, lalo na't magtatrabaho siya ng mahabang araw."
im sure there are not actually multiple people looking at this crap right now but basically i feel the urge to share something with the few unfortunate people who are probably as bored at work as i currently am,0,sadness,"Sigurado ako na hindi talaga maraming tao ang nakatingin dito ngayon pero sa mga kaunti sana at hindi masyadong swerte na tao na marahil ay kasing-bored sa trabaho gaya ko ngayon, gusto kong ibahagi ang isang bagay."
i heard it somehow it brings me good feeling strange,4,fear,"Narinig ko ito, kakaiba, parang nagbibigay ito ng magandang pakiramdam."
im not feeling overwhelmed by school just yet i only give that a week or so hah,4,fear,"Hindi pa ako nadadaig ng paaralan, isang linggo pa siguro, hah."
i have a feeling they don t find whiskey to be humorous over there at the health department,1,joy,May kutob akong hindi nila nakikita ang katatawanan sa alak sa departamento ng kalusugan.
i feel kind of strange,4,fear,Nararamdaman kong kakaiba.
im feeling it now my soul cries it aches for your laugh that sweet melodious voice it pains my dear,2,love,"Nararamdaman ko na ngayon, umiiyak ang aking kaluluwa, ito'y nasasaktan dahil sa iyong tawa, sa iyong matamis at melodiyang tinig, ito'y nagdudulot ng sakit, mahal ko."
im just feeling more generous as i get older,1,joy,Mas nagiging mapagbigay ako habang tumatanda ako.
i am reminded that this heartache im feeling is a gentle nudge,2,love,Napapaalala ako na ang sakit ng puso kong nararamdaman ay isang banayad na pahiwatig.
i only watch about television shows regularly and even those feel like a time commitment that pulls on me when i just want to be entertained,1,joy,"Nakikita ko lang halos mga palabas sa telebisyon nang regular, at kahit iyon ay parang isang pangako ng oras na humihila sa akin kapag gusto ko lang maglibang."
i feel so unwelcome here now and im leaving tonight once benno finishes his motorcycle lesson,0,sadness,Nararamdaman kong hindi ako tinatanggap dito ngayon at aalis ako ngayong gabi pagkatapos matapos ni Benno ang kanyang aralin sa motorsiklo.
im still feeling a little shaken,4,fear,Parang medyo nababagabag pa rin ako.
im feeling a bit bitchy tonight so i will be,3,anger,Nararamdaman kong medyo maarte ako ngayong gabi kaya magiging...
i have teamed it with a slouchy studded jacket that i picked up from warehouse in the sale and feel nicely smart,1,joy,Pinagsama ko ito sa isang maluwag na jacket na may studs na nakuha ko sa Warehouse noong may sale at nararamdaman kong maganda at maayos ang itsura.
i let myself think about my behaviour towards you when we were children i feel a strange mix of guilt and admiration for your resilience,4,fear,Pinayagan ko ang aking sarili na isipin ang aking pag-uugali sa iyo noong tayo ay mga bata; nararamdaman ko ang kakaibang halo ng pagsisisi at pagpapahalaga sa iyong katatagan.
i am tired and i feel defeated,0,sadness,Pagod na ako at parang natatalo na ako.
im feeling a little romantic,2,love,Nararamdaman ko ang kaunting pagiging romantiko.
i did feel defeated,0,sadness,Nadama kong talo na ako.
i think i m royally screwed up and heading down a one way street to crazy town but because i ve recently come to realize that things about my past affect how i am today even when i don t realize it and even when i don t feel damaged,0,sadness,Akala ko'y lubos akong nabigo at patungo sa isang daan patungo sa pagkabaliw ngunit dahil kamakailan ko lamang napagtanto na ang mga bagay tungkol sa aking nakaraan ay nakakaapekto sa kung sino ako ngayon kahit hindi ko namamalayan at kahit hindi ko nararamdaman ang pinsala.
i say no i feel guilty img src http var,0,sadness,"Hindi ako sumasang-ayon, nararamdaman kong may sala ako."
i woke up today with totally no text so i was feeling pretty gloomy at first then my precious idiotic don called and cheered me up,0,sadness,"Gumising ako ngayon na walang kahit anong mensahe kaya medyo malungkot ako sa simula, pero pagkatapos ay tumawag ang mahal kong bobo at nagpasaya sa akin."
i cant help but feel that it is somewhat special,1,joy,Hindi ko mapigilang maramdaman na may kakaiba itong pakiramdam.
i was feeling brave and wanted to try my hand at free motion quilting,1,joy,Nararamdaman kong matapang at gustong subukan ang libreng pag-quilting.
i do still feel melancholy at times but that too can be chased away if i just keep my mind occupied,0,sadness,"Minsan pa rin ako nakakaramdam ng kalungkutan, ngunit mawawala rin iyon kung patuloy akong bibigyan ng aking isipan ng ibang bagay."
i wish i could say fuck you to people who make me feel insecure for ever to have existed,4,fear,"Sana makasabi ko ng ""putang ina"" sa mga taong nagpapakita sa akin na hindi ako dapat umiiral."
im feeling bitchy and unappreciated today,3,anger,Nararamdaman kong maarte at hindi pinahahalagahan ngayon.
im feeling energetic this morning,1,joy,Masigla ako ngayong umaga.
i feel like this is like fake bogart said at one point in the show,0,sadness,"Parang pekeng Bogart ito, sabi niya minsan sa palabas."
i was made to feel that i was damaged and not good or giving enough when in reality nothing is ever enough,0,sadness,"Naramdaman kong nasira at hindi sapat o nagbibigay ng sapat na bagay, kahit sa katotohanan wala namang sapat."
i am not sure why in that moment that i thought i would be able to feel it hellip but it was pretty funny,4,fear,"Hindi ko sigurado kung bakit sa sandaling iyon, akala ko kaya kong maramdaman iyon... pero medyo nakakatawa naman pala."
i still have the wtf feeling and regretful feeling until today though just a kiss but a stranger,0,sadness,"Nararamdaman ko pa rin ang pakiramdam na ""wtf"" at pagsisisi hanggang ngayon kahit isang halik lang mula sa isang estranghero."
im feeling extraordinarily dazed and bewildered this arvo for no particular reason and my muscles all hurt even though i dont actually have any,4,fear,Napakadungis at nalilito ko ngayon ng walang dahilan at masakit ang mga kalamnan ko kahit wala akong nararamdamang pinsala.
i were dating myself right now i d be telling my girlfriends that i feel ignored unloved under appreciated and like i m not a priority,0,sadness,"Kung ako'y nag-de-date ngayon, sasabihin ko sa aking mga kaibigan na nararamdaman kong hindi ako pinapansin, hindi mahal, hindi pinahahalagahan, at parang hindi ako prioridad."
ive had this urgent feeling to write to you and tell you how the files make me feel but have felt hesitant because of fear as to where it will lead me,4,fear,"Mayroon akong matinding pangangailangan na sumulat sa iyo at sabihin kung paano ang mga dokumento ay ginagawa akong maramdaman, ngunit nag-aalinlangan ako dahil sa takot kung saan ito ako dadalhin."
i feel so immensely blessed that i was chosen to be little joeys mom,2,love,Napakalaking biyaya na makapili akong maging ina ni Little Joey.
im sure the bundle guys are feeling pretty generous this time of year,2,love,Sigurado akong ang mga nagbibigay ng regalo ay nararamdaman ang pagiging maluwag sa kanilang kalooban ngayong panahon.
i do hope that some simply transferred to another benedictine monastery that they didn t all feel so disillusioned that they walked away from monastic life altogether,0,sadness,Sana'y ilan lamang ang lumipat sa ibang monasteryo ng Benedictino upang hindi sila lahat mawalan ng pag-asa at iwanan ang buhay monghe.
i arrived at the monastery one week later i was feeling terrified,4,fear,"Isang linggo matapos ang aking pagdating sa monasteryo, naramdaman kong natatakot ako."
i suddenly felt how statesmen feel when mobbed by the press or how doomed men feel right before they are lynched or stoned by a mob,0,sadness,Bigla akong naunawaan kung paano nararamdaman ng mga estadista kapag binubuhusan ng mga tanong ng mga mamamahayag o kung paano nararamdaman ng mga pinagkaitan ng buhay bago sila linlangin o bato ng mga tao.
i go while feeling foolish so many times,0,sadness,Naglalakad ako habang nadarama ang kahihiyan nang paulit-ulit.
i contend that the acceptance is a bow to the culture which requires it and christians today feel shamed by a new morality,0,sadness,"Ipinaglalaban ko na ang pagtanggap ay isang pagpupugay sa kultura na nangangailangan nito, at ang mga Kristiyano ngayon ay nadarama ang kahihiyan dahil sa bagong moralidad."
i hope that you enjoyed viewing and feel free to leave a comment,1,joy,Sana nasisiyahan kayo sa pagtingin at huwag mag-atubiling mag-iwan ng komento.
i thought i was doing what was best for my child but my pediatrician made me feel like a neglectful mom,0,sadness,"Akala ko'y ginagawa ko ang makakabuti para sa aking anak, ngunit ang aking pedyatrisyan ay nagpaparamdam sa akin na parang isang ina na hindi nag-aalaga."
i meant before i took some photos for a cube magazine our school magazine and they made a video from some materials from that day aaaand after stealing it i feel like showing it as well,1,joy,"Ibig kong sabihin, bago ko kinunan ang ilang litrato para sa Cube Magazine, ang aming paaralan magazine, at ginawa nila ang isang video mula sa ilang materyales noong araw na iyon, aaaand pagkatapos nilang magnakaw nito, parang gusto kong ipakita rin ito."
i feel so calm with the routine rinse wash with detergent rinse take outside to line dry,1,joy,"Nararamdaman kong sobrang kalmado kapag sumusunod ako sa pang-araw-araw na gawain ng banlawan, hugasan gamit ang sabon, banlawan ulit, at i-i-linya sa labas para matuyo."
i have a small history of hiding when i feel awkward,0,sadness,Mayroon akong kaunting kasaysayan ng pagtatago kapag nararamdaman kong hindi komportable.
i like it on croissants when im feeling naughty but just eating it alone in a bowl or on a bed of lettuce leaves is satisfying too,2,love,"Gustung-gusto ko ito sa mga croissant kapag may kalokohan ako, pero masarap din itong kainin nang mag-isa sa isang mangkok o sa ibabaw ng dahon ng lettuce."
i was wrong to feel overly optimistic about the crossfit workout,1,joy,Mali akong maging sobra-sobrang optimistiko tungkol sa Crossfit workout.
i feel very graceful today,1,joy,Nararamdaman kong napakaganda at maayos ng aking kilos ngayon.
i can t imagine that it is a newly developed tendency and the realization that i have made things so much harder on myself over the years leaves me feeling mad at myself,3,anger,Hindi ko maimagine na ito ay isang bagong umusbong na ugali at ang pagtuklas na aking ginawa ang mga bagay na napakalaki ng paghihirap sa aking sarili sa nakalipas na mga taon ay nagpapasakit sa akin sa aking sarili.
i cant give you all what i wanted to and i feel it in my aching heart my sweaty palms and my sleep deprived addled brain,0,sadness,"Hindi ko maibibigay sa iyo ang lahat ng gusto ko at nararamdaman ko ito sa aking nasasaktan na puso, pawis na mga kamay, at pagod na, naliligaw na utak."
i feel i want to be carefree but all that is left inside of me is emtyness,1,joy,Nararamdaman kong gustong maging malaya ngunit ang natitira lamang sa akin ay kawalan.
i havent been feeling too well lately,1,joy,Hindi ako gaanong mabuti ang pakiramdam kamakailan.
i feel that my labors are in vain when i don t see the expected results of my efforts,0,sadness,Nararamdaman kong walang saysay ang aking pagsisikap kapag hindi ko nakikita ang inaasahang bunga ng aking pagod.
im weary i feel burdened and i could definitely use some rest,0,sadness,"Pagod na ako, parang may mabigat na pasan, at talagang kailangan ko ng pahinga."
i could feel him before i saw him and he smelt delicious,1,joy,Naramdaman ko siya bago ko siya nakita at amoy niya ay masarap.
i feel so regretful that i let such mundane things as work and school get in the way,0,sadness,Napakasakit isipin na pinahintulutan kong mahadlangan ng mga simpleng bagay tulad ng trabaho at pag-aaral ang aking mga pangarap.
i do find myself confused when i feel no pain and when my pain becomes resigned understanding a warm memory of a beautiful girl locked away for no one to ruin to taint,0,sadness,Nakakabighani ako kapag hindi ako nakaramdam ng sakit at kapag ang aking sakit ay naging pagtanggap na mainit na alaala ng isang magandang babae na nakakulong para walang makasira o makalason.
i feel like i am so pathetic selfish and unbelievably lazy i want to find a new job as the old one is just annoying me so much i can not describe that,0,sadness,"Nararamdaman kong napakalungkot, makasarili, at sobrang tamad ko. Gusto kong maghanap ng bagong trabaho dahil ang dati kong trabaho ay sobrang nakakainis at hindi ko mailarawan kung gaano."
i am made to feel embarrassed about my injuries but in my circle of horse friends i am supported we all are,0,sadness,"Nararamdaman kong nahihiya tungkol sa aking mga sugat, ngunit sa aking grupo ng mga kaibigan na mahilig sa kabayo, sinusuportahan ako, at lahat tayo ay sinusuportahan din."
i think i should tell him how i feel the moment i see him looking for something dumb to do,0,sadness,Iniisip ko na dapat kong sabihin sa kanya kung ano ang nararamdaman ko habang nakikita ko siyang naghahanap ng mga walang kwentang gawin.
i basically feeling a bit grumpy most of the time coz i was hungry,3,anger,"Karamihan sa oras, medyo maungol ako dahil gutom ako."
i feel mad whats your,3,anger,"Galit ako, ano naman sayo?"
i never thought id feel so much as a jot of sympathy for hussein whom i always viewed as a jumped up petty thug whatever my thoughts may be about actions against his administration,3,anger,"Hindi ko akalaing mararamdaman ko ang ganitong kalakas na awa para kay Hussein, na lagi kong tinitingnan bilang isang maliit at walang kwentang tulisan, kahit ano man ang aking pananaw tungkol sa mga aksyon laban sa kanyang administrasyon."
i was a feeling a bit low a few weeks back and i just focused on all the things that werent right in my life at the moment the requests that i had made that hadnt been granted,0,sadness,"Noong mga nakaraang linggo, medyo nalulumbay ako at nakatuon lamang sa mga bagay na hindi tama sa aking buhay sa kasalukuyan, ang mga kahilingan ko na hindi natupad."
im feeling horny right now,2,love,Gusto kong mag-sex ngayon.
i was so traumatised by the pestilence that i was feeling quite delicate and couldnt cook so we had to buy expensive and unhealthy convenience foods from the supermarket in order to avoid starvation,2,love,Napaka-traumatize ko dahil sa pandemya kaya medyo mahina ako at hindi makapagluto kaya kailangan naming bumili ng mahal at hindi malusog na mga pagkain sa supermarket para hindi kami magutom.
i watch dramas in order to feel like my mood is not an isolated incident,0,sadness,Pinapanood ko ang mga drama upang maramdaman na ang aking kalooban ay hindi isang hiwalay na pangyayari.
i thought breaking up with my best friend of years would make me bitter and feel hateful towards her,3,anger,Akala ko magiging mapait at magkakaroon ng galit sa kanya pag naghiwalay kami ng matagal kong kaibigan.
i then open my eyes and shes gone i cant help but feel alone,0,sadness,"Pagkatapos kong buksan ang aking mga mata, wala na siya. Hindi ko mapigilan ang pakiramdam na nag-iisa ako."
i feel like this may be a delicate situation and whatever choices i make this weekend could potentially have a big effect on my life,2,love,Nararamdaman kong maaaring delikado ang sitwasyon na ito at ang anumang desisyon na gagawin ko ngayong weekend ay maaaring magkaroon ng malaking epekto sa aking buhay.
i had no idea how he had been feeling unimportant to me and i was beyond upset that he had not been honest with me about his feelings,0,sadness,Hindi ko alam kung paano siya nararamdaman na hindi mahalaga sa akin at lubos akong nasaktan na hindi niya ako tapat tungkol sa kanyang nararamdaman.
i cant do anything about it except for feel devastated i cant do anything practical about it yet,0,sadness,"Hindi ko magagawa ang kahit ano tungkol dito maliban sa maramdaman ang pagkabigo, hindi ko pa magagawa ang kahit anong praktikal na hakbang tungkol dito."
i can feel our blessings and i am so very very thankful,1,joy,Nararamdaman ko ang ating mga biyaya at sobrang nagpapasalamat ako.
i feel nervous when anyone gets too close,4,fear,Nakakakaba kapag papalapit ang kahit sino.
i like to add a slice of cheese and some pepper to the egg and when i am feeling naughty i like to add some chocolate chips to my trail mix another treat i am loving as a pregnant mom who often craves a sweet but doesn t want to overload on sugar or empty calories is zico coconut water in chocolate,2,love,"Gustung-gusto kong magdagdag ng isang hiwa ng keso at kaunting paminta sa itlog, at kapag nasa trip ako, nagdaragdag ako ng mga tsokolateng chips sa aking trail mix. Isa pang pagkain na aking minamahal bilang isang buntis na madalas na nagugutom ng matamis ngunit ayaw mag-overload ng asukal o walang laman na calories ay ang Zico coconut water sa lasa ng tsokolate."
i feel special joy in your elevation to this post,1,joy,Nararamdaman kong espesyal ang aking kagalakan sa iyong pag-akyat sa posisyon na ito.
i look hot i get leers that make me feel like i might get assaulted,4,fear,"Nakakainit ako, nakakatanggap ako ng mga tingin na parang sasaktan nila ako."
i would feel awkward when someone tells his or her feelings towards me,0,sadness,Magiging hindi komportable ako kapag may nagsasabi ng kanyang nararamdaman para sa akin.
i have been on the receiving end of every one of the above so i know firsthand how they make you feel and so do plenty of other people many are strangers on the street that are convinced they must know mom from somewhere because she surely does know them,1,joy,"Nakaranas na ako ng lahat ng nabanggit kaya alam ko nang personal ang kanilang nararamdaman at marami pang iba, maraming estranghero sa kalye na naniniwala na dapat nilang kilala ang nanay ko dahil tiyak na kilala rin niya sila."
i feel the cool in their wings as they brush my face and walk across my outstretched hand,1,joy,Nararamdaman ko ang lamig sa kanilang pakpak habang dumadaan sila sa aking mukha at naglalakad sa aking nakalahad na kamay.
i often feel that everything around me is so vain and purposeless,0,sadness,Madalas kong maramdaman na ang lahat ng bagay sa paligid ko ay walang kabuluhan at walang hangarin.
i love it dont get me wrong i just dont want to keep feeling lame whilst i learn,0,sadness,"Mahal ko ito, huwag kang mag-alala, pero ayaw kong maramdaman ang pagiging bobo habang natututo."
im feeling really really left out and somewhat dissatisfied with everything,3,anger,Napakasakit ng pakiramdam na talagang iniwan at medyo hindi kontento sa lahat ng bagay.
i know how that feels hermione said in a surprisingly sympathetic voice,2,love,"Alam ko kung paano iyon nararamdaman, sabi ni Hermione sa isang nakakagulat na maunawain na tinig."
i dont know why i feel joyful that people went to my blog today and saw one of the entries,1,joy,Hindi ko alam kung bakit ako nakakaramdam ng saya dahil pumunta sa aking blog ang mga tao ngayon at nakita ang isa sa aking mga entry.
i am feeling romantic on this beautiful summers day rel bookmark permalink,2,love,Nararamdaman kong romantiko ngayon sa magandang araw ng tag-araw.
i generally use this icon when im feeling playful or childish which is a fairly large percentage of the time,1,joy,"Karaniwan kong ginagamit itong icon kapag masaya at parang bata ako, na halos lagi naman akong nararamdaman."
i hadnt but i told him that it had to be coming soon because i had been feeling all of the symptoms crampy tender tired etc,2,love,"Hindi ko pa naranasan, pero sinabi ko sa kanya na dapat malapit na dahil nararamdaman ko na ang lahat ng sintomas: pananakit ng tiyan, pagiging sensitibo, pagod, atbp."
im feeling a real casual day ill go for brown eyeliner instead,1,joy,Nararamdaman kong magiging isang simpleng araw kaya pipili ako ng kayumanggi eyeliner.
i di spazzola prima di andare a dormire one hundred strokes of the brush before bed though she didnt support the film because she feels that its not loyal to her novel,2,love,"Hindi siya gumagamit ng spazzola bago matulog, isang daang hampas ng kutsilyo bago matulog, bagama't hindi niya sinusuportahan ang pelikula dahil sa palagay niya ay hindi ito tapat sa kanyang nobela."
i relaxed and nodded feeling assured that someone i love is safe and pampered even if he s no longer with me,1,joy,"Nakarelaks ako at tumango, nakaramdam ng katiyakan na ligtas at inaalagaan ang isang mahal ko kahit na wala na siya sa tabi ko."
i venture back up north and for the big day i m feeling very festive,1,joy,"Naglalakbay ako pabalik sa hilaga at para sa malaking araw, nararamdaman kong napakagalak."
i do know is this i have no desire to spend my life feeling discontent so i seek a solution to the problem,0,sadness,"Alam ko lamang ito: wala akong hangarin na gugulin ang aking buhay na nakaramdam ng hindi pagsang-ayon, kaya hinahanap ko ang solusyon sa problema."
i have had a lot of uncaring men in my life and it still feels strange to have several that call come by and reach out to me when i am at my weakest moments,4,fear,"Marami akong nakilalang walang malasakit na lalaki sa buhay ko, at kakaiba pa rin ang pakiramdam na may ilang tumatawag at umaabot sa akin kapag ako'y nasa aking pinakamahihina."
i feel like amazing x men compensated enough to earn it a out of,4,fear,Parang nararamdaman kong ang mga Amazing X-Men ay sapat na nabayaran para dito.
i was feeling a bit pathetic and sorry for myself,0,sadness,Nararamdaman ko ang pagiging kaawa-awa at pagsisisi sa aking sarili.
i upset you over the last few days i m ok the clouds are clearing and i m feeling more positive,1,joy,"Nag-aalala ako dahil nasaktan kita sa nakalipas na ilang araw, ngunit ako'y maayos na. Lumalabas na ang araw at mas positibo na ako ngayon."
i think i feel myself flushing don t be alarmed i m on a headache medicine that causes that sometimes,4,fear,"Akala ko nararamdaman kong namumula ako, huwag kang mag-alala, nasa gamot ako para sa sakit ng ulo na minsan nagdudulot nito."
i feel that she was trying to hurt me,0,sadness,Nararamdaman kong sinusubukan niyang saktan ako.
i feel better i dont for a little bit,1,joy,"Mas mahusay na ako, hindi na ako masyadong nahihirapan."
i came to china feeling a little frightened of everything around me,4,fear,Pumunta ako sa Tsina na medyo natatakot sa lahat ng nakapaligid sa akin.
i usually take on to more protein when i start to feel lethargic,0,sadness,Karaniwan akong kumakain ng mas maraming protina kapag nararamdaman kong pagod.
i feel guilty for it may affect my supply then i go back to the routine again diligently,0,sadness,"Nararamdaman kong may sala ako dahil baka maapektuhan ang aking suplay, saka bumalik ako sa dati kong masipag na gawain."
i can say my body doesnt feel deprived because it isnt being deprived of nutrition,0,sadness,Maaari kong sabihin na hindi nararamdaman ng aking katawan ang kakulangan dahil hindi ito kulang sa sustansya.
i have a very difficult time allowing people to do nice things for me without feeling either insulted or like i m in their debt,3,anger,Nahihirapan akong hayaan ang mga tao na gumawa ng magagandang bagay para sa akin nang hindi ako nadarama na nasasaktan o parang may utang ako sa kanila.
i feel horrible or even depressed that i try to fake myself out with positivity,0,sadness,Nararamdaman kong napakasama o halos malungkot kaya pinipilit kong magmukhang positibo.
i feel that california democrats a little too smug in their safely liberal districts lend much value added to any serious debate but i usually find them less offensive,1,joy,"Nararamdaman kong ang mga Demokrata sa California na medyo mapagmataas sa kanilang ligtas na mga distrito na may liberal na pananaw ay nagdaragdag ng halaga sa anumang seryosong talakayan, ngunit karaniwan kong nakikita silang mas hindi nakakasakit."
i underlined make you feel whenever i hear about him referring to me as his or especially his precious child i feel so wonderful,1,joy,"Nakakatuwa akong marinig na tinutukoy niya ako bilang kanyang anak, lalo na bilang kanyang mahal at minamahal na anak."
i feel the sweet red leaves,2,love,Nararamdaman ko ang matamis na pulang dahon.
i am really not expecting it somehow it made me feel shy but then it s been a while part,4,fear,"Talagang hindi ko inaasahan iyon, pero sa isang paraan, nagpahiya ito sa akin, ngunit matagal na rin naman."
i feel i have been too damn considerate of others in the area of interpretations,2,love,Nararamdaman kong labis akong nag-aalaga sa iba sa pagbibigay kahulugan.
i feel dazed deserted,4,fear,Nararamdaman kong naliligaw at iniwan.
i feel very disheartened today,0,sadness,Napakasakit ng pakiramdam ko ngayon.
i did not want to feel discouraged looking at a gain,0,sadness,Ayaw kong mawalan ng pag-asa kahit nakikita ko ang isang pagtaas.
i am feeling generous at this time i will answer your questions,1,joy,"Nararamdaman kong mapagbigay ngayon, sagutin ko ang iyong mga tanong."
i feel surprised that scientists to actually question about how it is weird for the initial conditions of the universe to be fine tuned to very special values such that our universe is almost flat,4,fear,Nagulat ako na may mga siyentipiko na nagtatanong kung bakit kakaiba na ang mga unang kondisyon ng sansinukob ay napakahusay na nababagay sa mga partikular na halaga upang ang ating sansinukob ay halos patag.
i feel less bothered of things happening around me,3,anger,Mas kaunting pag-aalala na nararamdaman ko sa mga nangyayari sa paligid ko.
i still feel vulnerable and hurt but its manageable,4,fear,Nararamdaman ko pa rin ang kahinaan at sakit ngunit kaya kong harapin.
i bought some eggs and because i was feeling adventurous i also got a whole chicken and an oxtail,1,joy,"Bumili ako ng ilang itlog at dahil nagnanais akong mag-eksperimento, kinuha ko rin ang isang buong manok at isang buntot ng baka."
i allowed people tonight to make me feel as though i was far less superior to them because i felt less attractive less popular and less able to be part of a community,1,joy,"Pinayagan ko ang mga tao ngayong gabi na maramdaman nila akong hindi gaanong mas mataas sa kanila dahil nararamdaman kong hindi gaanong maganda, hindi gaanong sikat, at hindi gaanong kakayanin na maging bahagi ng isang komunidad."
i is so brave to express her feelings for tomoe despite being rejected,0,sadness,Napakabait niya na ihayag ang kanyang nararamdaman kay Tomoe kahit na tinanggihan siya.
i felt happy when i received the letter telling me that i had been admitted to the university,1,joy,Masaya ako nang makatanggap ako ng liham na nagsasabi na tinanggap na ako sa unibersidad.
i feel a bit jaded and weary of the world,0,sadness,Nararamdaman kong medyo pagod at nababagabag sa mundo.
i still feel so amazed knowing i stood right in front of jason,4,fear,Parang hindi pa rin makapaniwala na nakatayo ako harapan ni Jason.
i guess i feel insecure and anxious,4,fear,"Siguro, nararamdaman kong hindi ako sigurado at kinakabahan."
i feel bitter theofilou said of the lack of support to nods of agreement by kastrioti who waited for her turn to board,3,anger,"""Malungkot ako,"" sabi ni Theofilou, tungkol sa kakulangan ng suporta, habang tumango si Kastrioti na naghihintay ng kanyang pagkakataon upang sumakay."
i still need to brush my teeth but i have already taken my pills showered and eaten breakfast so i am feeling virtuous for a moment or two,1,joy,"Kailangan ko pa magsipilyo ng ngipin pero kinain ko na ang gamot, naligo, at kumain ng almusal kaya nararamdaman kong mabuti kahit saglit lang."
i feel as it is imprinted in my brain by now how vital stress in the college community,1,joy,Nararamdaman kong parang nakaukit na sa aking utak kung gaano kahalaga ang stress sa komunidad ng kolehiyo.
im feeling overwhelmed by college with everything else that had happened this semester,4,fear,Nadarama kong napakarami at nakakabigat ang mga bagay sa kolehiyo ngayong semestre lalo na sa lahat ng nangyari.
i feel so privileged to have been selected by can fund to receive this support,1,joy,Nararamdaman kong lubos na pinagpala dahil napili ako ng Can Fund upang makatanggap ng ganitong suporta.
i wish that i didnt feel the way i do i wear my heart on my sleeve you have to believe the things i say arent in vain believe me theyre true,0,sadness,"Sana hindi ko nararamdaman ang nararamdaman ko ngayon. Inihahayag ko ang aking puso, kailangang maniwala ka na ang aking sinasabi ay hindi walang kabuluhan. Paniwalaan mo ako, totoo iyon."
i was so panicked i didn t feel it when my nails broke against the impenetrable wall of ice leaving red crescents of blood welling up on sensitive skin,0,sadness,"Napakapanik na ako, hindi ko naramdaman nang masira ang aking mga kuko sa matibay na pader ng yelo, na nag-iiwan ng pulang marka ng dugo na tumataas sa sensitibong balat."
i feel very much relieved d i am so happy and i quickly finished a small scissor fob,1,joy,"Napakagaan ng pakiramdam ko ngayon, sobrang saya ko at mabilis kong natapos ang maliit na scissor fob."
im totally feeling bitchy and resentful about it,3,anger,Ganap akong nararamdaman ang pagiging mapagtago at nagrereklamo tungkol dito.
i feel awkward because i have a grown child of my own but at the same time i try to place myself in their shoes and when i do that i realize i would do the same for my child no matter the age,0,sadness,"Nararamdaman kong kakaiba dahil may anak na ako na matanda na ngunit sa parehong oras, sinusubukan kong ilagay ang aking sarili sa kanilang posisyon at kapag ginawa ko iyon, napagtanto kong gagawin ko rin ang pareho para sa aking anak kahit anong edad niya."
i wasn t feeling reluctant because i was spending money we don t really have an ipad at x price is way out of the question,4,fear,"Hindi ako nag-atubiling magastos dahil ginagamit namin ang pera na wala naman talaga, at ang iPad sa presyong iyon ay hindi naman mapagpipilian."
i know what i believe and how i feel but some part of me is still hesitant because the old me would have said that anyone who believed there was a god was crazy,4,fear,"Alam ko kung ano ang aking paniniwala at nararamdaman, ngunit may bahagi sa akin na nag-aalinlangan dahil ang dating ako ay sasabihin na baliw ang sinumang naniniwala sa Diyos."
i feel i can be a bit selfish myself,3,anger,Nararamdaman kong maaari akong maging isang maliit na makasarili rin.
i feel bothered at the fact that some of us have been given so many chances but i don t see the least bit of appreciation and utter gratefulness downright from their souls,3,anger,Nakakabigo para sa akin na ang ilan sa atin ay binigyan ng maraming pagkakataon ngunit hindi ko nakikita kahit anong pagpapahalaga at tunay na pasasalamat mula sa kanilang mga kaluluwa.
i feel like i was aching for the summer to come and now it is slipping away so fast but doesnt it always,0,sadness,"Parang ako'y naghihintay ng tag-araw at ngayon ay parang mabilis itong lumilipas, ngunit hindi ba ganito palagi?"
i didnt feel angry i didnt feel bitter i felt,3,anger,"Hindi ako nagalit, hindi ako nagdamdam, naramdaman ko lang."
i feel discouraged or even a little sad cause i havet had a long term relationship,0,sadness,Nararamdaman kong nababawasan ang aking loob o kahit papaano ay nalulungkot dahil wala akong matagal nang relasyon.
i always feel dirty and used,0,sadness,Lagi akong nakakaramdam na marumi at ginamit.
i feel ugly he can smile at me with this look in his eye and i know that not only does he love me but he is still in love with me,0,sadness,"Nararamdaman kong pangit ako, ngunit kaya niyang ngumiti sa akin ng ganitong tingin sa mata niya at alam kong hindi lamang niya ako minamahal, kundi patuloy pa rin siyang nakakakita ng pag-ibig sa akin."
i feel very contented and happy upon seeing him,1,joy,Napakasaya at kontento ako nang makita siya.
i could feel its warmth in the strange stillness and it comforted me,4,fear,Nararamdaman ko ang init nito sa kakaibang katahimikan at ito'y nagpakalma sa akin.
i feel hate whoever that love me or caring towards me,2,love,Naiinggit ako sa sinumang magmahal o aalaga sa akin.
i have days were i prefer to be the submissive it is a simple life i feel on the days i am submissive i do my best to please him he seems to be happy enough after two years of having me,0,sadness,"May mga araw na mas gusto kong maging pasibong, isang simpleng buhay ang nararamdaman ko sa mga araw na iyon. Ginagawa ko ang aking makakaya upang mapasaya siya, at mukhang sapat na siyang masaya pagkatapos ng dalawang taon na kasama ako."
im feeling dull and bored,0,sadness,Nakakabagot at nakakainip ang pakiramdam ko.
i now worried but i was starting to feel pretty dumb for not even knowing the basics,0,sadness,"Ngayon ay nag-aalala ako, pero simula nang maramdaman kong medyo bobo dahil hindi ko man lang alam ang mga pangunahing bagay."
i feel like a lot of people are intimidated by false lashes because it seems like a largely unnecessary process during your makeup routine,4,fear,Nararamdaman kong maraming tao ang natatakot sa paggamit ng pekeng pili dahil tila isang hindi kinakailangang proseso sa kanilang pag-aayos ng mukha.
i was not going to be able to sleep until i knew how it ended and mostly because of another thing which i am not even going to talk about here because it makes me angry all over again and also because i feel horribly neurotic and immature getting upset about it and so we will gloss over that bit,4,fear,"Hindi ako makakatulog hangga't hindi ko alam kung paano nagtapos ang lahat, lalo na dahil sa isa pang bagay na hindi ko sasabihin dito dahil nagagalit ako ulit kapag naaalala ko ito, at dahil nararamdaman kong lubhang nerbiyos at immatur na magalit tungkol dito kaya hayaan na natin ang bahaging iyon."
im feeling particularly melancholy i will talk myself into a place of peace,0,sadness,"Nararamdaman kong malungkot ngayon, aayusin ko ang aking isipan upang makarating sa isang lugar ng kapayapaan."
i feel delighted to showcase this journey,1,joy,Masaya akong ipakita ang paglalakbay na ito.
i get frustrated with the fact that i don t always feel appreciative for the hand i ve been dealt and for the people i love in life,1,joy,Nagagalit ako sa katotohanang hindi ko palagi nararamdaman ang pagpapahalaga sa mga natanggap kong biyaya at sa mga taong minamahal ko sa buhay.
i sat in the dark of my room for a few minutes trying to figure out if i should feel offended or whether i should heed the advice,3,anger,"Naupo ako sa dilim ng aking silid nang ilang minuto, sinusubukan kong malaman kung dapat akong magalit o dapat kong sundin ang payo."
i feel fake sharing the joyful and creative pursuits of our family,0,sadness,Parang pekeng-peke akong nagbabahagi ng mga masayang at malikhaing gawain ng aming pamilya.
i feel like i am meant to partner up be supportive lend a hand or a heart and yet i resent this feeling,2,love,"Nararamdaman kong ako ay dapat magkapares, maging mapagkalinga, tumulong, o magbigay ng suporta, ngunit kinamumuhian ko ang pakiramdam na ito."
i haven t felt in the real life such as the feeling that comes after the successful adventure etc,1,joy,"Hindi ko naranasan sa tunay na buhay ang ganitong pakiramdam, tulad ng nararamdaman pagkatapos ng isang matagumpay na pakikipagsapalaran."
i burst out feeling shaken because i was pretty sure i d just hit a bird,4,fear,Nag-init ang aking damdamin at nabigla ako dahil halos sigurado akong nabangga ko lang isang ibon.
i like a good challenge but not at the expense of feeling humiliated,0,sadness,Gustung-gusto kong harapin ang isang magandang hamon ngunit hindi kung ito ay magdudulot ng pagkahiya.
i spend obsessing over my decisions and feeling anxious,4,fear,Naguguluhan ako sa pag-iisip ng aking mga desisyon at nararamdaman ang kaba.
i have a guy im actually feeling hilariously fond of,2,love,May isang lalaki akong tunay na nakakatawang pinagkakagusto.
i feel so horrible when i am not accomplishing something,0,sadness,Napakasama ng pakiramdam ko kapag hindi ako nakakagawa ng kahit ano.
im still contagious and while i am desperately wanting to cuddle him id feel rotten if i let my selfish physical wants get him sick,0,sadness,"Ako'y patuloy pa ring nakakahawa at bagama't lubos kong nais na yakapin siya, masama ang pakiramdam ko kung hahayaan kong ang aking makasariling pisikal na hangarin ay magkasakit siya."
i could feel julia hesitate as she wasn t yet convinced she should talk to this woman,1,joy,Naramdaman kong nag-atubiling si Julia dahil hindi pa siya sigurado kung dapat niyang kausapin ang babaeng iyon.
i feel ugly disgusted and like a pig,0,sadness,"Nararamdaman kong pangit, sumasakit ang aking sikmura, at parang baboy ako."
i wound up with something lodged in my oesophagus which didn t feel pleasant to put it lightly,1,joy,"Nagtapos ako na may nakakabit sa aking esophagus na hindi nakakatuwa, upang sabihin nang mahinahon."
i don t feel a lack of respect or love in the space just harder partying than i am personally comfortable with,1,joy,"Hindi ko nararamdaman ang kakulangan ng respeto o pagmamahal sa lugar, kundi mas mahilig sa masiglang pagdiriwang kaysa sa aking personal na komportable."
i feel i am more blessed than i can ever say,2,love,Nararamdaman kong mas pinagpala ako kaysa sa aking maibibigay na salita.
i was feeling quite clever at that point and i had not had even a drop of wine,1,joy,"Noon, akala ko'y matalino ako at hindi pa ako nakainom kahit isang patak ng alak."
i know my feelings being kinda numb pathetic and full of sorrow about a useless thing called love,0,sadness,"Alam kong parang nawawala ang aking damdamin, nakakahiya at puno ng kalungkutan dahil sa isang walang silbi bagay na tinatawag na pag-ibig."
i have been feeling pretty fabulous for me that means my pain is about a out of for the past three days,1,joy,"Nararamdaman kong medyo kahanga-hanga ako, ibig sabihin, ang sakit ko ay halos wala na sa nakalipas na tatlong araw."
i love the feeling of aching oh what are those insipid things called on the front sides of my calves muscles and i love the fantasy that some day soon i will be featured in sports illustrated as the swimsuit model of the year maybe they will make a special issue for the baby boomers,0,sadness,"Mahal ko ang pakiramdam ng pagod, oh ano kaya ang tawag sa mga walang lasa na bagay sa harapan ng aking mga kalamnan sa binti, at mahal ko ang pangarap na balang araw ay mapapanood ako sa Sports Illustrated bilang swimsuit model ng taon, baka gumawa sila ng espesyal na isyu para sa mga baby boomers."
i feel like im in such a strange place in life no one to take care of and no one who cares,4,fear,"Parang nasa kakaibang lugar ako sa buhay, walang nag-aalaga at walang nagmamalasakit."
i am end up feeling devastated that i have borne such a social monster,0,sadness,Nabibigo akong maramdaman ang malaking pagkabigo dahil sa pagsilang ng isang ganitong sosyal na halimaw.
i still feel like a butt but thank you for being so gracious,1,joy,Parang tanga pa rin ako pero salamat sa iyong kabutihan.
i feel triumphant and even thought it may be just a fleeting moment i am enjoying the power of motherhood,1,joy,"Nararamdaman kong tagumpay at kahit pansamantala lamang, tinatamasa ko ang kapangyarihan ng pagiging ina."
i cant sleep and re read happy posts and i go past the one about picnic day and i get so happy im like james you make me so happy i love you and then repeat as soon as i feel jealous,3,anger,"Hindi ako makatulog at binabasa ko ulit ang mga masayang post, at dumaan ako sa isa tungkol sa araw ng piknik at sobrang saya ko, parang James, ikaw ay nagpapasaya sa akin, mahal kita, at saka inuulit iyon agad kapag nararamdaman kong mainggit."
i feel resentful and irritable,3,anger,Nararamdaman kong may sama ng loob at naiirita.
i didn t want them sending me crap i d feel almost insulted to win and embarrassed for whoever made it like in oregon,3,anger,"Ayaw kong ipadala sa akin ang mga kalat, parang mapapahiya ako kung mananalo at mahihiya rin ako para sa gumawa nito, gaya sa Oregon."
i was tossing and turning and feeling very anxious about the fact that i was not doing this work that i felt needed to be done,4,fear,Nag-iikot-ikot ako sa kama at sobrang kinakabahan dahil hindi ko ginagawa ang trabahong nararamdaman kong kailangang gawin.
i am feeling completely irritated right now and i have no idea why maybe because he is usually just getting home from school so the last hour of these god awful videos have imposed on my time,3,anger,"Napakainis ko ngayon at hindi ko alam kung bakit, marahil dahil siya ay karaniwang uuwi lang mula sa paaralan kaya ang huling oras ng mga nakakainis na video ay nakaapekto sa aking oras."
im feeling really good and i know im getting stronger but i am also waking up early and working hard almost every morning,1,joy,"Masaya ako at alam kong lumalakas ako, ngunit nagigising din ako nang maaga at nagtatrabaho nang husto halos araw-araw."
i spent some time at the school yesterday talking to folks and snapping pics of my daughters as they delighted in the last day of school fun and i came away feeling impressed and happy which to tell the truth is my usual feeling about the place,4,fear,"Naglaan ako ng ilang oras sa paaralan kahapon, nag-usap sa mga tao at kinunan ng litrato ang aking mga anak habang sila ay nasisiyahan sa huling araw ng kasiyahan sa paaralan, at umalis akong nakakaramdam ng pagtataka at saya, na totoo namang aking karaniwang nararamdaman tungkol sa lugar."
i feel disappointed by myself,0,sadness,Nakakadismaya ako sa sarili ko.
im beginning to feel isolated in the work place but i dont attribute blame to anyone or anything,0,sadness,Nagsisimula akong makaramdam ng pag-iisa sa trabaho ngunit hindi ko sisihin ang sinuman o anumang bagay.
i hope my condescending attitude will allow present me to feel offended and as such remember that the amount of sunlight affects plant growth,3,anger,Sana ang aking mapagmataas na ugali ay magpapahintulot sa akin na makaramdam ng pag-aalsa at sa gayon ay matatandaan na ang dami ng sikat ng araw ay nakakaapekto sa paglaki ng halaman.
i had always dreamed of doing and it was a good feeling a fantastic feeling to be able to give them this,1,joy,"Noon pa man, pangarap ko nang gawin ito, at maganda ang pakiramdam, isang kahanga-hangang pakiramdam na maibigay ko ito sa kanila."
i feel nervous about trying something new during a lesson or if my horse shies at something,4,fear,Nakakakaba para sa akin na subukan ang bago sa panahon ng aralin o kung matatakot ang aking kabayo sa isang bagay.
i feel like i can trust them though seeing how they can understand how other women can be bitchy and neither of us want to deal with that shit,3,anger,"Nararamdaman kong mapagkakatiwalaan sila, lalo na't naiintindihan nila kung paano maaaring maging maarte ang ibang babae at pareho tayong ayaw makipag-away sa ganung kalokohan."
i feel so dirty so unamerican so french,0,sadness,"Nararamdaman kong sobrang marumi, sobrang hindi Amerikano, sobrang Pranses."
i feel like if i could just go to detention after school for a couple days then everything would be ok,1,joy,"Parang kung makapag-detention lang ako pagkatapos ng klase ng ilang araw, ayos na ang lahat."
im good at hiding my true feelings or blurting them out in sarcastic tones,3,anger,Mabilis akong magtago ng tunay kong nararamdaman o ilabas ito sa mga matalas na biro.
i think about it i feel a little ashamed of myself because ive been blogging regularly all year and it hasnt been that much of a struggle,0,sadness,"Naisip ko, medyo nahihiya ako sa sarili ko dahil buong taon akong nag-blog nang regular at hindi naman gaanong mahirap."
i get that feeling of confidence is far more pleasant than some of the alternatives and i certainly am not against someone increasing their confidence but why do you have to feel that first before you take action,1,joy,"Naiintindihan ko na mas masaya ang pakiramdam ng tiwala kaysa sa ibang opsyon, at hindi ako laban sa pagtaas ng tiwala ng isang tao, pero bakit kailangan mong maramdaman iyon muna bago kumilos?"
i know i have certain aspects of my personality attitude that could be improved i have been under the impression that everythings been fine feel absolutely assaulted by the statement that my co workers have been complaining about me behind my back,4,fear,"Alam kong may ilang aspeto ng aking personalidad at ugali na maaaring mapabuti. Akala ko ay lahat ay maayos, kaya lubos akong nabigla at nasaktan nang malaman na may mga reklamo ang aking mga kasamahan tungkol sa akin sa likod ko."
ive been feeling so bothered lately,3,anger,Napaka-istorbo ko lately.
i feel so insecure when we figt,4,fear,Nahihiya ako kapag nag-aaway tayo.
i still try to force myself to do some even if i m feeling irritable withdrawn and quiet at the time,3,anger,"Patuloy pa rin akong nagsisikap na pilitin ang aking sarili na gumawa ng kahit ano kahit na nararamdaman kong mairrita, umatras, at tahimik sa panahong iyon."
i was not feeling the song but i was delighted with his re emergence,1,joy,Hindi ko naramdaman ang kanta ngunit natutuwa ako sa kanyang muling paglitaw.
im still feeling intimidated but i feel like i do actually have something to say,4,fear,Nararamdaman ko pa rin ang pagkabahala ngunit parang may sasabihin nga ako.
i feel irritated a lot,3,anger,Madalas akong mairita.
i am a runner probably i would really feel far more safe in the title,1,joy,"Ako ay isang runner, marahil mas ligtas ako sa titulo."
i would just hurt others feelings i am so selfish,3,anger,"Masasaktan ko lang ang damdamin ng iba, sobrang sakim ko."
i got a feeling give it up i got a feeling get away becuz i m cuz i m dangerous oh i m a badman ah,3,anger,"Nararamdaman kong dapat tayong maghiwalay, dapat akong umalis dahil mapanganib ako, oh, isang masamang tao ako."
i feel rude about going to the bathroom when she s in there,3,anger,Nakakaramdam ako ng kahalayan kapag pumupunta ako sa banyo kapag siya ay nasa loob.
i can remember when cammie was a couple of months old looking at her sweet innocent face and just sobbing thinking about her going to school the thought that someone would hurt her feelings be unkind to her be unfair to her the thought that a teacher might be mean to her or not love her,3,anger,"Naaalala ko noong ilang buwan pa lamang si Cammie, nakatingin sa kanyang matamis at walang-kasalanang mukha at umiiyak na lang naisip ang pagpasok niya sa paaralan, ang ideya na may makakasakit ng kanyang damdamin, magiging hindi mabait, o hindi patas sa kanya, ang takot na baka masama ang isang guro sa kanya o hindi siya mahalin."
i combine the flat tire the head wound and a headless bird im feeling a little paranoid,4,fear,"Pinagsasama ko ang patay na gulong, sugat sa ulo, at isang ibon na walang ulo, medyo kinakabahan na ako."
i feel that the students will be more successful in the classroom,1,joy,Naniniwala akong mas matagumpay ang mga estudyante sa loob ng silid-aralan.
i feel so privileged to share that love with five lovely students,1,joy,Nararamdaman kong lubos na pinagpala na maibahagi ang pag-ibig na ito sa limang magagandang estudyante.
i could feel myself hit this strange foggy wall,4,fear,Nararamdaman kong nabangga ko ang kakaibang maulap na pader.
i don t know why i feel disheartened about the league because of so many draws it is the mark of a tightly contested competitive organization with important results,0,sadness,"Hindi ko alam kung bakit nababahala ako tungkol sa liga dahil sa maraming draw, ito ang tanda ng isang mahigpit na kompetisyon at organisasyon na may mahalagang resulta."
i am not thinking about a certain person before i sleep i end up having strange dreams about him and when i wake up after those dreams i feel shaken and stunned,4,fear,"Hindi ako iniisip ang isang tiyak na tao bago matulog, ngunit sa huli ay nakakapanaginip ako ng kakaibang mga pangarap tungkol sa kanya, at kapag nagising ako pagkatapos ng mga pangarap na iyon, nararamdaman kong nababagabag at nabigla."
i wish i could feel more assured of myself my decisions my thoughts my perception hellip but it seems that every now and then someone comes along and shoots one or more of those down,1,joy,"Sana mas matibay ang aking tiwala sa sarili, sa aking mga desisyon, sa aking mga iniisip, sa aking pananaw... ngunit tila minsan may dumating na nagpapabagsak ng isa man o higit pang mga iyon."
i feel so horrible that i want to cry,0,sadness,"Napakasama ng pakiramdam ko, gusto ko nang umiyak."
i feel so perverse,0,sadness,Nararamdaman kong sobrang malabis ang aking pagnanasa.
i felt myself shrinking and feeling horrible about myself,0,sadness,Naramdaman kong unti-unting kumikitit ako at sobrang masaklap ang pakiramdam ko tungkol sa aking sarili.
i feel invigorated even though it is caffeine free,1,joy,Nararamdaman kong nabubuhay at puno ng enerhiya kahit walang caffeine.
i always feel kinda sad for them when the authority figures eventually show up on the scene and squeeze all of the risky fun out of their play time,0,sadness,Lagi akong nakakaramdam ng kaunting kalungkutan para sa kanila kapag ang mga awtoridad ay dumating at kinukuha ang lahat ng masayang at mapanganib na bahagi ng kanilang oras ng paglalaro.
i find myself buying into and reacting to the conflicts of modern life more than i did before and feeling more jaded,0,sadness,"Nakikita kong mas madalas akong naapektuhan at nakikialam sa mga tunggalian ng modernong buhay ngayon kumpara noon, at nararamdaman kong mas pagod na."
i dunno how else to describe how great i feel i swear ive been giggly all day,1,joy,"Hindi ko alam kung paano ko pa ilalarawan kung gaano ako kaganda pakiramdam, pangako, natawa ako ng malakas buong araw."
i feel im not bothered by that,3,anger,Hindi ako nababahala diyan.
i was more irritable i went from having a million and one ideas to feeling like not being bothered from feeling inspired to feeling obligated,3,anger,"Mas madaling magalit ako, mula sa pagkakaroon ng libu-libong ideya ay parang ayaw ko nang mag-isip, mula sa pagiging inspirasyon ay parang may obligasyon na ako."
i feel like im going to be way more successful a writer because of it,1,joy,Nararamdaman kong magiging mas matagumpay akong manunulat dahil dito.
i liked the feeling of being scared and jumping in my seat grabbing the arm of my preferably male companion,4,fear,Gustung-gusto ko ang pakiramdam ng takot at pagtalon sa aking kinauupuan habang hawak ang braso ng aking kausap na mas gusto kong lalaki.
i feel really naughty and wicked today,2,love,Nararamdaman kong sobrang masama at masunungaling ngayon.
im feeling a little less disheartened about it,0,sadness,Nararamdaman kong medyo nababawasan na ang aking pagkadismaya tungkol dito.
i am feeling and how much i am trusting god varies enormously,1,joy,Ang aking nararamdaman at ang aking tiwala kay Diyos ay nag-iiba nang malaki.
i feel like thats not useful or fun at all so i will replace those exotic icons with a destroyer,1,joy,Nararamdaman kong hindi iyon kapaki-pakinabang o masaya kaya papalitan ko ang mga kakaibang mga iyon ng isang destroyer.
i feel i am a heartless cold bitch,3,anger,"Nararamdaman kong isang walang puso, malamig na babae ako."
i feel they look a little awkward just below,0,sadness,Nararamdaman kong medyo hindi komportable ang kanilang hitsura doon sa ibaba.
i will go to the supermarket and feel up tomatoes and hope life imitates art and some cute guy will ask me out,1,joy,"Pupunta ako sa supermarket, hahawakan ang mga kamatis, at sana gayahin ng buhay ang sining at may isang kaibig-ibig na lalaki ang manligaw sa akin."
ive been feeling a bit pressured because theres so little time left for two books,4,fear,Nararamdaman kong medyo pinipilit dahil kakaunti na ang natitirang panahon para sa dalawang libro.
i feel more anxious than i have in quite some time in fact,4,fear,Mas kinakabahan ako ngayon kaysa sa nakalipas na ilang panahon.
i feel pretty virtuous about it actually,1,joy,Nararamdaman kong medyo mabuti at makatarungan ang aking ginawa.
i am really enjoying my time here but ever since fourth of july passed and i reminisced about nyc and home i have been feeling a bit homesick,0,sadness,"Tunay akong nasisiyahan sa aking pananatili dito ngunit mula nang lumipas ang ika-apat ng Hulyo at naalala ko ang NYC at tahanan, nararamdaman ko ang kaunting pag-uwi sa tahanan."
i shouldnt make you put yourself in a spot that makes you feel awkward,0,sadness,Hindi dapat ko kayong ilagay sa sitwasyon na magpapakita ng inyong pagka-awkward.
i personally feel a little offended i put millennia of brainstorming into those particular three vices,3,anger,"Nararamdaman kong medyo nasasaktan, inilaan ko ang libu-libong taon ng pag-iisip sa mga tatlong kasalanang iyon."
when i won an unexpected sum of money,1,joy,Nang manalo ako ng hindi inaasahang halaga ng pera.
i mean fuck i feel like i was way more considerate with customers and concerned about appearance and sanitiation snoozel pm but fine,2,love,"Ibig sabihin, putang ina, parang mas mapag-ingat ako noon sa mga customer at mas nag-aalala sa itsura at kalinisan ng Snoozel PM, pero sige na nga."
i wasnt feeling mad at god or angry for him allowing this to happen to me i was just sad,3,anger,"Hindi ako nagagalit kay Diyos o nagtatampo sa Kanya dahil pinayagan Niya itong mangyari sa akin, ako'y nalulungkot lamang."
i tend to pretend i understand what someone says even when i dont fully understand because i dont want them to feel embarrassed or to seem like im not in the know,0,sadness,"Kadalasan, nagpapanggap akong naiintindihan ang sinasabi ng isang tao kahit hindi ko lubos na nauunawaan upang hindi sila mapahiya o para hindi sila makaramdam na hindi ako nakakaalam."
i winced and said that does not feel funny,4,fear,Napasimangot ako at sinabi na hindi iyon nakakatuwa.
i want to feel carefree for one last day,1,joy,Gusto kong maramdaman ang kalayaan at walang-alala sa isang huling araw.
i feel like i finally entered or accepted that i ve entered the mother part of life,1,joy,"Nararamdaman kong pumasok na ako, o tinanggap ko na ang pagpasok ko sa yugto ng pagiging ina."
i feel humiliated the annoying little college student who takes on causes and pesters everyone about them,0,sadness,Nararamdaman kong pinahiya ng maingay na maliit na estudyante sa kolehiyo na sumasali sa mga adhikain at nagpaistorbo sa lahat tungkol dito.
i left feeling completely disillusioned and a little more cautious with any contractual interactions with vietnamese people,0,sadness,Umalis ako na lubos na nabigo at medyo mas maingat sa anumang kontrata o pakikipag-ugnayan sa mga Vietnamese.
i have a confession to make and i feel so rotten about this,0,sadness,May pag-amin akong dapat gawin at sobrang masama ang pakiramdam ko tungkol dito.
im feeling a bit greedy,3,anger,Nararamdaman kong medyo sakim.
i never feel as alone as i do when i bare my soul to some friend because it s then that i best understand the unbreakable barrier,0,sadness,Hindi ako kailanman nakaramdam ng ganito kalungkot gaya ng nararamdaman ko kapag ibinubunyag ko ang aking kaluluwa sa isang kaibigan dahil doon ko lubos na naunawaan ang hindi mapagtagumpayang hadlang.
i feel so virtuous writin my morning journal like here i am in a jane austen novel which is aided by the fact that mr gs computer is on a kinda,1,joy,"Nararamdaman kong napakabuti ko habang sumusulat ng aking journal sa umaga, parang nasa nobelang Jane Austen ako, lalo na't ang computer ni Mr. G ay naka-on."
i spent so much of my pregnancy feeling like a listless slug,0,sadness,Napakahaba ng panahon ko sa pagbubuntis na parang isang tamad na uod.
i was i might be buying stuff from there but i feel the clothes are too casual,1,joy,"Maaaring bumili ako roon ng mga bagay, pero nararamdaman kong ang mga damit ay masyadong kaswal."
i feel really petty and immature but i dont want to cheat on greg or end up breaking up because were fighting over the stupid little things,3,anger,"Nararamdaman kong napakasungit at hindi pa kapantay ang aking pag-uugali, pero ayaw kong magtaksil kay Greg o maghiwalay dahil sa mga maliit at walang kabuluhan nating away."
i feel pretty lucky to be able to experience it again in this way,1,joy,Nararamdaman kong sobrang swerte na maulit itong karanasan sa ganitong paraan.
i feel lucky simply to have known him and had him in my life and proud to have had him as my dad,1,joy,"Nararamdaman kong masuwerte akong nakilala siya at siya ay naging bahagi ng buhay ko, at ipinagmamalaki kong siya ang aking ama."
i can feel this really effecting my attitude toward her i feel bitter and angry,3,anger,"Nararamdaman kong malaki ang epekto nito sa aking pananaw sa kanya, at nararamdaman kong mapait at galit."
i could hardly feel my legs yet i was eager to get off the stuffy plane and quickly get out of customs,1,joy,Mahirap kong maramdaman ang aking mga binti ngunit gustung-gusto kong makalabas sa madilim na eroplano at mabilis na makaalis sa imigrasyon.
i am feeling incredibly thankful for my family,1,joy,Napakalaking pasasalamat ko sa aking pamilya.
i feel no word can be quite as dirty as the word sexual intercourse where it is used wrongly,0,sadness,"Hindi ko nararamdaman na may salitang mas marumi kaysa sa salitang ""sekswal na pakikipagtalik"" kapag ginamit nang mali."
i am feeling a little groggy this morning not to mention a headache,0,sadness,"Medyo antok ako ngayong umaga, saka may sakit ng ulo pa."
i feel thrilled regretful and alarmed by these changes even the fireflies dwindle to black as we speak with the b,1,joy,"Nararamdaman kong kilig, pagsisisi, at pag-aalala dahil sa mga pagbabagong ito, pati na ang mga ilaw ng mga kuliglig ay unti-unting nawawala habang tayo ay nagsasalita."
i am feeling grumpy and irritated,3,anger,Nararamdaman kong magrumpy at nainis.
i feel arsenal could be clearly superior,1,joy,Nararamdaman kong mas mahusay ang Arsenal.
i feel so fucking horny,2,love,Napakasakit ng aking pagnanasa.
im still feeling a little shaky as i write this post,4,fear,Parang medyo nahihilo pa rin ako habang isinusulat ko itong post.
i feel the need to say that i was very amazed with the quality of the presentation and the resources which mack michaels puts forward,4,fear,Nararamdaman kong kailangan kong sabihin na lubos akong namangha sa kalidad ng presentasyon at sa mga mapagkukunan na ipinakita ni Mack Michaels.
im tired of feeling hopeless,0,sadness,Pagod na ako sa pakiramdam na walang pag-asa.
i have been becoming i definitely want to include in my revamped definition of strength my impulse to nurture my sense of resonating to the feelings of others like a sympathetic string the way i ve been able to let go into life as an emotional being,2,love,"Naging ako, at tiyak na isasama ko sa aking bagong kahulugan ng lakas ang aking pagnanais na alagaan ang aking kakayahang mag-empatiya sa damdamin ng iba, parang isang sensitibong tali, at ang paraan kung paano ako nakabukas sa buhay bilang isang nilalang na may damdamin."
i could spend hours on a set and feel amazing,4,fear,Maaari akong maglaan ng maraming oras sa isang set at maramdaman ang kahanga-hanga.
i can drop people who are using me no problem and i can certainly assert myself with the children but asking nik to leave early on an easy day just because im feeling weepy and want a hug,0,sadness,Maaari akong iwanan ang mga taong nagsasamantala sa akin nang walang problema at tiyak na makakapagtanggol ako sa mga bata ngunit humihingi kay Nik na umalis nang maaga sa isang madaling araw dahil lang ako'y malungkot at gustong yakapin ay...
i feel rebellious even,3,anger,Nararamdaman kong rebelde kahit papaano.
i am feeling like it might look just a little suspicious if i go home and dont meet with him,4,fear,Parang magiging kakaiba at medyo mapanganib kung uuwi ako nang hindi siya nakakasalamuha.
i feel a bit tortured right now,4,fear,Nararamdaman kong medyo pinahihirapan ako ngayon.
i feel like every day is a blur of running being irritated with my son and doing something pertaining to making dinn,3,anger,"Parang araw-araw ay isang malabo na takbo ng pagtakbo, pagiging nainis sa anak ko, at paggawa ng mga bagay na kaugnay sa pagluluto ng hapunan."
i hate feeling like this im always getting mad for no reason feeling lonely,3,anger,"Ayaw ko ng ganitong pakiramdam, lagi akong nagagalit nang walang dahilan at nakakaramdam ng pag-iisa."
i do feel that the more intensely intelligent a dog is the more socializing they will need,1,joy,Nararamdaman ko na mas maraming pakikisalamuha ang kailangan ng aso kung mas matalino ito.
i was feeling frustrated and tired today,3,anger,Nararamdaman ko ang pagkabigo at pagod ngayon.
im feeling slightly irritable but generally level headed and actually not in a bad mood,3,anger,"Nararamdaman ko ang kaunting pag-irita, pero pangkalahatan ay mahinahon at hindi naman masama ang pakiramdam ko."
i feel so delicate around you,2,love,Nararamdaman kong napakababae ko kapag nasa tabi mo.
i feel a bit timid about using this blog because i know that other classmates and even complete strangers will be able to read it,4,fear,Nararamdaman kong medyo nahihiya akong gamitin itong blog dahil alam kong mababasa ito ng ibang kaklase ko at maging ng mga hindi ko kakilala.
i received a lousy results slip ive decided to retain i had the worst first few months in school i made friends in class friends who made my life easier in school who made me feel more accepted in the class,2,love,"Natanggap ko ang isang masamang resulta ng pagsusulit, ngunit nagpasya akong manatili. Ang mga unang ilang buwan ko sa paaralan ay ang pinakamasama, ngunit nakilala ko ang mga kaibigan sa klase, mga kaibigan na nagpagaan ng aking buhay sa paaralan at nagpaparamdam sa akin na mas tinatanggap sa klase."
i feel when i see them because i have such a jolly time when i hunt in england or that i like to roam around england looking at the pretty doors and the old pubs and talking in a british accent but these cards tickled my fancy,1,joy,"Nararamdaman ko iyon kapag nakikita ko sila dahil sobrang saya ko kapag nagha-hunt ako sa England o kapag naglalakad-lakad ako sa England at nakikita ang magagandang pinto, mga lumang pub, at nagsasalita ng British accent, ngunit ang mga kard na ito ay nakakatuwa sa akin."
i get a sort of tunnel vision heart rate increases i cant feel my arms or legs and i cant hear a thing this being the more dangerous of the side effects that have meant i cant hear the stop whistle if i have injured my opponent and thus has lead to tournament disqualifications and fines,3,anger,"Nakakaranas ako ng uri ng tunnel vision, tumataas ang tibok ng puso ko, hindi ko maramdaman ang aking mga braso o binti, at hindi ko maririnig ang kahit anong tunog. Ito ang mas mapanganib na epekto na nagpapahirap sa akin na marinig ang hinto ng palakasan kung nasugatan ko ang aking kalaban, kaya naman ito ang dahilan ng aking pagtanggal sa torneo at mga multa."
im feeling particularly carefree i have hawaiian bbq chicken pizza with chicken bbq sauce pineapple and onions,1,joy,"Nararamdaman kong lubos na malaya, may Hawaiian BBQ chicken pizza ako na may chicken BBQ sauce, pineapple, at sibuyas."
i feel you see there is always the possibility that someone might laugh or feel disgusted and it is easier for her too to express her feelings about a story and not about her boyfriend,3,anger,"Naiintindihan kita, may posibilidad na matawa o makaramdam ng pag-disgust ang iba, at mas madali rin para sa kanya na ilahad ang kanyang damdamin tungkol sa kwento kaysa sa kanyang boyfriend."
i cannot speak for others but all i know is i feel i am the most successful prettiest version of myself when i walk out of my starbucks with my red cup holiday cup in hand,1,joy,"Hindi ko masasabi para sa iba, pero ang alam ko'y nararamdaman kong pinakamamatagumpay at pinakamagandang bersyon ng aking sarili kapag lumabas ako ng Starbucks dala ang aking pulang tasa ng holiday cup."
i could feel myself moving slower and being generally more lethargic than our last ride on the same trail,0,sadness,Nararamdaman kong unti-unting bumabagal ang aking kilos at mas lethargic kaysa sa aming huling pagsakay sa parehong daan.
i feel impressed to talk to my older children about my vision for our family and enlist their aid in accomplishing it,4,fear,Nararamdaman kong napakahalaga na makipag-usap sa aking mga panganay tungkol sa aking pangitain para sa ating pamilya at humingi ng kanilang tulong upang matupad ito.
i wonder if she can pick up the stress im feeling when im trying to feed her and terrified of getting bitten because shes not feeding much,4,fear,Nagtataka ako kung kaya niyang maramdaman ang stress na nararamdaman ko kapag sinusubukan kong pakainin siya at natatakot na baka kagatin ako dahil hindi siya kumakain ng marami.
i was still feeling the effects of marathon sex julie looked amazing,1,joy,"Nararamdaman ko pa rin ang epekto ng marathon sex, Julie ay mukhang kamangha-manghang."
i feel confident that ive put in the time and done everything possible to win but that decision is out of my hands,1,joy,"Nararamdaman kong may tiwala ako na naglaan ako ng oras at nagawa ko ang lahat ng aking makakaya upang manalo, ngunit ang desisyon ay nasa kamay ng iba."
i m feeling miserable serioulsy,0,sadness,Talagang malungkot ako.
i feel so humiliated because as i was spending my days off planning a beautiful wedding he was calling texting taking some other girl out and fucking her,0,sadness,"Napakasakit at nakakahiya dahil habang ako'y nagpaplano ng magandang kasal sa aking bakasyon, siya ay tumatawag, nagte-text, at nakikipag-date pa sa ibang babae at nakikipagtalik dito."
i like moving with a long lead time and not feeling rushed,3,anger,Gustung-gusto kong kumilos nang may mahabang panahon ng paghahanda at hindi maramdaman ang pagmamadali.
i went to was to see jreyez back in may just havent been feeling like going out but jenny convinced me to go this time amp after some persuasion i decided to go lol,1,joy,"Pumunta ako noong Mayo para makita si JREyez, pero hindi ko naramdaman na lumabas. Pero pinaniwalaan ako ni Jenny na pumunta ulit, at matapos ang ilang pagpupumilit, nagpasya akong pumunta, lol."
i realized now that i lived my whole life loving some ppl who now i hate the most cause they alll have changed they all became veryy tough ppl after i got used to feel their tender touch in my life,2,love,"Napagtanto ko ngayon na pinagbuhay ko ang buong buhay ko sa pagmamahal sa ilang tao na ngayon ay kinamumuhian ko na ang pinakamasama dahil lahat sila ay nagbago, naging matigas silang mga tao matapos akong sanay sa kanilang mahinang paghawak sa buhay ko."
i feel pathetic and that i shouldnt make myself feel this way,0,sadness,Nararamdaman kong napakalungkot at hindi dapat hayaan ang sarili kong maramdaman ito.
i feel hopeless because i know i can t control other people s desire to want to know me the way my soul burns to know them,0,sadness,Nararamdaman kong walang pag-asa dahil alam kong hindi ko kayang kontrolin ang pagnanais ng iba na kilalanin ako gaya ng pagnanasa ng aking kaluluwa na kilalanin sila.
im feeling oddly sentimental today,0,sadness,Nakakaramdam ako ng kakaibang sentimiyental ngayon.
i feel invigorated and jolly,1,joy,Nararamdaman kong puno ng enerhiya at masaya.
i was feeling restless when i stepped into the kitchen to whip up this crunchy sweet treat,4,fear,Naramdaman kong hindi ako mapakali nang pumasok ako sa kusina upang gawin itong masarap at malutong na meryenda.
i feel very proud of my girls accomplishments this morning,1,joy,Napakaganda ng pakiramdam na mapagmamalaki ang mga tagumpay ng aking mga anak babae kaninang umaga.
i am normally better at avoiding the expensive pre packaged products when i go to waitrose but i was still feeling a bit shaken up from the parking issues so bought some extra bits to calm my nerves,4,fear,"Karaniwan akong mas mahusay sa pag-iwas sa mga mamahaling pre-packaged na produkto kapag pumupunta ako sa Waitrose, pero dahil medyo nabigla pa ako sa mga problema sa paradahan, bumili ako ng ilang karagdagang bagay para mapakalma ang aking mga nerbiyos."
i was feeling so spiteful i brought it up and i saw the hurt in his face,3,anger,"Napakasungit ko, binanggit ko ito at nakita ko ang sakit sa kanyang mukha."
i will think of something else feel all passionate about that and then it too would stop,2,love,Mag-iisip ako ng ibang bagay na aking mapapahamakang damdamin at saka iyon din ay titigil.
before getting back the results of a test in school,4,fear,bago makuha ang resulta ng pagsusulit sa paaralan
i feel like a cranky old man saying this but so it goes,3,anger,"Parang matandang maarte ang nararamdaman ko habang sinasabi ito, pero ganun talaga."
i have been doing absolutely no exercise however and sticking to that literally just sitting around but i feel i just need some supporting thoughts,1,joy,"Hindi ako nag-eehersisyo at nakaupo lang talaga, pero parang kailangan ko lang ng ilang mga nakaaaliw na saloobin."
i used to feel very isolated in the far north of scotland but as social media and internet becomes more all encompassing the links to others becomes easier and the chance to be part of live discussion and participate in relevant and cutting edge debate and changes as they happen are amazing,0,sadness,"Dati ay nararamdaman kong lubhang nag-iisa sa malalayong bahagi ng Scotland, ngunit habang ang social media at internet ay lalong sumasakop, ang mga koneksyon sa iba ay naging mas madali at ang pagkakataong maging bahagi ng mga live na talakayan at lumahok sa mga kaugnay at makabagong debate at pagbabago habang ito'y nangyayari ay kahanga-hanga."
i feel free really better a href http,1,joy,Masaya at mas magaan ang pakiramdam ko ngayon.
i feel so strongly about telling my loved ones,2,love,Napakabilis ng aking nararamdaman na sabihin sa aking mga mahal sa buhay.
i was feeling make it all worthwhile she has been loving on her daddy and she let him feed her breakfast she snuggled up in the chair with spencer and played with him she is walking more and she has officially been in all of her grandparents arms with a smile on her face,1,joy,"Nararamdaman kong sulit lahat ng pagod dahil siya ay nagmamahal sa kanyang tatay at hayaan siyang pakainin ng almusal, nakayakap siya sa upuan kasama si Spencer at naglalaro kasama niya, mas madalas na siyang maglakad at opisyal nang nakayakap sa mga bisig ng kanyang mga lolo't lola habang may ngiti sa kanyang mukha."
i hate asking myself why i feel so reluctant when he tries to kiss me,4,fear,Ayaw kong magtanong sa sarili ko kung bakit ako napapadama ng pag-aalinlangan kapag sinusubukan niyang halikan ako.
i have been fortunate to feel the pain and suffering you have endured,0,sadness,Masuwerte akong nakaramdam ng sakit at hirap na iyong dinanas.
i am no longer a shimmer fan i mean i like subtle shimmer but this is kind of like scary shimmer where i feel like my eyes are super obvious and scary looking,1,joy,"Hindi na ako mahilig sa shimmer, ibig sabihin, gusto ko ang subtle shimmer pero ito parang nakakatakot na shimmer na parang ang obvious at nakakatakot tingnan ang mga mata ko."
i know i am feeling discouraged and cynical,0,sadness,Alam kong nalulumbay at nagiging mapanlait ako.
i feel even more determined to educate about self breast exams and to get your yearly check ups they can and will save your life,1,joy,"Mas lalo akong determinado na edukahin ang lahat tungkol sa pagsasagawa ng pagsusuri sa dibdib at sa pagpapatuloy ng taunang pagsusulit, dahil maaari at magliligtas ito ng buhay ninyo."
i get the feeling this girl cries at everything from hollyoaks to a picture of a cute puppy,1,joy,"Parang lagi siyang umiiyak sa lahat, mula sa mga eksena sa Hollyoaks hanggang sa larawan ng isang cute na tuta."
i feel fine i feel more consistent with my delivery throwing more strikes liriano said,1,joy,"Mabuti ang pakiramdam ko, mas konsistent na ang aking paghagis at mas maraming strike ang aking inihagis, sabi ni Liriano."
i feel so lucky to get to feel them,1,joy,Nararamdaman kong sobrang swerte kong makaramdam nito.
i will definitely write more about the transition as i go through it but right now i am feeling quite positive,1,joy,"Tiyak akong magsusulat pa tungkol sa pagbabago habang ako'y dumadaan dito, ngunit ngayon, nararamdaman kong medyo positibo."
i still think that shes being insensitive with my feelings but i am just glad that im not on her shoes,1,joy,Naniniwala pa rin ako na siya ay walang malasakit sa aking nararamdaman ngunit masaya ako na hindi ako nasa kanyang kalagayan.
i did a solo flight from ardmore to kaikohe before i got my pilot licence i can remember it was gorgeous day and i was on a natural high,1,joy,"Nag-solo flight ako mula Ardmore hanggang Kaikohe bago ako nakuha ng pilot license. Matatandaan ko, magandang araw iyon at nasa taas ng saya ako."
i do now as compared with years ago is that i no longer feel i have to be accepted by others only those who matter to me,2,love,"Ang pagkakaiba ngayon kumpara noon ay hindi na ako nararamdaman na kailangan tanggapin ng lahat, kundi lamang ng mga mahalaga sa akin."
i feel totally awful and end up going through that whole nightmarish surgery and feeling good was just around the corner,0,sadness,Nararamdaman kong lubos na masama at natapos akong magdaan sa buong nakakatakot na operasyon at ang magandang pakiramdam ay malapit na lamang.
i constantly feel lied to and wronged by them i love these people to death,3,anger,"Lagi akong nadarama na niloloko at nilalabag sila, ngunit mahal ko sila hanggang kamatayan."
i feel like there s a possibility that statements like this make supporting our own interests more problematic,1,joy,Nararamdaman kong may posibilidad na ang mga pahayag tulad nito ay ginagawang mas mahirap ang pagsuporta sa ating sariling interes.
i find consolation in the beauty of small things but sometimes its just not enough and i feel stupid for trying,0,sadness,Nakakahanap ako ng ginhawa sa ganda ng mga maliit na bagay ngunit minsan hindi iyon sapat at nararamdaman kong tanga sa pagsisikap.
i feel i was somewhat successful at not peeking at him during service the whole time,1,joy,Naramdaman kong medyo matagumpay ako sa pag-iwas na tingnan siya nang buong serbisyo.
i can offer you that feels loving to you,2,love,Maaari kitang bigyan ng nararamdaman na puno ng pagmamahal para sa iyo.
i suppose its fairly normal to feel doomed when life is all shit around you,0,sadness,Siguro normal lang ang pakiramdam na nabibigo kapag ang buhay ay puro gulo.
i feel most inspired when i experience some sort of heightened situation,1,joy,Nararamdaman kong pinaka-inspirasyon kapag nakakaranas ako ng isang uri ng mas mataas na sitwasyon.
i feel i am doomed to repeat endlessly through my whole life,0,sadness,Nararamdaman kong ako'y tadhana na ulitin nang walang katapusan sa buong buhay ko.
im not feeling all that happy or thankful today,1,joy,Hindi ako gaanong masaya o nagpapasalamat ngayon.
i have these bunch of friends im grateful to have the squad mates and the teammates but theres another bunch of people out there that made me feel so worthless because everything i try to do with them it seems so forced conversations it seems like i am forcing my words on them and everything else,0,sadness,"Mayroon akong mga kaibigan na nagpapasalamat ako, ang mga kasama ko sa barkada at sa koponan, pero mayroon ding ibang grupo ng tao na nagpaparamdam sa akin na walang halaga dahil sa lahat ng aking sinusubukang gawin kasama nila, parang pinipilit ang mga usapan, parang pinipilit kong iparating ang aking mga salita sa kanila at lahat ng iba pa."
i intend to have them develop feelings for one another albeit with riku being stubborn about it as opposed to an open book due to plot ish issues,3,anger,"Nais kong sila ay magkaroon ng damdamin sa isa't isa, bagama't si Riku ay matigas ang ulo tungkol dito, hindi tulad ng isang bukas na libro dahil sa mga isyu sa kuwento."
i feel like im sinking and i feel helpless and that makes me even more frustrated,4,fear,"Nararamdaman kong lumulubog ako at wala akong magawa, at iyon ang nagpapalala ng aking pagkabigo."
i have to fight from feeling overwhelmed by it all,4,fear,Kailangan kong labanan ang pakiramdam na nalulubog ako sa lahat ng ito.
i feel depressed or even short tempered some days,0,sadness,"Minsan, nararamdaman kong malungkot o kahit mainit ang ulo ko."
i feel so useless and stupid,0,sadness,Nararamdaman kong lubhang walang silbi at bobo.
i feel very humiliated but also even more turned on,0,sadness,Nararamdaman kong lubos na nahihiya ngunit mas lalo akong nasisiyahan.
i always feel kind of thing empty feeling,0,sadness,Lagi akong nakakaramdam ng kakaibang kawalan.
i can feel the cool sand against my back,1,joy,Nararamdaman ko ang malamig na buhangin sa aking likod.
i feel about him i never really told him too much guess i was scared but i havent got anything to loose now,4,fear,"Nararamdaman ko para sa kanya, hindi ko talaga siya lubos na sinabi, siguro natatakot ako, pero wala na akong mawawala ngayon."
i feel sad today like legitimately bummed out,0,sadness,"Malungkot ako ngayon, tunay na nalulumbay."
im really not feeling that passionate about this one,2,love,Talagang hindi ako masyadong nakakaramdam ng pagmamahal dito.
i waited to hold my precious boy in my arms no i did not get to feel his sweet skin against mine after his birth no i could not rub his soft hair or look into his beautiful eyes but god had a plan,1,joy,"Naghihintay ako na yakapin ang aking mahal na anak sa aking mga bisig, ngunit hindi ko naranasan ang kanyang malambot na balat laban sa akin pagkatapos ng kanyang kapanganakan. Hindi ko mahawakan ang kanyang malambot na buhok o tingnan ang kanyang magagandang mata, ngunit may plano ang Diyos."
i feel i am suffering from several related factors that in regarding treatment acne less likely to remove scars left behind by proving your diet and extract,0,sadness,"Nararamdaman kong dinaranas ko ang ilang magkakaugnay na kadahilanan na maaaring magpababa ng posibilidad na matanggal ang mga peklat na iniwan ng acne sa paggamot, lalo na kung tutuusin ang iyong diyeta at mga ekstrakto."
i was gay that i began to feel disturbed and embarrassed,0,sadness,Nahihiya at nabalisa ako nang magsimula akong maramdaman ang aking pagiging bakla.
i feel like were in this together and im glad for that,1,joy,Nararamdaman kong tayo'y magkasama dito at masaya ako dahil dito.
i feel distracted when people think i m overreacted,3,anger,Nararamdaman kong nababaling ang aking atensyon kapag iniisip ng mga tao na sobrang reaksyon ko.
i feel curious about the subject matter,4,fear,Nakakainteres ako sa paksa.
when junior doctors returned to work after bunking them,3,anger,nang bumalik sa trabaho ang mga junior doktor matapos silang mag-absent.
i watch the snow man i can feel myself getting weepy already,0,sadness,"Pinapanood ko ang snowman, parang iiyak na ako."
i remember that we would always pat my head ahaha lt i feel like a puppy and this other guy that liked me kindaish also patted me on the head too so i guess that s a good sign of harry liking me if he patted my head maybe he thinks my hair is soft sighhh,2,love,"Naalala ko na lagi kayong pinapatahan ang ulo ko ahaha parang tuta ako at 'yung isa pang lalaki na gusto rin ako medyo pinapatahan din ako sa ulo kaya siguro magandang senyales 'yon na gusto ako ni Harry kung pinapatahan niya ako sa ulo baka iniisip niya na malambot ang buhok ko, sus."
ill be happy to take his money when ever he is feeling generous enough to part with it,2,love,Masaya akong tatanggapin ang kanyang pera kapag siya ay sapat na mapagbigay upang ibigay ito.
i am presenting here a few that we have managed to find which really clean your hair really leave it feeling lovely and really really won t irritate your skin,2,love,"Inihaharap ko rito ang ilan sa mga natagpuan natin na tunay na naglilinis ng buhok at talagang nagpapaganda ng pakiramdam nito, at hindi magdudulot ng pangangati sa balat."
i didnt know what it was but i then went home to later experiment so that i would feel accepted but as i experimented i learned a new feeling the feeling of greed,2,love,"Hindi ko alam kung ano iyon ngunit bumalik ako sa bahay upang mag-eksperimento mamaya upang makaramdam ng pagtanggap, ngunit habang nag-e-eksperimento ako, natutunan ko ang isang bagong damdamin, ang damdamin ng kasakiman."
i feel afraid to have a voice and im just a guest,4,fear,Natatakot akong magsalita dahil parang isang bisita lamang ako.
i realized what i am passionate about helping women feel accepted and appreciated,2,love,Napagtanto ko ang aking tunay na pagnanasa ay tulungan ang mga kababaihan na maramdaman ang pagtanggap at pagpapahalaga.
i am sure there will be many nervous times ahead but today i feel very hopeful and im going to enjoy the feeling for as long as it sticks around,1,joy,"Sigurado akong marami pang magiging kaba sa darating na panahon ngunit ngayon, nararamdaman kong puno ng pag-asa at hahayaan kong manatili ang pakiramdam na ito hangga't kaya ko."
i should stop feeling so lousy about myself,0,sadness,Dapat ko nang ihinto ang pagpikit sa aking sarili.
i know the playwright robert reid socially and i feel a bit weird being so critical of work by someone im kinda sorta friends with,4,fear,Kilala ko nang personal ang manunulat na si Robert Reid at medyo kakaiba ang pakiramdam ko na maging napaka-kritikal sa kanyang gawa dahil parang kaibigan ko siya.
i feel gloomy and depressed nothing is more calculated to cast a cloud over us than a rainy day,0,sadness,"Nararamdaman kong malungkot at depressed, wala nang mas nakakabulag sa atin kaysa sa isang maulan na araw."
i feel fake hellip b c a real person can feel real emotion and that s something that i can t do,0,sadness,"Nararamdaman kong pekeng-peke... dahil isang tunay na tao ay mararamdaman ang tunay na emosyon, at iyon ay hindi ko kayang gawin."
i feel like its vital to keep this someday list active,1,joy,Mahalaga sa akin na panatilihing aktibo ang listahan ng mga pangarap kong gagawin balang araw.
i forgive myself for accepting and allowing myself to feel humiliated and rejected because someone was chosen over me,0,sadness,Patawad ko sa aking sarili dahil tinanggap at pinayagan kong maramdaman ang kahihiyan at pagtanggi dahil may isa pang napili kaysa sa akin.
i cant help but feel a little bit agitated,4,fear,Hindi ko mapigilan ang pakiramdam na medyo kinakabahan.
i finish my lesson although very happy that it is over i feel good i feel that it was worth it,1,joy,"Tapos ko na ang aking aralin, bagama't sobrang saya kong natapos na ito, nakakatuwa, at nararamdaman kong sulit ito."
i feel very energetic to cook something very special i decide to prepare at least one dish with posto and the other days when i simply dont remain in the mood of cooking at all i again look for posto,1,joy,"Nararamdaman kong sobrang enerhiya para magluto ng isang espesyal na pagkain, kaya nagpasya akong lutuin kahit isang ulam na may posto, at sa mga araw na hindi ako talaga nasa mood magluto, muli akong naghahanap ng posto."
i was still feeling troubled,0,sadness,Naramdaman ko pa rin ang pag-aalala.
i just feel stupid for not realizing what was going on sooner,0,sadness,Nararamdaman ko lang na tanga dahil hindi ko agad naunawaan ang nangyayari.
i feel some kind of sincere connection to everyone i talk to while im working,1,joy,Nararamdaman ko ang isang tunay na koneksyon sa bawat taong nakakausap ko habang nagtatrabaho ako.
i know mom s who would take once look at my facebook profile and feel envious of all the fun i seem to be having out with my friends the carefree state that my life is in where i am only responsible for me and can pick up at any time and go away for the weekend,3,anger,"Alam kong may mga ina na, pagtingin sa aking Facebook profile, magiging inggit sa lahat ng saya na tila aking naranasan kasama ang aking mga kaibigan, sa kalayaan ng buhay ko kung saan ako lamang ang may pananagutan at maaaring umalis anumang oras para sa isang weekend getaway."
im just feeling jaded,0,sadness,Nararamdaman ko lang ang pagod at pagkapagod.
ive been waking up and automatically thinking in portugu s also lately and it feels fantastic,1,joy,"Nagigising ako at awtomatikong iniisip ko na sa Portuges din kamakailan, at sobrang maganda ang pakiramdam."
i feel accepted well we all know there are a few exceptions to the rule and like i belong,1,joy,"Nararamdaman kong tinatanggap ako, kahit alam naman natin na may ilang pagbubukod sa patakaran at parang kabilang ako."
i feel artistic a href http boredwithquinn,1,joy,Nararamdaman kong may kakayahan akong maging artista.
i feel less threatened by the world,4,fear,Nararamdaman kong mas kaunti ang aking pag-aalala sa mundo.
i almost started to feel like wimpy from the popeye cartoons,4,fear,halos naramdaman ko nang maging katulad ni Wimpy sa mga kartun ni Popeye.
i cant even explain how difficult it is to tear yourself away from something you both love and feel doubtful of,4,fear,Hindi ko maipaliwanag kung gaano kahirap makalayo sa isang bagay na mahal mo at pinag-aalinlanganan mo.
im super pumped to have crossed the nano finish line my novel is far from finished but im feeling optimistic,1,joy,"Sobrang excited ako na nakatawid na sa finish line ng nano, malayo pa ang nobelang natapos ko pero nakakaramdam ako ng optimismo."
i feel pretty passionate about is helping people,1,joy,Ang aking malaking pagmamahal ay tumulong sa mga tao.
i feel very valued by my patients,1,joy,Nararamdaman kong lubos akong pinahahalagahan ng aking mga pasyente.
i feel scared when my father suddenly opens a door,4,fear,Natatakot ako kapag bigla kong binubuksan ng aking ama ang pinto.
i feel sad because levi certainly wont want to run a race against his typical peers because theres no way hell win,0,sadness,Malungkot ako dahil tiyak na ayaw ni Levi na makipagkarera sa kanyang mga kapantay dahil wala siyang pagkakataon na manalo.
i feel like that fact is being abused,0,sadness,Nararamdaman kong ginagamit nang mali ang katotohanang iyon.
i don t feel awful enough to call them because i am exhausted,0,sadness,Hindi ako masyadong masaklap para tawagan sila dahil pagod na ako.
i said im beat and not feeling too creative but this was one hell of a day,1,joy,"Sinabi ko na pagod na ako at hindi masyadong mapagkukunwari, pero talagang isang araw na ito."
i found out that someone that i knew had someone else taking tests for her,3,anger,Natuklasan kong may kakilala akong nagpapagawa ng pagsusulit ng iba para sa kanya.
i was completely naked and feeling horny,2,love,Hubad ako nang lubusan at nararamdaman ang init ng katawan.
i feel is a near flawless film,1,joy,Ito ay isang halos perpektong pelikula.
i feel our hearts are treading dangerous territory,3,anger,Nararamdaman kong mapanganib ang ating pinapasukan.
i generally only use the practice shoes for party when i m feeling more casual about it i,1,joy,Karaniwan lang akong gumagamit ng practice shoes kapag may party at mas komportable ako sa itsura ko.
i feel so ungrateful for the things he does regularly for me for i sin daily in everyday living,0,sadness,Nararamdaman kong sobrang hindi ko siya nagpapasalamat sa mga ginagawa niya lagi para sa akin dahil ako'y nagkakasala araw-araw sa aking pang-araw-araw na pamumuhay.
i also were able to get appointment with the osteopath on the which is freaking awesome as it feels like i am caring a boulder in my stomach,2,love,"Nakakuha rin ako ng appointment sa osteopath, at sobrang saya ko dahil parang may bato sa tiyan ko."
im so tired and heavy all the time its a familiar feeling though not a pleasant one,1,joy,"Napakasakit at mabigat lagi ng pakiramdam ko, isang pamilyar na nararamdaman man hindi maganda."
i keep finding all these people who make me feel so terrible about life,0,sadness,Lagi akong nakakakita ng mga taong nagpaparamdam sa akin na sobrang masama ang buhay.
i mean people are discussing things about which they feel passionate,2,love,"Ibig sabihin, ang mga tao ay nag-uusap tungkol sa mga bagay na kanilang pinagpapalit ng damdamin."
i am supposed to go about being strong when i feel so inhibited,0,sadness,Dapat akong maging matatag kahit na nararamdaman kong napakakulong.
im not really feeling it so far though i think i liked the film better,2,love,"Hindi ko talaga nararamdaman ito ngayon, bagama't sa tingin ko mas gusto ko ang pelikula."
i feel so uptight about it because i know you hate it and are constantly trying to catch glimpses of the tv in the window and listen to it,4,fear,Napaka-stressful nito para sa akin dahil alam kong ayaw mo ito at lagi kang nagsisikap na makita ang telebisyon sa bintana at makinig dito.
i am horrible about articulating my feelings particularly verbally sometimes i cant even remember incidents just that i was mad at something,3,anger,"Napakasama kong ipahayag ang aking damdamin, lalo na sa pamamagitan ng salita. Minsan, hindi ko nga matatandaan ang mga pangyayari, basta alam kong galit ako sa isang bagay."
i sure hope we do as i feel very isolated without any contact with home,0,sadness,Sana nga ay magawa natin iyon dahil nararamdaman kong lubos na nag-iisa nang walang pakikipag-ugnayan sa tahanan.
i make a mistake i cringe feel idiotic and become filled with self loathing,0,sadness,"Nagkakamali ako, nahihiya ako, nadarama kong tanga at puno ng pagkapoot sa sarili."
i feel like a fake a fraud a hypocrite,0,sadness,"Parang pekeng tao ako, isang pandaraya, isang hipokrita."
i hate you for making me feel unimportant,0,sadness,Ayaw kita dahil ikaw ang nagpaparamdam sa akin na hindi ako mahalaga.
i have definitely seen and felt many blessings from heavenly father especially on the days when things feel gloomy and lonely while mike is away working hard for our future,0,sadness,"Nakita at naramdaman ko nang tiyak ang maraming biyaya mula sa Ama sa Langit, lalo na sa mga araw na parang madilim at nag-iisa habang si Mike ay nagtatrabaho nang husto para sa ating kinabukasan."
i feel so fake,0,sadness,Parang pekeng tao ako.
i am in italy and i feel as useless as i could possibly feel i need to occupy my time not to get crazy,0,sadness,"Nasa Italya ako at nararamdaman kong wala akong silbi, parang wala akong kabuluhan. Kailangan kong punuin ang aking oras para hindi mag-isip ng mga baliw."
i feel like theyre being rude in the first place and as long as you arent snappy about it you have every right to ask him not to touch you,3,anger,"Nararamdaman kong bastos sila mula pa sa simula at hangga't hindi ka magiging mataray, may karapatan kang humingi sa kanya na huwag kang hawakan."
i had a good sleep believe it or not but still woke up feeling groggy and out of sorts,0,sadness,"Natutulog ako nang maayos, kahit hindi makapaniwala, pero gising pa rin akong parang antok at hindi komportable."
im not feeling so well right now so ill write some other day,1,joy,Hindi ako gaanong maganda ang pakiramdam ngayon kaya isusulat ko sa ibang araw.
i am feeling adventurous then ill definitely go visit some of the bayou swamp areas and enjoy the beautiful cypress trees and wildlife,1,joy,"Kung may pakikipagsapalaran ako, tiyak na pupuntahan ko ang ilang lugar sa bayou swamp at masisiyahan sa magagandang cypress trees at mga hayop."
i feel a bit lost today,0,sadness,Nararamdaman kong medyo nawawala ako ngayon.
i am feeling ever so homesick,0,sadness,Napakasakit ng pag-uwi ko.
i currently feel like crap but have to at least show my face at work lest they get suspicious at my ringing in sick the day after my holidays,4,fear,Nararamdaman kong masama ang pakiramdam ko ngayon pero kailangan kong magpakita man lang sa trabaho para hindi mag-alinlangan na nagpapa-sick leave ako kaagad pagkatapos ng bakasyon ko.
i feel tortured so much,4,fear,Napakasakit ng nararamdaman ko.
i describe this it is so wonderful i can close my eyes and remember the cool feel in my mouth with a rich creaminess but lightness,1,joy,"Inilalarawan ko ito, napakaganda, kaya ko itong isara ang aking mga mata at maalala ang malamig na pakiramdam sa aking bibig na mayaman sa krema ngunit magaan."
i feel like the time has come a fearless rescue from everyone who made you the master,1,joy,Nararamdaman kong dumating na ang panahon para sa isang walang takot na pagsagip mula sa lahat ng nagpagawa sa iyo ng panginoon.
im feeling very angry kind of sad tired and bored today,3,anger,"Napakainit ng galit ko ngayon, may halong kalungkutan, pagod, at pagkabagot."
im feeling hopeful and grateful,1,joy,Nakakaramdam ako ng pag-asa at pasasalamat.
i am good at something that i feel passionate about and all of the other students that graduate this year are in the same boat what happens after,2,love,"Mabuti akong nakakapag-gawa ng isang bagay na aking pinapasan at lahat ng mga kaklase kong magtatapos ngayong taon ay nasa parehong bangka, ano ang mangyayari pagkatapos?"
i always dread but end up leaving feeling positive,1,joy,Lagi akong natatakot ngunit sa huli ay umalis na nakaramdam ng positibo.
i see a woman sitting alone at a table in starbucks or at a restaurant if i m feeling playful and can t come up with an observation or something to say that s based on the moment i ll just sit down and say,1,joy,"Nakikita ko ang isang babae na nakaupo mag-isa sa isang mesa sa Starbucks o sa isang kainan. Kung ako'y nasa kalooban at hindi makapang-isip ng obserbasyon o sasabihin na batay sa kasalukuyan, basta maupo na lang ako at sasabihin."
i was speaking a lot of that to myself because well i feel very discontent where i am at in life,0,sadness,"Marami akong sinasabi noon sa sarili ko dahil, totoo naman, hindi ako kuntento sa aking kalagayan sa buhay."
i was feeling kinda disappointed actually and silently wishing that these were still unpaved now,0,sadness,Talagang nararamdaman kong medyo nabigo at tahimik na umaasa na hindi pa ito nababalutan ng semento.
i woke up feeling fabulous and im sure that half of that stems from the fact that ill be finishing my undergraduate studies in about weeks,1,joy,Gumising ako na pakiramdam ko'y kahanga-hanga at sigurado ako na kalahati nito ay dahil malapit nang matapos ang aking pag-aaral sa kolehiyo sa loob ng ilang linggo.
i started feeling this job was worthwhile,1,joy,Naramdaman kong sulit ang trabahong ito.
i can write as many entries as humanly possible in one day and still feeling dissatisfied that i write everything i wanted to the fact that i complain all the time about being lonely,3,anger,"Maaari akong magsulat ng maraming entry gaya ng kaya ng tao sa isang araw at gayon pa man ay hindi pa rin ako nasiyahan dahil hindi ko nasusulat ang lahat ng gusto kong isulat, at dahil lagi akong nagrereklamo tungkol sa aking kalungkutan."
i feel bad listing the movies becasue i like them so much,0,sadness,Masama pakiramdam kong ilalahad ang mga pelikula dahil sobrang gusto ko sila.
i have ticket stubs going all the way back to and every once in a while when i m feeling kinda sentimental i open up the box and go through my ticket stubs so that they can remind me of all the good times i ve had at stadiums around the country,0,sadness,"Mayroon akong mga stub ng tiket na umaabot hanggang noon, at minsan kapag nararamdaman kong medyo ma sentimental, binubuksan ko ang kahon at pinag-aaralan ang aking mga stub ng tiket upang maaalala ko ang lahat ng magagandang sandali na naranasan ko sa mga estadya sa buong bansa."
i feel really burdened by this days challenge,0,sadness,Napakabigat ng hamon ng araw na ito para sa akin.
i feel like i am unhappy missing too much from the baby or anything else i will quit,0,sadness,"Nararamdaman kong hindi ako masaya dahil kulang ako sa anak o sa anumang bagay, iiwanan ko na ito."
i feel gloomy and down,0,sadness,Nararamdaman kong malungkot at nalulumbay.
i am currently but i can t even do that right now without feeling indecisive and tied to school and writing and assignments,4,fear,"Ako ay nasa ganitong kalagayan ngayon, ngunit hindi ko kayang gawin iyon nang hindi nararamdaman ang pag-aalinlangan at ang pagiging nakakabit sa paaralan, pagsusulat, at mga takdang-aralin."
i read listen to music do various other things but am feeling unhappy with myself,0,sadness,"Binabasa ko, nakikinig ng musika, at ginagawa ang iba pang mga bagay ngunit hindi ako masaya sa aking sarili."
i was feeling adventurous and not quite my age,1,joy,Nararamdaman kong mahilig sa pakikipagsapalaran at hindi gaanong katulad ng aking edad.
i am tired of being tired and feeling beaten down,0,sadness,Pagod na ako sa pagod at sa pakiramdam na nababagsak.
i know ken has this down but im feeling really inadequate what am i doing wrong,0,sadness,Alam kong kaya ni Ken ito pero nararamdaman kong lubos akong hindi sapat. Ano ba ang mali ko?
i feel reluctant to just leave her alone like that without helping her enough to repay her goodness to me,4,fear,"Hindi ako komportable na basta-basta siyang iiwan nang ganun, nang hindi ko siya sapat na tinulungan bilang pasasalamat sa kanyang kabutihan sa akin."
i feel as though i broke the plane if he is there then ill be aware and use my faith to wish him gone,0,sadness,"Nararamdaman kong parang nabasag ko ang hangin kung siya ay naroon, magiging alerto ako at gagamitin ang aking pananampalataya upang ipanalangin ang kanyang pagkawala."
i feel like i could have gotten all apprehensive for no reason at all,4,fear,Parang wala namang dahilan para mag-alala nang sobra.
i feel like i have to pay a fee for my broke heart,0,sadness,Parang may bayad daw ang pagpapagaling ng isang nasirang puso.
i have a feeling shailene will be perfect,1,joy,Nararamdaman kong perpekto si Shailene.
i at times feel so utterly useless and undeserving of such a magnificent woman in my life,0,sadness,"Minsan, nararamdaman kong lubos na walang silbi at hindi karapat-dapat sa isang kahanga-hangang babae sa aking buhay."
i really thought i was ok with how things are but here i am out of no where crying and feeling empty and sorry for myself shame on me,0,sadness,"Talagang akala ko ayos na ako sa kung ano ang nangyayari ngunit narito ako, bigla na lang umiiyak at nadarama ang kawalan at pagsisisi sa sarili, kahihiyan ko."
i struggle with feeling so low amp so agitated,0,sadness,Naghihirap ako sa pakiramdam na sobrang baba at sobrang kinakabahan.
i guess being the good friend that he is he can not and will not allow me to go on with life feeling so distressed and confused,4,fear,"Siguro dahil mabuting kaibigan siya, hindi niya hahayaan na magpatuloy ako sa buhay na puno ng pagkabalisa at kalituhan."
i don t spew my desperation all over these situations that already feel uncertain to me,4,fear,Hindi ko ipinupukol ang aking pagkabalisa sa mga sitwasyong ito na'y tila napaka-di-tiyak na para sa akin.
i ask about his wife annulment case he feels so irritated and kept on telling me it is on the process,3,anger,"Tinatanong ko siya tungkol sa kaso ng annulment ng kanyang asawa, nagagalit siya at paulit-ulit na sinasabi na nasa proseso na ito."
im trying to be intuitive often just makes me feel sort of confused and nauseous,4,fear,"Madalas akong mag-isip nang intuwitibo, ngunit kadalasan ay nagdudulot ito ng pagkalito at pagsusuka sa akin."
im back with another skincare review well actually i feel reluctant to make a review of sectret key snail egf repairing gel cream because i even stopped using it switched back to my second jar of a href http sparkleapple,4,fear,"Bumalik ako sa isa pang pagsusuri ng pangangalaga sa balat, eh sa totoo lang ay nahihilo akong gumawa ng pagsusuri tungkol sa Sectret Key Snail EGF Repairing Gel Cream dahil kahit tumigil na akong gumamit nito at bumalik sa aking pangalawang bote ng a href http sparkleapple."
i need to feel like people can love because because im not convinced that i believe that people have that capacity,1,joy,Kailangan kong maramdaman na kaya ng mga tao mahalin dahil hindi ako kumbinsido na naniniwala ako na kaya nilang magkaroon ng ganitong kakayahan.
i haven t been able to shake this akward and unusual feeling i feel irritable and space out all the time feels like i was surged as well as my computer,3,anger,"Hindi ko maalis itong kakaiba at hindi komportableng pakiramdam, lagi akong mairita at nakakalimot, parang nabigla ako pati ang aking kompyuter."
i feel so hopeless because i m not doing well and i m really scared,0,sadness,Napakasakit ng pakiramdam ko dahil hindi ako gumagana nang maayos at sobrang natatakot ako.
i don t know about you but that feeling of powerlessness of not being in control sends me in a mad tizzy for the haagen dazs,3,anger,"Hindi ko alam kung tungkol sa iyo, pero ang pakiramdam na walang kapangyarihan, na hindi ka nasa kontrol, ay nagpapadala sa akin sa isang baliw na pagkabalisa para sa Haagen Dazs."
i feel honoured to be teamed with jim whom i first met about ten years ago,1,joy,Nararamdaman kong iginagalang na makasama sa koponan si Jim na unang nakilala ko mga sampung taon na ang nakalilipas.
im feeling less hateful of fandom,3,anger,Nakakaramdam ako ng mas kaunting poot sa fandom.
i have a good idea for a post but am feeling too low to write it,0,sadness,May magandang ideya ako para sa isang post ngunit nararamdaman kong masyadong mababa ang aking kalooban upang isulat ito.
i think about my freedom and not having to make plans for another person all the time i feel content,1,joy,"Iniisip ko ang aking kalayaan at hindi na kailangang magplano para sa ibang tao lagi, at nararamdaman kong kontento."
i see are self centered statements about you and your feelings and your looking for a sympathetic ear from anyone that will listen,2,love,"Nakikita ko ang mga pahayag na nakatuon sa sarili tungkol sa iyo, sa iyong damdamin, at hinahanap mo ang isang maunawain na tainga mula sa sinumang makinig."
i was feeling pretty crampy,1,joy,Nararamdaman kong medyo nababalot ng kirot.
i spontaneously come up with a new tune or when i am taking a solo and feel myself in that creative flow just going for it not knowing what i am going to play next and surprising myself he answers indisputably,1,joy,"Bigla akong nag-iisip ng bagong awit o kapag nag-isa akong tumutugtog at nararamdaman kong nasa creative flow ako, basta naglalaro na lang ako nang hindi alam kung ano ang susunod kong itutugtog at nagugulat din ako sa aking sarili, sagot niya nang walang alinlangan."
i then asked as i often do in these situations how i could fix this so she wouldnt feel like i hated her because of my lack of postings on her facebook page,0,sadness,"Tapos tinanong ko, gaya ng lagi kong ginagawa sa ganitong sitwasyon, kung paano ko ito maayos para hindi niya maramdaman na kinamumuhian ko siya dahil sa kakulangan ng aking mga post sa kanyang Facebook page."
i slapped him because feelings are dumb,0,sadness,Sinampal ko siya dahil ang damdamin ay bobo.
i think the whimsical pop art feel of the place appeals to my artistic sensibilities,1,joy,"Sa tingin ko, ang kakaibang pop art na pakiramdam ng lugar ay nakakaakit sa aking mga sensibilidad bilang artista."
i feel unwelcome or uncomfortable oh except for that time i pulled the doorknob right out of the cloest door,0,sadness,"Nararamdaman kong hindi ako tinatanggap o komportable, maliban sa pagkakataong inalis ko ang hawakan ng pinto mula sa pinto ng aparador."
i am personally not doing well i feel lethargic with no energy and with the,0,sadness,"Hindi ako gaanong mabuti ngayon, parang walang lakas at enerhiya."
i brought up privately a couple weeks ago that i felt targeted after feeling frustrated and belittled,3,anger,"Noong ilang linggo na ang nakalipas, pribadong binanggit ko na nararamdaman kong pinagtatargetan matapos magkaroon ng frustrasiyon at makaramdam ng pagpapababa sa akin."
i still feel like i deserve to be punished for things that i would instantly forgive from strangers,0,sadness,Parati kong nararamdaman na nararapat akong parusahan para sa mga bagay na agad kong patatawarin sa mga estranghero.
i feel so foolish and ashamed,0,sadness,Nararamdaman kong napakabulag at nakakahiya.
i growled at her i began to feel extremely annoyed with her,3,anger,"Nagungol ako sa kanya, nararamdaman ko nang lubos ang aking inis sa kanya."
i have been walking around feeling pissed off at the world lately,3,anger,Naglalakad ako paligid na parang galit sa mundo kamakailan.
i am feeling really hopeful that i could fall pregnant soon and i really cannot wait for that day to come,1,joy,Napakabigat ng pag-asa ko na mabuntis ako nang malapit at hindi ko mapigilan ang aking paghihintay para sa araw na iyon.
i was building with angie i m feeling profoundly betrayed and very angry,3,anger,"Nagtatayo ako kasama si Angie, at nararamdaman kong lubos na pinagtataksilan at galit."
i feel all kinds of dirty and not a good dirty src http nevercontrary,0,sadness,Nararamdaman kong marumi sa lahat ng paraan at hindi ang magandang uri ng marumi.
im feeling weird,4,fear,Nakakakaba ang pakiramdam ko.
ive been taking to stop the bleeding in my guts has left me feeling far more irritable and violent than usual,3,anger,Ang pag-inom ko ng gamot upang pigilan ang pagdurugo sa aking tiyan ay nagpaparamdam sa akin na mas madaling magalit at maging marahas kaysa dati.
i feel like the earthquake has also shaken the foundations of my life and work,4,fear,Parang niluksa rin ng lindol ang pundasyon ng aking buhay at trabaho.
i feel could have been left out entirely they smack a bit of empty promotion and self congratulation but once one finds the real meat of the information its precious information indeed,0,sadness,"Nararamdaman kong maaaring ganap na inalis, may halong walang laman na pag-aangkat at pagmamalaki sa sarili, ngunit kapag natagpuan na ang tunay na laman ng impormasyon, tunay itong mahalagang impormasyon."
i doing something that make you feel bothered,3,anger,Ginagawa ko ang isang bagay na nagpapakita sa iyo ng pagkabalisa.
i love your cuddles they make me feel safe and protected,1,joy,"Mahal ko ang yakap mo, ginagawa mo akong pakiramdam na ligtas at protektado."
i need to know that the pain i feel is not in vain and that there is a better and brighter day in my future,0,sadness,Kailangan kong malaman na ang sakit na nararamdaman ko ay hindi walang kabuluhan at may mas magandang at mas maliwanag na araw sa aking hinaharap.
i don t know i feel confused,4,fear,"Hindi ko alam, nalilito ako."
i can feel more submissive,0,sadness,Nararamdaman kong mas sumusunod ako.
i start to feel my muscles aching and break out in cold sweat,0,sadness,Nararamdaman ko nang unti-unti ang pananakit ng aking mga kalamnan at nagsisimula nang mamulaklak ang pawis sa aking katawan.
i pray look next to my phone what time i feel my anxiety levels getting too superior,1,joy,"Nananalangin ako, tingnan ko ang orasan sa tabi ng telepono kapag nararamdaman kong ang aking antas ng pagkabalisa ay sobra na."
i feel could be amazing but like wonder woman is rarely handled well,4,fear,Nararamdaman kong magiging kahanga-hanga ito ngunit parang si Wonder Woman ay bihirang mahusay na hawakan.
i dont really know why im bothering to do my homework but i get the feeling that it will be in vain,0,sadness,Hindi ko talaga alam kung bakit ako nagpupursigi gawin ang aking takdang-aralin pero nararamdaman kong magiging walang saysay ito.
i have spent the last few weeks feeling sort of uncertain if you will,4,fear,Naguguluhan ako sa nakalipas na ilang linggo kung ikaw ba ay...
im feeling frantic because ive had no sleep,4,fear,Nanginginig ako dahil hindi ako nakatulog.
im feeling this little one move a lot now and im constantly surprised by his her little kicks,4,fear,Nararamdaman ko nang malakas ang paggalaw ng maliit na ito ngayon at palagi akong nabibigla sa kanyang mga maliit na suntok.
i kind of feel like im losing a part of myself as lame as that is to say,0,sadness,"Parang nawawala ako ng isang bahagi ng aking sarili, kahit gaano pa kasungit sabihin iyon."
i know when i have had a crappy day and didn t feel productive i feel lousy and sleepy in the evening,1,joy,"Alam kong kapag masama ang araw ko at hindi ako nakagawa ng marami, pagod at antok ako sa gabi."
i feel pretty rotten when jake takes off down the street on his hot rod mongoose and jordan strikes out trying to chase him down like an orphan straight out of a href http en,0,sadness,Nararamdaman kong parang sira ang pakiramdam ko kapag si Jake ay tumatakbo sa kalye gamit ang kanyang mabilis na mongoose at si Jordan ay nabigo sa paghabol sa kanya parang ulila mula sa isang...
i feel most unwelcome,0,sadness,Hindi ako nararamdaman na tinatanggap.
i can keep another writer from spending four years to get to the point of feeling like they can publish their work and be accepted by readers i will have truly accomplished that goal,1,joy,Maaari kong pigilan ang ibang manunulat na gugulin apat na taon upang maramdaman na handa nang i-publish ang kanilang akda at tanggapin ng mga mambabasa; doon ko tunay na matutupad ang aking layunin.
i am really enjoying doing tai chi with a weapon it feels flowy and elegant,1,joy,"Tunay akong nasisiyahan sa pagsasagawa ng tai chi gamit ang sandata, parang maluwag at maganda ang daloy nito."
i have no idea why i was feeling so lethargic yesterday probably because i got a bit dehydrated,0,sadness,"Hindi ko alam kung bakit ako sobrang pagod kahapon, marahil dahil medyo nauhaw ako."
i hasan the man who makes me feel shy retiring and modest it s not true that there s no english word for schadenfreude,4,fear,"Si Hasan, ang lalaking nagpapasaya sa akin na maging nahihiya at mapagpakumbaba, ay nagreretiro at nagiging mapagpakumbaba. Hindi totoo na wala sa Ingles na salita para sa schadenfreude."
im not much of a people watcher or a voyeur so i feel kinda weird when walking around taking street shots,4,fear,Hindi ako mahilig manood ng tao o maging voyeur kaya medyo kakaiba ang pakiramdam ko kapag naglalakad at kukuha ng mga litrato sa kalye.
i am seeing neurosurgeons document conversations regarding the safety of patients relationships and whether or not they feel threatened,4,fear,Nakikita kong mga neurosurgeon ang nagdo-dokumento ng mga usapan tungkol sa kaligtasan ng mga relasyon ng pasyente at kung sila ay nadarama bang nanganganib.
i had felt kind of ick but just figured it was nerves or feeling anxious,4,fear,"Naramdaman ko ang kakaibang pakiramdam, pero akala ko'y dahil sa kaba o pag-aalala."
i felt i handled it okay but the class really began to feel like instead of caring about the subject matter it was turning into a fight for my grade,2,love,"Naramdaman kong kaya kong harapin iyon ngunit ang klase ay tila nagbago, hindi na tungkol sa paksa kundi sa pakikipaglaban para sa marka."
i feel privileged to be there at this very real and intense time,1,joy,Nararamdaman kong isang karangalan na naroroon sa ganitong tunay at matinding panahon.
i am feeling a lil overwhelmed again,4,fear,Nararamdaman ko ulit ang kaunting pagod.
i have been crying a lot and feeling kind of depressed,0,sadness,Marami akong iyak at medyo nalulungkot.
i feel that would be a far more considerate and sensitive approach on the part of employers,1,joy,Nararamdaman kong mas mapagkalinga at sensitibo ang ganitong paraan ng mga amo.
i get this sudden feeling that i am completely annoyed at him,3,anger,Nararamdaman ko bigla itong pakiramdam na lubos akong nainis sa kanya.
i feel kinda lame now,0,sadness,Nararamdaman kong medyo bobo ngayon.
i finished this book feeling all gloomy because her emo personality apparently rubbed off on me,0,sadness,Tapos ko nang basahin ang aklat na ito at naramdaman kong malungkot dahil tila naiimpluwensyahan ako ng emosyonal niyang personalidad.
i was feeling alone,0,sadness,Nararamdaman kong nag-iisa ako.
ive always heard choose one feauture to play up eyes or lips then tone down the other feautures and i love this rule i feel envious of selena here she is soo pretty she has lovely dark hair and great eyes she can wear such a wide colour range,3,anger,"Lagi kong naririnig na piliin ang isang tampok upang i-highlight, alinman ang mata o labi, saka pababain ang iba pang tampok, at mahal ko itong panuntunan. Nararamdaman kong mainggit ako kay Selena, dahil siya ay sobrang ganda. Mayroon siyang magandang maitim na buhok at magagandang mata, kaya kaya niyang isuot ang iba't ibang kulay."
i keep forgetting but shouldnt is no matter what happens i should not hesitate or feel too ashamed to come back to allah and get back on my feet,0,sadness,"Lagi akong nakakalimot, pero hindi dapat. Anuman ang mangyari, hindi dapat akong mag-atubiling bumalik kay Allah at muling tumayo."
i should feel bothered that she was spying but i wasn t,3,anger,"Dapat akong mag-alala na siya ay nakikinig sa akin, pero hindi ako nag-alala."
i feel he should have been punished,0,sadness,Dapat siyang parusahan.
im feeling more festive,1,joy,Mas nakakaramdam ako ng saya at pagdiriwang.
i feel rather superior but not in this case,1,joy,Nararamdaman kong medyo mas mataas ako ngunit hindi sa kasong ito.
i want to make is this final one when we feel abused at these writers faking it we rupture the reader writer relationship,0,sadness,"Gusto kong gawin ay ito ang huling hakbang kapag nararamdaman natin ang pang-aabuso sa mga manunulat na nagpapanggap, tayo ay sisirain ang ugnayan ng mambabasa at manunulat."
i am happy to report that i was able to get miles in with minimal pain i just iced it afterwards and im feeling ok,1,joy,"Masaya akong iulat na nakakuha ako ng milyahe nang may kaunting sakit lamang, inilagay ko lang ito sa yelo pagkatapos at nararamdaman kong maayos na ako."
i feel like an abused puppy dog,0,sadness,Parang isang abusadong aso'y ako.
im feeling really stupid and more than a bit panicky but i phone the doctors and they see me straight away,0,sadness,Nararamdaman kong tunay na bobo at medyo panik na panik pero tumawag ako sa doktor at agad nila akong tinanggap.
i think im entitled to feeling a little triumphant,1,joy,"Sa tingin ko, karapat-dapat akong maramdaman ang kaunting tagumpay."
i ride because it makes me feel peaceful and alive,1,joy,Sumakay ako dahil ito'y nagbibigay sa akin ng kapayapaan at buhay.
i feel so repressed with this one now,0,sadness,Nararamdaman kong sobrang pinipigilan ako nito ngayon.
i returned home feeling determined disturbed disgusted and devoted,1,joy,"Umalis ako pauwi na may damdaming determinado, nabalisa, nabighani, at nakatuon."
i just ran by feel and i m glad i didn t look because i probably would have freaked out which happened a little later on in the race,1,joy,"Nag-takbo lang ako batay sa pakiramdam ko at masaya akong hindi ako tumingin dahil baka matakot ako, at nangyari nga iyon kalaunan sa lahi."
i am officially feeling festive,1,joy,Opisyal na nararamdaman ko ang saya ng pista.
i feel pretty weird blogging about deodorant but im a bit of a deodorant snob and find it really hard to find a good one,4,fear,Nararamdaman kong kakaiba ang mag-blog tungkol sa deodorant pero medyo snob ako pagdating sa deodorant at mahirap talagang maghanap ng mabuti.
i cant help but feel so burdened,0,sadness,Hindi ko mapigilan ang pakiramdam na sobrang mabigat.
i feel very blessed to call them mom and dad,1,joy,Napakaligaya ko na tawagin silang nanay at tatay.
i just tell you that the feeling of a skid is not pleasant,1,joy,Sinabi ko lang na hindi maganda ang pakiramdam ng pag-skid.
i am being selfish but i feel like me trying to make him horny is redundant because he is always horny and i feel like he should try harder to make me horny,2,love,"Ako ay makasarili, pero parang walang silbi ang pagsisikap kong gawing ligaw siya dahil lagi naman siyang ligaw at parang dapat na siyang mag-extra effort para gawing ligaw ako."
i dont care how churchy or cheesy i sound right now its such a truth i feel in my heart that im so convinced its him i cant make this stuff up on my own,1,joy,"Hindi ko pakialam kung parang relihiyoso o corny ang tunog ko ngayon, totoo ito sa aking puso, sobrang kumbinsido ako na siya iyon, hindi ko ito maimbento."
i can control is me and if people feel that i wronged them i will try my best to fix it but some people you cant make happy,3,anger,"Ang kaya kong kontrolin ay ako mismo, at kung nararamdaman ng mga tao na nilabag ko sila, gagawin ko ang lahat para ayusin iyon, ngunit may mga tao na hindi mo kayang mapasaya."
i don t feel there is enough information out there for people like him to encourage them and prove that university is not the only way to be successful,1,joy,Hindi ko nararamdaman na sapat ang impormasyon na nakalatag para hikayatin ang mga taong katulad niya at patunayan na ang pag-aaral sa unibersidad ay hindi ang tanging daan tungo sa tagumpay.
i feel im rather innocent in that respect,1,joy,Nararamdaman kong medyo inosente ako sa aspeto na iyon.
i would imagine someone to have achieved much more yet i feel no desire to reach out towards the greedy hands and caretakers and give them my sand from the hourglass of mine,3,anger,"Iniisip kong marami nang naabot ang isang tao, ngunit wala akong hangad na lapitan ang mga kamay na sakim at mga tagapag-alaga at ibigay sa kanila ang aking buhangin mula sa aking orasan ng buhangin."
i feel lethargic and getting pressure between my eyes and i just rfttttttttttsjiowefmklldkavsvdsbtwrsbdvfocxfibjxrklrgrmvaeridubneosdvfrwfd okay stressing doesnt help at all it makes it worse so im trying to be calm,0,sadness,"Nararamdaman kong pagod at may presyur sa pagitan ng aking mga mata, at hindi talaga tumutulong ang pag-stress, lalo pa itong lumalala kaya sinusubukan kong manatiling kalmado."
i didn t really know many other ill people but nowadays i do and i m so glad that i do knowing other people in a similar position people who truly get how you feel is a wonderful thing,1,joy,"Hindi ko talaga kilala noon ang maraming ibang may sakit, pero ngayon kilala ko na at sobrang saya ko na nakilala ko sila. Nakakatuwa na makilala ang ibang tao na nasa katulad na sitwasyon, mga taong tunay na nauunawaan kung ano ang nararamdaman mo."
i don t know how i feel about all this how i feel about my place in it if i think that my work is more or less sincere than other gen xers and so on,1,joy,"Hindi ko alam kung paano ako nakakaramdam tungkol sa lahat ng ito, kung paano ako nakakaramdam tungkol sa aking lugar dito, kung iniisip kong mas tapat o hindi ang aking trabaho kumpara sa ibang Gen Xers atbp."
i worry about all of the time ive been spending on the computer and about how i feel so distracted by the party,3,anger,Nag-aalala ako sa lahat ng oras na ginugol ko sa computer at kung paano ako napapagod ng kasiyahan.
im actually going to try again this month because i had a lot of my mind in june and i think that led to me feeling a bit lethargic so fingers crossed ill do better this time,0,sadness,Tatangkain ko ulit ngayong buwan dahil maraming iniisip ko noong Hunyo at sa tingin ko iyon ang dahilan kung bakit ako nakaramdam ng kaunti pang pagod kaya sana mas maganda ang resulta ngayon.
im still feeling annoyed though,3,anger,Nakakainis pa rin ako.
i feel irritable as well,3,anger,Nararamdaman ko rin ang pagiging maselan.
i was feeling overwhelmed,4,fear,Nararamdaman kong sobra na ang bigat.
i just stayed there letting myself feel a little melancholy,0,sadness,"Nanatili lamang ako roon, pinapayagan ang aking sarili na maramdaman ang kaunting kalungkutan."
i am feeling a bit crappy it is not as bad as it was two weeks ago,0,sadness,"Hindi ko masyadong maganda ang pakiramdam, hindi naman katulad ng dalawang linggo na ang nakalipas na mas masahol pa."
i feel too disillusioned to hope for anything,0,sadness,Napakaraming pagkabigo ko kaya hindi na ako maasahan para sa anumang bagay.
i tried going raw vegan for two weeks and it made me feel awful,0,sadness,Sinubukan kong maging raw vegan ng dalawang linggo at hindi ko naramdaman ang maganda.
i feel so pissed of for the fact that i am not that talented and creative as many others designers are,3,anger,Napaka-inis ko dahil hindi ako kasing-talentado at kasing-malikhain ng ibang mga designer.
i mean i feel my happiness and self worth are determined largely by others which is of course not true,1,joy,"Ibig sabihin, nararamdaman kong ang aking kaligayahan at pagpapahalaga sa sarili ay malaki ang impluwensya ng iba, na siyempre ay hindi totoo."
i felt like i had went so far now it feels like my world was shaken just the other day,4,fear,"Naramdaman kong napakalayo ko nang narating, ngayon parang niluray ang aking mundo kahapon pa lamang."
i was feeling a little awkward about seeing some folks,0,sadness,Nakaramdam ako ng kaunting pag-aalinlangan sa pagkikita sa ilang tao.
i am way behind with my work on the fantasy novel and i feel very frustrated,3,anger,Napakalayo ko nang natagalan sa aking trabaho sa nobelang pantasya at sobrang frustado ako.
i feel selfish and self indulgent,3,anger,Nararamdaman kong makasarili at mapag-aaruga sa sarili.
i told myself that i was feeling lethargic and tired that i had other things to do like wasting time on facebook that i needed to eat blah blah blah,0,sadness,"Sinabi ko sa aking sarili na pagod at walang gana ako kaya may iba pang dapat kong gawin tulad ng sayangin ang oras sa Facebook, kailangan kong kumain at iba pa."
i have one toe that is starting to feel kind of numb,0,sadness,May isang daliri ng paa ako na nagsisimulang makaramdam ng kakaibang panghihina.
i have about pairs of heeled shoes that i hardly ever wear i love the look of heels they always make me feel quite elegant but i just cant bear the thought of not being able to really relax when i wear them,1,joy,"Mayroon akong mga pares ng sapatos na may takong na halos hindi ko isusuot. Gustung-gusto ko ang hitsura ng takong, lagi silang nagpaparamdam sa akin ng kagandahan ngunit hindi ko matiis ang ideya na hindi ako makakapagpahinga nang lubusan kapag suot ko sila."
i do not feel remorseful and ask for forgiveness when i know ive done something wrong,0,sadness,Hindi ako nakakaramdam ng pagsisisi at humihingi ng tawad kapag alam kong mali ang aking ginawa.
i feel generous prizes for all finalists too,1,joy,Gusto kong may gantimpala para sa lahat ng finalist.
i feel a sweet sense of optimism touched with anxiety about the coming days,1,joy,Nararamdaman ko ang isang matamis na optimismo na may halong kaba tungkol sa mga darating na araw.
i feel strange putting a review in this post so ill keep it brief,4,fear,Nakakakaba para sa akin na maglagay ng review dito kaya't gagawin ko itong maikli.
i feel satisfied only with details and small parts,1,joy,Nakakaramdam ako ng kasiyahan lamang sa mga detalye at maliit na bahagi.
i feel treasured,2,love,Nararamdaman kong pinahahalagahan.
i feel like i should go for a run to expend all this idiotic energy but iv decided to do some homework now instead and store the energy for a social event im going to this evening,0,sadness,Parang dapat akong magtakbo para maubos ang lahat ng itong baliw na enerhiya pero pinili kong mag-aral muna ngayon at i-save ang enerhiya para sa sosyal na okasyon mamaya.
i show my temper to my parents i feel very regretful for hurting them,0,sadness,Ipinapakita ko ang aking galit sa aking mga magulang at lubos akong nagsisisi dahil nasaktan ko sila.
listening to my roommate boasting about her new clothes,3,anger,nakikinig ako sa aking kakambal na nagmamayabang tungkol sa kanyang mga bagong damit.
i feel like a reluctant queen tasked to rule over a nation of miscreants who are exactly like me,4,fear,"Parang isang hindi gustong reyna ako, na kailangang mamuno sa isang bansa ng mga masasamang tao na katulad ko rin."
i was going to cry at one point could feel a lump in my throat but managed to stop it as i was more distracted by the thought of getting all my vows right,3,anger,"Malapit na akong umiyak noon, nararamdaman ko ang kirot sa lalamunan, pero napahinto ko ito dahil mas nabighani ako sa pag-iisip na tama ang lahat ng aking panunumpa."
i feel is a lousy diagnostician,0,sadness,Nararamdaman kong isang masamang tagapag-diagnose ako.
i have to go out into the fields and sometimes if i feel more adventurous than usual right into the woods near my home,1,joy,"Kailangan akong lumabas sa mga bukid at minsan kung mas madaldal ako kaysa dati, diretso sa kagubatan malapit sa aking tahanan."
i lauper s that starts with the line time after time which she would sing going down the memory lane and feeling nostalgic,2,love,"Si Cyndi Lauper, ang kantang ""Time After Time"" ang simula, na kanyang aawitin habang pababa sa alaala at nararamdaman ang pag-nostalya."
i feel like there is a violent war going on in my stomach,3,anger,Parang may matinding giyera sa aking tiyan.
i hate not feeling useful,1,joy,Ayaw ko ng hindi maramdaman na kapaki-pakinabang.
i just hate to feel unhappy emotions,0,sadness,Ayaw ko lang maramdaman ang mga masasamang emosyon.
i feel like im being punished because of it,0,sadness,Parang pinarusahan ako dahil dito.
i feel perfect with you comments img src http sadlovequotesforhim,1,joy,Nararamdaman kong perpekto ako kasama mo.
i dont i feel amazed,4,fear,Hindi ko nararamdaman ang pagkamangha.
i feel a little skeptical but what have i got to lose,4,fear,"Nararamdaman ko ang kaunting pag-aalinlangan, pero ano naman ang mawawala?"
i feel energised invigorated and alive once again,1,joy,"Nararamdaman kong puno ng enerhiya, nabubuhay muli, at parang nabigyan ng bagong buhay."
i cant tell you the last time i have woken up feeling like i slept well,1,joy,Hindi ko na matatandaan ang huling pagkakataon na gising akong nakaramdam na mabuti ang tulog ko.
i had the love of my life in nathan been in love and shit and here was travis and i felt hardly anything and im sitting here feeling doomed that i would never again find someone who would give me that spark,0,sadness,"Mayroon akong minamahal sa buhay na si Nathan, nagmamahalan kami at lahat, tapos dumating si Travis at halos wala akong naramdaman, at ngayon nakaupo ako dito, parang nabibilanggo sa pakiramdam na hindi na ako makakahanap ng taong magbibigay sa akin ng ganung apoy."
i feel like a frightened little child more than anyone could ever know,4,fear,"Parang isang natatakot na maliit na bata ako, higit pa sa kaya nilang maunawaan ng kahit sino."
i didn t allow myself to feel the emotional depths of my sorrow,0,sadness,Hindi ko pinayagan ang aking sarili na maramdaman ang malalim na kalungkutan.
i feel all glad not being with you,1,joy,Masaya ako na hindi tayo magkasama.
i had the most amazing run this morning and im feeling so determined these past few days,1,joy,Napakagandang takbo ko ngayong umaga at sobrang determinado ako sa mga nakalipas na araw.
i started to feel butterflies in my stomach and my body starting to get hot,2,love,Nagsimulang maramdaman ko ang kiliti sa tiyan at mainit na ang katawan ko.
i may heighten crucial concerns pertaining to expatriates predominantly budgetary but also during the areas i always really feel could be useful and or important or perhaps fascinating,1,joy,"Maaaring palakasin ko ang mahahalagang alalahanin tungkol sa mga dayuhang manggagawa, pangunahin sa aspeto ng badyet, ngunit pati na rin sa mga lugar na sa palagay ko ay kapaki-pakinabang, mahalaga, o marahil nakakaganyak."
i was feeling deprived because we did our traveling in june but we still have one weekend getaway planned for the middle of the month as well as the free concert every tuesday and a few other random outings,0,sadness,"Nararamdaman kong kulang dahil naglakbay tayo noong Hunyo pero may isang weekend getaway pa tayong plano sa gitna ng buwan, pati na ang libreng konsyerto tuwing Martes at ilang iba pang random na lakad."
i didnt feel cheated or deprived,0,sadness,Hindi ako nadama na niloloko o pinagkaitan.
i feel like when i was a kid it was constantly impressed upon me how awesome ants are,4,fear,"Parang noong bata ako, lagi akong binibigyang-diin kung gaano kagaling ang mga langgam."
i know its been months but i still feel envious of my friends who are having their school holidays,3,anger,Alam kong mga buwan na ang nakalipas ngunit ako'y patuloy pa ring nagtatanim ng inggit sa mga kaibigan kong nag-eenjoy ng kanilang bakasyon sa paaralan.
i mean it is exhausting to feel bad all the time,0,sadness,Nakakapagod talagang masaktan lagi.
i was feeling cold and wet most of the time,3,anger,"Karamihan sa oras, nararamdaman kong malamig at basa."
when my close friend was involved in an accident and passed away instantly he had gone to buy a new car and had asked me to wait at his home so that i could see his new car,0,sadness,"Nang aksidenteng namatay ang aking malapit na kaibigan habang bumibili ng bagong kotse, hiniling niya sa akin na maghintay sa kanyang bahay upang makita ko ang kanyang bagong sasakyan."
im feeling discontent or too comfortable because there is always something i should be working on in my spiritual life,0,sadness,Nararamdaman kong hindi ako kontento o masyadong komportable dahil palagi may dapat akong pagbutihin sa aking espirituwal na buhay.
i feel empty again,0,sadness,Nararamdaman ko ulit ang kawalan.
i feel another violent daydream coming up and i bet it has something to do with me getting my hands on a saint just costume,3,anger,"Nararamdaman kong papalapit na ang isa pang matinding pangarap na puno ng karahasan, at sigurado akong may kinalaman ito sa akin na nakasuot ng kostumeng santo lamang."
ive been taking i keep feeling lethargic everyday unlike when i was pregnant with my previous boys,0,sadness,"Lagi akong nakakaramdam ng pagod araw-araw simula nang magsimula akong uminom nito, hindi katulad noong buntis ako sa aking mga anak na lalaki noon."
i feel is defective,0,sadness,Nararamdaman kong may depekto.
i feel that god sends us some distractions just to see how determined we are to reach our goals,1,joy,Nararamdaman ko na pinapadala ng Diyos ang ilang paglihis upang makita kung gaano tayo determinado na makamit ang ating mga layunin.
i were discussing on freedom and economic growth in global civil society i cudnt help but feeling amazed our frens in da philippines dat they r happy maintain basic living condition without rapid development as long as their freedom is not being touched,4,fear,"Habang pinag-uusapan natin ang kalayaan at paglago ng ekonomiya sa pandaigdigang sibil na lipunan, hindi ko mapigilang magtaka sa ating mga kaibigan sa Pilipinas dahil sila ay masaya sa pagpapanatili ng pangunahing kondisyon ng pamumuhay nang walang mabilis na pag-unlad basta ang kanilang kalayaan ay hindi nilalabag."
i feel so dirty in you i crash cars br style background color white color font family georgia times new roman times serif font size px line height,0,sadness,"Nararamdaman kong sobrang marumi ako sa iyo, nababangga ko ang mga kotse."
i know what happened might still feel real feel dangerous but i don t plan on going anywhere any time soon,3,anger,"Alam kong ang nangyari ay maaaring pakiramdam pa rin ay totoo at mapanganib, ngunit hindi ako plano na umalis kahit kailan sa lalong madaling panahon."
i also don t know why is the reason of this freaky feeling that disturb my funny mood it should be but it don t,4,fear,Hindi ko rin alam kung bakit may ganitong kakaibang pakiramdam na gumagulo sa aking masayang pakiramdam dapat sana ay hindi.
i get on the bike temperature is good no wind ya not until turning around and the first feels fabulous mph average i am thinking oh yes going for today and it may just be easy,1,joy,"Sumakay ako sa bisikleta, ang temperatura ay maganda, walang hangin, hanggang sa magbaliktad ako at ang unang pakiramdam ay kahanga-hanga, average na mph, iniisip ko, ""Oo nga, maganda ang araw na ito at baka madali lang."""
i was already going to feel giggly about it,1,joy,Malapit na akong ma-kilig tungkol dito.
im not feeling very glamorous at the moment to sat the least,1,joy,"Hindi ako gaanong nakakaramdam ng glamor ngayon, kung tutuusin."
i reckon this is fair enough yes the queen is their monarch but they are so geographically removed from her and her presence that i appreciate that many australians may feel more loyal to their country and own communities than to the queen herself,2,love,"Sa tingin ko, patas naman ito. Oo, ang reyna ang kanilang monarka, ngunit sila ay napakalayo sa kanya at sa kanyang presensya na naiintindihan ko kung bakit marami sa mga Australyano ang maaaring mas mapagmahal sa kanilang bansa at sariling komunidad kaysa sa reyna mismo."
i was feeling defeated again and super overwhelmed i stopped and realized that this is just a demanding season for me,0,sadness,"Nararamdaman ko ulit ang pagkatalo at sobrang pagod, huminto ako at napagtanto na ito'y isang mahirap na panahon lamang para sa akin."
i had been taught very young that i had deserved what i got that what i was feeling was unimportant overemotional and attention seeking,0,sadness,"Itinuro sa akin noong bata pa ako na nararapat ang natanggap ko, na ang nararamdaman ko ay hindi mahalaga, labis ang emosyon, at naghahanap lamang ng pansin."
i am just feeling shitty right now,0,sadness,Nararamdaman ko lang na masama ang pakiramdam ko ngayon.
i feel sad donna summer dead at a href http jtwoo,0,sadness,"Malungkot ako, namatay si Donna Summer."
ill tell you what its about as soon as im sure then well talk about how you can purchase it without feeling that youre in any way supporting me or what i do,1,joy,"Sasabihin ko sa iyo kung ano ito tungkol sa lalong madaling makasiguro ako, saka pag-uusapan natin kung paano mo ito mabibili nang hindi ka mararamdaman na anumang paraan ay sumusuporta ka sa akin o sa ginagawa ko."
i guess the bottom line is i feel like damaged goods and i m not sure how to fix that or if it is even fixable,0,sadness,Siguro ang punto ay nararamdaman kong nasira na at hindi ko alam kung paano ayusin iyon o kung kaya nga itong ayusin.
i was sitting here feeling defeated,0,sadness,"Nakaupo ako rito, nadarama ang pagkatalo."
i will admit that some days i yell some days i dont want to get out of bed some days i cuss and freak out even some days i dont even really want to talk to anyone because i feel a little numb and im afraid people will know that im not ok,0,sadness,"Aminin ko, may mga araw na sumisigaw ako, may mga araw na ayaw kong bumangon sa kama, may mga araw na sumusumpa at nagagalit ako, at may mga araw na ayaw ko pang makipag-usap sa kahit sino dahil parang nababalot ako ng kawalan ng pakiramdam at natatakot akong malaman nila na hindi ako maayos."
im so excited but at the same time i feel a little nervous,4,fear,Sobrang excited ako pero medyo kinakabahan din ako.
im tired unhappy feeling listless unmotivated exhausted,0,sadness,"Pagod ako, malungkot, walang gana, walang motibasyon, at pagod na pagod."
i have been feeling very insincere,3,anger,Nararamdaman kong lubhang hindi tapat.
i know it is so disgusting horrifying i feel so dirty,0,sadness,"Alam kong sobrang nakakadisgusto at nakakatakot, parang marumi ako."
i want to not feel shy with them i want to have fun with them,4,fear,"Gusto kong hindi nahihiya sa kanila, gusto kong masaya kasama nila."
ive always longed to feel the beloved tenderness from a father,2,love,Lagi kong hinahangad ang maramdaman ang pagmamahal at kahinahunan ng isang ama.
i feel i m getting distracted and not real,3,anger,Nararamdaman kong nababaling ang aking atensyon at hindi ako tunay.
i know this is love and i feel it there i whisper something so sincere exactly what you want to hear,1,joy,"Alam kong ito ay pag-ibig at nararamdaman ko ito doon, bulong ko ng isang bagay na tunay na taos-puso, eksaktong kung ano ang gusto mong marinig."
i did feel sympathy for him and liked him more by the end of the story however i dont feel that enough time was spent on his turn around,2,love,"Nadama ko ang simpatiya para sa kanya at lalong nagustuhan siya sa huli ng kwento, ngunit hindi ko naramdaman na sapat ang oras na ginugol sa kanyang pagbabago."
i have a pit in my stomach feeling disappointed,0,sadness,"May lungkot sa aking sikmura, nabigo ako."
i was feeling quite embarrassed and quite a wee crowd had gathered outside the bank,0,sadness,Napakasakit ng aking pagkahiya at isang maliit na karamihan ay nakapila na sa labas ng bangko.
im not yet feeling terrified of failing i honestly feel like im overconfident right now because i believe that ive done my best,4,fear,"Hindi pa ako natatakot mabigo, totoo naman, parang sobrang kumpiyansa ako ngayon dahil naniniwala akong nagawa ko na ang lahat ng makakaya ko."
i feel empty a href http mohdashif,0,sadness,Nararamdaman kong wala akong laman.
i told him i was feeling unloved and underappreciated by the kids,0,sadness,Sinabi ko sa kanya na nararamdaman kong hindi ako minamahal at hindi pinahahalagahan ng mga bata.
i sometimes feel hated but i am not it is all in my head,3,anger,"Minsan, nararamdaman kong kinamumuhian pero hindi naman totoo, nasa isip ko lang iyon."
i still post them because a i feel neglectful if i dont do anything on a site at least every once in awhile and b,0,sadness,"Patuloy pa rin akong nagpo-post dahil a) nadarama kong nakakalimutan ako kung hindi ako gumawa ng kahit ano sa isang site kahit minsan, at b)"
i have a feeling your heart will be happy that you did,1,joy,Nararamdaman kong masaya ang iyong puso dahil ginawa mo ito.
i actually feel frightened of people here right now,4,fear,Natatakot ako sa mga tao rito ngayon.
i feel like throughout my life to this point in time i can say that ive fucked quite a few people,3,anger,"Nararamdaman kong sa buong buhay ko hanggang ngayon, masasabi kong nakasama ko nang maraming tao."
i may notice that you feel aggravated or joyful or whatever it is that youre feeling,3,anger,Maaari kong mapansin na nararamdaman mo ang pag-aaksaya o kagalakan o anumang nararamdaman mo.
i embrace the joy of others and encourage people to read this blog only if they feel somehow enriched or entertained by it,1,joy,Pinagyayakapan ko ang kagalakan ng iba at hinihikayat ang mga tao na basahin lamang ang blog na ito kung nararamdaman nilang mayroon silang natutunan o nasisiyahan dito.
i feel about mcraven at ut not sure div class g plusone data size medium data href http wilcfry,1,joy,Hindi ko sigurado kung ano ang nararamdaman ko tungkol kay McRaven sa UT.
i love being an author and feel that ultimately that will be my one career but all these other jobs are fabulous experiences that bring a lot to my writing,1,joy,"Mahal ko ang maging isang may-akda at nararamdaman kong iyon ang magiging aking iisang karera, ngunit lahat ng mga ibang trabaho ay kamangha-manghang karanasan na nagdadagdag ng maraming bagay sa aking pagsusulat."
i am this evening having had a brilliant night fantastic run and feeling jolly darn good,1,joy,"Ngayong gabi, matapos ang isang kahanga-hangang gabi, isang kamangha-manghang takbo, at nararamdaman kong lubos na masaya."
i did not feel frightened just frustrated that i wanted to go back to sleep but felt there were unfinished tasks i needed to attend to there wasn t other than to edit two articles on freud s dream of irma s injection which were near completion and have subsequently been posted on this blog,4,fear,"Hindi ako natakot, kundi nag-frustrate dahil gusto kong bumalik sa pagtulog ngunit naramdaman kong may mga hindi pa tapos na gawain na kailangang asikasuhin. Wala nang iba kundi i-edit ang dalawang artikulo tungkol sa pangarap ni Freud tungkol sa pag-inyeksi kay Irma na halos tapos na at na-post na ngayon sa blog na ito."
i feel sorry to hear your story,0,sadness,Nakakaawa ang iyong kwento.
i want to help each of them feel special she said,1,joy,"Gusto kong maramdaman ng bawat isa sa kanila na espesyal sila, sabi niya."
i personally feel amazed that i have managed to connect with such amazingly talented and creative people through this little world of dance,4,fear,Nararamdaman kong lubos na nagagalak na nakakonekta ako sa mga napakatalento at mapagkukunang tao sa pamamagitan ng maliit na mundo ng sayaw.
i hardly feel like i had a weekend if i dont get fucked up,3,anger,Mahirap akong makaramdam na may weekend kung hindi ako nagkakasala.
i feel divine whenever i captured a moment smiled silently saving all the details to my treasure chest that i fill only with memories that i knew will only happened once in my lifespan,1,joy,"Nararamdaman kong banal kapag nakukuha ko ang isang sandali, ngumiti nang tahimik, at itinatago ang lahat ng detalye sa aking kayamanan na puno lamang ng mga alaala na alam kong mangyayari lamang isang beses sa aking buhay."
im sitting here feeling very disheartened,0,sadness,"Nakaupo ako rito, pakiramdam ko'y lubos na nalulumbay."
i feel like a dumb blonde she mumbled not realizing that alli was standing right next to her she desperately hoped she hadn t heard her say that,0,sadness,"Parang bobong blonde ako, bulong niya nang hindi namamalayan na nasa tabi niya si Alli. Napakabilis niyang nais na sana hindi niya narinig ang sinabi niya."
ive been feeling ignored,0,sadness,Nararamdaman kong iniwan ako.
i sometimes feel nostalgic happy restless angry all at the same time,2,love,"Minsan, nararamdaman kong magulo ang aking damdamin - may pag-nostalgia, saya, pagkabalisa, at galit, lahat nang sabay-sabay."
i feel so dull when you re not around,0,sadness,Napakabagal ng aking pakiramdam kapag wala ka.
i feel cooler just looking at these gorgeous rooms,1,joy,Nararamdaman kong mas malamig ang pakiramdam ko kahit na nakatingin lang ako sa mga magagandang silid na ito.
i kind of feel it how people appreciate this sense of not being entertained,1,joy,Parang nararamdaman ko kung paano pinahahalagahan ng mga tao ang pakiramdam na hindi sila pinapatawa.
i dont know what next year will hold for me and my free author promotion but for now i feel pretty special to be a part of a writing community where my author friends trust me with some of their most precious possessions,1,joy,"Hindi ko alam kung ano ang dadalhin ng susunod na taon para sa akin at sa aking libreng pagpapalaganap bilang may-akda, ngunit ngayon, nararamdaman kong espesyal na maging bahagi ng isang komunidad ng mga manunulat kung saan pinagkakatiwalaan ako ng aking mga kaibigan-may-akda ng ilan sa kanilang mga pinakamahalagang ari-arian."
i feel smart though,1,joy,Nararamdaman kong matalino naman.
i came across this picture of a diy twiggy candle holder and now im feeling all festive and creative,1,joy,Nakita ko itong larawan ng DIY na kandelero mula sa sanga at ngayon ay nararamdaman kong puno ng pista at malikhain.
i am a boy i like girls they are pretty and i like it when they smile at me but it makes me feel funny,4,fear,"Ako ay isang lalaki, gusto ko ang mga babae, maganda sila at nasisiyahan ako kapag ngumiti sila sa akin ngunit nakakakilig ito."
i feel virtuous because i walked to and from the library which is almost a mile away and the temp was,1,joy,Nararamdaman kong mabuti dahil naglakad ako papunta at pauwi sa aklatan na halos isang milya ang layo at mainit ang panahon.
im feeling like a tortured teen i decided to pile on the neon which was the shizz in my day,4,fear,Parang isang binatilyong pinagdurusa ako kaya nagpasya akong isuot ang mga neon na uso noong panahon ko.
i may trust my partner to look after me and my needs and those of our relationship i feel threatened because they arent in control of the situation and obviously neither am i,4,fear,"Maaari akong magtiwala sa aking kapareha na alagaan ako at ang aking mga pangangailangan pati na rin ang mga pangangailangan ng ating relasyon, ngunit nararamdaman kong natatakot dahil hindi sila nasa kontrol ng sitwasyon at malinaw naman, hindi rin ako."
i am currently feeling i wouldnt surprised if its flipped again,4,fear,Hindi ako magugulat kung mababaliktad ito muli.
i was feeling rather smug about being a black toenail virgin despite having run for a little over years now,1,joy,"Nararamdaman kong medyo mapagmataas dahil ako'y isang ""black toenail virgin"" pa rin kahit na tumakbo na ako ng mahigit isang taon."
i feel like i have less time for stuff since i got super depressed and never wanna do much,1,joy,Parang kulang na ang oras ko para sa mga bagay-bagay simula nang maging sobrang depressed ako at ayaw kong gawin ang marami.
i am feeling a little bit hostile towards my ex today,3,anger,Nararamdaman ko ngayon na medyo mapaghiganti ako sa aking ex.
i feel kind of dumb for saying this but i was just upset at how much strength i lost during the last few months,0,sadness,Nararamdaman kong medyo bobo sa pagsasabi nito pero nalulungkot ako sa dami ng lakas na nawala sa akin sa nakalipas na ilang buwan.
i finally got tired of feeling like no matter how smart or well educated or determined i was i was never going to get ahead in vancouver,1,joy,"Sa wakas, napapagod na ako sa pakiramdam na kahit gaano ako katalino, edukado, o determinado, hindi ako makaka-unlad sa Vancouver."
i could feel the gloomy london fog and the oppressive tropical heat even though i was on vacation in oregon,0,sadness,Nararamdaman ko ang madilim na London fog at ang nakakapigilang init ng tropiko kahit nasa bakasyon ako sa Oregon.
i just cant seem to hold myself back when it comes to feeling i wish i could be heartless if just to keep the pain away sigh whatever here i am being fucking emo all over my live journal,3,anger,"Hindi ko talaga mapigilan ang sarili ko kapag nararamdaman ko, sana'y mapag-isip-isip lang ako para makaiwas sa sakit, sus, eto na naman ako, nagiging emosyonal sa aking live journal."
i feel so safe hearing them and knowing hows their day like and all,1,joy,Nararamdaman kong sobrang ligtas kapag nakikinig sa kanila at alam ko kung paano ang kanilang araw.
i do know the next time im having a glass of red wine im tossing a big ol ice cube in it and if im feeling really rebellious i may not even swirl the glass or sniff it and i recommend you try the same thing,3,anger,"Alam kong sa susunod kong basahin ang isang basong pulang alak, ilalagay ko roon ang malaking yelo at kung talagang gustong maging rebelde, baka hindi ko nga iikot ang baso o amuyin ito, at inirerekomenda ko sa inyo na subukan din ninyo ang parehong bagay."
i have to admit that i was beginning to feel pretty smug,1,joy,Kailangan kong aminin na unti-unti nang nararamdaman kong mapagmataas.
i feel tortured here,3,anger,Nararamdaman kong pinahihirapan ako dito.
im also feeling gracious and i want to bless you with a few more old tried and true family recipes,2,love,Ako rin ay nakaramdam ng pagpapasalamat at gustong ibigay sa iyo ang ilang matatandang pamilyar at epektibong resipe ng aming pamilya.
i couldnt help feel infuriated when i had left the building,3,anger,Hindi ko mapigilang magalit nang umalis na ako sa gusali.
im feeling really agitated for some reason i think its coz im confused,3,anger,Napaka-irita ko ngayon ng dahil sa hindi ko alam kung ano ang dapat kong gawin.
i am feeling lousy recently,0,sadness,Masama ang pakiramdam ko kamakailan.
i feel like a rockette and i also feel like im glad its over,1,joy,Nararamdaman kong parang isang Rockette at masaya rin akong natapos na ito.
i feel uptight love had to show me one thing i was so right,4,fear,"Nararamdaman kong kinakabahan, ang pag-ibig ay kailangan pang ipakita sa akin ang isang bagay na tama pala ako."
i feel that the world expects one to be a productive individual on sunny days so i resist and tend to be more productive on rainy days,1,joy,Nararamdaman kong inaasahan ng mundo na maging produktibo ang isang tao sa mga araw na mainit kaya tumututol ako at mas madalas maging produktibo sa mga araw na umuulan.
i really enjoyed giving my class one because i knew all the answers and got to feel clever all day and two because it you don t often get a chance to play with these sort of things in training sessions and it was nice to spend time with everyone as new groups came through throughout the day,1,joy,"Tunay na nasisiyahan ako sa pagtuturo ng klase dahil alam ko ang lahat ng sagot at nakaramdam ng matalino buong araw, at pangalawa, dahil hindi madalas magkaroon ng pagkakataon na maglaro ng ganitong uri ng mga bagay sa mga sesyon ng pagsasanay, at nakakatuwa ring makasama ang lahat habang dumating ang mga bagong grupo sa buong araw."
i learnt to never talk about feelings when ive had a drink because it gets messy,0,sadness,Natutunan kong huwag nang pag-usapan ang mga damdamin kapag lasing na ako dahil magiging gulo iyon.
i know i feel a sense of obligation to be loyal to the us canada and taiwan depending on whether or not you think the last is a country,2,love,"Alam kong nararamdaman ko ang obligasyon na maging tapat sa US, Canada, at Taiwan, depende kung ituturing mo ba ang huling ito bilang isang bansa."
i know that in the feeling lonely isolated teary states i have many that stand with me,0,sadness,"Alam kong sa mga panahon ng pag-iisa, kalungkutan, at pag-iyak, marami ang nakatayo sa tabi ko."
i feel rejected by someone i love and this has caused me great heartache and pain,0,sadness,Nararamdaman kong tinatanggihan ako ng taong minamahal ko at ito ay nagdulot sa akin ng malaking sakit ng puso at pagdurusa.
i swear is releasing my neighbors inner crazy weve had cops called on our block like out of days this week im feeling inspired,1,joy,"Pinapangako ko, ang paglabas ng mga kalokohan ng mga kapitbahay ko ay nagpapasaya sa akin. Tuwing linggo, may mga pulis na tumatawag sa aming kalye, parang araw-araw na nangyayari. Nararamdaman kong inspirasyon ang aking nararanasan."
i have to start my journey to these cities in the morning i feel it will be a pleasant journey i am planning to enjoy moments of it especially with my fb friend,1,joy,"Kailangan kong simulan ang aking paglalakbay patungo sa mga lungsod bukas, nararamdaman kong magiging masaya ito, at plano kong tamasahin ang mga sandali nito, lalo na kasama ang aking kaibigan sa Facebook."
i feel convinced my twins would declare the same,1,joy,Naniniwala akong ipahahayag din ng aking mga kambal ang parehong bagay.
im feeling very determined,1,joy,Napakadidiskarte ko ngayon.
i feel good about the choices i made in terms of our readings,1,joy,Masaya ako sa mga pagpipilian ko tungkol sa ating mga binasa.
i feel mellow and shit i swear you got that touch swear they ain t stopping us swear there ain t nothing above girl give me some love yeah yeah yeah x,1,joy,"Nararamdaman kong mellow at talagang ikaw ang may ganoong kakayahan, pangako hindi tayo titigilan, pangako wala nang mas mataas sa atin, mahal ko, bigyan mo ako ng pagmamahal, oo oo oo."
i visited the psychologist all those years ago i really took to heart what he said about not closing myself up and letting others know when i feel uncomfortable etc,4,fear,"Pumunta ako sa sikologo noon, matagal na ang nakalipas, at talagang tinanggap ko sa puso ang sinabi niya tungkol sa hindi pagsasara ng sarili at pagpapaalam sa iba kapag hindi ako komportable, atbp."
im unhappy i feel irritated by everything and i yell,3,anger,"Malungkot ako, lahat ng bagay ay nagpapasigla sa akin at sumisigaw ako."
i just am so tired of feeling lonely and yet when someone comes along who can take away that feeling i run away,0,sadness,"Napagod na ako sa pakiramdam ng pag-iisa, ngunit kapag may dumating na mawawala iyon, tumatakas ako."
im feeling extremely blessed to be pregnant,1,joy,Napakalaking biyaya para sa akin na buntis ako.
i cant blame anything or anyone but myself and ive spent the day feeling miserable crying again whenever i remember realizing it was all my fault,0,sadness,"Hindi ko masisi ang kahit sino o kahit anong bagay kundi ang aking sarili, at ang buong araw ay naramdaman kong malungkot, umiiyak muli tuwing naaalala ko ang pagtuklas na lahat ay aking kasalanan."
i may be fighting a very weak argument but i feel that it is important that people do not lose the ability to listen to a true album,1,joy,Maaaring mahina ang aking argumento ngunit mahalaga sa akin na hindi mawala sa mga tao ang kakayahang makinig sa isang tunay na album.
i feel the divine feminine playing out last night also by giving her heart yet not to just all in the universe but to the divine masculine gods to help wake and heal him,1,joy,"Naramdaman ko ang paglalaro ng diyosang babae kagabi rin sa pamamagitan ng pagbibigay ng kanyang puso, hindi lamang sa buong sansinukob kundi sa mga diyosang lalaki upang matulungan siyang magising at gumaling."
i ought not come for i stipulation them to feel sorrowful for their skeered rupees which they re assert to the field but i will console for i allusion massou to live,0,sadness,"Hindi ako dapat dumating dahil ipinag-utos ko sa kanila na maramdaman ang kalungkutan para sa kanilang kinatatakutang mga piso na kanilang ibinabalik sa bukid, ngunit ako ay magpapayo dahil aking tinutukoy ang masa na mabuhay."
i see her frustration and sadness and hear her anger at my puters invasion in her life and then the pride of financial independence feels pretty lame,0,sadness,"Nakikita ko ang kanyang pagkabigo at kalungkutan, at naririnig ko ang kanyang galit sa pagsalakay ng aking mga computer sa kanyang buhay, at saka ang pagmamalaki sa pinansiyal na kalayaan ay tila walang saysay."
i wanted to do something different today and that feeling was inside of me so intensely strong,1,joy,Gusto kong gawin ang isang iba ngayong araw at ang pakiramdam na iyon ay sobrang malakas sa loob ko.
i feel so sorrowful so dejected the words ring through my head i am so damn affected by everything you say and all that you do why can t i let go i want to be happy too,0,sadness,"Napakasakit, napakalungkot, ang mga salita'y tumutunog sa aking isipan. Napakadaling maapektuhan ng lahat ng iyong sinasabi at ginagawa. Bakit hindi ko makalimot? Gusto ko ring maging masaya."
i can t help but feel considerate towards others,1,joy,Hindi ko mapigilan ang maging mapagkalinga sa iba.
i feel thankful happy and blessed and these are good feelings,1,joy,"Nararamdaman kong nagpapasalamat, masaya, at binabasa, at magagandang pakiramdam ito."
i go to the church service not youth i feel like im hated and i know im not the only one,3,anger,"Pumupunta ako sa serbisyo ng simbahan hindi sa kabataan, parang iniinda ako at alam kong hindi ako nag-iisa."
i mean im actually feeling productive in the area of quilting and sewing but havent felt lik,1,joy,"Ibig sabihin, nararamdaman ko ang aking produktibo sa pag-quilting at pag-sewing ngunit hindi ko naramdaman ang gana."
i feel ashamed that you would forget that and forget us,0,sadness,Nakakahiya na nakalimutan mo iyon at kami.
i feel so excited cause that means i get to skip classes,1,joy,Napakasaya ko kasi ibig sabihin nun ay makakapigil ako ng klase.
i feel is a valuable reason was the alone time that debra and i had driving to woodston camp kansas assemblies of god family camp,1,joy,"Ang nararamdaman kong mahalagang dahilan ay ang mag-isa naming oras ni Debra habang nagmamaneho patungo sa Woodston Camp, Kansas Assemblies of God Family Camp."
im feeling adventurous and fiesty i stop comparing myself to everyone,1,joy,"Nararamdaman kong mahilig sa pakikipagsapalaran at may sigla, kaya tumigil na akong ihahambing ang sarili ko sa lahat."
i really shut myself off a lot at the end of my pregnancy when i was feeling even more irritable and anxious so maybe now i need to bounce back from that and get back to normal again,3,anger,Talagang nag-iisa ako nang husto sa huli ng aking pagbubuntis nang mas lalong maging maselan at kinakabahan ako kaya marahil ngayon kailangan kong bumalik sa dati at maging normal muli.
i have a feeling they were delicious,1,joy,May kutob akong masarap iyon.
i was just wondering if that is common and why some girls feel the need to seem less intelligent than they really are,1,joy,Nagtataka lang ako kung karaniwan iyon at bakit may ilang babae na parang kailangan nilang magmukhang mas mababa ang katalinuhan kaysa sa tunay nilang kakayahan.
i feel ungrateful and i know i feel ungrateful and i hate myself for feeling ungrateful hellip and yet i don t get that last bit,0,sadness,Nararamdaman kong hindi ako nagpapasalamat at alam kong hindi ako nagpapasalamat at kinamumuhian ko ang aking sarili dahil hindi ako nagpapasalamat... at gayunpaman hindi ko maintindihan ang huling bahagi.
i couldn t help but feel slightly intimidated,4,fear,Hindi ko mapigilan ang pakiramdam na kaunti akong natatakot.
i feel safer so i didnt have that horrible panicky feeling like i used to after nightmares in the old place but i couldnt get back to sleep,0,sadness,"Nararamdaman kong mas ligtas kaya hindi ko naramdaman ang nakakatakot na panik na dati kong nararanasan pagkatapos ng mga masamang panaginip sa dati kong tirahan, ngunit hindi ako nakabalik sa pagtulog."
i definitely feel like i don t have a spot assured he said but didn t seem too stressed about spring training,1,joy,"Tiyak akong wala akong matitiyak na pwesto, sabi niya, ngunit hindi naman mukhang sobra siyang nababahala tungkol sa spring training."
i feel like i need to officially address this because it is just so fucking dumb,0,sadness,Nararamdaman kong kailangan kong opisyal na pag-usapan ito dahil sobrang bobo nito.
i feel like im making all the effort and i cant be bothered with it anymore,3,anger,Parang ako lang ang nagsisikap at hindi ko na kaya ang pagod na ito.
i feel compassion for them and understand why they feel insecure,4,fear,Nakaramdam ako ng awa sa kanila at nauunawaan ko kung bakit sila nag-aalinlangan.
i don t like sharing i do that on twitter but because i feel it s a vain thing to do,0,sadness,"Ayaw kong magbahagi, ginagawa ko iyon sa Twitter pero dahil nararamdaman kong walang kabuluhan iyon."
i went by on wednesday feeling slightly regretful that i didnt try to haggle,0,sadness,"Pumunta ako noong Miyerkules, medyo nagsisisi na hindi ko sinubukan mag-tawaran."
i just wasnt feeling it so i willfully broke my routine,0,sadness,Hindi ko lang naramdaman kaya kusang-loob kong sinira ang aking rutinaryo.
i honestly feel rejected,0,sadness,Tila tinanggihan ako ng totoo.
i try to describe my experience in words it feels like trying to shove tender little baby feet into high tops that are too small for them,2,love,"Sinusubukan kong ilarawan ang aking karanasan sa mga salita, parang pinipilit kong ipasok ang malambot at maliit na paa ng sanggol sa mga sapatos na medyas na masyadong maliit para sa kanila."
i feel that he wasn t making the effort to see me i blamed it on an over active imagination,0,sadness,"Nararamdaman kong hindi niya ginagawa ang pagsisikap na makita ako, akala ko'y bunga lamang ng aking labis na imahinasyon."
i was feeling good until i saw the flop,1,joy,Masaya ako hanggang sa makita ko ang flop.
i is feeling particularly hostile shell say no red shirt today nickey,3,anger,"Gusto kong mag-ingay ngayon, sasabihin kong ""walang pulang damit ngayon, Nickey."""
i feel lethargic slogging through work outs and finishing each evening with popcorn and a glass of pinot gris,0,sadness,"Nararamdaman kong pagod at walang gana sa pag-eehersisyo, at nagtatapos ang bawat gabi ko sa popcorn at isang baso ng pinot gris."
i feel hated but i don t care,3,anger,Nararamdaman kong kinamumuhian ngunit hindi ako nag-aalala.
i feel less stressed driving a hard route than being the passenger,0,sadness,Mas nakakarelaks para sa akin ang pagmamaneho sa mahirap na ruta kaysa maging pasahero.
i miss feeling pretty and delicate,2,love,Namimiss ko ang pakiramdam na maganda at mahina.
i was telling obbie last night i feel like a terrible christian,0,sadness,Sinabi ko kay Obbie kagabi na parang isang masamang Kristiyano ako.
i was feeling more than a little apprehensive as i was traveling on an emergency issued passport kindly supplied by the british consulate in los angeles a week ago,4,fear,Nararamdaman kong higit pa sa kaunting pag-aalala habang naglalakbay ako gamit ang emergency passport na ibinigay ng British Consulate sa Los Angeles isang linggo na ang nakalilipas.
i feel really strange without my bangs and sometimes i want just to cut my hair,4,fear,Nararamdaman kong kakaiba nang wala ang aking bangs at minsan gusto ko lang putulin ang buhok ko.
i barely even feel like explaining the weird history of shadow dancer the not really console port of the arcade sequel to shinobi even though there was already a console sequel to shinobi thats a totally different game the revenge of shinobi,4,fear,"Mahirap ipaliwanag ang kakaibang kasaysayan ng Shadow Dancer, ang hindi tunay na port ng console ng arcade sequel sa Shinobi, kahit na mayroon nang console sequel sa Shinobi na ganap na ibang laro, ang The Revenge of Shinobi."
i feel honored to have those books on my shelves,1,joy,Nararamdaman kong iginagalang na makasama ang mga aklat na iyon sa aking mga istante.
i feel that he is ungrateful for having an opportunity to breathe the air when so many others didn t have the chances he has had,0,sadness,Nararamdaman kong siya ay hindi nagpapasalamat sa pagkakataong huminga ng hangin habang marami pang iba ang hindi nakaranas ng mga pagkakataong kanyang natamo.
i will scream or cry when theres too many ppl but i feel insecure and wanted hide from them and i will sweat a lot,4,fear,"Sisigaw o iiyak ako kapag maraming tao dahil nahihiya ako at gusto kong magtago sa kanila, at mag-i-ihi ako ng pawis nang husto."
i am an infp a very strong introverted feeling person you could say i am passionately emotional about even the most insignificant of things,0,sadness,"Ako ay isang INFJ, isang taong lubhang may malakas na introverted feeling, masasabi mong may malalim na damdamin ako kahit sa mga bagay na tila walang kahalagahan."
i needed to clear my head he tells him and sighs when he feels gentle fingers in his hair,2,love,"Kailangan kong linisin ang aking isipan, sabi niya at huminga nang malalim nang maramdaman ang mahinang paghawak ng mga daliri sa kanyang buhok."
i want to make this a daily thing i have to wash my hair every single day and that s a hassle for someone like me who has super curly hair that s a bit of a pain to straighten but when i walk out of that class i feel so good,1,joy,"Gusto kong gawing araw-araw ito, kailangan kong hugasan ang buhok ko araw-araw at iyon ay nakakapagod para sa isang tao tulad ko na may sobrang kulot na buhok na medyo mahirap ayusin ngunit kapag lumabas ako ng klase, nararamdaman kong napakaganda."
i would even say are important as far as how my significant other feels about anything and that the rest have been ludicrous,0,sadness,"Sasabihin ko pa nga, mahalaga sila kung tungkol sa kung paano nararamdaman ng aking mahal sa buhay ang anumang bagay, at ang iba ay puro kalokohan."
i love but these are just a few that i ve been thinking of lately feel free to comment tell me i am an idiot or whatever,1,joy,"Mahal ko, pero ilan lang ito sa mga iniisip ko kamakailan. Libre kayong mag-komentaryo, sabihin ninyo na tanga ako o ano pa man."
i feel overly distracted so tabby and i started again working on the paths and the routes we have here through the woods down to the big creek and around the former second meadow,3,anger,Nadidistract ako kaya nagsimula ulit si Tabby at ako sa pagtatrabaho sa mga landas at ruta natin dito sa kagubatan papunta sa malaking ilog at palibot ng dating ikalawang damuhan.
i feel fighter move in me and i am amazed at the way he and my tummy is growing so quickly,4,fear,Nararamdaman kong may labanang nagigising sa akin at nababighani ako sa bilis ng paglaki niya at ng aking tiyan.
i watched her tears fell i really feel so heartbroken,0,sadness,"Nakita ko siyang umiyak, talagang nasasaktan ako ng sobra."
i know that my issues questions feelings etc are going to be resolved,1,joy,"Alam kong malulutas ang aking mga problema, tanong, damdamin, at iba pa."
i must comment that i believe medications are life saving in many situations but i also feel that it is important to report the full story,1,joy,"Dapat kong sabihin na naniniwala akong nakakiligtas ng buhay ang mga gamot sa maraming sitwasyon, ngunit nararamdaman ko rin na mahalaga na iulat ang buong kwento."
i feel like i need to do something to change this vicious cycle of being good and letting cravings drive me to madness and binging,3,anger,Nararamdaman kong kailangan kong gumawa ng paraan upang baguhin itong paulit-ulit na siklo ng pagiging mabuti at pagpapahintulot sa mga pagnanasa na magdala sa akin sa pagkabaliw at pag-aabuso.
i prefer to sit in the large room at the back with its wooden floor and upholstered chairs which has a timeless feel in summer a gentle breeze blows through the floral curtains as you savour your large piece of cake or perhaps some of their famous a href http en,2,love,"Mas gusto kong umupo sa malaking silid sa likuran na may kahoy na sahig at nakasarang upuan na may walang hanggang pakiramdam sa tag-araw, isang banayad na simoy ng hangin ang dumadaan sa mga kurtina na may bulaklak habang tinatamasa mo ang malaking piraso ng cake mo o marahil ilan sa kanilang sikat na..."
i spent most of that game feeling unsure about where i needed to be what i should be doing and just mostly feeling completely lost,4,fear,"Karamihan sa larong iyon ay naramdaman kong hindi sigurado kung saan ako dapat pumunta, ano ang dapat kong gawin, at halos ganap na nawawala."
i feel lucky to know what its like to revel in the freedom and wide open spaces that being by the sea affords,1,joy,Masuwerte akong nakakaalam ng pakiramdam na makaligaya sa kalayaan at malawak na espasyo na ibinibigay ng pagiging malapit sa dagat.
i feel like a greedy easily pound overweight american,3,anger,"Parang isang mapagkukunan, madaling magtapon ng timbang, at sobrang bigat na Amerikano ako."
i also feel disappointed in his mother gertrude,0,sadness,"Ako rin ay nabigo sa ina niya, si Gertrude."
i feel humiliated at her apartment i came here to this family i feel stuckin this life and go the hell i do not want to be more present in my life,0,sadness,"Nararamdaman kong nababastos sa kanyang apartment. Dito ako pumunta sa pamilyang ito, parang nabibitin ako sa buhay na ito at gusto kong umalis, ayoko nang maging mas aktibo sa aking buhay."
i feel slightly like a traitor admitting that i really liked the new place,2,love,Nararamdaman kong medyo traydor sa pag-amin na talagang nagustuhan ko ang bagong lugar.
im facing the consequences of my little fall yesterday all day and night yesterday i could feel every little muscle in my back slowly knotting up in protest at the unkind treatment they have received,3,anger,"Nakakaranas ako ng mga bunga ng aking maliit na pagbagsak kahapon, buong araw at gabi. Kahapon, nararamdaman ko ang bawat maliit na kalamnan sa likod ko na unti-unting nag-a-knot bilang protesta sa hindi magandang pagtrato na natanggap nila."
i knew i was going to look at the mess and feel guilty for not pushing myself to get it taken care of,0,sadness,Alam kong titingnan ko ang gulo at mararamdaman ang pagkakasala dahil hindi ako nagpupursigi para ayusin ito.
i was feeling really awful by afternoon,0,sadness,Napakasama ng pakiramdam ko noong hapon.
i miss feeling like im cute enough to be considered to be taken home,1,joy,Namimiss ko ang pakiramdam na sapat na ako kagandahan para maibalik sa bahay.
i feel lost and discombobulated i lose the drive to write,0,sadness,"Nararamdaman kong nawawala at nalilito ako, nawawala ang aking gana sa pagsusulat."
i wanna go to work feeling bouncy and happy,1,joy,Gusto kong pumunta sa trabaho na parang may sigla at masaya.
i feel sometimes like i want to say things that i am sure will offend,1,joy,"Minsan, parang gusto kong sabihin ang mga bagay na tiyak na magagalit."
im just feel alone,0,sadness,Nararamdaman ko lang na nag-iisa ako.
i am full of feeling not empty,0,sadness,"Puno ako ng damdamin, hindi walang laman."
i feel you are being wronged i will back you,3,anger,"Nararamdaman kong mali ang ginagawa sa iyo, susuportahan kita."
ive learned not to depend on nor expect my body to perform but rather keep a flexible hope expectation that i can fulfill my duties despite how i feel im thankful that most people around me have been understanding and flexible right along with me,1,joy,"Natutunan kong huwag umasa o asahan na gagana ang aking katawan gaya ng dati, kundi panatilihing maluwag ang aking pag-asa na kaya kong matupad ang aking tungkulin kahit paano ako nararamdaman. Nagpapasalamat ako na karamihan sa mga tao sa paligid ko ay maunawaan at maluwag din tulad ko."
i feel kinda mellow though i think that time of the month is going to turn me into a raging bitch i had my moments last night when i felt totally angry and just like cranky and really restless,1,joy,"Nararamdaman ko ang kaunting kalmado, bagama't akala ko ang panahong iyon ng buwan ay magpapalit sa akin bilang isang galit na babae. Nagkaroon ako ng mga sandali kagabi na sobrang galit at parang maasim at talagang hindi mapakali."
i think i m a bit better today although i still feel like i ve been run over by a truck and the cough is being remarkably stubborn particularly when i try to speak,3,anger,Sa tingin ko medyo mas mabuti na ako ngayon bagama't parang binangga ako ng trak at ang ubo ay matitigas lalo na kapag nagsasalita ako.
i recognize most of the frequent posters and never feel unwelcome to a thread,0,sadness,Nakikilala ko karamihan sa mga madalas mag-post at hindi ko nararamdaman na hindi ako tinatanggap sa anumang usapan.
i went blonde i was feeling adventurous and a little lost in who i was as a person,1,joy,"Nag-blonde ako, parang naghahanap ako ng pakikipagsapalaran at medyo nawawala sa aking tunay na pagkatao."
i cant stop feeling delighted with myself,1,joy,Hindi ko mapigilan ang aking kagalakan sa sarili ko.
i have finished reading i am feeling so insecure,4,fear,"Tapos ko nang basahin, at nararamdaman kong sobrang hindi ko sigurado sa sarili."
i feel like a horrible person a href http bryangregorylewis,0,sadness,Nararamdaman kong isang masamang tao ako.
i can go off to blogland for a bit and get out any thoughts or feelings i want or dream and look at pretty pictures and then step back into my reality,1,joy,"Maaari akong pumunta sa blogland saglit at ilabas ang anumang iniisip o nararamdaman ko, pangarap, tingnan ang magagandang larawan, at saka bumalik sa aking katotohanan."
i feel sorry for the poor guy who were told to leave by female passenger when they accidentally sit on area for women,0,sadness,Nakakaawa ang lalaking iyon na pinag-utosan ng babaeng pasahero na umalis dahil sa pagkakasandal niya sa lugar para sa mga babae.
i feel like a doll which has been abused,0,sadness,Parang isang manika akong sinasamantala at nilalait.
i started feeling hopeless in regards to my health,0,sadness,Nagsimulang mawalan ako ng pag-asa tungkol sa aking kalusugan.
i dunnno i just feel sorta discontent but im tired and stuff i just wanna go to bed,0,sadness,"Hindi ko alam, parang may hindi ako komportable pero pagod na ako at gusto ko nang matulog."
i really enjoy the tone and feeling of the piece i wonder whether it would have been more successful had it been stretched out over a few days rather than just one,1,joy,Tunay kong nasisiyahan sa tono at damdamin ng piyesa. Nagtatanong ako kung mas matagumpay sana ito kung pinahaba sa ilang araw kaysa sa isang araw lamang.
i had been feeling suspicious all day,4,fear,Nararamdaman kong may pag-aalinlangan buong araw.
i only get to see master on the weekends i feel that i am only a submissive with him during the weekends,0,sadness,"Nakikita ko lamang ang aking guro sa mga weekend, at nararamdaman kong ako'y isang simpleng sumusunod lamang sa kanya sa mga araw na iyon."
i think like all australians i know the image so well it will be interesting to see how i feel when were there and yes lovely kay we are going to view it at sunrise,2,love,"Sa tingin ko, gaya ng lahat ng mga Australyano na kilala ko, ang imahe ay napakakilala. Magiging kawili-wili makita kung paano ako mararamdaman kapag naroon na tayo, at oo, maganda dahil pupunta tayo doon upang panoorin ito sa pagsikat ng araw."
i did not enjoy the feeling of the naughty kid who knew better,2,love,Hindi ko nasiyahan ang pakiramdam ng masamang bata na alam na ang tama.
i feel so dismayed because i still have loads in miniature terms of weird pink clay left and didnt know what to do with it,0,sadness,Napakasakit sa loob ko dahil marami pa akong maliit na piraso ng kakaibang kulay rosas na luwad na hindi ko alam kung ano ang gagawin.
i am feeling shaky all day too,4,fear,Buong araw akong nahihilo.
i was feeling nervous my hands felt shaky my heart was pounding,4,fear,"Kinakabahan ako, kamay ko'y nangangatog, at mabilis ang tibok ng puso ko."
i mean genuinely appreciate and show him how happy it made you when he did x and that it made you feel y he will want to keep doing things to make you happy,1,joy,"Ibig kong sabihin, tunay na pahalagahan at ipakita sa kanya kung gaano ka saya nang nagawa niya ang x at kung paano ka niya pinaramdam na y. Gusto niyang patuloy na gumawa ng mga bagay para mapasaya ka."
i a bad person for feeling burdened by our relationship,0,sadness,Masama ba akong tao dahil nadarama kong mabigat ang ating relasyon?
i talked to him i tried not to ask about how he was feeling i was convinced that everyone would be asking him the same things and he was probably a bit sick of always talking about it,1,joy,"Nag-usap kami, pinigilan kong magtanong kung paano siya nararamdaman, naniniwala akong lahat ay magtatanong sa kanya ng parehong bagay at marahil ay medyo pagod na siya sa paulit-ulit na pag-uusap tungkol dito."
when an alcoholic stood dribbling over a food counter,3,anger,Nang isang adik sa alak ay naglalakad na parang lasing sa ibabaw ng counter ng pagkain.
i still have feelings after we broke up,0,sadness,Mayroon pa rin akong nararamdaman kahit na naghiwalay na tayo.
i don t dispute that the theory has some applications i just feel that it is universalized too often and is especially abused in a culture that is accustomed to being able to control circumstances and produce a desired outcome hmmm what culture could i be referring to,0,sadness,"Hindi ko kinakailangang tanggihan na may ilang aplikasyon ang teorya, pero nararamdaman ko na madalas itong ipinapatupad nang pangkalahatan at lalo pang ginagamit nang mali sa isang kultura na sanay na kontrolin ang mga pangyayari at makamit ang ninanais na resulta. Hmmm, anong kultura kaya ang tinutukoy ko?"
i feel when that imperfection is shamed coerced or mocked,0,sadness,"Nararamdaman ko kapag ang pagkukulang ay pinagmumukhaang kahihiyan, pinipilit, o tinatawanan."
i finally realise the feeling of being hated and its after effects are so big,0,sadness,Napagtanto ko na ang pakiramdam ng pagiging kinamumuhian at ang epekto nito ay napakalaki.
i do know how you feel if you re little apprehensive about offering your gold jewelry for your minimal more cash so i am gonna share what i found with regards to the process of selling gold jewellery for some revenue,4,fear,Alam ko kung paano ka mararamdaman kung medyo kinakabahan ka sa pagbebenta ng iyong mga alahas na ginto para sa kaunting dagdag na pera kaya ibabahagi ko ang aking natuklasan tungkol sa proseso ng pagbebenta ng mga alahas na ginto para sa ilang kita.
im feeling disillusioned with buying cheap mass produced clothes,0,sadness,Nagkakaroon ako ng pagkadismaya sa pagbili ng mura at mass-produced na damit.
i feel terrible and sexist whenever im in a group of women and they start talking about dieting and my brain automatically drops the t,0,sadness,Nararamdaman kong masama at parang may pagka-sexista kapag nasa grupo ako ng mga babae at nag-uusap sila tungkol sa pag-diet at parang tumitigil ang aking utak.
i feel so thankful i found this fantastic series to be added in my favorite series all the time,1,joy,Napakasaya ko dahil natagpuan ko itong kahanga-hangang serye na idadagdag sa aking mga paboritong serye lagi.
i know suicide is selfish but right now i feel like i am worthless and that in the long run it would be better for everybody else,0,sadness,"Alam kong pagpapakamatay ay makasarili ngunit ngayon, nararamdaman kong wala akong halaga at sa huli, mas mabuti ito para sa lahat."
i feel will be warmly welcomed on any floor,1,joy,Nararamdaman kong mainit ang pagtanggap sa kahit anong palapag.
i feel that core of the song the melody should be respected as well as the lyrics but the rest can be should be changed,1,joy,"Nararamdaman ko na dapat igalang ang kaluluwa ng kanta, ang melodiya pati ang mga letra, ngunit ang iba pang bahagi ay maaaring baguhin."
i feel that defeated feeling it moves on and i start hearing whisperings of hope and what if s,0,sadness,"Nararamdaman ko ang pagkatalo, ngunit ito'y lumilipas at naririnig ko ang mga bulong ng pag-asa at mga ""ano kung""."
i feel a lot of shame in not having many romantic relationships in the past,2,love,Nararamdaman ko ang malaking kahihiyan sa kakulangan ng mga romantikong relasyon sa nakaraan.
i was just ungrateful and selfish for wanting a life or wanting something more or at least feeling valued and respected,1,joy,"Nagpakita lamang ako ng kawalang-pasalamat at pagiging makasarili dahil sa pagnanais ko ng buhay o ng higit pa, o kahit na lamang maramdaman ang pagpapahalaga at paggalang."
i was feeling when nick broke up with me over,0,sadness,Nararamdaman ko noon nang maghiwalay si Nick sa akin.
i diss a bag only when i m feeling grouchy because of the lack of any inspiration whatsoever when it comes to fug bags but today i m not grouchy and it still sets me of which means this is a big deal,3,anger,"Dinidismaya ko lang ang isang bag kapag malungkot ako dahil wala akong inspirasyon sa mga pangit na bag, pero ngayon hindi ako malungkot at ito pa rin ang nagpapasigla sa akin, ibig sabihin, malaki ang kahalagahan nito."
i have a feeling the dragon will be back again the reason he became what he is now is also to protect the demons from being despised or harmed by humans,3,anger,"Mayroon akong pakiramdam na babalik ang dragon, at ang dahilan kung bakit siya naging ganito ay upang protektahan ang mga demonyo mula sa pagkapiit o pagkasakit ng mga tao."
i feel like that would be pretty cool,1,joy,Parang magiging cool iyon.
i wonder if they feel like i do sometimes that all the joy of what we do is no longer as joyful because now it s based on research methods keynotes comparisons and appearances,1,joy,"Nagtataka ako kung minsan, nararamdaman nila rin ba katulad ko na ang dating saya sa ating ginagawa ay hindi na gaanong masaya dahil ngayon ay nakabatay na sa mga paraan ng pananaliksik, mga talumpati, paghahambing, at anyo."
i feel honored and humbled by this turn of events,1,joy,Nararamdaman kong iginagalang at pinabababa ang aking sarili dahil sa pagbabago ng mga pangyayari.
i get the feeling that hes not impressed with me,4,fear,Nararamdaman kong hindi siya impressed sa akin.
at the hypocrisy of some of my friends,3,anger,at ang pagkukunwari ng ilan sa aking mga kaibigan
i start to feel unsure,4,fear,Nagsisimula akong mag-alinlangan.
i look down feeling alone and wantig to be that way,0,sadness,"Nakatingin ako pababa, nararamdaman ang pag-iisa at gustong manatili sa ganitong kalagayan."
i still feel a dull ache most of the time even when not running,0,sadness,Nararamdaman ko pa rin ang isang mahinang sakit karamihan sa oras kahit hindi ako tumatakbo.
im feeling pretty good but once at the bus stop i start yawning,1,joy,"Nararamdaman kong medyo mabuti pero nang makarating ako sa paradahan ng bus, nagsimulang akong makatulog."
i am feeling lousy right now,0,sadness,Masama ang pakiramdam ko ngayon.
i resorted to yesterday the post peak day of illness when i was still housebound but feeling agitated and peckish for brew a href http pics,4,fear,"Nagpunta ako sa post-peak na araw ng sakit kahapon, noong ako'y nakakulong pa sa bahay ngunit nag-aagaw ang aking damdamin at nagugutom na sa kape."
i really feel guilty about them any more,0,sadness,Tunay akong nakakaramdam ng pagkakasala tungkol sa kanila ngayon.
i feel assured thankk god,1,joy,"Nakaramdam ako ng katiyakan, salamat po sa Diyos."
i feel helpless and depending on the people closest to you,4,fear,Nararamdaman kong walang magawa at nakadepende sa mga taong pinakamalapit sa akin.
i have days weeks when i feel a little deprived,0,sadness,"May mga araw, mga linggo nga ako'y nadarama'y kaunti akong kulang."
i feel angry and i feel sad,3,anger,Nararamdaman kong galit at malungkot.
i believe i manged to tone it down here while retaining just enough flourish to make the suit feel special,1,joy,Naniniwala ako na naibaba ko ang tono dito habang pinapanatili ang sapat na pagpapapaganda upang gawing espesyal ang suit.
i feel the shift towards casual gaming as a whole is hurting rpgs and jrpgs especially because rpgs aren t games that non gamers think of playing,1,joy,Nararamdaman kong ang pagbabago tungo sa mga casual na laro bilang isang buong ay nakakasama sa mga RPG at JRPG lalo na dahil hindi mga larong iniisip ng mga hindi manlalaro na paglaruan.
i feel so fucked up from what happened on thursday,3,anger,Napakasira ng pakiramdam ko dahil sa nangyari noong Huwebes.
i feel fearless when i am right,1,joy,Hindi ako natatakot kapag tama ako.
i feel dissatisfied with the advances we ve made rather than this team stinks,3,anger,Hindi ako kontento sa mga pag-unlad natin kaysa sabihin na ang koponan ay masama.
i feel can be even more dangerous though because when youre pouring all time into ministry it can be accompanied with self righteousness or self satisfaction,3,anger,"Maaari itong maging mas mapanganib pa dahil kapag ibinibigay mo ang lahat ng iyong oras sa ministeryo, maaaring kasabay nito ang pagmamataas o pagiging kontento sa sarili."
i began to feel agitated slightly dizzy amp very hungry,4,fear,"Nagsimulang makaramdam ako ng pag-aalala, bahagyang pagkahilo, at sobrang gutom."
i think about the fact that as i was leaving jordan hospital feeling triumphant at the completion of my last radiation there was a horror story unfolding two states away,1,joy,"Iniisip ko ang katotohanan na habang iniwan ko ang Jordan Hospital, puno ng kagalakan dahil natapos ko na ang aking huling radyasyon, may isang nakakatakot na kwento ang nagaganap dalawang estado ang layo."
i started back at work i have to admit that ive been feeling a little overwhelmed,4,fear,"Nagsimula na akong magtrabaho muli, kailangan kong aminin na medyo nahihirapan ako."
i feel like an idiot for looking a bunch of keys that weren t there and i m getting frantic about nick not letting me in for forgetting my keys,4,fear,Nararamdaman kong tanga dahil hinahanap ko ang mga susi na wala nga pala at kinakabahan na ako dahil hindi ako pinapasok ni Nick dahil nakalimutan kong dalhin ang mga susi ko.
is voice as usual is perfect but is like you know yomis voice can do better and you kind of feel frustrated because this song is not the best and doesnt highlight yomis voice properly,3,anger,"Ang boses ay perpekto gaya ng dati, pero parang, alam mo, kaya pang maganda ang boses ni Yomi at medyo nakakainis dahil hindi maganda ang kanta at hindi naman nabibigyang-diin ang boses niya nang maayos."
i forgive myself that i have accepted and allowed myself to feel tortured by a headache,3,anger,Patawad ko sa aking sarili dahil tinanggap at pinayagan kong maramdaman ang pagdurusa ng pananakit ng ulo.
i really feel like trying to be cute every day,1,joy,Gusto ko talagang subukan maging cute araw-araw.
i have been having a really hard time feeling hopeful about much over the last few months,1,joy,Napakahirap para sa akin na maramdaman ang pag-asa tungkol sa maraming bagay sa nakalipas na ilang buwan.
i feel like an ungrateful ass,0,sadness,Parang isang walang utang na loob akong hayop.
i feel discouraged that im never going to get on a good schedule because another big life change is going to happen again,0,sadness,Nababahala ako na hindi ko matatagpuan ang magandang iskedyul dahil may darating na muli malaking pagbabago sa buhay ko.
i don t want him to feel disrespected or unloved,0,sadness,Ayaw kong maramdaman niya na hindi siya nirerespeto o hindi siya minamahal.
i feel passionate about people particularly those i love admire and respect,1,joy,"Nararamdaman kong may malalim na pagmamahal ako sa mga tao, lalo na sa mga minamahal, kinikilala, at nirerespeto ko."
i usually just feel aggravated with the unprofessional attitude of the rest of the cast,3,anger,Karaniwan lang akong nagagalit sa kawalan ng propesyonalismo ng ibang artista.
i remember feeling shocked that he had called me religious,4,fear,Naalala ko ang pagkagulat ko nang tawagin niya akong relihiyoso.
i always feel boosted spiritually but totally drained physically,0,sadness,Lagi akong nakakaramdam ng pag-angat sa espirituwal ngunit lubos na pagod sa pisikal.
i feel offended by that statement,3,anger,Nasasaktan ako sa sinabi mong iyon.
i feel very alone in part because everyone has there opinion of what is going on or not going on and sometimes i feel that if i challenge those people they will be upset with me,0,sadness,"Nararamdaman kong lubos na nag-iisa dahil lahat ay may sariling opinyon tungkol sa nangyayari o hindi nangyayari, at minsan, nadarama kong kung hamon ko sila, magagalit sila sa akin."
im feeling awfully proud of myself for sticking to it,1,joy,Napakaganda ng pakiramdam ko dahil nanindigan ako.
i found working out of detroit specialized in christian literature lol im feeling a little grouchy tonight,3,anger,"Natuklasan kong nagtatrabaho ako sa Detroit na espesyalista sa Kristiyanong literatura, lol. Medyo maungol ako ngayong gabi."
im pretty sure everyone left feeling festive,1,joy,Sigurado akong lahat ay umalis na parang may pista.
i feel vulnerable as i did very much yesterday i cant say i felt a strong sense of self worth but maybe according to brown i could get better at accepting those vulnerable imperfect aspects of myself,4,fear,"Nararamdaman ko ang kahinaan gaya ng kahapon, hindi ko masasabi na may malakas akong pakiramdam ng pagpapahalaga sa sarili, ngunit marahil ayon kay Brown, matututo akong tanggapin ang mga mahina at hindi perpektong aspeto ng aking sarili."
i feel charming today and dont really want to be a part of what im supposed to be a part of tonight,1,joy,Nararamdaman kong magaling ang aking itsura ngayon at ayaw kong sumama sa mga dapat kong kasama ngayong gabi.
i get the feeling the oilers are hesitant to count on him again after he missed so much time a year ago,4,fear,Nararamdaman kong nag-aalinlangan ang Oilers na muli siyang pagkatiwalaan matapos niyang mawalan ng maraming oras noong nakaraang taon.
i wondered if that should make me feel cool,1,joy,Nag-isip ako kung dapat ba akong maramdaman na 'cool' dahil doon.
i go to pt i feel like a defective bum,0,sadness,"Pumupunta ako sa PT, parang sira at walang silbi ako."
i feel can be blamed on the music,0,sadness,Maaari kong isipin na ang aking nararamdaman ay dahil sa musika.
i still feel so honored that my friend would ask me to join her in this part of her journey,1,joy,Nararamdaman ko pa rin ang malaking karangalan na hingin ako ng aking kaibigan na sumama sa kanya sa bahaging ito ng kanyang paglalakbay.
i feel convinced that i am on the brink of something amazing,1,joy,Naniniwala akong nasa hangganan na ako ng isang kahanga-hangang bagay.
i feel completely listless,0,sadness,Nararamdaman kong lubos na walang gana.
i feel really pretty with this makeup haha,1,joy,Napakaganda ko talaga sa ganitong make-up haha.
i see you i feel so helpless,0,sadness,"Nakikita kita, at nararamdaman kong lubos akong walang magawa."
i feel miserable and even more alone,0,sadness,Nararamdaman kong lubhang malungkot at lalong nag-iisa.
i feel all the effort was worthwhile,1,joy,Nararamdaman kong sulit ang lahat ng pagsisikap.
i think the most common one that everyone has experienced is that doom and gloom feeling where you just feel like something tragic just happened,0,sadness,"Siguro ang pinaka-karaniwan nating naranasan ay ang pakiramdam na parang may malaking trahedya ang nangyari, na parang may doomsday vibes."
im working on a new project and i feel so productive,1,joy,Nagtatrabaho ako sa isang bagong proyekto at nararamdaman kong sobrang produktibo.
i feel like i am that damaged can of corn with the big dent on the side and the label half torn off at the grocery store that is off that everyone pushes to the side and no one buys,0,sadness,Parang isang sibuyas na nasira na may malaking gasgas sa gilid at ang label ay kalahati nang napunit sa tindahan na hindi na bibilhin ng sinuman.
i feel lethargic and overheated all the time,0,sadness,Lagi akong nadaramaang pagod at mainit ang katawan.
i did feel that the ending was fairly rushed and didnt provide the closure i was looking for but regardless this was historical fiction at its finest,3,anger,Naramdaman ko nga na medyo mabilis ang wakas at hindi nagbigay ng pagsasara na hinahanap ko ngunit anuman ito ay isang mahusay na halimbawa ng historical fiction.
i feel that it is important to write about what happened to heal and i am sure there are many out there who need to see how someone deals with it all to find the strength to heal as well,1,joy,"Nararamdaman kong mahalaga ang pagsulat tungkol sa nangyari upang gumaling, at sigurado akong marami ang nangangailangan makita kung paano harapin ng isang tao ang lahat upang mahanap ang lakas ding gumaling."
i feel so selfish wanting him home his help getting the girls to bed,3,anger,Nararamdaman kong napaka-selfish ko na gustuhin siyang nasa bahay para tulungan akong patulogin ang mga anak.
i always feel a little sad when he goes as we sorta have a ren and stimpy theme about us oil and water gemini and scorpio soulmate friends,0,sadness,"Lagi akong nakakaramdam ng kaunting kalungkutan kapag umalis siya dahil parang may temang Ren at Stimpy kami, parang langis at tubig, Gemini at Scorpio na magkaibigan na parang soulmate."
i feel really good about all of these schools though i know some are long shots,1,joy,Masaya ako sa lahat ng mga paaralan kahit alam kong ilan ay mahirap makapasok.
i do know that i am feeling fabulous and having more energy then i have had in a long time even if my clothes are still a little snug,1,joy,Alam kong nararamdaman kong kamangha-manghang at may mas maraming enerhiya ngayon kaysa dati kahit medyo sikip pa ang aking damit.
i feel uncertain about,4,fear,Hindi ako sigurado tungkol sa.
i dont even know all i know is that i feel like im getting fucked from behind,3,anger,"Hindi ko alam ang lahat, ang alam ko lang ay parang binibigo ako mula sa likod."
i feel really bothered,3,anger,Napaka-istorbo ko talaga.
i tried it naked gardening and it feels lovely to have the sun on your back and to feel the plants while you are working in the borders,2,love,Subok ko na ang pagtatanim nang hubad at nakakagaan ng loob na maramdaman ang araw sa likod at ang mga halaman habang nagtatrabaho sa paligid ng mga hangganan.
i feel artistic because theres a ad for a really nice slr digital camera on the side of my webpage and thats the only reason,1,joy,Nararamdaman kong may kakayahan akong maging artista dahil may nakikitang anunsyo ng magandang digital na SLR camera sa tabi ng aking webpage at iyon lamang ang dahilan.
i wasnt actually a registered conference goer well i was in one dealing with sexual abuse in the gay community that kind of awoken some feelings i had repressed for a long time,0,sadness,"Hindi ako talaga isang nakarehistro na kalahok sa konperensya, pero nandoon ako sa isa tungkol sa pang-aabuso sekswal sa komunidad ng mga bakla na parang nagising ng ilang nararamdaman kong pinipigilan nang matagal na."
im looking forward to feeling hopeful instead of hopeless,1,joy,Naghihintay akong maramdaman ang pag-asa kaysa kawalan nito.
im feeling just pretty rich,1,joy,Nararamdaman kong medyo mayaman.
i feel more irritable,3,anger,Mas madaling magalit ako.
i feel that i helped to bring some happiness into the life of my troubled friend and to this day the zz top logo keychain hangs in my room and wherever he is i know that he s doing just fine cheers man,0,sadness,"Nararamdaman kong nakakatulong ako upang magdala ng ilang kagalakan sa buhay ng aking kaibigan na naghihirap at hanggang ngayon, ang ZZ Top logo keychain ay nakasabit sa aking silid at saan man siya, alam kong mabuti siya. Mabuhay, kaibigan!"
i feel like a stubborn year old,3,anger,Parang isang matigas ang ulo kong isang taong gulang ako.
im feeling too jaded and bitter to even bother to do a google search at this time aka tltg or too lazy to google,0,sadness,"Masyadong pagod at mapait ang pakiramdam ko para kahit mag-Google search pa man. Katulad ng ""tltg"" o ""masyadong tamad mag-Google."""
i remember feeling absolutely devastated when i heard that peach wasn t actually there to give me cake,0,sadness,Naalala ko ang pakiramdam ng lubos na pagkabigo nang malaman kong hindi pala si Peach ang nasa likod ng cake.
i was feeling stubborn so when my friend said that i had to come to her if i wanted a hug i said well come halfway but no so i just walked off and shes leaving today,3,anger,"Nararamdaman kong matigas ang ulo kaya nang sabihin ng aking kaibigan na dapat akong pumunta sa kanya kung gusto kong yakapin, sinabi kong sige, mag-meet tayo sa gitna pero hindi niya ginawa kaya umalis na lang ako at siya ay umalis ngayon."
i don t know how i feel i should be bothered,3,anger,"Hindi ko alam kung ano ang nararamdaman ko, dapat ba akong mag-alala?"
i struggled with feelings of guilt as i took very gentle care of myself during my recovery and sometimes even now,2,love,Naghihirap ako sa mga damdamin ng pagkakasala habang inaalagaan ko nang mahinahon ang aking sarili sa panahon ng aking paggaling at minsan kahit ngayon pa man.
ive started to delve deep into myself and evaluate everything that has made me feel insecure or unworthy,4,fear,Nagsimula akong magtungo sa aking sarili at suriin ang lahat ng bagay na nagpaparamdam sa akin ng kawalan ng katiyakan o hindi karapat-dapat.
i was also feeling anxious around some of the people sitting in the waiting area,4,fear,Nararamdaman ko rin ang kaba sa paligid ng ilang tao sa waiting area.
i feel i am back to my innocent and carefree self,1,joy,Nararamdaman kong bumalik ako sa aking dating inosente at walang-alalang sarili.
i feel my hands being weaved with yours such delicate intimacy being shared by the hands of two people who shares so much secret for the world to be mystified,2,love,"Nararamdaman kong pinagsasama ang aking mga kamay sa iyo, isang napakadaling intimasiya na ibinahagi ng dalawang kamay na nagtatago ng maraming lihim para sa mundo na magtaka."
i still feel like im damaged goods and that affects everything that i do in my life,0,sadness,Parati kong nararamdaman na nasira na ako at nakakaapekto iyon sa lahat ng ginagawa ko sa buhay ko.
i feel like i havent been taking enough risks and im not respected by my teacher because of it,1,joy,Nararamdaman kong hindi ako sapat na nagtitiis ng panganib at hindi ako nirerespeto ng aking guro dahil dito.
i feel a bit more confident about my kicking in karate and my diagonal cuts in kendo though much work remains,1,joy,"Nararamdaman ko ang kaunting pagtitiwala sa aking pag-sipa sa karate at sa aking diagonal cuts sa kendo, bagama't marami pang dapat gawin."
i would picture that rock hitting that frog and it s body being carried downstream and i would feel ashamed,0,sadness,Iniisip ko na ang bato ay tumama sa palaka at ang katawan nito ay daloy sa ilog at nararamdaman kong nahihiya ako.
im feeling well in front of the computer and in my theory for me computer are for healthy kids,1,joy,"Masaya ako sa harap ng kompyuter at sa aking paniniwala, ang kompyuter ay para sa malusog na mga bata."
i could have been cooped up in a motel feeling very depressed and alone until my flight home,0,sadness,"Maaari akong nakakulong sa isang motel, pakiramdam na lubhang malungkot at nag-iisa hanggang sa aking pag-alis pauwi."
i couldn t get the feeling of those people s suffering out of my body,0,sadness,Hindi ko maalis sa aking katawan ang pakiramdam ng paghihirap ng mga tao.
i just feel guilty that he died outside my window whilst i slept and did nothing to help him,0,sadness,Nararamdaman ko lang ang kasalanan dahil siya ay namatay sa labas ng aking bintana habang ako'y natutulog at hindi ako nakialam upang tumulong.
i feel so stressed out with family problems,0,sadness,Napakastress ko dahil sa mga problema sa pamilya.
ive been feeling immensely overwhelmed,4,fear,Napakasobra ng aking nararamdaman.
im feeling how char had blamed me of doing a few weeks ago,0,sadness,Nararamdaman ko ang galit ni Char na akala niya ay ginawa ko ilang linggo na ang nakalilipas.
im feeling playful already,1,joy,Naramdaman ko na ang pagiging masaya at biro.
i think for myself i feel everyone is greedy but in their own little ways whether that is going for the good or bad way thats another issue because usually you link both together but right now im trying to separate both issue separately so we can see the sole topic more cleary,3,anger,"Sa tingin ko, para sa aking sarili, nararamdaman kong lahat ay sakim ngunit sa kanilang sariling maliit na paraan, maging ito ay sa mabuti o masamang landas, iyon ay isa pang usapin dahil karaniwan nating iniuugnay ang dalawa ngunit ngayon, sinusubukan kong paghiwalayin ang dalawang isyu nang hiwalay upang mas makita natin ang tanging paksa nang mas malinaw."
i feel annoyed that those who bought tickets and sat through the screening could even find distraction with such offensive scenes and sounds flashed before them,3,anger,Naiinis ako na ang mga bumili ng tiket at nanood ng buong palabas ay makakahanap pa rin ng distraksiyon sa mga bastos na eksena at tunog na ipinakita sa kanila.
i think even as christians our trust and assurance in the lord is weak when we feel the most helpless,4,fear,"Sa palagay ko, kahit tayo ay mga Kristiyano, ang ating tiwala at katiyakan sa Panginoon ay mahina kapag tayo ay nararamdaman ang pinakamalaking kawalan ng kakayahan."
i feel relaxed merson said,1,joy,"Nakakarelaks daw, sabi ni Merson."
i feel strongly that this year the lord is calling me to grow in discipline this year and to be faithful with things he has put in front of me,2,love,"Malakas ang aking paniniwala na ngayong taon, tinatawag ako ng Panginoon na lumaki sa disiplina ngayong taon at maging tapat sa mga bagay na inilagay niya sa harapan ko."
i feel books are a vital aspect to our lives and will be for generations to come and this type of media will never diminish because of the enjoyment it beings to humans,1,joy,"Nararamdaman kong mahalaga ang mga libro sa ating buhay at magiging ganito rin sa mga susunod na henerasyon, at hindi ito mawawala dahil sa kasiyahan na dulot nito sa mga tao."
i see a family of swans i feel joyful and peaceful and blessed,1,joy,"Nakikita ko ang isang pamilya ng mga swan, at nararamdaman ko ang kagalakan, kapayapaan, at pagpapala."
i didn t sleep well last night and i woke up feeling to borrow a wonderful phrase from a book i read rough as a badger s arse,1,joy,"Hindi ako nakatulog nang maayos kagabi at nagising akong parang, gamit ang magandang parirala mula sa isang libro na nabasa ko, ""magulo gaya ng puwet ng badyero."""
i was supremely happy i hear the first few notes or bars of the song and i feel the emotions and smell the fragrance of that happy time,1,joy,Lubos akong nasiyahan nang marinig ang mga unang nota o tugma ng kanta at naramdaman ko ang mga emosyon at amoy ng bango ng masayang panahong iyon.
i feel excited for this episode,1,joy,Nakakakilig ako para sa episode na ito.
i don t feel devastated,0,sadness,Hindi ako nadaramaang lubos na nasiraan ng loob.
i think that however nice these people are they make you feel paranoid that you are doing something wrong,4,fear,"Sa tingin ko, kahit gaano sila kabait, para kang nabibighani na nagkakamali ka."
i have to admit im not feeling thankful today wh,1,joy,"Kailangan kong aminin, hindi ako nakaramdam ng pasasalamat ngayon."
i feel like im not welcomed here i just dont like blend in or something,1,joy,"Parang hindi ako tinatanggap dito, hindi ko lang gusto na magkasya o ano."
i was thankful for a slow sunday because i was not feeling so hot,2,love,Nagpapasalamat ako sa isang mahinang Linggo dahil hindi ako gaanong maganda ang pakiramdam.
i think that we must continue to seek each other s good even as we feel offended and to always look for ways to go lower and walk in the humility that jesus walked in,3,anger,Naniniwala ako na dapat nating ipagpatuloy ang paghahanap ng kabutihan ng isa't isa kahit na tayo ay masaktan at lagi nating hanapin ang mga paraan upang yumuko at maglakad sa kahinhinan na gaya ng paglalakad ni Hesus.
i would love to hear from you so feel free to add your comments or to send me an email info wolfiewolfgang,1,joy,Gusto kong marinig ang inyong mga saloobin kaya huwag mag-atubiling magdagdag ng inyong mga komento o magpadala sa akin ng email sa info@wolfiewolfgang.com.
i went through everything you all have too and am feeling fantastic right now,1,joy,Nagdaan din ako sa lahat ng pinagdaanan ninyo at ngayon ay nararamdaman kong kahanga-hanga.
i list them out i feel pretty lame whining,0,sadness,"Isinusulat ko sila, parang tanga naman ako sa pagrereklamo."
i feel like half the time i just dont show affection and interest to anyone outside my little circle of comfort where a sincere response is guaranteed,1,joy,"Parang kalahati ng oras, hindi ko ipinakikita ang pagmamahal at interes sa mga tao sa labas ng aking maliit na komportableng bilog kung saan garantisadong makakatanggap ako ng tapat na tugon."
i just cant contain my joy but right now i feel troubled,0,sadness,Hindi ko mapigilan ang aking kagalakan ngunit ngayon ay nararamdaman kong nalulungkot.
i feel like doing or not doing its mind numbingly dull to debate the nuances of the women this and men that model,0,sadness,Parang walang saysay at nakakabingi ang pagtatalo tungkol sa mga detalye ng babae ito at lalaki iyon na modelo.
i feel paranoid like we just stepped into a private club where everyone knows each other and we are standing out like nudists at a suit convention,4,fear,"Nararamdaman kong paranoiac, parang pumasok tayo sa isang pribadong club kung saan kilala ng lahat ang isa't isa at tayo ay nakakaiba tulad ng mga nudista sa isang konbensiyon ng mga nakasuot ng barong."
i mean my feelings are always sincere i just think part of me tends to repress certain things in order to somehow lessen the blow that will eventually hit when the relationship ends,1,joy,"Ang ibig kong sabihin, tapat lagi ang aking nararamdaman, pero sa tingin ko, may bahagi sa akin na may tendensiya na pigilin ang ilang bagay upang mabawasan ang sakit na darating kapag natapos na ang relasyon."
i wanted was to feel accepted by you,1,joy,Ang gusto ko lang ay maramdaman na tinatanggap mo ako.
i find myself still feeling curious when i log into sl,4,fear,Nakakatuwa pa rin akong makaramdam ng pag-iinteres kapag nag-log in ako sa SL.
i feel glad and enthusiastic about the point of sand snorkeling,1,joy,Masaya at masigla akong pakiramdam tungkol sa paglangoy sa buhangin.
i have a feeling that most of you have yet to hear about this tragic incident in our world history,0,sadness,Mayroon akong pakiramdam na karamihan sa inyo ay hindi pa nakakarinig tungkol sa malungkot na pangyayaring ito sa kasaysayan ng ating mundo.
i have this feeling whenever i write a song and if i think that the song has legs enough to be popular or for people to really respond to it i get this feeling,1,joy,"Mayroon akong nararamdaman tuwing sumusulat ako ng kanta, at kapag iniisip kong sapat ang lakas ng kanta para maging popular o para talagang tumugon ang mga tao rito, nararamdaman ko ito."
i feel so discouraged and lose my sense of inspiration to keep going especially when i see people who do not give their best for the good of pb,0,sadness,"Napakabigo ko at nawala ang aking inspirasyon para magpatuloy, lalo na kapag nakikita ko ang mga taong hindi nagbibigay ng kanilang makakaya para sa ikabubuti ng PB."
i can sit here and say its a warm feeling that overcomes you and you feel reassured but that isnt good enough,1,joy,"Maaari akong umupo dito at sabihin na ito ay isang mainit na pakiramdam na sumasakop sa iyo at nararamdaman mong nakakatiyak, ngunit hindi iyon sapat."
i feel so deeply honoured to be able to offer these activations and i have made extra times available for sessions after the full moon next week as we move into the dark moon and then build up to the eclipse a natural time of bringing what needs to be examined to the surface of our lives,1,joy,"Napakalalim ng aking karangalan na maibigay ang mga pag-activate na ito, at idinagdag ko ang mga oras para sa mga sesyon pagkatapos ng buong buwan sa susunod na linggo habang tayo ay papasok sa madilim na buwan at pagkatapos ay tataas hanggang sa eksensiya, isang natural na panahon upang dalhin sa ibabaw ng ating buhay ang mga bagay na kailangang suriin."
ive been feeling myself with a fake sense of purpose,0,sadness,"Nararamdaman kong may layunin ako, pero pekeng pakiramdam lang iyon."
ive just been told that i should feel more remorseful about the whole thing and that i should hang my head low for a long while because im pond scum,0,sadness,Sinabi lang sa akin na dapat akong maramdaman ang higit na pagsisisi tungkol sa lahat ng ito at dapat akong ibaba ang ulo ko nang matagal dahil ako raw ay dumi sa tambak.
i kind of messed up the tips on the left hand but its a bit harder to stamp backwards and upside down but i feel that it still looks pretty cute or should i say delicate to me,1,joy,"Medyo nabigo ako sa mga tip sa kaliwang kamay pero medyo mahirap i-stamp pabalik at pababa pero sa tingin ko, mukhang cute pa rin o marahil delikado sa akin."
i talk a lot about feeling isolated,0,sadness,Madalas kong pag-usapan ang pakiramdam na nag-iisa.
i was feeling pissed then,3,anger,Galit ako noon.
i still feel like i am waiting in vain for your love,0,sadness,Parati kong nararamdaman na naghihintay ako nang walang kabuluhan para sa iyong pag-ibig.
i feel like everything about me is defective and wrong and needs to be changed but when i change it the new thing is wrong too because its mine and therefore it must be wrong,0,sadness,"Parang lahat sa akin ay may mali at kailangan baguhin, pero kapag binago ko, mali rin ang bago dahil ito ay akin kaya dapat mali."
i am feeling better though i still feel like passing out or tossing my cookies if im up for too long but theres definitely a light at the end of this tunnel,1,joy,"Mas mabuti na ang pakiramdam ko kahit na parang susuka pa rin o mawalan ng malay kung matagal akong nakatayo, pero may liwanag na sa dulo ng tunnel na ito."
i feel like doing something productive on this,1,joy,Gusto kong gawin ang isang produktibong bagay ngayon.
i spread my arms wide feeling the cold wind rushing past me feeling the rain hitting me and,3,anger,"Ibinukaw ko ang aking mga kamay, nararamdaman ang malamig na hangin na dumadaan sa akin, nararamdaman ang ulan na tumatama sa akin."
im feeling cool showing skin and feel like a woman should,1,joy,Nakakakilig na ipakita ang balat at parang nararamdaman kong dapat ganito ang isang babae.
i feel like each kid left school this year with at least three pieces they were really proud of,1,joy,Parang bawat bata ay umalis ng paaralan ngayong taon na mayroong hindi bababa sa tatlong bagay na kanilang ipinagmamalaki.
i have not seen any change in my appearance but i feel more energetic i am sure this is just mental,1,joy,"Hindi ko nakikita ang anumang pagbabago sa aking itsura ngunit nararamdaman kong mas may enerhiya ako. Sigurado ako, ito'y puro mental lamang."
ive grown as a mother and treasure my role in this family now whereas i used to second guess myself a lot and feel very unsure of my maternal skills,4,fear,"Lumaki ako bilang ina at pinahahalagahan ko ngayon ang aking papel sa pamilya, samantalang dati ay madalas akong mag-alinlangan sa aking sarili at hindi sigurado sa aking kakayahan bilang ina."
i feel hesitant to tell them the truth about leaving the house to get the toy,4,fear,Natatakot akong sabihin sa kanila ang totoo tungkol sa pag-alis ng bahay para kumuha ng laruan.
i didnt feel the need to photograph every temple or frantically scramble through sites in a vain effort to see it all or meticulously record every meal eaten over the course of ten days,0,sadness,Hindi ko naramdaman ang pangangailangan na kumuha ng litrato sa bawat templo o mabilis na mag-ikot sa mga lugar sa isang walang kabuluhang pagsisikap na makita ang lahat o maingat na itala ang bawat pagkain na kinain sa loob ng sampung araw.
i was so full and the great flavors helped keep me from feeling deprived,0,sadness,Napakalinaw ko na at ang mga masarap na lasa ay tumulong upang hindi ako makaramdam ng kulang.
i end up feeling very rushed and exhausted by the time we sit down to eat and i don t take the time to really think about what i am thankful for much less take time express that to god,3,anger,"Nagtatapos ako sa pakiramdam na sobrang nagmamadali at pagod kapag nakaupo na kami para kumain, at hindi ko nakukuha ang oras upang tunay na isipin kung ano ang aking dapat pasalamatan, paano pa kaya ipahayag iyon kay Diyos."
i don t feel like i was deprived by not being able to,0,sadness,dumalo sa okasyon.
i feel homesick and it doesn,0,sadness,Na-miss ko na ang tahanan at hindi ko maalis ang pakiramdam na iyon.
ive been cleaning the apartment trying to get life back in order after vacation and holiday mayhem and instead of feeling grumpy about it like i usually would i am feeling overwhelmingly blessed,3,anger,"Naglilinis ako ng apartment, sinusubukang ayusin ang buhay pagkatapos ng gulo ng bakasyon at pista, at sa halip na mag-feeling grumpy tulad ng dati, sobrang nadarama kong binabati ng biyaya."
i feel like i cant do anything productive while hes home,1,joy,Parang hindi ako makapaggawa ng kahit anong produktibo habang siya ay nasa bahay.
i take the offense that is most frightening to me when i am feeling the most vulnerable in close relationships with others and i draw that offense and all my frightful vulnerability into the love of god into the mercy seat that fills me full,4,fear,"Kinukuha ko ang pananakot na aking pinakakatakot kapag ako ay pinakamahina sa mga malalapit kong relasyon at isinasalin ko ang pananakot na ito at ang aking kahinaan sa pag-ibig ng Diyos, sa habilin ng awa na puno sa akin."
ive been feeling wonderful and am now enjoying little karate chops inside my abdomen on a regular basis that make my heart spin circles of joy,1,joy,Nararamdaman kong kahanga-hanga at ngayon ay nasisiyahan sa mga maliit na karate chops sa aking tiyan araw-araw na nagpapalipad ng aking puso sa saya.
i feel just a bit grouchy,3,anger,medyo badtrip ako.
i feel groggy and want to crawl back into be with my cat and my book,0,sadness,Nararamdaman kong antok at gustong bumalik sa kama kasama ang aking pusa at libro.
i feel horny i feel horny anyone wanna see me,2,love,"Nararamdaman kong mainit ang katawan ko, mainit ang katawan ko, may gustong makita ako?"
im feeling generous this morning i will share them with you,2,love,"Masaya akong magbigay ngayon, ibabahagi ko ito sa iyo."
i feel hurt upset or angry about something,0,sadness,"Nasasaktan, nalulungkot, o nagagalit ako tungkol sa isang bagay."
i am feeling a little dull this morning because we had a winetasting at our apartment yesterday to choose the wines for our wedding,0,sadness,Medyo mapurol ang pakiramdam ko ngayong umaga dahil nagkaroon kami ng winetasting sa aming apartment kahapon para piliin ang mga alak para sa aming kasal.
i guess i made her feel unwelcome though i honestly didnt mean to,0,sadness,Siguro hindi ko sinasadya pero pakiramdam ko ay hindi ko siya pinaramdam na tinatanggap.
i feel i have no hope of supporting a family and purchasing a house in vancouver,2,love,Nararamdaman kong wala akong pag-asa na mapagbigyan ang isang pamilya at bumili ng bahay sa Vancouver.
i decide to take ill still feel ive resolved a win win situation,1,joy,"Nagpasya akong magpahinga pa rin, kahit nararamdaman kong naresolba ko ang isang panalo-panalo."
i also feel less inhibited about interacting with them,0,sadness,Nararamdaman ko rin na mas hindi ako nahihiya makipag-ugnayan sa kanila.
i gained admission immediately after college so i feel i m of the privileged ones,1,joy,Nakapasok ako kaagad pagkatapos ng kolehiyo kaya nararamdaman kong isa ako sa mga pribilehiyadong tao.
i haven t seen that side of him for a couple of years now that hes on some medications may be depression is genetic and thats why i feel so shitty all the time,0,sadness,Hindi ko na nakikita iyon niyang panig mula nang ilang taon na siyang nasa gamot marahil ang depresyon ay genetiko kaya nararamdaman kong ganito lagi ang pakiramdam ko.
i understand and feel for her pain neferet remains my most hated character in the house of night,3,anger,"Naiintindihan ko at nadarama ang kanyang sakit, si Neferet pa rin ang aking pinakainit na karakter sa House of Night."
i just want the best for that boy maybe i can really stop feeling like im a heartless bitch,3,anger,"Gusto ko lang ang pinakamabuti para sa batang iyon, baka kaya ko nang huminto sa pag-isip na parang isang walang puso kong babae."
i loved them more than anyone else and if i wanted them to feel valued and appreciated then i ought to give them better treatment than random dinner company right,1,joy,"Mahal ko sila nang higit pa sa kahit sino, at kung gusto kong maramdaman nila ang kanilang halaga at pagpapahalaga, dapat kong bigyan sila ng mas magandang pagtrato kaysa sa mga basta't basta kainan kasama."
i would put them and their feelings before mine which is why i said it is mad,3,anger,Ilalagay ko sila at ang kanilang nararamdaman bago sa akin kaya sinabi kong galit ako.
when i found out that i had passed the last two exams by a margin of three marks,1,joy,Nang malaman kong nakapasa ako sa huling dalawang pagsusulit ng tatlong puntos lamang.
i can t feel saddened or that i should just stop caring,2,love,Hindi ko maramdaman ang kalungkutan o na dapat ko nang ihinto ang pag-aalala.
im not sure i can go back to aussie festivals that make me appalled at the youth of today and make me feel glad to be old er and way more sensible,1,joy,Hindi ko sigurado kung makakabalik ako sa mga festival sa Aussie na nagpapakita sa akin ng pagkabigla sa kabataan ngayon at nagpapasaya sa akin na maging matanda at mas makatwiran.
i remember something about the artwork i spent hours with in school i feel smart and worthy,1,joy,"Naalala ko ang isang obra maestra na pinag-aralan ko nang matagal sa paaralan, at nararamdaman kong matalino at karapat-dapat."
i kuribayashi i had the feeling that had we met i would have liked him,2,love,"Naramdaman ni Kuribayashi na kung magkikita kami, magugustuhan niya ako."
i love it so much it adds just the right about of edge when im feeling rebellious,3,anger,"Napakaganda nito, nagdaragdag ito ng tamang halaga ng matapang na pakiramdam kapag ako'y nasa rebeldeng pakiramdam."
i woke up feeling distraught,4,fear,Nagising ako na puno ng pagkabalisa.
i won t do any weights till i feel more lively,1,joy,Hindi ako gagamit ng timbang hanggang sa maramdaman kong mas buhay.
i shall just sleep feeling pissed psssh,3,anger,"Matutulog na lang ako, galit pa rin. Psh."
i feel badly enough about myself and everything thats going on and some of these people that are supposed to be helping me arent particularly sympathetic,2,love,"Nararamdaman ko ang pagsisisi at pagkabalisa tungkol sa aking sarili at sa lahat ng nangyayari, at ilan sa mga taong dapat sana ay tumutulong sa akin ay hindi gaanong maunawaan."
i asked how does the long grass feel he said this long grass feels lovely,2,love,"Itinatanong ko kung paano nararamdaman ang mahabang damo, sinabi niya na ang mahabang damo ay parang maganda ang pakiramdam."
i want to stop taking it one day but also feel terrified that lots of feelings of anxiety panic will come flooding back,4,fear,Gusto kong huminto sa pag-inom nito isang araw ngunit natatakot din akong bumalik ang maraming damdamin ng pag-aalala at panik.
i could see that when i am angry with my coworker i am also in a moment where i do not trust the other person s intentions i do not feel respected or appreciated by that person,1,joy,"Nakikita ko na kapag galit ako sa aking kasamahan, nasa sandaling hindi ko rin tiwala ang intensyon ng ibang tao, hindi ko nararamdaman na nirerespeto o pinahahalagahan ako ng taong iyon."
i watch my friends going through changes and i feel envious,3,anger,Nakikita ko ang mga kaibigan kong nagbabago at nararamdaman kong mainggit.
im feeling glad that we got that first show out of the way and its in the rear view mirror,1,joy,Masaya ako na natapos na ang unang palabas at nasa likuran na natin iyon.
i feel pretty blank right now and thats good,0,sadness,Nararamdaman kong medyo wala akong nararamdaman ngayon at iyon ay maganda.
i really like it i feel so nostalgic watching decade as i remember a lot of the hesei kamen riders,2,love,"Talagang gusto ko ito, napakasaya at nakakapang-nostalgia panoorin ang mga dekada dahil naaalala ko ang maraming Heisei Kamen Riders."
i do find myself feeling anxious seeing what everyone else is doing and feeling that i am not up to part with my peers and or i am stagnate,4,fear,Nakakaramdam ako ng pag-aalala kapag nakikita ko ang ginagawa ng iba at nararamdaman kong hindi ako katumbas ng aking mga kapantay o parang hindi ako umuunlad.
i believe most teenage girls feel like when they are influenced by the popular crowd and just want to fit in,1,joy,Naniniwala ako na karamihan sa mga kabataang babae ay nadarama na kailangan silang sumunod sa mga sikat upang makasama sila.
i have been feeling pleased with myself for being really healthy this pregnancy,1,joy,Masaya ako sa aking sarili dahil malusog ako sa pagbubuntis na ito.
i feel miserable just reading about americas heat wave and i live in the always hot middle east,0,sadness,"Nakakaramdam ako ng pagkadismaya kahit na nababasa ko lang tungkol sa heat wave sa Amerika, at ako ay nakatira sa palaging mainit na Gitnang Silangan."
i began to kiss her again she slowly started lifting her head and feel suspicious,4,fear,"Nagsimula akong halikan siya muli, dahan-dahang itinaas niya ang ulo at tila nagdududa."
i wiggle my toes to feel the cool sheets across my skin bringing awareness back into my body as i descend down from a dream state back into my bed,1,joy,"Kinikiliti ko ang aking mga daliri ng paa upang maramdaman ang malamig na kumot sa aking balat, na nagdadala ng kamalayan pabalik sa aking katawan habang bumababa ako mula sa estado ng panaginip pabalik sa aking kama."
i created my how to paint an owl e course with the intention of sharing the simple shape templates that i use to start my own owls so that others could easily create their own and not feel afraid to start on a blank canvas,4,fear,"Ginawa ko ang aking ""Paano Magpinta ng Uwak"" na kurso upang ibahagi ang simpleng mga template ng hugis na ginagamit ko upang simulan ang aking mga uwak upang ang iba ay madaling makapaglikha ng kanilang sariling obra at hindi matakot magsimula sa isang walang laman na tela."
i can t help but feel appreciative of artists who produce such quality work,1,joy,Hindi ko mapigilang maramdaman ang pagpapahalaga sa mga artista na gumagawa ng ganoong kalidad ng obra.
i feel sooooooooper vain taking pics of myself for the last hour,0,sadness,"Napaka-vain ko talaga, isang oras na akong nagpa-picture ng sarili ko."
i have to be honest with a grandmother that passed away at i dread the idea that if i die young i wont get to do all of these things i really feel passionate about,2,love,"Kailangan kong maging tapat sa isang lola na namatay na, at natatakot ako sa ideya na kung ako'y mamamatay nang bata, hindi ko magagawa ang lahat ng mga bagay na aking tunay na pinapangarap."
i feel distraught as ever,4,fear,Parang lagi akong nalulungkot.
i feel the wrapping of the gift is almost as important as the gift itself,1,joy,Nararamdaman kong halos kasinghalaga ng regalo ang pagbalot nito.
im feeling awkward every time i start a photoshoot,0,sadness,Nakakakaba ako tuwing nagsisimula ang isang photoshoot.
i am unable to conclude what kind of person i consider myself i can say feeling guilty and uncertain helps me to realize some of my flaws so hopefully i can move forward in my life to think about situations and my words more thoroughly before acting,0,sadness,"Hindi ko maikukumpleto kung anong uri ng tao ang itinuturing kong sarili. Maaari kong sabihin na ang pagiging may sala at hindi sigurado ay tumutulong sa akin upang maunawaan ang ilan sa aking mga kahinaan, kaya sana ay makalusad ako sa aking buhay upang pag-isipan nang mabuti ang mga sitwasyon at aking mga salita bago kumilos."
i feel stupid dumb and unwanted,0,sadness,"Nararamdaman kong tanga, bobo, at hindi hinahanap."
im still feeling needy and what my human family cannot possibly give me i am looking elsewhere,0,sadness,"Patuloy akong nararamdaman ang pangangailangan, at ang mga bagay na hindi maibibigay ng aking pamilya ay hinahanap ko sa ibang lugar."
i don t recommend carrying around handfuls of gold jewelry in your backpacks or having it on your person i do think that a few key pieces of fun jewelry are necessary to keep you looking and feeling cute on the road,1,joy,"Hindi ko inirerekomenda na dalhin ang maraming alahas na ginto sa inyong mga bag o isuot ito sa inyong katawan. Sa tingin ko, ilang mahalagang piraso ng masayang alahas ay kinakailangan upang panatilihing maganda at masaya ang iyong hitsura habang naglalakbay."
i couldnt help feeling charmed and amused,1,joy,Hindi ko mapigilang maramdaman ang kilig at saya.
i have come to a place in my life where i feel having a romantic partner is unnecessary,2,love,Nasa punto na ako sa buhay ko na nararamdaman kong hindi na kailangan ang isang romantikong kasosyo.
i feel like an idiotic twat for some of the things i have written in the past and for some of the things i have advertised having done,0,sadness,Nararamdaman kong isang bobong tanga dahil sa ilan sa mga bagay na isinulat ko noon at sa ilan sa mga bagay na ipinagmamalaki kong nagawa.
day i received my te score and acceptance into my chosen course,1,joy,Noong araw na natanggap ko ang aking TES score at ang pagtanggap sa aking piniling kurso.
i was feeling really frantic i knew i had to find james there too,4,fear,"Napaka-panic ko, alam kong kailangan kong hanapin si James doon din."
ive just come back from work and now im not in again saturday so im going to spend my time playing some games and tidying up the flat a bit its nice to just feel relaxed and in control for a change,1,joy,"Galing ko lang sa trabaho at hindi na ako magtatrabaho bukas, kaya gagamitin ko ang oras ko para maglaro at linisin ang aking apartment. Masarap pakiramdam na magrelaks at nasa kontrol ka naman sa isang pagkakataon."
im always open to suggestions so please feel free to email me,1,joy,Lagi akong bukas sa mga mungkahi kaya paki-email ninyo ako kung mayroon.
i found that the price of staying and feeling gorgeous has sky rocketed so i decided to take my own personal experiences and use them to give fellow students and other people on a budget a helping hand,1,joy,Natuklasan kong ang presyo ng pagpapanatili ng ganda ay tumaas nang husto kaya nagpasya akong gamitin ang aking sariling karanasan upang tumulong sa mga kapwa estudyante at iba pang taong may limitadong badyet.
i feel that the video was a clever harsh striking and much needed parody satire on the current state of hip hop,1,joy,"Nararamdaman kong matalino, matalas, at kinakailangang parodiya-satire ang video sa kasalukuyang kalagayan ng hip hop."
i am totally enamoured with this dress it is so flowy and lovely perfect for a warm summer day it feels really romantic and springy and i am so so excited to show you all,2,love,"Lubos akong nabighani sa damit na ito, sobrang maluwag at maganda, perpekto para sa mainit na araw ng tag-init. Parang may romansa at sigla ng tagsibol, at sobrang saya kong ipakita ito sa inyong lahat."
i have good camwhore skill thanks to instagram and pudding which is anotehr super popular social apps to post all your vain picture without feeling vain because others will do the same so ftw,0,sadness,"May magagaling akong kasanayan sa camwhore dahil sa Instagram at Pudding, isa pang sikat na social app para mag-post ng mga vanity picture nang hindi ka makaramdam ng pagmamataas dahil gagawin din ito ng iba kaya FTW."
i have started this journal because i feel like a bunch of unfortunate and seemingly random things happen to me and i would like to keep track of them,0,sadness,"Nagsimula ako ng journal na ito dahil parang marami akong naranasang malas at tila walang kaugnayan na mga pangyayari, at gusto kong maitala ang mga ito."
when the paramilitary was sent to the unza and it started using tear gas and started intimidating the students without any provocation,3,anger,Nang ipadala ang paramilitar sa Unza at nagsimulang gumamit ng gas na pang-iyak at nagsimulang takutin ang mga estudyante nang walang anumang pag-aanyaya.
i know other musicians who feel punished for being gone nagged guilt tripped,0,sadness,"Alam ko ibang musikero na nadarama ang parusa sa pagkawala, pinagmumuraan at pinagsisihan."
i am so pissed now lol screaming silently baby sleep beside me well thats that and tody is another day and i feel like being petty,3,anger,"Galit na galit na ako ngayon lol tahimik na sumisigaw, natutulog ang baby sa tabi ko, eh ganun na nga, at bukas ay isang bagong araw at parang gusto kong maging mapaghiganti."
