text,label,label_desc,translation,MetricX24_Raw,MetricX24_Scaled_BATAYAN
i remember driving home and arriving home feeling very mournful,0,sadness,Naalala ko ang pagmamaneho pauwi at pagdating sa bahay na puno ng kalungkutan.,0.8750261664390564,96.49989533424377
i currently am feeling rotten with some sort of illness not exactly what i had hoped for in my small amount of time back home but hey ho,0,sadness,"Nararamdaman ko ngayon ang pagkasira ng aking kalusugan dahil sa sakit, hindi talaga ito ang inaasahan ko sa aking maikling pag-uwi, pero sige na nga.",0.8762544989585876,96.49498200416565
im feeling quite disillusioned about my weighins,0,sadness,Napakadidismaya ko sa aking mga pagtimbang.,0.865050196647644,96.53979921340942
i feel that this kind of website would be amazing for learning purposes in which it already does provide the viewer with knowledge regarding the history of paris,1,joy,Nararamdaman kong kahanga-hanga ang ganitong uri ng website para sa pag-aaral dahil nagbibigay na ito ng kaalaman tungkol sa kasaysayan ng Paris sa mga manonood nito.,0.8420218229293823,96.63191270828247
i dont know why i feel so unsure aout things and especially people,4,fear,Hindi ko alam kung bakit ako sobrang hindi sigurado sa mga bagay at lalo na sa mga tao.,0.8890304565429688,96.44387817382812
i know it signifies him feeling not dangerous secure and relaxed so i don t guess it is causing him any undue stress,3,anger,Alam kong ito ay nagpapahiwatig na nararamdaman niya ang hindi mapanganib na seguridad at pagpapahinga kaya hindi ko akalaing ito ay nagdudulot sa kanya ng anumang labis na stress.,0.8743482828140259,96.5026068687439
i not feel like going shopping afterward i was groggy and felt like a stuffed pig,0,sadness,"Hindi ako nais magpunta sa tindahan pagkatapos, pagod at parang puno ng pagkain ako.",0.8847598433494568,96.46096062660217
i always feel slightly embarrassed,0,sadness,Lagi akong nakakaramdam ng kaunting hiya.,0.8409493565559387,96.63620257377625
i feel a longing for i have no idea what if it was ever even there,2,love,"Nararamdaman kong may pagnanasa ako, hindi ko alam kung ano iyon kung sakaling ito ay umiiral man noon.",0.9066444635391235,96.3734221458435
i still feel defeated,0,sadness,Parang natatalo pa rin ako.,0.8654822111129761,96.5380711555481
i feel a remembrance of the strange by justin aryiku falls into the latter category,4,fear,"Nararamdaman kong ang ""A Remembrance of the Strange"" ni Justin Aryiku ay kabilang sa huli.",0.8902809619903564,96.43887615203857
i start an aimless internet search when im feeling curious,4,fear,Nagsisimula akong mag-browse nang walang direksyon sa internet kapag nararamdaman kong mausisa.,0.8725057244300842,96.50997710227966
i thought that was the end of it but a few minutes ago i got off the couch and felt so hot and sore and soft yknow when you have a fever how your body just feels really tender,2,love,"Akala ko natapos na iyon pero ilang minuto lang ang nakalipas, tumayo ako mula sa sopa at naramdaman kong sobrang init at pananakit, parang malambot din. Alam mo 'yon, kapag may lagnat, parang ang katawan mo ay sobrang sensitibo.",0.9169459939002991,96.3322160243988
i was feeling more appreciative,1,joy,Nararamdaman kong mas nagpapasalamat ako.,0.8661383986473083,96.53544640541077
i was so stubborn and that it took you getting hurt for me to admit even to myself how i feel i haven t been very considerate of you in that respect,2,love,"Napaka-matigas ko at kailangan kang masaktan para aminin ko, kahit sa sarili ko, kung ano ang nararamdaman ko. Hindi ako naging mapag-isip sa iyo sa aspeto na iyon.",0.8915514945983887,96.43379402160645
i have never really had luck with them so im feeling a bit jaded,0,sadness,Hindi ako talaga nakaswerte sa kanila kaya medyo nasasaktan na ako.,0.8686015605926514,96.5255937576294
i feel so guilty,0,sadness,Napakasakit ng pakiramdam ko dahil sa aking kasalanan.,0.899779200553894,96.40088319778442
i feel like i should be more bothered by this topic but for some reason im sor,3,anger,"Nararamdaman kong dapat akong mas mag-alala tungkol sa paksa na ito ngunit sa ilang dahilan, hindi ako gaanong nababahala.",0.9238795042037964,96.30448198318481
i was back at the gym doubling up on classes and feeling quite well not perfect but nowhere near how i was earlier in the year,1,joy,"Bumalik ako sa gym, nag-double class, at nararamdaman kong medyo mabuti, hindi perpekto pero malayo na sa kung paano ako noong unang bahagi ng taon.",0.8527028560638428,96.58918857574463
i feel the word rich is accurate to describe texture and color payoff,1,joy,"Nararamdaman kong ang salitang ""mayaman"" ay tumpak na paglalarawan sa tekstura at kulay na ibinibigay nito.",0.8879942297935486,96.4480230808258
i am not going to wake up with a fucking headache like almost every day this week i am not going to feel needy and grabby and insecure like almost every day this week i am not going to be mean to myself like almost every day this week,0,sadness,Hindi ako magigising na may sakit ng ulo tulad ng halos araw-araw ngayong linggo. Hindi ako magkakaroon ng pangangailangan at kakulitan at kawalan ng tiwala sa sarili tulad ng halos araw-araw ngayong linggo. Hindi ako magiging masama sa aking sarili tulad ng halos araw-araw ngayong linggo.,0.9324486255645752,96.2702054977417
i feel so strange sitting here blogging away amp not having to study,4,fear,Nakakakaba ang pakiramdam na nakaupo dito at nag-b-blog nang hindi kailangan mag-aral.,0.8622511029243469,96.55099558830261
im feeling generous i might let them bring the dog with em otherwise the animals are on their own,1,joy,"Nararamdaman kong mapagbigay kaya baka payagan kong dalhin nila ang aso nila, kung hindi, mag-iisa na ang mga hayop.",0.926183819770813,96.29526472091675
i really feel regretful when hearing that shinae got married to another man oh it s really sad i really hope that alex and shinae can be a couple in real life they re perfect for each other,0,sadness,"Talagang nakakaramdam ako ng pagsisisi kapag naririnig kong ikasal si Shinae sa ibang lalaki, oh, talagang malungkot. Sana nga magkaroon sila ni Alex ng relasyon sa totoong buhay, sila ay perpekto para sa isa't isa.",0.9193674921989441,96.32253003120422
i and fans cheering for penn state made me feel such a strong sense of belonging to the penn state family,1,joy,Ako at ang mga tagahanga na sumisigaw para sa Penn State ay nagbigay sa akin ng malakas na pakiramdam ng pagkabilanggo sa pamilya Penn State.,0.8896383047103882,96.44144678115845
i feel dismayed at how many people get stuck on a do it yourself salvation mentality,0,sadness,Nakakadismaya sa akin kung gaano karaming tao ang nakakulong sa paniniwala na sila mismo ang dapat magligtas.,0.8662053942680359,96.53517842292786
i was at the cinema with my sister and her boyfriend a man sitting beside me started to stroke my leg for a while,4,fear,"Nasa sinehan ako kasama ng kapatid ko at ng boyfriend niya, may lalaki na nakaupo sa tabi ko na nagsimulang hawakan ang aking binti nang ilang sandali.",0.8935535550117493,96.425785779953
i feel myself redden my manhood has been insulted and it demands satisfaction,3,anger,"Nararamdaman kong namumula ako, ang aking kalalakihan ay nilalait at nangangailangan ng katarungan.",0.9152487516403198,96.33900499343872
i know i can do it and in fact that i will but i feel terrified that the stories won t be as good as they could be and that any readers that i can actually convince to buy the book will read it and hate it and never want to read anything by me again,4,fear,"Alam kong kaya kong gawin ito at sa katunayan gagawin ko ito, ngunit natatakot ako na hindi magiging maganda ang mga kwento gaya ng dapat sana at baka ang mga mambabasa na mahihikayat kong bumili ng libro ay basahin ito at magalit at hindi na gustong bumasa ng anumang akda ko muli.",0.8990234732627869,96.40390610694885
im feeling pretty paranoid and trying to cover the cash and protect my belongings it definitely felt like i was doing something i shouldnt be doing like money laundering or something,4,fear,"Nararamdaman kong medyo paranoiac at sinusubukang itago ang pera at protektahan ang aking mga gamit. Tila ginagawa ko ang isang hindi dapat gawin, parang money laundering o iba pa.",0.8503185510635376,96.59872579574585
i feel so thrilled to share with my fans because lots of my songs are inspiring,1,joy,Napakasaya kong ibahagi sa aking mga tagahanga dahil maraming kanta ko ang nagbibigay inspirasyon.,0.8999937772750854,96.40002489089966
i feel disappointed because i spent time on it and do something differently to create an interesting composition,0,sadness,Nakakadismaya dahil ginugol ko ang aking oras dito at nagawa kong iba para makagawa ng isang nakakaganyak na komposisyon.,0.9265387654304504,96.2938449382782
i feel quite lucky to have stumbled upon it,1,joy,Nararamdaman kong sobrang swerte na makasalubong ito.,0.8750292062759399,96.49988317489624
i feel so angry that cancer is slowly killing my dad,3,anger,Napakasakit isipin na unti-unting kinakain ng kanser ang aking ama.,0.8900386095046997,96.4398455619812
i hope mine goes well again because at the moment i m unfortunately feeling a bit resentful with the aftermath of the holidays,3,anger,"Sana maganda rin ang aking karanasan dahil sa ngayon, hindi ko mapigilang magkaroon ng kaunting sama ng loob dahil sa mga epekto ng mga pista.",0.8700048923492432,96.51998043060303
i feel more determined than ever to not just help people facing these challenges but do my part to change the infrastructure of our society as a whole so this cycle of inequality is put to an end,1,joy,"Mas determinado akong tumulong sa mga taong nakaharap sa mga hamon na ito, at gawin ang aking bahagi upang baguhin ang imprastraktura ng ating lipunan upang wakasan ang siklo ng kawalan ng pantay-pantay.",0.9126293063163757,96.3494827747345
i feel creatively inspired,1,joy,Nararamdaman kong puno ng inspirasyon ang aking pagkamalikhain.,0.876347541809082,96.49460983276367
i will soon start to feel like me again i liked her and i miss her,2,love,"Malapit nang makaramdam ako ng pagiging ako uli, gusto ko siya at nami-miss ko siya.",0.9006420373916626,96.39743185043335
i am strong because i am weak knowing this about yourself would surely improve yourself as a person its something id like to know about myself and everyone else and feel it would be worthwhile in pursuing,1,joy,"Malakas ako dahil mahina ako. Ang pagkilala nito sa sarili ay tiyak na magpapabuti sa iyo bilang tao. Ito ay isang bagay na nais kong malaman tungkol sa aking sarili at sa lahat ng iba pa, at nararamdaman kong sulit itong habulin.",0.8722919225692749,96.5108323097229
i feel super good,1,joy,Napakaganda ng pakiramdam ko.,0.8952690362930298,96.41892385482788
i inspired but i came away feeling rejuvenated and invigorated,1,joy,Na-inspire ako ngunit umalis akong pakiramdam na nabigyang-buhay at puno ng enerhiya.,0.89310622215271,96.42757511138916
i still feel very emo but its now a bouncy butterflies in my tummy everythings gonna be ok kinda email rather than a feeling shitty emo so,1,joy,"Parang may maliliit na paru-paro sa tiyan ko na nagbibigay saya, kahit medyo emosyonal pa rin ako, pero parang email na nagsasabi na lahat ay magiging maayos.",0.8976521492004395,96.40939140319824
in a dam lake,4,fear,sa isang lawa ng dam,0.9270622134208679,96.29175114631653
id fancy or feel particularly delicious about either,1,joy,Hindi ako masyadong naaakit o hindi ko nararamdaman na partikular na masarap ang alinman.,0.8844471573829651,96.46221137046814
i feel so dirty,0,sadness,Nararamdaman kong sobrang marumi.,0.8908889889717102,96.43644404411316
i feel regretful ashamed and embarrased of evey single thing ive ever done i cant think of anything im proud of,0,sadness,"Nakakaramdam ako ng pagsisisi, kahihiyan, at hiya sa bawat bagay na aking nagawa. Wala akong maisip na ikagagalak.",0.8789381980895996,96.4842472076416
im feeling jolly but at the same time im feeling down nao,1,joy,"Masaya ako pero sa parehong oras, malungkot na rin ako ngayon.",0.8984185457229614,96.40632581710815
i feel more confident and have to think less about what i say on the days i avoid english and read french grammar in the morning,1,joy,Mas nakakaramdam ako ng tiwala at hindi na kailangang mag-isip nang husto tungkol sa sasabihin ko sa mga araw na iwasan ko ang Ingles at basahin ang gramatika ng Pranses sa umaga.,0.9039614796638489,96.3841540813446
i feel fond toward though they may not realize it,2,love,Nakaramdam ako ng pagmamahal kahit hindi nila marahil namamalayan.,0.8972242474555969,96.41110301017761
i feel more self assured with making the decision to move to la and try to get to the point where i am directing films,1,joy,Mas naging matibay ang aking loob sa desisyon kong lumipat sa Los Angeles at subukan ang aking tadhana bilang isang direktor ng pelikula.,0.8986491560935974,96.40540337562561
i feel a loss for the precious lives that were taken so mercilessly an abominable side effect of what happens when those among us hate,1,joy,"Nararamdaman ko ang pagkawala para sa mga mahalagang buhay na walang awa nilang kinuha, isang di-makatwirang bunga ng pag-aaway ng mga tao sa atin.",0.8698376417160034,96.52064943313599
i need to learn to have to feel this much pain and suffering,0,sadness,Kailangan kong matutunan na maramdaman ang ganitong sakit at pagdurusa.,0.8715450763702393,96.51381969451904
i remember feeling impatient with her and even struggling to like her at times,3,anger,Naalala ko ang aking pagiging mapagbiro sa kanya at minsan ay nahihirapan akong magustuhan siya.,0.8712135553359985,96.515145778656
i will stop and consider where my meal has come from not just some of the time when i m feeling virtuous but every time i sit down to eat,1,joy,Tititigil ako at pag-iisipan kung saan nanggaling ang aking pagkain hindi lamang minsan kapag nararamdaman kong mabuti ang aking sarili kundi bawat pagkakataon na maupo akong kumain.,0.8879109621047974,96.44835615158081
i feel i ve had years of being told i m intelligent,1,joy,Nararamdaman kong maraming taon na akong sinasabihan na matalino ako.,0.8512202501296997,96.5951189994812
i was intensely conscious of how much cash i had left in my gas and food envelope and i still have what i intended to save for next week which helps me not feel so stressed and scared,0,sadness,"Lubos akong nakakaramdam kung magkano ang natitirang pera sa aking pitaka para sa gasolina at pagkain, at mayroon pa rin akong inipon para sa susunod na linggo, kaya hindi ako gaanong nababahala at natatakot.",0.934259831905365,96.26296067237854
i woke up this morning to a text from mr c declaring he was walking to work as he typed miles and was therefore feeling virtuous,1,joy,Gumising ako kaninang umaga sa isang mensahe mula kay Mr. C na nagsasabi na naglalakad siya papunta sa trabaho dahil nagte-type siya ng milya at samakatuwid ay nararamdaman niyang mabuti ang kanyang sarili.,0.89515221118927,96.41939115524292
i climbed over that day and awful hump and i feel fabulous,1,joy,Nakalusot ako sa malaking at nakakatakot na burol noong araw at nararamdaman kong kamangha-manghang.,0.9183369874954224,96.32665205001831
i continued to feel this way for the next couple weeks until i convinced myself i should just take a pregnancy test to be sure,1,joy,Nagpatuloy akong ganito ang pakiramdam sa mga susunod na ilang linggo hanggang sa ikumbinsi ko ang aking sarili na dapat akong magpa-test ng pagbubuntis para sigurado.,0.7900506258010864,96.83979749679565
i am going to be happy today i am going to enjoy feeling excited about life joyful eager knowing and empowered,1,joy,"Masaya ako ngayon, masisiyahan akong maramdaman ang kilig sa buhay, ang saya, ang sigla, ang pag-alam, at ang kapangyarihan.",0.828026533126831,96.68789386749268
i feel in retrospect if i have the ability to think back that all this history stuff and the miles upon miles of newsprint that has carried my feature articles impressed and impacted the readership the way it was intended,4,fear,"Kung pag-iisipan ko nang mabuti, lahat ng kasaysayan at mga milya-milyang pahina ng balita na naglalaman ng aking mga artikulo ay nagbigay ng impresyon at epekto sa mga mambabasa gaya ng aking intensyon.",0.9037560224533081,96.38497591018677
i am used to being let down and feeling rejected by guys,0,sadness,Sanay na ako na iiwan at maramdaman ang pagtanggi ng mga lalaki.,0.8782759308815002,96.486896276474
i feel so blessed and grateful that i could let go of something so painful on one hand and open myself up to something even more amazing on the other,1,joy,"Nararamdaman kong sobrang biyaya at pasasalamat na nakaya kong bitawan ang isang bagay na napakalungkot at sa kabilang banda, buksan ang aking sarili sa isang bagay na mas kahanga-hanga pa.",0.8563397526741028,96.57464098930359
i remember what this feels like from a fan perspective because i lived in chicago all through the michael jordan chicago bulls era and i still have fond memories of those days but today belongs to the celtics and i tip my cap to them,2,love,Naalala ko ang pakiramdam na ito mula sa pananaw ng isang tagahanga dahil nanirahan ako sa Chicago noong panahon ng Michael Jordan at ng Chicago Bulls at hanggang ngayon ay may magagandang alaala ako sa mga araw na iyon ngunit ngayon ay pag-aari na ng Celtics at ibinababa ko ang aking sumbrero sa kanila.,0.8707382678985596,96.51704692840576
i am happy to see that he is off with hopefully a good job but i can t help feel a little greedy,3,anger,"Masaya akong makita na siya ay may trabaho na sana ay maganda, ngunit hindi ko mapigilan ang pakiramdam na konting makasarili.",0.8989781141281128,96.40408754348755
i feel joyful inside,1,joy,Masaya ako sa loob.,0.8678716421127319,96.52851343154907
i feel the pull of gravity the temperature of the sun and the air i smell the earth and the air and feel the pleasant tug at my muscles,1,joy,"Nararamdaman ko ang paghila ng grabidad, ang init ng araw at ng hangin, amoy ko ang lupa at ang hangin, at nararamdaman ang kasiya-siyang paghila sa aking mga kalamnan.",0.9242435693740845,96.30302572250366
i love the way it feels i love its permanence i love the nostalgic feeling of keys under my fingertips,2,love,"Mahal ko ang pakiramdam nito, mahal ko ang kanyang kapanatagan, mahal ko ang mahinang alaala ng mga susi sa aking mga daliri.",0.9062656164169312,96.37493753433228
i would feel sometimes still feel a longing and a desire to come closer feel the old oak trees walk the old trails listen to the quiet smell the wild bushes,2,love,"Minsan, nararamdaman ko pa rin ang pagnanasa at paghahangad na lumapit, maramdaman ang mga matandang punong oak, maglakad sa mga lumang daan, makinig sa katahimikan, at amuyin ang mga ligaw na halaman.",0.8946447968482971,96.42142081260681
im sure anyone whos seen someone close go through this process you feel entirely useless in this situation not being able to take away any of the troubles or ailments,0,sadness,"Sigurado ako, kung nakita mo ang isang mahal sa buhay na dumadaan sa ganitong proseso, mararamdaman mong lubos na walang silbi sa sitwasyong ito dahil hindi ka makapag-alis ng anumang problema o karamdaman.",0.9188269972801208,96.32469201087952
i know that sounds really recycled and generic but its actually how i feel i love to sing and would more than love to make a living doing that but im going to school because i know that its not in the cards for all the talented people in the world to make it in the music business,1,joy,"Alam kong parang paulit-ulit at pangkaraniwan ang tunog nito, pero totoo naman ang nararamdaman ko. Gustung-gusto kong kumanta at higit pa akong gustong kumita habang ginagawa iyon, pero papasok ako sa paaralan dahil alam kong hindi lahat ng may talento sa mundo ay makakapasok sa industriya ng musika.",0.9103643894195557,96.35854244232178
i did feel pretty cool when my wifes coworkers showed her the design on pinterest and she said my husband was the designer,1,joy,Naramdaman kong medyo cool noong ipinakita ng mga kasamahan sa trabaho ng aking asawa ang disenyo sa Pinterest at sinabi niyang ako ang disenyo.,0.9033869504928589,96.38645219802856
i was tired of feeling helpless and wanted to take control of the situation,0,sadness,Nagod na ako sa pakiramdam na walang magawa at gustong magkaroon ng kontrol sa sitwasyon.,0.8851233720779419,96.45950651168823
im feeling overwhelmed,4,fear,Nararamdaman kong sobra na ang bigat.,0.7598410844802856,96.96063566207886
i lost a close friend,0,sadness,Nawala ko ang isang malapit kong kaibigan.,0.8502838611602783,96.59886455535889
i leave feeling challenged and eager to study the word more not looking for the holy spirit to give me another experience or confused not just about what happend but confused about scripture,1,joy,"Umalis ako na nakaramdam ng hamon at masigasig na pag-aaral ng salita, hindi naghahanap ng Espiritu Santo para bigyan ako ng isa pang karanasan o nalilito hindi lamang sa nangyari kundi nalilito rin sa kasulatan.",0.8843491077423096,96.46260356903076
i visited finland a couple of weeks ago and albeit it was wonderful and extremely refreshing to be back in my hometown for the first time in four weeks after spending only a few days there i begun to feel slightly homesick homesick for tallinn,0,sadness,"Pumunta ako sa Finland ilang linggo na ang nakalilipas at bagama't maganda at lubos na nakakapagpasigla ang makapiling muli ang aking bayan sa unang pagkakataon sa loob ng apat na linggo matapos lamang magkaroon ng ilang araw doon, nagsimula akong maramdaman ang kaunting pag-uulila sa tahanan, pag-uulila sa Tallinn.",0.9180201888084412,96.32791924476624
i feel the need to pimp this since raini my beloved rocky casting director loves it so much,2,love,"Kailangan kong i-promote ito dahil sobrang gusto ni Raini, ang aking minamahal na casting director ng Rocky, nito.",0.8646419644355774,96.54143214225769
i promised myself that i wont enter anymore giveaways because i feel greedy but i couldnt resist this one,3,anger,"Pangako ko sa sarili ko na hindi na ako papasok sa mga raffle dahil nadarama kong makasarili ako, pero hindi ko napigilan ang isa itong ito.",0.881103515625,96.4755859375
im so excited but feeling scared too,4,fear,Sobrang excited ako pero kinakabahan din ako.,0.8705878257751465,96.51764869689941
i hate to feel devastated so much so that i have an unhealthy habit of suppressing my feelings,0,sadness,Ayaw kong maramdaman ang ganitong kalalim na pagkabigo kaya may hindi malusog na ugali akong itinatago ang aking damdamin.,0.8744508028030396,96.50219678878784
i need some to hold me to hug me like they love me really love me to be there in quiet to just sit to be there just to stop me doing something stupid it cant be my parents cos i know id just run i cant run from other people i feel rude,3,anger,"Kailangan ko ng isang taong hahawak sa akin, yakapin ako bilang kung tunay nilang mahal ako, na nandito sa katahimikan, basta umupo, basta nandun para pigilan akong gumawa ng isang bagay na bobo. Hindi pwedeng mga magulang ko kasi alam kong tatakbo ako, hindi ako makakatakas sa iba, nararamdaman kong bastos.",0.9294775128364563,96.28208994865417
i feel very happy each time i saw him,1,joy,Napakasaya ko tuwing nakikita ko siya.,0.8890720009803772,96.44371199607849
i always feel horny nowadays,2,love,Lagi akong nakakaramdam ng pagnanasa ngayon.,0.8792753219604492,96.4828987121582
i woke up yesterday morning wondering if i had hurt my mommys feelings and just had this horrible feeling in my stomach and horrible chest pains,0,sadness,Gumising ako kahapon ng umaga na nag-aalala kung nasaktan ko ang pakiramdam ng aking ina at naramdaman ko ang isang nakakatakot na pakiramdam sa aking tiyan at masakit ang dibdib ko.,0.9180367588996887,96.32785296440125
i want him to feel emotional pain,0,sadness,Gusto kong maramdaman niya ang emosyonal na sakit.,0.8945023417472839,96.42199063301086
i have trouble not focusing on it not feeling it all throughout the day because i know he s suffering and i know my mom is suffering in a whole other way,0,sadness,"Mahirap para sa akin na hindi tumutok dito, hindi maramdaman ito buong araw dahil alam kong siya ay nagdurusa at alam kong ang aking ina ay nagdurusa sa ibang paraan.",0.9247956275939941,96.30081748962402
im feeling a little apprehensive about it because i feel like im suddenly way too old compared to my mental age of about,4,fear,Nararamdaman kong medyo kinakabahan tungkol dito dahil parang bigla akong napakalaki na kumpara sa aking mental na edad na mga,0.8486844301223755,96.6052622795105
i feel ugly to my fellow humans,0,sadness,Nararamdaman kong pangit sa harapan ng aking kapwa tao.,0.8754581212997437,96.49816751480103
i feel so utterly humiliated and at the same time humbled by the goodness of her heart,0,sadness,"Napakasakit ng kahihiyan na nararamdaman ko, ngunit sabay din itong nagpapakumbaba sa akin dahil sa kabutihan ng kanyang puso.",0.9294109344482422,96.28235626220703
i also feel devoted to my profession because i get ever so annoyed when i see things that would adversely bring adverse publicity on our profession like some hearnsays from ill informed patients the media and some ignorant politicians making use of health care as a tool to boost their publicity,2,love,"Nararamdaman ko rin ang aking pagmamahal sa aking propesyon dahil napakarami kong inis kapag nakikita ko ang mga bagay na maaaring magdulot ng negatibong publiko sa ating propesyon tulad ng mga tsismis mula sa mga pasyente na hindi nakakaalam, sa media, at ilang mga politiko na walang kaalaman na gumagamit ng pangangalagang pangkalusugan bilang kasangkapan upang itaas ang kanilang publiko.",0.8903318643569946,96.43867254257202
i walked away from the weekend feeling simply dirty like i had done something really harmful and this feeling more than anything is what overpowers my feeble attempts to justify my actions last weekend,0,sadness,"Umalis ako sa weekend na parang marumi, parang nagawa kong isang masamang bagay, at higit sa lahat, ito ang nararamdaman kong pumipigil sa aking mahina at walang saysay na pagtatanggol sa aking mga kilos noong nakaraang weekend.",0.8597728610038757,96.5609085559845
i baht into usd and feeling very satisfied with how little i spent,1,joy,Isinalin ko ang isang baht sa dolyar at sobrang kontento sa kakaunti kong ginastos.,0.930209755897522,96.27916097640991
im feeling really good about it,1,joy,Masaya ako talaga doon.,0.8696897029876709,96.52124118804932
i have never made the first step because the guys were alway faster this is why this situation is making me feel very unsure and elusively shy,4,fear,"Hindi ako nagsisimula dahil lagi silang mas mabilis, kaya't ang sitwasyong ito ay nagpapasaya sa akin na hindi sigurado at mahiyain.",0.8786377906799316,96.48544883728027
i feel like i m not really sure where everything is leading and i d look like a boob if i misrepresent things,1,joy,Parang hindi ko sigurado kung saan patungo ang lahat at baka magmukhang tanga kung mali ang aking paglalarawan.,0.9116500020027161,96.35339999198914
i was thrilled to have that outcome but because i was feeling so crappy i couldn t even celebrate that until i started feeling better which mainly seems to have occurred with an increased dosage of my thyroid replacement hormone and supplemental estrogen,0,sadness,"Napakasaya ko sa resulta ngunit dahil hindi ako mabuti ang pakiramdam, hindi ko magawa ang pagdiriwang hanggang sa gumaling ako, na tila nangyari nang higit na tumaas ang dosis ng aking hormone kapalit ng thyroid at estrogen na pampapalakas.",0.8734235167503357,96.50630593299866
i go i see our flag flying at the turkish schools and i feel very proud,1,joy,"Pupunta ako, makikita ko ang ating watawat na lumilipad sa mga paaralan sa Turkey, at mararamdaman ko ang malaking pagmamalaki.",0.892683744430542,96.42926502227783
i am the head of my family i should be looking after them but i feel i am worthless to them i am nothing now,0,sadness,"Ako ang ulo ng aking pamilya, dapat akong alagaan sila ngunit nararamdaman kong wala akong halaga sa kanila, wala na akong silbi ngayon.",0.9477820992469788,96.20887160301208
i feel really optimistic about,1,joy,Nararamdaman kong lubos na positibo tungkol sa.,0.8623703718185425,96.55051851272583
i don t know if they just wanted to lead a race or they were feeling so well so early or what it was,1,joy,Hindi ko alam kung gusto lang nilang manalo sa karera o kaya'y sobrang maganda ang pakiramdam nila nang maaga o ano kaya iyon.,0.8816314935684204,96.47347402572632
i feel so weird about it,4,fear,Nararamdaman kong kakaiba ito.,0.8321839570999146,96.67126417160034
im feeling homesick for him,0,sadness,Namimiss ko siya sa bahay.,0.8792711496353149,96.48291540145874
i have succumbed to the dreaded commuter virus and feel altogether a little bit rotten,0,sadness,Napahawaan na ako ng kinatatakutang commuter virus at nararamdaman kong medyo hindi maganda ang pakiramdam ko.,0.8692775964736938,96.52288961410522
i look at his sweet little face crying for his mama just wanting me to hold him and love him and i feel so horribly awful for being frustrated with him,0,sadness,"Tinitingnan ko ang kanyang maliit at matamis na mukha habang umiiyak para sa kanyang ina, na gustong-gusto lamang akong yakapin at mahalin, at nararamdaman kong lubos na masama dahil sa aking pagkabigo sa kanya.",0.92753005027771,96.28987979888916
i do feel sorry for you,0,sadness,Nakaramdam ako ng awa para sa iyo.,0.8932946920394897,96.42682123184204
i see and feel and who knew i could get so angry in putting a key in the lock i want to punch someone s face every single time i put my key in the lock i know that i must keep on going,3,anger,"Nakikita ko at nararamdaman ko, at sino ang mag-aakala na magiging ganito ako galit sa paglalagay ng susi sa kandado, gusto kong suntukin ang mukha ng isang tao tuwing ilalagay ko ang susi ko sa kandado, alam kong dapat akong magpatuloy.",0.8788650631904602,96.48453974723816
i am very motivated to learn from the lessons of history because otherwise i feel that we are doomed to repeat the same mistakes,0,sadness,"Napakainspire ko upang matuto mula sa aral ng kasaysayan dahil kung hindi, parang tayo ay tadhana na ulitin ang mga parehong pagkakamali.",0.831201434135437,96.67519426345825
i didn t give up blogging but i still feel that i want to make my posts more useful to my readers,1,joy,"Hindi ako sumuko sa pag-blog, pero nararamdaman ko pa rin na gusto kong gawing mas kapaki-pakinabang ang aking mga post para sa aking mga mambabasa.",0.8797284364700317,96.48108625411987
i feel very shocked i have never expected that would happen to me,4,fear,"Napakashock ko, hindi ko inaasahan na mangyayari iyon sa akin.",0.8008742332458496,96.7965030670166
i feel a bit reluctant to write this,4,fear,Nararamdaman kong medyo nahihirapan magsulat nito.,0.788866400718689,96.84453439712524
i feel like an ungrateful ingrate bastard to confess that i momentarily lost my appreciation for the life i have,0,sadness,Parang isang walang utang na loob at masamang tao ako na aminin na pansamantala'y nawala ang aking pagpapahalaga sa buhay na meron ako.,0.9268514513969421,96.29259419441223
i get nothing and i really want to feel like if someone likes me for who i am not for my stubborn sister,3,anger,"Wala akong natatanggap at talagang gusto kong maramdaman na may gustong-gusto ako para sa kung sino ako, hindi dahil sa aking matigas ang ulo na kapatid.",0.8737761974334717,96.50489521026611
i dont recall just now yet vividly recall looking at you as you said it and you i think looking back at me and my feeling very sympathetic or maybe empathetic is the better word of course you needed a space,2,love,"Hindi ko maalala ngayon, ngunit malinaw pa rin sa akin ang pagtingin ko sa iyo habang sinasabi mo iyon, at sa tingin ko, nakatingin ka rin sa akin, at naramdaman kong lubos akong nakikiramay, o marahil mas tama ang sabihin ay empatiko. Syempre, kailangan mo ng espasyo.",0.876502513885498,96.49398994445801
i already feel the atmosphere around it seems dangerous,3,anger,Nararamdaman ko na ang kapaligiran ay tila mapanganib.,0.8847774267196655,96.46089029312134
i feel after seeing sweeney todd disturbed and disgusted are better descriptions,0,sadness,"Nararamdaman kong pagkatapos makita si Sweeney Todd, ang mga salitang ""nagulo"" at ""nagsisisi"" ang mas angkop na paglalarawan.",0.8487463593482971,96.60501456260681
i feel a little suspicious,4,fear,Nararamdaman kong medyo may pagdududa ako.,0.8328543305397034,96.66858267784119
im still not sure why reilly feels the need to be so weird,4,fear,Hindi ko pa rin sigurado kung bakit nararamdaman ni Reilly ang pangangailangan na maging kakaiba.,0.8797906041145325,96.48083758354187
i want to say in front of you but embarrassed feeling is comes and my mouth be dumb cannot say that im very love you i know you dont like me because in front your eye im not pretty like what you think in your mind but thats not a reason why you dont love me right,0,sadness,"Gusto kong sabihin sa harapan mo pero nahihiya ako, parang biglang tumigil ang bibig ko at hindi ko mailabas na sobrang mahal kita. Alam kong hindi mo ako gusto dahil sa harapan mo hindi ako maganda gaya ng iniisip mo, pero hindi naman iyon dahilan para hindi mo ako mahal, di ba?",0.878674328327179,96.48530268669128
i never cease to feel amused when with a single facial expression i have the power of modifying a students behavior,1,joy,Hindi ako napapagod na maramdaman ang saya kapag sa isang ekspresyon lamang ng mukha ko ay may kakayahang baguhin ang kilos ng isang estudyante.,0.8453349471092224,96.61866021156311
im having my biannual mammogram and although i know it only hurts for a while im feeling unusually apprehensive,4,fear,"Nagpapagawa ako ng biannual na mammogram at kahit alam kong pansamantala lamang ang sakit, nararamdaman kong kakaiba ang aking pag-aalala.",0.8774574995040894,96.49017000198364
i would feel even more clever had i actually intended to do that,1,joy,Mas matalino pa sana ako kung talagang iyon ang aking intensyon.,0.8817285299301147,96.47308588027954
i know how they feel about it all and they talk like the ppl above them on the ladder are so vain amp shallow amp bla bla bla,0,sadness,"Alam ko kung paano sila nakaramdam tungkol dito at parang sinasabi nila na ang mga tao sa itaas nila sa hagdan ay sobrang mapagmataas, mahangin, at bla bla bla.",0.8889396786689758,96.4442412853241
i would hate to feel unwelcome,0,sadness,Ayaw kong maramdaman na hindi ako tinatanggap.,0.8813248872756958,96.47470045089722
i feel your gentle stare and feel your love,2,love,Nararamdaman ko ang iyong mahinang tingin at nararamdaman ko ang iyong pag-ibig.,0.8927350044250488,96.4290599822998
i hate how helpless they make me feel so i get stubborn i stop taking them and im fine until im not but by then im so stubborn i cant make myself start up again until i have a really bad episode and scare myself into taking them and then the cycle starts back all over again,3,anger,"Ayaw ko sa pakiramdam na parang wala akong magagawa kaya nagiging matigas ang ulo ko, tumitigil akong uminom at maganda ang pakiramdam ko hanggang sa hindi na, pero sa puntong iyon, sobrang matigas na ulo ko kaya hindi ko kayang magsimula ulit hanggang sa magkaroon ako ng malubhang episode at matakot ako para magsimulang uminom muli, at saka nagsisimula ulit ang siklo.",0.8706163763999939,96.51753449440002
i feel more calm and comfortable by wearing those neutral color,1,joy,Mas nakakaramdam ako ng katahimikan at kaginhawahan kapag nakasuot ng mga kulay na neutral.,0.9210349321365356,96.31586027145386
im feeling generous today heres the link,1,joy,"Masaya akong magbigay ngayon, eto ang link.",0.8280136585235596,96.68794536590576
i feel vaguely frustrated with the extent that thoughts about cycling invade the space in my mind,3,anger,Nararamdaman kong bahagya akong naiirita sa dami ng mga iniisip tungkol sa pagbibisikleta na pumapasok sa aking isipan.,0.8758907318115234,96.4964370727539
i am feeling a bit overwhelmed tired anxious etc,4,fear,"Nararamdaman ko ngayon ang pagod, pagkabalisa, at pagiging sobra-sobra.",0.861085057258606,96.55565977096558
i wish i could be there for all the people who i feel i should be there for and supporting in these times,2,love,Sana makasama ko lahat ng tao na nararamdaman kong dapat kong suportahan at makasama sa mga panahong ito.,0.9046851396560669,96.38125944137573
i feel tranquil and content,1,joy,Nararamdaman kong tahimik at kontento.,0.847273588180542,96.61090564727783
i fell asleep feeling contented and was ultimately driven back to my room,1,joy,Natutulog ako na puno ng kasiyahan at sa wakas ay bumalik sa aking silid.,0.9097375273704529,96.36104989051819
i know i totes feel like a valued and equal person to my coworkers while theyre laughing over shutting women up,1,joy,Alam kong lubos kong nararamdaman na ako ay isang mahalaga at pantay na tao sa aking mga kasamahan habang sila ay natawa sa pagpapakalma sa mga babae.,0.9165916442871094,96.33363342285156
i recall feeling so welcomed that we returned to woodstock a few months later for a white thanksgiving,1,joy,Naalala kong pakiramdam ko'y sobrang tinanggap kaya bumalik kami sa Woodstock ilang buwan matapos para sa isang Thanksgiving na may puti.,0.8466089963912964,96.61356401443481
i feel so frightened i wanna run to you i wanna call but i ve been hit by lightning just can t stand up for falling apart can t see through this veil across my heart over you you ll always be the one you were the first you ll be the last,4,fear,"Napakasindak ko, gusto kong tumakbo sa iyo, gusto kong tumawag pero nabangga ako ng kidlat, hindi ko kayang tumayo dahil nabubulok na ako, hindi ko makita sa likod ng tabing na ito sa aking puso, para sa iyo, ikaw lagi ang isa, ikaw ang una, ikaw ang huli.",0.897446870803833,96.41021251678467
i am generally a pretty happy and positive person there are times when the nerves kick in and i am not feeling quite so happy and smiley,1,joy,"Karaniwan akong isang masayang at positibong tao, ngunit may mga pagkakataon na kinakabahan ako at hindi na ako gaanong masaya at ngumiti.",0.903430700302124,96.3862771987915
i admit to feeling sympathy with the dignified and the defiant,1,joy,Pumapayag akong maramdaman ang simpatiya sa mga marangal at matapang.,0.8605126142501831,96.55794954299927
i know how awful it is to be on your a game and not see any results and just feel crappy overall,0,sadness,Alam ko kung gaano kahirap kapag nasa laro ka pero wala kang nakikitang resulta at nararamdaman mo lang ang kabiguan.,0.8732176423072815,96.50712943077087
i feel sure it could be developed into a thrilling piece of theatre,1,joy,Sigurado akong ito ay maaaring maging isang nakakabighani at kapana-panabik na dulang pantanghalan.,0.8980267643928528,96.40789294242859
im not really into bashing gw the hobby or other people so i try hard to focus on subjects that i feel passionate about and want to spend the time to do it right,2,love,"Hindi ako talaga mahilig mag-bash ng GW, ang hobi o ibang tao kaya sinusubukan kong mag-focus sa mga paksa na aking pinapasan at gustong gawin nang tama.",0.8160164952278137,96.73593401908875
i feel that karma punished me because i don t know the meaning of contentment img src http www,0,sadness,Nararamdaman kong pinarusahan ako ng karma dahil hindi ko alam ang kahulugan ng kasiyahan.,0.8775044679641724,96.48998212814331
i knelt down in front of her close enough to feel her gentle breath she did not move or speak but yet there was no need our eyes shared a mutual understanding we communicated with no words just pure silence i felt at peace,2,love,"Nakipag-ugnayan ako sa harapan niya, malapit na maramdaman ang kanyang malambot na hininga. Hindi siya kumilos o nagsalita, ngunit wala namang kailangan. Ang ating mga mata ay nagbabahagi ng isang pantay na pag-unawa, nakikipag-usap kami nang walang salita, puro katahimikan lamang. Naramdaman kong nasa kapayapaan ako.",0.961667537689209,96.15332984924316
i feel like theres nothing in my life empty,0,sadness,"Parang wala akong laman sa buhay, parang walang laman.",0.9258885979652405,96.29644560813904
i remember feeling paranoid,4,fear,Naalala ko ang pakiramdam ng pagiging paranoiac.,0.8457478284835815,96.61700868606567
i am feel overwhelmed,4,fear,Nararamdaman kong sobra ang bigat.,0.8407134413719177,96.63714623451233
i still have a way to go but i am so much closer to the finish line than the start line and that feels amazing,1,joy,"Mayroon pa akong malayo pang tatahakin ngunit mas malapit na ako sa linya ng pagtatapos kaysa sa simula, at iyon ay nakakagaan ng loob.",0.9224079251289368,96.31036829948425
i still feel heartbroken over alot,0,sadness,Nasasaktan pa rin ako dahil sa maraming bagay.,0.904265284538269,96.38293886184692
i feel more shitty and emotional and helpless,0,sadness,"Mas masama ang pakiramdam ko, emosyonal at walang magawa.",0.8841350078582764,96.4634599685669
i feel like falling in love with her is part of being amazed at how she makes our family so much better she tells the advocate,4,fear,"Parang pagmamahal ko sa kanya ay bahagi ng pagkamangha ko kung paano niya ginaganda ang aming pamilya, sinasabi niya sa tagapagtaguyod.",0.8796031475067139,96.48158740997314
i understand feeling alone and lonely like you may never be really known,0,sadness,"Naiintindihan ko ang pakiramdam ng pag-iisa at kalungkutan, parang hindi ka talaga makikilala.",0.9067801237106323,96.37287950515747
i feel angry or resentful all i need do is remind myself that each day sober has been made possible by a fellowship which supports me all the way,3,anger,"Nararamdaman kong galit o nagrereklamo, ang kailangan ko lang gawin ay alalahanin na ang bawat araw na malinis ay nagkatotoo dahil sa isang samahan na sumusuporta sa akin hanggang sa huli.",0.8769017457962036,96.49239301681519
i did behave the same way when she was going through all this maybe i was the same or acted the same i don t think i did but i guess it is a matter of perception but when it happens to you you feel devastated,0,sadness,"Nag-uugali rin ako nang pareho noong siya ay nakakaranas nito, baka ako rin ay pareho o kumilos nang pareho, hindi ko siguro maisip na ginawa ko iyon, pero siguro ito ay isang bagay ng pananaw, ngunit kapag nangyari ito sa iyo, nararamdaman mong lubos na nasasaktan.",0.9252239465713501,96.2991042137146
im not some outcast always feeling a fake sense of belonging,0,sadness,Hindi ako isang taong palaging itinuturing na labas at nararamdaman ang pekeng pagkabilanggo.,0.8823919892311096,96.47043204307556
ive stayed at a few of the trendier hotel in north america and some have a tendency to feel cool and unfriendly,1,joy,Nanatili ako sa ilang mga hotel na uso sa Hilagang Amerika at mayroon silang ugali na maging malamig at hindi kaaya-aya.,0.9015630483627319,96.39374780654907
i feel most passionate about,2,love,Pinakamalalim ang aking damdamin tungkol sa,0.9075403213500977,96.36983871459961
ive been feeling a little overwhelmed about the whole thing lately but somehow the small step of finding out where my lectures will be has helped a bit,4,fear,"Nararamdaman ko ng kaunti ang pagod dahil sa lahat ng ito kamakailan, pero sa kakaibang paraan, ang maliit na hakbang na malaman kung saan ang aking mga klase ay nakatulong nang kaunti.",0.8802536129951477,96.47898554801941
i am starting the menopause constantly suffer with mood swings temper floods of tears unable to sit for long periods and concentrate feel constantly weepy and on edge feel unable to cope with the day to tasks of ordinary life,0,sadness,"Nagsisimula na ako ng menopausa, lagi akong nahihirapan sa pagbabago ng emosyon, galit na pag-agos ng luha, hindi makapag-upo nang matagal at makapag-concentrate, lagi akong nadaramaang malungkot at kinakabahan, hindi ko kayang harapin ang pang-araw-araw na gawain ng ordinaryong buhay.",0.8514790534973145,96.59408378601074
i feel utterly useless as a mother because i just dont know what to do,0,sadness,Nararamdaman kong lubos na walang silbi bilang ina dahil hindi ko alam kung ano ang dapat kong gawin.,0.9016256332397461,96.39349746704102
i am way less uptight the second time around but i still do feel awkward both at baring myself and at the potential of making anyone else feel uncomfortable,0,sadness,"Mas hindi na ako kasing-higpit sa ikalawang pagkakataon, pero nararamdaman ko pa rin ang pagka-awkward, parehong sa pagbubunyag ng aking sarili at sa posibilidad na makapagpa-uncomfortable ng iba.",0.8737022876739502,96.5051908493042
i feel like im losing motivation since the scale has been so unkind to me lately and i cannot get that attitude or i will possibly throw away everything ive worked for,3,anger,Nararamdaman kong nawawala ang aking motibasyon dahil hindi maganda ang ipinakikita ng timbangan kamakailan at hindi ko kayang magkaroon ng ganitong ugali o baka itapon ko ang lahat ng aking pinaghirapan.,0.883033812046051,96.4678647518158
im feeling holly jolly how about you,1,joy,"Masaya ako, parang Pasko na! Ikaw, kumusta ang pakiramdam mo?",0.8398178815841675,96.64072847366333
i headed there fully expecting them to have been sold out ages ago and that i would find myself staggering back upstairs without them feeling all bitter twisted and disappointed but at least with some of the allocated pennies still lurking in my own bank account,3,anger,"Pumunta ako roon, inaasahan na maubos na sila noon pa man at babalik akong tambay nang walang kahit ano, hindi masyadong magagalit o malungkot, ngunit may ilang natitirang piso pa rin sa aking bangko.",0.9486332535743713,96.20546698570251
i can t help but feeling weird when opening every closet in an apartment that somebody s still living in so i didn t,4,fear,Hindi ko mapigilan ang pakiramdam na kakaiba kapag binubuksan ko ang bawat aparador sa isang apartment na may nakatira pa. Kaya hindi ko ginawa.,0.9040366411209106,96.38385343551636
im feeling stupid,0,sadness,Nararamdaman kong tanga.,0.8444948792457581,96.62202048301697
i am responsible and would feel terribly dismayed at my lack of caring towards my job but lately i really have been irresponsible in regards to my shit job and i dont even feel like im letting anyone down,0,sadness,"Responsable ako at lubos akong malulungkot kung hindi ako nag-aalaga sa aking trabaho, ngunit kamakailan, talagang hindi ako responsable sa aking trabahong ito at hindi ko nararamdaman na niloloko ko ang sinuman.",0.8984549045562744,96.4061803817749
i want to avoid feeling terrified,4,fear,Gusto kong iwasan ang pakiramdam na natatakot.,0.8777652382850647,96.48893904685974
i feel depressed nearly all the time,0,sadness,halos lagi akong nadarama ang depresyon.,0.8209338784217834,96.71626448631287
i still feel stressed,3,anger,Nararamdaman ko pa rin ang stress.,0.8252508044242859,96.69899678230286
i feel vain,0,sadness,Nararamdaman kong mapagmataas.,0.8432872891426086,96.62685084342957
i have depression and things just started getting better but today i felt so bad you know they feeling in the pit of you heart that your a worthless failure,0,sadness,"May depresyon ako at unti-unting gumaling ang lahat ngunit ngayon, sobrang masama pakiramdam ko, alam mo 'yung pakiramdam sa gitna ng dibdib na parang wala kang halaga, isang nabigong tao.",0.9133853316307068,96.34645867347717
i woke up feeling cranky this morning,3,anger,Gumising ako na may sama ng loob ngayong umaga.,0.8527839183807373,96.58886432647705
i went on a bit of an auster binge after that and i remember feeling particularly fond of mr vertigo which is about a boy who learns to fly,2,love,"Nagkaroon ako ng isang pag-aaksaya sa mga pelikulang auster pagkatapos noon at natatandaan kong lalo akong nagustuhan ang ""Mr. Vertigo,"" tungkol sa isang batang natutong lumipad.",0.8583270311355591,96.56669187545776
i started feeling shaky hungry,4,fear,Nagsimulang makaramdam ako ng pagkahilo at gutom.,0.9483795166015625,96.20648193359375
i feel like life is an affectionate older sibling,2,love,Parang kapatid kong matanda na mapagmahal ang buhay.,0.8601469993591309,96.55941200256348
i am feeling amazed to see what god is doing new friends who aren t only amazing but get me who don t run and hide in a dark room unless i am there and they are joining me,4,fear,"Napakaganda ng pakiramdam na makita ang ginagawa ng Diyos, mga bagong kaibigan na hindi lamang kahanga-hanga kundi nakakaunawa rin, na hindi tumatakas at nagtatago sa madilim na silid maliban kung ako ang naroon at sila ay kasama ko.",0.8983462452888489,96.4066150188446
i woke up with a pounding headache and sore throat and so on top of the fatigue and nausea i feel utterly miserable,0,sadness,"Gumising ako na may malakas na pananakit ng ulo at sakit ng lalamunan, kaya't bukod sa pagod at pagsusuka, lubos akong nababahala.",0.916377067565918,96.33449172973633
i feel so resentful and hateful and downright furious about this,3,anger,"Napakasakit at galit ko, at talagang nagagalit ako tungkol dito.",0.869336724281311,96.52265310287476
i know that i made things sound bleak in the last paragraph but it is moments like these where i do feel very happy that my life has lead me to this point,1,joy,"Alam kong nagmukhang madilim ang mga bagay sa nakaraang talata ngunit sa mga sandaling ito, nararamdaman kong lubos akong masaya na dinala ako ng aking buhay sa puntong ito.",0.8890511393547058,96.44379544258118
i feel that his apology was sincere i just couldnt help feeling a bit more unhappy about what happened,1,joy,"Nararamdaman kong tapat ang kanyang paumanhin, ngunit hindi ko mapigilan ang sarili kong maramdaman pa rin ang kaunting kalungkutan dahil sa nangyari.",0.9129416346549988,96.34823346138
i was powerless over my life and the things that left me feeling abused unhappy and generally discontent and miserable i was stuck,0,sadness,"Walang kapangyarihan ako sa aking buhay at sa mga bagay na nagpapakitang biktima, malungkot, at pangkalahatang hindi kontento at nalulumbay; ako ay nakakulong.",0.893268346786499,96.426926612854
i am blue i try to imagine his smile and even though the tears pour i feel so loved,2,love,"Malungkot ako, sinusubukan kong isipin ang kanyang ngiti at kahit umiiyak ako, nararamdaman kong mahal na mahal ako.",0.8883269429206848,96.44669222831726
i feel horrible about all of this,0,sadness,Napakasama ng pakiramdam ko tungkol sa lahat ng ito.,0.8571451306343079,96.57141947746277
i am crushed and think of suicide but i will not ever ever give up on my kids i will fight and prove her psychotic behavior to everyone she has noconscience and feels joy to hurt me but i will prevail,0,sadness,Nasasaktan ako at naisip ko ang pagpapakamatay ngunit hindi ko kailanman bibitawan ang aking mga anak. Lalaban ako at patutunayan sa lahat ang kanyang sikolohikal na pag-uugali. Walang budhi siya at nakakaramdam ng kasiyahan sa pagsakit sa akin ngunit ako ang mananaig.,0.9505252242088318,96.19789910316467
i cannot in good conscience encourage my young kids read stuff from someone i feel is so vile no matter how good it is,3,anger,Hindi ko magagawa sa aking budhi na hikayatin ang aking mga batang basahin ang mga bagay mula sa isang taong nararamdaman kong lubhang masama kahit gaano kagaling iyon.,0.8694279193878174,96.52228832244873
i was feeling a bit jolly today at work,1,joy,Masaya ako kahapon sa trabaho.,0.8179158568382263,96.7283365726471
i feel bad for the creature,0,sadness,Nakakaramdam ako ng awa para sa nilalang.,0.9094599485397339,96.36216020584106
i feel like nothing i do will be successful against him and that helpless feeling is super sucky and counterproductive,1,joy,Parang wala akong magagawa para matalo siya at sobrang nakakabigo at nakakasira ng konsentrasyon ang pakiramdam na iyon.,0.8956772089004517,96.4172911643982
i feel passionate that students should have choice in their reading and that it is my job to encourage a love of reading,1,joy,Nararamdaman kong may pagmamahal ako na dapat may pagpipilian ang mga estudyante sa kanilang pagbabasa at ito ang aking tungkulin na hikayatin ang pagmamahal sa pagbabasa.,0.887056827545166,96.45177268981934
i am very happy and feel loved,2,love,Napakasaya ko at nararamdaman kong mahal ako.,0.8842874765396118,96.46285009384155
i feel impatient but much thanks to nic she knows how to calm to me down,3,anger,"Nararamdaman kong nagmamadali ako ngunit salamat sa malaki kay Nic, alam niyang paano akong mapakalma.",0.8899779319763184,96.44008827209473
i think missy was about to abandon the project all together due to her not feeling like she had enough time but somehow i convinced her to come and finish up the last few songs we needed to have enough material for a full length,1,joy,"Akala ko ay iiwan na ni Missy ang proyekto dahil sa kakulangan ng oras na nararamdaman niya, ngunit sa isang paraan, nakumbinsi ko siyang matapos ang mga huling kanta na kailangan natin para sa isang buong album.",0.8804708123207092,96.47811675071716
i wont face these obstacles and feel like a stressed out mess or worse a mommy failure,0,sadness,"Hindi ko hahaharapin ang mga hadlang na ito at maramdaman ang pagiging isang nababalisa at gulo o mas masahol pa, isang nabigo bilang ina.",0.8787257671356201,96.48509693145752
i feel gentle as if i have let go of so much,2,love,"Nararamdaman kong malambot, parang nagpatawad na ako ng marami.",0.8667587041854858,96.53296518325806
im feeling irritable and sick,3,anger,Nararamdaman kong mairrita at may sakit.,0.8706135749816895,96.51754570007324
i feel lame all i use is color pencils to color pokemon,0,sadness,"Nararamdaman kong bobo, puro lapis lamang ang ginagamit ko para kulayan ang mga PokÃ©mon.",0.8989163637161255,96.4043345451355
i didnt feel as isolated from the world as i did during last years holidays,0,sadness,Hindi ko naramdaman na kasing-iisa sa mundo gaya noong nakaraang taon sa mga pista.,0.8957436680793762,96.4170253276825
i know that this is somewhat strange but i can feel that my cat is very unhappy and it is making me kind of sad,0,sadness,Alam kong kakaiba ito ngunit nararamdaman kong malungkot ang aking pusa at ito'y nagpapaiyak sa akin.,0.8868623375892639,96.45255064964294
i advanced boldly feeling most adventurous at thus doing what everyone had often warned me against,1,joy,"Naglakad ako nang may tapang, napakasaya at napakabighani dahil ginagawa ko ang bagay na madalas akong babalaan ng lahat.",0.8994799852371216,96.40208005905151
im with her most of the time i feel perfectly content,1,joy,"Karamihan sa oras, kasama ko siya at nararamdaman kong lubos akong kontento.",0.8973077535629272,96.41076898574829
ive been reading her blog for years now and i feel like shes my most faithful reader here,1,joy,Binabasa ko na ang kanyang blog nang maraming taon at parang siya ang aking pinaka-tapat na mambabasa rito.,0.835055410861969,96.65977835655212
i feel kind of over entertained,1,joy,Nararamdaman kong medyo sobra nang nasisiyahan.,0.8290665149688721,96.68373394012451
i would give up feeling fucked to feel neutral,3,anger,Bibigyan ko ng pahinga ang pakiramdam na nasira para maramdaman ang kawalan ng damdamin.,0.8618013858795166,96.55279445648193
i feel too mellow to get worked up about anything,1,joy,Nararamdaman kong masyadong mellow para mag-alala tungkol sa kahit ano.,0.8199648857116699,96.72014045715332
im feeling so jaded right now,0,sadness,Napakasawang-sawa ko ngayon.,0.8512715697288513,96.5949137210846
i hear you loud and clear that this is an important issue for you but in the grand scheme of things i cant help but feel that this is so petty,3,anger,"Naririnig kita nang malinaw na mahalaga ito para sa iyo ngunit sa malawak na larangan ng mga bagay-bagay, hindi ko mapigilang maramdaman na ito ay napakaliit.",0.9229069948196411,96.30837202072144
i feel very honored to be part of this team and attending this launch as it definitely was an eye opener and something very new to me,1,joy,Nararamdaman kong lubos na karangalan na maging bahagi ng koponan at dumalo sa paglulunsad na ito dahil tiyak na ito ay isang pagbubukas ng mga mata at isang bagay na lubhang bago sa akin.,0.8634505271911621,96.54619789123535
i feel lame even saying it,0,sadness,Parang tanga nga akong magsalita nito.,0.803557813167572,96.78576874732971
i woke up feeling rather devastated,0,sadness,Nagising ako na parang lubos na nasaktan.,0.8280956745147705,96.68761730194092
i feel like i m always stressed worried or upset about something,0,sadness,"Nararamdaman kong lagi akong stressed, nag-aalala, o nalulungkot dahil sa isang bagay.",0.8184926509857178,96.72602939605713
i feel angered because it makes me feel like somewhat of a liar,3,anger,Nararamdaman kong galit dahil parang sinasabi nito na bahagya akong manloloko.,0.832801103591919,96.66879558563232
i feel so very loved by a href http www,2,love,Nararamdaman kong sobrang mahal ako.,0.8520864248275757,96.5916543006897
once i was caught by thugs aged between,4,fear,"Noong isang pagkakataon, nahuli ako ng mga tulisan na nasa edad na",0.902241587638855,96.39103364944458
i feel fearful of how this sensitive non confrontational driven girl will thrive as an executive in the corporate world,4,fear,"Natatakot akong hindi magtatagumpay ang isang sensitibong babae, na hindi mahilig sa away at hindi direktang nagsasalita, bilang isang ehekutibo sa mundo ng korporasyon.",0.8971021771430969,96.41159129142761
i would also feel threatened by the ease with which private information could permeate the system,4,fear,Magkakaroon din ako ng pakiramdam na nanganganib dahil sa kadalian kung saan maaaring makapasok ang pribadong impormasyon sa sistema.,0.9089285135269165,96.36428594589233
i feel stressed i venture out to photograph nature in any form and that lifts my spirit,0,sadness,Nararamdaman kong stressed kaya lumabas ako para mag-kuha ng litrato ng kalikasan sa kahit anong anyo at iyon ang nagpapaganda ng aking kalooban.,0.8421812057495117,96.63127517700195
i don t know if im just speaking for myself but i feel like we are all becoming more stupid by the day,0,sadness,"Hindi ko alam kung para lang ba sa akin ito, pero parang araw-araw tayong lalong nagiging bobo.",0.8857738375663757,96.4569046497345
i just feel really emotionally drained,0,sadness,Nararamdaman ko lang na sobrang pagod na ako emosyonal.,0.8716267347335815,96.51349306106567
i could feel what was going to happen at the very end but it still startled me,4,fear,Naramdaman ko na ang mangyayari sa huli ngunit nagulat pa rin ako.,0.8756768703460693,96.49729251861572
i now feel as if im doomed to fail my upcoming global regents,0,sadness,"Ngayon, parang nabibilang ako sa mga mapapabagsak sa paparating na global regents.",0.8909241557121277,96.43630337715149
i had planted about trees and was feeling very virtuous hot and thirsty,1,joy,"Nagtanim ako ng mga puno at nararamdaman kong napakabuti ko, ngunit mainit at nauuhaw ako.",0.9541653990745544,96.18333840370178
i feel pained just thinking about it,0,sadness,Nasasaktan ako kahit na isipin ko lang iyon.,0.9046666622161865,96.38133335113525
i usually doubt my self at this point as i feel i should be that amazing housewife who motors all day and has a list of things they can tell theyre husband they did all day while they were at work and i was at home,4,fear,Karaniwan akong nag-aalinlangan sa aking sarili sa puntong ito dahil nararamdaman kong dapat akong maging isang kahanga-hangang asawa na abala sa lahat ng araw at may listahan ng mga bagay na maibabahagi ko sa aking asawa na lahat ay aking nagawa habang siya ay nasa trabaho at ako ay nasa bahay.,0.9246243238449097,96.30150270462036
i feel like i liked it but at the same time i feel let down,2,love,Nararamdaman kong gusto ko ito ngunit sabay-sabay ding nadidismaya ako.,0.897230863571167,96.41107654571533
i understand how unbearable it is to feel like worthless shit all of the time,0,sadness,Naiintindihan ko kung gaano kahirap ang pakiramdam na walang halaga at parang basura araw-araw.,0.8592069149017334,96.56317234039307
i accepted his apology because i feel like he s remorseful for how he treated me,0,sadness,Tinanggap ko ang kanyang paumanhin dahil nararamdaman kong tunay siyang nagsisisi sa paraan ng kanyang pakikitungo sa akin.,0.8950804471969604,96.41967821121216
i feel hated i feel angry i feel very sad i feel like im going to be abandoned i feel angry because i abandoned someone but in reality no one at this age can expect that neither party will be abandoned,3,anger,"Nararamdaman kong kinamumuhian, galit, malungkot, at parang iiwan ako. Galit ako dahil iniwan ko ang isang tao, pero sa totoo lang, walang makakapangako sa ganitong edad na hindi magkakaroon ng pag-iwan sa alinmang panig.",0.8961089849472046,96.41556406021118
i feel that a lot of my life i live in a delicate balance of clean and utter mess,2,love,Nararamdaman ko na marami sa aking buhay ay nabubuhay sa isang maselang balanse ng kalinisan at ganap na gulo.,0.9151737093925476,96.33930516242981
i am feeling a curious sense of relief a lightness that i never thought possible back when sex seemed to be the most desirable of desires and the ultimate act of self validation,4,fear,"Nararamdaman ko ang kakaibang pakiramdam ng pagluluwag, isang kalayaan na hindi ko akalaing posible noon pa man, noong ang sekso ay tila pinakamainam na hangarin at pinakamataas na kilos ng pagpapatunay sa sarili.",0.8450502157211304,96.61979913711548
i feel heartbroken but for some reason not strong enough to say i m finished with him,0,sadness,Nasasaktan ako ngunit tila wala akong lakas ng loob na sabihin na tapos na ako sa kanya.,0.9122364521026611,96.35105419158936
i feel bore and restless,4,fear,Nakakabagot at hindi mapakali ang pakiramdam ko.,0.8623909950256348,96.55043601989746
i wrong or ridiculous to feel pissed,3,anger,Mali o nakakatawa ang magalit.,0.9032013416290283,96.38719463348389
i know and i am eternally torned about it because i feel helpless and useless,0,sadness,Alam ko at ako'y walang hanggang nababalisa tungkol dito dahil nararamdaman kong walang silbi at walang magawa.,0.8965576887130737,96.4137692451477
i feel however that this is my least successful look and one that upon reflection i would change the most,1,joy,"Nararamdaman ko pa rin na ito ang aking pinakamababang tagumpay na hitsura at isa na, pagkatapos kong pag-isipan, ay aking pinakamagugustuhang baguhin.",0.8874252438545227,96.45029902458191
i feel so glad to be home and to find so much had changed and yet nothing had really changed,1,joy,Napakasaya kong makapiling ang aking tahanan at makita na maraming pagbabago ngunit tila wala ring nagbago.,0.9128468036651611,96.34861278533936
i hope the nathan and haley fans droop in there as a result of i feel theyll be terribly glad with the result,1,joy,Sana bumaba ang mga tagahanga ni Nathan at Haley doon dahil siguradong masaya sila sa resulta.,0.9367668032646179,96.25293278694153
i could feel it so lively compared to the noisy and though dead atmosphere of the life down the hill,1,joy,Nararamdaman ko itong napakaligaya kumpara sa maingay at tila patay na kapaligiran ng buhay sa ibaba ng burol.,0.9123581647872925,96.35056734085083
i take things very personally when i feel wronged even little memories stay with me,3,anger,"Napaka-personal ko sa mga bagay kapag nararamdaman kong mali ang ginawa sa akin, kahit maliit na alaala ay nananatili sa akin.",0.8735259771347046,96.50589609146118
i called animesh told him my feelings he was very supportive,2,love,"Tumawag ako kay Animesh, sinabi ko ang aking nararamdaman, at siya ay lubos na sumuporta.",0.8568675518035889,96.57252979278564
i feel rather sympathetic,2,love,Nakaramdam ako ng kaunting awa.,0.8629226088523865,96.54830956459045
im feeling so contented while typing it,1,joy,Napakasaya ko habang ini-type ito.,0.7874765396118164,96.85009384155273
i left the office feeling so relieved,1,joy,Umalis ako sa opisina na sobrang nakahinga ng maluwag.,0.8676849603652954,96.52926015853882
i get to feel all virtuous when i do something like whip out my cloth napkin or reusable shopping bag,1,joy,Nararamdaman kong mabuti at mapagpakumbaba kapag ginagawa ko ang mga bagay tulad ng paggamit ng aking tela na pang-napkin o reusable na bag para sa pagbili.,0.8491834402084351,96.60326623916626
i grit my teeth shook my head and spent the next minutes feeling irritated,3,anger,"Pinipiga ko ang aking ngipin, umiling ako, at ginugol ang mga susunod na minuto sa pagiging nainis.",0.8506267070770264,96.5974931716919
i should not feel afraid we can stop shoulding all over ourselves,4,fear,"Hindi dapat ako matakot, kaya nating ihinto ang pag-iisip na dapat tayo ay ganito o ganoon.",0.9131393432617188,96.34744262695312
i know that i do not feel repressed or a prisoner by the guidelines of the lds church,0,sadness,Alam kong hindi ako nararamdaman na pinipigilan o bilanggo ng mga alituntunin ng Simbahan ng mga Banal sa mga Huling Araw.,0.8791888356208801,96.48324465751648
i feel like i did the last time i had to break up with a lousy boyfriend in so im out of practice like junk,0,sadness,"Parang noong huling naghiwalay ako sa isang masamang nobyo, parang hindi na ako sanay, parang basura na.",0.917535662651062,96.32985734939575
i have been feeling lonely and isolated lately,0,sadness,Nararamdaman kong nag-iisa at malayo sa iba kamakailan.,0.9245624542236328,96.30175018310547
i didnt feel alarmed moreso a feeling of total welcome,4,fear,"Hindi ako nag-alala, kundi naramdaman ko ang ganap na pagtanggap.",0.8772913217544556,96.49083471298218
i like to feel respected by a guy i m with not abused,1,joy,"Gusto kong maramdaman na nirerespeto ako ng isang lalaki na kasama ko, hindi pinaaabuso.",0.9214102625846863,96.31435894966125
i feel so amazed seeing chiangmai,4,fear,Napakaganda ng pakiramdam ko habang nakikita ang Chiang Mai.,0.9176523685455322,96.32939052581787
the day i got to know that i would get a shared dwelling with my boyfriend my parents place was getting a little crowded with my growing bother wanting a room to himself i first felt doubt,1,joy,"Nang malaman kong magkakasama na kami ng boyfriend ko sa isang tirahan, nag-aalinlangan ako dahil medyo puno na ang bahay ng mga magulang ko at ang kapatid kong lumalaki ay gustong magkaroon ng sariling silid.",0.974898099899292,96.10040760040283
i restrain all emotion asked asked her su wen is a laugh said see us smiling at the side maybe the feeling that i am sincere concern for su wen is right,1,joy,"Pinigilan ko ang lahat ng emosyon, tinanong ko siya, ""Su Wen, bakit ka natawa?"" Sabi niya, ""Tingnan mo kami, nakangiti sa tabi. Siguro tama ang pakiramdam na tapat akong nag-aalala kay Su Wen.""",0.9086772203445435,96.36529111862183
i feel more passionate about things too,1,joy,Mas nakakaramdam ako ng pagmamahal sa mga bagay-bagay ngayon.,0.9427222013473511,96.2291111946106
went to a movie with a date,1,joy,Pumunta ako sa sinehan kasama ang aking date.,0.787722647190094,96.84910941123962
i never worry about having to repay you or feel burdened when i couldn t afford something because we always manage to understand and have fun despite being broke which is a lot of the time,0,sadness,"Hindi ako nag-aalala na kailangan kong ibalik ang iyong tulong o maramdaman ang bigat kapag hindi ko kayang bilhin ang isang bagay dahil lagi naman tayong nakakaintindi at nakakapag-enjoy kahit mahirap ang buhay, na kadalasan ang nangyayari.",0.876812219619751,96.492751121521
i am feeling rather low these days but it does not matter for no one cares,0,sadness,Nararamdaman kong medyo malungkot ang mga araw na ito ngunit hindi mahalaga dahil wala namang nag-aalala.,0.9041652679443359,96.38333892822266
i can t help but think that oakwood must feel unwelcome on our campus,0,sadness,Hindi ko mapigilan ang isipin na siguro ay hindi nararamdaman ni Oakwood ang pagtanggap sa aming kampus.,0.8255025744438171,96.69798970222473
i feel a bit afraid of not thin and thin i would like to know is elevated thyroid hormone eat less because of the movement to improve the metabolism or drug but that still in the normal range within the distressed in the end because of hyperthyroidism thin or i was really healthy thin,4,fear,"Natatakot ako na hindi ako payat, at gusto kong malaman kung ang mataas na antas ng hormon ng thyroid ay nagdudulot ng pagbaba ng timbang dahil sa pagkain ng mas kaunti o paggalaw upang mapabuti ang metabolismo, o gamot, ngunit iyon ay nasa normal pa rin na saklaw. Nag-aalala ako sa huli dahil sa hyperthyroidism, payat man ako o tunay na malusog ang aking pagpayat.",0.866864800453186,96.53254079818726
i feel a lot of jaded fans are doing i m rating it based on what i ve seen heard and played,0,sadness,"Nararamdaman kong maraming nabigo nang mga tagahanga ang nagsasabing i-rate ko ito batay sa aking nakita, narinig, at nilalaro.",0.8525573015213013,96.5897707939148
i feel ecstatic i feel hyper,1,joy,Nararamdaman kong sobrang saya at sobrang enerhiya.,0.888466477394104,96.44613409042358
i got out of my cab at the train station feeling firstly quite convinced that there is definitely more method in the madness of flat planet than i first thought when i visited it the day before and secondly that this had to be one of the scariest telephone interviews i ve ever conducted,1,joy,"Lumabas ako ng aking taxi sa istasyon ng tren, na unang-una'y lubos na kumbinsido na may tiyak na mas maraming sistema sa kalokohan ng patag na planeta kaysa sa aking unang iniisip noong bisitahin ko ito kahapon, at pangalawa, na ito ay dapat isa sa pinakakatakot na pakikipanayam sa telepono na aking isinagawa.",0.8894365429878235,96.4422538280487
when i hooked a girl in kitwe she was very beautiful for my standards,1,joy,"Nang nakilala ko ang isang babae sa Kitwe, siya ay napakaganda sa aking paningin.",0.8886005878448486,96.4455976486206
i hold it for a day my arm will feel numb and paralysed,0,sadness,"Isang araw akong humawak nito, mamamanhid at paralisado ang aking braso.",0.9126090407371521,96.34956383705139
i am sorry amma if i made you feel bad but i was being honest,0,sadness,"Pasensya na, Amma, kung nasaktan kita pero totoo naman ang sinabi ko.",0.8610918521881104,96.55563259124756
i feel absolutely elegant in my white coat and now i have a cheaper version that i m not as worried about getting dirty,1,joy,Nararamdaman kong lubos na elegante sa aking puting baro at ngayon ay mayroon akong mas mura pang bersyon na hindi na ako gaanong nag-aalala na makalat.,0.9295172691345215,96.28193092346191
i have a feeling that it is in canada where she ll find her prince charming,1,joy,May kutob akong doon sa Canada niya makikita ang kanyang prinsipe.,0.7936090230941772,96.82556390762329
i feel alone all the time and he just happened to be there,0,sadness,Lagi akong nakakaramdam ng pag-iisa at siya ay basta't naroon.,0.9158802628517151,96.33647894859314
i met a really cute girl who i feel kind of fond for today and normally girls are really complex to me but i can just be myself around her,2,love,"Nakilala ko ngayon isang sobrang bait na babae na parang may nararamdaman ako, at karaniwan ang mga babae ay mahirap para sa akin, pero sa kanya, kaya kong maging ako mismo.",0.8610622882843018,96.5557508468628
i feel that daddy is appreciative and grateful to us all given the circumstances in taking care to release him into his final resting place,1,joy,"Nararamdaman kong nagpapasalamat at nagbibigay-pugay si Daddy sa amin lahat sa mga pangyayari, lalo na sa pag-aalaga at pagpapalaya niya sa kanyang huling hantungan.",0.9479684829711914,96.20812606811523
i drank a lot and i got my hands on all sorts of drugs but most of the pain im feeling today can be blamed on lack of sleep and the hours we spent walking around atlanta,0,sadness,Uminom ako ng marami at nakakuha ako ng iba't ibang droga ngunit karamihan sa sakit na nararamdaman ko ngayon ay dahil sa kakulangan ng tulog at sa mga oras na ginugol namin sa paglalakad sa paligid ng Atlanta.,0.9618303775787354,96.15267848968506
im already feeling very loved today and its not even noon,2,love,Nararamdaman ko nang lubos ang pagmamahal ngayon at hindi pa nga tanghali.,0.8865420818328857,96.45383167266846
i wondered if inside there was more of that initial warmth i felt that poignant piercing penetrating feeling that despite being a figment of the computer suspiciously felt pleasant,1,joy,"Nag-isip ako kung mayroon pang katulad ng unang init na naramdaman ko, ang matalas, nakakapukaw, at nakakapasok na pakiramdam na kahit kathang-isip lamang mula sa kompyuter ay tila nakakagaan.",0.905407190322876,96.3783712387085
i feel a bit optimistic some days,1,joy,"Minsan, nararamdaman kong medyo optimistiko.",0.8241212368011475,96.70351505279541
i feel pretty shy right now and i dont know why,4,fear,Nararamdaman kong medyo nahihiya ako ngayon at hindi ko alam kung bakit.,0.8961851596832275,96.41525936126709
i have tried sometimes to spend time with them to make them feel less miserable in school and have usually had my offers thrown back in my face,0,sadness,"Minsan ay sinusubukan kong gugulin ang oras kasama nila upang maibsan ang kanilang kalungkutan sa paaralan, ngunit karaniwan ay tinatanggihan ang aking mga alok.",0.8645229339599609,96.54190826416016
i use a small p size amount or p if im feeling generous and massage the milk into my skin in little sections and if i feel an area needs more then i can apply more,2,love,"Gumagamit ako ng kaunting halaga ng p size o p kung masaya ako at pinamumasahe ang gatas sa aking balat sa maliit na seksyon at kung nararamdaman kong kailangan ng isang lugar ng higit pa, maaari akong maglagay ng higit pa.",0.90035080909729,96.39859676361084
i feel disgusted with my jealousy and should stop taking example so offensive,3,anger,Nakakadisgusta sa akin ang aking inggit at dapat kong tigilan ang pagkuha ng halimbawa na ganoon kasakit.,0.8387629985809326,96.64494800567627
i live this amorphous lifestyle the less i will be subjected to these feelings but as of now it feels fantastic to be back in the rhythms of working full time,1,joy,"Gustung-gusto kong mabuhay sa ganitong walang hugis na pamumuhay dahil mas kakaunti ang aking mararamdamang ganitong emosyon, ngunit sa ngayon, napakaganda pakiramdam na bumalik sa ritmo ng pagtatrabaho nang buo ang oras.",0.9206302165985107,96.31747913360596
i liked the family feeling and the characters but i thought ryder and hope could have been more passionate,2,love,"Gustung-gusto ko ang pakiramdam ng pagiging pamilya at ang mga karakter, pero sa tingin ko mas mapagmahal pa sana sina Ryder at Hope.",0.9329869747161865,96.26805210113525
i miss yall miss your comments and feedback and feel a little resentful that id had to shut it off due to a few bad apples to folks who just dont understood much as i might be baffled as well by their lives,3,anger,"Namimiss ko kayo, ang inyong mga komento at feedback, at medyo nagagalit na kailangan kong patayin ito dahil sa ilang masasamang tao na hindi maintindihan gaya ko, at baka ako rin ay mabigla sa kanilang buhay.",0.7648524045944214,96.94059038162231
i didn t feel very reassured by her tone but i understand this is a big shock and adjustment for everyone,1,joy,"Hindi ako lubos na nakaramdam ng kaginhawahan sa kanyang tono, ngunit nauunawaan kong malaking gulat at pagbabago ito para sa lahat.",0.9198038578033447,96.32078456878662
i have a feeling he will just follow sweet luke around everywhere he goes when he does,2,love,May kutob akong susundan niya lang si Luke na matamis saan man siya pumunta.,0.8615826368331909,96.55366945266724
i dont know if he ever cheated on me but it does looked like it cause he has known her for years and i appear in his life around that time and it makes me feel mad,3,anger,"Hindi ko alam kung nagsisinungaling ba siya sa akin noon, pero parang ganoon nga dahil kilala niya siya nang maraming taon at ako ay pumasok sa buhay niya noong panahong iyon, at ito ay nagpapasigla ng aking galit.",0.9203831553459167,96.31846737861633
im with you when your professor looks at you like a spitball when your friend is dying when you cry into your pillow at night when you feel the dangerous tickles of jealousy luring you down into its lair,3,anger,"Nandito ako sa tabi mo kapag nakatingin ang iyong propesor sa iyo parang bola ng laway, kapag ang iyong kaibigan ay namamatay, kapag umiiyak ka sa iyong unan sa gabi, kapag nararamdaman mo ang mapanganib na kiliti ng inggit na nag-aanyaya sa iyo sa kanyang hukay.",0.9359680414199829,96.25612783432007
i feel about the loss of our beloved dog chewie,2,love,Nararamdaman ko ang pagkawala ng ating minamahal na aso na si Chewie.,0.8804620504379272,96.47815179824829
i feel sad for her,0,sadness,Nakakalungkot para sa kanya.,0.895255446434021,96.41897821426392
i was feeling a bit annoyed but it didnt really affect me very much,3,anger,Naramdaman ko ang kaunting inis pero hindi naman ito lubos na nakaapekto sa akin.,0.8423143625259399,96.63074254989624
i also feel a longing for my country and as i remember my childhood around the gunong ledang mountain i have started a series called puteri gunong ledang evoking all the legends and memories of jungle fairies that still live in my mind,2,love,"Nararamdaman ko rin ang pag-aampon sa aking bayan at habang naaalala ko ang aking pagkabata sa paligid ng Bundok Ledang, nagsimula akong gumawa ng serye na ""Puteri Gunung Ledang,"" na nagpapaalala sa lahat ng alamat at alaala ng mga engkanto ng kagubatan na nananatili sa aking isipan.",0.9480019807815552,96.20799207687378
i know later when i read this ill feel regretful that ive posted such thing and ill be mad at my self,0,sadness,"Alam kong mamaya kapag nabasa ko ito, magdadalawang-isip ako na nag-post ako ng ganitong bagay at magagalit ako sa sarili ko.",0.848378598690033,96.60648560523987
i am feeling happy thank you,1,joy,"Masaya ako, salamat.",0.876583993434906,96.49366402626038
i feel like my parents and i are the only ones who think it is acceptable that i dont know what i want to do with my life and dont feel the need to,1,joy,Parang ako lang at ang aking mga magulang ang naniniwala na tama na hindi ko alam kung ano ang gusto kong gawin sa buhay at wala akong nararamdaman na pangangailangan.,0.9204875230789185,96.31804990768433
i have to admit i was feeling pretty horny nicole,2,love,"Kailangan kong aminin, medyo nagugutom ako, Nicole.",0.8583199977874756,96.5667200088501
i feel burdened by my goals,0,sadness,Nararamdaman kong mabigat ang aking mga mithiin.,0.8987831473350525,96.40486741065979
i was not used to being around such grandeur and i found myself feeling very intimidated,4,fear,Hindi ako sanay sa ganitong kahanga-hangang kapaligiran at nararamdaman kong napakalito ko.,0.8955484628677368,96.41780614852905
i do feel that i need to do something more productive with my days not having the stress of exams has made me feel like i dont have a goal which im working towards if that makes sense,1,joy,Nararamdaman ko na kailangan kong gawin ang isang mas produktibong bagay sa aking mga araw. Ang kawalan ng stress ng mga pagsusulit ay nagpaparamdam sa akin na wala akong layunin na sinusunod.,0.835722804069519,96.65710878372192
i had moved to my own little flat in london and i was struggling to look after myself which made me feel really useless,0,sadness,"Lumipat ako sa sarili kong maliit na apartment sa London at nahihirapan akong alagaan ang aking sarili, kaya nararamdaman kong talagang walang silbi.",0.8700053691864014,96.5199785232544
i legitimately feel less intelligent at the end of the day because of how worthless and stupid it all is like how you feel after sitting through a michael bay movie,1,joy,"Tunay akong nadarama na mas mababa ang katalinuhan ko sa huli ng araw dahil sa kawalan ng halaga at kasinungalingan nito, parang nararamdaman mo pagkatapos manood ng pelikula ni Michael Bay.",0.8709214329719543,96.51631426811218
i have a feeling that somehow this week will go quickly which is splendid because i wouldnt have it any other way for my two favorite men await me at the end of the week ryan and andrew bird of course,1,joy,"May pakiramdam akong mabilis itong linggong ito, na maganda dahil hindi ko gustong iba pa ang mangyari dahil dalawang paborito kong lalaki ang naghihintay sa akin sa dulo ng linggo, si Ryan at si Andrew Bird siyempre.",0.9032255411148071,96.38709783554077
i don t feel groggy or like i can sleep any more this morning,0,sadness,Hindi ako nararamdaman na antok o parang kaya pang matulog ngayong umaga.,0.9316173195838928,96.27353072166443
im feeling so guilty helpless and hopeless,0,sadness,"Nararamdaman kong sobrang may sala, walang magawa, at walang pag-asa.",0.9427241683006287,96.22910332679749
i was very good in the morning as i had been to the gym and done a zumba class followed by half an hour swim which of course i cycled to and from so i was feeling very virtuous,1,joy,"Napakagaling ko sa umaga dahil pumunta ako sa gym at nag-Zumba, saka nag-swimming ng kalahating oras, at siyempre, nag-bike ako papunta at pauwi kaya sobrang mabuti ang pakiramdam ko.",0.85465407371521,96.58138370513916
im not quite sure why and she treated me well but the entire time i was there i got this distinct feeling that she wasnt impressed,4,fear,"Hindi ko sigurado kung bakit, at mabuti ang pakitungo niya sa akin, pero habang nasa tabi niya ako, naramdaman kong hindi siya nasiyahan.",0.8450685143470764,96.6197259426117
i thought of my peers lacking of a few months or a year to vote feeling hopeless as they watch the news and with every click of the refresh button last night,0,sadness,"Naisip ko ang aking mga kapantay na kulang ng ilang buwan o isang taon para bumoto, na parang nawawalan ng pag-asa habang pinapanood nila ang balita at sa bawat pag-click ng pindutan ng pag-refresh kagabi.",0.8872534036636353,96.45098638534546
i feel like i liked my hair much better before i was using a sulfate free brand and i believe i am using a reputable brand,2,love,"Parang mas gusto ko pa ang aking buhok noon bago ako gumamit ng sulfate-free brand, at naniniwala akong ginagamit ko ang isang kilalang tatak.",0.8747431635856628,96.50102734565735
i do find most to be geocentric and i feel we sure do get enough of them,1,joy,Nakikita ko nga na karamihan ay geocentric at sigurado akong sapat na tayo sa kanila.,0.8259000778198242,96.6963996887207
i admit to feeling bitterly surprised at how rapidly they have thrown in the towel,4,fear,Aminado akong mapait na nagulat sa bilis ng kanilang pagsuko.,0.8321617841720581,96.67135286331177
i feel so unimportant it sucks,0,sadness,"Napakasakit, parang wala akong halaga.",0.8251559138298035,96.69937634468079
i suppose we had these moments of feeling vulnerable together and we laughed a lot and i felt very alive,4,fear,"Akala ko'y naranasan natin ang mga sandaling iyon ng pagiging mahina magkasama at maraming tawa, at naramdaman kong lubos na buhay.",0.9236888885498047,96.30524444580078
i remember frequently feeling surprised by the statistic that of the population are hsps given that i almost never came across anyone who was an hsp,4,fear,"Naalala ko na madalas akong nagugulat sa istatistika na isang bahagi ng populasyon ay HSP, dahil halos hindi ko nakilala ang kahit sino na HSP.",0.8360143899917603,96.65594244003296
i feel like highschool is making me unhappy,0,sadness,Parang hindi ako masaya sa kolehiyo.,0.8532345294952393,96.58706188201904
i want to feel happy,1,joy,Gusto kong maramdaman ang kagalakan.,0.831567645072937,96.67372941970825
i just feel like i did last weeks what im loving wednesday post yesterday,2,love,"Parang ginawa ko na noong nakaraang linggo ang aking ""Loving Wednesday"" post kahapon.",0.8430994749069214,96.62760210037231
i feel quite disturbed about the whole thing and to top it off im feeling shame,0,sadness,"Napaka-disturb ng buong pangyayari at para lalong masakit, nararamdaman ko ang kahihiyan.",0.7991580963134766,96.8033676147461
i started sewing more garments i feel like so many popular clothing brands are so cheaply made,1,joy,Nagsimula akong magtahi ng mas maraming damit dahil parang marami sa mga sikat na tatak ng damit ay mura ang kalidad.,0.907778799533844,96.36888480186462
i decided to see if i could locate margaret or jeff as i feel a longing to know how they are,2,love,Nagpasya akong hanapin si Margaret o si Jeff dahil nami-miss ko na sila at gusto kong malaman kung ano na ang kanilang kalagayan.,0.8423866033554077,96.63045358657837
i feel truly blessed to have the opportunity to teach your children and watch them grow,1,joy,Tunay akong binabati ng pagkakatagpo na makapagturo sa inyong mga anak at makita silang lumaki.,0.8864836692810059,96.45406532287598
i know is what you do when someone gets engaged made him feel like they were supporting her marrying someone who doesnt always treat her well,1,joy,"Alam ko iyon, ang ginagawa mo kapag may nagpakasal, para parang sinusuportahan mo siya sa pag-aasawa sa isang taong hindi palaging mabuti sa kanya.",0.8746978044509888,96.50120878219604
i found myself feeling so angry,3,anger,Nadama kong sobrang galit.,0.857550859451294,96.56979656219482
i feel so excited to have made time to blog again,1,joy,Napakasaya ko na nakahanap ako ng oras para muling mag-blog.,0.8826298713684082,96.46948051452637
i feel blessed to be able to see that we didn t do anything,1,joy,Masaya akong makita na hindi tayo nagkasala.,0.9313474297523499,96.2746102809906
i feel these unwelcome guests beginning to take hold of me i will retreat to pray if but only for a moment,0,sadness,"Nararamdaman kong unti-unting nakakapasok ang mga hindi kanais-nais na bisitang ito sa akin, lilisan ko muna upang manalangin kahit sandali lamang.",0.9324761033058167,96.27009558677673
i am also posting this because i am trying to work on the writing i want my students to feel passionate about,1,joy,Ini-post ko rin ito dahil sinusubukan kong pagbutihin ang pagsusulat na gustong-gusto ng aking mga estudyante.,0.853928804397583,96.58428478240967
i feel so useless when im stuck in those situations,0,sadness,Nararamdaman kong lubos na walang silbi kapag nakakulong ako sa mga ganung sitwasyon.,0.8735174536705017,96.505930185318
im typing all of these im blowing my nose and feeling extremely cranky,3,anger,Nagte-type ako ng lahat ng ito habang pinupunasan ang ilong ko at sobrang badtrip.,0.8439468145370483,96.6242127418518
i feel comfortable with it,1,joy,Komportable ako rito.,0.8559606075286865,96.57615756988525
i didnt feel glamorous at all,1,joy,Hindi ako nakaramdam ng glamorous man lang.,0.8351938724517822,96.65922451019287
first anatomy lesson,3,anger,Unang aralin sa anatomiya,0.8638697862625122,96.54452085494995
i feel inside or how that creative person seems to be gone,1,joy,Nararamdaman kong nawala ang aking inspirasyon o parang nawala na ang aking kakayahang maging malikhain.,0.8990800380706787,96.40367984771729
i chat with other parents no great friendships have come out of it yet but it s nice to feel on friendly terms with some of the people i see at school events and around the neighborhood,1,joy,"Nag-uusap ako sa ibang magulang, wala pang malalapit na pagkakaibigan ang lumabas, pero maganda ang pakiramdam na kaibigan sila sa ilan sa mga nakikita ko sa mga school events at sa paligid ng barangay.",0.8825918436050415,96.46963262557983
i hear your still cool several times a day and it makes me feel so cool,1,joy,"Naririnig ko pa rin ang ""cool"" mo ilang beses sa isang araw at nakakaramdam ako ng lamig din.",0.844721794128418,96.62111282348633
i make them feel valued and included even when we don t see each other often that it s one of my superpowers,1,joy,"Ginagawa kong maramdaman nila ang kanilang halaga at pagiging bahagi kahit na hindi kami madalas magkita, isa iyon sa aking mga kakayahan.",0.9156646728515625,96.33734130859375
im feeling ok to say il tough it out at the time it was pretty unpleasant,1,joy,"Mabuti naman ang pakiramdam ko, kaya sasabihin kong kakayanin ko iyon, kahit noong panahong iyon ay medyo hindi maganda.",0.8976776599884033,96.40928936004639
i can remember a year ago yesterday feeling so unsure so scared of what our future held,4,fear,"Matatandaan ko isang taon na ang nakalipas, kahapon, na parang puno ng pag-aalinlangan at takot sa hindi alam na hinaharap natin.",0.9076501131057739,96.3693995475769
i don t think there s a woman around who hasn t felt the angst rosa feels as she deals with the death of her beloved aunt the chasm between her and her father,2,love,"Hindi ko akalaing may babaeng hindi nakaramdam ng pagdurusa ni Rosa habang haharap sa kamatayan ng kanyang minamahal na tiya, at ang malawak na pagitan sa pagitan niya at ng kanyang ama.",0.9459799528121948,96.21608018875122
i feel i am more of innocent and easily getting emotional to silly things,1,joy,Nararamdaman kong mas ako'y inosente at madaling ma-emosyonal sa mga simpleng bagay.,0.8539606332778931,96.58415746688843
i feel reassured and comforted that i will be seeing my oncologist every three months and my surgeon every six months,1,joy,Nakakapatahan at nakakakomportable na makikita ko ang aking onkolohista tuwing tatlong buwan at ang aking siruhano tuwing anim na buwan.,0.8793790340423584,96.48248386383057
i feel it must have been the violent dream i had to snap myself awake from a difficult dream of my mother representing anyone and everyone and self violence universal but beautiful in its metaphor,3,anger,"Nararamdaman kong marahil ang matinding panaginip na iyon ang nagising sa akin mula sa mahirap na panaginip tungkol sa aking ina na kumakatawan sa lahat ng tao at sa sarili, at sa pang-aabuso sa sarili na pandaigdig ngunit maganda sa simbolismo nito.",0.9376500844955444,96.24939966201782
im starting to feel content just being and not talking,1,joy,Nagsisimula akong maramdaman ang kasiyahan sa simpleng pag-iral at hindi pag-uusap.,0.8577632904052734,96.5689468383789
i could bottle this feeling as a weight loss strategy id be rich,1,joy,"Kung kaya kong ilagay ang pakiramdam na ito sa bote bilang estratehiya para mawalan ng timbang, magiging mayaman ako.",0.8493446707725525,96.60262131690979
i think that blogging will be a good way of writing because etries should be short so i won t feel over burdened by the amount of writing i have to do,0,sadness,"Sa tingin ko, magiging magandang paraan ng pagsusulat ang pag-blog dahil dapat maikli ang mga entry kaya hindi ako mabibigatan sa dami ng pagsusulat na kailangan kong gawin.",0.8545114398002625,96.58195424079895
im feeling exhausted,0,sadness,Napapagod na ako.,0.8411645889282227,96.63534164428711
i always seem to have some kind of life upheaval or additional work stress that makes it hard to feel thrilled about the upcoming holidays,1,joy,Lagi akong tila nakakaranas ng ilang uri ng pagbabago sa buhay o dagdag na stress sa trabaho na nagpapahirap para maramdaman ang kagalakan sa darating na pista.,0.8342161774635315,96.66313529014587
i hope you keep handing out books of mormon to those you feel impressed to give them to,4,fear,Sana ipagpatuloy mo ang pagbibigay ng mga aklat ng Mormon sa mga taong nararamdaman mong dapat bigyan.,0.8828045725822449,96.46878170967102
i feel intimidated by your question,4,fear,Natatakot akong sagutin ang iyong tanong.,0.9235815405845642,96.30567383766174
i feel like im rotten and empty inside,0,sadness,Parang nabulok at walang laman ako sa loob.,0.893677830696106,96.42528867721558
i am feeling shaky and tired i feel like i do when i go on a long run without eating and come home and just really wanting a banana or some gatorade,4,fear,"Nararamdaman kong medyo mahinang-hinang at pagod, parang kapag naglalaro ako ng mahabang distansya nang hindi kumakain at pag-uwi ko ay gustong-gusto ko lang kumain ng saging o Gatorade.",0.9379209280014038,96.24831628799438
i feel stupid or overly awkward or less than them,0,sadness,"Nararamdaman kong bobo, o sobra akong nahihiya, o mas mababa sila sa akin.",0.8762185573577881,96.49512577056885
i just feel so useless and utterly worthless,0,sadness,Nararamdaman ko lang na lubos akong walang silbi at walang halaga.,0.889421820640564,96.44231271743774
i feel uncontrollably agitated and i have no idea why,4,fear,Hindi ko mapigilan ang aking pag-aalala at wala akong ideya kung bakit.,0.8876572847366333,96.44937086105347
i want to be able to have someone stop by on a whim and not have to feel ashamed of the and a half inches of dust on my shelves and tv stand,0,sadness,Gusto kong may makakapagpunta kahit biglaan at hindi ako mapahiya sa kalahating pulgada ng alikabok sa mga istante at TV stand ko.,0.9149131774902344,96.34034729003906
i feel like were getting married again it was so romantic and fun,2,love,"Parang ikakasal na naman tayo, sobrang romantiko at masaya.",0.9325964450836182,96.26961421966553
i kept thinking that if i had the right mindset if i put enough effort into pushing away the feelings then i would not be afraid,4,fear,"Lagi kong iniisip na kung may tamang saloobin ako at kung magpupursigi akong itaboy ang mga nararamdaman, hindi na ako matatakot.",0.9050506353378296,96.37979745864868
i feel as though satan doesnt want these one here so im going to be that much more determined to get this out,1,joy,Nararamdaman kong ayaw ni Satanas na maganap ito kaya mas magiging determinado akong ipalabas ito.,0.8786700963973999,96.4853196144104
i have mixed feelings about this book but at least it looks significantly superior to the movie,1,joy,"May halo-halong nararamdaman ako tungkol sa aklat na ito ngunit sa kabutihang palad, mukhang mas mahusay ito kumpara sa pelikula.",0.9014731645584106,96.39410734176636
i feel i can do anything my beloved season calls me hyde count down seasons call a href http bookmark,1,joy,"Nararamdaman kong kaya kong gawin ang lahat ng aking minamahal na panahon ay tatawag sa akin, Hyde, bilangin ang mga panahon, tawagin ang bookmark.",0.7890840768814087,96.84366369247437
i have a neutral feeling about two broke girls because while i like kat denningss deadpan delivery and a href http media,0,sadness,"Wala akong partikular na nararamdaman tungkol sa dalawang mahirap na babae dahil habang gusto ko ang deadpan na paghahatid ni Kat Dennings,",0.8789634704589844,96.48414611816406
i know all art animals are lame and i feel particularly violent about the crabs,3,anger,Alam kong lahat ng mga hayop sa sining ay mahina at lalo akong nagagalit sa mga alimango.,0.8834559321403503,96.4661762714386
i feel hated by jim martin s,3,anger,Nararamdaman kong kinamumuhian ako ni Jim Martin.,0.8625807762145996,96.5496768951416
i am feeling any less submissive,0,sadness,Hindi ako masyadong sumusunod.,0.9088691473007202,96.36452341079712
i am concerned that my gut feeling about not dropping aol that quickly about not trusting verizon was not just paranoia,1,joy,Nag-aalala ako na ang aking hinala na huwag mabilis na iwanan ang AOL at hindi magtiwala sa Verizon ay hindi lamang pagkabalisa.,0.9164263010025024,96.33429479598999
i feel a bit frightened that you are touching my car while i am away repeatedly i ask you to stop putting stuff on it,4,fear,"Natatakot ako na paulit-ulit mong hinahawakan ang aking kotse habang wala ako, at muling humihingi ako na tigilan mo ang paglalagay ng mga bagay dito.",0.9094468951225281,96.36221241950989
i feel extremely boring,0,sadness,Napakaboring ko.,0.713860273361206,97.14455890655518
i want to shout say something dont just smile all the time touch me so i can feel that delicious feeling inside,1,joy,"Gusto kong sumigaw, sabihin ang isang bagay, huwag lang ngumiti lagi, hawakan mo ako para maramdaman ko ang masarap na pakiramdam sa loob.",0.9358147978782654,96.25674080848694
i feel deeply humiliated when i read in ari ben menashe s book entitled profits of war mousavi s friend manuchehr ghorbani is was a cia agent,0,sadness,"Lubos akong nahihiya kapag nabasa ko sa aklat ni Ari Ben Menashe na pinamagatang ""Profits of War"" na ang kaibigan ni Mousavi na si Manuchehr Ghorbani ay isang ahente ng CIA.",0.8733669519424438,96.50653219223022
i feel like im getting barely as much free time here as i do at oxford,1,joy,Parang kakaunti lang ang libre kong oras dito kumpara sa aking oras sa Oxford.,0.8307143449783325,96.67714262008667
i love drink them i love that medicine because i want to be health anymore but my family reaction made me feel so depressed,0,sadness,"Mahal ko uminom nun, mahal ko ang gamot na iyon dahil gusto kong maging malusog na naman pero ang reaksiyon ng aking pamilya ay nagpapaiyak sa akin.",0.9115858674049377,96.35365653038025
i feel so wronged but what can i do,3,anger,Nararamdaman kong lubos akong nagkulang ngunit ano ang magagawa ko?,0.8935288786888123,96.42588448524475
i guess i just need to see how it goes so while im feeling very nervous im also very excited,4,fear,"Siguro kailangan ko lang makita kung paano ito lalabas kaya habang kinakabahan ako, sobrang excited din ako.",0.8708127737045288,96.51674890518188
i feel relaxed whenever i have the privilege to love and serve people,1,joy,Nakakarelaks ako kapag may pagkakataong mahalin at pagsilbihan ang mga tao.,0.8848781585693359,96.46048736572266
im sure that in a couple of months i will be feeling homesick while i skype with my family on thanksgiving and when im working for the first time on december th taiwan has already surprised me with the interesting and enjoyable holidays they have here,0,sadness,"Sigurado akong sa loob ng ilang buwan, mapapadama akong namimiss ang tahanan habang nag-Skype ako sa aking pamilya sa Thanksgiving at habang nagtatrabaho ako para sa unang pagkakataon sa Disyembre. Ang Taiwan ay nagulat na sa akin sa mga nakakatuwang at masayang pista opisyal na kanilang ipinagdiriwang dito.",0.863351047039032,96.54659581184387
i feel irritable or depressed during the course of the day i just stop and think am i too hungry angry lonely or tired,3,anger,"Nararamdaman kong mairrita o malungkot sa paglipas ng araw, huminto ako at isipin, gutom ba ako, galit, nag-iisa, o pagod?",0.8972821235656738,96.4108715057373
i went over my feelings she said i am very fearful and conflicted,4,fear,Sinabi niya na ako ay lubhang natatakot at nag-aalinlangan.,0.8753712177276611,96.49851512908936
i have no better word to describe the way i feel than heartbroken,0,sadness,Walang ibang salita akong mapag-uugnay upang ilarawan ang aking nararamdaman kundi ang nasasaktan.,0.8760643601417542,96.49574255943298
i feel all ecstatic every time i see the new old opening credits on one tree hill a href http twitter,1,joy,Napakaraming saya ko tuwing nakikita ko ang bagong lumang opening credits ng One Tree Hill.,0.8406146168708801,96.63754153251648
i am feeling fairly virtuous,1,joy,Nararamdaman kong medyo mabuti ang aking kalooban.,0.8542094230651855,96.58316230773926
i would still feel unhappy and sad,0,sadness,Magiging malungkot at hindi pa rin masaya ako.,0.9158594012260437,96.33656239509583
i ignored my feelings i ignored myself,0,sadness,"Pinabayaan ko ang aking damdamin, pinabayaan ko ang aking sarili.",0.8900582790374756,96.4397668838501
i listen to the hurricane rain outside the window i feel a little melancholy,0,sadness,"Nakikinig ako sa ulan ng bagyo sa labas ng bintana, nararamdaman ko ang kaunting kalungkutan.",0.9064092040061951,96.37436318397522
i was already packed didn t want to wait around for her to talk to her friend was feeling irritable tired and eventually gave up on trying to go in the first place made me feel more down about my situation,3,anger,"Ako ay handa na, ayaw kong maghintay para makausap niya ang kaibigan niya, nararamdaman ko ang pangungulit at pagod, at sa huli ay sumuko na akong pumasok pa man lang, at ito ay nagpaparamdam sa akin ng mas malalim na pagkabigo tungkol sa aking kalagayan.",0.9236903190612793,96.30523872375488
i feel that the thighs are being stubborn and not going away at the same rate as stomach arms or butt,3,anger,"Nararamdaman kong ang mga hita ay matigas at hindi nawawala nang parehas na bilis gaya ng tiyan, braso, o puwet.",0.8886624574661255,96.4453501701355
i was okay but thats an awful feeling to be falling with no way to stop it maybe thats why to this day im so afraid of falling,4,fear,"Mabuti naman ako noon ngunit nakakatakot ang pakiramdam na bumabagsak nang walang paraan para pigilan ito, marahil iyon ang dahilan kung bakit hanggang ngayon ay natatakot akong mahulog.",0.9322532415390015,96.270987033844
i was feeling abused humiliated and insulted by a search that does not correspond to the code of catsa nor to the criminal code of canada a woman can not perform a body search in a man,0,sadness,"Nararamdaman kong niloloko, pinagmumukhaang kahiya-hiya, at sinisira ang aking dangal dahil sa isang paghahanap na hindi sumusunod sa code ng Catsa o sa kriminal na code ng Canada; isang babae ay hindi maaaring gumawa ng paghahanap sa katawan ng isang lalaki.",0.8828282356262207,96.46868705749512
i do know is that i always feel festive eating outside,1,joy,Alam ko lang na lagi akong nakakaramdam ng pista kapag kumakain sa labas.,0.8782104849815369,96.48715806007385
i am in size now and im afrad its making me feel too complacent with myself,1,joy,Ngayon ako ay nasa tamang sukat at natatakot akong ito ay nagpapasaya sa akin at nagpapabaya sa aking sarili.,0.9034636616706848,96.38614535331726
i feel the need to blog pagetitle from flab to fab,1,joy,Nararamdaman kong kailangan kong mag-blog tungkol sa pagbabago mula sa taba hanggang sa maganda.,0.9099915027618408,96.36003398895264
i feel like it only had created in me a more grumpy state at the meanness around me,3,anger,Nararamdaman kong ito ay nagdulot lamang ng mas magrumpier na estado sa akin dahil sa kasamaan sa paligid ko.,0.8206595182418823,96.71736192703247
i imagine ill eventually migrate to the middle but even alone that feels greedy to me,3,anger,"Iniisip ko na sa huli ay lilipat ako sa gitna, pero kahit mag-isa, parang makasarili na iyon para sa akin.",0.9375631809234619,96.24974727630615
i feel lighter ive got more energy and im loving the rhythm of our days,2,love,"Nararamdaman kong mas magaan, mayroon akong mas maraming enerhiya, at nasisiyahan ako sa ritmo ng ating mga araw.",0.8762544393539429,96.49498224258423
when i almost walked on a snake,4,fear,Nang halos maglakad ako sa isang ahas.,0.9161455631256104,96.33541774749756
i did say she could but its just a bit annoying and it reminds me that im really unfit and that i have no determination and then i feel really poo and have even less determination so its all a bit of a vicious circle,3,anger,"Sinabi ko nga na pwede siya, pero medyo nakakainis at nagpapaalala sa akin na talagang hindi ako fit at wala akong determinasyon, at saka parang nababawasan pa ang aking determinasyon kaya parang isang walang hanggang ikot na ito.",0.8795524835586548,96.48179006576538
i sometimes feel like the heroine who is never stressed or teary or worn out with all the hardship is pretty shallow,0,sadness,"Minsan, parang kulang sa lalim ang bayaning hindi kailanman nag-aalala, umiiyak, o nabibigo dahil sa mga pagsubok.",0.8618277311325073,96.55268907546997
i am looking forward to a great year in i am feeling very optimistic after a very hard yet busy,1,joy,"Naghihintay ako ng isang magandang taon, puno ng optimismo matapos ang isang mahirap ngunit abalang panahon.",0.8711362481117249,96.5154550075531
i bit my lip as he slightly whispered this will feel weird tell me if i hurt you,4,fear,"Kinagat ko ang aking labi habang mahina niyang bulong, ""Ito ay kakaiba, sabihin mo kung nasasaktan kita.""",0.9032495617866516,96.3870017528534
im still feeling adventurous ill develop the others too,1,joy,"Patuloy pa rin akong mahilig sa pakikipagsapalaran, ipapaunlad ko rin ang iba.",0.9019961357116699,96.39201545715332
i was feeling pretty confused about my future career goals however after seeing how creatively stimulating and fulfilling teaching can be i now feel more confident in pursuing a career in education,4,fear,"Nararamdaman ko ang malaking kalituhan tungkol sa aking mga pangarap sa karera, ngunit matapos makita kung gaano ka-kagiliw-giliw at nakakapuno ng kasiyahan ang pagtuturo, mas naging kumpiyansa na ako sa paghahanap ng karera sa edukasyon.",0.9140111804008484,96.3439552783966
i only get a couple of s i feel that my posts have been useful and when i get comments i am really chuffed,1,joy,"Kapag nakakakuha lang ako ng ilang komento, nararamdaman kong nakatulong ang aking mga post at kapag may mga komento, sobrang saya ko.",0.8710148334503174,96.51594066619873
i feel so much more comfortable when i know all of the details ahead of time,1,joy,Mas komportable ako kapag alam ko na lahat ng detalye nang maaga.,0.8324459791183472,96.67021608352661
i live though it is my husband my children my spirituality my love for nature and my enthusiasm for life that keeps me feeling grounded and happy,1,joy,"Nabubuhay ako kahit na ang aking asawa, mga anak, espirituwalidad, pagmamahal sa kalikasan, at sigasig sa buhay ang nagpapanatili sa akin na nakakahanap ng katatagan at saya.",0.8972467184066772,96.41101312637329
im feeling horrible,0,sadness,Masama ang pakiramdam ko.,0.803732693195343,96.78506922721863
i feel in a total partnership with him and that is precious,1,joy,Nararamdaman kong nasa ganap na pagsasama tayo at iyon ay mahalaga.,0.907112717628479,96.37154912948608
i feel my gorgeous boyfriend throw me up against the wall of the toilet cubicle,1,joy,Nararamdaman kong itinulak ako ng aking magandang nobyo laban sa dingding ng cubicle ng banyo.,0.8889843821525574,96.44406247138977
i got to feel carefree on the ice with the cold air nipping my face,1,joy,Nakaramdam ako ng kalayaan sa yelo habang ang malamig na hangin ay kumukutkot sa aking mukha.,0.916024923324585,96.33590030670166
i need the cantor ministry after you made me feel that they all hated me and supported your views of me,0,sadness,Kailangan ko ng suporta ng kantoryo matapos mong gawing pakiramdam na lahat sila ay nagagalit sa akin at sumasang-ayon sa iyong pananaw tungkol sa akin.,0.926102340221405,96.29559063911438
i have to emphasize the feeling of lost and found,0,sadness,Kailangan kong bigyang-diin ang pakiramdam ng nawala at natagpuan.,0.8746200799942017,96.5015196800232
i could loose my job i would be so f amp ed for xmas i hate xmas i hate holidays i wish they would go away i feel nervous i feel sad what if i disappoint my family my friends,4,fear,"Maaaring mawalan ako ng trabaho, sobrang magagalit ako para sa Pasko. Kinamumuhian ko ang Pasko, kinamumuhian ko ang mga pista. Sana mawala na sila. Nakakakaba at nakakabagabag. Ano kung mapapahiya ko ang aking pamilya at mga kaibigan?",0.9146199226379395,96.34152030944824
i know it will come next week and i will sit in it relish it love it hate it and feel the hurt,0,sadness,"Alam kong darating ito sa susunod na linggo at uupo ako rito, tatamasa, mamahalin, sisihin, at maramdaman ang sakit.",0.862756609916687,96.54897356033325
i ran miles in my old custom orthotics and i still feel fine tonight,1,joy,Naglakad ako ng maraming milya gamit ang aking lumang orthotics at nararamdaman ko pa rin ang aking pagiging maayos ngayong gabi.,0.8627110123634338,96.54915595054626
i cant help feeling like specifically my weight loss plight however successful is boring,1,joy,"Hindi ko mapigilan ang pakiramdam na partikular na ang aking pakikipaglaban sa pagbaba ng timbang, kahit na matagumpay, ay nakakaboring.",0.819371223449707,96.72251510620117
ive been at the lowest ive ever been feeling really shitty about myself,0,sadness,"Napakababa ko na, parang hindi ko na kaya ang sarili ko.",0.8596723079681396,96.56131076812744
i decided to rewrite the fic i was writting known as the return as i feel the writting is match for how talented the writters of fan fic are yes i mean you heartdesire and mentel x core,1,joy,"Nagpasya akong muling isulat ang fic na aking isinulat na ""The Return"" dahil sa tingin ko ang pagsusulat ay nararapat sa talento ng mga manunulat ng fan fic, oo, ibig kong sabihin kayo, heartdesire at mentel x core.",0.7934589982032776,96.82616400718689
i feel so appreciative to have my life to live,1,joy,Napakasaya ko na nabubuhay ako.,0.875394344329834,96.49842262268066
i start to hate the fact that whenever i post anything it would eventually end up with me writing about how lonely i feel because i have no romantic partner whatsoever,2,love,"Nagsisimula akong magalit sa katotohanang kahit ano ang i-post ko, magtatapos pa rin ito sa akin na nagsusulat tungkol sa kung gaano ako nag-iisa dahil wala akong karelasyon.",0.8908731341362,96.4365074634552
i feel he is so talented and so realistic,1,joy,Nararamdaman kong siya ay napakatalento at napakarealistiko.,0.8724152445793152,96.51033902168274
im feeling so distracted recently,3,anger,Nararamdaman kong sobrang nababaliw ang aking konsentrasyon kamakailan.,0.8581610918045044,96.56735563278198
i feel really fucked up still,3,anger,Parang sobrang gulo pa rin ang pakiramdam ko.,0.8808555603027344,96.47657775878906
i can tell you that i feel oddly vulnerable and disjointed and like i just dont want to come out and play a lot of the time,4,fear,"Maaari kong sabihin na nararamdaman kong kakaiba ang kahinaan at pagkahiwalay, at parang ayaw kong lumabas at maglaro ng madalas.",0.8939589262008667,96.42416429519653
i started to feel a sweet feeling of peace,1,joy,Naramdaman ko ang isang matamis na pakiramdam ng kapayapaan.,0.9229450225830078,96.30821990966797
i think i still feel numb,0,sadness,Akala ko'y nararamdaman ko pa rin ang pagkahilo.,0.9013633728027344,96.39454650878906
i am feeling a bit agitated or stressed i find a surprising amount of relief from cleaning and decluttering my house or even just a small space like a closet,4,fear,"Nararamdaman ko ang kaunting pag-aagaw o stress, nakakahanap ako ng malaking ginhawa sa paglilinis at pag-aayos ng aking bahay o kahit isang maliit na lugar tulad ng aparador.",0.9011989831924438,96.39520406723022
i feel a bit safer now in using the motivator that works and trusting that i will be able to use my other motivators and combat other parts of the ed if i am patient and strong,1,joy,Nararamdaman kong mas ligtas na ngayon sa paggamit ng motivator na gumagana at naniniwala na magagawang gamitin ko ang ibang motivator ko at labanan ang ibang bahagi ng ED kung magiging matiyaga at malakas ako.,0.8609920740127563,96.55603170394897
i really needed to hear today i really struggle feeling valuable just staying home i know it is important and that is why i do it but it was great hearing how much my husband values what i do every day,1,joy,"Talagang kailangan kong marinig ngayon, talagang nahihirapan akong maramdaman ang aking halaga habang nasa bahay lang ako. Alam kong mahalaga ito at iyon ang dahilan kung bakit ginagawa ko ito, ngunit nakakatuwa marinig kung gaano pinahahalagahan ng aking asawa ang aking ginagawa araw-araw.",0.8723248243331909,96.51070070266724
i feel but i m trying to be stubborn and ignorant at the same time so that i can keep going,3,anger,"Nararamdaman ko, pero sinusubukan kong maging matigas ang ulo at walang alam nang sabay upang mapagpatuloy ko.",0.8757493495941162,96.49700260162354
i promise to respect my personal boundaries acknowledge that i am a perfect and divine being and that i have the right to say no when i need to without feeling guilty,0,sadness,"Pangako kong irespeto ang aking mga personal na hangganan, kilalanin na ako ay isang perpektong at banal na nilalang, at may karapatan akong tumanggi kapag kailangan ko nang hindi nararamdaman ang pagkakasala.",0.8813414573669434,96.47463417053223
i know lloyd very well he lives in my street and once asked me out im just wondering how i would be feeling if i had accepted him,2,love,"Kilala ko nang mabuti si Lloyd, nakatira siya sa aking kalye at minsan ay nag-alok sa akin ng ligawan. Nagtataka lang ako kung paano ako magiging pakiramdam kung tinanggap ko siya.",0.8667054176330566,96.53317832946777
i still have a lot of my normal symptoms sore boobs constant peeing irritability and irrational feelings a superior sniffer and gag reflex etc,1,joy,"Mayroon pa rin akong maraming karaniwang sintomas tulad ng masakit na dibdib, madalas umihi, pag-iinit ng ulo, at hindi makatwirang damdamin, mas matalas na pang-amoy at pagsusuka.",0.945060133934021,96.21975946426392
i only have a few hours of sleep i still feel i have to stay faithful to my goal,1,joy,"Mayroon akong ilang oras lamang na tulog, ngunit nararamdaman ko pa rin na dapat akong manatili tapat sa aking layunin.",0.918414831161499,96.326340675354
i feel passionate about and dating is,2,love,Masigasig akong nakikibahagi sa pag-date.,0.811363160610199,96.7545473575592
i can feel the sweet euphermal scent of justice,1,joy,Nararamdaman ko ang matamis at nakakabighani amoy ng katarungan.,0.9011468291282654,96.39541268348694
i was left feeling foolish all alone in the rain,0,sadness,"Nabigla ako at parang tanga, nag-iisa sa ulan.",0.9399844408035278,96.24006223678589
i don t get it you ate because you wanted the good sensation that eating provided the full feeling the delicious soporific effect that luscious hazy dreamy state that ice cream gave you and now you re going to put yourself through torture,1,joy,"Hindi ko maintindihan, kumain ka dahil gusto mo ang magandang pakiramdam na ibinibigay ng pagkain, ang kabusugan, ang masarap na nakakatulog na epekto, ang malambot na madilim na panaginip na estado na ibinibigay ng ice cream, at ngayon ikaw ay pipilitin ang iyong sarili na magdusa.",0.9065485000610352,96.37380599975586
im still not feeling too keen on the whole billy dee lee triangle thing partly just because im sold now on the whole lee kara thing but partly also because i havent really bought yet that dee has any true interest in lee past raw attraction,1,joy,"Hindi pa rin ako komportable sa usaping tatsulok na may kinalaman kay Billy Dee Lee, bahagi dahil nabighani na ako sa pagsasama nila ni Lee Kara, ngunit bahagi rin dahil hindi ko pa lubos na pinaniniwalaan na tunay na interesado si Dee kay Lee kundi sa pisikal na pagkahumaling lamang.",0.942818284034729,96.22872686386108
i feel cool reading this book especially when i take it along to read while waiting for a doctors appointment,1,joy,"Nakakakilig basahin itong libro, lalo na kapag dala ko ito habang naghihintay sa appointment sa doktor.",0.7976518869400024,96.80939245223999
i leave sundays feeling utterly drained with not an ounce of anything left to give,0,sadness,"Umalis ako tuwing Linggo na lubos na pagod, wala nang natitira sa akin na maibibigay.",0.8668130040168762,96.5327479839325
i was already nervous about this match but by the time i got there i was simply feeling glad to be alive after a treacherous journey through foul weather,1,joy,"Na-aalala na ako tungkol sa laban na ito ngunit nang makarating ako doon, masaya na lamang akong buhay pa matapos ang mapanganib na paglalakbay sa masamang panahon.",0.9402047395706177,96.23918104171753
i get the feeling that i impressed ecker,4,fear,Nararamdaman kong nakakagulat ako kay Ecker.,0.8674848675727844,96.53006052970886
i used to go to rock festivals in high school to feel accepted and to feel like i belonged within a part of a movement that none of my classmates could relate to because they were too busy listening to their auto tuned bullshit,1,joy,"Noon, pumupunta ako sa mga rock festival sa high school para maramdaman ang pagtanggap at ang pakiramdam na kabilang ako sa isang kilusan na hindi maintindihan ng mga kaklase ko dahil masyado silang abala sa kanilang mga auto-tuned na kalokohan.",0.863788366317749,96.544846534729
i dont want to talk to anyone because it was such a dumb mistake and i feel so miserable already that i dont think i could take someone giving me one of those are you serious,0,sadness,Ayaw kong makipag-usap sa kahit kanino dahil sobrang tanga ng pagkakamali ko at sobrang malungkot na ako kaya siguro hindi ko kaya ang marinig na 'seryosohin mo ba 'yan'.,0.905393123626709,96.37842750549316
im feeling to what im watching and reading beware here be spoilers and music that im loving to listen to,2,love,"Nararamdaman ko ang aking panonood at pagbabasa, mag-ingat dahil may mga spoiler at mga kanta na gusto kong pakinggan dito.",0.8950366973876953,96.41985321044922
im feeling pretty discouraged this morning,0,sadness,Nakakadismaya ang aking pakiramdam ngayong umaga.,0.8674274682998657,96.53029012680054
i love kitties and i kind of feel like spiders are underrated and over hated,0,sadness,"Mahal ko ang mga pusa at sa tingin ko, hindi gaanong pinahahalagahan at labis na kinatatakutan ang mga ahas.",0.9321843981742859,96.27126240730286
i think feeling insulted was a good thing maybe if we all felt insulted and made that clear when someone attacks with a racial religious slur even though it is not aimed at you personally those that made the comment might learn something,3,anger,"Sa tingin ko, maganda na maramdaman ang pagka-insulto, baka kung lahat tayo ay maramdaman ito at ipahayag nang malinaw kapag may nagsalita ng panlalait na may kinalaman sa lahi o relihiyon kahit hindi tayo ang direktang tinutukoy, baka matutunan nila ang isang aral.",0.930261492729187,96.27895402908325
i feel like i have missed out on every single holiday last year so we are hitting it hard this year,0,sadness,Parang na-miss ko lahat ng pista noong nakaraang taon kaya gagawin natin ng bongga ngayong taon.,0.8673620223999023,96.53055191040039
i do love the inverted suspension though its the only one that makes me feel graceful and elegant and sexy,1,joy,"Mahal ko nga ang inverted suspension kahit iyon lang ang nagpaparamdam sa akin na maganda, elegante, at seksi.",0.8775608539581299,96.48975658416748
i could feel myself being pulled in as if some evil vampire wanted to suck me into the pits of hell,2,love,Nararamdaman kong hinihila ako parang masamang vampiro na gustong ihulog ako sa impiyerno.,0.9124791622161865,96.35008335113525
i am healthier when i don t feel horny often i m not as sexually frustrated,2,love,"Mas malusog ako kapag hindi ako madalas maramdaman ang pagnanasa, hindi rin ako gaanong nagiging sekswal na nababagabag.",0.8692622184753418,96.52295112609863
i feel like everything i have ever valued is now stripped,1,joy,Parang nawala na ang lahat ng aking pinahahalagahan.,0.9099486470222473,96.36020541191101
i keep feeling like i should pinch myself to make sure its real because the sheer quantity of awesomeness im about to receive is amazing,1,joy,Parati akong nadarama na dapat kitang saktan para matiyak na totoo ito dahil ang dami ng kahanga-hangang bagay na aking matatanggap ay kamangha-manghang.,0.8535662889480591,96.58573484420776
i wont go on into a full in depth review of it just say why i feel its the superior version,1,joy,"Hindi ako magbibigay ng detalyadong pagsusuri, sasabihin ko lang bakit sa tingin ko ito ang mas mahusay na bersyon.",0.8605537414550781,96.55778503417969
i am still feeling some low energy and effects of stress,0,sadness,Nararamdaman ko pa rin ang kaunting pagod at epekto ng stress.,0.8706634640693665,96.51734614372253
i end the day feeling hopeful and relaxed,1,joy,Nagtatapos ako ng araw na puno ng pag-asa at katahimikan.,0.9136450290679932,96.34541988372803
i get the feeling hes pretty proud of his work,1,joy,Nararamdaman kong ipinagmamalaki niya ang kanyang gawa.,0.9037265181541443,96.38509392738342
i generally don t eat a lot of junk it is mostly stress eating but as i become more comfortable with the child care i am feeling less stressed and eating less junk,3,anger,"Karaniwan, hindi ako kumakain ng maraming junk food. Kadalasan, stress eating ako pero habang mas nakakakomportable ako sa pag-aalaga ng bata, nararamdaman kong mas kaunti ang stress ko at mas kaunti rin ang junk food na kinakain ko.",0.8329081535339355,96.66836738586426
i feel exhausted drained this conversation has really taken it out of me,0,sadness,"Napapagod na ako, nilalason na ang aking enerhiya, talagang pinagod ako ng usapang ito.",0.849608838558197,96.60156464576721
i get to that point i often feel i have nothing to lose so i will try anything and that playful approach often takes me to the next level or it is a good time for a nap,1,joy,"Nang marating ko ang puntong iyon, madalas akong makaramdam na wala na akong mawawala kaya subukan ko ang kahit ano, at ang ganitong palaro ay madalas akong dalhin sa susunod na antas o magandang panahon para matulog.",0.9088015556335449,96.36479377746582
i made an appointment with a friend to drink coffee togehter however,3,anger,Nag-schedule ako ng appointment sa kaibigan ko para magkape ngunit,0.8910235166549683,96.43590593338013
i feel bad not giving due credit,0,sadness,Nakakabagabag sa akin na hindi nagbibigay ng nararapat na pagkilala.,0.8890748023986816,96.44370079040527
i feel to be the five most important holiday films of all time,1,joy,Nararamdaman kong ang limang pinakamahalagang pelikula ng pista sa lahat ng panahon.,0.8889981508255005,96.444007396698
i don t want anyone to feel inhibited if their bodies are not typical ballet bodies,4,fear,Ayaw kong maramdaman ng kahit sino na nahihiya kung hindi tipikal ang kanilang katawan para sa balet.,0.8251919150352478,96.69923233985901
i feel so disgusted and ashamed of myself,3,anger,Napakasuklam at napakalungkot ko sa aking sarili.,0.904321551322937,96.38271379470825
i feel like i instantly became an addison reed super collector hours ago,1,joy,Parang biglang naging super kolektor ako ng mga gamit ni Addison Reed ilang oras na ang nakalipas.,0.8653407096862793,96.53863716125488
i feel passionate about,2,love,Nararamdaman kong mayroon akong malalim na pagmamahal sa.,0.9067773222923279,96.37289071083069
i dont like about coldstone is i feel like everything i get is waaaaayyyy too sweet but i think that choices does a good job of making delicous creations without giving you that creaminess overload,2,love,Ayaw ko sa Cold Stone kasi parang lahat ng kinukuha ko sobrang matamis pero sa tingin ko mas maganda ang Choices sa paggawa ng masarap na mga likha nang hindi nagbibigay ng sobrang krema.,0.9110761880874634,96.35569524765015
i feel as sweet as a centuries old cake,1,joy,Nararamdaman kong kasing-matamis ng isang cake na ilang siglo nang matanda.,0.9355002641677856,96.25799894332886
i can still recall the feeling of peacefulness her tender smile and warm hands,2,love,Makikita ko pa rin ang pakiramdam ng katahimikan sa kanyang mahinang ngiti at mainit na kamay.,0.9165928363800049,96.33362865447998
im currently getting out a bit from reality exams amp works and feeling glad ever since theres only more subjects left,1,joy,"Ngayon, medyo nag-i-isolate ako sa realidad ng mga eksamen at trabaho, at masaya ako dahil kakaunti na lamang ang natitirang asignatura.",0.8689610958099365,96.52415561676025
i like the idea of wearing things that are comfortable and make me feel cute,1,joy,Gustung-gusto ko ang ideya ng pagsusuot ng mga bagay na komportable at nakakapukaw ng aking pakiramdam na cute.,0.8900776505470276,96.43968939781189
i feel very satisfied to have gone through this challenge,1,joy,Napakasaya ko dahil nakayanan kong harapin ang hamon na ito.,0.8644366264343262,96.5422534942627
i have a feeling he is much more talented than i am,1,joy,Nararamdaman kong mas talentoso siya kaysa sa akin.,0.8441448211669922,96.62342071533203
i will try not to feel rushed along with others or busy myself with this or that,3,anger,Susubukan kong hindi magmadali kasama ng iba o magpapagod sa mga bagay-bagay.,0.8621542453765869,96.55138301849365
i am feeling good and the runs feel normal,1,joy,Mabuti ang pakiramdam ko at normal ang pakiramdam ng aking pagtakbo.,0.9393863677978516,96.2424545288086
i could feel my body start to shake with nervous anticipation,4,fear,Nararamdaman kong nagsisimula nang makitang-kitang ang aking katawan dahil sa kaba at pag-asang maganap ang lahat.,0.893925666809082,96.42429733276367
i feel selfish at times for wanting an escape from my day to day as i feel like i should be thinking of the kids and taking them some where instead,3,anger,"Minsan, nadarama kong makasarili dahil gustong maglayas sa pang-araw-araw kong buhay, parang dapat akong mag-isip ng mga bata at dalhin sila sa kahit saan.",0.9282988905906677,96.28680443763733
i sometimes feel very vulnerable,4,fear,"Minsan, nadarama kong sobrang mahina.",0.8595860600471497,96.5616557598114
i sometimes had the feeling she wasn t being entirely truthful with me about things she had no reason to lie about,1,joy,"Minsan, nararamdaman kong hindi siya ganap na tapat sa akin tungkol sa mga bagay na wala siyang dahilan para ikubli.",0.8753093481063843,96.49876260757446
i stop being so reactive every little time i feel wronged or sense wrong in the universe,3,anger,Tumitigil na akong maging sobrang reaktibo tuwing nararamdaman kong maliit na mali o mali sa mundo.,0.8766642808914185,96.49334287643433
i frantically try to get it done and now feel frantic as i walk in the studio,4,fear,Mabilis akong nagsisikap matapos ito at ngayon ay nararamdaman ko ang kaba habang papasok sa studio.,0.8664016127586365,96.53439354896545
im kind of at a stage whereby im feeling disillusioned about being myself,0,sadness,Parang nasa yugto ako ngayon kung saan nabibigo akong tanggapin ang aking sarili.,0.8908384442329407,96.43664622306824
i walked away from that encounter feeling blessed too,1,joy,Umalis ako sa pagkakataong iyon na nadarama ang pagpapala rin.,0.8709951043128967,96.51601958274841
i look in the mirror these days i do think i look pretty but i also feel like i look boring at the same time,0,sadness,"Nakatingin ako sa salamin ngayon, iniisip ko na mukhang maganda ako pero parang nakakabagot din ang itsura ko.",0.9166295528411865,96.33348178863525
i am feeling weird and feel wanna know,4,fear,Nararamdaman kong kakaiba at gusto kong malaman.,0.8812828660011292,96.47486853599548
i think i still will be when they arrive and that makes me stress and makes me feel so unhappy,0,sadness,"Akala ko'y mananatili pa rin ako kapag dumating sila, at iyon ang nagdudulot sa akin ng stress at nagpapasaya sa akin ng malungkot.",0.8410211205482483,96.635915517807
i had a feeling i had them but decided to buy them anyway which was a dumb move,0,sadness,"Naramdaman kong meron na ako noon pero bumili pa rin ako, isang maling desisyon.",0.8976393342018127,96.40944266319275
i am feeling somewhat satisfied with myself for finally finishing an apron that i started making for my sisters birthday months ago,1,joy,Nararamdaman kong medyo kontento sa aking sarili dahil natapos ko na ang apron na simula noong mga buwan na ang nakalipas ay aking ginagawa para sa kaarawan ng aking kapatid na babae.,0.8762934803962708,96.49482607841492
i plan on relaxing in the lounge for an hour in front of the tv for a bit of man vs food where i shall feel very virtuous as i swap a late night chocolate bar for a cup of tea whilst watching someone else gorge themselves on disgustingly bad food,1,joy,"Plano kong magpahinga sa lounge ng isang oras sa harap ng telebisyon para manood ng ""Man vs Food,"" kung saan ako'y mararamdaman ang pagiging mabuti habang papalitan ko ang isang tsokolateng bar sa huli ng gabi ng isang tasa ng tsaa habang pinapanood ang iba na kumakain ng sobrang masamang pagkain.",0.8863589763641357,96.45456409454346
i can process everything properly but im feeling more positive and able to resume training,1,joy,Maaari akong magproseso ng lahat nang maayos ngunit nararamdaman kong mas positibo at handang magpatuloy sa pagsasanay.,0.906389057636261,96.37444376945496
i woke up feeling pretty energetic but after i did yoga and had a shower i was really hungry,1,joy,"Gumising ako na parang puno ng enerhiya, pero pagkatapos kong mag-yoga at maligo, sobrang gutom ko na.",0.9345253109931946,96.26189875602722
i equally feel relieved that i was not a hardcore supporter of them and did not post anything big about them in social media because if i had done that i would have had to undergo plastic surgery and change my name today to hide my face,1,joy,"Pantay-pantay akong nakaramdam ng kaluwagan na hindi ako isang matigas na tagasuporta nila at hindi ako nag-post ng kahit anong malaki tungkol sa kanila sa social media dahil kung ginawa ko iyon, kailangan kong magpa-plastic surgery at baguhin ang pangalan ko ngayon para itago ang aking mukha.",0.8710343837738037,96.51586246490479
i cross the finish line i want to feel exhausted and alive at the exact same time,0,sadness,"Nang makarating ako sa linya ng pagtatapos, gusto kong maramdaman ang pagod at buhay sa parehong sandali.",0.8904440402984619,96.43822383880615
im feeling jealous just thinking of you all wrapped up all clean warm and soft,3,anger,"Naiinggit ako kahit na lang isipin kitang nakabalot, malinis, mainit, at malambot.",0.8980188369750977,96.40792465209961
i suddenly feel like some kind of innocent virgin,1,joy,Bigla akong nakaramdam na parang isang inosenteng dalaga.,0.8356158137321472,96.65753674507141
i don t feel like teaching it s simply because there are so many other pleasant things to do that require less effort on my part,1,joy,Hindi ako nadarama na magturo dahil maraming mas kasiya-siyang bagay na magagawa na hindi nangangailangan ng masyadong pagsisikap mula sa akin.,0.8883198499679565,96.44672060012817
i was a tad more jaded stopping the booth rep from reciting his memorized spiel by mentioning that i had been following the unit for a year but came away feeling pretty impressed,4,fear,Naging medyo pagod ako nang pigilan ang booth representative na basahin ang kanyang memorized na pananalita nang banggitin kong sinusundan ko na ang unit nang isang taon ngunit umalis akong nakaramdam ng malaking impresyon.,0.8782705068588257,96.4869179725647
i feel devastated disgusted and betrayed,0,sadness,"Nararamdaman kong lubos na nasasaktan, nababastos, at pinagtataksilan.",0.8864334225654602,96.45426630973816
i feel pretty awful about that,0,sadness,Napakasama ko po talaga dahil doon.,0.87446528673172,96.50213885307312
i feel like i didnt need to grasp onto something comfortable that i was capable of trying something new,1,joy,Nararamdaman kong hindi ko kailangan hawakan ang isang bagay na komportable dahil kaya kong subukan ang bago.,0.8782800436019897,96.48687982559204
i rarely consider the garments i m going to put on every day for the reason that i feel self assured that no matter what i put on my body could make these clothes look excellent,1,joy,Bihirang isipin ko ang mga damit na isusuot ko araw-araw dahil naniniwala akong anumang isuot ko ay maganda sa akin.,0.8991119861602783,96.40355205535889
i feel so all alone no ones gonna fix me when im broke how do you cry with inanimate eyes,0,sadness,"Nararamdaman kong sobrang nag-iisa, walang makakapigil sa akin kapag nabigo ako. Paano ako iiyak kung ang mga mata ko'y walang buhay?",0.9234599471092224,96.30616021156311
i feel pretty beaten,0,sadness,Nararamdaman kong medyo pagod na.,0.8365918397903442,96.65363264083862
im now and still addicted to the way living a healthy and fit lifestyle makes me feel energetic confident strong and youthful on a daily basis,1,joy,"Ako ngayon at patuloy na adik sa paraan kung paano ang pamumuhay na malusog at fit ay nagpapasaya sa akin na puno ng enerhiya, kumpiyansa, malakas, at kabataan araw-araw.",0.8325594067573547,96.66976237297058
i feel like this author is a little underrated considering how creative she has written scarlet,1,joy,"Nararamdaman kong medyo hindi pa nabibigyang-pansin ang may-akda na ito, lalo na sa kanyang malikhaing pagsulat ng Scarlet.",0.8043835759162903,96.78246569633484
i stopped looking for a solution to my problem and i stopped feeling like i have to be dissatisfied,3,anger,Tumigil na akong hanapin ang solusyon sa aking problema at tumigil na akong maramdaman na kailangan akong maging hindi kontento.,0.845341682434082,96.61863327026367
i was feeling very passionate and connected to treating the population of kids with sexually maladaptive behaviors,1,joy,Nararamdaman kong lubos ang aking pagmamahal at koneksyon sa pagtulong sa mga bata na may sekswal na hindi angkop na pag-uugali.,0.8787946105003357,96.48482155799866
i have a feeling i will be making a few more architecturally inspired window quilts this summer,1,joy,May pakiramdam akong magkakaroon ako ng ilang karagdagang bintana na may inspirasyon sa arkitektura na mga quilt ngayong tag-araw.,0.9246376752853394,96.30144929885864
i am home again and feeling somewhat the dull girl not sure at all what real life is like anymore after such a short time away amazing how quickly a brain can go on vacation,0,sadness,"Umuwi na ako at medyo parang nawawala ang aking sigla, hindi ko na sigurado kung ano na ang tunay na buhay pagkatapos ng maikling panahon na wala rito. Nakakagulat kung gaano kabilis maaaring magbakasyon ang utak.",0.8903791904449463,96.43848323822021
i would recommend it strongly for any who feel isolated or lonely or even just interested in getting together with people in a still living good old fashioned truly diverse americana kind of way,0,sadness,"Malakas kong ire-rekomenda ito para sa mga nakaramdam ng pag-iisa o kalungkutan, o kahit na interesado lamang sa pagsama-sama ng mga tao sa isang tunay na tradisyonal at iba't ibang paraan ng Amerika.",0.9144629240036011,96.3421483039856
i end up feeling exhausted for all the rest of the day,0,sadness,Nagtatapos ako sa pagod para sa natitirang araw.,0.9042365550994873,96.38305377960205
i feel reluctant in applying there because i want to be able to find a company where i know at least one person,4,fear,Hindi ako komportable mag-apply doon dahil gusto kong maghanap ng kompanya kung saan kilala ko kahit isang tao.,0.8917708396911621,96.43291664123535
i sit here to write i start to dig out my feelings and i think that i am afraid to accept the possibility that he might not make it,4,fear,"Nakaupo ako rito upang sumulat, nagsisimula akong ilabas ang aking damdamin, at iniisip kong natatakot akong tanggapin ang posibilidad na baka hindi na siya gumaling.",0.9112896919250488,96.3548412322998
i am still working on how to get past feeling deprived by saying no to foods that are fat sugar filled,0,sadness,"Patuloy pa akong nagsisikap na makaligtas sa pakiramdam na kulang ako sa pamamagitan ng pagsasabi ng ""hindi"" sa mga pagkain na puno ng taba at asukal.",0.9143396615982056,96.34264135360718
i have a curious feeling that benjamin button is the next forest gump curious case of benjamin button review a href http stayviolation,4,fear,May kakaibang pakiramdam akong si Benjamin Button ang susunod na Forest Gump. Curious Case of Benjamin Button review. [link],0.8528183698654175,96.58872652053833
i feel so relieved but at the same time i feel so lost,1,joy,Nararamdaman kong sobrang nakakagaan pero sabay din na parang nawawala ako.,0.8087156414985657,96.76513743400574
i have no i am super to think but the small pistil says she has been feeling i am very kind very brave have manliness so much is a href http www,1,joy,"Wala akong maisip ngunit ang maliit na pistil ay nagsasabi na nararamdaman niya akong sobrang mabait, matapang, at may lalaki.",0.8408937454223633,96.63642501831055
i think another reason i love concerts is it is the only setting where i feel completely comfortable letting loose,1,joy,"Sa tingin ko, isa pang dahilan kung bakit ko iniibig ang mga konsiyerto ay dahil ito ang tanging lugar kung saan ako tunay na komportable na magpakalaya.",0.8641355037689209,96.54345798492432
i was feeling pressured but it looked awful to have my make up on and my dark wig and then my eye brows look so light,4,fear,"Nararamdaman ko ang presyur ngunit mukhang hindi maganda ang pagkakasuot ko ng make-up, maitim na wig, at ang aking kilay ay mukhang napakaliwanag.",0.9386858940124512,96.2452564239502
i am feeling tranquil today,1,joy,Nakakaranas ako ng katahimikan ngayon.,0.8767427802085876,96.49302887916565
i feel so unimportant right now like i am not worth the time people waste on me i tried to be happy and not seem like something is wrong but i come back to the realization that something is wrong and i feel like i am worthless again,0,sadness,"Nararamdaman kong napakaliit at hindi mahalaga ngayon, parang hindi ako karapat-dapat sa oras na ginugugol nila sa akin. Sinubukan kong maging masaya at hindi magmukhang may mali, pero bumalik ako sa katotohanan na may mali at muli akong nadarama na walang halaga.",0.8966503739356995,96.4133985042572
i have been in a rare organising mode brought on by tomorrows inspection that has made me feel fairly virtuous,1,joy,Nasa kakaibang estado ako ng pag-aayos dahil sa inspeksyon bukas na nagpaparamdam sa akin ng pagiging mabuti.,0.9173826575279236,96.3304693698883
i wish i had the week off too i feel like a mellow week of tidying and cleaning watching old movies and daytime tv with them,1,joy,"Sana ako rin ay may bakasyon ngayong linggo. Parang gusto kong magpahinga at maglinis ng bahay, manood ng mga lumang pelikula at mga palabas sa hapon kasama nila.",0.9128714203834534,96.34851431846619
i arlovski on ufc win i feel really horrible leave a comment,0,sadness,"Pagkatapos ng aking panalo sa UFC, nararamdaman kong lubhang masama. Mag-iwan ng komento.",0.9464102983474731,96.21435880661011
i feel victimized like im getting robbed,0,sadness,"Nararamdaman kong biktima ako, parang ninanakaw sa akin.",0.8591185212135315,96.56352591514587
i hope you don t run around irrationally killing people when you feel threatened like animals do,4,fear,"Sana hindi ka mag-aaksaya ng buhay at magpahamak sa mga tao nang walang dahilan kapag nararamdaman mong may banta, gaya ng ginagawa ng mga hayop.",0.9543794393539429,96.18248224258423
i try and try to keep up with other bloggers and read whats scheduled so that my review goes up close to when everyone elses does but im tired of feeling rushed tired of the pressure that i put upon myself,3,anger,"Sinusubukan kong subukan na abutan ang ibang blogger at basahin ang mga iskedyul upang mailabas ang aking review malapit sa oras ng iba ngunit pagod na ako sa pakiramdam na nagmamadali, pagod na ako sa presyur na aking ipinapataw sa aking sarili.",0.8861761689186096,96.45529532432556
i make a piece that i feel is unsuccessful ill dismantle it and recreate it until i feel like it works,0,sadness,"Gumagawa ako ng isang piraso na sa tingin ko ay hindi matagumpay, bubuwagin ko ito at muling likhain hanggang sa makaramdam ako na gumagana ito.",0.9087702035903931,96.36491918563843
i am sure that i will feel a lot more positive once i am feeling a little more myself but it has been months since i ve known what that means,1,joy,"Sigurado akong mararamdaman kong mas positibo kapag medyo bumalik na ako sa sarili ko, pero mga buwan na ang nakalipas mula nang malaman ko kung ano iyon.",0.9002605676651001,96.3989577293396
i feel like i m in a frantic race with the clock and i can t figure out why,4,fear,Parang nasa isang mabilis at panghuhulagang karera ako laban sa oras at hindi ko maintindihan kung bakit.,0.8984498977661133,96.40620040893555
i feel it is too dangerous to invest in such markets,3,anger,Nararamdaman kong masyadong mapanganib mag-invest sa mga ganitong merkado.,0.8965350389480591,96.41385984420776
i wish i had a pasta dish that combined the beet and rabiola fresca ravioli and the naked pasta i feel like these two dishes encompass the yin and yang or in this case the sweet and savory sides of the perfect summer pastas,1,joy,"Sana may pasta dish akong magawa na pinagsama ang beet at rabiola fresca ravioli at ang naked pasta, parang yin at yang o sa kasong ito, ang tamis at alat na panig ng perpektong pasta sa tag-araw.",0.822665810585022,96.70933675765991
i feel like im half a person at the moment because i cant write and feel assured that what i do write will be there when i get the office program,1,joy,Parang kalahati lang ako ng tao ngayon dahil hindi ako makapag-sulat at hindi ako sigurado na ang aking isusulat ay mananatili kapag nakarating na ako sa opisina program.,0.8703005313873291,96.51879787445068
i said it pops up every once in a while that dread but for the most part i m too busy feeling depressed or elated or a horrible mixture of the two to notice it,0,sadness,"Sinabi ko nga, minsan lumilitaw iyon, ang takot na iyon, pero karamihan sa panahon ay masyado akong abala sa pagiging malungkot o masaya o isang nakakatakot na halo ng dalawa upang mapansin iyon.",0.9163472652435303,96.33461093902588
i wear my perfume i feel elegant and beautiful,1,joy,"Suot ko ang aking pabango, nararamdaman kong elegante at maganda.",0.8396574258804321,96.64137029647827
i hate feeling this loyal to this damned company,2,love,Ayaw kong maramdaman ang ganitong katapatan sa itong pinagmumultuhang kompanya.,0.8441940546035767,96.6232237815857
i feel guilty and sorry to them,0,sadness,Nararamdaman kong may sala ako at humihingi ako ng tawad sa kanila.,0.8771505355834961,96.49139785766602
i had a strange dream last night and woke up today feeling a bit shaken up,4,fear,Nangangarap ako ng kakaibang panaginip kagabi at nagising ako ngayon na medyo kinakabahan.,0.8831876516342163,96.46724939346313
i often feel very angry seeing these things around,3,anger,Madalas akong magalit kapag nakikita ko ang mga bagay na ito.,0.8719651699066162,96.51213932037354
i left the meeting feeling a little hesitant about the situation,4,fear,Umalis ako sa pulong na may kaunting pag-aalinlangan tungkol sa sitwasyon.,0.872921347618103,96.50831460952759
i do really feel treasured by you too,2,love,Tunay akong nadarama ang pagpapahalaga mo sa akin.,0.8515276908874512,96.5938892364502
i strongly feel that these are valuable human resources who could actually take the state in the virtuous cycle of development growth prosperity and general well being,1,joy,"Malakas ang aking paniniwala na ang mga ito ay mahalagang yaman ng tao na maaaring talagang dalhin ang bansa sa isang mabuting siklo ng pag-unlad, paglago, kasaganaan, at pangkalahatang kapakanan.",0.9081496000289917,96.36740159988403
i woke up this morning feeling very agitated at the day coming,3,anger,Gumising ako kaninang umaga na parang napaka-irita ko sa araw na darating.,0.8570075631141663,96.57196974754333
i also feels at times that i am somewhat socially isolated,0,sadness,Minsan din akong nadarama na medyo socially isolated.,0.7783635854721069,96.88654565811157
i also had my first slice of xmas cake today so im feeling very festive,1,joy,Nagkaroon din ako ng unang hiwa ng Pasko cake ngayon kaya sobrang saya ko at parang Pasko na.,0.9202466011047363,96.31901359558105
i feel that chris is not too impressed with my stuff so naturally i hate myself and want on the next plane back to seattle as soon before the showcase as possible,4,fear,Nararamdaman kong hindi masyadong naaaliw si Chris sa mga gawa ko kaya naman ayaw ko sa sarili ko at gustong umuwi sa Seattle sa susunod na byahe hangga't maaari bago ang showcase.,0.832024097442627,96.67190361022949
i cough alot more and feel somewhat irritable at times,3,anger,Madalas akong ubo at minsan ay nararamdaman kong medyo mairrita.,0.9064540266990662,96.37418389320374
i was experiencing a ton of pain in my leg muscles and was feeling hopeless,0,sadness,Nararamdaman ko ang sobrang sakit sa mga kalamnan ng aking binti at nadama kong wala nang pag-asa.,0.9306575059890747,96.2773699760437
a scene in a film in which one man repressed another one by concidence,3,anger,isang eksena sa pelikula kung saan isang lalaki ay hindi sinasadya niyang pinigilan ang isa pa.,0.8862324953079224,96.45507001876831
i have now finished my blanket and am feeling a little free,1,joy,Tapos ko na ang kumot ko at medyo nakakarelaks.,0.8479344844818115,96.60826206207275
i possibly understand what she was feeling i ignored her words ignored my feelings of uneasiness,0,sadness,"Marahil naiintindihan ko kung ano ang nararamdaman niya, ngunit inignore ko ang kanyang mga salita at ang aking sariling pag-aalala.",0.8695701360702515,96.521719455719
i was feeling wednesday night so i wasn t thrilled to be in training again ha,1,joy,Nararamdaman ko ang pagod ng Miyerkules ng gabi kaya hindi ako masyadong nasisiyahan na muli akong nasa training.,0.8548681139945984,96.5805275440216
i feel kind of pathetic that i have such a hard time with this all,0,sadness,Nakakapanibago na mahirap para sa akin ang lahat ng ito.,0.8408526182174683,96.63658952713013
i am lost distraught and mainly at a state of feeling helpless,4,fear,"Naliligaw ako, nababahala, at higit sa lahat, nararamdaman kong walang magawa.",0.9345169067382812,96.26193237304688
i mean when i say i used to feel like an ugly brown pair of shoes ask him to change your mind,0,sadness,"Ibig kong sabihin, kapag sinasabi kong dati akong parang pangit na kayumanggi sapatos, hilingin mo sa kanya na baguhin ang isip niya.",0.9332475662231445,96.26700973510742
i feel like cupcakes might be getting a bit too popular for their own good but i still love me a good red velvet so im not complaining quite yet,1,joy,"Parang masyadong sikat na ang cupcakes para sa kanilang sariling kapakanan, pero mahal ko pa rin ang isang masarap na red velvet kaya hindi pa ako nagrereklamo.",0.857225775718689,96.57109689712524
i feel empty inside iphone wallpaper mobile wallpaper a href http www,0,sadness,"Nararamdaman kong walang laman ang loob ko, parang wallpaper ng iPhone o mobile wallpaper.",0.8676718473434448,96.52931261062622
i feel this is just another clever ploy played by ashraf to attempt to avoid a beating at the hands of pakistani fans,1,joy,Nararamdaman kong ito ay isa lamang matalinong taktika ni Ashraf upang maiwasan ang pagpapagalitan ng mga tagahanga ng Pakistan.,0.8978530168533325,96.40858793258667
i just really feel so curious about whether you and dad have ever been bitten,4,fear,Talagang nais kong malaman kung kayo ni tatay ay may natamong kagat man.,0.8846641182899475,96.46134352684021
i dont think that is true and i have tried to explain my feelings but he replies that if i am submissive to him i wouldnt question his authority on the subject,0,sadness,Hindi ko akalaing totoo iyon at sinubukan kong ipaliwanag ang aking nararamdaman ngunit sinasagot niya na kung susunod ako sa kanya hindi ko itatanong ang kanyang awtoridad sa bagay na iyon.,0.9248929023742676,96.30042839050293
i feel like im gonna be so greedy with him cuz i just love him so much,3,anger,Parang magiging sakim ako sa kanya kasi sobrang mahal ko siya.,0.8728816509246826,96.50847339630127
i feel like crap for being ungrateful,0,sadness,Nararamdaman kong masama ang pakiramdam ko dahil sa aking kawalang-pasalamat.,0.859339714050293,96.56264114379883
i read said to start kick counts after weeks since movements are not very consistent or reliable before then but i had been feeling fairly strong movements and kicks towards the outside so when it changed i didnt know if it was normal or not,1,joy,"Nabasa ko na dapat magsimula ng pagbilang ng mga pagkilos pagkatapos ng ilang linggo dahil hindi pa gaanong konsistent o maaasahan ang mga galaw bago iyon, pero nararamdaman ko nang medyo malakas ang mga paggalaw at mga suntok palabas kaya nang magbago ito, hindi ko alam kung normal ba iyon o hindi.",0.89485102891922,96.42059588432312
i feel quite proud of myself this month as i managed to get through wait for it ten books,1,joy,Napakaganda ng pakiramdam ko sa sarili ko ngayong buwan dahil nakabasa ako ng sampung libro.,0.8550833463668823,96.57966661453247
i feel some people go a little overboard with a cake face or just too much going on and end up looking super unnatural,1,joy,Nararamdaman ko na medyo sobra na ang ginagawa ng ilan sa cake face o masyadong maraming ginagawa hanggang sa mukhang sobrang hindi natural.,0.8918295502662659,96.43268179893494
i ask myself why does the hip hop generation of african americans feel the word nigga is ok,1,joy,"Tanong ko sa aking sarili, bakit nararamdaman ng henerasyon ng hip hop ng mga African American na ang salitang ""nigga"" ay pwede?",0.8511934876441956,96.59522604942322
i understand where they are coming from and why they feel the way they feel and i respect that they have the strength to say what they believe however popular or unpopular it is,1,joy,"Naiintindihan ko kung saan sila nanggaling at bakit sila nakakaramdam ng ganito, at nirerespeto ko na may lakas sila upang sabihin ang kanilang paniniwala kahit na ito ay popular o hindi popular.",0.8846218585968018,96.4615125656128
im lying in bed writing this feeling exceptionally smug about the fact ive got two more days off cos ive got lots of lovely plans,1,joy,"Nakaratay ako sa kama habang sumusulat nito, sobrang kuntento dahil may dalawang araw pang bakasyon ako dahil may maraming magagandang plano.",0.8711084127426147,96.51556634902954
i listen when he tells me he has an ominous feeling but i ignored him this time because i so wanted to see what was down the trail,0,sadness,"Nakikinig ako kapag sinasabi niya na may masamang pakiramdam siya, pero hindi ko siya pinakinggan ngayon dahil sobrang gusto kong makita kung ano ang nasa dulo ng daan.",0.9058263301849365,96.37669467926025
i always feel as if i take something worthwhile away from it not matter how badly it ended,1,joy,Lagi akong nakakaramdam na kinukuha ko ang isang mahalagang bagay kahit pa gaano kasakit ang wakas nito.,0.8879777193069458,96.44808912277222
i am so desperate to save her that i feel i will do anything yet i was so skeptical to consider chemo as i was told by her radiation oncologist initally as well as the internist that nasal sarcoma is not chemo sensitive,4,fear,"Napakasakit ng pakiramdam ko dahil gustong-gusto kong iligtas siya kaya handa akong gawin ang lahat, ngunit noong una, nag-alinlangan ako na isaalang-alang ang kemoterapiya dahil sinabi sa akin ng kanyang radiation oncologist at internist na ang nasal sarcoma ay hindi tumutugon sa kemoterapiya.",0.9012449383735657,96.39502024650574
i feel so blessed to be a part of your days,2,love,Nararamdaman kong sobrang biyaya na maging bahagi ng iyong mga araw.,0.8972941637039185,96.41082334518433
i was actually going from point a to point b but it didn t feel casual like every other night when i was just pretending,1,joy,"Galing ako sa punto A patungo sa punto B, pero hindi ito parang ordinaryong gabi na parang nagpapanggap lang ako.",0.9100921154022217,96.35963153839111
i feel like that wall is boring amp needs a pop of color,0,sadness,Parang boring ang dingding na iyon at kailangan ng kulay para maging mas buhay.,0.9419876337051392,96.23204946517944
i would add when i m feeling optimistic but a perfectly average person,1,joy,Idagdag ko kapag ako'y nakakaramdam ng optimistiko ngunit isang ordinaryong tao lamang.,0.8605448603630066,96.55782055854797
i know that he hasnt even heard what i was saying so it makes me feel unimportant to him,0,sadness,Alam kong hindi niya narinig ang sinasabi ko kaya nararamdaman kong hindi ako mahalaga sa kanya.,0.9087268114089966,96.36509275436401
i am feeling determined to finish that bedroom,1,joy,Nakakaramdam ako ng determinasyon na matapos ang silid-tulugan.,0.8993555307388306,96.40257787704468
i can not help this feeling i am more considerate care of the owner,1,joy,Hindi ko mapigilan ang pakiramdam na mas mapag-ingat ako sa pag-aalaga sa may-ari.,0.8979634046554565,96.40814638137817
i didnt really feel like being thankful,1,joy,Hindi ko talaga naramdaman ang pagiging masaya.,0.8876408338546753,96.4494366645813
i think back i feel like ive been spending a lot of time running around aimlessly unsure of where im going or why im doing this,4,fear,"Naisip ko, parang maraming oras akong ginugol sa pagtakbo nang walang direksyon, hindi sigurado kung saan ako patungo o bakit ko ito ginagawa.",0.8809058666229248,96.4763765335083
i feel guilty leaving an f,0,sadness,Nakakaramdam ako ng sala sa pag-iiwan ng marka na F.,0.8707840442657471,96.51686382293701
i do love life and i do love to laugh and i enjoy the funny side of things because honestly if i dont look at the funny side of things i would spend the majority of my life feeling pissed off over the stupid things that people do,3,anger,"Mahal ko ang buhay at mahal ko tumawa at nasisiyahan ako sa nakakatawang panig ng mga bagay dahil kung totoo, kung hindi ko titingnan ang nakakatawang panig ng mga bagay, gugugulin ko ang karamihan ng buhay ko na galit sa mga bobong bagay na ginagawa ng mga tao.",0.8765864372253418,96.49365425109863
im not completely sure my topic is narrow enough and im feeling apprehensive about being able to find half of my sources in print,4,fear,Hindi ako ganap na sigurado kung sapat na kaunti ang aking paksa at kinakabahan ako na mahanap ko ang kalahati ng aking mga pinagkukunan sa papel.,0.8660145998001099,96.53594160079956
i dream of jeannie i could still feel the violent grip of his hands on my shoulders,3,anger,"Nangangarap ako ng Jeannie, at nararamdaman ko pa rin ang malakas na pagkakahawak ng kanyang mga kamay sa aking mga balikat.",0.8924388885498047,96.43024444580078
i woke up feeling terrific today and my head is so clear,1,joy,Gumising ako ngayon na parang nabubuhay ulit at ang aking isipan ay napakalinaw.,0.879902720451355,96.48038911819458
i begin to feel even more agitated as i realize that keith has detoured for a tourist stop in another small mountain village on the way to xela,3,anger,Lalong nadadagdagan ang aking pag-aalala nang mapagtanto kong pinagdaanan ni Keith ang isang paradahan para sa mga turista sa isang maliit na nayon sa bundok patungo sa Xela.,0.9251152276992798,96.29953908920288
i resented being made to feel like a bad person for not possibly contributing to the better good and to the profits of some unspecified equipment maker,0,sadness,Nagalit ako sa pakiramdam na masama akong tao dahil hindi ko maibibigay ang aking kontribusyon para sa ikabubuti at sa tubo ng ilang hindi tinukoy na tagagawa ng kagamitan.,0.8972762823104858,96.41089487075806
i wish for each one to feel with my loving embrace ready to hold you and pick you up giving you strength to face whatever challenges lie ahead,2,love,"Nais kong maramdaman ng bawat isa ang aking pagmamahal na yakap, handang yakapin at itaas kayo, na nagbibigay lakas upang harapin ang anumang hamon na darating.",0.8834660053253174,96.46613597869873
ive been feeling quite miserable wouldnt be lying,0,sadness,"Napakasakit ng pakiramdam ko ngayon, hindi ako magsisinungaling.",0.8799282312393188,96.48028707504272
i feel like an idiot around my friends target blank rel nofollow title friendfeed img src http dearwendy,0,sadness,Nararamdaman kong tanga kapag kasama ko ang mga kaibigan ko.,0.8715976476669312,96.51360940933228
going to take my driving test,4,fear,Pupunta ako sa pagsusulit ng pagmamaneho.,0.8767101764678955,96.49315929412842
i know myself and see how entrenchedly selfish i can be to feel accepted at the same time is a deeply moving experience and is at the heart of pureland buddhism,1,joy,"Alam ko ang aking sarili at nakikita kung gaano ako makasarili, kaya ang maramdaman ang pagtanggap ay isang lubos na nakakaaantig na karanasan at nasa puso ng Pureland Buddhism.",0.9190058708190918,96.32397651672363
i feel like its resolved whereas before there was some negativity there,1,joy,Nararamdaman kong nalutas na ito samantalang dati ay may negatibong damdamin doon.,0.8820316195487976,96.47187352180481
i do stay though it would be six more months of feeling discontent at times of being here,0,sadness,Mananatili ako kahit na anim pang buwan pa ang pakiramdam ko'y hindi komportable minsan na nandito ako.,0.8882906436920166,96.44683742523193
i have been home for days now and am in a space that i feel comfortable and comforted in,1,joy,Matagal ko nang nasa bahay at nararamdaman kong komportable at nakakapamuhay ang aking paligid.,0.9126750826835632,96.34929966926575
i am not a catholic i certainly don t feel it is my place to take sides on this issue but i am curious how the leadership of the catholic church will mesh with its own people over these issues in the coming years,4,fear,"Hindi ako Katoliko, at tiyak na hindi ko nararamdaman na ang aking lugar ay pumili ng panig sa isyung ito, ngunit ako ay nagtatanong kung paano magkakasundo ang pamumuno ng Simbahang Katoliko sa kanilang mga tao tungkol sa mga isyung ito sa mga darating na taon.",0.929616391658783,96.28153443336487
i needed but i m feeling greedy,3,anger,Kailangan ko ngunit nararamdaman kong makasarili.,0.9208344221115112,96.31666231155396
i see so many people who miss work at the drop of a hat because it s just a job and not very important to their overall being and that s fine but i have to do something that i feel is worthwhile to help me stay on what i deem as a good path,1,joy,"Nakikita ko maraming tao na nagpapabaya sa kanilang trabaho kahit maliit na dahilan dahil para sa kanila ay simpleng trabaho lamang at hindi gaanong mahalaga sa kanilang kabuuan, at iyon ay maayos, ngunit ako ay kailangang gawin ang isang bagay na aking nararamdaman na may halaga upang makatulong sa akin na manatili sa landas na aking itinuturing na mabuti.",0.925532877445221,96.29786849021912
ive avoided thinking about it because i feel hurt just thinking it,0,sadness,Iniwasan kong isipin iyon dahil nasasaktan ako kapag iniisip ko iyon.,0.8999847173690796,96.40006113052368
im feeling a little groggy today after a bit of a late night,0,sadness,Medyo antok ako ngayon matapos ng medyo huli kong gabi.,0.8647726774215698,96.54090929031372
i stood inside the chabad sukkah watching the sunlight filter through the woven schach of the roof and feeling the gentle breeze coming through the open lattice walls i began to relax,2,love,"Nakatayo ako sa loob ng Chabad sukkah, nakamasid sa liwanag ng araw na dumadaan sa pinag-uukit na schach ng bubong at nararamdaman ang malumanay na simoy ng hangin na pumapasok sa mga bukas na pader na may latis. Nagsimulang akong makalma.",0.9135818481445312,96.34567260742188
i feel awkward saying such things,0,sadness,Nakakakaba sabihin ang mga ganitong bagay.,0.8370904922485352,96.65163803100586
i feel some sort of disdain that im ashamed to even verbalize and yet i cant bring myself to deny or convince myself otherwise,0,sadness,"Nararamdaman ko ang isang uri ng pagkapoot na nahihiya akong ilahad, ngunit hindi ko kayang tanggihan o kumbinsihin ang aking sarili na mali ito.",0.8735183477401733,96.5059266090393
i feel confident that my prayer will be granted,1,joy,Naniniwala akong matutupad ang aking panalangin.,0.869944155216217,96.52022337913513
i sometimes feel ashamed that i only care about my imagi nations,0,sadness,"Minsan, nahihiya akong isipin na ang aking mga imahinasyon lamang ang aking pinag-aalala.",0.8755974173545837,96.49761033058167
i dont work its friday and my pink toenails and i feel especially playful so play we will,1,joy,"Hindi ako nagtatrabaho, ngayon kasi Biyernes at ang aking mga pulang kuko sa paa at nararamdaman kong lalo akong masaya kaya maglalaro tayo.",0.9071688055992126,96.37132477760315
i am appalled that i feel violent toward another human being,3,anger,Napakalungkot kong maramdaman ang ganitong karahasan laban sa kapwa tao.,0.9167487025260925,96.33300518989563
i am very glad they came and glad i risked feeling foolish,0,sadness,Napakasaya ko na dumating sila at masaya akong nag-risk na maramdaman ang kahihiyan.,0.8614902496337891,96.55403900146484
i as many others are feeling helpless that we as a world can not hold the grieving parents hands especially the mothers and grandmothers of nigeria as they desperately wait for assistance to have their girls return back home safely and let their laughter ring out through their home once again,4,fear,"Marami, kabilang na ako, ay nadarama ang kawalan ng magawa dahil hindi natin bilang mundo mahawakan ang mga kamay ng mga nagdadalamhatiang magulang, lalo na ang mga ina at lola ng mga batang babae sa Nigeria habang sila'y naghihintay nang lubos ng tulong upang maibalik ang kanilang mga anak sa tahanan nang ligtas at muli silang makarinig ng kanilang tawa sa kanilang mga tahanan.",0.9287223815917969,96.28511047363281
i havent had dinner but im also feeling pretty lethargic so im not sure thats going to happen at all at this point,0,sadness,Wala pa akong hapunan pero medyo pagod din ako kaya hindi ko sigurado kung kakain pa ako ngayon.,0.9187197685241699,96.32512092590332
i usually feel energized i just felt exhausted,0,sadness,"Karaniwan akong nakakaramdam ng enerhiya, pero ngayon ay naramdaman kong pagod.",0.9114313125610352,96.35427474975586
i havent gotten them yet because i still resent paying dollars for a procedure that wasnt fully successful and since i wore glasses for years i feel ive been tortured enough,3,anger,"Hindi ko pa sila natatanggap dahil naiinis pa rin ako sa pagbabayad ng dolyar para sa isang pamamaraan na hindi ganap na matagumpay at dahil nagsuot ako ng salamin nang maraming taon, parang pinaghirapan na ako nang husto.",0.939312756061554,96.24274897575378
im feeling less annoyed with him,3,anger,Nakakaramdam ako ng kaunti nang hindi na galit sa kanya.,0.8728678226470947,96.50852870941162
i feel gracious for the opportunity to make a difference,1,joy,Nararamdaman kong lubos ang pasasalamat sa pagkakataong makapagbigay ng kontribusyon.,0.862712025642395,96.54915189743042
i admit to feeling slightly alarmed that her book was also based on olden sarawak and there seemed to be parallel plot lines to the jugra chronicles,4,fear,Aminado akong medyo kinabahan na ang aklat niya ay batay rin sa sinaunang Sarawak at tila may magkasingkahulugan na mga kwentong pangyayari sa Jugra Chronicles.,0.8445602655410767,96.6217589378357
i hate the feeling that i can t do anything useful,1,joy,Ayaw ko sa pakiramdam na hindi ko magagawa ang kahit anong kapaki-pakinabang.,0.8682715892791748,96.5269136428833
i am feeling a bit miserable or passionate about something its all just in the moment,0,sadness,"Nararamdaman ko ngayon ang kaunting kalungkutan o pag-ibig sa isang bagay, lahat ay depende sa sandali.",0.8873496055603027,96.45060157775879
i was feeling restless no one was home and it was sunny outside,4,fear,"Nararamdaman kong hindi ako mapakali, wala namang tao sa bahay at mainit ang araw sa labas.",0.9331979751586914,96.26720809936523
i feel paranoid because nobody is saying anything,4,fear,Nararamdaman kong paranoiac dahil walang nagsasalita.,0.8564695715904236,96.5741217136383
i am feeling so blessed so happy,1,joy,Napakasaya at napakablessed ko.,0.8342000246047974,96.66319990158081
i feel stupid the pointlessness of the cu,0,sadness,"Nararamdaman kong tanga, walang saysay ang lahat.",0.8524460792541504,96.5902156829834
i feel selfish for that choice i made i just beg that you dont let your love for me go away,3,anger,"Nararamdaman kong makasarili ako dahil sa aking desisyon, sana'y huwag mong hayaang mawala ang iyong pagmamahal sa akin.",0.883784294128418,96.46486282348633
i feel however that this administration is so dangerous i have no moral choice but to speak,3,anger,"Nararamdaman ko, gayunpaman, na napakamapanganib ng administrasyong ito kaya wala akong ibang pagpipilian kundi magsalita.",0.9095464944839478,96.36181402206421
i feel rather disheartened suddenly,0,sadness,Nararamdaman ko ang isang biglaang pagkabigo.,0.8576838970184326,96.56926441192627
ive stamped out old relationships feeling like the distance and time apart would cause people to forget or somehow give enough reason for them to stop caring about me,2,love,"Pinatay ko na ang mga lumang relasyon, parang ang distansya at panahon ang magpapakalimot sa kanila o magbibigay ng sapat na dahilan para tumigil silang mag-alaga sa akin.",0.9006730318069458,96.39730787277222
i feel like a failure like i m so fucked up that i have to be medically managed,3,anger,"Nararamdaman kong nabibigo ako, parang ganun kabulok ako na kailangan ng medikal na pangangalaga.",0.8623335957527161,96.55066561698914
i feel petty jealousy or anger yesterday in the face of my wifes happiness and our decision to chaperone a trip with my sons school,3,anger,Naramdaman ko ang kaunting inggit o galit kahapon habang nakikita ang saya ng aking asawa at ang aming desisyon na maging chaperone sa isang lakbay ng paaralan ng aking mga anak.,0.8631899356842041,96.54724025726318
i know are feeling alone,0,sadness,Alam kong nag-iisa ka.,0.9422500133514404,96.23099994659424
i feel aching all over my body,0,sadness,Masakit ang buong katawan ko.,0.8866353034973145,96.45345878601074
i still get excellent feedback from unlikely people friends of my parents team mates co workers and the support really makes me feel like im doing something worthwhile,1,joy,"Nakukuha ko pa rin ang mahusay na feedback mula sa mga hindi inaasahang taoâmga kaibigan ng aking mga magulang, mga kasamahan sa koponan, mga kasamahan sa trabahoâat ang suporta ay talagang nagpaparamdam sa akin na ginagawa ko ang isang makabuluhang bagay.",0.8957024216651917,96.41719031333923
i will make you feel amazing tonight i need you no,4,fear,"Gagawin kitang maramdaman ang kahanga-hanga ngayong gabi, kailangan kita.",0.8526787757873535,96.58928489685059
i will give proper praise to the amish for being punctual but feel that i should point out that they have never had to finish a game or tv show before they rushed out the door,3,anger,"Bibigyan ko ng nararapat na papuri ang mga Amish dahil sa kanilang pagiging mapanahon, ngunit nararamdaman kong dapat kong banggitin na hindi pa sila kailanman kailangan tapusin ang isang laro o palabas sa telebisyon bago sila mabilis na lumabas ng pinto.",0.8912357091903687,96.43505716323853
i think i was addicted to feeling miserable and inadequate especially through the times in college when my teachers drove me to my own breaking point,0,sadness,"Akala ko'y adik na ako sa pakiramdam ng pagkabalisa at kawalan ng kakayahan, lalo na noong mga panahon sa kolehiyo nang ipinadala ako ng aking mga guro sa aking sariling punto ng pagbagsak.",0.8908221125602722,96.43671154975891
i feel about it has me shocked,4,fear,Nagulat ako sa aking nararamdaman tungkol dito.,0.8764055967330933,96.49437761306763
i wish that the girl he asked to prom had accepted his invitation that way i couldve been heartbroken and done with my feeling for him but now im just so indecisive,4,fear,Sana tinanggap ng babaeng tinanong niya sa prom ang imbitasyon niya para sana ma-heartbreak na ako at matapos na ang nararamdaman ko para sa kanya pero ngayon ay sobrang hindi ako mapagdesisyon.,0.818359375,96.7265625
id never seen before because i had a feeling it would be way too violent for me and guess what i was right great acting impressive directing not a movie i ever want to see again some distractions were welcome,3,anger,"Hindi ko pa nakikita noon dahil may nararamdaman akong sobrang karahasan para sa akin at hulaan mo, tama ako. Magaling ang pag-arte, kahanga-hangang direksyon, hindi isang pelikula na gustung-gusto kong panoorin muli. May ilang paglihis na nagustuhan ko.",0.9088404178619385,96.36463832855225
i feel angry alone unwanted vexed irritable all the time,3,anger,"Lagi akong nakakaramdam ng galit, nag-iisa, hindi hinahanap, naiirita, at mapag-agalit.",0.8620389103889465,96.55184435844421
i feel hateful of everything suddenly,3,anger,Bigla akong nakaramdam ng galit sa lahat ng bagay.,0.8547304272651672,96.58107829093933
i feel humiliated said mohammed hussein a year old factory worker,0,sadness,"""Nahihiya ako,"" sabi ni Mohammed Hussein, isang taong gulang na manggagawa sa pabrika.",0.9378135204315186,96.24874591827393
i thought maybe i can get through this but now today and i am up crying already and feeling incredibly depressed,0,sadness,"Akala ko kaya kong malampasan ito ngunit ngayon, araw na ito, umiiyak na ako at nararamdaman ang sobrang depresyon.",0.8828486204147339,96.46860551834106
i feel a cold coming on or drink a little extra xango juice when i am stiff and sore,3,anger,Nararamdaman kong may lagnat na darating o uminom ng kaunting dagdag na xango juice kapag ako ay tigas at masakit.,0.933480441570282,96.26607823371887
i just read this on yahoo and thought it verrrrrrrryyyy interesting n n n n red may be the color of love for a reason it makes men feel more amorous ntoward,2,love,Nabasa ko lang ito sa Yahoo at naisip kong napakaganda nito. N n n n Pula marahil ang kulay ng pag-ibig dahil sa dahilan na ito ay nagpaparamdam ng mas mapagmahal sa mga lalaki.,0.8655670881271362,96.53773164749146
i often feel dull and empty inside like i m nothing more than a studying machine and yeah i do give myself breaks,0,sadness,"Madalas akong makaramdam ng kawalan at kalungkutan sa loob, parang isang makina lamang na nag-aaral, at oo, binibigay ko rin sa aking sarili ang mga pahinga.",0.8979368209838867,96.40825271606445
i feel like i have an uncomfortable limit,4,fear,Parang may hindi komportableng hangganan ako.,0.8748074173927307,96.50077033042908
i dissect every new fact that comes to surface i feel more disheartened,0,sadness,"Pinag-aaralan ko bawat bagong katotohanan na lumalabas, at lalong nadidismaya ako.",0.9276586174964905,96.28936553001404
i feel popular special and important,1,joy,"Nararamdaman kong sikat, espesyal, at mahalaga.",0.8973734378814697,96.41050624847412
i really want this challenge to be a fun way for everyone to knock a few games off our backlogs without feeling pressured to reach any certain goals,4,fear,Tunay kong nais na maging masaya at nakakatuwang hamon ito para sa lahat upang tapusin ang ilang mga laro sa ating backlog nang hindi nadarama ang presyur na makamit ang partikular na layunin.,0.8396424055099487,96.6414303779602
i feel defective because i can t,0,sadness,Nararamdaman kong may mali sa akin dahil hindi ako makapag-,0.8623136281967163,96.55074548721313
i feel comfortable running two miles i shouldnt have a problem running,1,joy,"Komportable akong tumakbo ng dalawang milya, hindi dapat magkakaroon ako ng problema sa pagtakbo.",0.9124748706817627,96.35010051727295
i am feeling grumpy i put this on,3,anger,Masama ang pakiramdam ko kaya isinusuot ko ito.,0.8575290441513062,96.56988382339478
im very very very very sorry i havent been feeling very well,1,joy,"Napakasorry ko, hindi ko nararamdaman ang aking sarili nang maayos.",0.8327748775482178,96.66890048980713
im feeling romantic lately so i decided to go with this nail design,2,love,Nararamdaman kong romantiko kamakailan kaya nagpasya akong gumamit ng ganitong disenyo ng kuko.,0.8219823837280273,96.71207046508789
i was exceptionally hurt by it and i m definitely still feeling the impact when it comes to trusting people,1,joy,Lubos akong nasaktan at tiyak pa rin akong nararamdaman ang epekto nito sa aking pagtitiwala sa mga tao.,0.8876734972000122,96.44930601119995
i feel so honored to have lindo guest starring on this post,1,joy,Nararamdaman kong lubos na karangalan na si Lindo ay magiging espesyal na bisita sa post na ito.,0.8508033752441406,96.59678649902344
i feel like the one who is being blamed and the one who would get upset if problems arose in the future,0,sadness,Nararamdaman kong ako ang sisihin at ako ang magagalit kung may mga problema sa hinaharap.,0.847926139831543,96.60829544067383
i feel really terrific so far,1,joy,Nararamdaman kong sobrang maganda ang pakiramdam ko ngayon.,0.8667259812355042,96.53309607505798
i feel completely shaken up,4,fear,Napakalakas ng aking pagkabigla.,0.9250110983848572,96.29995560646057
i feel lethargic and crave junk food and pop,0,sadness,Nararamdaman kong pagod at gustong kumain ng mga pagkaing hindi malusog at softdrinks.,0.9230414032936096,96.30783438682556
i always jumble words and letters and i feel like the inhalers i took back in college are the culprit for my brain being permanently damaged,0,sadness,Lagi akong nagkakamali sa pagsasalita at pagsusulat at parang ang mga inhaler na nainom ko noong kolehiyo ang dahilan ng permanenteng pinsala sa aking utak.,0.8919042944908142,96.43238282203674
im temporarily wounded feeling like an idiot and have already missed yoga because of the fall,0,sadness,"Nasugatan ako pansamantala, parang tanga at na-miss ko na ang yoga dahil sa pagbagsak.",0.864098072052002,96.54360771179199
i told justin a couple days ago that im feeling better physically than i have in a while,1,joy,Sinabi ko kay Justin ilang araw na ang nakalipas na mas mabuti na ang pakiramdam ko pisikal kaysa sa nakalipas na ilang panahon.,0.8678114414215088,96.52875423431396
i like about this song is how it feels bouncy and matches tiggers bouncy personality,1,joy,Ang gusto ko sa kanta na ito ay ang pakiramdam nitong malakas at tumutugma sa masiglang personalidad ni Tigger.,0.9213528633117676,96.31458854675293
i feel been accepted and although sip compliant voip services may be used as part of an institution s telephony infrastructure on the desktop and indeed on mobile phones skype probably is the safe mainstream option,1,joy,"Nararamdaman kong tinatanggap ako at bagama't maaaring gamitin ang mga sip compliant voip services bilang bahagi ng telephony infrastructure ng isang institusyon sa desktop at maging sa mga mobile phone, malamang na ang Skype ang ligtas at pangkaraniwang pagpipilian.",0.8406505584716797,96.63739776611328
i would very much like to come back here at a quieter time perhaps or if im feeling a bit brave then maybe during the night,1,joy,"Gusto kong bumalik dito sa isang mas tahimik na oras, o kung magiging matapang ako, baka sa gabi.",0.895629346370697,96.41748261451721
i don t feel any safe,1,joy,Hindi ako nakaramdam ng anumang kaligtasan.,0.9064607620239258,96.3741569519043
i found myself feeling inhibited and shushing her quite a lot,4,fear,Nakaramdam ako ng pagiging maingat at madalas siyang pinipigilan.,0.8705184459686279,96.51792621612549
i feel embarrassed that im doing it because i think people like me insert liberal amount of negative self talk about weight dont do things like this,0,sadness,"Nahihiya ako na ginagawa ko ito dahil sa tingin ko, mga taong katulad ko na naglalagay ng malaking halaga ng negatibong pag-uusap tungkol sa timbang ay hindi gumagawa ng mga bagay na ito.",0.9061591029167175,96.37536358833313
i was able to be myself and not feel pressured to talk in a group so it was in a way better than all the years in secondary school,4,fear,"Nakaramdam ako ng kalayaan na maging ako mismo at hindi nahihiya magsalita sa harap ng grupo, kaya sa isang paraan, mas maganda ito kaysa sa lahat ng taon sa paaralan ng sekondarya.",0.91753089427948,96.32987642288208
i did take a surprise two hour nap this afternoon though and woke up feeling not as exhausted as i did this morning so maybe thats a good sign,0,sadness,Nagising ako kanina ng isang dalawang oras na pagtulog na hindi inaasahan at gumising na hindi gaanong pagod kumpara kaninang umaga kaya marahil magandang senyales iyon.,0.8927222490310669,96.42911100387573
i am trying really hard because i really want to feel faithful and close to him,2,love,Nagsisikap akong husto dahil tunay kong nais maramdaman ang katapatan at pagiging malapit sa kanya.,0.8703206777572632,96.51871728897095
i only feel irritated by it,3,anger,Nagagalit lamang ako dito.,0.8679670095443726,96.52813196182251
i can feel superior on that point,1,joy,Maaari kong maramdaman na mas mataas ako sa puntong iyon.,0.930301308631897,96.27879476547241
i said that dancing makes me feel vaguely elegant,1,joy,Sinabi ko na ang pagsayaw ay nagpaparamdam sa akin ng bahagyang kagandahan.,0.9094302654266357,96.36227893829346
i get what shes saying but on another i feel pissed that she has to have a thick skin to put up with the crap women heap on each other,3,anger,"Naiintindihan ko ang sinasabi niya pero sa kabilang banda, naiinis ako na kailangan niyang magkaroon ng matibay na balat para makayanan ang mga kalokohan na ibinabato ng mga babae sa isa't isa.",0.8845089077949524,96.46196436882019
i am on the write track i feel contented and at peace,1,joy,"nasa tamang landas ako, nararamdaman kong kontento at mapayapa.",0.8720567226409912,96.51177310943604
i didn t want to tell him because arun has these single line solutions to all my problems that leave me feeling extremely dissatisfied,3,anger,Ayaw kong sabihin sa kanya dahil lagi namang may iisang solusyon si Arun sa lahat ng problema ko na nagpapalabas sa akin ng sobrang hindi kasiyahan.,0.8694192171096802,96.52232313156128
i feel like god pooped on me laughed amp then walked away throwing a casual yeah,1,joy,"Parang pinaglalaruan ako ng Diyos, natawa pa siya saka umalis habang sinasabi lang na ""Oo nga.""",0.8939738869667053,96.42410445213318
im moved in ive been feeling kind of gloomy,0,sadness,"Naantig ako, parang malungkot ako lately.",0.8720500469207764,96.5117998123169
i feel terribly burdened to have to deal with the results of it lol,0,sadness,"Napakabigat ng pakiramdam ko dahil kailangan kong harapin ang mga resulta nito, lol.",0.8328295946121216,96.66868162155151
i ended up feelin shitty in mind,0,sadness,Natapos akong magkaroon ng masamang pakiramdam sa isip.,0.8608847260475159,96.55646109580994
i just posted when i reached to someones facebook that i used to think as one of my best friends which makes me feel so shocked and frustrated,4,fear,"Kanina lang, in-post ko sa Facebook ng isang taong dati kong itinuturing na isa sa aking pinakamahusay na kaibigan na nagpapakita ng aking pagkagulat at pagkabigo.",0.8742848634719849,96.50286054611206
i have written i don t know why this would make me feel shy,4,fear,"Isinulat ko ito, hindi ko alam kung bakit ito nagpapasaya sa akin.",0.8930801153182983,96.4276795387268
i am not amazing or great at photography but i feel passionate about it,2,love,"Hindi ako kahanga-hanga o mahusay sa pagkuha ng litrato, pero mayroon akong malalim na pagmamahal dito.",0.9266842603683472,96.29326295852661
i think about it how harmless that insect is i feel pathetic to be so overpowered by fear,0,sadness,"Iniisip ko kung gaano kalambot ang insektong iyon, at nararamdaman kong kaawa-awa dahil napakalakas ng takot ko rito.",0.870728075504303,96.51708769798279
i just feel complacent and not at all like bothering,1,joy,Parang kontento lang ako at wala akong gana mag-abala.,0.8464454412460327,96.61421823501587
i feel like hes trying to be the one to comfort me and help me get over yash which is sooo sweet of him but at the same time it makes me love yash more because he cant compare to yash i feel like i cant trust fateh,2,love,"Parang sinusubukan niyang ako ang pakalmahin at tulungan akong makalimot kay Yash, na sobrang bait niya, pero sa parehong oras, lalo akong umiibig kay Yash dahil hindi siya makapagkasingkahulugan kay Yash. Parang hindi ko mapagkakatiwalaan si Fateh.",0.8888040781021118,96.44478368759155
i remember last summer feeling so overwhelmed,4,fear,"Naalala ko noong nakaraang tag-araw, sobrang pagod at nababalot ako ng damdamin.",0.8635812997817993,96.5456748008728
i drink into my feelings get numb,0,sadness,Iniinom ko ang aking damdamin upang maging madilim.,0.8824031352996826,96.47038745880127
i have to have it done but i feel terrified of another intrusion to my body,4,fear,Kailangan kong gawin ito ngunit natatakot ako sa isa pang pagsalakay sa aking katawan.,0.8963232040405273,96.41470718383789
i am feeling very valued today,1,joy,Nararamdaman kong lubos akong pinahahalagahan ngayon.,0.9122374057769775,96.35105037689209
i know it seems very sudden to everyone but i am not sure how much i can communicate just how comfortable i feel with him how similarly we look at the world and how supportive and loving he has been towards me,2,love,"Alam kong tila biglaan ito para sa lahat ngunit hindi ko sigurado kung gaano ko maipahahayag kung gaano ako komportable sa kanya, kung gaano katulad ang ating pananaw sa mundo, at kung gaano siya mapagkalinga at mapagmahal sa akin.",0.9115475416183472,96.35380983352661
i am starting to feel the strain of not having enough time i did however make up some lost time with a vengeance yesterday and today and got s of the giant granny panties quilted,0,sadness,"Nagsisimula na akong maramdaman ang pagod dahil kulang ang oras ko. Ngunit kahapon at ngayon, nagbayad ako ng utang ng oras nang may sigasig at natapos ko ang malalaking granny panties na pinagtahian.",0.8763913512229919,96.49443459510803
i don t feel resentful i feel guilty,3,anger,"Hindi ako nagrereklamo, nararamdaman ko ang kasalanan.",0.8782191276550293,96.48712348937988
i feel like a whiney lil girl who s keeps whining and psycho ing herself to love studying and start studying,0,sadness,Parang isang maarte at maingay na batang babae ako na patuloy na nagrereklamo at pinipilit ang sarili na mahalin ang pag-aaral at magsimula na mag-aral.,0.907935380935669,96.36825847625732
i miss our talks our cuddling our kissing and the feelings that you can only share with your beloved,1,joy,"Namimiss ko ang ating mga usapan, yakap, halik, at ang mga damdamin na maaari mo lamang ibahagi sa iyong minamahal.",0.874504804611206,96.50198078155518
i feel very low already,0,sadness,Napakababa ko na ng pakiramdam.,0.8806508779525757,96.4773964881897
im more scared of like dramas or thrillers that are actually capable of happening and so leave me feeling disturbed i,0,sadness,Mas natatakot ako sa mga drama o thriller na maaaring mangyari sa totoong buhay at nag-iiwan sa akin ng hindi komportable o nababagabag na pakiramdam.,0.8832735419273376,96.46690583229065
i did feel a connection between the two of them i wasn t convinced they d made it to the love stage yet,1,joy,"Naramdaman ko ang koneksyon nila, pero hindi ako sigurado kung umabot na sila sa yugto ng pag-ibig.",0.8719305992126465,96.51227760314941
i am feeling a little nervous and anxious but never second guessing my decision,4,fear,Nararamdaman ko ang kaunting kaba at pag-aalala ngunit hindi ako nag-aalinlangan sa aking desisyon.,0.8892359137535095,96.44305634498596
i would experience this a number of times later in life but this was my first experience with an icky racism that prevails in all cultures and skin colors around the world it made me feel dirty,0,sadness,"Mararanasan ko ito nang maraming beses sa hinaharap ngunit ito ang aking unang karanasan sa nakakabinging diskriminasyon na umiiral sa lahat ng kultura at kulay ng balat sa buong mundo, at ito ay nagpaparamdam sa akin ng marumi.",0.8919816017150879,96.43207359313965
im not sure why today i feel so horrible,0,sadness,Hindi ko sigurado kung bakit nararamdaman kong sobrang masama ngayon.,0.9108113050460815,96.35675477981567
i didnt feel so hot,2,love,Hindi ako gaanong maganda ang pakiramdam.,0.9188369512557983,96.3246521949768
i want to keep feeling strong yet i cant neglect that feeling inside me a feeling of betrayal somehow,1,joy,"Gusto kong mapanatili ang aking lakas ngunit hindi ko maikakaila ang nararamdaman ko sa loob, isang pakiramdam ng pagtataksil.",0.8884996175765991,96.4460015296936
i am sure that if another group came along that made her feel less like pluto and more like the sun that she would shift her own focus to where her input was valued,1,joy,"Sigurado ako na kung may ibang grupo ang darating na magpaparamdam sa kanya na hindi siya tulad ng Pluto kundi tulad ng araw, lilipat niya ang kanyang pansin kung saan pinahahalagahan ang kanyang ambag.",0.910520076751709,96.35791969299316
i feel assured saying the world could have one heck of a pacesetter on their hands,1,joy,Nakakatiyak akong masasabi na ang mundo ay maaaring magkaroon ng tunay na mabilis at mahusay na halimbawa.,0.9118393659591675,96.35264253616333
i am able to replace fear of people with love for them i feel so much more confident safe happy dare i say invincible,1,joy,"Kaya kong palitan ang takot sa mga tao ng pagmamahal sa kanila. Nararamdaman kong mas maraming tiwala, ligtas, masaya, at kung sasabihin ko man, parang hindi matatalo.",0.8705934286117554,96.51762628555298
i dont want to rely on a guy to pay my bills but at the same time i am a free spirit and i feel like im being punished for being a free spirit,0,sadness,"Ayaw kong umasa sa isang lalaki para magbayad ng aking mga bills ngunit sabay-sabay, isang malayang kaluluwa ako at parang pinarusahan ako dahil sa aking kalayaan.",0.8927692174911499,96.4289231300354
i got a good feeling from the school and i have a lovely class,2,love,May magandang pakiramdam ako sa paaralan at may magandang klase ako.,0.8951035141944885,96.41958594322205
i feel very reluctant to blog during my free period even when my hp is plugged to my laptop for charging making it easy to upload photos online,4,fear,"Nahihirapan akong mag-blog kahit sa libre kong oras, kahit na nakakabit ang aking telepono sa laptop ko para mag-charge, kaya madali sana mag-upload ng mga larawan online.",0.918136477470398,96.32745409011841
i couldnt be entirely satisfied because i longed for a companion i could feel entirely devoted to as i am now,2,love,Hindi ako lubos na nasiyahan dahil nais kong may kasama akong ganap na nakatuon sa akin gaya ng aking pagmamahal ngayon.,0.8874958753585815,96.45001649856567
ive learned an important thing i binge eat to cope with what i cannot control feelings and emotional reactions to situations outside of my control,0,sadness,"Natutuhan ko ang isang mahalagang bagay: kumakain ako nang marami nang sabay-sabay upang harapin ang mga bagay na hindi ko kayang kontrolin, ang mga damdamin at reaksiyon sa mga sitwasyon na nasa labas ng aking kontrol.",0.8929412961006165,96.42823481559753
i get the feeling that my supervising teacher is overwhelmed and may have too many students,4,fear,Nararamdaman kong sobra ang pasanin ng aking guro-tagapangasiwa at baka marami siyang estudyante.,0.9110132455825806,96.35594701766968
ive been feeling very lethargic with the fact that i worked till plus on days that i need to pay back the hours for my lessons days and sleeping at plus every night ever since the beginning of this week,0,sadness,Napakasakit ng pakiramdam ko dahil nagtatrabaho ako hanggang alas-otso sa mga araw na kailangan kong bayaran ang oras para sa aking mga aralin at natutulog ako hanggang alas-otso bawat gabi simula noong simula ng linggo.,0.8563815951347351,96.57447361946106
i get to this store and feeling almost defeated i tell my mom it would be so crazy if they didnt have a printing service,0,sadness,"Nang makarating ako sa tindahan at halos sumuko na, sinabi ko sa nanay ko na kakaiba kung wala silang serbisyo ng pagpi-print.",0.9101672172546387,96.35933113098145
i feel as much disturbed as much a fool as as that dealer in love philters paaker,0,sadness,Nararamdaman ko ang pagkabalisa at pagiging hangal gaya ng isang nagtitinda ng mga gamot sa pag-ibig na si Paaker.,0.8667020797729492,96.5331916809082
i had never read the posts i never would have spent the emotional and mental energy to argue with them in my head or feel irritated by them,3,anger,"Hindi ko pa nababasa ang mga post na iyon, hindi sana ako maglalaan ng emosyonal at mental na enerhiya para pag-usapan sila sa aking isipan o mag-irita dahil sa kanila.",0.9062247276306152,96.37510108947754
i feel certifiably idiotic right now,0,sadness,Nararamdaman kong tunay na bobo ngayon.,0.8680140972137451,96.52794361114502
i joke about her leaving me or tell her that i know shes going to fall in love with the city the country the people and never come back theres a place deep in my mind parallel to the empty sick feeling in my stomach that is terrified she really wont come back,4,fear,"Nagbibiro ako tungkol sa pag-alis niya sa akin o sinasabi ko na alam kong mahuhulog siya sa pag-ibig sa lungsod, bansa, mga tao, at hindi na babalik. May lugar sa malalim na bahagi ng aking isipan, katabi ng walang laman at sakit na nararamdaman ko sa tiyan, na natatakot na talagang hindi siya babalik.",0.9571506381034851,96.17139744758606
i was bursting to feel the inside of this delicious woman s cunt,1,joy,Gusto kong maramdaman ang loob ng masarap na babaeng ito.,0.8747261762619019,96.50109529495239
i have a sick feeling that our hour bus adventure will be in vain,0,sadness,May masamang pakiramdam akong ang aming apat na oras na paglalakbay ay magiging walang kabuluhan.,0.8691956400871277,96.52321743965149
i have also known the pain of feeling worthless too broken too scarred to ever span style mso bidi font size,0,sadness,"Nakaranas din ako ng sakit ng pagkawalang-halaga, masyadong nasira, masyadong may sugat upang muling maibalik.",0.9183039665222168,96.32678413391113
i just take what i feel like would taste delicious and start off,1,joy,Kukunin ko lang ang mga bagay na sa tingin ko ay masarap at sisimulan na.,0.8423116207122803,96.63075351715088
i feel it is important to support young people in their creative endeavors,1,joy,Mahalaga sa akin na suportahan ang mga kabataan sa kanilang mga pagsisikap na maging malikhain.,0.8853220343589783,96.45871186256409
i didnt feel like i missed out one bit,0,sadness,Hindi ko naramdaman na kulang ako kahit papaano.,0.8984687328338623,96.40612506866455
i send good energy and light into the universe it feels good,1,joy,"Ipinapadala ko ang mabuting enerhiya at liwanag sa sansinukob, at nakakagaan ng loob.",0.8919577598571777,96.43216896057129
i was washing the trees hoping it would do some good and concurrently in the general trajectory of my life feeling more and more suspicious of much of the trappings of christianity and even sometimes maybe just kinda or a lot suspicious of its heart and in my head is this song,4,fear,"Naglilinis ako ng mga puno, umaasa na magiging mabuti iyon at sabay-sabay, sa pangkalahatang landas ng buhay ko, lalong nagdududa sa maraming palamuti ng Kristiyanismo at minsan, marahil konti man o marami, nag-aalinlangan din sa puso nito, at sa aking isipan ay tumutunog ang kantang ito.",0.9285566210746765,96.2857735157013
i feel homesick i read this collection of stories,0,sadness,"Na-homesick ako, kaya binabasa ko itong koleksyon ng mga kwento.",0.854630172252655,96.58147931098938
im sharing our school room because im sure im not the only one that struggles or has struggled with school room jealousy of feeling less than perfect,1,joy,Ibabahagi ko ang aming silid-aralan dahil sigurado ako na hindi ako ang tanging isa na nakaranas o nakakaranas ng inggit sa silid-aralan o ng pakiramdam na hindi perpekto.,0.8832046985626221,96.46718120574951
i feel so disappointed,0,sadness,Napakasakit ng aking pagkabigo.,0.8563326597213745,96.5746693611145
i feel like especially in the art world we could all do with a little more reality and little less you fill in the blank,0,sadness,"Nararamdaman ko na lalo na sa mundo ng sining, lahat tayo ay maaaring makinabang sa kaunting katotohanan at kaunting ""ipunan mo ang patlang.""",0.8907148838043213,96.43714046478271
ill admit to feeling very nostalgic when i see photos of my sweet little girl in halloween costumes i made for her and i dream of the day that ill be called upon to fashion a small costume for a grandchild,2,love,"Aminin ko, naaalala ko ang nakaraan nang makita ko ang mga larawan ng aking maliit at matamis na anak na babae sa mga kasuotan ng Halloween na ginawa ko para sa kanya, at nangangarap ako ng araw na tatawagin akong gumawa ng maliit na kasuotan para sa apo.",0.8816348314285278,96.47346067428589
i feel rubbish today having a bad cold and cough really isn t ideal and the thought of attempting to leave the sofa fil,0,sadness,"Masama ang pakiramdam ko ngayon dahil sa lagnat at ubo, talagang hindi maganda ang sitwasyon at ang ideya na lumabas ng sofa ay parang imposible.",0.9142111539840698,96.34315538406372
i feel very honoured that i evoke so much emotion in you that would drive you to put in so much effort for me,1,joy,Nararamdaman kong lubos akong pinarangalan na nagdudulot ako ng napakaraming emosyon sa iyo na magpapahirap sa iyo upang maglaan ng napakaraming pagsisikap para sa akin.,0.8994503617286682,96.40219855308533
i feel like nobody is giving me a chance to explain and accept that i am never going to be happy doing what they expect me to do,1,joy,Parang wala akong pagkakataon na ipaliwanag at tanggapin na hindi ako magiging masaya sa ginagawa nila akong gawin.,0.927518367767334,96.28992652893066
i have to say i feel slightly envious of julian,3,anger,"Kailangan kong sabihin, medyo inggit ako kay Julian.",0.8778027892112732,96.48878884315491
i would go up to my bedroom feeling depressed,0,sadness,Pupunta ako sa aking silid-tulugan na parang nalulumbay.,0.9111884832382202,96.35524606704712
i feel like oh please why im so fake again but the spazzing thingy about gikwang is not fake,0,sadness,"Parang ayoko na, bakit ako muli nagpapanggap pero ang pagiging fan girl kay Gikwang ay totoo.",0.8715494275093079,96.51380228996277
i havent hopped on one yet but i definitely will and speaking of cardio exercise i was feeling all kinds of superior after a href http emilyhursh,1,joy,"Hindi pa ako nakasakay ngunit tiyak na susakay ako at pagdating sa ehersisyo ng puso, naramdaman kong sobrang magaling pagkatapos ng [link removed].",0.9124811887741089,96.35007524490356
i don t know why that surprises me because whenever i get exercise whether it s working out in my garden or going to the gym i feel terrific afterward which is naturally the reason i don t do it all the time,1,joy,"Hindi ko alam kung bakit ako nabigla dahil tuwing nag-eehersisyo ako, maging sa aking hardin man o sa gym, nakakaramdam ako ng maganda pagkatapos, na siyempre ang dahilan kung bakit hindi ko ito ginagawa lagi.",0.8813587427139282,96.47456502914429
i feel so nervous anxious and i dont know why,4,fear,"Nararamdaman kong sobrang kinakabahan at nag-aalala, at hindi ko alam kung bakit.",0.9021356105804443,96.39145755767822
i feel emotional about how people have treated me over the last few months and years,0,sadness,Nakakaapekto sa akin ang paraan ng pagtrato ng mga tao sa akin sa nakalipas na ilang buwan at taon.,0.9185960292816162,96.32561588287354
i feel thats a valuable piece of consumer knowledge and one item of many ive added to my good to know stores,1,joy,"Nararamdaman kong mahalaga iyon bilang kaalaman ng mamimili at isa sa maraming bagay na idinagdag ko sa aking ""magandang malaman"" na listahan.",0.8982216119766235,96.4071135520935
i continue to explore these sites i feel like they would be more useful in an industry which requires to maintain contact,1,joy,"Patuloy akong nag-e-explore sa mga site na ito, parang mas magagamit sila sa isang industriya na nangangailangan ng patuloy na pakikipag-ugnayan.",0.8056526184082031,96.77738952636719
i thought i would challenge myself i really wanted to capture a realistic view of the animal whilst also showing of my own unique painting style i feel this was successful yet next time i would go larger,1,joy,"Akala ko subukan ko ang aking sarili, talagang gustung-gusto kong makuha ang isang makatotohanang pananaw ng hayop habang ipinapakita rin ang aking natatanging istilo sa pagpipinta. Naramdaman kong matagumpay ito, ngunit sa susunod na pagkakataon, gagawin kong mas malaki.",0.9450681209564209,96.21972751617432
i am feeling a little weird as i compare this big old number with how young insecure childlike playful silly i feel inside,4,fear,"Nararamdaman kong kakaiba ngayon habang inihahambing ko ang malaking bilang na ito sa pakiramdam kong bata, hindi sigurado, parang bata pa, masaya, at baliw sa loob.",0.897916316986084,96.40833473205566
i would be feeling guilty of writing craps on my blog nothing useful nor beneficial to others,0,sadness,"Magkakaroon ako ng pakiramdam na may sala kung isusulat ko ang mga walang kwenta sa aking blog, wala itong kapaki-pakinabang o magandang maitutulong sa iba.",0.8593881130218506,96.5624475479126
i feel your pain whether you want me to or not and its pity implies that for some unfortunate people justice is not enough,0,sadness,"Nararamdaman ko ang iyong sakit kahit ayaw mo man o hindi, at ang awa nito ay nagpapahiwatig na para sa ilang mga hindi maswerteng tao, ang katarungan lamang ay hindi sapat.",0.8976024985313416,96.40959000587463
i feel horrible rel bookmark permalink,0,sadness,Nararamdaman kong napakasama.,0.8695873618125916,96.52165055274963
i wake up hobble over to the computer or turn over and grab the phone from the night stand and start checking emails blogs facebook random internet clicking writing a few posts and before i know it its nearly noon and i feel no more productive than i did three hours earlier,1,joy,"Gumigising ako, nahihikab na pumunta sa computer o bumaling at kukunin ang telepono sa tabi ng kama at magsisimulang tingnan ang mga email, blog, Facebook, at iba pang random na pag-click sa internet, sumusulat ng ilang post, at bago ko pa malaman, halos tanghali na at hindi ko nararamdaman na mas produktibo kaysa tatlong oras na ang nakalipas.",0.8763819932937622,96.49447202682495
i decided to focus on how i was feeling and what needs were not being met for me in this situation rest calm enjoyment relaxation,1,joy,"Pinili kong tumuon sa aking nararamdaman at sa mga pangangailangan kong hindi natutugunan sa sitwasyong ito, upang mapanatili ang katahimikan, kasiyahan, pagpapahinga, at pagluluwag.",0.8933604955673218,96.42655801773071
i reply feeling suspicious,4,fear,Nag-reply ako na may pag-aalinlangan.,0.8271859288215637,96.69125628471375
i was feeling awful friends before i left for my dads,0,sadness,"Masama ang pakiramdam ko, mga kaibigan, bago ako umalis para sa bahay ng aking ama.",0.909413754940033,96.36234498023987
i found some four ply tweedy yarn from rowan that i thought would be just the right thing for that flying fans shawl i started but didnt feel was very successful in the yarn that i had a href http,1,joy,Nakita ko ang ilang apat na ply na tweedy yarn mula sa Rowan na akala ko ay perpekto para sa flying fans shawl na sinimulan ko ngunit hindi ko naramdaman na matagumpay sa ginamit kong sinulid.,0.8360759019851685,96.65569639205933
im feeling more vulnerable writing about this than i do writing about my melt downs mishaps and toddler challenges,4,fear,"Mas nararamdaman kong mahina at madaling masaktan habang isinusulat ito kaysa sa pagsulat tungkol sa aking pagbagsak, mga pagkakamali, at mga hamon sa pag-aalaga ng bata.",0.8783317804336548,96.48667287826538
im exhausted in excruciating pain and feeling extremely hostile,3,anger,"Napagod ako, sumasakit ako nang husto, at sobrang galit ako.",0.8813380599021912,96.47464776039124
i feel an important experience for short term mission groups,1,joy,Nararamdaman ko ang kahalagahan ng karanasan para sa mga grupo ng maikling misyon.,0.8370993137359619,96.65160274505615
i feel proud now,1,joy,Nararamdaman ko ang pagmamalaki ngayon.,0.8651013374328613,96.53959465026855
i could set all these discouraging feelings free,1,joy,Maaari kong ipagkalaya ang lahat ng mga nakakabigo at nakakadismaya na damdamin.,0.9007535576820374,96.39698576927185
i love you all d pagetitle superman mereka penyeri my life without them i feel like blank sheet of paper,0,sadness,"Mahal ko kayong lahat, ang pahinang ito ay Superman nila, nagpapaganda ng buhay ko, wala sila, parang isang walang laman na papel ako.",0.8834753036499023,96.46609878540039
i feel amazed to say that i am doing what i only dreamed of doing again,4,fear,Nakakagulat na sabihin na ginagawa ko muli ang mga pangarap kong gawin.,0.8432871103286743,96.6268515586853
i feel very bitter that i am supposed to be providing this privileged space to someone else and i dont get it,3,anger,Napakasakit sa akin na dapat ako ang magbibigay ng pribilehiyadong espasyong ito sa iba at hindi ko ito makuha.,0.8659106492996216,96.53635740280151
im feeling really thankful for everything ive been blessed with in my life right now i wont be eating any turkey no tofurkey either yes thats a real thing,1,joy,"Sobrang nagpapasalamat ako sa lahat ng biyaya na natatanggap ko ngayon sa buhay ko, hindi ako kakain ng turkey, pati na rin ang tofurkey, oo, totoo iyon.",0.8935248255729675,96.42590069770813
i feel so relieved about what i had been through i can sense a big transparence burden was lifted and thrown into a deep cliff,1,joy,"Nararamdaman kong lubos na nakalaya sa lahat ng pinagdaanan ko, parang malaking pasanin ng kawalan ng katiyakan ay inalis at itinapon sa malalim na bangin.",0.8976291418075562,96.40948343276978
im stupid and make me feel like im worthless,0,sadness,Bobo ako at parang wala akong halaga.,0.8783316612243652,96.48667335510254
i am mostly feeling contentedly terrified about it all,4,fear,Karamihan sa nararamdaman ko ay isang konting takot na may kagalakan.,0.9414986371994019,96.23400545120239
i stand you come across as a complete stranger to me but i feel compassionate about you,2,love,"Nakatayo ako, at kahit parang ganap na estranghero ka sa akin, nararamdaman kong may awa ako sa iyo.",0.9445053935050964,96.22197842597961
i feel nevertheless not convinced which g is the be all and end all which sprint is creating it away to be,1,joy,Hindi pa rin ako matiyak kung alin ang tunay na kahalagahan ng 'g' na itinuturing na pinakamahalaga ng Sprint.,0.8847233057022095,96.46110677719116
i can remember feeling petrified,4,fear,Naalala ko ang pakiramdam ng pagkabalisa at takot.,0.8704848885536194,96.51806044578552
i was able to feel everything and exactly where my sweet boy was in the birth canal,1,joy,Nakaramdam ako ng lahat at eksaktong saan ang aking matamis na anak sa birth canal.,0.8695942759513855,96.52162289619446
i left feeling quite dissatisfied with the whole thing specifically that she dictated to me that i should be on meds and did not discuss with me why she thought this was necessary nor what other lifestyle options there might be to reduce my risks etc,3,anger,"Umalis ako na medyo hindi nasiyahan sa lahat, lalo na dahil inutusan niya akong kumuha ng gamot nang hindi niya ipinaliwanag kung bakit niya ito iniisip na kinakailangan o kung may ibang mga pagpipilian sa pamumuhay na maaaring bawasan ang aking mga panganib, atbp.",0.9114993810653687,96.35400247573853
im thinking about death at the moment and feeling really sad because my lovely uncle shaun has died,0,sadness,Iniisip ko ngayon ang kamatayan at sobrang malungkot ako dahil namatay ang aking mahal na tiyuhin na si Shaun.,0.9068362712860107,96.37265491485596
im wrestling with the inclination to not go to school today but after reading jamies status on facebook now i feel shamed into going,0,sadness,"Naglalaban ako sa pagnanais na hindi pumunta sa paaralan ngayon pero pagkatapos basahin ang status ni Jamie sa Facebook, ngayon ay nahihiya na akong pumunta.",0.828575611114502,96.68569755554199
i thought made the room feel playful and kid friendly,1,joy,"Akala ko, nagpaganda ng pakiramdam ng silid na parang masaya at pabor sa mga bata.",0.931357741355896,96.27456903457642
i wear makeup not only to reflect how beautiful i truly feel on in the inside but also to break the stereotype of the nerdy timid out of the loop woman in the sciences,4,fear,"Suot ko ang make-up hindi lamang upang ipakita ang kagandahan na nararamdaman ko sa loob, kundi pati upang talikuran ang stereotype ng mahiyain at hindi nakakasabay sa uso na babae sa larangan ng agham.",0.8738656044006348,96.50453758239746
i feel very distressed because i m supportive of this campaign and with the senator,4,fear,Napakasakit ng pakiramdam ko dahil sumusuporta ako sa kampanyang ito at sa senador.,0.9313468337059021,96.27461266517639
i was feeling resentful and daydreaming about the various places i could tell him to shove those big girl panties,3,anger,Nararamdaman ko ang sama ng loob at nananaginip na ipinapadala ko sa kanya ang mga malalaking panty na iyon sa iba't ibang lugar.,0.8914835453033447,96.43406581878662
i feel ungrateful for being unhappy but i cant seem to move on properly,0,sadness,Nararamdaman kong hindi ako nagpapasalamat sa aking kalungkutan ngunit hindi ko magawa ang maayos na pag-unlad mula rito.,0.8970401287078857,96.41183948516846
i feel the self pressured expectation to keep up to date with our family events so in order to assuage the guilt here we go,4,fear,"Nararamdaman ko ang presyur na panloob na inaasahan akong makasabay sa mga pangyayari ng pamilya kaya upang mawala ang pagkakasala, eto na ako.",0.8480041027069092,96.60798358917236
i guess yelp wouldnt be a useful website if people only wrote positive reviews so i feel kind of lame about it,0,sadness,Siguro hindi magiging kapaki-pakinabang ang Yelp kung ang mga tao ay nagsusulat lamang ng positibong mga review kaya medyo nahihiya ako tungkol dito.,0.8369495272636414,96.65220189094543
i guess i do feel the need to mention the realism of the just how tragic the hardship of everyday life in the mumbai slums really is,0,sadness,"Sa tingin ko, kailangan kong banggitin ang katotohanan at kung gaano kasakit ang kahirapan ng pang-araw-araw na buhay sa mga slum ng Mumbai.",0.8634223937988281,96.54631042480469
i drafted this post at least a month ago and now i m feeling quite uncertain about it,4,fear,Isinulat ko ang post na ito noong isang buwan pa at ngayon ay medyo hindi na ako sigurado tungkol dito.,0.8309847116470337,96.67606115341187
every time i meet a certain dog that has once bitten me,4,fear,Tuwing nakakasalamuha ko ang isang tiyak na aso na noon ay nakagat ako.,0.8943484425544739,96.4226062297821
i gotta say that i feel like i was suckered into buying the iphone s because i saw the ads on how cool siri was,1,joy,Dapat kong sabihin na parang niloloko ako para bumili ng iPhone S dahil sa mga ad tungkol sa kung gaano kagaling si Siri.,0.8813525438308716,96.47458982467651
i hadnt anticipated happening quite so quickly in this new international life was feeling passionate about honduras,2,love,"Hindi ko inaasahan na mangyayari nang ganito kabilis sa bagong buhay na ito sa internasyonal, ngunit nararamdaman kong may malalim na pagmamahal sa Honduras.",0.9859349727630615,96.05626010894775
id be less than honest on this blog if i didnt report that im feeling very petty right now,3,anger,Magiging hindi tapat ako sa blog na ito kung hindi ko sasabihin na nararamdaman kong medyo maliit ang aking puso ngayon.,0.8744328022003174,96.50226879119873
my mother did not come home till late at night ages ago anyway if i dont know where my parents are and when theyll be back i start thinking that perhaps they have had an accident and are perhaps dead,4,fear,"Hindi umuwi ang aking ina hanggang hatinggabi noon pa man, pero kung hindi ko alam kung nasaan ang aking mga magulang at kailan sila babalik, nagsisimula akong mag-isip na baka sila ay aksidente at baka patay na.",0.9280551671981812,96.28777933120728
i feel like watching equilibrium or something equally delicious and playing the sims and generally being lazy,1,joy,"Gusto kong manood ng Equilibrium o katulad nito, masarap at maglaro ng Sims at maging tamad na tamad.",0.8805454969406128,96.47781801223755
im feeling are happiness wholeness and excited anticipation sometimes im reduced to tears and can barely begin to put my feelings into words,1,joy,"Nararamdaman ko ang kagalakan, kabuuan, at nakakabighani ang paghihintay. Minsan, nababawasan ako sa mga luha at halos hindi ko na mailahad ang aking damdamin sa mga salita.",0.864662766456604,96.54134893417358
ive been feeling weird because i am weird,4,fear,Nararamdaman kong kakaiba dahil kakaiba ako.,0.8630238175392151,96.54790472984314
i usually wash my hair every other day and after a few uses my hair is now feeling lovely soft and conditioned again,2,love,"Karaniwan akong naglilinis ng buhok tuwing ikalawang araw at pagkatapos ng ilang paggamit, ang buhok ko ay parang malambot at nababalot na muli ng kondisyon.",0.8676387071609497,96.5294451713562
i understand why bernie wants a guaranteed spot on the team because he feels that he should get the respect that he deserves after being loyal and staying on this team for so long,2,love,Naiintindihan ko kung bakit gustong magkaroon ng garantisadong puwesto si Bernie sa koponan dahil sa paniniwala niyang nararapat siyang igalang matapos ang kanyang katapatan at pagtitiis sa koponan nang matagal na panahon.,0.9103176593780518,96.3587293624878
i cant continue to be the whipping post for someone who feels lousy about themselves,0,sadness,Hindi ko na kaya magpatuloy bilang tambangan ng galit ng isang taong hindi komportable sa sarili niya.,0.9046396613121033,96.38144135475159
i have the feeling in my mind that a person gets when they have resolved something and they can be at ease,1,joy,Nararamdaman ko sa aking isipan ang pakiramdam ng isang tao kapag naresolba na niya ang isang bagay at maaring mapakali na.,0.8557500839233398,96.57699966430664
i do when i m feeling a bit weird to reground myself,4,fear,Ano ang ginagawa ko kapag nararamdaman kong kakaiba ang pakiramdam ko upang maibalik ang aking balanse.,0.861708402633667,96.55316638946533
i found myself feeling more satisfied after eating smaller nutrient dense meals than i would after eating a huge portion of spaghetti and meatballs with italian bread and butter one of my favorite meals previously,1,joy,"Mas nakakagaan ng loob ang pakiramdam ko pagkatapos kumain ng mas maliit na pagkain na puno ng sustansya kaysa pagkatapos kain ng malaking serving ng spaghetti at meatball kasama ang Italian bread at mantikilya, isa sa aking mga paboritong pagkain noon.",0.8120092153549194,96.75196313858032
i know its not always as great an experience as ive set out here but if youre feeling a bit jaded and would like to remind yourself of what it was about teaching that attracted you in the first place you might like to give it a thought,0,sadness,"Alam kong hindi palaging maganda ang karanasan gaya ng aking inilahad dito, ngunit kung nararamdaman mong medyo pagod na at nais mong maalala kung ano ang nag-akit sa iyo sa pagtuturo noong una, baka magustuhan mong pag-isipan ito.",0.8933209180831909,96.42671632766724
i am feeling very pissed now,3,anger,Napaka-inis ko ngayon.,0.8167601823806763,96.7329592704773
i feel like we barely know each other and time just isnt being generous with our love,2,love,Parang halos hindi pa tayo lubos na nakakakilala at ang panahon ay hindi nagbibigay ng sapat na panahon para sa ating pag-ibig.,0.9425450563430786,96.22981977462769
i must say that im not feeling gloomy at all about this place,0,sadness,Dapat kong sabihin na hindi ako nakakaramdam ng malungkot man lang tungkol sa lugar na ito.,0.9102109670639038,96.35915613174438
i feel quite sure our paths will cross again,1,joy,Tiyak kong magkikita tayo muli.,0.8688260912895203,96.52469563484192
im such a workaholic its because i feel productive and im doing something that i like something that makes me work,1,joy,"Talagang workaholic ako dahil nararamdaman kong produktibo at ginagawa ko ang mga bagay na gusto ko, ang mga bagay na nagpapasigla sa akin na magtrabaho.",0.8597165942192078,96.56113362312317
i ended up feeling pretty terrific about myself yesterday,1,joy,Naramdaman ko kagabi na sobrang maganda ang pakiramdam ko tungkol sa aking sarili.,0.844182550907135,96.62326979637146
i am feeling quite smug now as i didn t actually see any mating but assessed the signs calculated the dates etc and got it spot on,1,joy,"Nararamdaman kong medyo mapagmataas ngayon dahil hindi ko talaga nakita ang pag-aasawa ngunit hinayaan kong makita ang mga senyales, kinalkula ang mga petsa, at tama ang aking hula.",0.8620160818099976,96.55193567276001
i think of that image i feel calm amp safe a href http revealthestaryoutrulyare,1,joy,"Kapag iniisip ko ang larawan na iyon, nararamdaman kong kalmado at ligtas.",0.8921619653701782,96.43135213851929
i have been feeling for quite a while that i am just not satisfied with my stash when it comes to blushes,1,joy,Matagal ko nang nararamdaman na hindi ako kuntento sa aking koleksyon ng blush-on.,0.8911989331245422,96.43520426750183
i feel that the project went smoothly and successful however i did hit a few obstacles such as issues with my memory stick corrupting however i soon managed to resolve that through back up,1,joy,"Nararamdaman kong naging maayos at matagumpay ang proyekto, bagama't naranasan ko ang ilang pagsubok gaya ng pagkasira ng aking memory stick, ngunit agad kong nalutas ito sa pamamagitan ng backup.",0.8388049006462097,96.64478039741516
i get a funny feeling he does not consider you worthless,0,sadness,May kakaibang pakiramdam ako na hindi niya iisipin na wala kang halaga.,0.8795619010925293,96.48175239562988
i do need constant reminders when i go through lulls in feeling submissive whether i like them or not,0,sadness,"Kailangan ko ng paulit-ulit na paalala kapag nararamdaman kong humihina ang aking pagiging masunurin, kahit gusto ko man o hindi.",0.8738945722579956,96.50442171096802
i feel like being distracted,3,anger,Gusto kong magpa-distract.,0.7980811595916748,96.8076753616333
i feel lousy and im very anxious about my presentation today,0,sadness,Masama ang pakiramdam ko at sobrang kinakabahan ako sa aking presentasyon ngayon.,0.8566671013832092,96.57333159446716
i appreciate not having to do it but it feels so strange to be sitting around not packing when a move is so close,4,fear,"Pinahalagahan ko na hindi ko kailangang gawin iyon, ngunit kakaiba ang pakiramdam na nakaupo lang at hindi nagpa-pack habang malapit na ang paglipat.",0.892817497253418,96.42873001098633
i feel disgusted just looking at that number,3,anger,Nakakaumay na lang tingnan ang bilang na iyon.,0.9229297041893005,96.3082811832428
im feeling morose as i tend to do when im awake and writing here at almost am,0,sadness,"Malungkot ako, gaya ng lagi kong nararamdaman kapag gising at sumusulat dito halos alas-una ng madaling araw.",0.8895208239555359,96.44191670417786
i help a lot of people at a later time when i m feeling pissed off with things i might look back at my life and say hey i m not that bad a person,3,anger,"Nakakatulong ako sa maraming tao, at kapag nagagalit ako sa mga bagay-bagay, baka pag-isipan ko ang aking buhay at sabihin, ""Hindi naman ako masama.""",0.8912901878356934,96.43483924865723
im feeling amorous tonight never again,2,love,"Nararamdaman kong mapagmahal ngayong gabi, hindi na uulitin.",0.8806204795837402,96.47751808166504
i feel agitated i become easily overwhelmed,4,fear,Nararamdaman kong nag-aagaw ang aking damdamin at madaling ako mapagod.,0.8603110313415527,96.55875587463379
i feel quite privileged because myself and the other foreigners live in a complex known to all as the foreign experts building i dont think im really an expert at anything but if thats how theyd like to call it im fine with it haha,1,joy,"Nararamdaman kong lubos akong pinagpala dahil ako at ang ibang dayuhan ay nakatira sa isang komplikado na kilala ng lahat bilang gusali ng mga dayuhang eksperto. Hindi ko akalaing tunay akong eksperto sa kahit ano, pero kung iyon ang gusto nilang tawagin, ayos lang sa akin, haha.",0.9279453754425049,96.28821849822998
i spent two weeks in zombie mode then two weeks feeling all my feelings again after being numb for so long,0,sadness,"Dalawang linggo akong nasa zombie mode, saka dalawang linggo pang pag-feel ng lahat ng aking emosyon muli matapos matagal na akong walang nararamdaman.",0.838706374168396,96.64517450332642
i know how vital daily practice is in my souls development and i can feel the energetic thunk when i drink in the charged water from my kala glass,1,joy,Alam ko kung gaano kahalaga ang araw-araw na pagsasanay sa pag-unlad ng aking kaluluwa at nararamdaman ko ang enerhiyang pag-agos kapag umiinom ako ng singil na tubig mula sa aking kala glass.,0.9087330102920532,96.36506795883179
i feel stupid and thoughtless,0,sadness,Nararamdaman kong tanga at walang iniisip.,0.8751676678657532,96.49932932853699
i feel that language is nothing at all cheer up remain my faithful only darling my everything as i for you the rest is up to the gods what must be for us and what is in store for us,2,love,"Nararamdaman ko na ang wika ay wala, mag-isip ng mabuti, manatili kang aking tapat na mahal, aking lahat, gaya ng akin sa iyo, ang natitira ay nasa kamay ng mga diyos, kung ano ang dapat para sa atin at kung ano ang inihanda para sa atin.",0.9398494362831116,96.24060225486755
i left with a great feeling of encouragement and rich for having walked alongside africans,1,joy,Umalis ako na puno ng inspirasyon at mayaman sa karanasan dahil nakasama ko ang mga Aprikano.,0.8576909303665161,96.56923627853394
i am happy with the news comeback i am feeling agitated with some fangirls,3,anger,"Masaya ako sa balita ng kanilang pagbabalik, ngunit kinakabahan ako sa ilang fangirls.",0.9079186320304871,96.36832547187805
i didnt really feel sympathetic for him they way i did for the other nominees,2,love,Hindi ako tunay na nakaramdam ng simpatiya para sa kanya gaya ng naramdaman ko para sa ibang nominado.,0.8993105888366699,96.40275764465332
i think honestly i did feel a bit vulnerable,4,fear,"Sa totoo lang, naramdaman ko ang kaunting kahinaan.",0.851007342338562,96.59597063064575
i feel about myself is so fucked up,3,anger,Ang nararamdaman ko tungkol sa aking sarili ay sobrang gulo.,0.8741002082824707,96.50359916687012
i feel as fantastic as a beauty and beast moment would have been i did not go through any magical dramatically lit transformations as i exited the first trimester and emerged in the second,1,joy,"Nararamdaman kong kasingkamangha-mangha ng isang eksena sa Beauty and the Beast, ngunit hindi ako nakaranas ng mga mahika at dramatikong pagbabago habang lumalabas sa unang trimester at papasok sa ikalawa.",0.8605283498764038,96.55788660049438
i should somehow feel hesitant about that,4,fear,Dapat sana ay may pag-aalinlangan ako tungkol doon.,0.8389853239059448,96.64405870437622
ive been thinking about that this morning and realizing that my ordinary life is starting to feel dull,0,sadness,Iniisip ko kanina iyon at napagtanto na ang aking pang-araw-araw na buhay ay tila nagiging mapurol na.,0.8645135760307312,96.54194569587708
i don t understand it because this show is as expensive as any show that s ever been done by anyone i should think and we re making a profit um so you don t need to feel over sympathetic towards us,2,love,"Hindi ko maintindihan dahil ang palabas na ito ay kasingmahal ng anumang palabas na ginawa ng sinuman, dapat kong isipin, at kumikita tayo, kaya hindi mo kailangang maramdaman ang sobrang awa sa amin.",0.9174216985702515,96.330313205719
i found myself feeling very sorry for quell as dodd deceives him for his own personal benefit,0,sadness,Napakasawang-sawa ako para kay Quell dahil niloloko siya ni Dodd para sa sariling kapakinabangan.,0.870489239692688,96.51804304122925
i do not feel as ugly,0,sadness,Hindi ako gaanong nakakaramdam ng pangit.,0.892397940158844,96.43040823936462
i cant help but feel somewhat heartbroken by this news,0,sadness,Hindi ko mapigilan ang makaramdam ng kaunting lungkot dahil sa balitang ito.,0.9049183130264282,96.38032674789429
i have analyzed and overanalyzed my aversion to this suggestion and in the end have accepted my gut feeling this was not an acceptable solution for alex at that time and place,1,joy,"Pinag-aralan ko nang mabuti at paulit-ulit ang aking pagtutol sa mungkahi na ito at sa huli, tinanggap ko ang aking damdamin na hindi ito angkop na solusyon para kay Alex noon at sa lugar na iyon.",0.86063152551651,96.55747389793396
im feeling defeated,0,sadness,Nararamdaman kong natatalo.,0.7635212540626526,96.94591498374939
i feel like i should have something more intelligent to say about this but that s all i ve got right now,1,joy,Parang dapat may mas matalino akong sasabihin tungkol dito pero iyon lang ang meron ako ngayon.,0.8684024810791016,96.5263900756836
im living alone while waiting for my license test and english speaking test im feeling more relaxed hibernating without any fresh air,1,joy,"Nag-iisa akong nakatira habang naghihintay sa aking pagsusulit sa lisensya at pagsusulit sa Ingles, mas nakakarelaks akong naghibernasyon nang walang sariwang hangin.",0.9368776082992554,96.25248956680298
i feel like i am really grouchy and some days i get in moods where i feel like it is me against the world,3,anger,Nararamdaman kong talagang maungol at may mga araw na nakakapasok ako sa mga kalagayan na parang ako laban sa mundo.,0.8832367658615112,96.46705293655396
i feel it isnt enough times i dont feel respected or special or that this relationship is good for me,1,joy,"Nararamdaman ko na hindi sapat, hindi ako nadarama na nirerespeto o espesyal, at hindi ko nararamdaman na mabuti ang relasyon na ito para sa akin.",0.929818868637085,96.28072452545166
i understand that every memory is something precious and that i should cherish it but at the moment i feel disgusted at how i had become during that time of my life,3,anger,"Naiintindihan ko na bawat alaala ay mahalaga at dapat ingatan, ngunit sa ngayon, nararamdaman kong nababastos sa kung paano ako naging noong panahong iyon ng aking buhay.",0.9313589930534363,96.27456402778625
i feel no compunction to be gracious with them,1,joy,Wala akong pagsisisi na maging magalang sa kanila.,0.8937432169914246,96.4250271320343
i came out freaked on the brink of tears feeling angry confused ridiculous small,3,anger,"Lumabas ako na kinakabahan, halos umiyak, galit, nalilito, parang tanga, at parang maliit.",0.9038382768630981,96.38464689254761
i didnt feel inhibited in my own journal and to tell me that he isnt going to read any more of it,0,sadness,Hindi ako nahihiya sa aking sariling talaarawan at sabihin niya na hindi na siya babasa pa nito.,0.9108940362930298,96.35642385482788
i am feeling highly frustrated because i had worked a long day and just wanted to get home and take a shower and eat my snacks and listen to some music,3,anger,"Napakasaya ko ng pagod dahil matagal akong nagtrabaho at gusto ko lang umuwi, maligo, kumain ng meryenda, at makinig ng musika.",0.9314531087875366,96.27418756484985
i believe in you moment we all feel til then it s one more skeptical song,4,fear,"Naniniwala ako sa iyo, isang sandali na nararamdaman natin lahat hanggang doon, isa pang awit na may pag-aalinlangan.",0.9467425346374512,96.2130298614502
i remember feeling shocked and somewhat embarrassed that the adf unity rite i was consecrated in was so much about me,4,fear,Naalala ko ang pagkagulat at kaunting hiya na naramdaman ko dahil ang adf unity rite kung saan ako inokonsekro ay napakalakas tungkol sa akin.,0.833214521408081,96.66714191436768
i never feel satisfied or satiated like i used to when we were dining out,1,joy,Hindi ko na nararamdaman ang kasiyahan o pagka-busog noon tuwing kumakain kami sa labas.,0.8827096819877625,96.46916127204895
i feel pleasant staying away from the former,1,joy,Masaya akong malayo sa dati.,0.7486495971679688,97.00540161132812
i hate missing practice because i feel like the reps in practice are vital to your performance on sunday,1,joy,Ayaw kong ma-miss ang pagsasanay dahil parang mahalaga ang mga ulit sa pagsasanay para sa ating pagganap tuwing Linggo.,0.8836174607276917,96.46553015708923
the patient whom i expected to get well suddenly passed away after he showed had his meals,3,anger,Ang pasyente na inaasahan kong gumaling ay biglang namatay matapos niyang kumain.,0.8967281579971313,96.41308736801147
i have an awesome husband i got to lay in bed for two days straight which i think is directly linked to the fact that im already feeling much better,1,joy,"May isang kahanga-hangang asawa ako, nakatulog ako sa kama nang dalawang araw nang sunod, na sa tingin ko ay direktang nauugnay sa aking pagpapabuti ng pakiramdam.",0.9028282761573792,96.38868689537048
i do feel confident that ill be able to compete on price my product is some of the most affordable on etsy but what if people would rather pay more for pompoms and multi colored braided ear flaps,1,joy,"Nakakatiwala akong kaya kong makipagkumpitensya sa presyo dahil ang aking produkto ay ilan sa mga pinakamura sa Etsy, ngunit ano kung mas gugustuhin ng mga tao na magbayad ng mas mahal para sa pompoms at multi-colored braided ear flaps?",0.8891103863716125,96.44355845451355
i would have wasted time and money and i just feel really pressured because i dont want to do that,4,fear,"sayang sana ang oras at pera ko, at sobrang pinipilit ako dahil ayaw kong gawin iyon.",0.9067971110343933,96.37281155586243
i see lyman i just feel more and more amazed about us,4,fear,"Nakikita kita, Lyman, at lalong nadaragdagan ang aking pagkamangha sa atin.",0.8792060613632202,96.48317575454712
im sure ill get through it im just feeling whiney today,0,sadness,"Sigurado akong makakaya ko ito, medyo maarte lang ako ngayon.",0.890171468257904,96.43931412696838
i do actually feel frightened having seen what my mother went through in her treatment for a malignant melonoma,4,fear,Talagang natatakot ako nang makita ang pinagdaanan ng aking ina sa kanyang paggamot para sa malubhang melanoma.,0.8948456048965454,96.42061758041382
i often feel that they are not an extremely clever and talented people,1,joy,Madalas kong maramdaman na hindi sila lubos na matalino at may talento.,0.8615244626998901,96.55390214920044
im feeling a need to revisit my artistic influences,1,joy,Nararamdaman kong may pangangailangan akong muling pag-aralan ang aking mga impluwensya sa sining.,0.9005298614501953,96.39788055419922
i have a bad feeling that i am going to get very aggravated again tomorrow,3,anger,May masamang pakiramdam akong magiging sobrang galit ulit bukas.,0.8555582165718079,96.57776713371277
i got caught shoplifting a package of gummy bears,4,fear,Nahuli akong magnanakaw ng isang pakete ng gummy bears.,0.855230450630188,96.57907819747925
i feel like that s because i didn t grow up in cliques at school like in movies there s the popular girl,1,joy,"Parang dahil hindi ako lumaki sa mga grupo sa paaralan gaya sa mga pelikula, mayroon silang sikat na babae.",0.8897107839584351,96.44115686416626
i want all of my feelings rage and terror and longing to wash over me and fill me as the alternative is the dull anxiety of every day living,2,love,"Gusto kong lahat ng aking damdamin, galit, takot, at pagnanasa, ay sumalubong sa akin at punuin ako, dahil ang alternatibo ay ang maputlang kaba ng pang-araw-araw na pamumuhay.",0.9361334443092346,96.25546622276306
i feel empty inside all the time,0,sadness,Lagi akong nadaramaang walang laman sa loob.,0.8983631730079651,96.40654730796814
i should instead develop warm and friendly feelings towards everyone i meet thereby allowing my mind to develop virtuous attitudes,1,joy,"Dapat ko sanang malinang ang mainit at kaibig-ibig na damdamin tungo sa lahat ng aking makakasalamuha, upang payagan ang aking isipan na bumuo ng mga mabubuting asal.",0.8989930152893066,96.40402793884277
i was feeling so indecisive and blah,4,fear,Nararamdaman kong sobrang hindi mapagdesisyunan at wala akong gana.,0.875156044960022,96.49937582015991
i actually feel pretty good,1,joy,Nararamdaman ko nga pala na medyo mabuti.,0.8321502208709717,96.67139911651611
i mean architectural wonders just make you feel wowed impressed and you just end up really respecting the people who built them but nature just makes you feel so much more aware of the world around you without actually actively doing anything because they were always there you know,4,fear,"Ibig sabihin, ang mga arkitektura ng mga kamangha-manghang gusali ay nagpaparamdam sa iyo ng pagkamangha, pagpapahalaga, at paggalang sa mga taong nagtayo nito. Ngunit ang kalikasan ay nagpapakita sa iyo ng malalim na kamalayan sa mundo sa paligid mo nang hindi kailangang gumawa ng anumang pagsisikap, dahil ito ay palaging naroon, alam mo ba?",0.9011518955230713,96.39539241790771
i feel sure the majority would go for ios on a galaxy sii or a lumia,1,joy,Sigurado akong karamihan ay pipili ng iOS sa isang Galaxy SII o Lumia.,0.8276488780975342,96.68940448760986
i feel neglectful that i have to skip over all the entries from this community and that i dont have the time to be as religious as i had been,0,sadness,Nararamdaman kong nakakalimutan ko na dapat kong iwasan ang lahat ng mga entry mula sa komunidad na ito at wala akong oras na maging kasing-sipag noon.,0.8125240206718445,96.74990391731262
i feel we would be a far better species,1,joy,Nararamdaman kong magiging mas mahusay tayong lahi.,0.9038130044937134,96.38474798202515
i know so many people rave about it that i m feeling a bit weird,4,fear,Alam kong maraming tao ang nagsasabing maganda ito kaya medyo kakaiba ang nararamdaman ko.,0.9086136817932129,96.36554527282715
i just cant make proper conversation and feel annoyed by little things,3,anger,Hindi ko lang kaya makipag-usap nang maayos at naiirita ako sa mga maliit na bagay.,0.9261873364448547,96.29525065422058
i soon went back to feeling shitty again,0,sadness,Mabilis akong bumalik sa pakiramdam na masama.,0.868343710899353,96.52662515640259
i can t believe all the newborns that i ve photographed with heads full of dark hair but i am feeling just a little envious because my babies are bald and blonde as they come,3,anger,"Hindi ko makapaniwala sa lahat ng mga bagong panganak na aking kinunan ng litrato na may buhok na madilim, pero nararamdaman ko ang kaunting inggit dahil ang aking mga anak ay walang buhok at kayumanggi ang kulay ng buhok.",0.905571699142456,96.37771320343018
i feel dumb for asking ryan said but ben cut him off,0,sadness,"Nararamdaman kong bobo dahil nagtatanong, sabi ni Ryan, pero pinutol siya ni Ben.",0.8851339221000671,96.45946431159973
i know that the amount of control i feel i need to have over my life is over the top so i continue to work at keeping faith and trusting that life is unfolding as it should,1,joy,Alam kong labis na ang kontrol na nararamdaman kong kailangan ko sa buhay ko kaya patuloy akong nagsisikap na panatilihing matibay ang aking pananampalataya at umasa na ang buhay ay nagbubukas gaya ng dapat.,0.8402048349380493,96.6391806602478
i feel the nearness of my beloved grandpa bishop hi grandpa,1,joy,"Nararamdaman ko ang paglapit ng aking minamahal na lolo, Obispo. Mahal kong lolo.",0.8538002371788025,96.58479905128479
i cant wait to feel her innocent spirit,1,joy,Hindi ko mapigilan ang aking paghihintay na maramdaman ang kanyang inosenteng kaluluwa.,0.892292320728302,96.43083071708679
i feel the delicious heat rising in me again begging for release but i try to stave it off,1,joy,"Nararamdaman ko ang masarap na init na bumubulusok sa akin muli, humihingi ng kalayaan ngunit sinusubukan kong pigilan ito.",0.8890025615692139,96.44398975372314
i have a few prayer requests if you want to the add your own to the list feel free,1,joy,"Mayroon akong ilang kahilingan sa panalangin kung gusto mong idagdag ang sarili mong kahilingan sa listahan, malaya kang gawin iyon.",0.862658679485321,96.54936528205872
i love this service because it is easy to use set up amp because i feel like by using the service im supporting a small company which we all know i love to do,2,love,"Mahal ko itong serbisyo dahil madaling gamitin at i-set up, at dahil sa paggamit nito, parang sinusuportahan ko ang isang maliit na kompanya, na alam naman natin na gusto nating gawin.",0.8405748009681702,96.63770079612732
i can tell myself that i feel like i trust others and yet what i am actually feeling is loyal which can cause me to pretend that there is trust when there is none,2,love,"Maaari kong sabihin sa aking sarili na parang nagtitiwala ako sa iba, ngunit ang tunay kong nararamdaman ay pagiging tapat na maaaring magdulot sa akin na magkunwari na may tiwala kapag wala naman.",0.8594476580619812,96.56220936775208
i come home from work too often feeling irritable and it s not fair or loving to dump all that ugliness onto my husband,3,anger,Madalas akong umuwi galing sa trabaho na mainit ang ulo at hindi patas o mapagmahal na ibigay lahat ng negatibong iyon sa aking asawa.,0.8783947229385376,96.48642110824585
i feel optimistic about the remainder of our time in the military,1,joy,Nakaramdam ako ng optimismo tungkol sa natitirang panahon natin sa militar.,0.912118136882782,96.35152745246887
i really need to be at church to feel gods gentle touch in my life,2,love,Talagang kailangan kong nasa simbahan upang maramdaman ang mahinang paghawak ng Diyos sa aking buhay.,0.8699090480804443,96.52036380767822
i do feel pressure to provide my faithful reader with a mock draft ive decided to go forth promising to emphasise speculation rather than educated mock over draft,2,love,"Nararamdaman ko ang presyur na magbigay ng isang pekeng draft sa aking tapat na mambabasa, kaya't nagpasya akong magpatuloy sa pangako na bigyang-diin ang haka-haka kaysa sa pinag-aralan kong pekeng draft.",0.8533746004104614,96.58650159835815
i use this as a ugh its been a long week lets make myself feel pretty mask and ive honestly been loving the effects,2,love,"Ginagamit ko ito bilang, ah, mahabang linggo na ito, gagawin kong maganda ang sarili ko gamit ang mask na ito at totoo namang nasisiyahan ako sa mga epekto nito.",0.8617148399353027,96.55314064025879
i leave his words feeling doubtful of the naight ever ending,4,fear,"Iniwan ko ang kanyang mga salita, nag-aalinlangan kung kailan matatapos ang gabi.",0.8888030052185059,96.44478797912598
i feel so regretful about getting such high hopes on myself coz i thought i got the damn job and then spurging on things that i dont need when i can use those money to get something decent for both of us,0,sadness,Napakasakit isipin na sobrang mataas ang aking inaasahan sa sarili dahil akala ko nakuha ko na ang trabaho at saka nagastos ng mga bagay na hindi ko kailangan habang maaari kong gamitin ang pera para sa isang magandang bagay para sa ating dalawa.,0.8993679285049438,96.40252828598022
i leave feeling defeated hopeless and too weak to keep pressing into god and recovery,0,sadness,"Umalis ako na parang natalo, walang pag-asa, at masyadong mahina para magpatuloy sa paglapit kay Diyos at sa paggaling.",0.9215021133422852,96.31399154663086
i feel a cool breeze and think it might be cold but then i realize it is still degrees and humid outside,1,joy,"Nararamdaman ko ang malamig na hangin at iniisip kong malamig na marahil, ngunit napagtanto ko na nasa mga degree pa rin at mahangin ang labas.",0.8872616291046143,96.45095348358154
i feel burdened by her and the fact that i have no help what so ever,0,sadness,Nararamdaman kong mabigat ang pasanin dahil sa kanya at wala akong kahit anong tulong.,0.8944823741912842,96.42207050323486
i can just remember that when im feeling ungrateful that would be great,0,sadness,"Naalala ko lang na kapag nararamdaman kong hindi ako nagpapasalamat, maganda iyon.",0.8663205504417419,96.53471779823303
im feeling a bit smug that im doing a number of these things already walking and cycling advocacy lots of fruit and veggies and whole grains attending service every sunday,1,joy,"Nararamdaman kong medyo mapagmataas dahil ginagawa ko na ang maraming bagay na ito: paglalakad at pagbibisikleta para sa adbokasiya, maraming prutas at gulay, at buong butil, at pagdalo sa serbisyo tuwing Linggo.",0.896095335483551,96.4156186580658
i looked down at my sweet boy hudson i knew this was my calling and that his spirit needed me at all times even when im frustrated and feel helpless and lost as a mother,0,sadness,"Tumingin ako pababa sa aking matamis na anak na si Hudson, alam kong ito ang aking tawag at ang kanyang kaluluwa ay nangangailangan sa akin sa lahat ng oras, kahit na ako ay nagagalit at nadarama ang kawalan ng kapangyarihan at pagkaligaw bilang ina.",0.9119105935096741,96.3523576259613
im not going to lie ive been feeling rather happy lately which is odd for me since im rarely happy when school is in session,1,joy,"Hindi ako magsisinungaling, nararamdaman ko ang pagiging masaya kamakailan, na kakaiba para sa akin dahil bihira akong masaya kapag pasukan na.",0.855157196521759,96.57937121391296
i wish i have the feeling back soon cause now i realise how lonely when i dont have the feeling its like soo unwanted even when i am not,0,sadness,"Sana maibalik ko na ang pakiramdam na iyon agad dahil ngayon ko lang napagtanto kung gaano ako nag-iisa kapag wala iyon, parang hindi ako gustong-gusto kahit hindi naman ako nag-iisa.",0.879474401473999,96.482102394104
i feel less bothered my get the rape stick out of your ass because i think a statement like that says a lot more about the speaker than the target,3,anger,"Mas hindi na ako nababahala na tanggalin ang rape stick sa iyong puwet dahil sa tingin ko, ang ganitong pahayag ay nagsasabi ng higit pa tungkol sa nagsasalita kaysa sa tinutukoy.",0.8608620762825012,96.55655169487
i feel like i should ask him if he is ok offer him some help prop the door open or something,1,joy,"Parang dapat kong itanong kung siya ay okay, aalok ng tulong, baka buksan ang pinto para sa kanya o ano.",0.9137572050094604,96.34497117996216
i also feel like maybe you dont want the real messy authentic mark,0,sadness,Nararamdaman ko rin na baka ayaw mo ang tunay na marumi at tapat na Mark.,0.8735800981521606,96.50567960739136
i am not feeling well so i am hoping this mission goes fast,1,joy,Hindi ako maganda ang pakiramdam kaya sana mabilis itong misyon.,0.8792842030525208,96.48286318778992
i feel like this was a very productive year for me in that area,1,joy,Naramdaman kong napaka-produktibo ng taong ito para sa akin sa aspektong iyon.,0.8912413716316223,96.43503451347351
i wasnt so terribly sore i would feel a bit regretful but theres papers to write and ebony dances to practice for,0,sadness,"Hindi ako masyadong nasaktan, baka mag-aalinlangan ako, pero may mga papel na kailangang isulat at mga sayaw na ebony kailangang pagsanayan.",0.9314345121383667,96.27426195144653
i feel more mellow again,1,joy,Nararamdaman ko na muli ang aking kalmadong pakiramdam.,0.8539859652519226,96.58405613899231
i have been labeled the accuser and for this reason i feel it is my responsibility to bring to your attention this information about whom you have believed to be faithful,1,joy,"Itinaguri ako bilang akusador at dahil dito, nararamdaman kong tungkulin kong ipaalam sa inyo ang impormasyong ito tungkol sa taong pinaniniwalaan ninyong tapat.",0.8664631843566895,96.53414726257324
i feel the sting of pain from its teeth but im angered,3,anger,Nararamdaman ko ang sakit ng kagat nito ngunit nagagalit ako.,0.8578356504440308,96.56865739822388
i cant shake the feeling that when i drink vanilla protein powder and water it tastes like mashmellows in hot chocolate mix,2,love,"Hindi ko maalis ang pakiramdam na kapag iniinom ko ang vanilla protein powder at tubig, parang lasa ng marshmallow sa tsokolate na mainit.",0.8738061785697937,96.50477528572083
i suspect those might also be factors in making him not feel rich,1,joy,"Aakalang ko rin, mga salik din iyon na nagpapahirap sa kanya na maramdaman ang yaman.",0.8409513235092163,96.63619470596313
i hope my generation will pass on good values and beliefs to the next generation because i feel that is very important,1,joy,Sana maipasa ng henerasyon natin ang mabubuting halaga at paniniwala sa susunod na henerasyon dahil mahalaga ito para sa akin.,0.893505871295929,96.42597651481628
i feel so honored to have this wonderful man as my husband,1,joy,"Nararamdaman kong lubos na karangalan na siya, itong kahanga-hangang lalaki, ay aking asawa.",0.8759061694145203,96.49637532234192
i know my best friend thinks i m a legend xd she tells me i m hilarious and a badass when most of the time i feel like a wimpy dork,4,fear,Alam kong iniisip ng pinakamahusay kong kaibigan na ako'y isang alamat xd Sinabi niya na nakakatawa at matapang ako kahit karamihan sa oras ay parang isang mahina at bobong tao ako.,0.8925856947898865,96.42965722084045
im sad i feel that every heartbroken song was written just for me,0,sadness,"Malungkot ako, parang lahat ng awit tungkol sa pag-ibig na nasasaktan ay para lamang sa akin.",0.8862910270690918,96.45483589172363
i don t want people to feel offended by that request it could be viewed as too forward,3,anger,"Ayaw kong masaktan ang damdamin ng mga tao sa kahilingan iyon, baka isipin nilang masyadong direktang hiling.",0.890052855014801,96.4397885799408
i tend to come away feeling insulted by books that deny them,3,anger,"Kadalasan, nadarama kong nasasaktan ang aking damdamin ng mga aklat na tumatanggi sa kanila.",0.8660740852355957,96.53570365905762
i need to feel my ears agonized by the high treble of a guitar amp turned all the way up,0,sadness,Kailangan kong maramdaman ang aking mga tainga na nasasaktan dahil sa mataas na treble ng isang gitara amplifier na buong lakas.,0.910183310508728,96.35926675796509
i spent a while in here otherwise i was in my room reading and working in the feeling good handbook or making notes on how to further keep my anger under control once i was discharged,1,joy,"Naglaan ako ng ilang oras dito, kung hindi man ay nasa silid ko, nagbabasa at nagtatrabaho sa ""Feeling Good Handbook"" o nagsusulat ng mga tala tungkol sa kung paano pa lalo pang mapanatili ang aking galit sa ilalim ng kontrol matapos akong mailabas.",0.8956932425498962,96.41722702980042
i feel absolutely defeated socially,0,sadness,"Napakalungkot kong pakiramdam, parang talo na ako sa lipunan.",0.8985210657119751,96.4059157371521
i was feeling rather playful last night as well,1,joy,Nakaramdam din ako ng pagiging masaya at biro kagabi.,0.867033064365387,96.53186774253845
i love the latter for their smooth feel and delicious flavours not to mention their awesome glossy appearance,1,joy,"Mahal ko ang huli dahil sa makinis na pakiramdam at masarap na lasa, hindi ko rin makakalimutan ang kanilang kahanga-hangang makintab na anyo.",0.9093506932258606,96.36259722709656
i feel like i am a little ungrateful but i love my home and sometimes getting away is a great way to remind you how much you love the life you have,0,sadness,"Nararamdaman kong medyo hindi ako nagpapasalamat, pero mahal ko ang aking tahanan at minsan, ang makalayo ay magandang paraan upang matandaan kung gaano mo kamahal ang buhay na meron ka.",0.8762290477752686,96.49508380889893
i know is that by the end of the reception i was feeling a little left out so when chris asked me to dance i was thrilled to accept,1,joy,"Alam ko lang na sa pagtatapos ng reception, medyo nahiwalay ako kaya nang tanungin ako ni Chris na sumayaw, sobrang saya kong tinanggap.",0.87554532289505,96.4978187084198
i never kissed a guy because every time i d try i d freak out and feel disgusted,3,anger,"Hindi ako nakakabati ng lalaki dahil tuwing subok kong gawin iyon, natatakot ako at nadarama ang pag-aayaw.",0.8571934103965759,96.5712263584137
i feel doomed for wanting to get a doctorate of something besides medicine,0,sadness,Nadarama kong nabibilang ako sa mga nabibigo dahil gustong mag-doctorate ng ibang larangan kundi ang medisina.,0.8747085332870483,96.5011658668518
i feel as if i had an unfortunate run in with tyler durden and his fight club,0,sadness,Parang nakasalamuha ko si Tyler Durden at ang kanyang Fight Club sa isang hindi magandang pagkakataon.,0.8756545186042786,96.49738192558289
i always end up crying and feeling so hurt like its the end of the world,0,sadness,"Lagi akong natapos na umiiyak at nadarama ang malaking sakit, parang katapusan na ng mundo.",0.8478868007659912,96.60845279693604
i am feeling something ive never ever felt before and its unpleasantly pleasant,1,joy,Nararamdaman ko ang isang bagay na hindi ko pa naranasan at ito'y hindi kanais-nais ngunit nakakatuwa.,0.881462812423706,96.47414875030518
i use the noticer to discover the source of my feelings it allows me to understand and realize that there is no solution for these past feelings i am grappling with only compassionate awareness,2,love,"Ginagamit ko ang noticer upang matuklasan ang pinagmumulan ng aking damdamin. Ito'y nagpapahintulot sa akin na maunawaan at mapagtanto na walang solusyon para sa mga nakaraang damdamin na aking kinakaharap, kundi ang mapagmahal na kamalayan lamang.",0.8869102001190186,96.45235919952393
i started to feel that irritated feeling,3,anger,Naramdaman ko ang pang-iirita.,0.8754986524581909,96.49800539016724
i feel sort of appreciative,1,joy,Nararamdaman kong medyo nagpapasalamat.,0.8338112235069275,96.66475510597229
im so afraid that i will fuck it up like i did with phil but im at the perfect time in my life and this feels so much more flawless,1,joy,"Napakatakot ko na baka ako magkamali gaya ng nangyari kay Phil, pero nasa tamang panahon ako ngayon sa buhay ko at ito ay parang perpekto at walang bahid ng kamalian.",0.8964048027992249,96.4143807888031
i feel divine original mix,1,joy,Nararamdaman kong banal ang orihinal na halo.,0.8651888370513916,96.53924465179443
i started university at the age of and although it was incredibly nerve racking i feel organised and determined which is a far cry from the jess of years ago or maybe even for that matter,1,joy,"Nagsimula akong mag-aral sa unibersidad sa edad na at bagama't sobrang kinakabahan ako, nararamdaman kong organisado at determinado, malayo na ito sa dating ako ng mga taon na ang nakalilipas o marahil kahit kanino pa man.",0.8529802560806274,96.58807897567749
i prove myself wrong here i am feeling ugly because i made no attempt to get out of my sleeping clothes oh and my eyebrows,0,sadness,"Pinatutunayan ko ang aking sarili na mali dito, nararamdaman kong pangit dahil hindi ako nag-alaga at hindi ako lumabas sa aking damit pangtulog, pati na ang aking kilay.",0.9141162633895874,96.34353494644165
i just hope we can help him feel less afraid and more supported and loved,4,fear,Sana makatulong tayo para maibsan ang kanyang takot at maramdaman ang suporta at pagmamahal.,0.9149644374847412,96.34014225006104
i feel lucky on my birthday,1,joy,Nararamdaman kong masuwerte ako sa aking kaarawan.,0.8987257480621338,96.40509700775146
i am starting to feel a little more welcomed into the sessions,1,joy,Nagsisimula akong maramdaman na mas tinatanggap ako sa mga sesyon.,0.8603114485740662,96.55875420570374
im feeling fabulous on friday and friends i would love for you to share with me,1,joy,"Nakakatuwa akong pakiramdam ngayong Biyernes at mga kaibigan, gustung-gusto kong ibahagi ito sa inyo.",0.8743428587913513,96.5026285648346
i feel terrible for him but omg,0,sadness,Napakasakit para sa kanya pero oh my god.,0.8947689533233643,96.42092418670654
i refuse to stay in this place we all have moments of feeling exhausted from very hard work and needing some validation in return,0,sadness,Ayaw kong manatili dito. Lahat tayo ay may mga sandali na pagod dahil sa sobrang pagod at nangangailangan ng pagkilala bilang kapalit.,0.8946624994277954,96.42135000228882
i don t want this to end just like i didn t want the series rock chicks to end but i feel like ka will keep on bringing us amazing stories with wonderful women and sexy men,1,joy,"Ayaw kong matapos ito gaya ng hindi ko rin gustong matapos ang serye na Rock Chicks, pero nararamdaman kong patuloy kang magbibigay sa amin ng kamangha-manghang mga kwento tungkol sa mga kahanga-hangang babae at mga gwapo.",0.8637919425964355,96.54483222961426
i find daunting my feelings soon change to that of wishing to rise to the challenge call it determined or even stubborn,1,joy,"Nakakatakot ang aking nararamdaman, ngunit agad itong nagbabago sa pagnanais kong harapin ang hamon, tawagin man itong determinado o kahit matigas ang ulo.",0.8866194486618042,96.45352220535278
i feel like there needs to be a disclaimer that i am in no way romanticising the shitty aspects of this pairing okay it is fucked up beyond belief summary castiel holds the world in the palm of his hand,0,sadness,"Parang kailangan may disclaimer na hindi ko romantisizya ang mga masamang aspeto ng pagsasama nilang ito, okay, talagang gulo at hindi makatwiran, buod: si Castiel ay hawak ang mundo sa kanyang kamay.",0.8925045728683472,96.42998170852661
i may feel that i am not precious to others,1,joy,Maaaring maramdaman kong hindi ako mahalaga sa iba.,0.9224976301193237,96.3100094795227
i have nothing to compare this love to but i feel sure it is a true deep love,1,joy,"Walang maitutulad ko sa pag-ibig na ito, ngunit tiyak kong tunay at malalim ito.",0.9356958270072937,96.25721669197083
i got home feeling extremely sleep deprived and spent a week getting caught up on all the different post conference emails and phone calls not to mention sleep and laundry,0,sadness,"Umuwi ako na sobrang pagod at ginugol ang isang linggo sa pagsagot sa lahat ng mga email at tawag pagkatapos ng konferensiya, hindi pa kasama ang pagtulog at paglalaba.",0.8836725354194641,96.46530985832214
i really thought that after we had her i would stop feeling pained when i heard about other people getting pregnant,0,sadness,"Talagang akala ko pagkatapos naming magkaroon niya, titigil na akong masaktan kapag naririnig kong buntis ang iba.",0.8466371297836304,96.61345148086548
i feel like the addition of sweet fresh corn really adds a touch of summer to an otherwise heavy fall dish,1,joy,Parang ang pagdaragdag ng matamis at sariwang mais ay nagbibigay ng pakiramdam ng tag-araw sa isang mabigat na ulam ng taglagas.,0.9074785709381104,96.37008571624756
i like earreading audiobooks so much because they make me feel productive by getting reading done while im doing other things like driving,1,joy,Gustung-gusto kong makinig ng mga audiobook dahil parang nagiging produktibo ako habang nakakabasa kahit ginagawa ko ang iba pang gawain tulad ng pagmamaneho.,0.857100248336792,96.57159900665283
i almost always feel fantastic after i exercise so i recommend doing it every day if you can,1,joy,halos lagi akong nakakaramdam ng kahanga-hanga pagkatapos mag-ehersisyo kaya irerekomenda kong gawin ito araw-araw kung kaya mo.,0.9325130581855774,96.26994776725769
i am feeling that bitter sweetness that comes from a deep recess in my soul,3,anger,Nararamdaman ko ang mapait na tamis na nagmumula sa malalim na sulok ng aking kaluluwa.,0.8649916648864746,96.5400333404541
i know it s weird to see me call something review i feel weird saying it myself but i digress,4,fear,"Alam kong kakaiba makita akong tatawag ng isang bagay na review, kahit ako mismo ay nahihiya sabihin ito pero susundan ko na lang.",0.8337571620941162,96.66497135162354
i feel so appreciative to have their support,1,joy,Nararamdaman kong lubos ang aking pasasalamat sa kanilang suporta.,0.8198056221008301,96.72077751159668
i was feeling super lazy too,1,joy,Napaka-antok ko rin.,0.824710488319397,96.70115804672241
i recently attended a presentation by kingdom bank zimbabwe they are doing a series of road shows in and around zimbabwe i feel they are basically trying to get zimbabweans back into trusting the bank to some degree at least,1,joy,"Kamakailan lamang, dumalo ako sa isang presentasyon ng Kingdom Bank Zimbabwe. Nagsasagawa sila ng serye ng road shows sa loob at paligid ng Zimbabwe. Sa palagay ko, sinusubukan nilang muling makuha ang tiwala ng mga Zimbabwean sa bangko, kahit sa isang antas man lamang.",0.8520730137825012,96.59170794487
i still cant make it for longer than a half hour in the office before feeling awful and having someone drive me home but i feel perfectly fine when im sitting on my butt on the couch all day,0,sadness,"Hindi ko pa rin kaya magtagal ng mahigit kalahating oras sa opisina nang hindi ako makaramdam ng hindi maganda at kailangan ng sasakyan para dalhin ako pauwi, pero pakiramdam ko ay perpekto naman ako kapag nakaupo lang ako sa aking puwet sa sopa buong araw.",0.8574228882789612,96.57030844688416
i feel beaten and bruised from their harshness and wearied by their relentlessness,0,sadness,Nararamdaman kong nababagsak at nasasaktan mula sa kanilang kabrutalan at pagod sa kanilang walang humpay na pagpilit.,0.8671725988388062,96.53130960464478
i feel like it is cool for now but we wonder when fabolous plans to release his long awaited losos way rise to power album,1,joy,"Nararamdaman kong maganda ngayon pero nagtatanong kami kung kailan plano ni Fabolous na ilabas ang kanyang matagal nang inaabangan na album na ""Loso's Way: Rise to Power"".",0.8619473576545715,96.55221056938171
im feeling really lethargic and weird today,0,sadness,"Napakasakit ng pakiramdam ko ngayon, parang walang lakas at kakaiba.",0.9049485921859741,96.3802056312561
i feel somewhat hopeful about things,1,joy,Mayroon akong kaunting pag-asa tungkol sa mga bagay-bagay.,0.9099592566490173,96.36016297340393
i thought it was nice so i left feeling pretty satisfied with the cafe,1,joy,Akala ko naman ay maganda kaya umalis ako na medyo kontento sa cafe.,0.9288582801818848,96.28456687927246
i feel extremely proud to live in a country where i can help to decide how i want my country run,1,joy,Napakalaki ng aking pagmamalaki na mabuhay sa isang bansa kung saan ako makakatulong na magpasya kung paano ko gustong patakbuhin ang aking bayan.,0.9034244418144226,96.38630223274231
i like to feel that is exactly what i do for my beloved graham,2,love,Gustung-gusto kong maramdaman na eksaktong iyon ang ginagawa ko para sa aking minamahal na Graham.,0.8556095361709595,96.57756185531616
i feel like they are a second family and they all are so supportive and love little miss rylin,2,love,Parang pangalawang pamilya sila at lahat sila ay sobrang suporta at mahal si maliit na si Rylin.,0.9353140592575073,96.25874376296997
i really do feel unfortunate for the person who has to carrry me,0,sadness,Talagang nakakaramdam ako ng malas para sa taong kailangang magdala sa akin.,0.9449448585510254,96.2202205657959
i do feel a bit guilty about the mean things ive said about jahmene as i heard his brother committed suicide so i think that abuse by their dad must have been pretty hardcore,0,sadness,"Nararamdaman ko ang kaunting pagsisisi dahil sa mga masasakit na sinabi ko tungkol kay Jahmene, lalo na nang malaman kong nagpakamatay ang kanyang kapatid, kaya siguro ang pang-aabuso ng kanilang ama ay talagang malala.",0.9238235354423523,96.30470585823059
i also feel hopeful when contacted by new congregations and then devastated when they choose another,1,joy,"Nakakaramdam din ako ng pag-asa kapag nakikipag-ugnayan ang mga bagong kongregasyon, ngunit nasasaktan ako kapag sila ay pumili ng iba.",0.8844044208526611,96.46238231658936
i want to feel admired and loved,2,love,Gusto kong maramdaman ang pagpapahalaga at pagmamahal.,0.8651849031448364,96.53926038742065
i get the feeling she doesnt really want to talk to me now so im hesitant on what to do from now on,4,fear,Nararamdaman kong ayaw niya talagang makipag-usap sa akin ngayon kaya nag-aalinlangan ako kung ano ang gagawin ko mula ngayon.,0.9178948998451233,96.3284204006195
i feel like the proud parent who gets to see both kids go off to school together hand in hand and not be separated,1,joy,"Nararamdaman kong parang isang mapagmamalaking magulang na nakakakita ng dalawang anak na magkasama, magkahawak kamay, papasok sa paaralan nang sabay-sabay at hindi hiwalay.",0.9038379788398743,96.3846480846405
i have so many bright little faces burned into my memory the kids who made my life feel worthwhile who made me feel glad that i had decided to apply to this program and who made the really difficult days worth it,1,joy,"Maraming maliit na mukha, na puno ng liwanag, ang nakaukit sa aking alaalaâang mga bata na nagpabigay-kahulugan sa aking buhay, na nagpapasaya sa akin na nagpasya akong mag-aplay sa programa na ito, at na nagpahalaga sa mga talagang mahirap na araw.",0.9703476428985596,96.11860942840576
i can pick at my skin for a while and make myself feel terrible and then when i feel bad enough that i need to make myself feel better i can stop and theres the illusion of released pressure,0,sadness,"Maaari akong mag-pick sa aking balat nang ilang sandali at gawing masama ang aking pakiramdam, at pagkatapos, kapag naramdaman kong sapat na masama upang kailangan kong mapabuti ang aking pakiramdam, maaari akong huminto, at doon ang ilusyon ng inilabas na presyur.",0.8731347918510437,96.50746083259583
i feel so honored that we could be a part of that fundraiser they did very well i am told and we hope to return another time,1,joy,"Nararamdaman kong lubos ang karangalan na naging bahagi kami ng kanilang pagtitipon para sa pagtulong, sinasabi nila na napakahusay nila, at sana ay maibalik kami sa ibang pagkakataon.",0.8787087202072144,96.48516511917114
i feel ugly i mean i m being calle,0,sadness,"Nararamdaman kong pangit ako, ibig sabihin, tinatawag akong...",0.8922666311264038,96.43093347549438
i am feeling festive and in the mood to give a gift,1,joy,Nararamdaman kong masaya at handang magbigay ng regalo.,0.8835288286209106,96.46588468551636
i will say that i am satisfied with my draw and feel that it is a perfect fit,1,joy,Sasabihin ko na ako ay nasiyahan sa aking pagguhit at nararamdaman kong ito ay perpektong tugma.,0.890448808670044,96.43820476531982
i feel like this is going to be a terrific summer,1,joy,Nararamdaman kong magiging isang kahanga-hangang tag-araw ito.,0.9035544395446777,96.38578224182129
i can feel my life is the most wonderful,1,joy,Nararamdaman kong ang buhay ko ang pinakamaganda.,0.8985778093338013,96.4056887626648
i feel hated by,3,anger,Nararamdaman kong kinamumuhian.,0.8345110416412354,96.66195583343506
i had a blister the size of a quarter on my right foot so i wore my flip flops feeling badly about it until we got there and saw how casual the atmosphere was,1,joy,May sugat sa paa ko sa kanan na laki ng isang barya kaya isinuot ko ang aking flip flops habang nakaramdam ng hindi komportable hanggang sa dumating kami at nakita ang kaswal na kapaligiran.,0.8976982235908508,96.4092071056366
i started this blog is because i was desperately lonely and i wanted someone to know how i was feeling all of the ugly thoughts and emotions,0,sadness,"Nagsimula ako ng blog na ito dahil lubhang nag-iisa ako at gustong may makakaalam ng aking nararamdaman, lahat ng masasamang iniisip at emosyon.",0.9284742474555969,96.28610301017761
i feel a fearless future,1,joy,Nararamdaman ko ang isang walang takot na kinabukasan.,0.8681297302246094,96.52748107910156
i always feel like im entirely pathetic and needy but those people usually tell me that i was neither just quieter than usual,0,sadness,"Lagi akong nakakaramdam na lubos akong walang silbi at nangangailangan, pero karaniwan silang nagsasabi na hindi ako ganoon, mas tahimik lang daw ako kaysa dati.",0.9421667456626892,96.23133301734924
im feeling uncharacteristically smug to some extent as my usually unheard of planning has indeed beaten the weather with the toddler possessing a winter coat a polar fleece all in one and fluffy lined snow boots,1,joy,"Nararamdaman kong kakaiba ang pagmamalaki ko dahil sa aking hindi pangkaraniwang pagpaplano, na talagang nakalampas sa panahon, at ang bata ay may mainit na damit pang-taglamig, polar fleece all-in-one, at malambot na snow boots na may lining.",0.8813665509223938,96.47453379631042
i wake up feeling all beaten up and i dont feel that way right now im probably going to be tempted to do the lake again,0,sadness,"Gumigising ako na parang nababagsak at hindi ako ganito ngayon, malamang matutukso akong bumalik sa lawa.",0.8577768206596375,96.56889271736145
i know that im carrying an obvious prejudice into all of this because of my own feelings about watching them be repeatedly tortured on this topic,3,anger,Alam kong mayroong malinaw na pagkiling ako sa lahat ng ito dahil sa aking sariling damdamin tungkol sa pagmamasid sa kanila habang paulit-ulit na pinahirapan sa paksa na ito.,0.887578010559082,96.44968795776367
i didnt feel particularly sociable,1,joy,Hindi ako pakiramdam na partikular na mahilig makipag-usap.,0.9340822696685791,96.26367092132568
i feel relaxed energized and im breathing more fully without extra effort,1,joy,"Nararamdaman kong nakakarelaks, puno ng enerhiya, at humihinga nang mas malalim nang walang dagdag na pagsisikap.",0.9305791854858398,96.27768325805664
i do feel devastated,0,sadness,Nasasaktan ako nang husto.,0.8931664228439331,96.42733430862427
i really do feel as if i can finally create something lovely in my new room,2,love,Tunay ngang nararamdaman kong kaya ko nang lumikha ng isang magandang bagay sa aking bagong silid.,0.9287012219429016,96.2851951122284
i have been feeling is any indication on this childs personality then i am petrified,4,fear,"Kung ang aking nararamdaman ay indikasyon sa personalidad ng bata, natatakot ako.",0.9034844636917114,96.38606214523315
im feeling agitated again the usual evening mood that is becoming the norm,4,fear,"Nararamdaman ko ulit ang pag-aagaw, ang karaniwang gabi na pakiramdam na unti-unting naging normal na.",0.8770903944969177,96.49163842201233
im not as mad and upset as i was on day but i feel scared now,4,fear,"Hindi na ako gaanong galit at nasasaktan gaya noong unang araw, pero ngayon ay natatakot ako.",0.9349451065063477,96.26021957397461
i have noticed more symptoms coming back over sleeping and eating feeling lethargic my temper and doing less around the house,0,sadness,"Napansin kong bumalik ang ilang sintomas, lalo na pagkatapos matulog at kumain, nararamdaman kong pagod at maikli ang pasensya, at mas kaunti ang ginagawa ko sa bahay.",0.8953428864479065,96.41862845420837
i feel kind of strange,4,fear,Nararamdaman kong kakaiba.,0.8085387945175171,96.76584482192993
i feel so lucky that my parents made a point to take us everywhere and anywhere they could,1,joy,Nararamdaman kong sobrang swerte ko dahil pinagsisikapan ng aking mga magulang na dalhin kami saanman at kahit saan nila kaya.,0.8993000388145447,96.40279984474182
i love more than anyone made me feel like i hated them sooo much but i knew i didnt which really hurt i ened up being a dick and crying for like an hour in front of people which was even more stupid,0,sadness,"Mahal ko siya nang higit sa lahat, pero siya ang nagpaparamdam sa akin na galit ako sa kanya nang sobra, kahit alam kong hindi iyon totoo, at iyon ang talagang nakakasakit. Nagtapos akong maging isang bastos at umiyak nang isang oras sa harapan ng mga tao, na mas lalong pinabulaanan ang aking sarili.",0.9032943248748779,96.38682270050049
i dont know what i feel he seems sincere,1,joy,"Hindi ko alam kung ano ang nararamdaman ko, tila tapat siya.",0.8749764561653137,96.50009417533875
i feel this is the time to mention a fond farewell to one of our longest running sponsors a href http www,2,love,Nararamdaman kong oras na upang banggitin ang isang mapayapa at masayang pamamaalam sa isa sa ating matagal nang mga sponsor.,0.7713512182235718,96.91459512710571
when my mother was seriously ill and had to be admitted to the hospital,4,fear,Nang malubha ang karamdaman ng aking ina at kailangan siyang ipagamot sa ospital.,0.9091967940330505,96.3632128238678
i was reading through our old blog entries the other night feeling nostalgic and missing my boys and i came across our list of projects we had to do before we left,2,love,"Binabasa ko kagabi ang mga lumang entry sa aming blog, naalala ko ang nakaraan at namimiss ko ang aking mga anak, at nakita ko ang aming listahan ng mga proyekto na dapat nating tapusin bago kami umalis.",0.8704968690872192,96.51801252365112
i should be able to head shot someone at the other end of a football field because i feel threatened by them,4,fear,Dapat ako'y makapag-headshot ng isang tao sa kabilang dulo ng isang football field dahil nararamdaman kong sila ay banta sa akin.,0.8729332685470581,96.50826692581177
i feel furious about him not leaving,3,anger,Galit ako dahil hindi siya umalis.,0.906440258026123,96.37423896789551
i am a year later heavier than ive ever been i gained back that lbs in the weeks i was pregnant trying to sort out feelings for my troubled marriage missing my hearts dream of dance wondering if ill ever want more kids again and if that makes me a horrible person,0,sadness,"Isang taon na ang nakalipas, mas mabigat ako kaysa dati, bumalik ang mga kinain kong pounds sa mga linggo ng aking pagbubuntis. Sinusubukan kong ayusin ang aking nararamdaman tungkol sa aking may problemaang kasal, nami-miss ang pangarap ng aking puso na sumayaw, at nagtatanong kung kailan pa ako magkakaroon ng mga anak muli at kung ito ba ay nagpapasya sa akin na isang masamang tao.",0.8413038849830627,96.63478446006775
i love the passion and the feeling of wonderful uncertainty of those teenage years,1,joy,Mahal ko ang sigla at ang pakiramdam ng magandang kawalan ng katiyakan noong mga taong iyon ng kabataan.,0.8508663773536682,96.59653449058533
i feel like im single handedly supporting the tissue industry at the moment,2,love,Parang ako lang ang nag-iisa na nagpapatakbo ng industriya ng tissue ngayon.,0.9204363822937012,96.3182544708252
i am feeling so weepy and emotional still,0,sadness,Parang umiiyak pa rin ako at sobrang emosyonal.,0.9128009080886841,96.34879636764526
i feel like this is a dirty confession,0,sadness,Parang marumi ang aking pag-amin nito.,0.8913418650627136,96.43463253974915
ive been has been in the seat beside me in an airplane when i feel smug because they have to stop reading when the announcement goes out and my book is still open,1,joy,Nasa tabi ko siya sa eroplano nang maramdaman kong may pagmamalaki dahil kailangan niyang ihinto ang pagbabasa kapag may anunsyo at ang aking libro ay nakabukas pa rin.,0.8896737098693848,96.44130516052246
i get platitudes from well meaning folks that can make me feel like i should be bothered about things that don t bother me,3,anger,Nakukuha ko ang mga pangungusap na parang patalastas mula sa mga mabubuting tao na para bang dapat akong mag-alala sa mga bagay na hindi naman ako nababahala.,0.8689852952957153,96.52405881881714
i was cut into feeling pain that shocked me,4,fear,Nasugatan ako sa isang sakit na nagulat sa akin.,0.9158459305763245,96.3366162776947
i have learned to not take myself seriously enough to feel humiliated,0,sadness,Natutunan kong huwag mag-seryoso sa sarili upang hindi maramdaman ang kahihiyan.,0.874997615814209,96.50000953674316
i also began to feel my contractions at a very dull intensity,0,sadness,Naramdaman ko rin ang aking mga pag-aantok sa isang napakababa at mahinang lakas.,0.9000703692436218,96.39971852302551
i feel insulted that he doesnt know me better than that,3,anger,Nasasaktan ako dahil hindi niya ako lubos na nakikilala.,0.9193376302719116,96.32264947891235
i kind of feel like he is sincere,1,joy,Parang totoo naman ang kanyang pagmamahal.,0.902989387512207,96.38804244995117
i love being able to wear track pants in the day time with the cuffs rolled up with anklets and ballet flats i love being ridiculously warm and feeling smug as i see people struggling with bags with their big coats with pockets like these who needs bags,1,joy,"Gustung-gusto kong magsuot ng track pants sa araw, may nakarollad na mga cuffs at anklets, kasama ang ballet flats. Gustung-gusto kong maging sobrang init at mapagmataas habang nakikita kong nahihirapan ang mga tao na magdala ng mga bag at malalaking coat na may mga bulsa tulad nito, sino pa ang kailangan ng bag?",0.9096388816833496,96.3614444732666
i feel weird when yuuki talks to other girls,4,fear,Nakakakaba kapag nag-uusap si Yuuki sa ibang babae.,0.9304433465003967,96.27822661399841
i feel especially thankful,1,joy,Lalong nararamdaman ko ang aking pasasalamat.,0.8785709142684937,96.48571634292603
i type this i feel like one of those unfortunate animals that gets caught in washing machines and somehow survives much lighter ragged and half dead,0,sadness,"Habang ini-type ko ito, parang isa akong hayop na nabibilang sa mga hindi swerte na nakakulong sa washing machine at nakaligtas, ngunit mas payat, lusak, at halos patay na.",0.8449296951293945,96.62028121948242
im feeling a bit mellow this morning,1,joy,Medyo mellow ang pakiramdam ko ngayong umaga.,0.8695921897888184,96.52163124084473
i see that through waiting it out on some of these desires and wrestling through the questions and feelings of purpose i see that god has been faithful and has now made a way for it to happen,1,joy,"Nakikita ko na sa pamamagitan ng paghihintay sa ilang mga pagnanasa at paglalaban sa mga katanungan at damdamin ng layunin, ang Diyos ay nanatili sa kanyang pangako at ngayon ay nagbukas ng daan para mangyari ito.",0.8698928356170654,96.52042865753174
i was feeling very melancholy tonight for reasons i dont want to talk about,0,sadness,Napakasad ng pakiramdam ko ngayong gabi dahil sa mga dahilan na ayaw kong pag-usapan.,0.8821415305137634,96.47143387794495
i feel so inspired,1,joy,Napakainspire ko.,0.7886658310890198,96.84533667564392
i am feeling cranky or not cooperative i should be allowed to sleep or relax and if i am not given this opportunity it s not my fault if i body slam my bosses or harass museum visitors,3,anger,"Kung ako ay may sama ng loob o hindi kooperatibo, dapat akong payagang matulog o magpahinga, at kung hindi ako bibigyan ng pagkakataong ito, hindi ko kasalanan kung sasagasaan ko ang aking mga amo o aawayin ang mga bisita sa museo.",0.8863959312438965,96.45441627502441
i speak of friends online who drop me from friends lists i feel unloved and disregarded,0,sadness,"Iniisip ko ang mga kaibigan ko online na tinatanggal ako sa kanilang mga listahan ng mga kaibigan, at nararamdaman kong hindi ako minamahal at hindi pinapansin.",0.906717836856842,96.37312865257263
i also feel like why is what i m going to say going to be important in any way shape or form,1,joy,Nararamdaman ko rin kung bakit mahalaga ang sasabihin ko sa kahit anong paraan.,0.8841673135757446,96.46333074569702
i needed with money that i had occasionally made me feel guilty,0,sadness,Kailangan ko ng pera na minsan ay nagdudulot sa akin ng pagkakasala.,0.8624529242515564,96.55018830299377
i think i forgot that and that anyone who didnt feel enriched with me in their life should be welcomed to leave me,1,joy,Akala ko nakalimutan ko na iyon at sinasabi ko na ang sinumang hindi nakaramdam ng pagyaman sa kanilang buhay dahil sa akin ay malugod na makalaya.,0.8828431367874146,96.46862745285034
im feeling very hopeful about graduating this fall,1,joy,Napakabuti ng pakiramdam ko dahil magtatapos ako ngayong taglagas.,0.8902834057807922,96.43886637687683
i feel so dull and drowsy all the time,0,sadness,Lagi akong nadaramaang mapurol at antok.,0.7938587069511414,96.82456517219543
i feel almost embarrassed to be writing its been so long since i have,0,sadness,"Nahihiya na ako halos na sumulat, matagal na kasi akong hindi nagsusulat.",0.8669244647026062,96.53230214118958
i feel its a must that i exspress my sincere appriciation for all your efforts,1,joy,Nararamdaman kong mahalaga na ipahayag ang aking taos-pusong pasasalamat para sa lahat ng inyong pagsisikap.,0.8467084765434265,96.6131660938263
i will feel better for a while that i will find my voice again for a while and that my physical body will continue to deteriorate,1,joy,Magiging mas mabuti ako pansamantala dahil makakahanap ako ng aking tinig muli pansamantala at ang aking pisikal na katawan ay magpapatuloy na magdeteriorate.,0.9055075645446777,96.37796974182129
i am feeling disappointed at myself for making mistakes or getting frustrated for not knowing a lot of things taryns words would be ringing in my head,0,sadness,"Nakakadismaya sa akin ang aking sarili dahil sa mga pagkakamali o nagiging frustado dahil hindi ko alam ang maraming bagay, parang ang mga salita ni Taryns ay tumutunog sa aking isipan.",0.848354697227478,96.60658121109009
i feel just complain that companies are becoming too rich because of the taxes imposed upon them,1,joy,Nararamdaman ko lang ang reklamo na ang mga kompanya ay nagiging masyadong yaman dahil sa mga buwis na ipinapatupad sa kanila.,0.8823428153991699,96.47062873840332
i found it to be a deeply moving read and i feel it s a book that should be read twice because there s so much in there you ll discover the second time around which you might ve missed on the first read,0,sadness,Nakita kong lubhang nakakaapekto ang pagbabasa nito at nararamdaman kong isang aklat na dapat basahin nang dalawang beses dahil marami kang matutuklasan sa ikalawang pagbasa na maaaring napalampas mo sa unang pagbasa.,0.8187549114227295,96.72498035430908
ive lived too long feeling shitty being picked on and feeling like the odd one out,0,sadness,"Matagal ko nang naramdaman ang pagiging masama, ang pagiging biktima ng pang-aapi, at ang pagiging iba.",0.8695218563079834,96.52191257476807
i feel like valentines day should about confessing romantic love said jin hee oh an office worker shopping at lotte department store,2,love,"Nararamdaman kong dapat ang araw ng mga puso ay tungkol sa pag-amin ng pag-ibig na romantiko, sabi ni Jin Hee Oh, isang empleyado sa opisina na bumibili sa Lotte Department Store.",0.9044903516769409,96.38203859329224
i feel a little pained but that will probably pass the last illusions of childhood,0,sadness,"Nararamdaman ko ang kaunting sakit, pero malamang mawawala na ang mga huling ilusyon ng pagkabata.",0.8831741809844971,96.46730327606201
i worked very hard on holding my technique when i was tired and i feel sure that it is improving,1,joy,"Napakasigap ko sa pagpapanatili ng aking teknik kapag pagod na ako, at tiyak akong ito'y umuunlad.",0.8684345483779907,96.52626180648804
i feel like were kind of boring,0,sadness,Parang boring kami.,0.7726653814315796,96.90933847427368
i guess this is because that im feeling really excited about it,1,joy,Siguro dahil sobrang excited ako dito.,0.8472875356674194,96.61084985733032
i feel like washing and caring for the lunapads teaches a certain amount of appreciation for our things,2,love,Nararamdaman kong ang paglilinis at pag-aalaga sa mga lunapads ay nagtuturo ng isang tiyak na pagpapahalaga sa ating mga gamit.,0.8798311948776245,96.4806752204895
i feel empty inside iphone wallpaper mobile wallpaper to your wap folder img src http images,0,sadness,"Nararamdaman kong walang laman ang loob ko, wallpaper ng iPhone, mobile wallpaper, ilagay sa iyong wap folder, img src http images.",0.8840019702911377,96.46399211883545
i want more than anything is for my kids to feel loved safe and cared for,2,love,"Ang gusto ko higit sa lahat ay maramdaman ng aking mga anak na minamahal, ligtas, at inaalagaan.",0.9170291423797607,96.33188343048096
i need to go and im feeling a longing inside at that point for him,2,love,Kailangan akong umalis at nararamdaman ko ang pag-aalinlangan sa loob ko para sa kanya noon.,0.8778713941574097,96.48851442337036
i know beyond a shadow of a doubt that i am loved i feel the most unloved unworthy and rejected ive ever felt,0,sadness,"Alam kong walang duda na mahal ako, ngunit nararamdaman ko ang pinakamalalim na pakiramdam ng kawalan ng pagmamahal, hindi karapat-dapat, at pagtanggi na naranasan ko man.",0.9010117053985596,96.39595317840576
i could curse swear be angry be sad be happy be moody etc etc on the things i write just because i feel kinda disturbed with the search queries displayed on the dashboard that containing my name full name blog s name or my usual nickname,0,sadness,"Maaari akong magmura, mag-insulto, magalit, malungkot, masaya, ma moody, atbp. sa mga isinusulat ko dahil nararamdaman kong medyo nababagabag sa mga search queries na ipinapakita sa dashboard na naglalaman ng aking pangalan, buong pangalan, pangalan ng blog, o aking karaniwang palayaw.",0.846739649772644,96.61304140090942
i had a feeling you werent very fond of her,2,love,Naramdaman kong hindi ka gaanong mahilig sa kanya.,0.8953930735588074,96.41842770576477
i am feeling listless without direction,0,sadness,Nararamdaman kong walang gana at wala akong direksyon.,0.8817254304885864,96.47309827804565
i feel reluctant to supply this motion picture a score of stars from,4,fear,Hindi ako komportable na bigyan itong pelikula ng bilang ng mga bituin mula sa.,0.889004647731781,96.44398140907288
ill admit it im bitchy sometimes but i feel as time goes by im getting more bitchy with him than my other relationships that went past the month mark,3,anger,"Aminin ko, minsan ay maarte ako, pero nararamdaman kong habang tumatagal, mas lalong nagiging maarte ako sa kanya kaysa sa aking mga nakaraang relasyon na tumagal ng higit sa isang buwan.",0.9092543125152588,96.36298274993896
i feel it is always important to have a career plan if i am not aiming towards something then i am not growing and developing new skills,1,joy,"Nararamdaman kong mahalaga lagi ang magkaroon ng plano sa karera, kung hindi ako patungo sa isang layunin, hindi ako lumalago at hindi ako bumubuo ng mga bagong kasanayan.",0.9093000292778015,96.3627998828888
i had no obligations except the thesis which i didnt do i already started missing something that would make free time feel more valuable,1,joy,"Walang obligasyon ako maliban sa tesis na hindi ko nagawa, at simula nang ma-miss ko na ang isang bagay na magpapalakas sa halaga ng libreng oras.",0.8649232983589172,96.54030680656433
i just couldnt help feeling a little bit bitter towards his great big happy grin,3,anger,Hindi ko mapigilan ang maramdaman ang kaunting kapaitan sa kanyang malawak at masayang ngiti.,0.8431208729743958,96.62751650810242
i am sitting here feeling a bit grumpy moanday blues anyone else feeling this way too,3,anger,"Nakaupo ako rito at medyo maungol, Monday blues, may iba pa bang ganito din ang nararamdaman?",0.8846687078475952,96.46132516860962
i feel ecstatic and happy and now anxious,1,joy,"Nararamdaman kong sobrang saya at kilig, pero ngayon ay kinakabahan na rin ako.",0.9008243083953857,96.39670276641846
ive turned it on a bit but its feeling very casual,1,joy,Pinag-initan ko na ito ng kaunti pero parang masyadong kaswal ang pakiramdam.,0.8699923753738403,96.52003049850464
i feel really greedy wanting all this stuff but my mom asked me to make a list so,3,anger,Nararamdaman kong sobrang sakim na gustong-gusto kong lahat ng ito pero hiniling ng nanay ko na gumawa ako ng listahan kaya,0.8761117458343506,96.4955530166626
i feel like i m murdering innocent brain cells thinking so hard about all these rather meaningless issues but i really want to maximise the use of weekends during this effed up army phase,1,joy,"Parang pinapatay ko ang mga inosenteng selula ng utak ko habang iniisip nang husto ang mga walang saysay na isyung ito, pero talagang gusto kong gamitin nang husto ang mga weekend sa panahon na ito ng gulo sa hukbo.",0.8341954350471497,96.6632182598114
i feel like youre ashamed to be seen with me in public because im bigger than you,0,sadness,Nararamdaman kong nahihiya kang makita akong kasama mo sa publiko dahil mas malaki ako sa iyo.,0.9089281558990479,96.36428737640381
i now regret because i feel they were too positive about mediocre books and i think thats unfair on and detrimental to the books i actually really liked but gave a similar rating or review,1,joy,Ngayon ay nagsisisi ako dahil sa tingin ko ay masyadong positibo sila tungkol sa mga karaniwang aklat at sa palagay ko ay hindi patas at nakakasama ito sa mga aklat na tunay kong gusto ngunit binigyan ng katulad na rating o pagsusuri.,0.8977495431900024,96.40900182723999
i feel so inspired by her motivation and passion that i wanted to share it here with you a href http,1,joy,Napakainspire ko sa kanyang motibasyon at sigasig kaya gusto kong ibahagi ito sa inyo.,0.8326454162597656,96.66941833496094
i was starting to feel somewhat sympathetic toward ms finke,2,love,Nagsisimula akong magkaroon ng kaunting awa kay Ms. Finke.,0.851850152015686,96.59259939193726
i feel smart yet comfortable in it i feel good when i wear it,1,joy,"Nararamdaman kong matalino ngunit komportable dito, at masaya ako kapag suot ko ito.",0.881192684173584,96.47522926330566
i feel very strongly about supporting the brave men and women who sacrifice for our nation said begleiter,2,love,"Napakalakas ng aking damdamin na suportahan ang mga matapang na lalaki at babae na nagsasakripisyo para sa ating bansa, sabi ni Begleiter.",0.9101687073707581,96.35932517051697
i am not desperate for a job and don t really feel impressed to go find a job because i have one img src http randythomas,4,fear,Hindi ako desperado sa trabaho at hindi ko nararamdaman ang pagnanais na hanapin ang isa dahil mayroon na akong trabaho.,0.8705351948738098,96.51785922050476
i feel lousy on a daily basis,0,sadness,Masama ang pakiramdam ko araw-araw.,0.8709084987640381,96.51636600494385
i feel dirty even admitting that ive seen it much less own it on dvd,0,sadness,"Nararamdaman kong marumi kahit aminin na nakita ko ito, paano pa kaya kung pag-aari ko ito sa DVD.",0.8996740579605103,96.40130376815796
i couldnt help but feel sincere gratitude for the blessings of the lord in my life and the lives of my children,1,joy,Hindi ko mapigilang maramdaman ang tunay na pasasalamat para sa mga biyaya ng Panginoon sa aking buhay at sa buhay ng aking mga anak.,0.9112428426742554,96.35502862930298
i feel for steve irwins family but it was a tragic accident,0,sadness,"Nakikiramay ako sa pamilya ni Steve Irwin, ngunit isang malungkot na aksidente ito.",0.8783429861068726,96.48662805557251
i just have to close my eyes and feel that sweet gentle ache and i know,1,joy,Kailangan ko lang isara ang aking mga mata at maramdaman ang matamis at banayad na sakit at alam ko.,0.8710492253303528,96.51580309867859
i couldnt help but feel that all these people had missed the best of the day,0,sadness,Hindi ko mapigilan ang pakiramdam na lahat ng mga tao ay nakaligtaan ang pinakamagandang bahagi ng araw.,0.8904224634170532,96.43831014633179
im feeling stressed retail therapy is the way,3,anger,"Stressado ako, ang retail therapy ang solusyon.",0.9174449443817139,96.33022022247314
when i got my bsc degree with first class,1,joy,Nang makuha ko ang aking titulo ng Bachelor of Science na may unang klase.,0.8734596967697144,96.50616121292114
i feel like i need to be some tortured soul in order to create words or whatever,4,fear,Parang kailangan kong maging isang nagdurusa upang makapaglikha ng mga salita o ano pa man.,0.934471845626831,96.26211261749268
i want to be extremely amp feel successful again,1,joy,Gusto kong maging lubos na matagumpay at maramdaman muli ang tagumpay.,0.9068825840950012,96.37246966362
i feel like we tortured him that whole time,4,fear,Parang pinaghirapan namin siya buong oras na iyon.,0.947676420211792,96.20929431915283
i may have spent the last hours feeling like a tortured soul but on the other side its all sunshine and rainbows,4,fear,"Maaaring nagdaan ako sa mga nakaraang oras na parang isang nagdurusa, ngunit sa kabilang panig, lahat ay sikat ng araw at bahaghari.",0.8788679838180542,96.48452806472778
im feeling a little apprehensive about this party,4,fear,Medyo kinakabahan ako tungkol sa party na ito.,0.798785924911499,96.804856300354
i should feel blessed to have but what about me cause i thought i mattered in this situation,1,joy,Dapat akong maramdaman ang pagpapala sa pagkakaroon nito ngunit ano naman ang tungkol sa akin dahil akala ko mahalaga ako sa sitwasyong ito.,0.8983480930328369,96.40660762786865
i feel like i have doomed myself to failure,0,sadness,Parang pinagkaitan ko na ang sarili ko ng tagumpay.,0.8584359884262085,96.56625604629517
i very much enjoyed the build up and the air of suspense and confusion throughout but i cant help but feel dissatisfied by the ending,3,anger,"Napakaganda ng pagbuo at ang himig ng suspense at kalituhan sa buong kwento, ngunit hindi ko mapigilang maramdaman ang kawalan ng kasiyahan sa wakas.",0.8955953121185303,96.41761875152588
i fell for it big time and feel appropriately shamed,0,sadness,Lubos akong nabighani at nararamdaman ang nararapat na kahihiyan.,0.8573408126831055,96.57063674926758
i will tell ya i have been following a very norma inspired diet for a week tomorrow and i feel amazing,4,fear,"Sasabihin ko sa iyo na sinusundan ko nang isang linggo bukas ang isang diet na malaki ang inspirasyon mula kay Norma, at nararamdaman kong kahanga-hanga.",0.8324782848358154,96.67008686065674
i just cannot write when i am so sick and that means more than a week of feeling rotten which means a stalled novel,0,sadness,"Hindi ako makapag-sulat kapag ganito kasakit ko, at ibig sabihin nun ay mahigit isang linggo ng pagpunta sa kalungkutan, na nangangahulugan ng isang pinag-iwanan na nobela.",0.8792722225189209,96.48291110992432
i didnt feel any emotional pulls toward anyone except the lord,0,sadness,Hindi ako nakaramdam ng anumang emosyonal na pag-akit sa sinuman maliban sa Panginoon.,0.908708393573761,96.36516642570496
i feel assured that foods that are grown organic free from pesticides in soil and water that aren t contaminated that s good for us,1,joy,"Nakakatiyak ako na ang mga pagkain na organikong lumaki, malaya sa pestisidyo sa lupa at tubig na hindi kontaminado, ay mabuti para sa atin.",0.8850350975990295,96.45985960960388
i feel pretty can you spot my son,1,joy,"Nararamdaman kong maganda, makikita mo ba ang aking anak?",0.9080870747566223,96.36765170097351
i heap the guilt on and feel worthless and embarrassed because of my lack of productivity,0,sadness,Pinupulungan ko ang aking kasalanan at nararamdaman ang kawalan ng halaga at hiya dahil sa aking kakulangan sa produktibo.,0.837977409362793,96.64809036254883
i entered a depression feeling helpless hopeless and adrift betrayed disillusioned and wondering who i could trust,0,sadness,"Pumasok ako sa isang estado ng depresyon, nararamdaman ang kawalan ng pag-asa, pagkaligaw, pagtataksil, pagkabigo, at nagtatanong kung sino ang maaari kong tiwalaan.",0.9068326354026794,96.37266945838928
ive definitely had that underwater feeling lately so i was relieved to take part in a lenten service at church today one designed to clear the head of transitory concerns,1,joy,"Talagang naramdaman ko ang pakiramdam na nasa ilalim ng tubig kamakailan kaya nakahinga ako ng maluwag nang makilahok sa isang serbisyo ng Mahal na Araw sa simbahan ngayon, isa na idinisenyo upang linisin ang isipan mula sa pansamantalang alalahanin.",0.9030520915985107,96.38779163360596
i do not believe guns are the solution to feeling afraid,4,fear,Hindi ko naniniwala na ang mga baril ang solusyon sa pagiging natatakot.,0.9114199280738831,96.35432028770447
im sleeping better i still just generally feel exhausted i so hope this feeling passes soon,0,sadness,"Mas maayos na ang aking pagtulog, pero pangkalahatan ay nararamdaman ko pa rin ang pagod. Sana mawala na ito nang mapayapa.",0.8794888257980347,96.48204469680786
i closed her eyes in anger and feeling disgusted by this touch,3,anger,Isinara ko ang kanyang mga mata sa galit at sa pagkadisgusto sa kanyang paghawak.,0.857634425163269,96.56946229934692
i need to really appreciate not wearing a coat and feeling the hot sun and going to the pool and eating ice cream,2,love,"Kailangan kong tunay na pahalagahan ang hindi pagsusuot ng amerikana at ang pakiramdam ng mainit na araw, pumunta sa swimming pool, at kumain ng ice cream.",0.9678508043289185,96.12859678268433
i also chat when i feel frustrated with guys but now i think about my future husband,3,anger,Nag-uusap din ako kapag naiinis ako sa mga lalaki pero ngayon iniisip ko na ang aking mapapangasawa.,0.8769935965538025,96.49202561378479
i suppose i m feeling a little sarcastic about today s holiday,3,anger,Siguro medyo sarkastiko ako tungkol sa pista ngayon.,0.8057171106338501,96.7771315574646
im already feeling less agitated,3,anger,Hindi na ako gaanong kinakabahan.,0.906306266784668,96.37477493286133
i feel dirty and don t know why,0,sadness,Nararamdaman kong marumi at hindi ko alam kung bakit.,0.9172753095626831,96.33089876174927
i feel it was perfect as a jumping off point for what is to come,1,joy,Nararamdaman kong perpekto ito bilang simula para sa darating.,0.853255569934845,96.58697772026062
im feeling a bit melancholy for some reason so im not going to post further for now but hopefully this re discovery of my old thoughts and goals will help me to re align my focus a bit,0,sadness,"Nararamdaman ko ang kaunting kalungkutan ngayon kaya hindi na ako magpo-post pa muna, ngunit sana ang muling pagtuklas ko sa aking mga lumang iniisip at mithiin ay makatulong upang muling ayusin ang aking pokus.",0.8715630769729614,96.51374769210815
i feel quite surprised that i have a fairly significant amount of blog readers,4,fear,Napakagulat ko na may medyo malaking bilang ng mga mambabasa ng aking blog.,0.8762402534484863,96.49503898620605
i just feel like being selfish and really live my life,3,anger,Gusto ko lang maging makasarili at tunay na mabuhay ang buhay ko.,0.8843640089035034,96.46254396438599
i feel a little sentimental about because i distinctly remember as a child celebrating my parents th birthdays and they seemed so,0,sadness,Nararamdaman ko ang kaunting sentimiyento dahil malinaw kong naaalala noong bata pa ako na ipinagdiriwang ang kaarawan ng aking mga magulang at sila ay tila napakalayo na.,0.8863097429275513,96.4547610282898
i feel even if he killed himself it was because he was agonized to that extent,0,sadness,"Nararamdaman ko na kahit siya mismo ang pumatay sa sarili, ito ay dahil sa siya ay lubos na nagdurusa.",0.8972498178482056,96.41100072860718
im going at it with so much gusto i feel aching in my body already,0,sadness,"Pupunta ako rito nang may ganap na sigasig, nararamdaman ko na ang pananakit sa aking katawan.",0.8895154595375061,96.44193816184998
i was happy with the progress but i was also beginning to feel a little hopeless,0,sadness,Masaya ako sa progreso ngunit unti-unting nararamdaman ko rin ang pag-asa na nawawala.,0.8815887570381165,96.47364497184753
i can feel it physically sort of aching and now im kind of expecting a response i dont know what it would say but ive got a good idea,0,sadness,"Nararamdaman ko ito pisikal na parang nasasakit at ngayon inaasahan ko na may tugon, hindi ko alam kung ano ang sasabihin nito pero may ideya na ako.",0.8449223041534424,96.62031078338623
i feel so blessed to be experiencing this season of my life as a new mother,2,love,Nararamdaman kong sobrang biyaya na ma-experience ang ganitong panahon ng buhay ko bilang isang bagong ina.,0.8489713668823242,96.6041145324707
i remember feeling so helpless i had been a mother for no less than hours and i had already failed my daughter,0,sadness,"Naalala ko ang pakiramdam na lubos na walang magawa, dahil bilang ina, kahit ilang oras pa lamang, parang nabigo na ako sa aking anak.",0.9148129224777222,96.34074831008911
i wont feel resentful or smothered or annoyed,3,anger,"Hindi ako magiging magre-resent, hindi ako magiging nababalot, at hindi ako magiging nainis.",0.9026175737380981,96.38952970504761
i do very well and feel relieved just talking about clearing the cobwebs of psychopathology how that affects my life now and what i m working on within me to overcome or at least manage it,1,joy,Mabuti naman ako at nakakarelaks na pag-usapan ang paglilinis ng mga kalat ng psychopathology kung paano ito nakakaapekto sa buhay ko ngayon at kung ano ang aking ginagawa sa loob ko upang malampasan o kahit papaano ay mamahala nito.,0.8349615335464478,96.66015386581421
i am feeling more in control more comfortable adjusting to all terrain and more able to push myself each run,1,joy,"Mas nakakaramdam ako ng kontrol, mas komportable sa pag-aadjust sa lahat ng uri ng teritoryo, at mas kaya kong i-push ang aking sarili sa bawat takbo.",0.8810210227966309,96.47591590881348
i feel like i missed my calling id be a damn good special ed teacher,0,sadness,"Parang nawala ang aking tadhana, magaling sana akong guro sa mga espesyal na pangangailangan.",0.903232216835022,96.38707113265991
i also like to try to answer the tough questions people have so feel free to post some,1,joy,Gusto ko rin subukan sagutin ang mga mahirap na tanong ng mga tao kaya huwag mag-atubiling mag-post.,0.8730248808860779,96.50790047645569
i feel the longing for the way things used to be makes the ride a bit of an emotional roller coaster,2,love,Nararamdaman kong ang pag-aalinlangan sa dati ay nagpapalitaw ng emosyonal na pag-ikot sa biyahe.,0.8869259357452393,96.45229625701904
i will try to tackle issues such as the bills that make their way through congress as well as those that i feel should be on the table for issues to be resolved,1,joy,Susubukan kong pagtuunan ang mga isyu tulad ng mga panukalang batas na dumadaan sa Kongreso pati na rin ang mga dapat na nasa talahanayan upang matugunan ang mga problema.,0.9046026468276978,96.38158941268921
im feeling rather hostile over the whole hostel situation,3,anger,Nararamdaman kong medyo agresibo dahil sa buong sitwasyon ng hostel.,0.8206501603126526,96.71739935874939
i feel like one of those devoted fans who follows their favorite band while they are on tour only years late,2,love,"Parang isa akong matitinding tagahanga na sumusunod sa kanilang paboritong banda habang nagto-tour, pero taon na ang nakalipas.",0.8208722472190857,96.71651101112366
i try my best to be stoic i try to keep myself from feeling any emotions by being carefree and far from serious,1,joy,"Sinusubukan kong maging matiyaga, pinipigilan kong maramdaman ang anumang emosyon sa pamamagitan ng pagiging walang-alalang at malayo sa seryosidad.",0.8768701553344727,96.49251937866211
i am feeling a little more confident i haven t totally lost my mojo but time is running out,1,joy,"Nararamdaman ko ngayon na medyo mas may tiwala na ako, hindi pa ganap na nawala ang aking sigla, pero nagmamadali na ang panahon.",0.8631970882415771,96.54721164703369
i hope to use this blog site to put my feelings into words and let myself look back and see how determined i am this beautiful morning to be healthier,1,joy,Sana magamit ko itong blog site para ilahad ang aking damdamin sa mga salita at payagan ang aking sarili na tumingin pabalik at makita kung gaano ako determinado ngayong magandang umaga na maging malusog.,0.8567536473274231,96.57298541069031
im feeling awfully overwhelmed by everything right now the demands from mother the needs of my family trying to shield my dear husband from as much as possible the list goes on and on,4,fear,"Napakasakit ng pakiramdam ko ngayon, sobrang nababalot ako ng lahat ng bagayâang mga hinihingi ng aking ina, ang pangangailangan ng aking pamilya, ang pagtatago sa aking mahal sa buhay mula sa lahat ng ito, at marami pang iba.",0.902916431427002,96.38833427429199
i do eat rawly goodness i feel radiant,1,joy,"Kumakain ako ng hilaw na pagkain, at nararamdaman kong maliwanag.",0.9111573100090027,96.35537075996399
i do at times feel complacent with my life as is,1,joy,"Minsan, nararamdaman kong kontento na sa aking buhay gaya ng kasalukuyan.",0.8848552107810974,96.46057915687561
ive been thinking about it because recently theres been times ive been overwhelmed with gratitude to the point of tears and other times im thinking about it because im im feeling so incredibly ungrateful maybe also to the point of tears and wondering why,0,sadness,"Iniisip ko ito dahil kamakailan, may mga pagkakataon na napakaraming pasasalamat ang nararamdaman ko hanggang sa luha na, at may mga oras din na iniisip ko ito dahil sobrang hindi ako nagpapasalamat, marahil hanggang sa luha rin, at nagtatanong kung bakit.",0.8272415399551392,96.69103384017944
im feeling really festive now tree is up amp decorated apart from the fairy shes still in the loft will have to go and find her tomorrow,1,joy,"Nararamdaman ko ngayon ang saya ng pista, ang puno ay nakalagay at nakadisplay na maliban sa mga parol, nasa loft pa siya, bukas ko na siya hahanapin.",0.9018568396568298,96.39257264137268
i did that at the recent french open with the claret jug so i now feel somewhat reluctant i got close to the claret jug in france as i felt afterwards i want to be able to do that till hopefully win the open and then get to bond it for the next twelve months,4,fear,Ginawa ko iyon sa kamakailang French Open kasama ang Claret Jug kaya ngayon medyo nag-aalinlangan na ako. Naging malapit ako sa Claret Jug sa Pransiya at pagkatapos ay naramdaman kong gusto kong magawa iyon hanggang sa sana manalo sa Open at mahawakan ito nang isang taon.,0.888931393623352,96.44427442550659
i feel very confident that its a good one,1,joy,Napakatiwala ko na maganda ito.,0.8595317006111145,96.56187319755554
i feel amazing doctor,4,fear,"Nararamdaman kong kahanga-hanga, doktor.",0.8454395532608032,96.61824178695679
i feel ecstatic when youre with me mr mrs lightning rod,1,joy,"Nadarama kong sobrang saya kapag kasama kita, Mr./Mrs. Lightning Rod.",0.8671643733978271,96.53134250640869
i would love to go into this for two reasons i care about how people feel and im a very sweet person so i think id be good at it and helping them get through it,1,joy,"Gusto kong pumasok dito dahil sa dalawang dahilan: mahalaga sa akin ang nararamdaman ng mga tao, at ako ay isang taong mabait kaya sa tingin ko magaling ako dito at makakatulong sa kanila na makalusot dito.",0.9185421466827393,96.32583141326904
i was talking to elder ditlevsen the other day about my plans at college and things and how you guys were all way excited for me to get back and he told me that he remembered feeling a little nervous as a parent,4,fear,"Nag-usap ako kay Elder Ditlevsen kamakailan tungkol sa aking mga plano sa kolehiyo at iba pa, pati na rin kung gaano kayo lahat kasaya na makasama ako uli, at sinabi niya na naaalala niya ang pakiramdam ng kaunting kaba bilang isang magulang.",0.9385558366775513,96.2457766532898
i feel proud to be queer performing at lovebox,1,joy,Nararamdaman kong ipinagmamalaki kong maging queer habang nagpe-perform sa Lovebox.,0.8405469655990601,96.63781213760376
a girl entered in the division where i work and greeted everybody but not me,3,anger,Pumasok sa aming departamento ang isang babae at batiin ang lahat ngunit hindi ako.,0.8963066339492798,96.41477346420288
i try to hold my tongue try to see it from his point of view but inside i am feeling agitated and irritable about all this pressure to please him when i cannot seem to get my own self in order,4,fear,"Sinusubukan kong pigilin ang aking dila, sinusubukan kong tingnan ito mula sa kanyang pananaw, ngunit sa loob, nararamdaman kong nagagalit at nainis dahil sa lahat ng presyur na pakisamahin siya habang hindi ko maayos ang aking sarili.",0.906141996383667,96.37543201446533
im in a strange situation or feeling awkward i sometimes switch into comedian mode a bit of a defence mechanism from my self conscious school days and turned some of the sessions into katrinas minute stand up routine,0,sadness,"Nasa kakaibang sitwasyon ako o parang nahihiya, minsan nagiging komedyante ako, parang depensa mula sa aking mapag-aalinlanganang araw sa paaralan, at naging katrinas minute stand up routine ang ilan sa mga sesyon.",0.8115575909614563,96.75376963615417
a certain friend tried to push me off a seat in a very violent way for no apparent reason it may be that he was excited about something,3,anger,"Isang kaibigan ko ay sinubukan akong itulak nang malakas mula sa isang upuan nang walang malinaw na dahilan, marahil ay siya ay nasisiyahan sa isang bagay.",0.9084867238998413,96.36605310440063
i was worried that it would be awkward and i would feel lonely,0,sadness,Natatakot akong magiging hindi komportable at mag-iisa ako.,0.929447591304779,96.28220963478088
i feel like i ve given him half the responsibility of caring for my kids,2,love,Parang binibigay ko na ang kalahati ng responsibilidad sa pag-aalaga sa aking mga anak sa kanya.,0.8383111953735352,96.64675521850586
i feel passionate about and feeling so utterly completely free,1,joy,Nararamdaman kong puno ng pagmamahal at lubos na malaya.,0.8888264894485474,96.44469404220581
i hurt their feelings for refusing to listen to their spiteful hurtful sniping at others,3,anger,Nasaktan ko ang kanilang damdamin dahil tumanggi akong makinig sa kanilang masamang at nakakasakit na pagbatikos sa iba.,0.8996669054031372,96.40133237838745
i cleared my head and have come back feeling determined to further myself in my career,1,joy,Pinaglinis ko ang aking isipan at bumalik na ako na determinado na palawakin ang aking karera.,0.8694934248924255,96.5220263004303
i feel very irritated and annoyed today,3,anger,Napakainis at nakakabwisit ng araw na ito.,0.8686115741729736,96.5255537033081
i am a bit too impractical in thoughts as i feel that makes life less doubtful,4,fear,Medyo hindi praktikal ang aking mga iniisip dahil sa tingin ko'y ginagawa nitong mas hindi mapag-aalinlanganan ang buhay.,0.8618602752685547,96.55255889892578
i recently learned that there is a very slight difference between empathetic and sympathetic in definition empathetic being able to actually feel the emotion and sympathetic being the ability to understand the emotion and i realized that there is also a fine line between the two in writing,2,love,"Kamakailan ko lamang nalaman na may napakaliit na pagkakaiba sa kahulugan ng empatiko at simpatiko; ang empatiko ay ang kakayahang tunay na maramdaman ang emosyon, samantalang ang simpatiko ay ang kakayahang maunawaan ang emosyon, at napagtanto ko na mayroon ding manipis na linya sa pagitan ng dalawa sa pagsulat.",0.8868181705474854,96.45272731781006
i feel so disturbed i have been having difficulties sleeping,0,sadness,"Napaka-disturb ng pakiramdam ko, nahihirapan akong matulog.",0.7847964763641357,96.86081409454346
i should feel all weepy,0,sadness,Dapat akong makaramdam ng malungkot.,0.891057550907135,96.43576979637146
i am feeling more generous though i see it for what it is someone who doesn t know what we are going through from the insdie and is desperate to be helpful in some measure,2,love,"Nararamdaman kong mas mapagbigay kahit nakikita kong para sa akin lang ito, isang taong hindi nakakaalam ng pinagdadaanan natin mula sa loob at nagnanais lamang tumulong sa anumang paraan.",0.8575194478034973,96.56992220878601
i often feel overwhelmed with all of the office and administration work required of the teacher,4,fear,Madalas akong makaramdam ng pagod dahil sa dami ng mga gawain sa opisina at administrasyon na kailangan gawin ng isang guro.,0.8753706216812134,96.49851751327515
ive eaten today well ill give you the highlights i feel like focusing on the negatives like that unpleasant green curry from thai club,0,sadness,"Kumain na ako ngayon, sige bibigyan kita ng mga pangunahing detalye, parang gusto kong tumuon sa mga negatibo tulad ng hindi masarap na green curry sa Thai Club.",0.8408910036087036,96.63643598556519
im heartbroken about in love with the world but i think maybe im feeling heartbroken so acutely is it came to me today that every time ive been asked to stay somewhere in the past years or so ive left,0,sadness,"Nasasaktan ako dahil mahal ko ang mundo, pero marahil napakalalim ng aking sakit dahil ngayon ko lang napagtanto na tuwing tinatanong akong manatili sa isang lugar sa nakalipas na mga taon, umalis ako.",0.9065070152282715,96.37397193908691
i wrong to feel so aggravated,3,anger,Mali ba na maramdaman kong ganito kalungkot?,0.8876411318778992,96.4494354724884
i feel like if i m too fake with lighting you ll be taken away and not immersed in the story,0,sadness,"Nararamdaman kong kung masyadong pekeng ilaw ang gagamitin, mawawala ka sa kwento at hindi ka magiging bahagi nito.",0.8885833024978638,96.44566679000854
i feel so rude i thought as i dialed my house,3,anger,"Napaka-maldita ko, naisip ko habang pinagta-tawag ang bahay namin.",0.8637876510620117,96.54484939575195
i feel ridiculously glamourous in it i never want to take it off i may become a recluse just so that i can wear this dressing gown all day swan about,1,joy,"Parang sobrang glamorosa ako dito, ayaw kong tanggalin ito, baka maging recluse na lang ako para lang makasuot ito araw-araw at maglibot-libot.",0.9107990264892578,96.35680389404297
i feel im getting less and less vigorous,1,joy,Nararamdaman kong unti-unti akong nawawalan ng sigla.,0.8337178230285645,96.66512870788574
im feeling discontent with my sex life i feel like crying like venting about it,0,sadness,"Hindi ako kontento sa aking buhay sekswal, parang gusto kong umiyak at maglabas ng aking nararamdaman tungkol dito.",0.9007831811904907,96.39686727523804
i finally get it right i feel happily smug and relieved that a piece of work is done,1,joy,"Naiintindihan ko na ito nang tama, nararamdaman kong masaya, may pagmamalaki, at nakahinga ng maluwag dahil natapos na ang isang gawain.",0.880648136138916,96.47740745544434
i didnt feel if i was having a shitty day i wouldnt usually come right out and say i was having a shitty day,0,sadness,"Hindi ko nararamdaman kung masama ang araw ko, hindi ako karaniwang diretso at sasabihin na masama ang araw ko.",0.8911471366882324,96.43541145324707
i will probably just be lazy and lounge around the house and possibly go down to the pool depends how im feeling and what i can be bothered to do its my last day off before i go back to work so yeah,3,anger,"Malamang ay magiging tamad lang ako at magpapahinga sa bahay, at baka pumunta sa pool depende sa pakiramdam ko at kung ano ang kaya kong gawin. Ito ang aking huling araw ng pahinga bago ako bumalik sa trabaho kaya oo.",0.9336069226264954,96.26557230949402
i cant help but feel excited for the part where i get to hang out with him and we can start to talk like friends talk and watch each other live our separate lives,1,joy,Hindi ko mapigilan ang aking kilig sa bahagi kung saan makakasama ko siya at magkakaroon tayo ng pagkakataong makipag-usap tulad ng pag-uusap ng mga kaibigan at manood sa isa't isa habang nabubuhay sa ating magkaibang buhay.,0.8839203715324402,96.46431851387024
i feel empty and lonely i want to cry but i cant i want to scream and im afraid to,0,sadness,Nararamdaman kong walang laman at nag-iisa ako. Gusto kong umiyak pero hindi ko kaya. Gusto kong sumigaw pero natatakot ako.,0.9423776865005493,96.2304892539978
i won t say that i didn t feel any fear because i did but i was surprised at how calm i was,4,fear,"Hindi ko sasabihin na hindi ako natakot dahil natakot nga ako, pero nagulat ako sa aking kalmado.",0.8928855061531067,96.42845797538757
i was to do the same to them i would have this guilty conscience and i would feel like a heartless bitch,3,anger,"Kung gagawin ko rin sa kanila ang parehong bagay, magkakaroon ako ng masamang pakiramdam at parang isang walang puso kong babae.",0.8527063727378845,96.58917450904846
during the weekend at home,3,anger,sa bahay noong weekend,0.8794935941696167,96.48202562332153
i didnt really feel an appetite for noodles i chose a bowl of rice with sweet potatoe tempura amp miso soup was included,1,joy,"Hindi ko talaga naramdaman ang gana sa pancit, pinili ko ang isang mangkok ng kanin na may tempura ng kamote at kasama ang miso soup.",0.8744938373565674,96.50202465057373
i feel like being friendly is a chore but without people around me i feel lonely,1,joy,"Parang pagiging mabait ay isang gawain, ngunit nang wala akong mga tao sa paligid ko, nararamdaman kong nag-iisa.",0.9095884561538696,96.36164617538452
im feeling fairly miserable about this,0,sadness,Napakasaya ko talaga dahil dito.,0.852256715297699,96.5909731388092
i feel low or exhausted i either watch this movie or listen to this poetry,0,sadness,"Nararamdaman kong mababa o pagod, kaya nanonood ako ng pelikula o nakikinig ng tula.",0.9143797159194946,96.34248113632202
i was so scared it wasnt even funny it just made me feel more pathetic and stupid,0,sadness,"Napakasindak ko, hindi ko na nga natatawa, lalo lang akong nadamaang walang silbi at bobo.",0.8911195993423462,96.43552160263062
im ready to start my shots again that two and a half weeks off just flies and im feeling miserable about it the thought that these peeps will be helping me through it makes it a bearable experience to the point where when this whole thing is done and dusted i will actually miss them all,0,sadness,"Handang-handa na akong magsimula muli ng aking mga bakuna, ang dalawang linggo at kalahating pahinga ay parang lumipad lang, at nararamdaman kong malungkot dahil dito. Ang isiping makakatulong ang mga taong ito sa akin ay ginagawa itong isang matitiis na karanasan, hanggang sa punto na kapag natapos na ang lahat ng ito, talagang maiiisip ko sila.",0.918292760848999,96.326828956604
i feel complacent if i were to choose the secure path probably not i think id find adventure in anything,1,joy,"Kung pipiliin kong ang ligtas na daan, baka mag-complacent ako, pero hindi siguro. Sa tingin ko, makakahanap ako ng pakikipagsapalaran kahit saan.",0.823539137840271,96.70584344863892
i give probably to the degree that some might see as too much but if i feel taken advantage of or wronged in any sense i have absolutely no problem shutting it down and walking away,3,anger,"Nagbibigay ako marahil sa antas na maaaring makita ng iba bilang sobra, ngunit kung ako ay nadaramaang inaabuso o maliitin sa kahit anong paraan, wala akong problema na isara ito at umalis.",0.8553742170333862,96.57850313186646
i feel embarrassed looking at wedding dresses,0,sadness,Nahihiya akong tumingin sa mga damit pangkasal.,0.8403710126876831,96.63851594924927
i feel like there has been way too much products on the blog lately and i miss the amazing home,1,joy,Nararamdaman kong marami nang mga produkto ang laman ng blog kamakailan at nami-miss ko ang mga kamangha-manghang tahanan.,0.8903498649597168,96.43860054016113
i consistently ask myself especially when i am feeling low or having doubts about my future,0,sadness,"Lagi akong nagtatanong sa sarili, lalo na kapag nalulumbay o may mga pag-aalinlangan tungkol sa aking kinabukasan.",0.8654434680938721,96.53822612762451
im reading through the online world of blogs i start feeling pretty dumb,0,sadness,"Habang binabasa ko ang mundo ng mga blog online, nararamdaman kong medyo bobo.",0.8418394923210144,96.63264203071594
i had to go to the gym so many times this last spring that i just kind of got used to feeling neurotic and then the neurotic feeling kind of went away,4,fear,"Maraming beses akong pumunta sa gym noong nakaraang tagsibol kaya nasanay na akong magkaroon ng nerbiyos, at saka nawala na rin ang pakiramdam na iyon.",0.8806203603744507,96.4775185585022
i cant really explain the feeling i get inside when someone is mad at me,3,anger,Hindi ko talaga maipaliwanag ang nararamdaman ko sa loob kapag galit ang isang tao sa akin.,0.8705284595489502,96.5178861618042
i dont think that happens a lot so i feel insanely cranky when i couldnt get an ear immediately,3,anger,Hindi ko akalaing madalas mangyari iyon kaya sobrang galit ako kapag hindi ako agad nakakausap.,0.8636043071746826,96.54558277130127
i live in philadelphia pa and i m pretty sure if he said you were just under and drove you home he was feeling sympathetic and if he was going to ticket you he would have right then and there,2,love,"Nakatira ako sa Philadelphia, Pennsylvania at halos sigurado ako na kung sinabi niya na ikaw ay nasa ilalim lamang at dinala ka niya pauwi, siya ay nakaramdam ng awa at kung siya ay magpapa-ticket sa iyo, gagawin niya iyon kaagad doon mismo.",0.8504811525344849,96.59807538986206
i cant be bothered as coming and doing is a pleasant pass time followed by cascades of positive feelings unless you are sexualy troubled,0,sadness,Hindi ako mag-aaksaya ng panahon dahil ang pagpunta at paggawa ay isang kasiya-siyang libangan na sinusundan ng mga alon ng positibong damdamin maliban kung ikaw ay may seksuwal na problema.,0.8971659541130066,96.41133618354797
im beginning to feel listless and a bit lonely,0,sadness,Nagsisimula akong makaramdam ng kawalan ng gana at medyo nag-iisa.,0.8297489285469055,96.68100428581238
i hate falling asleep napping during the day i wake up feeling so groggy,0,sadness,"Ayaw kong matulog o magpahinga sa araw kasi paggising ko, parang antok pa rin ako.",0.9055230617523193,96.37790775299072
i would constantly feel agitated,4,fear,Lagi akong nararamdaman ang pag-aalala.,0.9011725187301636,96.39530992507935
i feel totally comfortable without being wealthy and like the feeling to work hardly and a long time for every single wish in my mind that i want to become true,1,joy,Nararamdaman kong lubos akong komportable kahit hindi mayaman at nasisiyahan sa pakiramdam na magtrabaho nang husto at matagal para sa bawat hangarin sa aking isipan na gustong maging totoo.,0.9303528666496277,96.27858853340149
i feel afraid but i have learned to allow myself to be afraid,4,fear,Natatakot ako ngunit natutuhan kong pahintulutan ang aking sarili na matakot.,0.8826603293418884,96.46935868263245
i do not like chain letters or anything that says you must we all have too many things we feel we must do so i give it to you freely with no obligation that you must do anything except the sincere wish for you to be happy,1,joy,"Ayaw ko ng mga chain letter o anumang bagay na nagsasabi na dapat nating gawin lahat, dahil masyadong maraming bagay na nararamdaman nating dapat nating gawin. Kaya ibinibigay ko ito sa iyo nang malaya, walang obligasyon na dapat mong gawin maliban sa taos-pusong pagnanais na maging masaya ka.",0.8675906658172607,96.52963733673096
i actually found myself resenting the song for making me feel which is weird for me because i used to play guitar and sing in church like all the time and music was a huge part of my life in college and high school,4,fear,"Sa totoo lang, nadarama kong nagagalit ako sa kanta dahil sa pagpaparamdam nito ng mga bagay na kakaiba para sa akin dahil dati akong naglalaro ng gitara at kumakanta sa simbahan lagi at malaki ang papel ng musika sa buhay ko noong kolehiyo at hayskul.",0.8868973255157471,96.45241069793701
i just have a feeling there s something special in his simplicity something that i m not yet able to put my finger on,1,joy,"May nararamdaman akong may kakaiba sa kanyang kahusayan, isang bagay na hindi ko pa maipaliwanag.",0.8599816560745239,96.5600733757019
i have to visit them every after school and later i have to go tuition and i do not have the time to even study for my exam next week and i have a feeling that i am so going to fail a lot of my subjects and to be blamed for either not concentrating during class or not studying,0,sadness,Kailangan akong bisitahin sila pagkatapos ng klase at pagkatapos ay pupunta ako sa pagtuturo at wala akong oras kahit mag-aral para sa aking pagsusulit sa susunod na linggo at may nararamdaman akong malulugi ako sa maraming asignatura at sisihin ako dahil hindi nakikinig sa klase o hindi nag-aaral.,0.9369794130325317,96.25208234786987
ive made it through a week i just feel beaten down,0,sadness,"Nakayanan ko ang isang linggo, pero parang nababagsak na ako.",0.849129319190979,96.60348272323608
i am feeling so much sadness realising that i have gone through life like this but it is such a celebration that now i no longer have to harden to hide that i am scared from myself and others,4,fear,"Napakasakit isipin na ganito ang aking pinagdaanan sa buhay, ngunit isang pagdiriwang na hindi na ako kailangang magpakilos upang itago ang aking takot sa aking sarili at sa iba.",0.8631302714347839,96.54747891426086
i feel i begin to compare myself to others what an ugly and painful thing to do,0,sadness,"Nararamdaman kong nagsisimula akong ihambing ang sarili ko sa iba, gaano kasuklam-suklam at nakakapanghihinayang ang gawin iyon.",0.8409780263900757,96.6360878944397
i probably missed you too much jongwoon teases but ryeowook doesn t have to hear him say it to know it s truth feeling it in his kisses the gentle touches up his spine warm breath ghosting over his ear,2,love,"Siguro namiss kita rin, biro ni Jongwoon, pero hindi na kailangang marinig ni Ryeowook ang sinabi niya para malaman na totoo iyon, nararamdaman niya ito sa mga halik niya, sa mga banayad na paghawak sa likod niya, sa mainit na hininga na parang multo sa kanyang tenga.",0.8538743257522583,96.58450269699097
i was left feeling embarrassed stupid but i was on a mission to fuel up with coffee is this an excuse,0,sadness,"Nadama kong nahihiya at tanga, pero nasa misyon ako na mag-refuel ng kape. Ito ba ay isang paliwanag?",0.8797327280044556,96.48106908798218
i fall off when my uncle hits so i cant imagine what it must feel like to go mph other than cool and possibly painful,1,joy,Natutumba ako kapag binatukan ng aking tiyo kaya hindi ko maisip kung ano ang pakiramdam na tumakbo nang mabilis maliban sa malamig at marahil masakit.,0.9013291597366333,96.39468336105347
im feeling today youd think that the men had beaten me up,0,sadness,Nararamdaman ko ngayon parang binugbog ako ng mga lalaki.,0.8722673058509827,96.51093077659607
i have reason to wonder to be confused to feel angered to say youre selfish to say youre cold,3,anger,"May dahilan akong magtaka, mag-alinlangan, magalit, at sabihin na ikaw ay makasarili at walang malasakit.",0.9186006188392639,96.32559752464294
i feel a bit stupid for writing that but it s true,0,sadness,Nararamdaman kong medyo bobo sa pagsulat nun pero totoo naman.,0.8135014176368713,96.74599432945251
i feeling more assured of having success than ever,1,joy,Mas kumpiyansa akong magtatagumpay ngayon kaysa dati.,0.8949326276779175,96.42026948928833
i was still feelin kind of irritable and funky from the day before but so it goes,3,anger,"Parang may natitirang sama ng loob at kakaiba pa rin ang pakiramdam ko mula kahapon, pero ganun talaga minsan.",0.8569161891937256,96.5723352432251
i retorted feeling my face grow hot,2,love,Sinagot ko siya habang nakaramdam ng init sa aking mukha.,0.9180695414543152,96.32772183418274
i just feel like a very successful year old,1,joy,Parang isang napakaswerteng isang taong gulang lang ako.,0.9386451840400696,96.24541926383972
i feel welcomed by my confidence that i belong here,1,joy,Nararamdaman kong tinatanggap ako dahil sa aking tiwala na ako ay kabilang dito.,0.8673367500305176,96.53065299987793
i just don t feel i have it in me to get out of bed i can will the dull throbbing of hopelessness to give way and let forth a renewed sensed of hope reflect back on my accomplishments and dig up the inner strength i ve worked so very hard to reestablish,0,sadness,"Hindi ko lang nararamdaman na mayroon akong lakas upang bumangon sa kama. Gusto kong palitan ang mahinang sakit ng kawalan ng pag-asa ng isang bagong damdamin ng pag-asa, tumingin pabalik sa aking mga nagawa at hanapin ang panloob na lakas na aking pinaghirapan upang muling itayo.",0.8967188596725464,96.41312456130981
i have been feeling crappy about myself for too long and its time for something to happen,0,sadness,Matagal ko nang nararamdaman ang pagiging masama sa sarili ko at oras na para magbago ang lahat.,0.8673593401908875,96.53056263923645
i feel less respected less,1,joy,Nararamdaman kong mas kaunti ang paggalang na natatanggap ko.,0.8580923080444336,96.56763076782227
i don t know but it seems important to them that i feel unwelcome,0,sadness,"Hindi ko alam, pero tila mahalaga sa kanila na maramdaman kong hindi ako tinatanggap.",0.8401271104812622,96.63949155807495
i do feel resentful towards other bloggers writing for and against i don t even qualify to feel offence since delhi girls are obviously punjabi,3,anger,"Nararamdaman ko ang pagkainggit sa ibang bloggers na sumusulat para at laban, hindi ko nga dapat maramdaman ang pagkasakit dahil malinaw naman na Punjabi ang mga babaeng taga-Delhi.",0.8472845554351807,96.61086177825928
i write these words i feel sweet baby kicks from within and my memory is refreshed i would do anything for this boy,1,joy,"Sumusulat ako ng mga salitang ito, nararamdaman ko ang matamis na pagkiskis ng sanggol mula sa loob, at napapaligiran ako ng mga alaala. Gagawin ko ang lahat para sa batang ito.",0.8814653158187866,96.47413873672485
i feel so burdened as if something is holding me still and weighing me down,0,sadness,Nararamdaman kong napakalungkot at parang may tumitigil sa akin at nakakabigat sa akin.,0.8832467794418335,96.46701288223267
i feel is awkward because it s too high four steps for a,0,sadness,"Nararamdaman kong kakaiba ito dahil masyadong mataas, apat na hakbang.",0.9210017919540405,96.31599283218384
i can t wait to get it over with i m not feeling stressed but absolutely hating studying,0,sadness,"Hindi ko na matiis na matapos na ito, hindi ako stressed pero sobrang ayaw ko sa pag-aaral.",0.8036825656890869,96.78526973724365
i was feeling a bit rebellious today,3,anger,Nararamdaman kong medyo rebelde ako ngayon.,0.9038361310958862,96.38465547561646
i feel so supportive of her because shes pretty good she sang for us at a meeting we had,2,love,"Nararamdaman kong sobrang sumusuporta sa kanya dahil magaling siya, kumanta siya para sa amin sa isang pulong na aming pinuntahan.",0.9606283903121948,96.15748643875122
i feel petty for thinking like i have i feel stupid that i let things get to me so easily,3,anger,"Nararamdaman kong maliit ang isip ko dahil sa ganitong pag-iisip, at hangal ako dahil madaling maapektuhan ng mga bagay-bagay.",0.8978171348571777,96.40873146057129
i buy books about people i feel are equally fucked up as i am or books about zen approaches to shitty situations,3,anger,Bumibili ako ng mga libro tungkol sa mga taong nararamdaman kong pantay na nababaliw gaya ko o mga libro tungkol sa zen na paraan sa mga masamang sitwasyon.,0.8260360956192017,96.6958556175232
i don t feel like i have been shamed for my body but i have felt pressure to have a more socially acceptable body size,0,sadness,"Hindi ko nararamdaman na pinagkaitan ako ng karangalan dahil sa aking katawan, ngunit naramdaman ko ang presyur na magkaroon ng mas socially acceptable na laki ng katawan.",0.8686097264289856,96.52556109428406
i feel so appreciative of the rights that i have and that i have so much freedom and that i exercise those freedoms every day and that i have a voice,1,joy,"Nararamdaman kong lubos ang aking pasasalamat sa mga karapatan na aking tinatamasa, sa malawak na kalayaan na aking tinatanggap, at sa aking pang-araw-araw na paggamit ng mga kalayaan na ito, pati na rin sa aking tinig.",0.9154754281044006,96.3380982875824
im thinking and my way of doing things while i dun understand his feelings not considerate and always assume im right thinking that hes unreasonable and demanding sometimes possesive,2,love,"Iniisip ko ang aking paraan ng paggawa ng mga bagay habang hindi ko naiintindihan ang kanyang nararamdaman, hindi mapagkumbaba at lagi akong naniniwala na tama ako, na siya naman ay hindi makatwiran at mapag-utos, minsan ay mapag-aari.",0.8951178789138794,96.41952848434448
i know takes a lot of present moment awareness and part will be the challenge of accepting things as they are so i don t set up a feeling of wanting or discontent,0,sadness,Alam kong nangangailangan ito ng malaking kamalayan sa kasalukuyan at bahagi nito ang hamon ng pagtanggap sa mga bagay gaya ng kanilang anyo upang hindi magkaroon ng pakiramdam ng pagnanais o kawalang-kasiyahan.,0.8995318412780762,96.4018726348877
i feel that hallmark was sincere in their apology and am going to let it go,1,joy,Nararamdaman kong tapat ang paumanhin ng Hallmark at patatawarin ko na sila.,0.8690651655197144,96.52373933792114
i aware and concerned for everyone will give attention not only marriages and deaths but also with equal seriousness to the elderly woman who feels helpless because she does not know which oven to buy,4,fear,"Ako'y nakakaalam at alerto para sa lahat, bibigyan ng pansin hindi lamang ang mga kasal at kamatayan kundi pati na rin ng pantay na seryosidad ang matandang babae na nakaramdam ng kawalan ng magawa dahil hindi niya alam kung anong hurno ang bibilhin.",0.903398871421814,96.38640451431274
when they phoned me from greatbritain to tell me that i could go there,1,joy,Nang tumawag sila sa akin mula sa Great Britain upang sabihin na maari akong pumunta roon.,0.8638501167297363,96.54459953308105
i do classes when i feel super strong and capable,1,joy,Nag-aaral ako kapag nararamdaman kong sobrang malakas at kaya ko.,0.8821491003036499,96.4714035987854
i feel so passionate and excited about my new business deer daisy,2,love,"Napakasaya at napakalakas ng aking damdamin para sa aking bagong negosyo, Deer Daisy.",0.9505711793899536,96.19771528244019
i feel a bit gloomy in general and not entirely sure why,0,sadness,Nararamdaman ko ang kaunting kalungkutan sa pangkalahatan at hindi ko lubos maintindihan kung bakit.,0.8755137920379639,96.49794483184814
i was flattered and i liked the feeling of being liked and possibly loved,2,love,Napakaganda ng pakiramdam at nasisiyahan ako sa pagiging gusto at posibleng mahalin.,0.9144240021705627,96.34230399131775
i just feel more comfortable and i feel like im not in it alone sure he doesnt express his love much but his tiny actions make up for it,1,joy,"Mas komportable lang ako at parang hindi ako nag-iisa dito. Oo, hindi siya madalas magpahayag ng pagmamahal, pero ang kanyang maliit na kilos ay nagbabayad nito.",0.8841185569763184,96.46352577209473
i left brands hatch feeling optimistic about the future said holland,1,joy,"Umalis ako sa Brands Hatch na puno ng pag-asa para sa hinaharap, sabi ni Holland.",0.9062271118164062,96.37509155273438
i feel very angry but once a simple msg made me blur really blur,3,anger,"Nararamdaman kong sobrang galit pero isang simpleng mensahe lang ang nagpa-blur sa akin, talagang blur.",0.8058984875679016,96.7764060497284
i had on my plate without the stress of feeling completely overwhelmed,4,fear,Mayroon akong hawak sa aking plato nang walang stress ng pakiramdam na lubos na nababalot.,0.8608571290969849,96.55657148361206
i was hoping i could rock a bikini with my belly this summer but im not feeling very cute at this stage,1,joy,"Sana magkasya akong magsuot ng bikini kasama ang aking tiyan ngayong tag-araw, pero hindi ako nakakaramdam ng maganda sa aking itsura ngayon.",0.9131191372871399,96.34752345085144
im around my husband or home alone thinking about him that i feel hopeless,0,sadness,Nasa paligid ako ng aking asawa o nag-iisa sa bahay habang iniisip siya kaya nararamdaman kong walang pag-asa.,0.9112989902496338,96.35480403900146
i am working on one thing that i feel unsure of completing,4,fear,Nagtatrabaho ako sa isang bagay na hindi ko sigurado kung matatapos ko.,0.8849818706512451,96.46007251739502
i feel i cant stop aching,0,sadness,Nararamdaman kong hindi ko mapigilan ang sakit.,0.8779902458190918,96.48803901672363
i really feel like everything is so worthless,0,sadness,Tunay akong nararamdaman na walang halaga ang lahat.,0.8537657856941223,96.58493685722351
i was so nervous all i remember is my heart beating loudly and feeling insecure as others watched me from off stage,4,fear,"Napakakaba ko, ang naaalala ko lang ay ang mabilis na tibok ng puso ko at ang pakiramdam na hindi ko kaya habang pinapanood ako ng iba mula sa likod ng entablado.",0.912533164024353,96.34986734390259
i bet taylor swift basks in the knowledge that the boys she writes songs about probably feel tortured,4,fear,Siguro nasisiyahan si Taylor Swift sa kaalaman na ang mga lalaking kanyang inilalahad sa mga kanta ay marahil ay nadarama ang pagdurusa.,0.8566606044769287,96.57335758209229
i choose someone i feel that it is my obligation to be truthful and completely faithful to that person with utmost loyalty,1,joy,"Pinipili ko ang isang tao na sa aking damdamin ay may obligasyon akong maging tapat at lubos na mapagkakatiwalaan, na may pinakamataas na katapatan.",0.8782909512519836,96.48683619499207
ill have to admit while it was an awesome feeling many a time i didnt know what to say froze or went mind blank while observing her,0,sadness,"Kailangan kong aminin, kahit na nakakabighani ang pakiramdam minsan ay hindi ko alam ang sasabihin, natigilan o nawawala ang aking isipan habang pinapanood siya.",0.8822838068008423,96.47086477279663
i step back in the game day after day even when the odds of success seem out of favor i love on and when i feel nothing but ugly inside she is there to remind me of who i really am and nothing could be prettier than that,0,sadness,"Bumalik ako sa laro araw-araw kahit na tila laban ang mga posibilidad ng tagumpay, patuloy akong nagmamahal, at kapag wala akong nararamdaman kundi pangit sa loob, siya ang nagpapaalala sa akin kung sino ako talaga, at wala nang mas maganda kaysa doon.",0.9433158040046692,96.22673678398132
i should run i should always run but i controlled myself pretty well at dinner and did not even feel guilty,0,sadness,"Dapat akong tumakbo, dapat lagi akong tumakbo, pero na kontrol ko naman ang sarili ko nang mabuti sa hapunan at hindi ko naramdaman ang kahit anong pagsisisi.",0.8712183833122253,96.5151264667511
i don t mean to be rude but i don t feel i want to be troubled with the thoughts right now,0,sadness,"Hindi ko intensyon na maging bastos, pero hindi ko nararamdaman na gusto kong pag-isipan ang mga iyon ngayon.",0.8977713584899902,96.40891456604004
i want to learn something new when i m feeling dull,0,sadness,Gusto kong matuto ng bago kapag nakakaramdam ako ng pagod sa isipan.,0.8710260391235352,96.51589584350586
i think of how many years i spent feeling furious at my dramatic perspective of the world and my extremely sensitive nature,3,anger,Iniisip ko kung ilang taon akong nagalit sa aking dramatikong pananaw sa mundo at sa aking sobrang sensitibong kalikasan.,0.8611533045768738,96.5553867816925
i do feel weird making an exact replica of someone else work,4,fear,Nakakakaba para sa akin na gumawa ng eksaktong kopya ng trabaho ng ibang tao.,0.8853106498718262,96.4587574005127
i woke up early and felt strangely alert and good in contrast to my usual mornings feeling groggy cranky and sore,0,sadness,"Gumising ako nang maaga at pakiramdam ko'y kakaiba, parang alerto at mabuti, iba sa aking karaniwang umaga na parang pagod, maasim, at masakit ang katawan.",0.8822840452194214,96.47086381912231
i feel bashful discussing it i m a closet gamer if you will and yet millions of people from all around the world are doing the same thing,4,fear,"Nahihiya akong pag-usapan ito, kasi isang ""closet gamer"" ako, pero milyun-milyong tao sa buong mundo ay ginagawa rin ang parehong bagay.",0.8395986557006836,96.64160537719727
i just feeling needy,0,sadness,Nararamdaman ko lang na kailangan ko ng atensyon.,0.8757315278053284,96.49707388877869
i have a gut feeling you will do fabulous and i will be the one taking notes love mom journal entries september th,1,joy,"May kutob akong magiging kamangha-mangha ka at ako ang mag-aalaala ng mga tala, mahal na anak. - Mga tala sa journal, Setyembre [date].",0.8299765586853027,96.68009376525879
i feel a satisfied calm while recording a dream that i presented it like the higher message in which it was intended to be,1,joy,Nararamdaman kong isang kontented na katahimikan habang nirerekord ang isang pangarap na ipinakita ko bilang isang mataas na mensahe kung saan ito dapat ibigay.,0.8571761846542358,96.57129526138306
ive been holding onto that are making me feel rotten,0,sadness,Nangangalaga ako sa mga bagay na nagpapasama ng pakiramdam ko.,0.9019266963005066,96.39229321479797
i felt like spock amongst a world of humans it was difficult for me to reciprocate feelings for someone because i was so terrified of being hurt and i refused to let other people into my world,4,fear,Naramdaman kong parang si Spock sa gitna ng isang mundo ng mga tao. Mahirap para sa akin na ibalik ang mga damdamin dahil natatakot akong masaktan at ayaw kong papasukin ng iba ang aking mundo.,0.9169309139251709,96.33227634429932
i began the day feeling intimidated courthouses are designed to intimidate but ended the day cheerfully chatting with the judge in his chambers,4,fear,"Nagsimula ako ng araw na nakaramdam ng takot dahil ang mga korte ay idinisenyo upang takutin, ngunit natapos ang araw ko nang masaya habang nagkukwentuhan sa hukom sa kanyang silid-aklatan.",0.8776846528053284,96.48926138877869
i feel like watching some delicious trash i always want to include my partner in the ritual,1,joy,"Gusto kong manood ng masarap na basura, lagi kong gustong isama ang aking partner sa ritwal na ito.",0.8921059370040894,96.43157625198364
i was for awhile and i started feeling irritated and annoyed each time one of my kids filled up their pants again,3,anger,Nagtagal ako ng sandali at nagsimulang mairita at mag-inis tuwing isa sa aking mga anak ay muling punuin ang kanilang pantalon.,0.9115934371948242,96.3536262512207
i feel kind of petty blogging about this,3,anger,Parang maliit at mapagmataas ang pakiramdam ko habang nag-b-blog tungkol dito.,0.8194869756698608,96.72205209732056
in sweden,4,fear,Sa Sweden.,0.6811330914497375,97.27546763420105
i feel this is a very truthful parable because it s so evident in all aspects of life,1,joy,Nararamdaman kong totoo itong parabula dahil napakalinaw nitong makikita sa lahat ng aspeto ng buhay.,0.8229485750198364,96.70820569992065
i feel these phrases or sentences in and of themselves are a wonderful story all on their own,1,joy,"Nararamdaman kong ang mga pariralang ito o pangungusap, sa kanilang sarili, ay isang magandang kuwento na.",0.8655989766120911,96.53760409355164
i feel idiotic and wierd in this class,0,sadness,Nararamdaman kong bobo at kakaiba sa klase na ito.,0.8775231242179871,96.48990750312805
i turned in for the night feeling about as mellow as could be expected given the circumstances,1,joy,"Nagpahinga ako para sa gabi, nararamdaman ang pinakamagaan na kalooban na inaasahan sa mga pangyayari.",0.8477678298950195,96.60892868041992
i got the feeling he was only halfway convinced,1,joy,Naramdaman kong kalahati lamang siya'y kumbinsido.,0.880382239818573,96.47847104072571
i now feel almost resigned to the loss of the hopes and dreams i once had,0,sadness,"Ngayon, halos sumuko na ako sa pagkawala ng mga pangarap at mithiin na dati kong pinanghahawakan.",0.8909348845481873,96.43626046180725
i feel rejected by all the men i like i gave up on asking why and what i did so they ran away,0,sadness,"Nararamdaman kong tinatanggihan ako ng lahat ng lalaki na gusto ko, sumuko na ako sa pagtatanong kung bakit at ano ang nagawa kong magpaalis sa kanila.",0.8807978630065918,96.47680854797363
i feel like i m giving a speech after receiving an award or something but i would like to publicly thank mark for being so supportive,2,love,"Parang nagbibigay ako ng talumpati matapos makatanggap ng parangal, pero gusto kong publiko kong pasalamatan si Mark dahil sa kanyang suporta.",0.8651416897773743,96.5394332408905
i feel awful but i just don t know how to get a child to write letters draw certain things or make up words with the paper letters i had to back onto card laminate and cut without totally losing my shit,0,sadness,"Nararamdaman kong masama pero hindi ko alam kung paano turuan ang isang bata na sumulat ng mga liham, gumuhit ng ilang bagay, o gumawa ng mga salita gamit ang mga papel na letra. Kailangan kong ilagay ang mga ito sa card, lamination, at putulin nang hindi tuluyang nawawala ang pasensya ko.",0.881412148475647,96.47435140609741
i die wont some man make me feel that lifes worthwhile,1,joy,Hindi ako mamamatay kung may lalaking magpaparamdam sa akin na sulit ang buhay.,0.9358063340187073,96.25677466392517
i was thinking that i might be ready but was feeling unsure of my assessment,4,fear,Iniisip ko na baka handa na ako ngunit hindi sigurado sa aking pagtataya.,0.8964395523071289,96.41424179077148
i am not holding in my anger but i am holding it back so that i can still choose with a clearer mind and can feel it without executing someone for something petty,3,anger,"Hindi ko pinipigilan ang aking galit, ngunit pinipigilan ko ito upang makapili pa nang may malinaw na isipan at maramdaman ito nang hindi sinasaktan ang isang tao dahil sa maliit na bagay.",0.8974571824073792,96.41017127037048
i was feeling apprehensive about my journey because i would be using public transportation the whole way,4,fear,Kinakabahan ako sa aking paglalakbay dahil gagamitin ko ang pampublikong sasakyan sa buong biyahe.,0.8532843589782715,96.58686256408691
i understand that you may feel that it is very rude that i keep destroying your house with my face,3,anger,Naiintindihan ko na baka maramdaman mong bastos na paulit-ulit kong sinisira ang bahay mo gamit ang mukha ko.,0.8925122022628784,96.42995119094849
i havent let myself truley sink into a depressed state of mind feeling like everyone is against me and trusting no one and just basically wanting to die since freshman year,1,joy,"Hindi ko pinapayagang lubos na mawalan ng pag-asa at makaramdam ng depresyon, na parang lahat ay laban sa akin, hindi mapagkakatiwalaan ang sinuman, at simpleng gustong mamatay simula pa noong unang taon sa kolehiyo.",0.8914874792098999,96.4340500831604
im starting to feel overwhelmed again when it comes to the research for this book,4,fear,Nagsisimula akong makaramdam ng pagod at pagod na naman sa pananaliksik para sa aklat na ito.,0.8832494020462036,96.46700239181519
i woke up feeling this aching in my heart,0,sadness,Gumising ako na may sakit sa dibdib.,0.9056926965713501,96.3772292137146
watching a violent movie,3,anger,panonood ng isang marahas na pelikula,0.8782734870910645,96.48690605163574
i do not want her to feel ugly,0,sadness,Ayaw kong maramdaman niya na pangit siya.,0.9465577602386475,96.21376895904541
i feel low low low just feel like i dont fail because i cant i fail because its my fault whether actually im able to do it but i just sigh its major fail fail fail,0,sadness,"Napakababa ko, parang hindi ako nabibigo dahil hindi ko kaya, nabibigo ako dahil sa akin iyon, kahit kaya ko naman, pero napapasigaw lang ako, malaking kabiguan, kabiguan, kabiguan.",0.8998661041259766,96.4005355834961
i feel bouncy and weird and strange and i love it,1,joy,"Nararamdaman kong malakas at kakaiba at hindi pangkaraniwan, at gusto ko iyon.",0.899193525314331,96.40322589874268
i feel so weepy like any moment i could just burst into tears,0,sadness,"Nararamdaman kong sobrang malungkot, parang anumang sandali ay maaaring umiyak na ako.",0.8909976482391357,96.43600940704346
i started to feel cranky and tired up until i resupplied with these vitamins,3,anger,Nagsimulang mag-cramp at mapagod ako hanggang sa muling mag-stock ako ng mga bitamina.,0.8436529636383057,96.62538814544678
i feel like she needs more but shes content so i guess its working along with that shes our little pipsqueak,1,joy,"Nararamdaman kong kailangan niya pa ng higit ngunit siya'y kontento kaya siguro gumagana iyon, kasama na ang katotohanang siya ang ating maliit na pipsqueak.",0.8806465864181519,96.47741365432739
i feel extremely lucky and blessed to work with such outstanding young ladies,1,joy,Napakalaki ng aking kapalaran at biyaya na makatrabaho ang mga kahanga-hangang kabataang babae.,0.8732713460922241,96.5069146156311
i feel kind of dumb,0,sadness,Nararamdaman kong medyo bobo.,0.8335942029953003,96.6656231880188
i have been talking with a growing number of friends over the past few months who have been telling me stories of feeling emotionally beaten up by life,0,sadness,"Nag-uusap ako sa lumalaking bilang ng mga kaibigan sa nakalipas na ilang buwan na nagkukuwento sa akin ng kanilang nadarama, na parang pinagsusuntok ng buhay ang kanilang damdamin.",0.8878940343856812,96.44842386245728
i cant help but feel so helpless,0,sadness,Hindi ko mapigilan ang pakiramdam na lubos akong walang magawa.,0.88295578956604,96.46817684173584
i just feel insecure so what should i do sis,4,fear,"Nararamdaman ko lang ang kawalan ng tiwala sa sarili, ano kaya ang dapat kong gawin, ate?",0.86278235912323,96.54887056350708
i was feeling playful,1,joy,Nagiging masaya at biro ako.,0.8723459243774414,96.51061630249023
i usually have a solution to these kinds of situations but right now i just feel unhappy and run down,0,sadness,"Karaniwan akong may solusyon sa mga ganitong sitwasyon ngunit ngayon, nararamdaman ko lamang ang kalungkutan at pagod.",0.8742351531982422,96.50305938720703
i would not be bragging about what amounts to a b but i feel very triumphant about it because i had such a struggle in algebra before and would have been thrilled to get a b then,1,joy,"Hindi ako magmamalaki tungkol sa isang grado na katumbas ng B, pero nararamdaman kong lubos na tagumpay dahil sa hirap na naranasan ko noon sa algebra at sana ay nakakuha na lang ako ng B noon.",0.8699966073036194,96.52001357078552
i started to open up about it i started to feel more like myself the stephanie who isn t embarrassed by life s setbacks who tackles difficult situations with humor and honesty,0,sadness,"Nagsimula akong magbukas tungkol dito, nagsimula akong makaramdam ng mas tulad ng aking sarili, ang Stephanie na hindi nahihiya sa mga pagkabigo sa buhay, na nakaharap ang mga mahirap na sitwasyon nang may katatawanan at tapat.",0.902653694152832,96.38938522338867
i just had a baby i feel crappy about myself and my husband doesn t seem to want to have sex with me as often,0,sadness,"Mayroon akong bagong panganak, at nararamdaman kong hindi maganda ang aking itsura, at tila ayaw na ng aking asawa na makipagtalik sa akin nang madalas.",0.9475436210632324,96.20982551574707
i have this sort of feeling like an emotional undercurrent that im waking up in a sort of spiritual inner heart kind of way,0,sadness,"Mayroon akong ganitong pakiramdam, parang emosyonal na alon na nagigising ako sa isang uri ng espirituwal na pag-unawa sa aking puso.",0.8976990580558777,96.40920376777649
i always feel this sadness and aching in my heart when i look at him,0,sadness,Lagi akong nararamdaman ang kalungkutan at sakit ng puso kapag nakatingin ako sa kanya.,0.9082401990890503,96.3670392036438
i feel like i m less faithful less worthy less loving and less able,2,love,"Nararamdaman kong mas mababa ang aking katapatan, karapat-dapat, pagmamahal, at kakayahan.",0.8504883050918579,96.59804677963257
i learned a lot from this little project if youre ever feeling intimidated by a diy project just go for it,4,fear,"Marami akong natutunan sa maliit na proyektong ito. Kung minsan kang nahihiya sa isang DIY project, basta gawin mo na.",0.7942686676979065,96.82292532920837
i am a month later feeling as hurt as i did that november th when i got his email,0,sadness,"Isang buwan na ang nakalipas, nararamdaman ko pa rin ang sakit na naramdaman ko noong Nobyembre nang makatanggap ako ng kanyang email.",0.8297296166419983,96.681081533432
i feel like i should admit to her how many times a week i make pasta for dinner and that i never make my bed at school so shes less impressed or something,4,fear,Parang dapat kong aminin sa kanya kung ilang beses sa isang linggo akong gumagawa ng pasta para sa hapunan at na hindi ko ginagawa ang aking kama sa paaralan para hindi siya masyadong mapabilib o ano.,0.8567564487457275,96.57297420501709
i had a feeling bernd would have odds this week around to and that is more than generous of the sportsbook,2,love,"Naramdaman kong may posibilidad na manalo si Bernd ngayong linggo sa paligid ng dalawa, at iyon ay sobrang maganda ng sportsbook.",0.906098484992981,96.37560606002808
i dont know that i am feeling fearful,4,fear,Hindi ko alam na natatakot ako.,0.8516969680786133,96.59321212768555
i hope not pagetitle khatsii feeling fearful,4,fear,"Sana hindi, Khatsii, parang natatakot ka.",0.8453047275543213,96.61878108978271
i feel it is my obligation to make sure that you understand exactly who i am and what i believe and where i am coming from,1,joy,"Nararamdaman kong tungkulin kong matiyak na lubos mong nauunawaan kung sino ako, ano ang aking paniniwala, at saan ako nagmula.",0.8771982192993164,96.49120712280273
i feel as if i could speak volumes and be ignored,0,sadness,Parang marami akong sasabihin ngunit hindi ako maririnig.,0.9082386493682861,96.36704540252686
i know is sounds a tad silly but its a lovely feeling capturing moments and im just glad some people like them too,1,joy,Alam kong parang kaunti nang baliw pero maganda ang pakiramdam na makuha ang mga sandali at masaya akong gusto rin sila ng ilan.,0.9395344853401184,96.24186205863953
i really enjoyed feeling that i was not alone,0,sadness,Tunay akong nasiyahan sa pakiramdam na hindi ako nag-iisa.,0.9013910293579102,96.39443588256836
i feel that while i was furious with the ra and the mug i was polite to her,3,anger,"Nararamdaman ko na habang galit ako sa RA at sa mug, magalang pa rin ako sa kanya.",0.9043342471122742,96.3826630115509
i feel and i am keen to come to china and experience life in a new country,1,joy,Nararamdaman ko at handa akong pumunta sa Tsina at maranasan ang buhay sa isang bagong bansa.,0.8447952270507812,96.62081909179688
i don t have the longevity or experience in the field to get a feeling for that and i m curious as to what the speculation might be,4,fear,Wala akong sapat na tagal o karanasan sa larangan upang maunawaan iyon at ako'y nagtatanong kung ano ang maaaring haka-haka.,0.8792884349822998,96.4828462600708
i don t know why i feel so bashful defending it,4,fear,Hindi ko alam kung bakit ako nahihiya sa pagtatanggol nito.,0.881429135799408,96.47428345680237
i am so very tired and feeling overwhelmed with my everyday responsibilities which brings me to the point of this post,4,fear,"Napakasakit ng pagod ko at sobra akong nadadaig ng aking pang-araw-araw na mga tungkulin, kaya ako nakarating sa puntong ito ng aking post.",0.8568342924118042,96.57266283035278
im feeling a bit listless but after the weekend from hell it had good points also im glad for some time to wind down,0,sadness,"Nararamdaman ko ang kaunting pagod, pero matapos ang isang nakakabinging weekend, may magagandang bagay din. Masaya ako na may oras para magpahinga.",0.8822616934776306,96.47095322608948
i see him he just makes me feel so gorgeous,1,joy,"Nakikita ko siya, at siya lang ang nagpaparamdam sa akin na sobrang ganda ko.",0.8864167928695679,96.45433282852173
i feel i hated you despised you yet you can make me happy even when i was sad in a matter of minutes,0,sadness,"Nararamdaman kong inaway kita, kinamumuhian kita, ngunit kaya mong mapasaya ako kahit ako'y malungkot sa loob lamang ng ilang minuto.",0.9326825737953186,96.26926970481873
im completely fine with bowler providing readers who might be going through a similar identity crisis with the message that they are not alone that their urgings and longings are normal and that they shouldnt be made to feel ashamed of them,0,sadness,"Wala akong problema kung gagamitin ni Bowler ang kanyang kwento upang ipabatid sa mga mambabasa na maaaring nakakaranas ng katulad na krisis sa pagkakakilanlan na hindi sila nag-iisa, na ang kanilang mga pagnanasa at hangarin ay normal, at hindi dapat silang mapahiya dahil dito.",0.8527209162712097,96.58911633491516
i also love seeing a star emerge and i feel like in a few years everyone is gonna know and i can be one of those people who says obnoxious things like bah,3,anger,"Gusto ko rin makita ang isang bituin na sumisikat at parang sa ilang taon, lahat ay makikilala na siya at ako ay isa sa mga taong makakasabi ng mga bastos na bagay tulad ng ""bah.""",0.883652925491333,96.46538829803467
im still feeling pretty gloomy if truth be told,0,sadness,"Totoo naman, medyo malungkot pa rin ako.",0.9484390616416931,96.20624375343323
i feel like im too frickin uptight to let loose enough to love anyone else or more importantly myself,4,fear,"Nararamdaman kong sobrang tigas ng ulo ko para magpahinga at mahalin ang iba o higit sa lahat, ang sarili ko.",0.9011861085891724,96.39525556564331
i am angry that my employers do not invest in us at all training pay increases bank holidays and it feels like injustice so i feel helpless,4,fear,"Galit ako dahil hindi pinag-iinvest ng aking mga amo sa amin, wala kaming training, pagtaas ng sahod, at bakasyon, at parang kawalang katarungan kaya nararamdaman kong walang magawa.",0.8673638105392456,96.53054475784302
i couldn t feel positive emotions of any sort,1,joy,Hindi ko maramdaman ang anumang positibong emosyon.,0.8480480909347534,96.60780763626099
i feel i am so strong enough to take this pain thinking how you did me wrong,1,joy,Nararamdaman kong sapat na ang aking lakas upang tanggapin ang sakit na ito habang iniisip kung paano mo ako maliitin.,0.8910757899284363,96.43569684028625
i can feel suffering and turmoil but it also feels the same,0,sadness,Nararamdaman ko ang pagdurusa at kaguluhan ngunit parang pareho rin ang pakiramdam.,0.8696213960647583,96.52151441574097
i start to feel annoyed about the whole thing and end up ordering pizza,3,anger,Nagsisimula akong mag-inis sa lahat ng ito at natapos na lang akong mag-order ng pizza.,0.9167724847793579,96.33291006088257
i feel all respected trusted give him all i know im a good kisser nijifagilie,1,joy,"Nararamdaman kong lahat ay nagpapahalaga at nagtitiwala sa akin, bibigyan ko siya ng lahat ng alam ko, magaling akong halikan.",0.9139994978904724,96.34400200843811
i feel a bit hesitant about the whole thing given my past two experiences and the fact that i m going to start a new novel while i work on my current wip because i feel like it would be cheating to count the words on my current wip even though i m only about words into it,4,fear,Nararamdaman kong medyo nag-aalinlangan ako sa buong bagay na ito dahil sa aking dalawang nakaraang karanasan at sa katotohanang magsisimula akong mag-isulat ng bagong nobela habang nagtatrabaho pa ako sa aking kasalukuyang proyekto dahil parang pagtataksil ito na ibilang ang mga salita sa aking kasalukuyang proyekto kahit na nasa mga salita pa lamang ako.,0.8798510432243347,96.48059582710266
i am feeling and it allows me to be distracted from my own life and caught up in someone elses even though theyre not real people,3,anger,Nararamdaman ko ito at pinapayagan akong makalimot sa aking sariling buhay at makasama sa buhay ng iba kahit hindi sila tunay na tao.,0.904413104057312,96.38234758377075
i can feel the awkwardness whenever i do something that was acceptable before but no longer is,1,joy,Nararamdaman ko ang kahihiyan tuwing ginagawa ko ang isang bagay na dati'y tanggap ngunit hindi na ngayon.,0.859033465385437,96.56386613845825
i know many young women sometimes feel like their career is much more important than a family but i would like to share with them the fact that they have a biological clock and at a certain time they may wish to have children but can t yet a man can still have children,1,joy,"Alam kong maraming kabataang babae ang minsan ay nadarama na mas mahalaga ang kanilang karera kaysa sa pamilya, ngunit nais kong ibahagi sa kanila na mayroon silang biyolohikal na orasan at sa isang tiyak na panahon, maaaring gustuhin nilang magkaroon ng mga anak ngunit hindi pa kaya; isang lalaki naman ay maaaring magkaroon pa rin ng mga anak.",0.8942359089851379,96.42305636405945
i feel that i have often entertained people by not saying what came to my mind in that moment and instead by making up stories or adding some extras especially because,1,joy,Nararamdaman ko na madalas akong nakakatuwa sa mga tao dahil hindi ko sinasabi ang nasa isip ko sa sandaling iyon at sa halip ay gumagawa ng mga kwento o nagdaragdag ng mga detalye lalo na dahil,0.8579034805297852,96.56838607788086
i do feel weird why seldom people eat at there,4,fear,Nakakakaba nga bakit bihira lang kumain doon ang mga tao.,0.9109373688697815,96.35625052452087
i bring this up is because i feel very satisfied with the song selection,1,joy,Inihaharap ko ito dahil nararamdaman kong lubos akong nasiyahan sa pagpili ng mga kanta.,0.8702638149261475,96.51894474029541
i somehow feel too artistic le carried on looking and strolling,1,joy,"Parang masyadong malikhain ako, kaya't patuloy akong nakatingin at naglalakad.",0.9355981349945068,96.25760746002197
i feel really lucky for everything i have this year a job a roof over my head heat and the ability to give my kids a fun christmas and if i have a little left over i want to pass if forward as the saying goes there but for the grace of god i go,1,joy,"Nararamdaman kong sobrang swerte sa lahat ng meron ako ngayong taon, trabaho, tahanan, init, at kakayahang magbigay ng masayang Pasko sa aking mga anak. At kung may natitira man, gusto kong ipagpatuloy ito, gaya ng sinasabi, ""Doon tayo pupunta kung hindi dahil sa biyaya ng Diyos.""",0.9068368673324585,96.37265253067017
i will still feel insecure,4,fear,Magiging hindi pa rin ako sigurado.,0.9204485416412354,96.31820583343506
i didnt let the swim leave me feeling defeated,0,sadness,Hindi ko pinayagan ang paglangoy na iwan akong nadaig.,0.8398996591567993,96.6404013633728
i do not however feel in any way hostile to anyone or capable of violence,3,anger,"Hindi ako, gayunpaman, nakaramdam ng anumang kaawayan o kakayahang maghiganti.",0.8799393177032471,96.48024272918701
i got a haircut today so yes i feel handsome,1,joy,"Nakakuha ako ng haircut ngayon kaya oo, pakiramdam ko'y guwapo.",0.8728046417236328,96.50878143310547
i do that he can t stand feeling threatened and looking over his shoulder,4,fear,Ginagawa ko iyon upang hindi siya makatagal sa pakiramdam na nanganganib at palagi siyang nakatingin sa likuran.,0.9164137840270996,96.3343448638916
i feel bad for searching for rule,0,sadness,Nakakabagabag sa akin ang paghahanap ng patakaran.,0.8969149589538574,96.41234016418457
i feel like people are aggravated with me but why,3,anger,Nararamdaman kong nagagalit ang mga tao sa akin pero bakit.,0.8822835683822632,96.47086572647095
i feel it ought to be valued to a far greater extent than it currently is,1,joy,"Dapat itong lubos na pahalagahan, higit pa sa kasalukuyang antas nito.",0.8958753347396851,96.41649866104126
im not saying they cant accept me the way i am its just they treat me differently i feel accepted and loved,1,joy,"Hindi ko sinasabi na hindi nila ako matatanggap kung sino ako, pero iba ang trato nila sa akin, parang tinatanggap at minamahal ako.",0.928036093711853,96.28785562515259
i scanned the ground methodically feeling hopeless,0,sadness,"Tinignan ko nang sistematiko ang lupa, habang nararamdaman ang kawalan ng pag-asa.",0.8637266755104065,96.54509329795837
i admit to feeling a little foolish when i first arrived,0,sadness,Aminado akong medyo nabighani nang una akong dumating.,0.8033207654953003,96.7867169380188
i know i am not alone in this feeling and a supportive community is the antidote,2,love,Alam kong hindi ako nag-iisa sa pakiramdam na ito at ang isang mapagkalingang komunidad ang lunas.,0.9211597442626953,96.31536102294922
i love working for myself being able to set my own hours and writing about something i feel so passionate about,1,joy,"Mahal ko ang pagtatrabaho para sa aking sarili, dahil kaya kong magtakda ng aking sariling oras at sumulat tungkol sa isang bagay na aking lubos na pinapasan.",0.9091196060180664,96.36352157592773
i feel irritated useless and hopeless,3,anger,"Nararamdaman kong nainis, walang silbi, at walang pag-asa.",0.8931082487106323,96.42756700515747
i feel especially strongly about this since i have hated my teeth forever i was one of the unlucky ones who got bad genetics and an even worst orthodontist and pediatric dentist,3,anger,"Nararamdaman ko nang husto ang damdaming ito dahil ayaw ko na ng aking ngipin magmula pa noong bata ako, isa ako sa mga hindi swerte na natanggap ang masamang pamana ng mga magulang at isang mas masamang orthodontist at pedodontist.",0.8798668384552002,96.4805326461792
i glimpsed a visitor but i could feel it was disturbed somehow whether mad or confused or something similar,0,sadness,"Nakita ko ang isang bisita, ngunit naramdaman kong may kakaiba, parang galit, nalilito, o katulad nito.",0.891899824142456,96.43240070343018
i knew that euphoria he was feeling from the aftereffects of an ecstatic act,1,joy,Alam kong iyon na euforia na nararamdaman niya mula sa mga epekto ng isang masayang kilos.,0.8871046900749207,96.45158123970032
i have played a great set i feel really hesitant to ask,4,fear,"Naglaro ako ng magandang set, pero medyo nahihiya akong humingi.",0.8536142110824585,96.58554315567017
i was feeling quite pleased with myself over the fact that i had one coupon to use at the grocery,1,joy,Masaya ako dahil mayroon akong isang kupon na magagamit sa grocery.,0.8573724627494812,96.57051014900208
i seriously feel talented now,1,joy,Talagang nararamdaman kong may talento ako ngayon.,0.8684457540512085,96.52621698379517
i am feeling happy and stressed at the same time because i cant come up with photos for photography tomorrow,1,joy,Masaya at stressed ako ngayon dahil hindi ako makapag-isip ng mga litrato para sa photography bukas.,0.8938292860984802,96.42468285560608
i dont know how i feel about it at the moment my charming naive style of drawing just looks like i cant draw to me,1,joy,"Hindi ko alam kung paano ako nakaramdam tungkol dito ngayon, ang aking nakakaakit at simpleng istilo ng pagguhit ay parang hindi ako marunong gumuhit sa aking paningin.",0.913462221622467,96.34615111351013
i was left feeling uncertain about exactly what pulse will offer as a series,4,fear,Iniwan akong hindi sigurado kung ano eksaktong aalok ng Pulse bilang isang serye.,0.8698301315307617,96.52067947387695
i feel at the end of a run isn t because i broke a personal record or enjoyed the fog rising over the boardwalk during sunrise it s the sense of accomplishment knowing i beat my mind,0,sadness,"Nararamdaman kong natapos ang isang takbo hindi dahil nabasag ko ang aking personal na rekord o nasiyahan sa hamog na tumataas sa boardwalk habang sumisikat ang araw, kundi dahil sa pakiramdam ng tagumpay na alam kong natalo ko ang aking isipan.",0.8898789882659912,96.44048404693604
i walk to the car i feel triumphant with my secret,1,joy,"Naglalakad ako papunta sa kotse, nararamdaman ko ang tagumpay dahil sa aking lihim.",0.8901622295379639,96.43935108184814
i upload music i others like feel liked song,2,love,Ini-upload ko ang mga musika na gusto kong marinig ng iba.,0.9053062200546265,96.3787751197815
ive found some truly wonderful people for which i feel so incredibly blessed to have met,1,joy,"Nakakatuwa, nakilala ko ang mga tunay na kahanga-hangang tao, at sobrang nagpapasalamat ako na sila ay naging bahagi ng buhay ko.",0.8621411323547363,96.55143547058105
i plan to volunteer for red cross helping immigrants and refugees to feel welcomed and accepted in our local community,1,joy,Plano kong magboluntaryo sa Red Cross upang tumulong sa mga imigrante at refugee na maramdaman ang pagtanggap at pagmamahal sa ating lokal na komunidad.,0.9241557121276855,96.30337715148926
i am feeling sympathetic with the israelites,2,love,Nakikiramay ako sa mga Israelita.,0.8367506861686707,96.65299725532532
i feel shitty these few days because of work,0,sadness,Masama ang pakiramdam ko sa mga nakaraang araw dahil sa trabaho.,0.8546178340911865,96.58152866363525
i feel but night time is something utterly charming for me,1,joy,"Nararamdaman ko, ngunit ang gabi ay isang bagay na lubos na nakakaakit para sa akin.",0.9081432819366455,96.36742687225342
i was starting to feel nervous all this lifetime of fandom and build up and there i stood donning my vip sticker,4,fear,"Nagsisimula na akong ma-nervous, lahat ng taong ito ng pagiging fan at paghahanda, at naroon ako, nakasuot ng aking VIP sticker.",0.910858154296875,96.3565673828125
i feel proud to announce that dr,1,joy,Nararamdaman kong ipinagmamalaki kong ipahayag na si Dr.,0.900850772857666,96.39659690856934
i quit my job in financial services feeling disheartened and disillusioned and i took a complete u turn in my career returning to university and studying something very different from what id been doing in my job,0,sadness,"Iniwan ko ang aking trabaho sa serbisyo pangpinansyal na nadama kong nabigo at nasira ang pananampalataya, at nagbalik ako sa unibersidad upang mag-aral ng isang bagay na lubhang naiiba sa aking ginagawa noon sa trabaho.",0.8837783336639404,96.46488666534424
i am feeling faithful about my project,1,joy,Nakakaramdam ako ng tiwala sa aking proyekto.,0.9288353323936462,96.28465867042542
i feel so impatient when it comes to certain issues,3,anger,Napakabagal ng aking pasensya kapag may mga isyung iyon.,0.8717880845069885,96.51284766197205
i still feel so empty and lonely,0,sadness,Parang wala pa rin akong laman at nag-iisa pa rin ako.,0.905048668384552,96.37980532646179
i feel that the perpetrator should be punished to the full extent of the law,0,sadness,Dapat parusahan nang lubos ang salarin ayon sa batas.,0.8741267919540405,96.50349283218384
i feel the carefree days of my youth doing the same,1,joy,Nararamdaman ko ang mga walang-alalang araw ng aking kabataan habang ginagawa ang parehong bagay.,0.8603165745735168,96.55873370170593
i feel pleased with this design,1,joy,Masaya ako sa disenyo na ito.,0.8530597686767578,96.58776092529297
i feel so good,1,joy,Nararamdaman kong sobrang saya ko.,0.875229001045227,96.49908399581909
i make my friends feel pretty in comparison although not clever,1,joy,Ginagawa kong maganda ang aking mga kaibigan sa paghahambing bagama't hindi matalino.,0.864977240562439,96.54009103775024
i am feeling slightly apprehensive about tomorrow s crim exam that has a hefty weighting of but not to the point where i am sweating buckets or reaching for the razor blades,4,fear,"Nararamdaman ko ang kaunting pag-aalala tungkol sa krimen exam bukas na may malaking timbang, ngunit hindi sa punto na pawis na pawis ako o hahanapin ang mga kutsilyo.",0.865147590637207,96.53940963745117
i usually feel regretful and guilty after the quarrel usually its me who turns the talk into a quarrel i yell loudly and throw the things beside me with mama,0,sadness,"Karaniwan akong nakakaramdam ng pagsisisi at pagkakasala pagkatapos ng away, kadalasan ako ang nagpapalit ng usapan sa away, sumisigaw ako nang malakas at itinatapon ang mga bagay sa tabi ko kay Mama.",0.8697389364242554,96.52104425430298
i feel ugly to stop being lazy so i dont embarrass my friends to wear white so i could have short hair without feeling fat not that i really want short hair but still to be able to kiss someone without feeling like i have to pull away,0,sadness,"Nararamdaman kong pangit kaya dapat huminto sa pagiging tamad para hindi mapahiya ang mga kaibigan ko, magsuot ng puti para hindi ako magmukhang taba, at magkaroon ng maikling buhok kahit hindi ko talaga gusto, basta makalimutan ko ang pakiramdam na kailangan kong umatras kapag may halikan.",0.8990957736968994,96.4036169052124
i believe we ve decided to catch the bus from there to burgos which again feels like a smart compromise for our feet and bodies,1,joy,"Naniniwala ako na napagkasunduan na nating sakyan ang bus mula doon papuntang Burgos, na muli ay parang matalinong kompromiso para sa ating mga paa at katawan.",0.9358091354370117,96.25676345825195
i feel resentful of him trying to control what i do but i also don t want to do anything rash,3,anger,"Nararamdaman kong may sama ng loob ako sa kanyang pagtatangkang kontrolin ang aking mga ginagawa, ngunit ayaw ko ring gumawa ng anumang mapaminsalang kilos.",0.8982886672019958,96.40684533119202
i feel all depressed,0,sadness,Nararamdaman kong lubos na malungkot.,0.8614382743835449,96.55424690246582
i was feeling very energetic yesterday i decided to start the a href https www,1,joy,"Naramdaman kong sobrang enerhiya kahapon kaya nagpasya akong simulan ang  <a href=""https://www."" target=""_blank"">https://www.</a>",0.8218655586242676,96.71253776550293
i apply it i walk very fast around the room because the rush of air against the essence on my lips feels very cool,1,joy,"Inilalapat ko ito, saka mabilis akong naglalakad sa paligid ng silid dahil ang pakiramdam ng malamig na hangin laban sa amoy sa aking mga labi ay napakaganda.",0.9110300540924072,96.35587978363037
i feared would happen with a amp a after last weeks ep is now playing out just as i had pictured it in a way that makes every scene with annie and auggie just make me feel miserable,0,sadness,"Natatakot akong mangyayari pagkatapos ng huling episode noong nakaraang linggo ay unti-unting nangyayari ngayon gaya ng aking iniisip, at bawat eksena nina Annie at Auggie ay nagpapasakit sa akin.",0.861932635307312,96.55226945877075
i dunno where that feeling came from and im not terribly keen to feel it again,1,joy,Hindi ko alam kung saan nanggaling ang nararamdaman kong iyon at hindi ko masyadong gustong maramdaman muli iyon.,0.8981925249099731,96.40722990036011
i feel terribly neglectful of my blog,0,sadness,Napakasakit sa akin na nakakalimutan ko ang aking blog.,0.8475714921951294,96.60971403121948
i feel slightly unimportant,0,sadness,Nararamdaman kong medyo hindi mahalaga.,0.8333386778831482,96.66664528846741
i am not an advocate for war but i feel reassured living close to a military base where there are people trained to assist in natural disasters,1,joy,Hindi ako tagapagtaguyod ng giyera ngunit nakakaramdam ako ng kaginhawahan na nakatira malapit sa isang base militar kung saan may mga taong handang tumulong sa mga kalamidad.,0.9384959936141968,96.24601602554321
i do feel respected and loved more and more at school and within the community,1,joy,Nararamdaman ko nang lalong-lalo na ang paggalang at pagmamahal sa paaralan at sa komunidad.,0.861099898815155,96.55560040473938
i ever feel anymore is when one of us gets angry,3,anger,Ang tanging nararamdaman ko na ngayon ay kapag nagagalit na isa sa atin.,0.8523699641227722,96.59052014350891
i feel that the most intelligent people are the ones who pay attention to the world around them and think about an issue before they pass judgment on it or make a decision as to where they stand,1,joy,Nararamdaman kong ang mga pinaka-matalinong tao ay yaong nakikinig sa mundo sa paligid nila at nag-iisip tungkol sa isang isyu bago sila humusga o gumawa ng desisyon kung saan sila nakatayo.,0.8705675601959229,96.51772975921631
i feel is doubtful but then again i could be wrong,4,fear,"Hindi ko sigurado, pero baka mali rin ako.",0.899035632610321,96.40385746955872
i didnt respond because i feel that some days i cant just put on a fake smile and pretend like life is great and not let the negativity creep in,0,sadness,Hindi ako sumagot dahil nararamdaman kong may mga araw na hindi ko kayang magpanggap na masaya at itago ang negatibong nararamdaman.,0.9123926162719727,96.35042953491211
i fully understand the frustration that many fans are feeling but as a target blank href http twitter,0,sadness,Lubos kong nauunawaan ang pagkabigo na nararamdaman ng maraming tagahanga ngunit bilang isang,0.8410172462463379,96.63593101501465
i feel the responsibility of loving them even more,2,love,Nararamdaman ko ang responsibilidad na mahalin sila nang higit pa.,0.8648855686187744,96.5404577255249
i feel like time is precious so they were dead on with saying i would be interested in time saving devices i m always looking to save time,1,joy,"Nararamdaman kong mahalaga ang oras kaya tama sila nang sabihin na interesado ako sa mga aparato na nakakatipid ng oras, lagi akong naghahanap ng paraan para mailigtas ang oras.",0.9164559841156006,96.3341760635376
i hate when im refered to that game guitar hero i mean its cool but i got the name kinda before lol and now i feel bitchy so stay the fuck outta my way,3,anger,"Ayaw ko kapag tinutukoy ako sa larong Guitar Hero, oo nga't cool siya pero ang pangalan ko noon pa, eh, at ngayon parang bitter na ako kaya umiwas kayo sa akin.",0.8229602575302124,96.70815896987915
i found having old pip constantly on stage rather disruptive he sometimes reacted along with young pip and sometimes didn t he sometimes moved position in dramatic scenes and he just left me feeling rather awkward,0,sadness,"Nakakagambala para sa akin na lagi nasa entablado ang matandang Pip, minsan sumasabay siya sa reaksiyon ni batang Pip, minsan hindi, minsan nagbabago pa siya ng posisyon sa mga dramatikong eksena, at iniwan niya akong pakiramdam na medyo hindi komportable.",0.934162974357605,96.26334810256958
i am feeling extremely annoyed and restless,3,anger,Napakainis at hindi ko mapakali.,0.8158258199691772,96.73669672012329
i go back to that day however and hear jesus words the son of man has authority to forgive sins on earth i feel electrified and doubtful,4,fear,"Bumalik ako sa araw na iyon ngunit narinig ko ang mga salita ni Hesus, ""Ang Anak ng Tao ay may awtoridad na patawarin ang mga kasalanan sa lupa,"" at naramdaman kong nabigla at nag-aalinlangan.",0.8802035450935364,96.47918581962585
i feel the presence of god something fearful happens i became aware of my own unworthiness my own short comings and yes my own sin,4,fear,"Nararamdaman ko ang presensya ng Diyos, nangyari ang isang bagay na nakakatakot, at naging alerto ako sa aking sariling kawalang-saysay, aking mga kahinaan, at oo, aking mga kasalanan.",0.8943939208984375,96.42242431640625
i feel virtuous eating them not as some sort of penance because they taste bad but because i feel so alive when i crunch into them,1,joy,Nararamdaman kong mabuti ang aking sarili habang kumakain ko sila hindi dahil sa parang parusa dahil masama ang lasa kundi dahil sa nararamdaman kong buhay kapag kinakagat ko sila.,0.8612980246543884,96.55480790138245
i still have the lurgy and feel rotten,0,sadness,Mayroon pa rin akong sipon at pakiramdam ko ay masama.,0.9075431227684021,96.36982750892639
i get the nasty feeling that my posts are boring the pants off everyone,0,sadness,Nararamdaman kong nakakainis na baka nakakabagot ang mga post ko sa lahat.,0.8175326585769653,96.72986936569214
i had some delicious apple pie so needless to say i was feeling pretty groggy,0,sadness,"Kumain ako ng masarap na apple pie kaya naman, hindi na kailangan pang sabihin, medyo antok na ako.",0.8617053031921387,96.55317878723145
im feeling pathetic i cant take rejection why wont you call me,0,sadness,"Parang tanga ako, hindi ko kayang tanggapin ang pagtanggi. Bakit hindi ka tumatawag?",0.872369647026062,96.51052141189575
ive been feeling sooo inspired to wear black and white lately its probably because i follow all of these cool aussie girls with an amazing style on instagram,1,joy,"Nararamdaman kong sobrang inspirasyon kong magsuot ng itim at puti ngayon, siguro dahil sinusundan ko ang mga cool na Aussie girls na may kamangha-manghang istilo sa Instagram.",0.8634771704673767,96.5460913181305
i dont really feel his presence but im eager to hear news about him,1,joy,Hindi ko talaga nararamdaman ang kanyang presensya ngunit naghihintay akong marinig ang balita tungkol sa kanya.,0.9052319526672363,96.37907218933105
i feel very frustrated and very sad,3,anger,Napakasaya at napakalungkot ko.,0.8376462459564209,96.64941501617432
i hate feeling empty and numb,0,sadness,Ayaw kong maramdaman ang kawalan at pagkabulag.,0.9034680128097534,96.38612794876099
i go to tell someone to feel her kick she gets shy and stops,4,fear,"Pupunta ako para sabihin sa isang tao na maramdaman ang kanyang pag-ihip, ngunit nahihiya siya at tumitigil.",0.8980631232261658,96.40774750709534
i was a kid in bellingham worried about acne getting my first kiss and maybe copping a feel somewhere on a sweet girl i wished would notice me,2,love,"Bata pa ako noon sa Bellingham, nag-aalala tungkol sa acne, sa unang halik, at baka mahawakan ang kamay ng isang magandang babae na sana'y mapansin ako.",0.8654536008834839,96.53818559646606
i even like to play with my negative feelings by becoming curious,4,fear,Gustung-gusto ko ring maglaro sa aking mga negatibong damdamin sa pamamagitan ng pagiging mapag-usisa.,0.9121788740158081,96.35128450393677
i wake up real life husband i feel melancholy towards day,0,sadness,"Gumigising ako, asawa ko'y nasa tunay na buhay, nararamdaman ko ang kalungkutan sa araw na ito.",0.8965260982513428,96.41389560699463
i began training in january or at least mentally preparing myself to train and can remember specifically feeling apprehensive about the running a spring marathon,4,fear,Nagsimula akong mag-eensayo noong Enero o kahit papaano ay naghahanda nang mental para sa pag-eensayo at matatandaan ko nang partikular na naramdaman ang pag-aalala tungkol sa pagtakbo ng isang maraton sa tagsibol.,0.8352932929992676,96.65882682800293
i feel deeply offended by some of the rhetoric and behaviour of some of the apc leaders and i cannot be expected to remain silent in the face of such expressions,3,anger,"Lubos akong naapektuhan at nasasaktan ng ilang retorika at kilos, at hindi inaasahan na manatiling tahimik sa harap ng ganitong mga pahayag.",0.9309996366500854,96.27600145339966
i decided that this one lesson i had had was enough practise for me so its fair to say i was feeling slightly apprehensive walking over to the nursery slopes,4,fear,Nagpasya akong sapat na ang isang araling ito para sa akin kaya patas na sabihin na medyo kinakabahan akong lumapit sa nursery slopes.,0.8851261734962463,96.45949530601501
i felt like i couldnt let myself believe the feelings i was getting from these men that the phone call had been a fake,0,sadness,"Parang hindi ko mapagkakatiwalaan ang mga nararamdaman ko mula sa mga lalaking iyon, na ang tawag ay pekeng-peke.",0.8619132041931152,96.55234718322754
i love the feeling of being treasured to feel like youre needed who doesnt right,2,love,"Mahal ko ang pakiramdam na pinahahalagahan, na parang kailangan ka. Sino ba naman hindi, di ba?",0.811254620552063,96.75498151779175
i didnt end up with that popular guy before the feeling i had when i was rejected its like a break up what i thought during that time la,0,sadness,"Hindi ako nagtapos kasama ng sikat na lalaki noon, ang naramdaman ko noong tinanggihan ako ay parang hiwalayan, iyon ang iniisip ko noon.",0.8909671306610107,96.43613147735596
ive recently had one of those experiences that left me feeling inadequate,0,sadness,"Kamakailan lamang, naranasan ko ang isang karanasan na nagpaparamdam sa akin na kulang ako.",0.8426634073257446,96.62934637069702
im feeling a bit apprehensive but excited as well,4,fear,Nararamdaman ko ang kaunting pag-aalinlangan ngunit masaya rin ako.,0.8631976842880249,96.5472092628479
i talk to you i feel like a lot gets resolved,1,joy,"Kapag nag-uusap tayo, parang napakaraming bagay ang nalulutas.",0.8558483123779297,96.57660675048828
i came home and enjoyed minutes in the garden feeling the lovely warm sunshine on my face,2,love,"Umalis ako pauwi at tinamasa ang ilang minuto sa hardin, nararamdaman ang magandang init ng araw sa aking mukha.",0.8656482696533203,96.53740692138672
i feel horrible for people whose babies accidentally suffocate from blankets and stuff because the guilt must be terrible but in a case like that it was avoidable so its more frustrating than anything,0,sadness,"Napakasakit ng pakiramdam para sa mga taong nawalan ng sanggol dahil sa pag-suffocate mula sa kumot at iba pang bagay dahil siguradong napakalaki ng kanilang pagsisisi, ngunit sa ganitong kaso, maiiwasan ito kaya mas nakakainis kaysa anumang iba.",0.88270503282547,96.46917986869812
i told him if i felt better i would go with him but that i was still feeling really lousy,0,sadness,Sinabi ko sa kanya na kung magiging mas mabuti na ako ay sasama ako sa kanya ngunit nararamdaman ko pa rin ang pagkasakit.,0.9301265478134155,96.27949380874634
i feel like he forgets he has a faithful girlfriend back home and just parties on the weekend and acts like he s single,2,love,Parang nakakalimutan niya na may tapat na nobya siyang naghihintay sa bahay at puro party lang ang ginagawa niya tuwing weekend at kumikilos na parang single.,0.8584669232368469,96.56613230705261
im feeling is funny because its totally unnecessary,4,fear,Nakakatawa ang pakiramdam ko dahil ganap na hindi kinakailangan.,0.869795560836792,96.52081775665283
i feel sorry for those that can t eat mangoes amp grateful i can,0,sadness,"Nakakaawa ang mga hindi makakain ng mangga, at ako'y nagpapasalamat na kaya kong kainin.",0.908021092414856,96.36791563034058
i was feeling rather horny though img src http s,2,love,"Nararamdaman ko ang init ng katawan, bagama't.",0.8655043244361877,96.53798270225525
i feel so blessed and honored that we get to be its parents,1,joy,Nararamdaman kong sobrang biyaya at karangalan na maging mga magulang nito.,0.9135671854019165,96.34573125839233
i slept deeply and still feel energetic and very well today,1,joy,Malalim ang aking tulog at nararamdaman ko pa rin ang enerhiya at kabutihan ngayon.,0.8987627625465393,96.40494894981384
i just feel like i dont like supporting walmart because maceys has such good family values and is closed on sundays and isnt trying to take over mom and pop stores but i have to be a smart consumer too,2,love,"Parang ayaw ko lang suportahan ang Walmart kasi ang Maceys naman ay may magagandang halaga para sa pamilya, sarado tuwing Linggo, at hindi naghahangad na sakupin ang mga tindahan ng mga magulang at lolo't lola, pero kailangan din akong maging matalinong mamimili.",0.864818811416626,96.5407247543335
i am wondering though is if i m content with feeling so much discontent,0,sadness,Nagtataka ako kung kontento na ba ako sa pagiging hindi kontento.,0.9048900604248047,96.38043975830078
i feel regret for my beloved city,2,love,Nakaramdam ako ng pagsisisi para sa aking minamahal na lungsod.,0.9051071405410767,96.3795714378357
i feel pretty in transition,1,joy,Nararamdaman kong maganda ako sa gitna ng pagbabago.,0.896976113319397,96.41209554672241
i knew that if we werent giving thanks its because i wasnt feeling very thankful either,1,joy,"Alam kong kung hindi tayo nagpapasalamat, marahil ay hindi rin ako tunay na nagpapasalamat.",0.9252549409866333,96.29898023605347
i just feel like supporting them,1,joy,Gusto ko lang silang suportahan.,0.7911655306816101,96.83533787727356
i was feeling very depressed everyday in the midst of having my dream life,0,sadness,Araw-araw akong nadarama ang malalim na depresyon kahit nasa gitna ng aking pangarap na buhay.,0.8822857141494751,96.4708571434021
i have some feelings i would like to share with you the valued reader,1,joy,"Mayroon akong ilang damdamin na nais kong ibahagi sa iyo, mahal na mambabasa.",0.8905996680259705,96.43760132789612
i feel like all this allergen free cooking is making me way better prepared for christmas because now i have recipes that will accommodate all my family s restrictions,1,joy,"Parang mas handa na ako sa Pasko dahil sa lahat ng pagluluto na walang alerhen, dahil ngayon ay mayroon akong mga resipe na kayang tumanggap sa lahat ng restriksyon ng aking pamilya.",0.880710244178772,96.47715902328491
i feel bad about that but this last years i started to realize no matter how many friends i have or know it doesnt matter im still a loner,0,sadness,"Nakakabagabag iyon, pero sa nakalipas na taon, napagtanto ko na kahit magkano ang aking mga kaibigan o kakilala, hindi iyon mahalaga, ako pa rin ay isang taong nag-iisa.",0.892562985420227,96.42974805831909
i cannot help but feel that my life is a series of not so unpleasant accidents stumbling about trying to do the right thing,0,sadness,"Hindi ko mapigilang maramdaman na ang buhay ko ay isang serye ng hindi gaanong masamang aksidente, naglalakad-lakad at sinusubukang gawin ang tama.",0.9064500331878662,96.37419986724854
i was feeling somewhat defeated and completely at a loss of what to do next,0,sadness,Nararamdaman ko ang pagkatalo at lubos na nawawala ang aking direksyon kung ano ang gagawin sa susunod.,0.9210022687911987,96.3159909248352
i feel the frames could give the works an elegant appearanc ewhich i am more interested in after movign on from the images created in my final drawing assessment,1,joy,"Nararamdaman kong ang mga frame ay magbibigay ng isang elegante at magandang hitsura sa mga gawa, na mas interesado akong abutin pagkatapos lumipat mula sa mga imahe na ginawa sa aking huling pagsusulit sa pagguhit.",0.935746967792511,96.25701212882996
i feel like im supporting myself and doing ok on my own and i am hesitant to include anyone new in the equation at least romantically,2,love,"Nararamdaman kong kaya kong suportahan ang aking sarili at mabuti naman ako nang mag-isa, kaya medyo hesitant akong isama ang isang bagong tao, lalo na sa romantikong paraan.",0.8606751561164856,96.55729937553406
im sat here feeling rather pleased with myself that my bathroom and bedroom are all clean and tidy and trying to work out what to wear to a uv paint party this evening,1,joy,"Nakaupo ako rito, medyo masaya sa aking sarili dahil malinis at maayos ang aking banyo at silid-tulugan, at sinusubukan kong piliin ang susuotin ko sa UV paint party ngayong gabi.",0.8957124352455139,96.41715025901794
i just feel more and more like not caring about what people think of me as long as im happy with myself i love you and your personality and everything,2,love,Parang lalong hindi na ako nag-aalala kung ano ang iniisip nila basta masaya ako sa sarili ko. Mahal kita at ang iyong personalidad at lahat.,0.8913168907165527,96.43473243713379
i think we ve all known the tyrant he dedicates his whole life to making money so he can use it to feel superior and control those in his life,1,joy,"Akala ko'y alam na natin ang diktador, nakatuon ang buong buhay niya sa pagkuha ng pera upang gamitin ito upang maramdaman ang kanyang kadakilaan at kontrolin ang mga tao sa kanyang paligid.",0.8866324424743652,96.45347023010254
i can t believe i feel so petrified,4,fear,"Hindi ko makapaniwala, sobrang natatakot ako.",0.8345417976379395,96.66183280944824
i am feeling completely mellow and perfectly calm,1,joy,Nararamdaman kong lubos na mahinahon at perpektong kalmado.,0.9036175012588501,96.3855299949646
i feel like im almost uh afraid of everything so to speak,4,fear,"Parang natatakot na ako sa halos lahat, sa madaling salita.",0.8831858038902283,96.46725678443909
i feel writing to sell to pander to popular taste just to make money is a sucker s game,1,joy,"Nararamdaman kong pagsusulat para ibenta, upang paboran ang panlasa ng madla, at kumita lamang ay isang laro ng mga bobo.",0.8770777583122253,96.4916889667511
i woke up today feeling just as thankful,1,joy,Gumising ako ngayon na pakiramdam ko'y lubos na nagpapasalamat.,0.8964807987213135,96.41407680511475
i dont think i misinterpreted at all helped me feel more assured about the sort of work i had been doing and continued to do,1,joy,"Hindi ko akalaing mali ang aking pag-unawa, nakatulong ito upang maging mas matibay ang aking pananampalataya sa uri ng trabaho na aking ginagawa at patuloy na ginagawa.",0.8876935243606567,96.44922590255737
i remember feeling awkward and strange during my first few weeks,0,sadness,Naalala ko ang pakiramdam ng pagka-awkward at kakaiba noong mga unang linggo ko.,0.8445615768432617,96.62175369262695
i found it really sad here are people feeling unhappy because the expectations they have about marriage and relationships are based on ideas that dont seem to connect with their real lives,0,sadness,Nakakalungkot isipin na may mga tao na hindi masaya dahil ang kanilang inaasahan tungkol sa kasal at relasyon ay batay sa mga ideya na tila hindi nagtutugma sa kanilang tunay na buhay.,0.8421778678894043,96.63128852844238
im slow about this but it does feel weird returning to a home without your mum anymore,4,fear,"Mabagal ako sa pagtanggap nito, pero kakaiba talaga ang pakiramdam na bumalik sa tahanan nang wala na ang nanay mo.",0.8858547210693359,96.45658111572266
i was still feeling ok energy and distance wise etc it was just so slow and this was frustrating me a lot,1,joy,"Mabuti pa rin ang aking pakiramdam, enerhiya at distansya, pero sobrang bagal kaya ito'y nagpapafrustrate sa akin.",0.8621482849121094,96.55140686035156
i feel excited just imagining it,1,joy,Nakakakilig isipin na lang.,0.885999858379364,96.45600056648254
i feel hated betrayed paranoid childish and hurt,0,sadness,"Nararamdaman kong kinamumuhian, pinagtataksilan, paranoiac, bata, at nasasaktan.",0.8867628574371338,96.45294857025146
i got high in the pleasing feelings that appear deceptively benevolent like convenience or comfort,1,joy,Nakaramdam ako ng mataas na kasiyahan sa mga nakakatuwang damdamin na tila mapagkumbaba at mabuti tulad ng kaginhawaan o kaginhawahan.,0.9113352298736572,96.35465908050537
i feel very privileged to know each and every one of you,1,joy,Napakalaki ng aking karangalan na makilala ang bawat isa sa inyo.,0.9004197120666504,96.3983211517334
i feel im ugly i feel that i dont deserve to exist in this world,0,sadness,"Nararamdaman kong pangit ako, nararamdaman kong hindi ako karapat-dapat umiral sa mundo.",0.8928693532943726,96.42852258682251
i smile i feel gorgeous,1,joy,"Ngumiti ako, nararamdaman kong maganda ako.",0.9094395637512207,96.36224174499512
ive spent years feeling resentful and trying to curb that feeling of resentment,3,anger,Naglaan ako ng maraming taon na nararamdaman ang sama ng loob at sinusubukang pigilan ang damdaming iyon ng sama ng loob.,0.881371259689331,96.47451496124268
i am feeling a bit restless these days,4,fear,Nararamdaman kong medyo hindi ako mapakali ngayon mga araw na ito.,0.8653063774108887,96.53877449035645
i feel after a horrible winter,0,sadness,Nararamdaman ko pagkatapos ng isang nakakatakot na taglamig.,0.8734813928604126,96.50607442855835
i cannot describe how happy i feel an emotional may sophat a year old patient from kandal said in the recovery room,0,sadness,"Hindi ko mailarawan kung gaano ako kaligaya, isang emosyonal na pag-sophat mula sa isang taong gulang na pasyente mula sa Kandal, sabi sa silid ng paggaling.",0.910641074180603,96.35743570327759
i am feeling a little homesick for colorado,0,sadness,Nararamdaman ko ang kaunting pag-uulila sa Colorado.,0.8562764525413513,96.5748941898346
ive been feeling like im running on empty and fearful that ill get my usual progression of sinus infection to walking pneumonia so ive been pounding the a href http www,0,sadness,"Nararamdaman kong parang wala nang laman ang aking enerhiya at natatakot akong magkaroon ng aking karaniwang pag-unlad mula sa sinusitis hanggang sa pneumonia, kaya't patuloy akong umiinom ng (hindi kumpleto ang teksto).",0.8828690648078918,96.46852374076843
i hope that the next quote will be able to let my special someone knows what im feeling insecure about and understand that no matter how much i trust,4,fear,Sana maintindihan ng aking espesyal na tao ang aking nararamdaman na kawalan ng katiyakan sa susunod na quote at malaman na kahit gaano ako magtiwala.,0.8589649796485901,96.56414008140564
i feel hopeful and excited that this will only get better and more fun as we go,1,joy,Nakakaramdam ako ng pag-asa at kilig na ito ay magiging mas maganda at mas masaya habang tayo'y patuloy na naglalakbay.,0.9178230166435242,96.3287079334259
i feel good players can play with each other whether they have to play on the right or left of the centre back role,1,joy,"Masaya ako dahil ang mga magagaling na manlalaro ay kayang maglaro kasama ang isa't isa, kahit sa kanan o kaliwa ng sentro ng depensa.",0.9350829720497131,96.25966811180115
i had no immediate response though in retrospect i feel i could have said so many things to convince her to be gentle with the love pony and ride her nice and easy,2,love,"Walang agad akong tugon, ngunit sa pag-iisip ko ngayon, nararamdaman kong marami akong sasabihin upang hikayatin siyang maging mahinahon sa pag-aaruga sa kabayo ng pag-ibig at sakyan siya nang maayos at dahan-dahan.",0.9148028492927551,96.34078860282898
i can feel myself slowly uncoiling from the fearful place inside and enjoying the time as i hope he can enjoy it and starting to actually swim around a bit rather than just walk in the water,4,fear,Nararamdaman kong unti-unting nalalayo ako sa takot na lugar sa loob at nasisiyahan sa oras na sana ay ma-enjoy niya rin at nagsisimula nang talagang lumangoy sa paligid kaysa maglakad lamang sa tubig.,0.8689104318618774,96.52435827255249
i feel very honored to be among some of the best illustrators nominated this year for a chesley award,1,joy,Napakalaking karangalan para sa akin na makasama ang ilan sa mga pinakamahusay na ilustrator na nominado ngayong taon para sa Chesley Award.,0.882943868637085,96.46822452545166
i feel privileged to be invited in and am treating her hoard with care,1,joy,Nararamdaman kong isang karangalan na makasama siya at inaalagaan ko nang may pag-iingat ang kanyang koleksiyon.,0.9025310277938843,96.38987588882446
i get up with max and feel so exhausted that i crawl back upstairs and find sleep for another hour or so but each week i try to make sure i workout days,0,sadness,"Gumigising ako kasama si Max at sobrang pagod kaya umaakyat ulit ako sa hagdan at natutulog ng isa pang oras o kaya, pero bawat linggo sinusubukan kong matiyak na may mga araw akong nagwo-workout.",0.8470750451087952,96.61169981956482
i somehow feel terrified as though if i dare slow down or walk in place to catch my breath billy blanks will jump out of the screen and yell into my face with all his fierceness,4,fear,"Parang natatakot ako, na parang kung magpabagal man o mag-stay sa lugar para huminga, lalabas si Billy Blanks sa screen at sisigaw sa mukha ko ng may buong galit niya.",0.8759936094284058,96.49602556228638
i sat down at the table for lunch after proclaiming how amazing i felt considering i started to feel weird,4,fear,Umupo ako sa mesa para kumain ng tanghalian matapos ipahayag kung gaano ako kahusay pakiramdam kahit nagsisimula akong magkaroon ng kakaibang pakiramdam.,0.9231212139129639,96.30751514434814
i have two specialties law and mechanical engineering but to say the truth i like better to utilize my knowledge of psychology and languages rather than engineering and feel sure that these capacities are most needed nowadays,1,joy,"May dalawang espesyalidad ako, batas at inhenyeriya mekanikal, ngunit sa totoo lang, mas gusto kong gamitin ang aking kaalaman sa sikolohiya at mga wika kaysa sa inhenyeriya at naniniwala akong ang mga kakayahan na ito ang pinakakailangan ngayon.",0.9094572067260742,96.3621711730957
i am feeling melancholy sad depressed ok even angry that this is my second year without my oldest and youngest daughters klysta passed days ago andrea has chosen to not be with her family,0,sadness,"Malungkot, malungkot, nalulumbay, at galit ako dahil ito na ang ikalawang taon na wala ang aking panganay at bunso, si Klysta ay pumanaw kamakailan, at si Andrea ay pumili na hindi na kasama ang kanyang pamilya.",0.915061354637146,96.33975458145142
im feeling lonely while scott is at work,0,sadness,Nag-iisa ako habang nasa trabaho si Scott.,0.9247447848320007,96.301020860672
i can use the data comparatively to determine whether i am feeling disappointed elated inspired et cetera,0,sadness,"Maaari kong gamitin ang data nang komparatibo upang matukoy kung ako ay nakakaranas ng pagkabigo, kagalakan, inspirasyon, atbp.",0.8467280268669128,96.61308789253235
im wound a little too tightly for it i remember the paranoid feelings more vividly than the mellow ones,1,joy,"Masyadong mahigpit ang pag-ikot ko noon, mas matalas ko pa ang mga nararamdaman ng pagkabalisa kaysa sa mga kalmado.",0.8667865991592407,96.53285360336304
ill admit that hes a pretty good designer but i feel like hes totally fake,0,sadness,"Aminin ko, magaling siyang designer pero parang totoong pekeng tao siya.",0.8695580959320068,96.52176761627197
i who you cant help but feel sympathetic towards is a bit of a geek,2,love,Ang taong hindi mo mapigilang maramdaman ang awa ay medyo isang baliw.,0.8752204179763794,96.49911832809448
i feel loving me no one but i will be fighting for anyone,2,love,Nararamdaman kong walang magmahal sa akin ngunit lalaban ako para sa sinuman.,0.9102267026901245,96.3590931892395
i am feeling uncertain and insecure and fearful,4,fear,"Hindi ako sigurado, at natatakot at hindi ako komportable.",0.9363760948181152,96.25449562072754
i feel relieved and ready to move on to the next series of challenges that life has to offer,1,joy,Nararamdaman kong nabawasan ang aking pag-aalala at handa nang harapin ang susunod na serye ng hamon na ihahandog ng buhay.,0.8919458389282227,96.43221664428711
i remember me and my mum crying holding ourselves against a door while he tried to break it down and feeling terrified,4,fear,"Naalala ko kami ni nanay na umiiyak, yakap-yakap sa pinto habang sinusubukan niyang sirain ito at natatakot kami.",0.9447232484817505,96.221107006073
i feel like i am kinda being bitchy to alot of people but whatever,3,anger,Parang medyo maarte ako sa maraming tao pero bahala na.,0.7656015157699585,96.93759393692017
i feel like drinkin drinkin angry someones gonna die whiskey and beer les paul a href http farm,3,anger,"Gusto kong uminom ng alak, uminom ng alak, galit, parang mamamatay na ang isang tao, whiskey at beer, Les Paul, <a href=""http://farm"">farm</a>.",0.856037437915802,96.57585024833679
i was tired of feeling like a helpless victim and stuck in my circumstances and slowly started making changes,4,fear,Nagutom na ako sa pakiramdam na parang isang walang-laban na biktima at nakakulong sa aking kalagayan kaya unti-unti kong nagsimulang gawin ang mga pagbabago.,0.8605020046234131,96.55799198150635
i feel so envious and proud of you at the same time if it is at all possible to feel that way,3,anger,"Nararamdaman kong parehong inggit at mapagmamalaki sa iyo, kung maaari nga itong maramdaman nang sabay-sabay.",0.8748568296432495,96.500572681427
im feeling angry i think i strop about ruffling the air and inflating my position and exaggerating the issue,3,anger,"Galit ako, akala ko'y nag-aaksaya ako ng panahon sa pag-aaway at pagpapalaki ng aking posisyon at pagpapalaki ng isyu.",0.9133119583129883,96.34675216674805
i have gradually morphed into someone who feels superior when other peoples kids complain about dinner or dont want to eat their zucchini or are allowed to eat pop tarts or sugary cereal or white bread for breakfast,1,joy,"Dahan-dahang nabago ako at ngayon ay nararamdaman kong mas mataas ako kapag reklamo ng mga anak ng iba tungkol sa hapunan, ayaw nilang kainin ang kanilang zucchini, o pinapayagang kumain ng pop tarts, matatamis na cereal, o puting tinapay para sa almusal.",0.8665112257003784,96.53395509719849
i feel my blood pound up my back and in my ears and i throw up it hurts point blank and period it hurts,0,sadness,"Nararamdaman kong tumitibok ang aking dugo sa likod at sa aking tenga at ako ay sumuka, masakit nang diretso at basta, masakit.",0.906470775604248,96.37411689758301
ive been feeling disheartened by the young adult genre after quite a few badly written novels but this one has restored my spirit and captured my heart,0,sadness,"Nabigo na ako sa genre ng young adult dahil sa ilang hindi magandang nobelang nabasa ko, ngunit ang isa itong aklat na muling nagbigay-sigla sa aking kalooban at nakapukaw ng aking puso.",0.8728037476539612,96.50878500938416
i feel loving me no one but i will be fighting for anyone pagetype item url http mimedoger,2,love,Nararamdaman kong walang magmahal sa akin ngunit lalaban ako para sa sinuman.,0.8891549110412598,96.44338035583496
i feel at peace relaxed and not anxious or nervous or scared,1,joy,"Nararamdaman kong mapayapa, komportable, at walang kaba, nerbiyos, o takot.",0.9292203783988953,96.28311848640442
i feel so glad that i have a cool mama,1,joy,Masaya akong may isang magandang ina.,0.8917798399925232,96.43288064002991
ive also made it with both sugar measurements but i feel like cup is just too sweet for me,2,love,"Ginawa ko rin ito gamit ang parehong sukat ng asukal, pero parang masyadong matamis para sa akin ang isang tasa.",0.9228914976119995,96.308434009552
i feel that your advice is only useful for the people who already believe in it,1,joy,Nararamdaman kong ang iyong payo ay kapaki-pakinabang lamang sa mga taong naniniwala na rito.,0.8702225685119629,96.51910972595215
i feel im being generous with that statement,2,love,Nararamdaman kong maluwag ang aking pahayag.,0.8738966584205627,96.50441336631775
i be able to look them in the face again without feeling awkward,0,sadness,Kaya ko na silang titignan sa mukha nang hindi nahihiya.,0.91945880651474,96.32216477394104
i am trying not to feel so overwhelmed with everything i am trying to make small steps,4,fear,"Sinusubukan kong hindi maging sobra ang pagod sa lahat, sinusubukan kong gumawa ng maliit na hakbang.",0.8885053396224976,96.44597864151001
i need to be more upfront about how i feel about how im being valued at work,1,joy,Kailangan kong maging mas diretso tungkol sa aking nararamdaman tungkol sa kung paano ako pinahahalagahan sa trabaho.,0.9147944450378418,96.34082221984863
i always feel terrible afterwards and even more helpless which is yet another thing perpetuating my depression,0,sadness,"Lagi akong nakakaramdam ng pagsisisi pagkatapos at mas lalong nadarama ang kawalan ng kakayahan, na siyang isa pang dahilan upang palalain ang aking depresyon.",0.8745476007461548,96.50180959701538
i guess i feel charming and uber comfortable and i feel like a lady,1,joy,"Siguro, nararamdaman kong nakakaakit at sobrang komportable, at parang babae ako.",0.8365768790245056,96.65369248390198
i am feeling irritable cranky often,3,anger,Madalas akong makaramdam ng pag-iinit ng ulo at pagiging maselan.,0.9165151119232178,96.33393955230713
i moved into uni today and i feel so homesick and lonely and useless and part of mes saying fuck it go home and get a job and sod the degree,0,sadness,"Lumipat ako sa uni ngayon at sobrang nami-miss ko na ang tahanan, parang nag-iisa ako, walang silbi, at parang may parte sa akin na nagsasabi, ""Fuck it, umuwi ka na at magtrabaho, tanggalin na ang degree na 'yan.""",0.8690915107727051,96.52363395690918
i didnt want aubrey to feel pressured or rushed into baptism but then i realized that she doesnt need to have a perfect knowledge in order to be baptized,4,fear,Ayaw kong pilitin o madaliin si Aubrey sa pagbabayte pero napagtanto ko na hindi niya kailangan ng perpektong kaalaman upang mabinyagan.,0.9004371166229248,96.3982515335083
i can also feel the pain along with the characters and in which i also feel devastated and depressive because of all the pain they have to suffer and endure,0,sadness,"Maaari ko ring maramdaman ang sakit kasama ang mga tauhan at dahil dito, nadarama ko rin ang pagkabigo at depresyon dahil sa lahat ng sakit na kanilang pinagdadaanan.",0.9290966391563416,96.28361344337463
i feel agitated and jumpy and like i just ate a bottle of caffeine pills,4,fear,Nararamdaman kong kinakabahan at nag-a-a-a-a-a-a-a-a-a-a-a-a-a-a-a-a-a-a-a-a-a-a-a-a-a-a-a-a-a-a-a-a-a-a-a-a-a-a-a-a-a-a-a-a-a-a-a-a-a-a-a-a-a-a-,0.9136378765106201,96.34544849395752
i think he was feeling playful and lonely cuz he was the only creature in the living room,1,joy,Akala ko'y naglalaro at nag-iisa siya dahil siya lamang ang nilalang sa sala.,0.9120386242866516,96.3518455028534
i wasnt sure if i could be concerned when there were people around me feeling incredibly apprehensive some turning back while i may as well have been dancing up the cliff face,4,fear,"Hindi ko sigurado kung maaari akong mag-alala habang may mga tao sa paligid kong nararamdaman ang napakalaking pag-aalala, ilan ay bumalik habang parang ako'y sumasayaw sa pag-akyat sa matarik na bundok.",0.930686891078949,96.2772524356842
i love life feel optimistic and lucky,1,joy,"Mahal ko ang buhay, nakakaramdam ako ng optimismo at swerte.",0.8637510538101196,96.54499578475952
i was in seoul i could help but feel jealous,3,anger,"Nasa Seoul ako, hindi ko mapigilang mainggit.",0.8512263894081116,96.59509444236755
i am feeling a little skeptical today,4,fear,Medyo skeptikal ako ngayon.,0.8560178279876709,96.57592868804932
i cant believe this is the feeling i was so afraid of not disdain or hatred instead its just actual nothingness laced with a small dash of repulsion,4,fear,"Hindi ko makapaniwala na ito ang nararamdaman ko, ang takot kong hindi maramdaman, hindi poot o pagkaalipusta, kundi tunay na kawalan na may kaunting halik ng pagtutol.",0.8811184763908386,96.47552609443665
i awoke an hour after feeling groggy,0,sadness,Gumising ako isang oras matapos maramdaman ang pagkahilo.,0.9007195830345154,96.39712166786194
i was made to feel like a pathetic piece of shit because i suffer from a mental illness multiple actually,0,sadness,"Para akong isang walang silbi at nakakahiya na nilalang dahil sa mga mental illness na aking dinaranas, marami nga pala.",0.8812983632087708,96.47480654716492
i must say im not feeling very optimistic,1,joy,"Dapat kong sabihin, hindi ako gaanong nakakaramdam ng optimismo.",0.8950134515762329,96.41994619369507
i still feel like i was somehow one of the family members horribly wronged by the tragic events that have transpired today,3,anger,Nararamdaman ko pa rin na parang isa ako sa mga kamag-anak na lubhang nilapastangan ng mga trahedyang pangyayari ngayon.,0.9027796387672424,96.38888144493103
i feel bitchy today its as if today i realized that i couldnt count on any of my friends anymore,3,anger,"Parang baliw ako ngayon, parang ngayon ko lang napagtanto na hindi ko na kayang umasa sa kahit isa man sa mga kaibigan ko.",0.8623200058937073,96.55071997642517
i consider roethisberger stating how he feels the steelers offense should have run to be successful and win the game,1,joy,Iniisip ko na tama si Roethlisberger sa pagpapahayag niya kung paano dapat tumakbo ang depensa ng Steelers upang maging matagumpay at manalo sa laro.,0.9188581705093384,96.32456731796265
i feel that stay is important too this word reminds me of a feeling i get sometimes,1,joy,Nararamdaman kong mahalaga rin ang manatili; ang salitang ito ay nagpapaalala sa akin ng isang pakiramdam na minsan ko nararanasan.,0.8724734783172607,96.51010608673096
i feel like i am supporting households and i only get paid for hours per week,1,joy,Nararamdaman kong sinusuportahan ko ang mga tahanan at ako'y nababayaran lamang para sa mga oras kada linggo.,0.879392147064209,96.48243141174316
i cannot deny that right now i am feeling disillusioned with the avon,0,sadness,Hindi ko maikakaila na ngayon ay nararamdaman kong nabigo sa Avon.,0.9039706587791443,96.38411736488342
i was too occupied feeling triumphant,1,joy,Ako ay masyadong abala sa pagdadalamhati ng tagumpay.,0.9156956672668457,96.33721733093262
i feel as weird criticizing this game as much as i feel weird praising it,4,fear,Nararamdaman kong kakaiba punaan ang larong ito nang husto gaya ng kakaibang purihin ito.,0.8141212463378906,96.74351501464844
im feeling at one of my calmer states over the past month which is more than pleasant,1,joy,"Masaya akong nararamdaman ang aking katahimikan ngayong buwan, higit pa sa nakaraan.",0.8541863560676575,96.58325457572937
this sounds really predictable and usual but it was absolutely heartrending at the time my first lover i was just rang up one day and announced that he had found another woman i never saw him again and it hurt because i was positive that it was true love,0,sadness,Parang pangkaraniwan at inaasahan ang tunog nito ngunit lubos itong nakakapanghihinayang noong araw na tinawag ako ng unang minamahal ko at ibinalita na nakahanap siya ng ibang babae. Hindi ko na siya nakita pa at nasaktan ako dahil sigurado akong totoo ang ating pag-ibig.,0.8951117992401123,96.41955280303955
i feel hopeless and in serious need of encouragement,0,sadness,Nararamdaman kong walang pag-asa at lubos na nangangailangan ng pag-uudyok.,0.9044270515441895,96.38229179382324
i feel disappointed impatient frustrated with myself as a guitar player,0,sadness,"Nararamdaman kong nabigo, nagmamadali, at naiinis sa aking sarili bilang isang gitarista.",0.8901076316833496,96.4395694732666
i feel about oprah she is such a draw to women she is friendly has dealt with her struggles openly such as weight and abuse and seems to genuinely care about issues that concern our lives,1,joy,"Nararamdaman ko tungkol kay Oprah, siya ay isang malaking atraksyon sa mga kababaihan, siya ay kaibigan, bukas sa pagbabahagi ng kanyang mga pagsubok tulad ng timbang at pang-aabuso, at tila tunay na nagmamalasakit sa mga isyu na nakakaapekto sa ating buhay.",0.895415186882019,96.41833925247192
i know how you feel lovely post xx xelliealicex,2,love,"Alam ko kung ano ang nararamdaman mo, magandang post xx xelliealicex",0.826464056968689,96.69414377212524
i feel anybody got angry to me in an awkward silence,3,anger,Nararamdaman kong galit ang sinuman sa akin sa isang nakakahiyang katahimikan.,0.926350474357605,96.29459810256958
i may not feel it i m sure the wisdom that comes with age will help,1,joy,"Hindi ko man nararamdaman, sigurado ako na ang karunungan na dala ng edad ay magtutuloy-tuloy.",0.917670726776123,96.32931709289551
i want to please him but i feel resentful that he doesn t get how exhausted i feel all the time and how painful it is for me when i m not warmed up properly,3,anger,Gusto kong mapasaya siya ngunit nararamdaman kong may sama ng loob dahil hindi niya naiintindihan kung gaano ako pagod lagi at gaano ako nasasaktan kapag hindi ako maayos na pinapinit.,0.9111486077308655,96.35540556907654
i pretty much have everything in place to feel terrific going into this affair,1,joy,halos lahat na ay nasa tamang posisyon para akong magkaroon ng magandang pakiramdam papasok sa okasyon na ito.,0.8829784989356995,96.4680860042572
i feel a mad connection with your body and this is how i decided to kick off side a,3,anger,Nararamdaman kong may malakas na koneksyon sa iyong katawan at dito ko napagpasyahan na simulan ang pag-alis sa tabi.,0.8753821849822998,96.4984712600708
i feel convinced that i am an annoyance to them,1,joy,Naniniwala akong isang abala ako sa kanila.,0.8990309834480286,96.40387606620789
i stopped feeling intimidated when looking at a wod i guess that means i am learning how to find a right balance where to scale down and where to push harder,4,fear,"Tumigil na akong makaramdam ng takot kapag nakatingin sa isang WOD, siguro ibig sabihin nun ay natututunan ko nang mahanap ang tamang balanse kung saan bababa at kung saan itataas ang lakas.",0.8839147090911865,96.46434116363525
i left feeling hopeful given i had felt some really good twinges releases aaaaaaand,1,joy,Umalis ako na puno ng pag-asa dahil naramdaman ko ang ilang tunay na magagandang pagpapakawala ng kirot aaaaaaand,0.9692292213439941,96.12308311462402
i wont do it anymore i wont allow myself to be stressed and feeling rushed and like its all a race to be better and one up,3,anger,"Hindi ko na gagawin iyon. Hindi ko na hahayaan ang aking sarili na mag-stress at makaramdam ng pagmamadali, parang lahat ay isang laban upang maging mas mabuti at talunin ang iba.",0.8658301830291748,96.5366792678833
i read after watching the film argued that it makes sense for its author to feel so offended by the changes from the truth that were made in the film as it is being used in an attempt to effect real life verdicts,3,anger,Nabasa ko pagkatapos manood ng pelikula na ang argumento ay makatwiran na magreklamo ang may-akda nito dahil sa mga pagbabago mula sa katotohanan na ginawa sa pelikula dahil ginagamit ito upang makaapekto sa mga hatol sa tunay na buhay.,0.8503340482711792,96.59866380691528
i feel at this point i ought to just add my sincere apologies to her for taking so long to commit my tag to my blog and hand over the baton to someone else to run with,1,joy,"Sa puntong ito, nararamdaman kong dapat kong ibigay ang aking taos-pusong paumanhin sa kanya dahil sa aking pagkaantala sa pag-commit ng aking tag sa aking blog at pagbibigay ng baton sa iba upang patuloyin ito.",0.8535135388374329,96.58594584465027
i know both of them feel threatened by the job i do even after long years but i get really tired of the ganging up i get from them,4,fear,"Alam kong pareho silang nababahala sa trabahong ginagawa ko kahit na matagal na, pero napapagod na ako sa kanilang pagsasama-sama laban sa akin.",0.9052729606628418,96.37890815734863
i was trying to be a friend to him so that he wouldnt feel rejected by me,0,sadness,Sinusubukan kong maging kaibigan niya para hindi siya makaramdam ng pagtanggi mula sa akin.,0.9212004542350769,96.31519818305969
i slept and woke up feeling much better as if i had come out of a foggy haze the headache had subsided and the shakiness was gone,1,joy,"Natutulog ako at nagising na parang mas mabuti, parang lumabas ako sa maulap na hamog. Nawala na ang sakit ng ulo at ang pagkahilo.",0.8904926180839539,96.43802952766418
im also pretty close to just exiting out of the window because i feel like this makes me look freakishly neurotic,4,fear,Malapit na rin akong lumabas sa bintana dahil parang ginagawang kakaiba at nerbiyosong tingnan ako nito.,0.8505021929740906,96.59799122810364
i have a feeling they ll think it s dumb so i d rather just do this on my own for a while,0,sadness,May kutob akong akala nila ay bobo ito kaya mas gugustuhin kong gawin ito mag-isa muna saglit.,0.8444961905479431,96.62201523780823
staying alone in the biology building after the dark,4,fear,Pag-iisa sa gusaling pang-biyolohiya pagkatapos ng madilim.,0.9220330119132996,96.3118679523468
i told him that it was because living with wyatt makes me feel like bowie living with iman here is this gorgeous long limbed ebony creature striding here lounging there,1,joy,"Sinabi ko sa kanya na dahil sa pagtira ko kay Wyatt, parang si Bowie na nakatira kay Iman, nandito itong magandang matangkad na itim na nilalang na naglalakad, nagpapahinga.",0.9238652586936951,96.30453896522522
ive come home for the holidays i feel so much more mellow,1,joy,"Umalis na ako pauwi para sa mga pista, at nararamdaman kong mas kalmado na.",0.874423086643219,96.50230765342712
i feel badly about something that makes me really happy,1,joy,Nakakaramdam ako ng pagsisisi dahil sa isang bagay na nagpapasaya sa akin nang lubusan.,0.8902626037597656,96.43894958496094
i do not even feel any of it it is just students being passionate and hardworking about their own personal project,1,joy,"Hindi ko nararamdaman kahit isa man, puro lang estudyante na masipag at determinado sa kanilang sariling proyekto.",0.8715569972991943,96.51377201080322
i suppose that is how a lot of things feel when you are not feeling well,1,joy,Siguro ganun din ang pakiramdam ng maraming bagay kapag hindi ka maganda ang pakiramdam.,0.9162693619728088,96.33492255210876
im feeling a little disillusioned about vision therapy lately,0,sadness,Nararamdaman kong medyo nabigo na sa vision therapy ngayon.,0.877086877822876,96.4916524887085
i feel about gift cards they re after thoughts and rude,3,anger,"Nararamdaman ko tungkol sa gift cards, parang pag-iisip lang sa huli at bastos.",0.8448587656021118,96.62056493759155
i have been staying in the word and memorizing scripture and through this i feel that god is showing me just how ugly my heart is,0,sadness,"Naroon ako sa salita at pinag-aaralan ang mga kasulatan, at sa pamamagitan nito, nararamdaman kong ipinapakita ng Diyos kung gaano kasuklam-suklam ang aking puso.",0.8871302604675293,96.45147895812988
i love shopping on sites where i feel welcomed maybe its the phrases the story the images the extra services,1,joy,"Mahal ko ang mag-shopping sa mga website kung saan ako nakakaramdam ng pagtanggap, marahil dahil sa mga parirala, kwento, larawan, at mga karagdagang serbisyo.",0.8211017847061157,96.71559286117554
i feel pretty tortured because i work a job and often the inspiration strikes while im at work,3,anger,Nararamdaman kong medyo pinahihirapan dahil nagtatrabaho ako at kadalasan dumating ang inspirasyon habang nasa trabaho ako.,0.8411791324615479,96.63528347015381
i am feeling rather bitter and rather defeated over a multitude of subjects but lets talk about the main one,3,anger,"Nararamdaman ko ang pagiging mapait at pagkatalo sa maraming bagay, pero pag-usapan natin ang pangunahin.",0.8769864439964294,96.49205422401428
i pray every day for our little ones to feel safe loved protected and chosen,1,joy,"Nananalangin ako araw-araw para maramdaman ng ating mga maliit na anak na ligtas, mahal, protektado, at pinili.",0.9224997758865356,96.31000089645386
i know you are stronger than me for anythings else in you life and you can heal so faster like right now i think you already feel ok about it,1,joy,"Alam kong mas malakas ka sa akin para sa anumang bagay pa sa buhay mo at mabilis kang gumaling, parang ngayon din, akala ko ay nararamdaman mo na ang pagiging okay tungkol dito.",0.8624722361564636,96.55011105537415
i hurt went on and found someone more worthwhile so why when i cast my mind back to those times does it still make me feel ashamed,0,sadness,"Nasaktan ako, nagpatuloy, at nakahanap ng mas karapat-dapat na tao kaya bakit kapag iniisip ko ang mga panahong iyon, nararamdaman ko pa rin ang kahihiyan?",0.9165210723876953,96.33391571044922
i feel ungrateful too,0,sadness,Nararamdaman ko rin ang kawalan ng pasasalamat.,0.8768635392189026,96.49254584312439
i consulted my aunt a doctor partially because i wanted counsel without copay but mostly because i had a feeling my doctors would be skeptical,4,fear,"Nagkonsulta ako sa aking tiyahin na doktor, bahagya dahil gusto kong magkaroon ng payo nang walang copay, ngunit higit sa lahat dahil may nararamdaman akong pagdududa ang aking mga doktor.",0.8423737287521362,96.63050508499146
i feel very honoured to be part of our fabulous team,1,joy,Napakalaking karangalan para sa akin na maging bahagi ng aming kahanga-hangang koponan.,0.9258862733840942,96.29645490646362
i feel nervous i dont feel super confident that i have it until i have the trophy,4,fear,"Nararamdaman kong kinakabahan, hindi ako lubos na sigurado na mayroon na ito hanggang sa makuha ko ang tropeo.",0.8703576922416687,96.51856923103333
i feel i learn more when things dont turn out perfect,1,joy,Nararamdaman kong mas natututo ako kapag hindi perpekto ang mga bagay.,0.8370733261108398,96.65170669555664
i go further let me tell you why i feel unhappy,0,sadness,"Pupunta ako nang mas malayo, hayaan mo akong sabihin kung bakit ako hindi masaya.",0.893951416015625,96.4241943359375
im feeling kind of lonely right now even though i just talked to jack sarah and a lot of my other friends,0,sadness,"Nararamdaman kong medyo nag-iisa ako ngayon kahit kanina pa akong nag-usap kay Jack, Sarah, at maraming kaibigan ko pa.",0.9258908629417419,96.29643654823303
im expecting good things from confessions of a wedding planner i have a feeling some stories about bridezillas and naughty grooms are likely to feature what do you think,2,love,"Inaasahan kong maganda ang ""Confessions of a Wedding Planner,"" may kutob akong may mga kwento tungkol sa bridezillas at masungit na mga kasalukuyang lalaki na mapapanood. Ano ang sa tingin mo?",0.8188861608505249,96.7244553565979
i feel there was something divine happening there,1,joy,Nararamdaman kong mayroong isang banal na pangyayari roon.,0.8789199590682983,96.4843201637268
i feel so thankful i have been able to figure out ways to get around or deal with most of these minor side effects and that i have not dealt with anything too serious,1,joy,Napakasaya ko dahil natutunan kong harapin o lutasin ang karamihan sa mga menor de edad na epekto nito at hindi ko naranasan ang anumang malubhang bagay.,0.8643309473991394,96.54267621040344
i have been conveniently uninformed of the specifics of the situation i am left feeling helpless and wanting more than ever to get away,4,fear,"Hindi ako nabigyan ng tamang impormasyon tungkol sa detalye ng sitwasyon, kaya nararamdaman kong walang magawa at lalong gustong makalayo.",0.9055055379867554,96.37797784805298
i guess just like a porn star looking at a inch rubber dong i m feeling a bit hesitant about the whole thing,4,fear,"Parang isang artista sa pornong nakatingin sa isang maliit na goma, medyo nag-aalinlangan din ako sa buong bagay na ito.",0.8668228387832642,96.53270864486694
i feel like tna missed a trick not keeping the tag team of crimson and amazing red alive,0,sadness,Parang nabigo ang TNA na hindi nila pinananatili ang tag team na Crimson at Amazing Red.,0.8791869282722473,96.48325228691101
i have worked really hard to make this blog a place where you would like to be and feel welcomed and hopefully inspired,1,joy,"Nagtrabaho ako nang husto upang gawing lugar ang blog na ito kung saan kayo gustong manatili, maramdaman ang pagtanggap, at sana ay mapag-inspirasyon.",0.8739014863967896,96.50439405441284
i have to admit that i feel skeptical about making these changes and wonder are natural sweeteners any better for your body than refined sugars or are all sugars the same in the end,4,fear,Kailangan kong aminin na may pag-aalinlangan ako tungkol sa paggawa ng mga pagbabagong ito at nagtatanong kung mas mabuti ba ang mga natural na pampatamis para sa katawan kaysa sa pinong asukal o pareho silang lahat sa huli.,0.9125349521636963,96.34986019134521
ill think i thought it was its just that theres so much mess on a daily basis that its starting to feel less like a bit of charming untidiness and more like an episode of hoarders,1,joy,"Siguro akala ko noon ay iyon lang, pero dahil sa dami ng gulo araw-araw, parang hindi na ito maganda at nakakatuwang kalat, kundi parang isang episode ng ""Hoarders"" na.",0.8493098020553589,96.60276079177856
im personally happy grateful and embracing each moment but i feel that my patriotism is being abused,0,sadness,"Ako ay personal na masaya, nagpapasalamat, at nakaka-embrace ng bawat sandali, ngunit nararamdaman kong ginagamit ang aking pagmamahal sa bayan.",0.874172568321228,96.50330972671509
i would practice holding your hand using mine feeling the joints where you can feel my caring love but tight enough for you to know that i am never letting go,2,love,"Magpapraktis akong hawakan ang iyong kamay gamit ang akin, mararamdaman ang mga buto kung saan maaari mong maramdaman ang aking pagmamahal na puno ng pag-aalaga ngunit sapat na mahigpit para malaman mo na hindi kita bibitawan.",0.9004732370376587,96.39810705184937
i finally fell asleep feeling angry useless and still full of anxiety,3,anger,"Sa wakas ay nakatulog ako, ngunit nararamdaman ko pa rin ang galit, kawalan ng saysay, at ang kaba.",0.9089112281799316,96.36435508728027
i really feel valued,1,joy,Tunay akong nakaramdam ng pagpapahalaga.,0.8530526161193848,96.58778953552246
i didn t expect reps to make me ache really especially as i often lift heavier for more reps but i have to say i can feel my muscles aching already,0,sadness,"Hindi ko inaasahan na magdudulot ng matinding pananakit ang mga reps, lalo na't kadalasan akong nagli-lift ng mas mabigat para sa mas maraming reps, pero kailangan kong aminin na nararamdaman ko na ang pananakit ng aking mga kalamnan.",0.8642964363098145,96.54281425476074
i would feel so nostalgic at such a young age,2,love,Magiging napakasaya-saya at maaalala ko ang nakaraan kahit bata pa ako.,0.9087918996810913,96.36483240127563
i know it feels like youre dying when youre working out but the sweet refreshed feeling afterwards is all worth it,2,love,Alam kong parang namamatay ka kapag nag-eehersisyo pero ang sarap at pagkabuhay-buhay na nararamdaman pagkatapos ay sulit lahat.,0.9014532566070557,96.39418697357178
i feel subaru stops being that innocent being we were presented to in the beginning and begins to turn into the depressed young man of x who also kicks ass,1,joy,"Nararamdaman kong nagbabago si Subaru, hindi na siya ang inosenteng nilalang na ipinakilala sa simula, at unti-unting nagiging malungkot na kabataang lalaki tulad ni X na kayang magpakita ng lakas.",0.9197731018066406,96.32090759277344
ive been thinking about how to maximize its potential you know to make this wee apartment into a spacious feeling and glamorous flat,1,joy,"Iniisip ko kung paano mapapakinabangan ang potensyal nito, para gawing maluwang at magandang tirahan ang maliit na apartment na ito.",0.9006831645965576,96.39726734161377
i feel fearful about being vulnerable within a relationship i will see in others that they are not trustworthy and will in turn not trust them,4,fear,Natatakot akong maging mahina sa isang relasyon dahil nakikita ko sa iba na hindi sila maaasahan at hindi ko rin sila matutustusan.,0.9385406970977783,96.24583721160889
i am so thankful that though things are a bit overwhelming he has sent people into our lives to help me not feel so neurotic,4,fear,"Napakasaya ko na kahit na medyo nakakabighani ang mga bagay-bagay, pinadala niya ang mga tao sa ating buhay upang matulungan akong hindi maging sobrang nerbiyos.",0.8568012714385986,96.5727949142456
i wanted to upgrade the characters i was creating and engage them in battles of a similar setting transformations the raising of energy flashy colors chaotic explosions feelings of desperation when the adversary has you beaten etc,0,sadness,"Gusto kong mapaunlad ang mga karakter na aking nilalang at ipasali sila sa mga labanan na may katulad na setting, mga pagbabago, pagtaas ng enerhiya, maliwanag na kulay, kaguluhan ng mga pagsabog, damdamin ng pagkabigo kapag natalo ka na ng kalaban, atbp.",0.9004819393157959,96.39807224273682
i feel it is so important to support them with that extra money so they are able to go to a pub for a drink or anywhere else they wish to,1,joy,Mahalaga sa akin na suportahan sila ng dagdag na pera upang makapag-punta sila sa isang bar para uminom o saan man sila gustong pumunta.,0.9174344539642334,96.33026218414307
i feel the determined nudge of the holy spirit to end my slumber and self love,1,joy,Nararamdaman ko ang matibay na pagtulak ng banal na espiritu upang wakasan ang aking pagtulog at pagmamahal sa sarili.,0.8960378170013428,96.41584873199463
i feel very hopeless,0,sadness,"Napakasakit ng pakiramdam ko, parang wala nang pag-asa.",0.9049206972122192,96.38031721115112
i mean geez cara was raised not to feel compassion she had all love and feeling tortured and beaten from her at a very young age thats how the mord sith work,3,anger,"Ibig sabihin, anghel, pinag-aral si Cara na hindi maramdaman ang awa. Siya ay pinagkaitan ng pagmamahal at damdamin, pinagsamantalahan at pinabagsak mula pa noong bata pa siya. Ganito ang paraan ng mga Mord Sith.",0.9104824066162109,96.35807037353516
i almost feel intimidated by the attempt to describe it,4,fear,halos ako'y matakot na ilarawan ito.,0.8571997284889221,96.57120108604431
i made to take my mind of feeling soooo rotten,0,sadness,Ginawa ko para makalimutan ang pakiramdam na sobrang masama.,0.8431110382080078,96.62755584716797
i feel shaken by it and im far far above the age group targeted,4,fear,Nababahala ako dito at malayo na ako sa edad na target.,0.889557421207428,96.44177031517029
i feel like being sociable having someone over or going out and chilling somewhere,1,joy,"Gusto kong maging sosyal, mag-imbita ng bisita o lumabas at magpahinga sa isang lugar.",0.8948173522949219,96.42073059082031
i feel shocked robbed and shaken of everything i thought i wanted,4,fear,"Nararamdaman kong nagulat, ninakawan, at nabigla sa lahat ng akala kong gusto ko.",0.8844763040542603,96.46209478378296
i commented trying to keep my voice reasonably free from the feelings which gripped me i believe were beaten hendricks,0,sadness,"Sinabi ko ang aking komento, sinusubukang panatilihing makatwiran ang aking tinig mula sa mga damdaming nakakapit sa akin, naniniwala akong natalo si Hendricks.",0.9372292160987854,96.25108313560486
i just have a general feeling of this unpleasant heaviness from my stomach up,0,sadness,Nararamdaman ko lang itong pangkalahatang bigat na hindi maganda mula sa aking tiyan pataas.,0.8996520042419434,96.40139198303223
i feel pretty terrified immature and not ready,4,fear,"Nararamdaman kong medyo natatakot, hindi pa handa, at parang bata pa.",0.9272004961967468,96.29119801521301
i do feel a bit rotten,0,sadness,Nararamdaman ko pong medyo hindi maganda ang pakiramdam ko.,0.8739845156669617,96.50406193733215
i finally feel content with life,1,joy,Naramdaman ko na ang tunay na kasiyahan sa buhay.,0.8946948051452637,96.42122077941895
im faced with the dreading feeling that no it wont work and all this will have been in vain,0,sadness,Nakakaramdam ako ng takot na hindi ito magtatagumpay at lahat ng ito ay magiging walang kabuluhan.,0.9274618625640869,96.29015254974365
i am feeling that he does i wonder if such a dangerous place could be settled with the mentality that the enmayi have to bring to the possibility,3,anger,"Nararamdaman ko na ginagawa niya iyon, at nagtatanong ako kung kaya bang tirahan ang isang mapanganib na lugar gamit ang pananaw na dapat dalhin ng mga Enmayi sa posibilidad na iyon.",0.9213563203811646,96.31457471847534
i feel ashamed youre perfectly fine granting,0,sadness,Nahihiya ako na ikaw ay perpekto at pumapayag.,0.8483422994613647,96.60663080215454
i almost feel startled,4,fear,halos mapatalon ako ng gulat.,0.8960939645767212,96.41562414169312
i also feel much more triumphant while doing homework reading,1,joy,Mas nakakaramdam din ako ng tagumpay habang nagbabasa ng mga gawain.,0.8760786056518555,96.49568557739258
i remind myself or am reminded of my passions and opinions i just feel incredibly agitated and frustrated there is this ball of energy with no channel to travel,4,fear,"Napapaalala ako sa aking mga pagnanasa at paniniwala, ngunit nararamdaman kong sobrang kinakabahan at nagagalit, parang may enerhiya akong hindi mailabas.",0.9514925479888916,96.19402980804443
i feel i need to be punished,0,sadness,Nararamdaman kong kailangan akong parusahan.,0.8869578838348389,96.45216846466064
i feel very blessed and loved by the people around me,2,love,Nararamdaman kong lubos akong binabati at minamahal ng mga taong nasa paligid ko.,0.8613492250442505,96.554603099823
i want to push myself to think more in terms of discipline and what is a pro goal and pro me choice and not immediately default to feeling deprived,0,sadness,"Gusto kong hikayatin ang aking sarili na mag-isip nang higit sa disiplina at ano ang pro-goal at pro-sa-akin na pagpipilian, at hindi agad makaramdam ng kakulangan.",0.8620414733886719,96.55183410644531
i feel like at times i am lauren for trying to help my friend see that her boyfriend is a lousy guy yes they might be best friends and never let that go but they re both not good for each other,0,sadness,"Parang minsan ako si Lauren dahil sinusubukan kong ipakita sa aking kaibigan na ang kanyang boyfriend ay isang masamang tao. Oo, maaaring sila'y magandang kaibigan at hindi dapat hayaan iyon mawala, ngunit hindi sila maganda para sa isa't isa.",0.8729122877120972,96.50835084915161
i know but i m also upset because i increasingly get the feeling that i m a pleasant accessory,1,joy,"Alam ko, pero nalulungkot din ako dahil lalong nararamdaman kong isang magandang aksesorya lamang ako.",0.9179728031158447,96.32810878753662
i feel to support other women with infertility problems this valuable personal counseling is available for a restricted number of individuals,1,joy,"Gusto kong suportahan ang ibang kababaihan na may problema sa pagbubuntis, kaya't ito'y mahalagang personal na payo ay magagamit para sa isang limitadong bilang ng mga indibidwal.",0.8564209938049316,96.57431602478027
i dint feel any strong pain yet just cramping which comes and go like what i used to have during menses,1,joy,"Hindi ko pa nararamdaman ang malakas na sakit, puro lang pamumutla na parang dati kong nararamdaman noong may regla ako.",0.8341816663742065,96.66327333450317
im not feeling so whiney about going alone to my conversion,0,sadness,Hindi ako gaanong maiiyak tungkol sa pagpunta ko mag-isa sa aking pagbabago.,0.9298344850540161,96.28066205978394
im going to feel fabulous and amazing and healthy,1,joy,"Magiging kamangha-manghang, kahanga-hanga, at malusog ako.",0.8786664009094238,96.4853343963623
i feel absolutely guilty about this and crazy at the same time i am pregnant and i am suppose to get rounder,0,sadness,"Nararamdaman kong lubos na may sala at baliw sa parehong oras, buntis ako at dapat magiging bilog na.",0.8337783813476562,96.66488647460938
i was feeling amazing so i was disappointed when my lab work in december came back the same way it did the previous year overall it was good but i did not have enough protein in my diet,4,fear,"Nararamdaman kong kahanga-hanga kaya nabigo ako nang bumalik ang resulta ng aking pagsusulit sa laboratoryo noong Disyembre gaya ng nakaraang taon. Sa pangkalahatan ay mabuti ito, ngunit kulang ako sa protina sa aking diyeta.",0.9085375070571899,96.36584997177124
i not now creative muse feels so low lack words to haiku for haiku heights prompt confession p,0,sadness,"Hindi ako marunong mag-isip ng malikhain ngayon, ang aking muse ay parang mababa ang pakiramdam, kulang ako ng mga salita para sa haiku, kahit na ang prompt ay tungkol sa pag-amin.",0.9171595573425293,96.33136177062988
im feeling very petty right now,3,anger,Napaka-maliit ng aking damdamin ngayon.,0.9176834225654602,96.32926630973816
i am feeling fabulous this week and though i feel convicted saying that my attitude has turned around because my health has for now i am just thankful and trying to share my positive attitude with other people,1,joy,"Masaya ako ngayong linggo at kahit na parang mali sabihin ito, nagbago ang aking pananaw dahil sa aking kalusugan na ngayon ay mabuti. Sa ngayon, nagpapasalamat lamang ako at sinusubukang ibahagi ang aking positibong pananaw sa iba.",0.8947713971138,96.4209144115448
i feel weepy a lot,0,sadness,Madalas akong mapaiyak.,0.8423044681549072,96.63078212738037
i feel honoured to have won a few prizes this year in a local photography exhibition and have recently been asked by getty images for quite a number of my photos to be part of their world renowned collection of photographic images,1,joy,Nararamdaman kong ipinagmamalaki na manalo ng ilang parangal ngayong taon sa isang lokal na eksibisyon ng pagkuha ng larawan at kamakailan ay hiniling ng Getty Images ang ilang ng aking mga larawan upang maging bahagi ng kanilang sikat na koleksyon ng mga imahe.,0.9372245073318481,96.25110197067261
i feel really lucky that i m making a living doing this and i think it s important to pass the word about tap dance,1,joy,Nararamdaman kong sobrang swerte na kumikita ako sa ginagawa ko at mahalaga para sa akin na ipakalat ang tungkol sa tap dance.,0.8918622732162476,96.43255090713501
i stray i feel the pains of loneliness and discontent,0,sadness,"Nang mag-iisa ako, nararamdaman ko ang sakit ng kalungkutan at kawalan ng kasiyahan.",0.8845783472061157,96.46168661117554
im feeling rebellious and need to do something to relieve some of the turmoil in my body,3,anger,Nararamdaman kong rebelde at kailangan kong gawin ang isang bagay upang mapawi ang kaguluhan sa aking katawan.,0.8848626613616943,96.46054935455322
i have to get it in my head that i didnt do anything wrong its just of them have feelings for someone else and one just doesnt appear very considerate,2,love,"Kailangan kong maintindihan na hindi ako nagkasala, sila lang ang may nararamdaman para sa iba at isa ay hindi mukhang mapag-isip.",0.9138518571853638,96.34459257125854
i forgot to take my meds this morning and i am predictably feeling irritable but less predictably i have been sitting here all day thinking ima kill a bitch if i dont get my hands on a chocolate cupcake,3,anger,"Nakalimutan kong uminom ng gamot ko kanina at gaya ng inaasahan, nagiging maingay ako. Ngunit hindi inaasahan, nakaupo ako rito buong araw na iniisip na kakainin ko ang isang babae kung hindi ako makakakuha ng tsokolateng cupcake.",0.8866982460021973,96.45320701599121
i feel suspicious when i see this redundant use of the credential,4,fear,Nakakakita ako ng kahinaan kapag nakikita ko ang paulit-ulit na paggamit ng kredensyal.,0.8234463930130005,96.706214427948
i feel like crap that she s supporting me now that i m living with him instead of with my mom,1,joy,Nararamdaman kong masama na siya ay sumusuporta sa akin ngayon na nakatira na ako sa kanya kaysa sa aking ina.,0.8705791234970093,96.51768350601196
i hope the two of you don t feel it was all in vain,0,sadness,Sana hindi ninyo maramdaman na lahat ay walang saysay.,0.9398484826087952,96.24060606956482
i feel an eager anticipation,1,joy,Nararamdaman ko ang isang masiglang paghihintay.,0.8461583852767944,96.61536645889282
i feel like the town loner with all of the things i ll need that day in a suspicious bag,4,fear,"Parang isang taong nag-iisa sa bayan ako, dala ang lahat ng kailangan ko sa araw na iyon sa isang kahina-hinalang bag.",0.9148561954498291,96.34057521820068
im not feeling too hot this week so it has been a minor struggle but im pushing through and trying to smile my way through it,2,love,"Hindi ako gaanong maganda ang pakiramdam ngayong linggo kaya medyo mahirap, pero patuloy akong nagpupursigi at sinusubukang ngumiti kahit papaano.",0.8909776210784912,96.43608951568604
i even got mad at god a little because i feel like im being punished,0,sadness,Nagalit pa nga ako kay Diyos nang kaunti dahil parang pinarusahan ako.,0.9138718843460083,96.34451246261597
i feel very blessed to know some of you personally and admire all the things that you all have accomplished,1,joy,Nararamdaman kong lubos akong binabati dahil nakikilala ko kayo nang personal at humanga sa lahat ng inyong nagawa.,0.8674386739730835,96.53024530410767
im going to say is that i know my activities are out of balance when i start feeling burdened by something that is supposed to be fun,0,sadness,Ang sasabihin ko lang ay alam kong hindi pantay ang aking mga gawain kapag nararamdaman kong nabibigatan ng isang bagay na dapat sana ay masaya.,0.8876924514770508,96.4492301940918
i feel so ugly lately,0,sadness,Nararamdaman kong sobrang pangit ko ngayon.,0.8805730938911438,96.47770762443542
i feel like ive got the content down i print my work and read it through,1,joy,"Nararamdaman kong naunawaan ko na ang nilalaman, ini-print ko ang aking trabaho at binabasa ito nang mabuti.",0.8608521223068237,96.5565915107727
im not going to lie sometimes hearing myself say some of the things on my recordings makes me feel weird and insecure but just like the quote states above its a good thing,4,fear,"Hindi ako magsisinungaling, minsan pag naririnig ko ang aking sarili habang sinasabi ang ilang bagay sa aking mga tala, nakakaramdam ako ng kakaiba at hindi komportable, ngunit gaya ng sinasabi sa quote sa itaas, ito ay isang magandang bagay.",0.8290519118309021,96.68379235267639
i remember feeling so lonely as a child in my room even though i had a lot of toys to keep me occupied,0,sadness,Naalala ko ang pakiramdam ng pagiging nag-iisa noong bata pa ako sa aking silid kahit na marami akong laruan upang panatilihing abala ako.,0.9204568266868591,96.31817269325256
i feel sympathetic with mr,2,love,Nakaramdam ako ng simpatiya kay Mr.,0.8656041026115417,96.53758358955383
i feel this place was tragic,0,sadness,Nararamdaman kong malungkot ang lugar na ito.,0.9128392934799194,96.34864282608032
i don t feel rejected although i admit that i used to,0,sadness,Hindi ako nadaramaang tinanggihan kahit aminin kong noon ay ganoon.,0.817083477973938,96.73166608810425
i feel id be passionate to invest my time into not to mention i enjoy writing as it is,1,joy,"Nararamdaman kong magiging masigasig akong maglaan ng aking oras dito, lalo na't nasisiyahan din akong sumulat.",0.8782497644424438,96.48700094223022
i am a passionate obama supporter but as a woman i feel twinges of guilt at times about the fact that i am not supporting the first woman with a real shot at the presidency,2,love,"Ako ay isang masigasig na tagasuporta ni Obama ngunit bilang isang babae, nararamdaman ko minsan ang mga kirot ng pagkakasala dahil hindi ako sumusuporta sa unang babae na may tunay na pagkakataon sa pagkapangulo.",0.9277073740959167,96.28917050361633
i spent the rest of the morning feeling discouraged and disappointed,0,sadness,Nadama ko ang pagkabigo at pagkadismaya sa natitirang bahagi ng umaga.,0.8759613037109375,96.49615478515625
i can feel them falling in love which is quite lovely,2,love,"Nararamdaman kong sila'y nagmamahalan, na lubos na maganda.",0.8778640031814575,96.48854398727417
i feel it is important to give my views regarding the events which took place at general synod this last week,1,joy,Mahalaga sa akin na ibahagi ang aking pananaw tungkol sa mga pangyayari sa huling General Synod.,0.8665362596511841,96.53385496139526
i feel pressured to come up with something else funny to write about,4,fear,Nararamdaman kong may presyur na akong mag-isip ng ibang nakakatawang bagay para isulat.,0.838047981262207,96.64780807495117
i want to be irreplaceable and until i find the person who makes me feel that way than i think id rather stay single because if im not your number than whats the point i refuse to be just something you settle for maybe im just stubborn but its how i feel so idrc,3,anger,"Gusto kong maging hindi mapapalitan at hanggang hindi ko mahanap ang taong magpaparamdam sa akin ng ganito, mas pipiliin kong manatili na single dahil kung hindi ako ang iyong una, ano pa ang silbi? Ayaw kong maging isang bagay na iyong pagkukunwari lamang. Baka matigas ang ulo ko, pero ganito ang nararamdaman ko kaya wala akong pakialam.",0.8682608604431152,96.52695655822754
i feel strongly it could be helping people and doing what i am unsure of but it isn t within the us,4,fear,Malakas ang aking paniniwala na ito ay maaaring tumutulong sa mga tao at ginagawa ang hindi ko sigurado ngunit hindi ito nasa loob ng US.,0.8687003254890442,96.52519869804382
i know but it still feels very unpleasant,0,sadness,Alam ko pero parating hindi maganda ang pakiramdam.,0.8699151873588562,96.52033925056458
i wish i didnt feel this afraid to talk to new people,4,fear,Sana hindi ako natatakot makipag-usap sa mga bagong tao.,0.9328901767730713,96.26843929290771
ive been feeling very indecisive lately,4,fear,Nararamdaman kong napaka-walang-desisyon ko kamakailan.,0.8620389699935913,96.55184412002563
i feel a bit helpless but its good in terms of her having to step up to the plate to get herself ready,0,sadness,"Nararamdaman ko ang kaunting kawalan ng magawa, pero mabuti rin dahil kailangan niyang lumaban at mag-handa para sa sarili niya.",0.9075309038162231,96.36987638473511
i feel broke inside but i wont admit cause its you i miss and its soo hard to say goodbye when it comes to this,0,sadness,Nararamdaman kong nababawasan ang aking kaligayahan ngunit hindi ko sasabihin dahil ikaw ang aking nami-miss at sobrang mahirap sabihin ang paalam kapag ito ang pinag-uusapan.,0.8263213634490967,96.69471454620361
i didn t ride on sunday and was still feeling a little apprehensive on monday so decided to a title lunge href http en,4,fear,Hindi ako sumakay noong Linggo at medyo kinakabahan pa rin noong Lunes kaya nagpasya akong mag-lunge.,0.9229837656021118,96.30806493759155
i can see them or feel free to post photos to the a href http facebook,1,joy,Maaari akong makita sila o paki-post na lang ng mga larawan sa Facebook.,0.8713653087615967,96.51453876495361
i can only imagine the countless law suits and counter law suits based on people feeling boo hoo hoo that their precious civil rights had been violated,1,joy,Maaari ko lamang isipin ang walang hanggang kaso at kontra-kaso dahil sa mga taong umiiyak na ang kanilang mahalagang karapatang sibil ay nilabag.,0.8974871635437012,96.4100513458252
boy you have been admitted to the medicine school and your uncle is coming back fron canada next week my father told me and it was a happy moment,1,joy,"Anak, tinanggap ka sa medisina at babalik ang iyong tiyo mula sa Canada sa susunod na linggo, sabi ng aking ama, at iyon ay isang masayang sandali.",0.8964821696281433,96.41407132148743
i am just so sick of feeling hated and lonely and dumb and unloved and forgotten,3,anger,"Napakasawa ko nang maramdaman ang pagiging hinatulan, nag-iisa, bobo, hindi minamahal, at nakalimutan.",0.8442727327346802,96.62290906906128
i am floating in the flashback feeling the heaviness of nostalgic heart,2,love,"Lumulutang ako sa alaala, nadarama ang bigat ng mapagmalumbay na puso.",0.9072461724281311,96.37101531028748
i confess that i was feeling nervous as i made my way to the event venue,4,fear,Nag-amin ako na kinakabahan ako habang papunta sa lugar ng kaganapan.,0.8654534816741943,96.53818607330322
i think sleeping more is good since ive been feeling sleep deprived all summer,0,sadness,Sa tingin ko mas mainam magpahinga nang mas matagal dahil parang kulang sa tulog ako buong tag-araw.,0.9056561589241028,96.37737536430359
i didn t feel very festive during christmas week,1,joy,Hindi ako nakaramdam ng masyadong pista noong linggong Pasko.,0.8914795517921448,96.43408179283142
i hope she didnt get that feeling i didnt want to make her feel bad about bringing it up,0,sadness,"Sana hindi niya naramdaman iyon, ayaw kong ipahiram sa kanya ang pakiramdam na mali ang pagbanggit niya nito.",0.8758784532546997,96.4964861869812
i feel the market is in a somewhat dangerous position for traders who end up on the wrong side right now,3,anger,Nararamdaman kong medyo mapanganib ang posisyon ng merkado para sa mga trader na magtatapos sa maling panig ngayon.,0.9017149806022644,96.39314007759094
i think about it the worse i feel in his shoes i would be devastated not least because it was as far as he was concerned sort of out of the blue,0,sadness,"Kapag iniisip ko iyon, lalong lumalala ang pakiramdam ko sa kanyang kalagayan; siguradong magdurusa ako nang husto, lalo na't para sa kanya ay parang bigla na lamang iyon nangyari.",0.8873451948165894,96.45061922073364
i was feeling absolutely ecstatic this morning,1,joy,Sobrang saya ko ngayong umaga.,0.9065824747085571,96.37367010116577
i feel they travel back to all their fond memories inside the flashback of their thoughts where they view their once achieved wonderland,2,love,Nararamdaman kong bumalik sila sa lahat ng kanilang masasayang alaala sa pag-flashback ng kanilang mga iniisip kung saan nakikita nila ang kanilang dating naging kaharian ng mga pangarap.,0.8730096817016602,96.50796127319336
i it did not feel sincere,1,joy,Hindi ito naramdaman na tapat.,0.869055449962616,96.52377820014954
im going to help you in this so if you feel that regretful then buy me an ice cream the next time we see each other,0,sadness,"Tutulungan kita dito kaya kung mag-aalinlangan ka, bumili ka sa akin ng ice cream sa susunod nating pagkikita.",0.8808962106704712,96.47641515731812
i can feel the pain and remember that im in here thats when i can relax a little and breathe normally and calm myself down,1,joy,"Nararamdaman ko ang sakit at naaalala kong nandito ako, doon ko makakarelaks ng kaunti at huminga nang normal, at mapayapa ang aking sarili.",0.9442466497421265,96.2230134010315
i felt like talking too but i didn t know what to say to cause any real damage so that at least my cousin didn t feel alone not that he needed me anyway i tell you he could take on a battalion if necessary,0,sadness,"Gusto kong magsalita rin pero hindi ko alam kung ano ang sasabihin upang makasakit man lang ng totoo kaya hindi siya mag-iisa, kahit hindi naman niya ako kailangan. Sasabihin ko sa iyo, kaya niyang harapin ang isang batalyon kung kinakailangan.",0.9234208464622498,96.306316614151
i was asked to comment about how i feel about receiving this award and all i said was i feel very embarrassed to be here right now,0,sadness,Tinanong ako na magbigay ng komento tungkol sa aking nararamdaman sa pagtanggap ng parangal na ito at ang aking sinabi lamang ay napakahihiya ko na narito ngayon.,0.9101576805114746,96.3593692779541
i feel like i have gone for broke,0,sadness,Parang wala na akong natira.,0.8253637552261353,96.69854497909546
i woke up feeling listless and dehydrated from a weekend that included a strip club tackle football hours of binge drinking and a hockey game so i decided not to go to work,0,sadness,"Gumising ako na parang walang gana at nauuhaw dahil sa isang weekend na puno ng strip club, tackle football, maraming inom, at isang hockey game kaya nagpasya akong hindi pumunta sa trabaho.",0.9240416288375854,96.30383348464966
i feel very privileged when i think that the homes that i grew up in still exist and i,1,joy,Napakalaking karangalan ko kapag naisip kong ang mga tahanan kung saan ako lumaki ay patuloy pa ring umiiral.,0.8963223099708557,96.41471076011658
i left feeling annoyed and angry thinking that i was the center of some stupid joke,3,anger,"Umalis ako na naiinis at galit, akala ko'y ako ang sentro ng isang bobong biro.",0.8676822781562805,96.52927088737488
i begins to feel herself grow too fond of him and asks him to leave her alone for good,2,love,Nagsisimula siyang makaramdam na labis na nagmamahal sa kanya at humihingi sa kanya na iwan siya nang tuluyan.,0.9303528666496277,96.27858853340149
i guess we all feel ugly in some sort of way,0,sadness,Siguro lahat tayo ay nakaramdam ng pangit sa isang paraan man o iba pa.,0.862264096736908,96.55094361305237
i tuck the fear back into a quiet chamber of my heart to ponder it for another day when i am feeling less brave,1,joy,Iniikot ko ang takot pabalik sa isang tahimik na silid ng aking puso upang pag-isipan ito sa ibang araw kapag mas hindi ako matapang.,0.901109516620636,96.39556193351746
i was feeling stressed and a little lonely earlier and now i feel stressed lonely and sick,0,sadness,"Nararamdaman ko ang stress at kaunting kalungkutan kanina, at ngayon ay nararamdaman ko ang stress, kalungkutan, at sakit.",0.8934943675994873,96.42602252960205
i feel that charlie was being very generous in sharing writing credit with me as he clearly could have done the music without me,2,love,Nararamdaman kong sobrang bait ni Charlie sa pagbabahagi ng kredito sa pagsusulat sa akin dahil malinaw na kaya niyang gawin ang musika nang wala ako.,0.8121652603149414,96.75133895874023
i feel very cute and very girlie when i dress that way,1,joy,Napakaganda at napakagirlie ng pakiramdam ko kapag nakasuot ako ng ganun.,0.8831162452697754,96.4675350189209
i have to say for my first time with filled chocolates i feel like i did a fabulous job,1,joy,"Dapat kong sabihin, sa unang pagkakataon kong gumawa ng mga tsokolateng puno ng laman, parang napakagaling kong nagawa.",0.8846033811569214,96.46158647537231
i just need to be in a place where i feel valued,1,joy,Kailangan ko lang nasa lugar kung saan ako nararamdaman na pinahahalagahan.,0.8377280831336975,96.64908766746521
i know that i shouldn t let people decide my happiness but damn it feels like i either have to risk my happiness to please other people that s how much i hate this school this school is fucking pathetic and doesn t deserve my time and money,0,sadness,"Alam kong hindi dapat hayaan ang mga tao na magpasya sa aking kaligayahan ngunit p***, parang kailangan kong ipaglaban ang aking kaligayahan para mapasaya ang iba, ganito kasakit ang pag-aaral dito, itong paaralan ay p***, walang kwenta at hindi karapat-dapat sa aking oras at pera.",0.8950718641281128,96.41971254348755
i slow a bit to stay with him partly because i am feeling like if i start to win he will just give up and partly because i am afraid that if i push it he will kill himself trying to stay with me,4,fear,"Pinabagal ko ang aking takbo upang manatili sa tabi niya, bahagi dahil sa nararamdaman kong kung sisimulan kong manalo, susuko siya, at bahagi dahil natatakot akong kung itutuloy ko, papatayin niya ang kanyang sarili para lamang makasabay sa akin.",0.9079927802085876,96.36802887916565
i wasn t feeling very joyful at all despite being on a caribbean island with fantastic diving learning new and exciting skills as a dive master and coaching my clients in north america all of which should bring me joy,1,joy,"Hindi ako gaanong masaya kahit nasa Caribbean island ako, may magagandang diving spots, natututunan ang mga bagong at nakakakilig na kasanayan bilang dive master, at nagtuturo sa aking mga kliyente sa North America, lahat ng ito ay dapat magdulot ng saya.",0.8282089233398438,96.68716430664062
i feel the earth move tribute to carole king karaoke mix bewertung rel nofollow target blank,0,sadness,"Nararamdaman ko ang paggalaw ng lupa: Pagpupugay kay Carole King Karaoke Mix - Pagsusuri (rel=nofollow, target=_blank)",0.852573573589325,96.5897057056427
i feel me better cuz i listen to this song img src http ifyouwanttoknow,1,joy,Masaya ako dahil nakikinig ako sa kanta na ito.,0.9173993468284607,96.33040261268616
i may be smitten or shy and i might even bat my eyelashes a few times and smile because i just cant help but feel charmed by you,1,joy,Maaaring mapang-akit o mahiyain ako at baka kahit ilang beses kong i-bat ang mga kilay at ngumiti dahil hindi ko mapigilan ang aking sarili na ma-charmed sa iyo.,0.8164642453193665,96.73414301872253
i may give up much sooner than my days if i feel like im gonna die but ive been curious for a while,4,fear,"Maaaring sumuko ako nang mas maaga kaysa sa aking mga araw kung nararamdaman kong mamamatay ako, ngunit nagtataka ako nang ilang panahon na.",0.9242573976516724,96.30297040939331
i feel like an ass when i have to ask someone what their delicious looking dessert is made of,1,joy,Nararamdaman kong parang tanga kapag kailangan kong itanong sa isang tao kung ano ang sangkap ng kanilang masarap na dessert.,0.8679475784301758,96.5282096862793
i lie in bed my legs are in constant motion i feel i am out of control as they have to be shaken or tapped or just doing something,4,fear,"Nakaratay ako sa kama, ang aking mga binti ay nasa patuloy na kilos, nararamdaman kong wala akong kontrol dahil kailangan nilang igalaw, itap, o gawin ang kahit ano.",0.8817465305328369,96.47301387786865
i feel as though my own snowglobe is being shaken and im still flying through the air,4,fear,Parang pinag-uusapan ang aking sariling snowglobe at ako'y patuloy na lumilipad sa hangin.,0.8836780786514282,96.46528768539429
i mustered up energy to feel christmassy i remember feeling kind of pissed off at the bad timing of everything,3,anger,"Nagtipon-tipon ako ng lakas para maramdaman ang kilig ng Pasko, ngunit naalala ko ang nararamdaman kong pagkainis dahil sa hindi magandang pagkakataon ng lahat ng bagay.",0.8460695147514343,96.61572194099426
im years old and i must admit that it has made me feel uncomfortable,4,fear,Ako ay [edad] taong gulang at dapat kong aminin na ito ay nagdulot sa akin ng hindi komportable.,0.9416131377220154,96.23354744911194
i remember when i started feeling homesick,0,sadness,Naalala ko noong nagsimula akong ma-homesick.,0.8495529890060425,96.60178804397583
i feeling so low now,0,sadness,Nararamdaman kong sobrang baba ng pakiramdam ko ngayon.,0.895575225353241,96.41769909858704
i feel like he was miserable because im happy,0,sadness,Parang siya ay nalulungkot dahil masaya ako.,0.9104140996932983,96.3583436012268
im feeling a bit neurotic that ill lose my job,4,fear,Nararamdaman kong medyo neurotic dahil baka mawala ang trabaho ko.,0.8292645812034607,96.68294167518616
i wouldn t feel submissive which has it s place but not in the work environment,0,sadness,Hindi ako magpapabilang na sumusunod na mayroon itong lugar ngunit hindi sa kapaligiran ng trabaho.,0.8996670246124268,96.4013319015503
i feel a bit insulted by that as i am nothing like other women i bloody hate them and their incessant bitching in general over bloody nothing most of the time,3,anger,Nararamdaman kong medyo nasasaktan ang aking damdamin dahil doon dahil hindi ako katulad ng ibang babae. Talagang ayaw ko sila at ang kanilang walang humpay na reklamo tungkol sa wala halos palagi.,0.8797358274459839,96.48105669021606
im feeling festive and i dont think i posted a good picture of our tree,1,joy,Nararamdaman kong masaya at hindi ko sigurado kung nag-post na ako ng magandang larawan ng aming puno.,0.9324537515640259,96.2701849937439
i was feeling angry at myself for feeling self conscious about my shorts or for wishing that i wasnt alone,3,anger,Nararamdaman kong galit sa sarili ko dahil sa pagiging mapag-ingat tungkol sa aking shorts o sa pagnanais na hindi ako nag-iisa.,0.9048302173614502,96.3806791305542
i did not feel love from the men who abused,0,sadness,Hindi ko naramdaman ang pag-ibig mula sa mga lalaking nag-abuso.,0.9122655391693115,96.35093784332275
i feel like i just am so discontent with my work load and with myself,0,sadness,Nararamdaman kong sobrang hindi ako kontento sa aking pasanin ng trabaho at sa aking sarili.,0.8900925517082214,96.43962979316711
ive been feeling really spiteful lately so i think ill just sit here and listen to rammstein,3,anger,Nararamdaman kong sobrang sama ng loob ko ngayon kaya siguro dito na lang ako uupo at makinig ng Rammstein.,0.8813236951828003,96.4747052192688
i feel like a soda in a can shaken turbulently and flew violently out of its container the moment it felt air exchanging its freedom to you,4,fear,"Parang soda ako sa lata, hinampas nang malakas at biglang lumipad palabas ng lalagyan nang maramdaman ang hangin at ang kalayaan na ibinibigay mo.",0.8559826016426086,96.57606959342957
i feel very hostile at the thought of taking out my credit card,3,anger,Napakasama ng pakiramdam ko sa ideya ng paggamit ng aking credit card.,0.8596931099891663,96.56122756004333
i feel insecure and lack of confidence,4,fear,Nararamdaman kong kulang sa tiwala at hindi ako komportable.,0.9194585084915161,96.32216596603394
i still didnt start feeling contractions but it was a tender mercy for me because she would have come on the st no matter what,2,love,"Hindi pa rin ako nakaramdam ng mga pag-aantok, ngunit ito ay isang mahinang biyaya para sa akin dahil darating siya sa araw na iyon kahit anuman.",0.8849309682846069,96.46027612686157
i feel bitter to see what i ve become,3,anger,Nakakapanghihinayang makita kung ano na ang naging ako.,0.8679690361022949,96.52812385559082
i is thirteen again and so so unsure of himself and unsure of how he feels about shishido as his senpai although he s always admired him,2,love,"Siya ay muli nang labing-tatlong taong gulang at lubos na hindi sigurado sa kanyang sarili at hindi rin sigurado kung ano ang nararamdaman niya kay Shishido bilang kanyang senpai, bagama't lagi siyang humanga rito.",0.9162218570709229,96.33511257171631
i didnt go into with any cardboard goals i feel i have been very successful with how turned out,1,joy,"Hindi ako pumasok dito nang may mga layuning gawa sa karton, nararamdaman kong napakahusay ng naging resulta.",0.8637259006500244,96.5450963973999
i have been aware of one traumatic memory that has been surfacing on and off leaving me feeling nauseas and gently terrified always,4,fear,"Alam ko ang isang nakakatakot na alaala na paulit-ulit na lumalabas, na nagpapa-sakit ng aking sikmura at nagdudulot ng banayad na takot lagi.",0.9095776081085205,96.36168956756592
ive been feeling disgusted and ashamed,3,anger,Nararamdaman kong nababastos at nahihiya ako.,0.8709121346473694,96.51635146141052
i have exactly weeks to train and prepare which is perfect and so now with week one almost done im feeling excited and trying not to get too nervous as i look ahead at some of the longer runs on the schedule,1,joy,"May eksaktong ilang linggo akong natitira para mag-train at mag-handa, na perpekto, at ngayon na halos natapos na ang unang linggo, nararamdaman kong excited at sinusubukan kong hindi maging masyadong kinakabahan habang nakatingin sa ilang mas mahabang takbo sa iskedyul.",0.8505951166152954,96.59761953353882
i feel dont mention food and dont think ur being considerate by noticing my obsession with this and talking to me about,2,love,"Nararamdaman ko, huwag bang banggitin ang pagkain at huwag isipin na nagiging mapagkalinga ka sa pamamagitan ng pagpansin sa aking pagkagumon dito at pag-uusap tungkol dito sa akin.",0.8595099449157715,96.56196022033691
i don t recall ever feeling carefree,1,joy,Hindi ko matatandaan na naramdaman ko man lang ang kalayaan.,0.8635241389274597,96.54590344429016
i feel like ive missed my calling to be a vet because i could spend all day every day visiting with gods precious and magnificent creatures,0,sadness,Parang nawala ang aking tadhana na maging beterinaryo dahil gustung-gusto kong gugulin ang araw-araw na nakakasama ang mga banal at kahanga-hangang nilalang ng Diyos.,0.9069980978965759,96.3720076084137
i am so happy because i finally feel like i m doing something that i am compassionate about,2,love,Napakasaya ko dahil sa wakas ay nararamdaman kong ginagawa ko ang isang bagay na aking pinagmamahalan.,0.8775616884231567,96.48975324630737
i guess the man knows how to make each and every one of them feel special,1,joy,Siguro alam ng lalaki kung paano gawing espesyal ang bawat isa sa kanila.,0.9076996445655823,96.36920142173767
i could feel my moms presence and my friends and family were supporting me that day,2,love,Naramdaman ko ang presensya ng aking ina at ang aking mga kaibigan at pamilya ay sumusuporta sa akin noong araw na iyon.,0.9372560977935791,96.25097560882568
i just feel like i havent shaken it up lately,4,fear,Parang hindi ko na nararamdaman ang pagbabago kamakailan.,0.8906440734863281,96.43742370605469
i am feeling reassured by this a wave of missing hits,1,joy,"Nakakapatahimik ito, parang alon ng mga nawawalang suntok.",0.9009271860122681,96.39629125595093
i feel like i ve been put in a bag and shaken up but otherwise ok,4,fear,"Parang inilagay ako sa isang bag at hinampas-hampas, pero buo naman ako.",0.9134863615036011,96.3460545539856
im feeling wimpy about this i know a one year old who has been sent to the old country for a year so the parents can work,4,fear,"Nararamdaman kong mahina tungkol dito, alam kong may isang taong gulang na ipinadala sa probinsya para sa isang taon upang makapagtrabaho ang mga magulang.",0.9109833240509033,96.35606670379639
im tired of feeling dumb,0,sadness,Pagod na ako sa pakiramdam na bobo.,0.9211229681968689,96.31550812721252
im not really a fan of seafood and all that so i feel quite sorry when people kill live clams and prawns and shark fins,0,sadness,"Hindi ako tunay na mahilig sa mga pagkaing dagat at lahat ng iyon kaya nararamdaman kong malungkot kapag pinapatay ng mga tao ang mga buhay na tahong, hipon, at mga palikpik ng pating.",0.9363235235214233,96.2547059059143
i am normally very able to express how i feel particularly when im excited or happy,1,joy,"Karaniwan akong mahusay na maipahayag ang aking nararamdaman, lalo na kapag nasisiyahan o masaya ako.",0.8827258348464966,96.46909666061401
i do awaken from a mild night sweat i usually feel hot as if i had a fever and i want to remove some of my blankets,2,love,"Gumigising ako mula sa kaunting pawis sa gabi, karaniwan akong nakakaramdam ng init parang may lagnat at gustong tanggalin ang ilang kumot ko.",0.9104727506637573,96.35810899734497
i feel like i deserve to be punished in some way amp search out ways to do that self harm non lethal overdose etc,0,sadness,"Nararamdaman kong nararapat akong parusahan sa isang paraan at hinahanap ang mga paraan upang gawin iyon, tulad ng self-harm o hindi nakamamatay na overdose.",0.879811704158783,96.48075318336487
i feel like when recipes have those kinds of words in the title perfect famous ultimate grand supreme ect,1,joy,"Parang kapag may mga salitang ganoon sa pamagat ng resipe, tulad ng ""perfect,"" ""famous,"" ""ultimate,"" ""grand,"" ""supreme,"" atbp., ay parang...",0.9288054704666138,96.28477811813354
im not taking naps during the day i havent really been feeling sleep deprived during the day and ive cut my caffeine intake to a third of what it used to be since coming back from the uk,0,sadness,"Hindi ako nag-a-nap sa araw, hindi ako talaga nararamdaman na pagod sa araw, at binabawasan ko ang aking caffeine intake hanggang isang-katlo ng dati kong kinakain mula nang bumalik mula sa UK.",0.8583872318267822,96.56645107269287
i feel like a mollusk repeatedly beaten with a wet cloth and stabbed times in the back just for the sake of it,0,sadness,Parang isang molusko ako na paulit-ulit na binabato ng basaang tela at tinutusok sa likod nang walang dahilan.,0.931164562702179,96.27534174919128
i feel a bit naughty too for making it all public but then i remembered when i was made to feel like shit and had my confidence stripped,2,love,"Nararamdaman ko rin ang kaunting kasamaan sa pagpapalabas nito sa publiko, pero naalala ko noong ako ay pinagkaitan ng dignidad at binawi ang aking tiwala.",0.860081136226654,96.55967545509338
i feel foolish,0,sadness,Nararamdaman kong tanga.,0.8499546051025391,96.60018157958984
i feel dumb now going through all those,0,sadness,Nararamdaman kong bobo ngayon habang pinagdadaanan ko lahat ng iyon.,0.8879028558731079,96.44838857650757
i feel agitated annoyed and i see feel the darkness everywhere,4,fear,"Nararamdaman kong nagagalit, nainis, at nakikita ko, nararamdaman ang kadiliman sa lahat ng dako.",0.9065489768981934,96.37380409240723
i had seen a solopgangfor to see the love in my woman s eyes feel the touch of a precious barnog know a mother s love,1,joy,"Nakita ko ang pagmamahal sa mga mata ng aking babae, naramdaman ang paghawak ng isang mahalagang yakap, at nakilala ang pagmamahal ng isang ina.",0.8381830453872681,96.64726781845093
i feel messy and out there,0,sadness,Nararamdaman kong gulo at malayo.,0.9121859073638916,96.35125637054443
i feel as if i am going to sneeze but do not and therefore my beloved is about to think of me but does not,1,joy,"Nararamdaman kong parang uubo ako ngunit hindi ako umubo, kaya iniisip siguro ng mahal ko ako ngunit hindi niya ito ginagawa.",0.8977906107902527,96.40883755683899
i think unconsciously subconsciously i feel like a vile vile being,3,anger,"Sa aking palagay, hindi ko namamalayan, parang isang masamang nilalang ako.",0.9442087411880493,96.2231650352478
i feel more valuable today doing what i am doing than i ever have before,1,joy,Mas nararamdaman kong mahalaga ngayon habang ginagawa ko ito kaysa dati.,0.8650324940681458,96.53987002372742
i will close my eyes and recite the following mantra every day and whenever i m feeling unsure frustrated or shiftless with my progress towards my top body,4,fear,"Isasara ko ang aking mga mata at uulit-ulit ang sumusunod na mantra araw-araw at tuwing nararamdaman kong hindi sigurado, nabigo, o walang gana sa aking pag-unlad tungo sa aking pangarap na katawan.",0.8339546918869019,96.66418123245239
i have to say i still feel completely rotten and constantly exhausted,0,sadness,"Kailangan kong sabihin, nararamdaman ko pa rin na lubos akong hindi maganda at palagi akong pagod.",0.874097466468811,96.50361013412476
i feel sooo soo lucky,1,joy,Napakaswerte ko talaga.,0.8451008200645447,96.61959671974182
i feel like when ever i start to feel happy for a consistent amount of time it all has to end,1,joy,"Parang kapag nagsisimula akong makaramdam ng saya nang matagal, kailangan itong matapos.",0.8514849543571472,96.59406018257141
i feel accepted and respected i am loving loyal and generous,2,love,"Nararamdaman kong tinatanggap at nirerespeto ako, ako'y mapagmahal, tapat, at mapagbigay.",0.8721733093261719,96.51130676269531
i have stopped feeling surprised,4,fear,Hindi na ako nabibigla.,0.8021069765090942,96.79157209396362
i feel super warm and nice so i smile or i cry,1,joy,Nararamdaman kong sobrang init at maganda kaya ngumiti o umiiyak ako.,0.8970483541488647,96.41180658340454
i try to speak up stand up for myself or simply try to insert myself into a conversation i feel selfish like an attention whore,3,anger,"Kapag sinusubukan kong magsalita, tumayo para sa aking sarili, o kahit na lang sumali sa usapan, parang may kasalanan akong nararamdaman, parang naghahanap ng pansin.",0.8867156505584717,96.45313739776611
i sometimes feel all nostalgic and feel the need to go back and look at some of my old blog posts and all i can say is that without knowing it they record and hold so many memories,2,love,"Minsan, nadarama kong ma-nostalgic at gustong-gusto kong bumalik at basahin ang ilan sa aking mga lumang blog post at ang masasabi ko lang ay hindi ko namamalayan na sila ay nagre-record at nagtatago ng napakaraming alaala.",0.8369779586791992,96.6520881652832
i could walk at a slow pace browse each booth as long as i wanted and dart in and out of the shops on main street without feeling rushed,3,anger,"Maaari akong maglakad nang mabagal, tingnan ang bawat estanteng gusto ko hangga't gusto ko, at pumasok at lumabas sa mga tindahan sa pangunahing kalye nang hindi nararamdaman ang pagmamadali.",0.9066432118415833,96.37342715263367
i feel so hopeless and usually just want o scream,0,sadness,Nararamdaman kong lubos ang kawalan ng pag-asa at karaniwan lang akong gustong sumigaw.,0.8726193904876709,96.50952243804932
i feel that the most valuable quality children exhibit is their questioning and curious mind especially with regard to the why and how,1,joy,"Nararamdaman kong ang pinakamahalagang katangian na ipinakikita ng mga bata ay ang kanilang pagtatanong at mausisa na isipan, lalo na tungkol sa bakit at paano.",0.8955007791519165,96.41799688339233
i was feeling i half joked ive been undressing you with my eyes for months already the rest of me is eager to share in the fun,1,joy,"Nararamdaman ko, parang biro lang, na pinaglalaruan ko na ang pagtanggal ng iyong damit gamit ang aking mga mata nang mga buwan na, at ang natitirang bahagi ko ay nagnanais na sumama sa kasiyahan.",0.9061617851257324,96.37535285949707
i feel very triumphant when ive found s,1,joy,Nararamdaman kong lubos na tagumpay kapag natagpuan ko ang s.,0.8384055495262146,96.64637780189514
i still feel the longing to be with you inspite of you sitting in front of me,2,love,Nararamdaman ko pa rin ang pag-aalinlangan na makasama ka kahit na nakaupo ka sa harapan ko.,0.9053114652633667,96.37875413894653
i combinations frozen yogurt food art and many more snaps making me feel so miserable about my life while i was still stuck in the office,0,sadness,"Ang mga kombinasyon ng frozen yogurt, pagkain, sining, at marami pang iba sa mga larawan ay nagpaparamdam sa akin ng sobrang lungkot tungkol sa aking buhay habang ako'y nakakulong pa rin sa opisina.",0.961806058883667,96.15277576446533
i feel im a fairly generous person but i dont sell or give away the trudgers i make except as gifts to close friends and relatives,2,love,"Nararamdaman kong isang mapagbigay na tao ako, ngunit hindi ko ibinebenta o ibinibigay ang mga likha ko maliban na lamang bilang regalo sa mga malalapit kong kaibigan at kamag-anak.",0.9313210248947144,96.27471590042114
im in the kitchen and glance over at that lovely robins egg blue binding i feel assured that anything i will ever need to know about food can be found within those pages,1,joy,Nasa kusina ako at tumitig sa magandang asul na takip na kulay robin's egg. Nararamdaman kong anumang kailangan kong malaman tungkol sa pagkain ay matatagpuan sa mga pahinang iyon.,0.8655825257301331,96.53766989707947
i feel highly disadvantaged,0,sadness,Nararamdaman kong lubos akong nabibigo.,0.8783062696456909,96.48677492141724
ive recently started building a ig army themed around everyones favorite strategy game x com but im feeling the army isnt k lore friendly and a bit cartoonish,1,joy,"Kamakailan lang ako nagsimula magtayo ng isang IG army na may temang XCOM, ang paborito nating laro sa estratehiya, pero nararamdaman kong hindi ka-lore friendly ang aking hukbo at medyo nakakatawa.",0.8446856737136841,96.62125730514526
i vocalize my pain and hurt about how i feel like an outsider to others and they tell me its because they just dont think about me or that they never see me and then on the other hand to be told im faithful at what ive committed to in service and coming to everything,1,joy,"Binibigkas ko ang aking sakit at hirap dahil parang estranghero ako sa iba, at sinasabi nila na dahil hindi nila ako iniisip o hindi nila ako nakikita. Ngunit sa kabilang banda, sinasabi rin sa akin na tapat ako sa aking mga pangako sa serbisyo at sa lahat ng aking dinalaw.",0.9103833436965942,96.35846662521362
i feel jealous when i know he go out with other women,3,anger,Naiinggit ako kapag nalalaman kong kasama niya ang ibang babae.,0.8705629110336304,96.51774835586548
i do however feel a bit envious of people who have different perfumes for different seasons,3,anger,"Nararamdaman ko nga, medyo inggit ako sa mga taong may iba't ibang pabango para sa bawat panahon.",0.8852611780166626,96.45895528793335
i feel amazing about tonight,1,joy,Nararamdaman kong kahanga-hanga ang gabi ngayong ito.,0.8537532091140747,96.5849871635437
i end up feeling so unwelcome i go into a spare bedroom being used as a coat closet take the xanax i had been saving the entire time and pass out,0,sadness,"Nagtatapos ako sa pakiramdam na hindi ako tinatanggap, kaya pumasok ako sa isang silid-tulugan na ginagamit bilang imbakan ng mga damit, kinuha ang xanax na aking itinago nang buong panahon, at natulog.",0.8545309901237488,96.581876039505
i ask to know things and then everything changes and then i feel a bit shaky as i try to keep up with my own leading edge and the huge amount of change i m invited to allow as i come into alignment with and catch up with me,4,fear,"Hinihingi ko ang kaalaman, at saka nagbabago ang lahat, at saka nararamdaman kong medyo hindi matatag habang sinusubukan kong abutin ang aking sariling unahan at ang napakalaking halaga ng pagbabago na inaanyayahan akong pahintulutan habang ako'y nagkakasabay at nakakahabol sa aking sarili.",0.8887757062911987,96.4448971748352
i feel awful about missing school,0,sadness,Masama ang pakiramdam ko dahil hindi ako nakapunta sa paaralan.,0.8570700287818909,96.57171988487244
i remote which i feel is terrific and great worth,1,joy,Isang remote na sa tingin ko ay kahanga-hanga at sulit ang halaga.,0.9211459755897522,96.31541609764099
i feeling suspicious i snooped computer,4,fear,"Nararamdaman kong may pagdududa, kaya tiningnan ko ang kompyuter.",0.8319703340530396,96.67211866378784
i feel they re going to strengthen the divas division with even more talented female wrestlers and then we re gonna see things shake up more,1,joy,"Nararamdaman kong palalakasin nila ang divas division gamit pa ang mas maraming mahuhusay na babaeng manlalaban, at saka doon natin mas makikita ang mga pagbabago.",0.8758693933486938,96.49652242660522
no response,3,anger,walang tugon,0.8745456337928772,96.50181746482849
i would be the one screaming and yelling but now that ive handed bill paying responsibilities to my family i feel at peace with the idiotic long distance calls that seem to accrue every month,0,sadness,"Ako sana ang sumisigaw at nagagalit, pero ngayon na ipinagkatiwala ko na ang pagbabayad ng mga bill sa aking pamilya, nakaramdam ako ng kapayapaan kahit na may mga bobong tawag sa malayo na tila nagkakalat bawat buwan.",0.8611738681793213,96.55530452728271
i wish i could say this led to me feeling socially accepted,1,joy,Sana masasabi kong ito ay nagdulot sa akin ng pakiramdam na socially accepted.,0.8198240995407104,96.72070360183716
i supposed to feel special when you don t even care that it s an a and not an e barista man,1,joy,"Dapat akong makaramdam ng espesyal, pero hindi ka man lang nag-aalala na 'A' at hindi 'E' ang barista, lalaki.",0.9069965481758118,96.37201380729675
i have had a few days off work and i am feeling very relaxed and lucky to share and enjoy them with my hubby,1,joy,May ilang araw akong bakasyon mula sa trabaho at nararamdaman kong sobrang komportable at swerte na maibahagi at masiyahan kasama ang aking asawa.,0.8963071703910828,96.41477131843567
i sat feeling helpless like a moment from an episode of the walking dead,4,fear,"Nakaupo ako, parang walang magawa, parang eksena sa isang episode ng The Walking Dead.",0.9189872741699219,96.32405090332031
i dont know why i feel so frantic about this but i really want to have this particular song for my little girl to be,4,fear,Hindi ko alam kung bakit ganito ako kabalisa tungkol dito pero talagang gusto kong makuha itong partikular na kanta para sa aking maliit na anak.,0.9162130355834961,96.33514785766602
i feel very disturbed now thanks to this psychopath s useless and fake story,0,sadness,Napakagulo ng pakiramdam ko ngayon dahil sa walang kwentang at pekeng kwento ng psychopath na ito.,0.8995915651321411,96.40163373947144
i look to balance commercial titles with those that i feel could support a more artistic interpretation,1,joy,Hinahanap ko ang balanse sa pagitan ng mga komersyal na pelikula at ng mga pelikula na sa tingin ko ay maaaring suportahan ang mas malikhain at artistiko interpretasyon.,0.8882299661636353,96.44708013534546
i feel this about my movies he says the fact that my name is on them that means they are doomed,0,sadness,"Nararamdaman ko ito tungkol sa aking mga pelikula, sabi niya, dahil ang pangalan ko ang nakalagay doon, ibig sabihin ay sila ay papatayin.",0.8686169385910034,96.52553224563599
i just remember getting in the car and my body feeling really lame,0,sadness,Naalala ko lang na pumasok ako sa kotse at parang nabibingi ang aking katawan.,0.906810462474823,96.37275815010071
im about to go look for him again when i start to feel calm and think that his phone probably died,1,joy,Aalis na sana ako para hanapin siya ulit nang maramdaman kong kumalma at isipin na baka lang nawalan ng kuryente ang kanyang telepono.,0.8971590399742126,96.41136384010315
im feeling pretty determined right now i just have to keep my determination flowing from now on,1,joy,"Nararamdaman ko ang malaking determinasyon ngayon, kailangan ko lang itong panatilihing dumadaloy mula ngayon.",0.851994514465332,96.59202194213867
i feel like every day i grow stronger and become less needy of someone to fill that role,0,sadness,"Nararamdaman kong araw-araw, lumalakas ako at mas hindi na ako nangangailangan ng isang tao upang punan ang papel na iyon.",0.8831411600112915,96.46743535995483
i also hate the feeling of forcing my values onto others not celebrating not buying others gifts for the sake of not supporting consumerism,1,joy,"Ayaw ko rin ng pakiramdam na pinipilit kong ilapat ang aking mga halaga sa iba, hindi rin nagdiriwang at hindi bumibili ng regalo para hindi suportahan ang konsumerismo.",0.9185982942581177,96.32560682296753
i ended up eating lots of carbs on both days but i didn t feel as pressured to eat a bunch on the last day,4,fear,Nagtapos akong kumain ng maraming karbohidrat sa parehong araw ngunit hindi ako nadaramaang pinipilit na kumain ng marami sa huling araw.,0.9126915335655212,96.34923386573792
i did feel that the ending was a bit rushed and i do wonder if i might have missed certain signs but its a small thing when the story happens to be addictive and you dont notice the time passing by,3,anger,"Naramdaman ko nga na medyo mabilis ang wakas at nagtatanong ako kung baka nakaligtaan ko ang ilang senyales, pero maliit lang iyon dahil nakakaganyak ang kwento at hindi mo namamalayan ang lumilipas na oras.",0.9000799655914307,96.39968013763428
i wasnt the only one feeling very pleased about it all laurie was beside himself that all the old structures and artefacts were still sitting around untouched in pretty much the same condition as the day the last locomotive went through,1,joy,"Hindi ako lamang ang lubos na nasiyahan, si Laurie rin ay sobrang saya dahil lahat ng lumang gusali at mga artepakto ay nanatili pa rin na hindi hinahawakan at halos nasa parehong kondisyon noong huling tren ang dumaan.",0.9374878406524658,96.25004863739014
i wasnt so self conscious of my atrocious singing i think id be tempted to break out into this whenever a colleague is feeling defeated,0,sadness,"Hindi ako gaanong nahihiya sa aking pangit na pagkanta, sa tingin ko matutukso akong kumanta nito kapag isang kasamahan ay nalulumbay.",0.9069265127182007,96.3722939491272
ill feel uncomfortable although i always heard people or friends around calling their loved one honey babe my angel darling peaches pickle gt,4,fear,"Magiging hindi komportable ako kahit lagi kong naririnig ang mga tao o kaibigan na tumatawag sa kanilang minamahal na ""honey, babe, my angel, darling, peaches, pickle.""",0.8645033240318298,96.54198670387268
i feel as if i prepare for hurricanes every day of the week and at the end of the night these three precious storms leave their trail throughout my home,1,joy,"Parang araw-araw akong naghahanda para sa bagyo, at sa huli ng gabi, ang tatlong mahalagang bagyo ay iniwan ang kanilang bakas sa buong bahay ko.",0.9083799123764038,96.36648035049438
i listen to this song i can feel a sorrowful atmosphere,0,sadness,"Kapag nakikinig ako sa kanta na ito, nararamdaman ko ang malungkot na kapaligiran.",0.863606333732605,96.54557466506958
i feel her all around me when i am in hollywood which by the way there is a lovely girl who does marilyn on the walk of fame really great,2,love,"Nararamdaman ko siya sa paligid ko kapag nasa Hollywood ako, at sa totoo lang, may isang magandang babae doon na ginagaya si Marilyn sa Walk of Fame, napakagaling niya.",0.905508279800415,96.37796688079834
i feel offended used and disgusted,3,anger,"Nararamdaman kong nasasaktan, ginagamit, at kinakilabutan.",0.831489086151123,96.67404365539551
i am not actively seeking gods heart i feel lethargic directionless and slow when it comes to who i see god as and even more so how i think god sees me,0,sadness,"Hindi ako aktibong naghahanap ng puso ng Diyos; nararamdaman kong walang gana, walang direksyon, at mabagal kapag iniisip ko kung sino ang Diyos para sa akin, at lalo na kung paano niya ako nakikita.",0.9045766592025757,96.3816933631897
i am feeling pretty optimistic about the final product,1,joy,Nakakatuwa akong mag-isip tungkol sa huling produkto.,0.8820650577545166,96.47173976898193
i went to work but i feel stunned and numb,4,fear,Pumunta ako sa trabaho ngunit nararamdaman kong nabigla at walang buhay.,0.9098589420318604,96.36056423187256
i start enjoying it and it becomes part of the general fabric of feeling joyful about your everyday activities about just being,1,joy,"Nagsisimula akong mag-enjoy at ito ay naging bahagi ng pangkalahatang tela ng pagiging masaya sa iyong pang-araw-araw na gawain, tungkol lamang sa pagiging.",0.7965443134307861,96.81382274627686
i feel satisfied and sad at the same time,1,joy,Nararamdaman kong kontento at malungkot nang sabay.,0.8955108523368835,96.41795659065247
i was feeling a little shaky and called it a day on the small bike,4,fear,Naramdaman kong medyo hindi matatag kaya pinatapos ko na ang araw sa maliit na bisikleta.,0.9036093354225159,96.38556265830994
i feel myself being sucked back in and this vicious cycle starts again every time you open the door and every time you show me more you back back any hints of love what is it that youre afraid of,3,anger,"Nararamdaman kong binabalik ako sa dating sitwasyon at nagsisimula itong paulit-ulit tuwing binubuksan mo ang pinto at tuwing ipinakikita mo sa akin pa't higit, ibinabalik mo ang anumang palatandaan ng pag-ibig. Ano ang iyong takot?",0.904538631439209,96.38184547424316
i want to be able to get into it without feeling weird in a bathing suit,4,fear,Gusto kong makapasok doon nang hindi nakakaramdam ng kakaiba sa aking swimsuit.,0.9454676508903503,96.2181293964386
i feel like i m in some weird limbo between childhood and adulthood,4,fear,Parang nasa kakaibang pagitan ng pagkabata at pagtanda ako.,0.893021821975708,96.42791271209717
i have noticed my own increasing frustration with what i feel to be petty artificially created drama,3,anger,Nakikita ko ang aking sariling lumalalang pagkabigo sa kung ano ang aking nararamdaman na maliit at gawa-gawa lamang na drama.,0.8665335178375244,96.5338659286499
i get the feeling that im valued have potential and am very welcome,1,joy,"Nararamdaman kong pinahahalagahan, may potensyal, at lubos akong tinatanggap.",0.9016249179840088,96.39350032806396
i feel irritable like no other and running will def cure that,3,anger,Napakasungit ko ngayon at tiyak na magpapagaling ang pagtakbo.,0.8474562168121338,96.61017513275146
i dont drink green charged water for a few days i feel irritable and disoriented,3,anger,Hindi ako umiinom ng berdeng tubig na may karagdagang enerhiya nang ilang araw at nararamdaman kong mairrita at nalilito.,0.893243670463562,96.42702531814575
i feel strange pangs of loneliness or emptiness bubble up,4,fear,Nararamdaman kong may kakaibang hapdi ng kalungkutan o kawalan na sumisibol.,0.9118276834487915,96.35268926620483
i am so tired about it and i feel so fucked up,3,anger,Napakasawa ko na dito at sobrang gulo ng pakiramdam ko.,0.8427491188049316,96.62900352478027
i also feel strange that by the ripe old age of twenty three i want a goddamn life partner,4,fear,"Nakakakaba rin na sa edad na dalawampu't tatlo, gusto ko nang makasama ang isang tunay na kapareha sa buhay.",0.8684606552124023,96.52615737915039
im feeling a bit jaded,0,sadness,Nararamdaman kong medyo pagod na.,0.8466770052909851,96.61329197883606
i think he is what really made us decide to stay with multiband because he made us feel valued and listen to the fact i am a student and need to do homework,1,joy,Sa tingin ko siya ang tunay na dahilan kung bakit nanatili kami sa Multiband dahil siya ang nagpaparamdam sa amin na pinahahalagahan at nakikinig sa katotohanang ako ay isang estudyante at kailangan kong mag-aral.,0.8652795553207397,96.53888177871704
i do think there s a thin line between effectual love and hero worship his actions toward asami don t make me feel especially positive toward him,1,joy,"Sa tingin ko, manipis ang linya sa pagitan ng tunay na pag-ibig at pagsamba sa isang bayani. Ang kanyang kilos kay Asami ay hindi nagbibigay sa akin ng positibong pakiramdam tungkol sa kanya.",0.8779509663581848,96.48819613456726
i feel quite proud of myself and its a wonderful feeling after years of feeling anything but,1,joy,Nararamdaman kong lubos akong mapagmamalaki sa aking sarili at isang magandang pakiramdam ito matapos ang maraming taon ng pagdadalawang-isip.,0.880840539932251,96.476637840271
i suppose its only natural to squeeze every half hour out of the last five days to spend the time with family making memories and with friends promising more but it feels like someone elses life in a numb way,0,sadness,"Siguro'y natural lamang na i-squeeze ang bawat kalahating oras sa huling limang araw upang gugulin ang oras kasama ang pamilya, gumawa ng mga alaala, at kasama ang mga kaibigan, nangako ng higit pa, ngunit parang buhay ng iba ito sa isang numb na paraan.",0.8790490627288818,96.48380374908447
i say his helpless the phone muttered the i love you love his feeling always feel very sweet always feel to have him with me i nothing a person undertaking no matter where there is a he,2,love,"Sabi ko, wala siyang magawa, bulong ng telepono ang ""mahal kita."" Ang pakiramdam niya'y lagi kong nararamdaman na matamis, lagi kong nararamdaman na kasama ko siya. Wala akong ibang tao, kahit anong gawin, saan man ako pumunta, basta't mayroon siya.",0.8669740557670593,96.53210377693176
i feel extremely awkward when they interview people for my job,0,sadness,Napakakawala ko kapag ini-interview nila ang mga tao para sa aking trabaho.,0.8769704103469849,96.49211835861206
i really hope she shares the same feelings they would be so wonderful together,1,joy,"Sana ibahagi niya ang parehong nararamdaman, magiging kamangha-manghang sila kung magkasama.",0.8660451173782349,96.53581953048706
i feel dismayed i feel like everything i thought was true was a lie but one thing i will never do is say good bye,0,sadness,"Nakakadismaya ako, parang lahat ng akala kong totoo ay kasinungalingan, pero isang bagay na hindi ko gagawin ay magsabi ng paalam.",0.921853244304657,96.31258702278137
i feel pleased with myself when i see you proud of me,1,joy,Nakakatuwa sa akin na makita kang mapagmamalaki sa akin.,0.8606622219085693,96.55735111236572
i am feeling anxious that im not out watching this important game that im avoiding a bar because of an asshole who broke my heart and that im missing out meeting cute boys,4,fear,Nakakapanibago na hindi ako nakakapanood ng mahalagang laro at iniwasan ko ang bar dahil sa isang hayop na nasira ang puso ko at baka ma-miss ko ang pagkakataong makilala ang mga gwapo.,0.8811312317848206,96.47547507286072
i think thats exactly how ill be i love my year at school but were all leaving at the same time whereas it feels very sad to leave behind all my friends from years within the music department as well as the year form ive worked with for years and my amazing violin pupils,0,sadness,"Akala ko iyon ang mangyayari sa akin. Mahal ko ang aking taon sa paaralan, ngunit aalis kami lahat nang sabay-sabay. Nakakalungkot isipin na iiwan ko ang lahat ng aking mga kaibigan mula sa mga nakaraang taon sa departamento ng musika pati na rin ang aking grupo ng klase na kasama ko nang maraming taon at ang aking mga magaling na estudyanteng violinist.",0.932788610458374,96.2688455581665
im not feeling too inspired as it hasnt stopped raining in at least a week here what does the sun look like again,1,joy,Hindi ako masyadong inspirado dahil hindi tumitigil ang ulan ng isang linggo na rito. Ano kaya itsura ng araw ngayon?,0.957401692867279,96.17039322853088
i feel really anxious,4,fear,Napakakabahan ko talaga.,0.8554878234863281,96.57804870605469
i feel terribly unkind to say it span style font size,3,anger,Napaka-masama kong pakiramdam sabihin ito.,0.8495984077453613,96.60160636901855
i feel what its like to be popular,1,joy,Nararamdaman ko kung ano ang pakiramdam na maging sikat.,0.881720781326294,96.47311687469482
i feel resentful that i have too,3,anger,Nararamdaman kong may sama ng loob dahil masyadong marami.,0.8224215507507324,96.71031379699707
im feeling pretty miserable and sorry for myself,0,sadness,Napakasakit ng pakiramdam ko at parang awa ko na sa sarili ko.,0.8695053458213806,96.52197861671448
i would then plunge into the icy depths feeling invigorated and invincible,1,joy,"Sasailalim ako sa malamig na tubig, at mararamdaman ang aking pagiging nabubuhay at hindi matatalo.",0.9012433290481567,96.39502668380737
i feel it s so obnoxious another vocab word,3,anger,"Nararamdaman kong sobrang bastos, isa pang salita sa bokabularyo.",0.8675298690795898,96.52988052368164
i feel utterly joyful and brimming with gratitude,1,joy,Napakalaking saya at pasasalamat ang nararamdaman ko.,0.8679646253585815,96.52814149856567
im feeling guilty for not having written a beautiful poetic post expressing how thankful i am,0,sadness,Nararamdaman kong may sala ako dahil hindi ako nakapag-post ng magandang tula na nagpapahayag ng aking pasasalamat.,0.8906807899475098,96.43727684020996
i looked at my husband and even though i love him with all the love in my heart the feelings i felt for him today when he was stood there so vulnerable grew so deep and strong and i didnt realise that i could love him anymore,4,fear,"Tumingin ako sa aking asawa at kahit na mahal ko siya ng buong puso, ang naramdaman kong damdamin para sa kanya ngayon habang siya ay nakatayo roon na napakarupok ay lumakas at lumaganap nang hindi ko namamalayan na kaya pala akong mahalin siya pa lalo.",0.9014248847961426,96.39430046081543
i save recipes to springpad and when im feeling adventurous i might try something new,1,joy,"Pinapanatili ko ang mga resipe sa Springpad at kapag may gana akong mag-eksperimento, baka subukan ko ang isang bagong lutuin.",0.8390806913375854,96.64367723464966
i feel completely blessed to have such wonderful family and friends,1,joy,Napakaligaya ko na may ganitong magagandang pamilya at mga kaibigan.,0.9006077647209167,96.39756894111633
i have to feel whiney when i m just today one week out of surgery major abdominal surgery,0,sadness,Kailangan kong magmukhang maarte kahit isang linggo pa lang ako mula sa malaking operasyon sa tiyan.,0.8789730072021484,96.4841079711914
ive been feeling weepy and sensitive today as time rolls towards the anniversary of my fathers death,0,sadness,Malungkot at sensitibo ako ngayon habang papalapit ang anibersaryo ng kamatayan ng aking ama.,0.8932397961616516,96.4270408153534
i remember feeling impatient with the endless and convoluted fairy tale that was told throughout the book,3,anger,Naalala ko ang pagiging mapagbiro ko sa walang katapusang at kumplikadong kuwentong bibit na ikinuwento sa buong aklat.,0.8649874925613403,96.54005002975464
i feel liked these days by both tom and myself,2,love,Nararamdaman kong pinapahalagahan ako ngayon ni Tom at ng aking sarili.,0.8437763452529907,96.62489461898804
im not sure how i feel theres just that empty space you left here for me,0,sadness,"Hindi ko sigurado kung ano ang nararamdaman ko, mayroon lang itong bakanteng espasyo na iniwan mo rito para sa akin.",0.872474193572998,96.51010322570801
i believe feeling duality spirituality suffering and growth in an upright position offers the manifestation of happiness simple joys and fulfillment,0,sadness,"Naniniwala ako na ang pagdadalawang-isip, espirituwalidad, pagdurusa, at paglago sa isang matuwid na posisyon ay nagdudulot ng pagpapahayag ng kaligayahan, simpleng kasiyahan, at kabuluhan.",0.8859768509864807,96.45609259605408
i twisted that to mean that i did not have to use them if i was feeling ok,1,joy,Itinwista ko iyon bilang hindi ko kailangan gamitin kung nararamdaman kong mabuti.,0.9080134630203247,96.3679461479187
im a little worried because i feel the protagonist may not be likeable enough to the average person based on my focus group of one,1,joy,"Medyo kinakabahan ako dahil sa tingin ko, baka hindi sapat na kaakit-akit ang protagonista para sa karaniwang tao batay sa aking focus group na isa lang.",0.8327401876449585,96.66903924942017
i will admit that i do feel a little envious when i hear of young writers who do so well,3,anger,"Aminin ko, nararamdaman ko ang kaunting inggit kapag naririnig ko ang mga batang manunulat na nagtatagumpay.",0.8729243278503418,96.50830268859863
i had a feeling that was going to happen once i accepted the job offer because life likes to throw you lots of curveballs,2,love,Nadama ko na mangyayari iyon nang tanggapin ko ang alok sa trabaho dahil mahilig ang buhay na magbigay ng maraming pagsubok.,0.8825060725212097,96.46997570991516
i feel like i need to tattoo that peggy o mara quote onto my arm so i ll see it next time i feel disgusted disdainful or disappointed by my children s behavior,3,anger,"Parang kailangan kong itattoo ang quote ni Peggy O'Mara sa aking braso para makita ko ito kapag naramdaman kong nababastos, nagagalit, o nabigo sa kilos ng aking mga anak.",0.8600064516067505,96.559974193573
i found out on a day when i was feeling stressed and unsure of my abilities,0,sadness,Natuklasan ko ito sa isang araw na nararamdaman kong stressed at hindi sigurado sa aking kakayahan.,0.8057389259338379,96.77704429626465
i would feel i was devastated,0,sadness,Pararamdam ko'y lubos na nasira ang aking kalooban.,0.8750401735305786,96.49983930587769
i am thinking and keeping current so they don t feel they need to keep me entertained or babysat me by giving me more work or projects that are not needed,1,joy,Iniisip ko at nakaka-update para hindi nila maramdaman na kailangan nilang aliwin o bantayan ako sa pamamagitan ng pagbibigay ng karagdagang trabaho o proyekto na hindi naman kailangan.,0.9101026654243469,96.35958933830261
i don t look beefy even though i m older now i feel dirty i feel like no one would like me because i m no one,0,sadness,"Hindi ako mukhang malakas kahit na mas matanda na ako, nararamdaman kong marumi, parang ayaw akong mahalin ng kahit sino dahil wala akong kahalagahan.",0.9221034049987793,96.31158638000488
i wonder why i feel surprised that things are different than i expected,4,fear,Nagtataka ako kung bakit ako nabigla na iba ang mga bagay kaysa sa inaasahan ko.,0.8619141578674316,96.55234336853027
i remembered seeing these pieces and feeling so impressed by them but seeing them again i was surprised i was blinded by my memories,4,fear,"Naalala kong nakita ko ang mga piraso na ito at napakaganda ko sa kanila, ngunit sa muling pagtingin, nabigla ako dahil nabulag ako ng aking mga alaala.",0.9443780183792114,96.22248792648315
i feel like i missed out a bit in not reading this series in order,0,sadness,Parang kulang ako dahil hindi ko nabasa ang seryeng ito sa pagkakasunod-sunod.,0.8798917531967163,96.48043298721313
i don t i risk feeling vulnerable the feeling that everyone is staring at me and examining every little dimple in my thigh and sag in my arm,4,fear,"Ayaw kong mag-risk na maramdaman ang kahinaan, ang pakiramdam na nakatingin lahat sa akin at sinusuri ang bawat maliit na lungga sa aking hita at pagkabaon sa aking braso.",0.9437344074249268,96.2250623703003
i do love making them feel welcomed and excited about starting high school,1,joy,Mahal ko silang pakiramdam na tinatanggap at nasisiyahan sa pagsisimula ng kanilang high school.,0.8411257266998291,96.63549709320068
i feel like the cute little case is kind of hidden but,1,joy,Parang natatago ang cute kong maliit na case.,0.7729349136352539,96.90826034545898
i feel really bouncy for absolutely no reason and my head hurts a bit from trying to remember all the books im going to simply have to read now,1,joy,"Nararamdaman kong sobrang enerhiya at walang dahilan, at medyo nasasakit ang ulo ko dahil sa pagsisikap kong matandaan ang lahat ng mga libro na kailangang basahin ko.",0.9074613451957703,96.37015461921692
i know that feeling myself the strange sense of serendipity where minds collide between pages,4,fear,"Alam ko rin iyon, ang kakaibang pakiramdam ng pagkakataon na ang mga isipan ay nagtatagpo sa pagitan ng mga pahina.",0.8637669086456299,96.54493236541748
i apologize to anyone who may feel i have been a neglectful slacker mcslackerson,0,sadness,Patawad po sa mga maaaring makaramdam na hindi ako mapagkumpitensya at tamad na slacker na si Mcslackerson.,0.8906500935554504,96.4373996257782
i think they enjoyed the event because it made them feel welcomed,1,joy,Akala ko'y nasiyahan sila sa kaganapan dahil ito'y nagbigay sa kanila ng pakiramdam na tinanggap sila.,0.8957499265670776,96.41700029373169
im so stoned on endorphin that all i can feel is my leg muscles seizing into petrified meat,4,fear,Sobrang lasing ako sa endorphin kaya ang nararamdaman ko lang ay ang pag-igting ng mga kalamnan sa aking binti na parang bato.,0.9457418918609619,96.21703243255615
i feeling rejected but i became a laughing stock among my peers,0,sadness,Nararamdaman kong tinatanggihan ngunit naging bahanang tawa ng aking mga kaklase.,0.8820058107376099,96.47197675704956
i want to feel like the casting director is going to take one look at me and say you re amazing,1,joy,"Gusto kong maramdaman na ang casting director ay titignan ako ng isang tingin at sasabihin, ""Ikaw ay kahanga-hanga.""",0.9017786383628845,96.39288544654846
i remember feeling frantic at this point,4,fear,Naalala ko ang pakiramdam ng pagkabalisa noon.,0.8600353002548218,96.55985879898071
i feel successful as a lazy mom,1,joy,Nararamdaman kong matagumpay bilang isang tamad na ina.,0.8693786859512329,96.52248525619507
i feel like if you get something really cool you could easily turn it into a finished piece but that s kind of up to what you get out of the two hours,1,joy,"Parang kung makukuha mo ang isang bagay na talagang cool, madali mong mapagagawa iyon bilang isang natapos na obra, pero iyon ay depende sa kung ano ang iyong makuha sa loob ng dalawang oras.",0.8972909450531006,96.4108362197876
im still feeling terrible even though ive had some good days,0,sadness,Masakit pa rin ang pakiramdam ko kahit may ilang magandang araw na naranasan ko.,0.882892370223999,96.468430519104
i drove away from today feeling overwhelmed with news that i have heard a trillion times and news that my heart knows already,4,fear,Umalis ako ngayon na parang nababalot ng mga balita na narinig ko nang milyun-milyon at mga balita na alam na ng aking puso.,0.8949437737464905,96.42022490501404
i was most stressed about have finally come to an end and i feel relieved,1,joy,Ang pinakamabigat kong pinag-aalala ay natapos na rin at nararamdaman kong maluwag na.,0.8730241060256958,96.50790357589722
i love the feeling of the cold nipping at my nose while im in warm clothes,3,anger,Gustung-gusto ko ang pakiramdam ng malamig na humihip sa aking ilong habang nakasuot ako ng mainit na damit.,0.9110000133514404,96.35599994659424
i hoped he didn t feel the shiver that ran through me but maybe he did i was startled when he pulled away from me,4,fear,"Sana hindi niya naramdaman ang kaba na tumakbo sa akin, pero baka naramdaman niya. Nagulat ako nang lumayo siya sa akin.",0.8357897996902466,96.65684080123901
i honestly hoped for you to wake up one day feeling terrible crying blood whatever,0,sadness,"Talagang sana'y magising ka isang araw na parang masama ang pakiramdam, umiiyak ng dugo man, basta't ano mang mangyari.",0.8881908655166626,96.44723653793335
i read premonition i had this rare feeling that i was caught by how dewi lestari plays with metaphors crazily in her charming words,1,joy,"Nabasa ko ang ""Premonition"" at naranasan ko ang kakaibang pakiramdam na nahuli ako sa paraan kung paano ginagamit ni Dewi Lestari ang mga metapora nang malikhain sa kanyang nakakaakit na mga salita.",0.8432636260986328,96.62694549560547
i am drawn to totally solid neutral bags in black and brown throw in a vibrant patent red and maybe if i m feeling dangerous a metallic clutch but that s usually the most adventurous i get with my accessories,3,anger,"Nakakaakit ako sa ganap na matatag na mga bag na walang kulay sa itim at kayumanggi, idagdag ang isang maliwanag na pulang patent at baka kung may lakas ng loob ako, isang metalikong clutch, pero iyon na marahil ang pinakamadaring na aking ginagawa sa aking mga aksesorya.",0.8852446675300598,96.45902132987976
i feel all numb,0,sadness,Nararamdaman kong lahat ay parang nawalan ng pakiramdam.,0.9120492935180664,96.35180282592773
i actually feel excited about it for the first time in a long time,1,joy,"Talagang nakakakilig ito para sa akin, unang beses ko itong naramdaman sa mahabang panahon.",0.8376933336257935,96.64922666549683
i feel like she is more embarrassed that anything and cannot just let it go,0,sadness,Parang mas nahihiya siya kaysa sa anumang bagay at hindi makalimot.,0.8696165084838867,96.52153396606445
i feel like im some troubled sad anti social person,0,sadness,"Parang isang may problema, malungkot, at antisocial na tao ako.",0.9031153917312622,96.38753843307495
im feeling ugly,0,sadness,"Masama ang pakiramdam ko, pangit ako.",0.9088590145111084,96.36456394195557
i feel kinda worthless and unwanted at times cuz ive always felt that im the ugliest among all my friends cuz they are so freaking pretty oh dayummm like forever feeling inferior and stuff la,0,sadness,"Minsan, parang wala akong halaga at hindi ako gusto dahil lagi kong nararamdaman na ako ang pinakamapangit sa mga kaibigan ko dahil sila ay sobrang ganda, oh diyos ko! Parang lagi akong nakakaramdam ng pagkabihag at iba pang bagay.",0.884424090385437,96.46230363845825
im feeling sad so i can remind myself of how i am talented and good at things and also see things that inspire me all in once place,0,sadness,"Nararamdaman kong malungkot kaya gusto kong maaalala ang aking talento at kakayahan sa iba't ibang bagay, at makita rin ang mga bagay na nagbibigay inspirasyon sa akin sa iisang lugar.",0.9151338338851929,96.33946466445923
i feel that its very romantic and to add to my visit i have the ipod loaded up with s dark synthwave amp early s college radio alternative the cure neds atomic dustbin the candy skins posies pixies blur james springhouse morrissey and so on,2,love,"Nararamdaman kong napaka-romantiko nito at para mas lalong maganda ang aking pagbisita, puno na ang aking iPod ng mga madilim na synthwave at mga alternatibong kanta mula sa mga radyo noong unang bahagi ng mga taong 90, tulad ng The Cure, Ned's Atomic Dustbin, The Candy Skins, The Posies, Pixies, Blur, James, Springhouse, Morrissey, at marami pang iba.",0.9286661148071289,96.28533554077148
i still have feelings for him only broke up for a month or so we re friends at the moment and i want him back as well,0,sadness,"May nararamdaman pa rin ako para sa kanya, naghiwalay lang kami ng isang buwan o kaya, kaibigan kami ngayon at gusto ko siyang maibalik.",0.9404467344284058,96.23821306228638
i feel so violent just want to break some glass,3,anger,"Nararamdaman kong sobrang agresibo, gusto ko lang basagin ang ilang salamin.",0.9039543271064758,96.3841826915741
i just make assumptions based on what i see think feel i ve wondered this before with strange things,4,fear,"Ako lang naman ay gumagawa ng haka-haka batay sa aking nakikita, iniisip, at nararamdaman. Naisip ko na rin ito noon tungkol sa mga kakaibang bagay.",0.8184861540794373,96.72605538368225
i feel like i am waiting for an unpleasant meeting with someone in an authoritative position,0,sadness,Parang hinihintay ko ang isang hindi magandang pagpupulong sa isang taong may awtoridad.,0.8794434070587158,96.48222637176514
i am feeling ok my incision is sore that is expected and i have some neuropathy in my fingers and toes that is a residual of chemo that ive been told may take a year to resolve if indeed it does,1,joy,"Mabuti naman ang pakiramdam ko, medyo masakit ang sugat ko, inaasahan ko iyon, at mayroon akong kaunting neuropathy sa mga daliri at paa, isang epekto ng kemoterapiya na sinabi nila ay maaaring tumagal ng isang taon bago mawala, kung sakaling mawala nga.",0.8763852119445801,96.49445915222168
i feel ashamed of my unproductive days,0,sadness,Nakakahiya sa akin ang mga araw kong hindi produktibo.,0.8565055131912231,96.57397794723511
i ignore her once shell keep trying and trying and trying till i break down and feel horrible about myself,0,sadness,"Ini-ignore ko siya minsan, hanggang sa magpatuloy siyang mag-try at mag-try at mag-try hanggang sa mabagsak ako at masaktan sa aking sarili.",0.8320350050926208,96.67185997962952
i was feeling very nostalgic and very grateful,2,love,Nararamdaman ko ang malalim na pag-nostalya at pagpapasalamat.,0.8736457228660583,96.50541710853577
i feel helpless as her mother i should be able to take the pain away as a small child i could do this but she is a young adult now the same age i was when i had her and it hurts to see her in pain,4,fear,"Nararamdaman kong walang magawa bilang ina niya dapat sana ay maalis ko ang kanyang sakit gaya noong bata pa siya kaya ko iyon ngunit siya'y isang matanda nang kabataan ngayon, pareho ng edad ko noong siya'y isinilang at nasasaktan akong makita siyang nagdurusa.",0.9140716791152954,96.34371328353882
i drive home i feel like a petty thief having just stolen the exposures crudely stuck in my camera from the ancients,3,anger,"Habang nagmamaneho pauwi, parang isang maliit na magnanakaw ako na nakakuha ng mga eksposur na bastos na nakakabit sa aking kamera mula sa mga sinaunang tao.",0.904282808303833,96.38286876678467
i refuse to let myself feel bitter about the small sacrifices we have to make,3,anger,Ayaw kong hayaan ang aking sarili na maging mapait tungkol sa mga maliit na sakripisyo na kailangan nating gawin.,0.8698630332946777,96.52054786682129
im zooming right through the second trimester and i feel fantastic just as i did with trinity,1,joy,Mabilis akong dumadaan sa ikalawang trimester at nararamdaman kong kahanga-hanga gaya ng aking naramdaman noong buntis ako kay Trinity.,0.8240877985954285,96.70364880561829
i feel uptight is it any wonder i dont know whats right,4,fear,"Nararamdaman kong kinakabahan, hindi ba't magtataka kung hindi ko alam kung ano ang tama.",0.8836932182312012,96.4652271270752
i sing decently but coming from the kind of family i do i always feel like im less talented so ive never really tried to learn as such,1,joy,"Aco'y kumakanta nang maayos ngunit dahil sa uri ng pamilya kong kinabibilangan, lagi akong nakakaramdam na mas kaunti ang aking talento kaya hindi ko talaga pinag-aralan nang lubusan.",0.8819245100021362,96.47230195999146
i only share what i feel is valuable information,1,joy,Ibinabahagi ko lamang ang mga impormasyon na sa tingin ko ay may halaga.,0.8482118844985962,96.60715246200562
im packing up to leave the school and feeling sentimental,0,sadness,Iniimpake ko na ang mga gamit ko para umalis sa paaralan at nararamdaman ko ang pagka-sentimental.,0.8795849084854126,96.48166036605835
i sooooo understand feeling like an ugly brown pair of shoes in a world of designer tuxedos complete with diamond cufflinks,0,sadness,Talagang naiintindihan ko ang pakiramdam na parang pangit na kayumanggi sapatos sa isang mundo ng mga designer na tuxedo na may diamante cufflinks.,0.8287474513053894,96.68501019477844
i did not feel troubled,0,sadness,Hindi ako nabalisa.,0.8850803375244141,96.45967864990234
i love love it and feel lethargic if i do not sweat for more than three days,0,sadness,Mahal ko ito at nararamdaman kong pagod kung hindi ako nag-eehersisyo nang higit sa tatlong araw.,0.9413963556289673,96.23441457748413
i am too dazed confused and too drowned in what women looks for looks wise in a man and feel that i am doomed if i can t aspire to these,0,sadness,"Napaka-dilim ng aking isipan, nalilito ako, at parang nalulunod sa mga hinahanap ng mga babae sa isang lalaki, at nararamdaman kong nabibigo ako kung hindi ko maabot ang mga iyon.",0.8663614988327026,96.53455400466919
i like her too much to feel as if im being obnoxious and getting involved into somethign that has nothing to do with me,3,anger,Gusto ko siya ng sobra kaya nahihiya akong magmukhang bastos at makialam sa bagay na wala namang kinalaman sa akin.,0.8624215126037598,96.55031394958496
i feel like the fans see the girls as wimpy and not as good as the guys,4,fear,Parang nakikita ng mga tagahanga ang mga babae bilang mahina at hindi gaanong magaling kumpara sa mga lalaki.,0.9044084548950195,96.38236618041992
ive been going to these liquor stores all my life and i still feel a bit dirty walking into one like im doing something i shouldnt be,0,sadness,"Buong buhay kong pumupunta sa mga tindahan ng alak at kahit ganun pa man, parang may kaunti akong nararamdamang pagkahiya kapag pumasok doon, parang ginagawa ko ang isang bagay na hindi dapat.",0.9349855184555054,96.26005792617798
i will ever feel i admired virtually everything about you,2,love,Magmamahal ako sa iyo magpakailanman at iidolo ko ang halos lahat sa iyo.,0.8589255809783936,96.56429767608643
i feel like these words from today s passage send the church of today a warning just as much as jesus was sending his beloved disciples a warning,1,joy,Parang binabalaan ng mga salitang ito mula sa pagbasa ngayon ang simbahan ngayon gaya ng pagbabala ni Hesus sa kanyang mga minamahal na mga alagad.,0.8764004707336426,96.49439811706543
i feel disturbed by the more and more unreasonable lie my life is taking towards,0,sadness,Nakakabahala na ang buhay ko ay tila patuloy na lumilihis tungo sa mga hindi makatwirang kasinungalingan.,0.8609502911567688,96.55619883537292
i feel like there are so many years left to live when all i m contented with is to just lay on my bed with the lights off and listen to ayumi,1,joy,"Parang marami pang taon ang natitira para mabuhay, pero sapat na para sa akin ang magpahinga lang sa kama, patayin ang ilaw, at makinig kay Ayumi.",0.9262782335281372,96.29488706588745
i feel super bad that thanksgiving seems to disappear more and more each year but i would be lying if i said that i werent excited for official christmas time,1,joy,"Napakasama kong pakiramdam na tila nawawala ang Thanksgiving taon-taon, pero magsisinungaling ako kung sasabihin kong hindi ako excited para sa opisyal na panahon ng Pasko.",0.8489260673522949,96.60429573059082
i was back home but feeling restless,4,fear,Nasa bahay na ako ngunit hindi mapakali.,0.952007532119751,96.191969871521
i hit the ground i feel daddy let go completely and i get terrified,4,fear,"Nahulog ako sa lupa, naramdaman kong ganap na pinabayaan ako ni Daddy, at natakot ako.",0.9517526626586914,96.19298934936523
ive also begun going through a round of self edits on the first episode of season three and im feeling quite thrilled with how its fitting together,1,joy,Nagsisimula na rin akong mag-edit sa unang episode ng ikatlong season at sobrang saya ko sa pagkakaayos nito.,0.8492345213890076,96.60306191444397
i know there are a million strollers and babies in the world but the thought that my stroller had made someone feel how ive felt so many times broke my heart,0,sadness,Alam kong marami nang milyong stroller at sanggol sa mundo ngunit ang isiping ang aking stroller ay nagbigay ng nararamdaman na aking naranasan nang maraming beses sa isang tao ay pumunit ng aking puso.,0.8912068605422974,96.43517255783081
i feel compassionate toward myself and my bodys new limitations which i need to become accustomed to as time takes me further into middle age and aging,2,love,Nararamdaman kong may awa ako sa aking sarili at sa mga bagong limitasyon ng aking katawan na kailangan kong sanayin habang tumatagal ang panahon at ako'y lalong tumatanda.,0.8702337741851807,96.51906490325928
i feel so dull and inadequate around big house but such a constrained extrovert in my own home,0,sadness,Nararamdaman kong napakalungkot at hindi sapat sa malalaking bahay ngunit isang napakalimitadong extrovert sa aking sariling tahanan.,0.9181475639343262,96.3274097442627
i feel summer session title bookmark at digg rel nofollow target blank img src http www,0,sadness,Nararamdaman ko ang tag-araw na sesyon na may pamagat na bookmark sa Digg na may relasyon na nofollow at target blank na may larawan mula sa http www.,0.8232056498527527,96.70717740058899
i only will uploading photos which i feel so sweet to share with all of you lovers,2,love,Mag-u-upload lamang ako ng mga larawan na sobrang tamis na gustong ibahagi ko sa inyong lahat na mga mahal ko.,0.8895881772041321,96.44164729118347
i noticed earlier not involved in the group s turn to speak in front of the class and you could feel how nervous he was,4,fear,Napansin ko kanina na hindi kasali sa pagkakataon ng grupo na magsalita sa harap ng klase at mararamdaman mo kung gaano siya kinakabahan.,0.8887420892715454,96.44503164291382
i feel fucked up on the inside,3,anger,Nararamdaman kong sira ang loob ko.,0.8511413931846619,96.59543442726135
i just feel sooooooooooo fucked up at this moment,3,anger,Napakasira ng pakiramdam ko ngayon.,0.8510787487030029,96.59568500518799
i feel respected and what i have to say matters,1,joy,Nararamdaman kong nirerespeto at mahalaga ang aking sasabihin.,0.8679596781730652,96.52816128730774
i just feel jaded about it all now,0,sadness,Parang nababagot na lang ako sa lahat ngayon.,0.8759347200393677,96.49626111984253
i can choose to feel deprived or empowered,0,sadness,Maaari akong pumili na maramdaman ang kakulangan o kapangyarihan.,0.8967214226722717,96.41311430931091
i am missing some very important information or anything please feel free to post comments below because even though i have been interested in the style for years i have only been wearing the style and officially in the community for about a year and a half,1,joy,"Kulang ako ng ilang napakahalagang impormasyon o anumang bagay, kaya't huwag mag-atubiling mag-post ng komento sa ibaba dahil kahit na interesado na ako sa istilo nang maraming taon, opisyal ko lamang itong isinusuot at naging bahagi ng komunidad mga isang taon at kalahati na lamang.",0.8975099325180054,96.40996026992798
i feel annoyed img class aligncenter size full wp image src http mrdanbaird,3,anger,Naiinis ako.,0.7981307506561279,96.80747699737549
ive been feeling particularly thankful for my husband which is a sure sign i have a brain tumor or something terribly amiss with my noodle,1,joy,"Nararamdaman kong sobrang nagpapasalamat sa aking asawa, tanda siguro na may tumor sa utak ako o may malubhang problema sa aking isipan.",0.9012051820755005,96.395179271698
i thought sarah felt during the movie her thoughts feelings and fears but i dont think it was all jareths fault although i think she blamed it all on him i think it was her fault too after all she read the whole labyrinth book and she wished for him to come and take toby away,0,sadness,"Akala ko naramdaman ni Sarah habang nanonood ng pelikula ang kanyang mga iniisip, damdamin, at takot, ngunit hindi ko akalaing lahat iyon ay dahil kay Jared. Bagama't akala ko siya ang sisihin niya, sa tingin ko may kasalanan din siya dahil nabasa niya ang buong libro ng Labyrinth at ipinagdasal na siya ang kukuha kay Toby.",0.9039831757545471,96.38406729698181
i am at an aa meeting today and really started to feel so isolated from everyone in the room,0,sadness,Narito ako sa isang pulong ng AA ngayon at tunay na naramdaman kong napapalayo sa lahat sa silid.,0.9425802826881409,96.22967886924744
i would not hurt you or make you feel pain i would not have been so vain,0,sadness,Hindi kita sasaktan o hahayaan kang masaktan; hindi sana ako magiging ganito ka-mapagmataas.,0.8096784353256226,96.76128625869751
i went upstairs feeling gloomy disappointed switched my phone on silent mode and watched the notebook instead,0,sadness,"Pumunta ako sa itaas na parang malungkot at nabigo, in-off ko ang tunog ng telepono at nanood na lang ng The Notebook.",0.8603981733322144,96.55840730667114
im feeling intimidated by my own achievements,4,fear,Natatakot akong tanggapin ang aking mga tagumpay.,0.9085371494293213,96.36585140228271
im already feeling emotional before i had a chance to say anything at all she turns to me says i love you,0,sadness,"Naramdaman ko na ang emosyon bago pa man ako makapagsalita, siya ay lumingon sa akin at sinabi, ""Mahal kita.""",0.8864288330078125,96.45428466796875
i had hoped to not feel the weakness to not be bothered by every song every joke i hear,3,anger,"Sana hindi ko naramdaman ang kahinaan, hindi ako nababagabag ng bawat kanta, bawat biro na naririnig ko.",0.8685740232467651,96.52570390701294
i feel really blessed,1,joy,Nararamdaman kong sobrang binabati ako ng kapalaran.,0.8969482183456421,96.41220712661743
i headed back to my office feeling satisfied maybe even a bit self righteous about how id consoled a friend,1,joy,"Bumalik ako sa opisina ko, pakiramdam ko'y kontento, marahil kahit papaano'y may pagmamataas dahil sa pagpapakumbaba ko sa isang kaibigan.",0.8714109659194946,96.51435613632202
i feel yet you are so heartless and go for the men that will break your heart,3,anger,"Nararamdaman ko, ngunit ikaw ay napakalupit at pumipili ng mga lalaki na magdudulot ng sakit sa iyong puso.",0.9087021350860596,96.36519145965576
i thought i wont be affected by how youre thinking feeling but the petty side of you digust me,3,anger,"Akala ko hindi ako maapektuhan ng iyong iniisip at nararamdaman, pero ang maliit na ugali mo ay nakakainis sa akin.",0.8777434229850769,96.48902630805969
i am feeling like a delicate wee flower and have given myself permission to lay around drinking tea and eating cream buns and reveling in my passion for poetry,2,love,"Nararamdaman kong parang isang mahina at maliit na bulaklak at pinayagan ko ang aking sarili na magpahinga, uminom ng tsaa, kumain ng cream buns, at masiyahan sa aking pagmamahal sa tula.",0.896081805229187,96.41567277908325
i feel honored to have that kind of support,1,joy,Nararamdaman kong iginagalang na may ganitong uri ng suporta.,0.8662972450256348,96.53481101989746
im also feeling pretty paranoid a lot and no i dont take drugs,4,fear,"Parang lagi akong kinakabahan at hindi, hindi ako gumagamit ng droga.",0.9091825485229492,96.3632698059082
i nuh must feel joyful and victorious,1,joy,Dapat akong maramdaman ang kagalakan at tagumpay.,0.8872237205505371,96.45110511779785
i sound feeling ballroom cd rel nofollow target blank va prandi sound feeling ballroom cd,0,sadness,"Parang nararamdaman ko ang ballroom sa CD na ito, rel nofollow target blank va prandi, parang nararamdaman ko ang ballroom sa CD na ito.",0.9369096755981445,96.25236129760742
im starting to feel a dull pain at the front of my head between my eyes,0,sadness,"Nararamdaman ko nang unti-unting pananakit sa harapan ng aking ulo, sa pagitan ng aking mga mata.",0.9569524526596069,96.17219018936157
i just feel curious of what my mission is to be,4,fear,Gusto ko lang malaman kung ano ang aking misyon.,0.8755506277084351,96.49779748916626
i had a feeling it might be perfect for a take off on the tutorial,1,joy,Naramdaman kong perpekto ito para sa isang pag-aakda ng tutorial.,0.9216307401657104,96.31347703933716
i feel like you can have a piece for breakfast and its ok on the nutrition scale,1,joy,"Pakiramdam ko, maaari kang kumain ng isang piraso nito para sa almusal at okay naman ito sa aspeto ng nutrisyon.",0.920423150062561,96.31830739974976
i feel that npr provides a valuable service,1,joy,Nararamdaman kong nagbibigay ng mahalagang serbisyo ang NPR.,0.8456902503967285,96.61723899841309
i feel low just thinking about my motherland gives me a fresh boost of energy,0,sadness,"Nabababa ang aking pakiramdam, ngunit pag iniisip ko ang aking bayan, parang nabibigyan ako ng bagong lakas.",0.9257572293281555,96.29697108268738
i feel strangely calm for having everything literally on the line with this vote,1,joy,Nararamdaman kong kakaiba ang aking katahimikan dahil lahat ay nakasalalay sa boto na ito.,0.8839893937110901,96.46404242515564
i had to say a couple of things twice in order to not have some weird out of context laughter in the mix that would make the tv audience feel like theyd missed an in joke,0,sadness,Kailangan kong sabihin ulit ang ilang bagay upang maiwasan ang kakaibang tawa na hindi naaayon sa konteksto na magpaparamdam sa mga manonood sa telebisyon na nilapitan nila ang isang biro na hindi nila naunawaan.,0.8852108716964722,96.45915651321411
i was expecting to say this is a very bittersweet feeling but all im feeling is bitter,3,anger,Inaasahan kong sasabihin na ito ay isang mapait-matamis na pakiramdam ngunit ang nararamdaman ko ay puro mapait lamang.,0.9174195528030396,96.33032178878784
i feel fucked tape last year make sure you get this,3,anger,"Nararamdaman kong pinagkaitan ako noong nakaraang taon, siguraduhin mong makukuha mo ito.",0.908637523651123,96.36544990539551
i feel like i can play with the work more than if it was trying to be some precious expensive masterpiece,1,joy,Parang mas malaya akong maglaro sa trabaho kaysa kung ito ay parang mahal at bihirang obra maestra.,0.9591929912567139,96.16322803497314
i sort of feel like one of those people who was unfortunate and lost their father when they were and life goes on,0,sadness,"Parang isa ako sa mga taong hindi nagtagal ang ama at nawalan siya noong bata pa ako, at patuloy ang buhay.",0.9177159667015076,96.32913613319397
ive been feeling really unsuccessful in a lot of ways,0,sadness,Nararamdaman kong talagang hindi matagumpay sa maraming bagay.,0.8811318874359131,96.47547245025635
i was feeling rather sentimental as i expressed to her how blessed i was that she was my mother and also my best friend,0,sadness,Nararamdaman ko ang pagiging senti at sinabi ko sa kanya kung gaano ako pinasasalamatan na siya ang aking ina at pinakamahusay na kaibigan.,0.8700590133666992,96.5197639465332
i refer to it as an addiction because no matter how many pairs i have i never feel satisfied,1,joy,"Tinatawag kong adikto ito dahil kahit ilang pares man ang meron ako, hindi ako nakakaramdam ng kasiyahan.",0.8924190402030945,96.43032383918762
i have a feeling it could be an unpleasant experience working with her,0,sadness,Mayroon akong pakiramdam na maaaring hindi maganda ang karanasan na magtrabaho kasama niya.,0.8715291619300842,96.51388335227966
i feel like i would have liked the ending better,2,love,Parang mas magugustuhan ko sana ang wakas.,0.8468126654624939,96.61274933815002
i feel honored to have been on the show and my students were very excited for me giardina said,1,joy,"Nararamdaman kong ipinagmamalaki na makasama sa palabas at sobrang saya ng aking mga estudyante para sa akin, sabi ni Giardina.",0.9463204145431519,96.21471834182739
i feel a little funny about being so open and personal in my sandblog but if admitting all of this helps me achieve my wish than it s worth it,4,fear,"Nararamdaman kong medyo kakaiba ang maging bukas at personal sa aking sandblog, pero kung ang pag-amin nito ay makatutulong para matupad ang aking hangarin, sulit naman iyon.",0.8592941761016846,96.56282329559326
i feel like they would only mask or dull the problems instead of help me work my way through them,0,sadness,Parang hindi nila tutulungan akong harapin ang mga problema kundi lilimutin o pamahin ang mga ito.,0.8906534910202026,96.43738603591919
im looking forward to seeing familiar faces again saying thank you and importantly staying connected in many of the wonderful ways that make a craftisan feel like its not such an isolated life after all,0,sadness,"Nasa akin ang pag-asa na muling makita ang mga pamilyar na mukha, sabihin ang pasasalamat, at higit sa lahat, manatiling konektado sa maraming magagandang paraan na nagpaparamdam sa isang craftisan na hindi siya ganap na nag-iisa sa buhay.",0.8934085369110107,96.42636585235596
i have reached the conclusion that what i feel is most important is what i think will most likely make me feel good or and keep away bad or unhappy feelings,1,joy,"Naabot ko ang konklusyon na ang pinakaimportante sa akin ay ang aking nararamdaman, lalo na kung ano ang malamang magbibigay sa akin ng kasiyahan at maiiwasan ang mga masamang o malungkot na damdamin.",0.8951195478439331,96.41952180862427
i miss her so much every moment but now i feel like i miss her even more like she is as far away as she has ever been because i am so distracted,3,anger,"Napaka-miss ko na siya sa bawat sandali, pero ngayon parang mas lalo akong nami-miss sa kanya, parang siya ay napakalayo, gaya ng hindi pa kailanman dahil sobrang abala ako.",0.8697144985198975,96.52114200592041
im going to have to tell myself this a lot today when i feel so defeated,0,sadness,Kailangan kong paulit-ulit na sabihin ito sa aking sarili ngayon kapag nararamdaman kong talo na.,0.8770976066589355,96.49160957336426
i just feel very dull right now,0,sadness,Nararamdaman ko lang na sobrang tamad ngayon.,0.8747326731681824,96.50106930732727
i am feeling a bit apprehensive about carrying an amount this large without any protection,4,fear,Nararamdaman kong medyo kinakabahan sa pagdadala ng ganitong malaking halaga nang walang anumang proteksyon.,0.8906620144844055,96.43735194206238
i was feeling shaken walking along the streets and less able to concentrate on not having an accident while simultaneously worrying about having one due to not concentrating,4,fear,"Nababahala ako habang naglalakad sa kalye, at nahihirapan akong mag-concentrate dahil sa takot na magkaroon ng aksidente habang pinag-aalala ko rin ang posibilidad na mangyari ito dahil sa kakulangan ng konsentrasyon.",0.9019626379013062,96.39214944839478
i really didnt like that feeling but he hated even more that the heaviness in his chest was still growing that he made a muffled sound against hideakis lips as the other boy forcefully pressed himself against daiki,0,sadness,Talagang ayaw ko ng nararamdaman iyon ngunit higit niyang kinamumuhian na ang bigat sa dibdib niya ay patuloy pa ring lumalaki kaya't naglabas siya ng mahinang tunog laban sa mga labi ni Hideaki habang ang ibang lalaki ay malakas na pinipiga ang sarili sa katawan ni Daiki.,0.9270738363265991,96.2917046546936
i feel gloomy yet excited,0,sadness,Nararamdaman kong malungkot ngunit masaya.,0.8921911120414734,96.4312355518341
i feel that so many might be far too eager to point and say see that is not how a true trans guy should feel right now or see i knew trans people were way more fucked up than they let on look at this guy,1,joy,"Nararamdaman kong marami ang masyadong handang tumuro at sabihin, ""Tingnan mo, hindi iyon ang nararamdaman ng tunay na trans guy ngayon"" o ""Tingnan mo, alam ko nang mas malala ang kalagayan ng mga trans kaysa sa kanilang ipinakikita, tingnan mo itong lalaki.""",0.9039661884307861,96.38413524627686
i always feel so eager to escape it though it never really leaves,1,joy,Lagi akong nadaramaang gustong tumakas kahit hindi naman talaga ito nawawala.,0.858038604259491,96.56784558296204
i feel that this is a very important subject to discuss,1,joy,Nararamdaman kong napakahalaga ng paksa na ito upang pag-usapan.,0.8540002107620239,96.5839991569519
i feel a gentle amusement,2,love,Nararamdaman ko ang isang banayad na aliw.,0.8415453433990479,96.63381862640381
i feel is loving,2,love,Nararamdaman kong mahalin.,0.8609086275100708,96.55636548995972
i hope all knitters will rise above their hurt feelings and will show that they are loving caring people by supporting the olympians this summer,2,love,Sana lahat ng mga mananahi ay lalampas sa kanilang nasaktan na damdamin at patunayan na sila ay mga taong mapagmahal at mapagkalinga sa pamamagitan ng pagsuporta sa mga Olimpiyano ngayong tag-araw.,0.9472239017486572,96.21110439300537
i plan on making another post all about that but ive had some progress and i feel fucking fantastic,1,joy,"Plano kong gumawa ng isa pang post tungkol doon, pero nakakuha ako ng ilang pag-unlad at sobrang saya ko.",0.8479694128036499,96.6081223487854
i wasn t feeling pressured even if this was the longest race and the one i expected the most from,4,fear,Hindi ako nakaramdam ng presyur kahit ito ang pinakamahabang karera at ang inaasahan kong pinakamahalaga.,0.8909262418746948,96.43629503250122
i feel very agitated just sitting here,4,fear,"Napakagagalit ko, kahit na nakaupo lang ako rito.",0.8874586224555969,96.45016551017761
i feel the need to knock one of my beloved darlings off of my list to make room for hugh laurie aka dr,1,joy,"Nararamdaman kong kailangan kong tanggalin isa sa aking mga minamahal na paborito sa aking listahan upang magkaroon ng puwang para kay Hugh Laurie, kilala bilang Dr.",0.8764620423316956,96.49415183067322
i began to feel isolated,0,sadness,Nagsimulang akong makaramdam ng pag-iisa.,0.9011451601982117,96.39541935920715
i feel more hostile towards sarcoidosis than usual,3,anger,Mas nakakainis sa akin ang sarcoidosis ngayon kaysa dati.,0.871638298034668,96.51344680786133
i now feel more intelligent about my followers myself and how i use a href http twitter,1,joy,"Ngayon, mas matalino na ako tungkol sa aking mga tagasunod, sa aking sarili, at kung paano ko ginagamit ang Twitter.",0.8480052947998047,96.60797882080078
i had already gone on my morning run with gyp and was feeling fairly energetic,1,joy,Naglakad na ako ng umaga kasama si Gyp at nararamdaman kong medyo puno ng enerhiya.,0.8936105966567993,96.4255576133728
i dont read into traditions because i love them so much so to me when a stranger opens my door i dont feel offended or like he is trying to send a message to me and the rest of the world that i cant open it myself,3,anger,"Hindi ako nagbabasa ng kahulugan sa mga tradisyon dahil mahal ko sila nang sobra kaya para sa akin, kapag isang estranghero ang bumukas ng pinto ko, hindi ako nabighani o parang sinusubukan niyang ipaalam sa akin at sa buong mundo na hindi ko kaya itong buksan.",0.8768635988235474,96.49254560470581
i feel agitated do i know how to quickly calm and soothe myself,3,anger,"Nararamdaman kong kinakabahan, alam ko ba kung paano mabilis na mapakalma at mapawi ang aking pagkabalisa?",0.8941455483436584,96.42341780662537
i take a long sip and feel the cold sensation of the iced capp,3,anger,Inumin ko nang malalim at maramdaman ang malamig na pakiramdam ng iced capp.,0.8938132524490356,96.42474699020386
i feel i rock at than i am usually devastated,0,sadness,"Nararamdaman kong kaya kong gawin ang lahat, ngunit kadalasan ay nabibigo ako at nasasaktan.",0.8688733577728271,96.52450656890869
i am not really sure how this came about but ive been feeling a lot more compassionate and forgiving lately,2,love,"Hindi ko talaga sigurado kung paano ito nangyari, pero nararamdaman kong mas maawain at mapagpatawad ako kamakailan.",0.878899872303009,96.48440051078796
i feel really thrilled to learn,1,joy,Napakaganda ng pakiramdam na matuto.,0.9228956699371338,96.30841732025146
i allowed myself to feel the really shitty feelings while i was running because a the endorphins were flowing so it hurt less and b so i could pretend i was running away from them,0,sadness,Pinayagan ko ang aking sarili na maramdaman ang mga tunay na masamang pakiramdam habang tumatakbo dahil a ang endorphins ay dumadaloy kaya mas kaunti ang sakit at b upang mapaniwalaan kong tumatakbo ako palayo sa kanila.,0.8822382688522339,96.47104692459106
i often hear that i give a feeling like i m longer here and folks are surprised to hear that i m only years old hyphen,4,fear,Madalas kong naririnig na parang matagal na akong wala rito at nagugulat ang mga tao kapag nalaman nilang ako'y mga taon pa lamang.,0.9105596542358398,96.35776138305664
i dont want her to beg at my feet but a how are you courtney or a hows your new project coming courtney would give me some affirmation that i dont feel like a submissive slug,0,sadness,"Ayaw kong humingi siya sa aking mga paa, pero isang ""Kumusta ka, Courtney?"" o ""Kumusta na ang iyong bagong proyekto, Courtney?"" ay magbibigay sa akin ng katiyakan na hindi ako parang isang sumusunod na slug.",0.8556241393089294,96.57750344276428
i feel awful when reading someones emotional posts especially when i am was having mine,0,sadness,"Masakit sa puso kong basahin ang mga emosyonal na post ng iba, lalo na kapag ako rin ay nakakaranas ng aking sariling emosyon.",0.8701109290122986,96.5195562839508
i feel about the place and it is unfortunate when i feel it is out of sheer necessity that i have to stay away from home,0,sadness,"Nararamdaman ko ang tungkol sa lugar na ito, at malungkot ako kapag nararamdaman kong dahil sa pangangailangan lamang ako kailangang manatili malayo sa tahanan.",0.9011979103088379,96.39520835876465
im not writing this for people to be like oh i feel bad for you no because i dont want them to do that and dont expect them to do that,0,sadness,"Hindi ako sumusulat nito para sa mga tao na mag-isip na, ""Ay, awa naman sa kanya,"" dahil ayaw kong ganoon ang mangyari at hindi ko inaasahan na mangyari iyon.",0.8831356167793274,96.46745753288269
i dont know if i should feel dismayed or pleased that he tells me that they have just taken on new staff first time in years,0,sadness,Hindi ko alam kung dapat akong mag-alala o magalak na sinasabi niya na kumuha sila ng bagong kawani matapos ang maraming taon.,0.915888786315918,96.33644485473633
ive vented and cried and now im a little more calm and feeling less hostile,3,anger,"Na-release ko na ang aking galit at umiyak na rin ako, at ngayon ay medyo kalmado na ako at hindi na gaanong mapaghiganti.",0.8356302380561829,96.65747904777527
i do this if i allow myself to sit in this cycle today i will cause a nasty big blow up fight in public and i will feel humiliated and proven right that i am an unstable bad person,0,sadness,"Gagawin ko ito kung hahayaan kong makasakay ako sa siklong ito ngayon, magkakaroon ng malaking away sa publiko at mapapahiya ako, at mapapatunayan na ako ay isang hindi matatag at masamang tao.",0.9035645127296448,96.38574194908142
i had not yet gotten married and that coupled with the pressures of being a senior pastor coupled with the reality of my glaring inexperience made me feel quite stressed,3,anger,Hindi pa ako kasal at ang pagsasama nito sa mga presyur ng pagiging senior pastor kasama ang katotohanan ng aking malinaw na kakulangan sa karanasan ay nagpaparamdam sa akin ng malaking stress.,0.8526358604431152,96.58945655822754
i have an insane appreciation for simplicity and i feel so much compassionate again but still feel like i have that sarcastic sense of humor,2,love,"Mayroon akong malaking pagpapahalaga sa kahusayan at nararamdaman kong muling bumalik ang aking pagkaawa, ngunit nananatili pa rin ang aking mapanirang katatawanan.",0.8535751104354858,96.58569955825806
i feel soooo impatient,3,anger,Napakasabik-sabik ko na.,0.8093017339706421,96.76279306411743
i could leave spitak and come back after two years to the same town the same neighbors the same school children shouting my name and feel welcomed,1,joy,"Maaari akong umalis sa Spitak at bumalik pagkatapos ng dalawang taon sa parehong bayan, parehong kapitbahay, parehong mga batang nag-aaral na tatawag ng aking pangalan at maramdaman ang pagtanggap.",0.9057971239089966,96.37681150436401
i feel like she was bitter towards people who were in upper class just because they were in upper class,3,anger,Nararamdaman kong siya ay mapait sa mga taong nasa mataas na uri dahil lamang sa kanilang katayuan sa lipunan.,0.8925214409828186,96.42991423606873
i know at least one other person besides myself was feeling nervous and anxious about getting started,4,fear,"Alam kong hindi ako nag-iisa, may isa pang tao na kasama ko na nakaramdam ng kaba at pag-aalala sa pagsisimula.",0.8780300617218018,96.4878797531128
i might start feeling nervous tomorrow but im not sure,4,fear,Baka magsimulang ma-nervous ako bukas pero hindi ko sigurado.,0.8559343814849854,96.57626247406006
i wasnt feeling so ashamed that i spent a whole lotta time and precious energy doing this mind you,0,sadness,"Hindi ako gaanong nahihiya na ginugol ko ang maraming oras at mahalagang enerhiya sa paggawa nito, tandaan mo.",0.8689213991165161,96.52431440353394
i did feel scared now,4,fear,Natatakot na ako ngayon.,0.9382252097129822,96.24709916114807
i still think it is worth posting here as a reminder for the next time i feel anxious,4,fear,Naniniwala pa rin ako na sulit itong i-post dito bilang paalala para sa susunod kong maramdaman ang pag-aalala.,0.8450615406036377,96.61975383758545
ive also made it with both sugar measurements but i feel like cup is just too sweet for me,1,joy,"Ginawa ko rin ito gamit ang parehong sukat ng asukal, pero parang masyadong matamis para sa akin ang isang tasa.",0.9228914976119995,96.308434009552
i remember feeling outraged to my core when i read a particularly heinous series of articles in the friday times where else if not this paper,3,anger,"Naalala kong nagalit ako nang husto nang basahin ko ang isang lantarang serye ng mga artikulo sa Friday Times, saan pa kaya kung hindi sa papel na ito.",0.885589599609375,96.4576416015625
im desperately trying to stay away from black so i really am feeling proud whenever i put together a colourful outfit,1,joy,Nagsisikap akong umiwas sa kulay itim kaya talagang nagagalak ako kapag nagsusuot ako ng makulay na damit.,0.904674768447876,96.3813009262085
i am able to write a full letter in insular minuscule and i will probably never have the skill of xviith century writing masters such as maria strick or jan van den velde but i feel that learning a craft is a worthwhile effort in and for itself,1,joy,"Kaya kong sumulat ng isang buong liham gamit ang insular minuscule at marahil ay hindi ko kailanman makamit ang kasanayan ng mga dalubhasa sa pagsulat noong ika-17 siglo tulad nina Maria Strick o Jan van den Velde, ngunit nararamdaman kong ang pag-aaral ng isang sining ay isang nagkakahalagang pagsisikap sa sarili nito.",0.8676804304122925,96.52927827835083
i could have possibly forgotten that would make me feel as idiotic as last years whole forgot to pack shirts thing did,0,sadness,"Maaaring nakalimutan ko iyon, at magpapalala sa akin ng kahihiyan gaya ng nangyari noong nakaraang taon nang nakalimutan kong dalhin ang mga damit.",0.8715179562568665,96.51392817497253
i cant help but wince as i do that feeling an unpleasant tightness in my back and a dull ache in my head since ive opted for resting it against the wall behind me,0,sadness,"Hindi ko mapigilan ang mahawak ang aking pisngi habang ginagawa iyon, nararamdaman ang hindi kanais-nais na paghigpit sa aking likod at isang mahinang sakit sa ulo dahil pinili kong pahingain ito sa dingding sa likuran ko.",0.9023526906967163,96.39058923721313
i feel really pumped and also am eager to try hiit high intensity interval training thanks to my new friend sarah,1,joy,"Nararamdaman kong sobrang excited at gustong-gusto ko nang subukan ang HIIT, high intensity interval training, dahil kay Sarah, ang aking bagong kaibigan.",0.850094735622406,96.59962105751038
i was truly just standing there staring out the window feeling so incredibly melancholy that i was on the verge of tears,0,sadness,"Nakatayo lamang ako roon, nakatingin sa labas ng bintana, na lubos na nalulumbay na halos umiyak na ako.",0.8912659883499146,96.43493604660034
i will look better and better to him in time and he will feel stupid,0,sadness,Magiging mas maganda at maganda ako sa kanyang paningin sa paglipas ng panahon at siya ay mararamdaman ang kahihiyan.,0.9260486364364624,96.29580545425415
i feel like a tortured artist when i talk to her,4,fear,Parang isang nagdurusa artist ako kapag nakikipag-usap ako sa kanya.,0.897692859172821,96.40922856330872
i possibly feel foolish for,0,sadness,Maaaring maramdaman kong hangal para sa,0.8291143178939819,96.68354272842407
i feel like if i train smart and take it easy i will be back to my former self in no time,1,joy,"Nararamdaman kong kung matalino akong mag-eensayo at magpahinga nang sapat, mababalik ako sa dati kong anyo agad.",0.9094715714454651,96.36211371421814
when i first heard i like you from my boyfriend,1,joy,"Nang una kong marinig ang ""I Like You"" mula sa aking boyfriend.",0.8138315677642822,96.74467372894287
i found the art at the other side of all i feel very impressed with my work,4,fear,"Natagpuan ko ang sining sa kabilang panig ng lahat ng nararamdaman ko, at lubos akong naimpluwensiyahan ng aking gawa.",0.9275720715522766,96.2897117137909
i really feel shamed,0,sadness,Talagang nahihiya ako.,0.883245050907135,96.46701979637146
i feel that i really need to let her know that i am still thinking of her and caring for her intense or not why not keep calling plus there is sms and im like any relationship communication is the key to keeping it alive best wishes,2,love,"Nararamdaman kong kailangan kong ipaalam sa kanya na iniisip ko pa rin siya at nag-aalala, kahit hindi na intense, bakit hindi magpatuloy sa pagtawag at mayroon pa namang SMS, gaya ng sinasabi nila sa anumang relasyon, ang komunikasyon ang susi para mapanatili itong buhay. Sana'y maganda ang lahat.",0.8601694107055664,96.55932235717773
i am sitting here today feeling just miserable,0,sadness,"Nakaupo ako rito ngayon, pakiramdam ko'y lubos na nalulungkot.",0.8834664225578308,96.46613430976868
i don t really feel that that will happen in my lifetime but still working in publishing i know that it s coming so i should be supporting bookstores,2,love,"Hindi ko talaga nararamdaman na mangyayari iyon sa aking buhay ngunit dahil nagtatrabaho ako sa paglalathala, alam kong darating iyon kaya dapat akong sumusuporta sa mga bookstore.",0.8916765451431274,96.43329381942749
i feel more useful to g this way,1,joy,Mas nararamdaman kong kapaki-pakinabang ang ganitong paraan.,0.8665319681167603,96.53387212753296
im home alone with my son and im feeling sad,0,sadness,Nag-iisa ako sa bahay kasama ang aking anak at malungkot ako.,0.9499112963676453,96.20035481452942
i feel why i am not strong enough to let their negative thoughts and feeling not effect me,1,joy,Naiintindihan ko kung bakit hindi ako sapat na malakas upang hindi sila makaapekto sa akin gamit ang kanilang negatibong mga iniisip at damdamin.,0.9142667651176453,96.34293293952942
i still feel so irritable every day,3,anger,Parati akong nararamdaman ang pagkabalisa araw-araw.,0.8580539226531982,96.5677843093872
i feel you i dont believ in you but i keep my faithful to you god gives me a chance to feel what is apathetic after it but much apathetic open up my mind that i can hide this feeling for you i know youre playing with me you show off your love like and maybe after it youll be gone will it happens,1,joy,"Nararamdaman kita, hindi kita pinapaniwalaan ngunit nananatili akong tapat sa iyo. Binibigay ng Diyos sa akin ang pagkakataong maramdaman ang apatiya pagkatapos nito ngunit mas malalim ang apatiya, binubuksan ang aking isipan na kaya kong itago ang damdaming ito para sa iyo. Alam kong naglalaro ka sa akin, ipinakikita mo ang iyong pag-ibig na parang at baka pagkatapos nito ay mawawala ka na. Mangyayari kaya ito?",0.883642315864563,96.46543073654175
i like to be comfortable and usually silence helps although at times i absolutely need music and a couple of hours off just so that i don t feel rushed,3,anger,"Gustung-gusto kong maging komportable at karaniwan ay tumutulong ang katahimikan, bagama't minsan ay lubos kong kailangan ang musika at ilang oras ng pahinga upang hindi ako makaramdam ng pagmamadali.",0.8890335559844971,96.44386577606201
i honestly feel a bit pressured she just made a post on a photo stating she wanted to have giant beers soon and i dont even know what to say,4,fear,"Tutal, medyo nabibigatan ako, eh, kanina lang nag-post siya sa isang larawan na gusto niyang uminom ng malalaking beer soon at hindi ko alam kung ano ang sasabihin.",0.842294454574585,96.63082218170166
i no longer had hard feelings for and very luckily and unexpectedly met this sweet and interesting girl on tumblr who is an aiw fan but she also runs a wonderful alice in wonderland blog called she still haunts me phantomwise,1,joy,"Wala na akong sama ng loob at sa sobrang swerte at hindi inaasahan, nakilala ko sa Tumblr ang isang matamis at nakakaganyak na babae na isang AIW fan ngunit siya rin ang nagmamay-ari ng isang kahanga-hangang blog tungkol kay Alice in Wonderland na pinamagatang ""She Still Haunts Me Phantomwise.""",0.8446270227432251,96.6214919090271
i feel like life is very delicate,2,love,Parang napakababae ng buhay.,0.9228230714797974,96.30870771408081
i might add that i feel dismayed whenever i see christians posting links to such apologetic drivel as my online friend did because it only acts as a disclaimer which boldly advertises their own stupendous ignorance and incredulity,0,sadness,"Maaaring idagdag ko na nababahala ako tuwing nakikita kong nagpo-post ng mga link sa ganitong uri ng paliwanag ang mga Kristiyano, gaya ng ginawa ng aking kaibigan online, dahil ito'y parang pagtanggi na malakas na ipinakikita ang kanilang malaking kawalan ng kaalaman at hindi pagtitiwala.",0.8491108417510986,96.6035566329956
i know there sad to read but it lets other women who feel alone about it,0,sadness,"Alam kong malungkot basahin, pero ito ay nagbibigay pag-asa sa ibang kababaihan na nakaramdam ng pag-iisa tungkol dito.",0.9311836957931519,96.27526521682739
i feel like someone is being judged harshly not accepted or asked to be something they are not,2,love,"Nararamdaman kong may isang tao ang pinagmumura nang husto, hindi tinatanggap, o pinipilit na maging kung ano siya hindi.",0.872718334197998,96.50912666320801
i feel in my bones like nobody cares if im here nobody cares if im gone here i am again saying im feeling so lonely people either say its ok to be alone or just go home it kills me and i dont know why it doesnt mean i dont try i try and try but people just treat me like im a ghost,0,sadness,"Nararamdaman ko sa aking mga buto na parang walang pakialam kung nandito ako, walang pakialam kung aalis ako. Muli akong nagsasabi na sobrang nag-iisa ako. Ang mga tao ay nagsasabi na okay lang mag-isa o umuwi na lang, pero ito ay nakakapatay sa akin at hindi ko alam kung bakit. Hindi ibig sabihin na hindi ako nagsisikap, sinusubukan ko at sinusubukan ko, pero parang multo lang ako sa kanila.",0.9019342660903931,96.39226293563843
i absolutely cannot wait for september th to roll around i feel calm i suppose in my waiting,1,joy,"Hindi ko talaga mapigilan ang aking paghihintay para sa ika-13 ng Setyembre, parang kalmado ako sa aking pag-aabang.",0.8800278902053833,96.47988843917847
im feeling mellow this morning after last nights debacle that saw me totally losing it with josh,1,joy,Nararamdaman kong mellow ngayong umaga matapos ang kaguluhan kagabi kung saan halos mawalan na ako ng kontrol kay Josh.,0.839745283126831,96.64101886749268
i feel outraged about this type of thing,3,anger,Nagagalit ako sa ganitong uri ng bagay.,0.8865439295768738,96.4538242816925
i wasnt feeling that playful or that drunk,1,joy,Hindi ako gaanong masaya o hindi gaanong lasing.,0.9003258347511292,96.39869666099548
i feel almost outraged that such a crap day should fall on my most favourite of days,3,anger,Nararamdaman kong halos magalit na ang ganitong araw na puno ng kalokohan ay mahulog sa aking pinakapaboritong araw.,0.8449293971061707,96.62028241157532
i was feeling nostalgic about those days where i officially belonged to this city after getting married to shubhi in feb,2,love,Naalala ko ang mga araw na iyon kung saan opisyal akong kabilang sa lungsod na ito matapos ikasal kay Shubhi noong Pebrero.,0.8979194760322571,96.40832209587097
i also feel sometimes that ive missed out on things because of the amount of times ive had to leave somewhere early to take someone home,0,sadness,Minsan din nararamdaman kong na-miss ko ang mga bagay dahil sa madalas kong umalis nang maaga para dalhin ang isang tao pauwi.,0.8549872636795044,96.58005094528198
i can imagine someone feeling jealous lonely or scared,3,anger,"Maimagine ko ang isang tao na nakakaramdam ng inggit, kalungkutan, o takot.",0.8622692823410034,96.55092287063599
i feel oddly reassured to hear you say that,1,joy,Nakakagaan ng loob na marinig kitang sabihin iyon.,0.8648372888565063,96.54065084457397
i feel like they are dirty all,0,sadness,Parang marumi sila lahat.,0.9324122667312622,96.27035093307495
i feel like we had a wonderful summer and know now that school has started the year will fly by,1,joy,"Nararamdaman kong maganda ang aming tag-araw at alam kong dahil nagsimula na ang pasukan, mabilis ding lumilipas ang taon.",0.8804604411125183,96.47815823554993
i feel like i missed out on so much during juliannas first two years while i was working full time but we are making up for lost time now,0,sadness,"Parang maraming nawala ako noong unang dalawang taon ni Julianna habang nagtatrabaho ako nang buo, pero ngayon, nagbabayad na kami ng utang na loob sa nawalang panahon.",0.9320847392082214,96.27166104316711
i am really thankful to her to get this opportunity and feeling very honoured today,1,joy,Tunay akong nagpapasalamat sa kanya sa pagkakataong ito at nararamdaman ang malaking karangalan ngayon.,0.8942360281944275,96.42305588722229
i hate seeing those red windows even more as what i feel inside resonates with the cold uncaring world i know exists behind them making me even more aware of this pain inside of me,3,anger,"Ayaw kong makita ang mga pulang bintana lalo na dahil ang nararamdaman ko sa loob ay tumutugma sa malamig at walang pakialam na mundo na alam kong umiiral sa likod nila, na ginagawa akong mas nakakaramdam ng sakit na ito sa loob ko.",0.8793085813522339,96.48276567459106
i feel like he is snobbish snooty gauche a drunk and offensive,3,anger,"Parang mayabang, mapagmataas, bastos, lasing, at nakakasakit siya.",0.9127389788627625,96.34904408454895
i continue to cruise along the expressway feeling shitty,0,sadness,Patuloy akong nagmamaneho sa expressway habang nararamdaman ang pagkabigo.,0.8047080039978027,96.78116798400879
i need to eat bread for breakfast and constantly feel the need to snack or munch on something sweet or savory by pm,2,love,Kailangan kong kumain ng tinapay para sa almusal at lagi akong nakakaramdam ng pangangailangan na meryenda o kumain ng matamis o maalat ng hapon.,0.9306214451789856,96.27751421928406
im starting to feel more sociable again i actually feel like going out and seeing friends rather than crying off because im feeling like a twisted knotted ball of pain,1,joy,"Nagsisimula na akong makaramdam ng pagiging sosyal muli, parang gusto ko nang lumabas at makita ang mga kaibigan kaysa mag-excuse dahil parang isang nababaluktot at nakakabit na bola ng sakit ako.",0.886134147644043,96.45546340942383
i feeling im look a like those innocent lame hunting group old dirty hyena so not have any hope and ways to be free of dead,1,joy,"Nararamdaman kong parang isa akong katulad ng mga walang-awang, walang-hiya, at maruruming hayop na tulad ng mga aso na naghahanap ng biktima, kaya wala akong pag-asa at paraan upang makalaya sa kamatayan.",0.9373005032539368,96.25079798698425
i feel very helpless and even useless,0,sadness,Nararamdaman kong lubhang walang magawa at kahit walang silbi.,0.8824193477630615,96.47032260894775
i feel this way about all relationships romantic platonic and friend zoned friends that dissolve,2,love,"Nararamdaman ko ang ganitong pakiramdam sa lahat ng relasyon, maging ito man ay romantiko, platoniko, o mga kaibigan na naging ""friend-zoned"" at sa mga pagkakaibigan na nawala.",0.8744839429855347,96.50206422805786
i was actual acceptable at compassionate others but i still didnt feel accepted by them,2,love,Talagang kaya kong tanggapin at maunawaan ang iba ngunit hindi pa rin ako nararamdaman na tinatanggap nila ako.,0.8838281631469727,96.46468734741211
i always feel a little weird writing about a guy ive dated because i dont want to do them an injustice or have them come across in a negative way,4,fear,Lagi akong nakakaramdam ng kakaiba kapag sumusulat tungkol sa isang lalaki na nakasama ko dahil ayaw kong makasakit ng damdamin o magmukhang negatibo ang kanilang pagkatao.,0.843849778175354,96.62460088729858
i touch your skin feeling the cool glass within an image a mere reflection of loneliness alone with myself,1,joy,"hinahaplos ko ang iyong balat, nararamdaman ang malamig na salamin sa loob ng isang larawan, isang simpleng repleksiyon ng kalungkutan, nag-iisa ako sa aking sarili.",0.9194406867027283,96.32223725318909
i think its fair to say that in this life we all want to feel sincere connections with other people to experience bonding through similar beliefs or experiences to have true synchronicity with the people in our lives,1,joy,"Sa tingin ko patas na sabihin na sa buhay na ito, lahat tayo ay gustong maramdaman ang tunay na koneksyon sa ibang tao, upang makaranas ng pagkakaisa sa pamamagitan ng mga katulad na paniniwala o karanasan, at magkaroon ng tunay na pagtutugma sa mga taong nasa ating buhay.",0.9099763631820679,96.36009454727173
i feel happy lite and very grateful,1,joy,"Masaya, liwanag, at lubos na nagpapasalamat ako.",0.9006430506706238,96.3974277973175
i think she will have the luxury of looking back at her fashion moments and feel proud,1,joy,"Akala ko, magkakaroon siya ng pagkakataong pagmasdan ang kanyang mga sandali sa fashion at makaramdam ng pagmamalaki.",0.929267406463623,96.28293037414551
i reali feel glad,1,joy,Tunay akong masaya.,0.8117116093635559,96.75315356254578
i honestly loved this place and felt pretty comfortable here but after this i don t really know how to feel the school has taken action to help me get through this unfortunate situation which i am really happy about because i wasn t expecting any support,0,sadness,"Tapat kong sinabi, minahal ko itong lugar at naramdaman kong komportable dito ngunit pagkatapos nito, hindi ko alam kung paano maramdaman. Ang paaralan ay kumilos upang matulungan akong harapin ang hindi kanais-nais na sitwasyon na ito, at lubos akong nagpapasalamat dahil hindi ko inaasahan ang anumang suporta.",0.9170886278152466,96.33164548873901
im feeling fine just a bit nauseous and extremely tired but to be expected in the first trimester,1,joy,"Mabuti naman ang pakiramdam ko, medyo nauuhaw at sobrang pagod pero inaasahan naman sa unang trimester.",0.8697034120559692,96.52118635177612
i am afrade for his life as some people feel quite hostile towards him,3,anger,Natatakot ako para sa kanyang buhay dahil may mga tao na tila nagagalit sa kanya.,0.9206631779670715,96.31734728813171
i cant stop talking even though im already feel weird uncomfortable feeling swarming me but still my mouth keeps saying unnecessary word,4,fear,"Hindi ako maawat sa pagsasalita kahit na nararamdaman ko nang kakaiba at hindi komportable ang pakiramdam na sumasabog sa akin, ngunit ang bibig ko'y patuloy pa ring nagsasalita ng mga walang saysay na salita.",0.9143941402435303,96.34242343902588
i almost feel greedy with my rd child when so many people i know are working so hard for or,3,anger,halos makaramdam ako ng kasakiman sa aking ikalawang anak habang marami sa aking kakilala ay nagsisikap nang husto para sa kanilang mga anak.,0.8656361103057861,96.53745555877686
i still feel very amorous,2,love,Nararamdaman ko pa rin ang malakas na pag-ibig.,0.8980592489242554,96.40776300430298
i feel like i just need to rejuvenate myself catch up on some blog posts some work on my etsy shop and catch up on a few tv shows i missed this week,0,sadness,"Parang kailangan ko lang magpahinga, abangan ang ilang blog posts, magtrabaho sa aking Etsy shop, at mapanood ang ilang palabas sa telebisyon na hindi ko nakita ngayong linggo.",0.8635202646255493,96.5459189414978
im feeling at the moment i imagine therell be something vigorous and active too,1,joy,Nararamdaman ko ngayon na sa palagay ko magkakaroon din ng isang bagay na masigla at aktibo.,0.9238747954368591,96.30450081825256
i would have liked but if i would have had people to run with i feel like i could have run a low,0,sadness,"Gusto ko sana, pero kung may kasama akong tumakbo, pakiramdam ko kaya kong tumakbo ng mabilis.",0.9091178178787231,96.36352872848511
i think you only ask for help to make me feel useful and help me gain some perspective,1,joy,"Akala ko, humihingi ka lang ng tulong para maramdaman kong may silbi ako at makuha ko ang ilang pananaw.",0.8608261346817017,96.5566954612732
i feel so lucky to be his wife and hope that i have the opportunity to remind him every day,1,joy,Nararamdaman kong sobrang swerte kong maging asawa niya at sana'y may pagkakataon akong ipaalala sa kanya araw-araw.,0.8681347966194153,96.52746081352234
i was meant to feel sympathy for her but i have little sympathy for those determined to be victims and wallow in their own pain while blaming and punishing others for their state of being,1,joy,"Dapat sana ay magkaroon ako ng awa sa kanya, ngunit kakaunti ang aking awa para sa mga determinado na maging biktima at manatili sa kanilang sariling sakit habang sisihin at parurusahan ang iba para sa kanilang kalagayan.",0.9282115697860718,96.28715372085571
i feel weird tonight,4,fear,Hindi ako mapakali ngayong gabi.,0.9301528930664062,96.27938842773438
i feel like we re not a moonlighting type of show where all the tension is resolved at the end,1,joy,Parang hindi tayo katulad ng palabas na moonlighting kung saan lahat ng tensyon ay nalulutas sa huli.,0.8750882148742676,96.49964714050293
i work in a neighborhood school i do not feel respected or supported,1,joy,"Nagtatrabaho ako sa isang paaralan sa baryo, ngunit hindi ako nararamdaman na nirerespeto o sinusuportahan.",0.9145987629890442,96.34160494804382
i feel a strange sensation course through my limbs,4,fear,Nararamdaman kong may kakaibang pakiramdam na dumadaloy sa aking mga limbs.,0.8958435654640198,96.41662573814392
i get i will drill into the subjects soul with an icy stare until it feels as disturbed as i do and leaves,0,sadness,Tutunaw ko ang kaluluwa ng paksa gamit ang malamig kong tingin hanggang sa maramdaman nito ang aking pagkabalisa at umalis.,0.8742659687995911,96.50293612480164
i am feeling devastated the inner voice within me thats what i name it speaks,0,sadness,"Nasasaktan ako, ang tinig sa loob ko, iyon ang tawag ko rito, ay nagsasalita.",0.8966594934463501,96.4133620262146
i feel so fond of my friends,2,love,Napakagusto ko ng aking mga kaibigan.,0.881659984588623,96.47336006164551
i do feel though that its pretty dangerous to try to apply only one strategy to a match,3,anger,Nararamdaman ko nga na medyo mapanganib subukan lamang ang isang diskarte sa isang laro.,0.8384118676185608,96.64635252952576
i can really truly only say that i feel that i am passionate about teaching,1,joy,Tunay kong masasabi na ako ay may malalim na pagmamahal sa pagtuturo.,0.818023681640625,96.7279052734375
i feel their taste of desserts are not sweet and suits many customers now,2,love,Nararamdaman kong ang lasa ng kanilang mga dessert ay hindi matamis at hindi nababagay sa maraming customer ngayon.,0.9249735474586487,96.3001058101654
i started feeling like i was being paranoid since it kept happening,4,fear,Nagsimula akong makaramdam ng pagiging paranoiac dahil paulit-ulit itong nangyayari.,0.8467457294464111,96.61301708221436
i have the same feelings toward the word passionate,2,love,"Mayroon akong parehong damdamin tungkol sa salitang ""passionate.""",0.8575284481048584,96.56988620758057
i do not like exposing myself because i end up feeling vulnerable,4,fear,Ayaw kong ipakita ang sarili ko dahil natututo akong maging mahina.,0.8638908267021179,96.54443669319153
i love my increased intense feeling of connection to the divine,1,joy,Mahal ko ang aking nadagdagang matinding damdamin ng koneksyon sa Diyos.,0.8594688773155212,96.56212449073792
i didnt feel like i missed anything at all,0,sadness,Hindi ko naramdaman na kulang ako ng kahit ano man.,0.8901280164718628,96.43948793411255
i feel like a vile traitor even saying such a thing but its the truth,3,anger,"Parang isang masamang traydor ako kahit sasabihin ko ito, pero totoo naman.",0.8846766948699951,96.46129322052002
i do feel bad because im pretty sure im not going to be able to get the other done before we leave for vacation,0,sadness,Nakakabagabag sa akin dahil sigurado akong hindi ko matatapos ang iba bago kami umalis para sa bakasyon.,0.8755314350128174,96.49787425994873
im sure ive got it right and my state of unencumberedness despite many years of feeling like i couldnt keep up anybody else is causing me to see my life as charmed,1,joy,Sigurado akong tama ako at ang aking kalagayan ng kalayaan kahit na maraming taon akong naramdaman na hindi ako makakahabol sa iba ay nagiging dahilan upang makita ko ang aking buhay bilang binasbasan.,0.9112765789031982,96.3548936843872
i am and feeling total love and acceptance for my body in the moment is just as important as experiencing the exhilaration of a new experience,1,joy,Ang pagmamahal at pagtanggap sa aking katawan sa kasalukuyan ay kasinghalaga ng pagdanas ng kagalakan sa isang bagong karanasan.,0.8983307480812073,96.40667700767517
im sorry if ive made any of you feel unimportant,0,sadness,Pasensya na kung nagpaparamdam akong hindi mahalaga ang inyong nararamdaman.,0.8822368383407593,96.47105264663696
i had to choose the sleek and smoother feel of the sweet revenge made drawing and handling the blaster a bit nicer,1,joy,Kailangan kong piliin ang makinis at mas makinis na pakiramdam ng sweet revenge kaya mas naging maganda ang pagguhit at paghawak ng blaster.,0.9071559906005859,96.37137603759766
i bring you opis im feeling sashy a gorgeous cool toned grey purple lavander creme,1,joy,"Dinala ko ang opis, nararamdaman kong sashy, isang magandang kulay-abo-lilang-puti na may kulay-rosas na kulay-krem.",0.8963510394096375,96.41459584236145
i feel im not sure if ill do this again or not,1,joy,Hindi ko sigurado kung gagawin ko ito muli o hindi.,0.8634315729141235,96.5462737083435
i love that they feel so comfortable with their friend,1,joy,Mahal ko na kaya sila'y nakakaramdam ng ganoong komportable kasama ang kanilang kaibigan.,0.8573921918869019,96.57043123245239
im feeling dangerously truthful,1,joy,Nararamdaman kong mapanganib na totoo.,0.8750033378601074,96.49998664855957
i feel ashamed to tell somebody that,0,sadness,Nakakahiya sa akin sabihin sa iba na.,0.8989681005477905,96.40412759780884
i tried but i failed to put much efforts therefore i feel myself getting punished for not able to see my idol i should be i used to watch all of his b amp w movies made during my mothers generation but still i liked him his mesmerism style music his zest for life,0,sadness,"Sinubukan ko ngunit nabigo akong maglaan ng sapat na pagsisikap kaya nararamdaman kong pinarusahan ako dahil hindi ko nakita ang aking idolo. Dapat sana ay nakita ko siya. Dati, pinapanood ko lahat ng kanyang mga pelikula, itim at puti man, noong panahon ng aking ina ngunit pati na rin noon ay gusto ko siya, ang kanyang nakakahimok na istilo ng musika, at ang kanyang sigla sa buhay.",0.9215786457061768,96.3136854171753
i am a christian and appreciate the points but i do feel it would be rejected by those who do not believe,0,sadness,Ako ay isang Kristiyano at pinahahalagahan ang mga punto ngunit nararamdaman kong tatanggihan ito ng mga hindi naniniwala.,0.8995634913444519,96.40174603462219
i feel like i am abandoning him in a way but he is so supportive of the move,2,love,"Parang iniwan ko siya sa isang paraan, pero sobrang sumusuporta siya sa paglipat ko.",0.8997770547866821,96.40089178085327
im so afraid that im bipolar because that feels too much like being like that kids i hated in th grade the kids who nearly drove me to suicide for the first time in my life,0,sadness,"Napakasindak ko na baka bipolar ako dahil parang masyadong katulad iyon sa mga bata noong elementarya na kinamumuhian ko, ang mga bata na halos ipasuicide ako noong unang beses sa buhay ko.",0.8388930559158325,96.64442777633667
i feel like i ve always been jaded towards the classic movies but then when i actually sit down to watch them casablanca the great escape etc,0,sadness,"Parang lagi akong nababagabag sa mga klasiko ngunit nang talagang maupo at panoorin sila, tulad ng Casablanca at The Great Escape,",0.8735222816467285,96.50591087341309
i took it i remember feeling extremely agitated,3,anger,"Kinuha ko iyon, at matatandaan kong sobrang kinabahan ako.",0.8781040906906128,96.48758363723755
ive been here for the last two or three months and yes i am playing with vinnie kompany but the other guys are good joleon kolo toure and they can also play well but im feeling good,1,joy,"Narito ako sa nakalipas na dalawang o tatlong buwan at oo, naglalaro ako kasama si Vinnie Kompany, pero ang ibang mga kasama ko rin ay magaling, gaya ni Joleon Lescott at Toure, at sila rin ay mahusay maglaro, pero ako ay nakakaramdam ng maganda.",0.8704346418380737,96.5182614326477
i always love working with different designers for the first time especially when i feel they are talented innovative and fun,1,joy,"Lagi akong nasisiyahan sa pagtatrabaho kasama ang iba't ibang designer sa unang pagkakataon, lalo na kapag nararamdaman kong may talento, mapag-imbento, at masaya sila.",0.910727858543396,96.35708856582642
i did not feel dangerous enough to get in,3,anger,Hindi ako nakaramdam na sapat na mapanganib para pumasok.,0.8742825388908386,96.50286984443665
i was feeling pretty carefree and happy my only worry was gosh,1,joy,"Masaya at walang iniisip maliban sa ""ay naku"" ang nararamdaman ko noon.",0.8979545831680298,96.40818166732788
i feel like going out with friends and having some wonderfully innocent youthful fun with,1,joy,Gusto kong lumabas kasama ang mga kaibigan at magkaroon ng masayang at walang-kasalanang kabataan.,0.8931114673614502,96.4275541305542
ive done all my usual workouts and so i feel confident that i worked hard on that front,1,joy,Ginawa ko na ang lahat ng aking karaniwang ehersisyo kaya nararamdaman kong nagsikap ako nang husto doon.,0.8908027410507202,96.43678903579712
i knew i was just feeling unsure amp scared and so i let it overpower me and i gave in to those feelings and gave up,4,fear,Alam kong hindi ko lang sigurado at natatakot kaya pinahintulutan kong maghari ang mga iyon at sumuko na ako sa mga nararamdaman ko.,0.8866016864776611,96.45359325408936
i feel none of that and because i am a hopeless romantic shrouded in reality i know for a fact that this person is not me,0,sadness,"Hindi ko nararamdaman ang mga iyon at dahil ako'y isang walang pag-asa ngunit romantikong kaluluwa na nakabaluti sa katotohanan, alam kong tiyak na hindi ito ako.",0.8584012985229492,96.5663948059082
i always feel horny when im done but its definitely a large flaccid and my penis is sleepy and hangs low,2,love,Lagi akong nakakaramdam ng pagnanasa pagkatapos ngunit tiyak na malaki at walang ereksiyon ang aking ari at parang pagod at nakababa ito.,0.8895688652992249,96.4417245388031
i dont really miss the sleepless colic crying newborn stage though i am feeling a little sentimental,0,sadness,"Hindi ko talaga nami-miss ang walang tulog na yugto ng pag-iyak dahil sa colic ng sanggol, bagama't medyo ma sentimental ako ngayon.",0.8645463585853577,96.54181456565857
i made this i felt some relief from the fear and anxiety but i started feeling pissed again with a whole new set of memories,3,anger,"Ginawa ko ito, naramdaman ko ang kaunting ginhawa mula sa takot at pag-aalala, ngunit nagsimulang magalit ako muli kasama ang isang bagong hanay ng mga alaala.",0.8800087571144104,96.47996497154236
i can t imagine any reader feels lethargic calm and content after reading it,0,sadness,Hindi ko maisip na may mambabasa man lang ang mararamdaman ang pagod na katahimikan at kasiyahan pagkatapos basahin ito.,0.8729739785194397,96.50810408592224
i feel peaceful and not particularly stressed about anything,1,joy,Nararamdaman kong mapayapa at hindi lalong nababahala sa anumang bagay.,0.9138521552085876,96.34459137916565
i feel like i m too mellow in my regular life so i have no use for drugs that make me feel even more mellow,1,joy,Nararamdaman kong masyadong mellow ang aking pang-araw-araw na buhay kaya wala akong kailangan sa mga gamot na magpapalala pa ng mellow ko.,0.8068821430206299,96.77247142791748
im feeling pretty guilty for not even being in the library whilst writing this so imma get my stuff together and dramatically exclaim,0,sadness,Nararamdaman kong medyo may sala ako dahil hindi man lang ako nasa aklatan habang isinusulat ito kaya aayusin ko na ang mga gamit ko at magpapahayag nang may drama.,0.84475177526474,96.62099289894104
i feel as though im the most hated kid in school the biggest bitch and other times i just feel popular and loved by everyone,0,sadness,"Parang ako ang pinaka-kinamumuhian na bata sa paaralan, ang pinakamalaking babae, at minsan parang sikat at minamahal ng lahat.",0.8970862627029419,96.41165494918823
i just feel so heartbroken out of loneliness,0,sadness,Napakasakit ng pakiramdam dahil sa kalungkutan.,0.9001486897468567,96.39940524101257
i remembered that i gave my day to the holy spirit and filled with his grace how could i feel disturbed with this situation,0,sadness,"Naalala ko na ibinigay ko ang aking araw sa Banal na Espiritu at puno ng kanyang biyaya, paano kaya ako magiging nababagabag sa ganitong sitwasyon?",0.9144905805587769,96.34203767776489
i post this today partly because it s how today is and partly because i sometimes worry that my reputation for positivity might make people feel that my message is you should be happy all the time,1,joy,Ini-post ko ito ngayon dahil ganito ang araw na ito at dahil minsan ako'y nag-aalala na ang aking reputasyon para sa positibo ay maaaring magpakitang ang aking mensahe ay dapat kang maging masaya lagi.,0.865192174911499,96.539231300354
i have to tell you that i feel insulted,3,anger,Kailangan kong sabihin sa iyo na nararamdaman kong nasasaktan ang aking damdamin.,0.8534668684005737,96.5861325263977
i feel precious little pressure to fill them with content with giving them answers that they can regurgitate at will,1,joy,Nararamdaman kong kakaunti ang presyur na punuin sila ng nilalaman o bigyan sila ng mga sagot na maaring ibalik nila basta-basta.,0.8646396994590759,96.5414412021637
i feel sure he is headed north,1,joy,Sigurado akong patungo siya sa hilaga.,0.8223330974578857,96.71066761016846
i alive i feel so defeated with this issue,0,sadness,"Buhay ako, ngunit nararamdaman kong lubos na natatalo sa isyung ito.",0.9098157286643982,96.36073708534241
i feel horrible they wrote again and again personifying an act they were not the cause of it was their progeny who should be genuflecting at her the wronged woman s feet,0,sadness,"Napakasakit, paulit-ulit nilang isinulat na parang sila ang may sala, samantalang hindi sila ang dahilan. Dapat pala ang kanilang anak ang humingi ng tawad sa babaeng nasaktan.",0.8622605800628662,96.55095767974854
i have been neglecting the feeling of people around me i was stubborn,3,anger,"Nagpapabaya ako sa nararamdaman ng mga tao sa paligid ko, matigas ang ulo ko.",0.8644980788230896,96.54200768470764
i feel like i only get mad if i think someones doing something thats really unjust,3,anger,Nararamdaman kong nagagalit lamang ako kapag iniisip kong ginagawa ng isang tao ang isang bagay na lubos na hindi patas.,0.8866321444511414,96.45347142219543
i feel completely stupid for not knowing any of this,0,sadness,Nararamdaman kong lubos na tanga dahil hindi ko alam ang lahat ng ito.,0.8704040050506592,96.51838397979736
i have not read any of the books but i feel sure that there is one man in the moon at least if not more,1,joy,Hindi ko pa nababasa ang alinman sa mga aklat ngunit sigurado akong mayroong isang lalaki sa buwan kahit hindi man lahat.,0.8908312320709229,96.43667507171631
i anger people because when i feel agitated with something i get frantic and speak fast and snippy,4,fear,"Nagagalit ako ng mga tao dahil kapag kinakabahan ako sa isang bagay, nagiging mabilis at matalas ang aking pananalita.",0.9204453229904175,96.31821870803833
i feel like we had a connection but we ve struggled so much now we ve lost it and i feel so bad about that,0,sadness,"Nararamdaman kong may koneksyon tayo noon, pero ngayon ay napakaraming pinagdaanan kaya nawala na ito at sobrang malungkot ako dahil doon.",0.8963214159011841,96.41471433639526
i feel paranoid that every time i log onto facebook or attend church that im about to find out yet another friend is pregnant,4,fear,"Nararamdaman kong paranoiac na tuwing naglo-log in ako sa Facebook o pumupunta sa simbahan, malalaman ko na naman na buntis ang isa pang kaibigan ko.",0.8389093279838562,96.64436268806458
ive come up with essentially tracks momentum gradually which i feel is as important as game to game results,1,joy,"Nagkaroon ako ng ideya na unti-unting subaybayan ang momentum, na sa tingin ko ay kasinghalaga ng resulta sa bawat laro.",0.866778552532196,96.53288578987122
i could have just kept going but i could tell that she was feeling really defeated and needed a friend,0,sadness,"Maaari sana akong magpatuloy, ngunit alam kong talagang natatalo siya at nangangailangan ng kaibigan.",0.9037402868270874,96.38503885269165
i feel a bit frustrated with myself as i know i m not getting out of my dogs in the ring or at training if i m honest at moment due to me but i ll continue to do the remaining shows i ve entered until the end of july as long as we re all enjoying it,3,anger,"Nararamdaman kong medyo naiinis ako sa sarili ko dahil alam kong hindi ko maibibigay ang aking makakaya sa aking aso sa ring o sa pagsasanay kung tapat ako sa sarili ko ngayon, ngunit patuloy akong sasali sa natitirang palabas hanggang sa katapusan ng Hulyo basta't lahat tayo ay nasisiyahan dito.",0.936040997505188,96.25583600997925
i feel divine forgiveness of all human frailties,1,joy,Nararamdaman ko ang banal na kapatawaran ng lahat ng kahinaan ng tao.,0.869594156742096,96.52162337303162
i feel like i still have some valuable information from that perspective,1,joy,Parang mayroon pa akong mahahalagang impormasyon mula sa pananaw na iyon.,0.9077064990997314,96.36917400360107
i would still feel weird,4,fear,Parang kakaiba pa rin ang pakiramdam ko.,0.9273622632026672,96.29055094718933
i want her to feel worthwhile because she is,1,joy,Gusto kong maramdaman niya ang kanyang halaga dahil siya ay mayroon.,0.8872636556625366,96.45094537734985
i know that next time i get feeling all needy and want something no matter how petty i am going to say so,0,sadness,"Alam kong sa susunod na magkaroon ako ng pakiramdam na nangangailangan at gustong magkaroon ng kahit ano man, kahit maliit, sasabihin ko na.",0.8806929588317871,96.47722816467285
i wake up feeling exhausted as if the running and hiding had been real,0,sadness,"Gumising ako na parang pagod na pagod, parang totoong tumakbo at magtago.",0.8846876621246338,96.46124935150146
i feel like a horrible rotten person for thinking that this is the most isolating thing a woman can go through and some days being tough is not an option,0,sadness,"Parang isang masamang, masamang tao ako dahil iniisip kong ito ang pinakamahirap na karanasan ng isang babae at minsan ang pagiging matatag ay hindi na pagpipilian.",0.8841798305511475,96.46328067779541
i feel i feel ok and then i wake up,1,joy,Nararamdaman kong okay ako at saka nagigising ako.,0.9018698930740356,96.39252042770386
i spend all day in bed or when im feeling adventurous on the couch because when i get up my leg hurts worse than my aching heart after titanic,1,joy,"Gumagastos ako ng buong araw sa kama o kapag may pakikipagsapalaran, sa sopa dahil kapag bumangon ako, mas masakit ang aking binti kaysa sa sakit ng aking puso pagkatapos manood ng Titanic.",0.9313055276870728,96.27477788925171
i am pinned as the culprit of digging out their inferiority and made them feel useless again,0,sadness,Ako ang itinuturing na salarin sa pagbubunyag ng kanilang kahinaan at pinagpapalala pa ang kanilang pagiging walang silbi.,0.916067898273468,96.33572840690613
i did not want to feel devastated hopeless helpless and sad all the rest of my life,0,sadness,"Ayaw kong maramdaman ang pagkabigo, kawalan ng pag-asa, kahinaan, at kalungkutan sa natitirang bahagi ng aking buhay.",0.8911478519439697,96.43540859222412
i was feeling awfully indecisive this morning when i started to think about what i wanted to do to get my heart pumpin,4,fear,Napakabigat ng aking pag-aalinlangan kaninang umaga nang magsimulang isipin ko kung ano ang gagawin ko upang mabilis ang tibok ng puso ko.,0.9155778288841248,96.3376886844635
im still feeling really shitty and undeserving of their love,0,sadness,Parang hindi ko pa rin mawala ang pakiramdam na masama at hindi karapat-dapat sa kanilang pagmamahal.,0.8825039863586426,96.46998405456543
i feel i hate that cute patterns go out of print but similar variations of the same crappy skirt seem to last forever im looking at you simplicity,1,joy,"Nararamdaman kong ayaw ko na ang mga cute na disenyo ay nawawala sa produksyon ngunit ang mga katulad na aberya ng parehong pangit na palda ay tila tumatagal magpakailanman, nakatingin ako sa iyo, Simplicity.",0.9228702187538147,96.30851912498474
i love feeling loved but i hate that he seems so devastated,2,love,Mahal ko ang pakiramdam na mahal ako ngunit ayaw ko na parang lubos siyang nasasaktan.,0.8906245231628418,96.43750190734863
i look like i worry that i will always feel inadequate,0,sadness,Parang nag-aalala ako na lagi akong mararamdaman ang kakulangan.,0.8797308206558228,96.48107671737671
i don t want to feel resigned to the typically american life and i know a lot of others aren t happy with that either,0,sadness,"Ayaw kong madama na kailangang tanggapin ang tipikal na buhay Amerikano, at alam kong maraming iba rin ang hindi masaya doon.",0.8575435876846313,96.56982564926147
i feel and however tragic their situation that s no reason to increase the wage,0,sadness,"Nararamdaman ko ang kanilang kalagayan, gaano man ito kasakit, hindi iyon dahilan upang itaas ang sahod.",0.8891873359680176,96.44325065612793
i know you feel supporting an inept city manager who has cost the tax payers millions already with his bungling is important,1,joy,Alam kong mahalaga para sa iyo ang suporta sa isang hindi marunong na city manager na nagastos na ng milyun-milyong piso ng mga nagbabayad ng buwis dahil sa kanyang kawalang-kasanayan.,0.92974454164505,96.2810218334198
i remember feeling uncertain about what to say well erm we are trying and my period is due this week so erm,4,fear,"Naalala ko ang pag-aalinlangan ko kung ano ang sasabihin, eh, sinusubukan namin at dapat na dumating ang regla ko ngayong linggo kaya, eh.",0.7972594499588013,96.8109622001648
i just feel you so so dont be afraid naega deo apaya hae and pray again dasi neol chajeul su itge sigani heureulsurok gaseumi apawa i need you go back in time dan hanbeon manirado forgive my sins wo doedollil suman itdamyeon i gotong ttawin naegen so so sloth,4,fear,"Nararamdaman kitang lubos, kaya huwag kang matakot. Nandito ako sa tabi mo, at manalangin tayo muli. Sa ganitong paraan, maibabalik natin ang iyong kaligayahan. Kailangan kita, bumalik tayo sa nakaraan at magsimula muli. Patawarin mo ang aking mga kasalanan. Kung magkakasundo tayo, magkakaroon tayo ng bagong simula. Kailangan kita, nararamdaman kitang lubos.",0.7903397679328918,96.83864092826843
i think this would be fantastic as i feel the over nutrition of children is suffering and that over of all children are obese,0,sadness,"Sa tingin ko, magiging kahanga-hanga ito dahil naniniwala akong ang sobrang pagkain ng mga bata ay nagdudulot ng paghihirap at maraming bata ang namamaga.",0.8789467811584473,96.48421287536621
i did the yelling the feeling of being extremely mad,3,anger,"Nagsigawan ako, sobrang galit ko.",0.8706735372543335,96.51730585098267
i was feeling very stressed with all that i had to get accomplished in the little amount of time that i had,3,anger,Napakastress ko dahil sa lahat ng kailangang tapusin sa kakaunti kong oras.,0.8249077200889587,96.70036911964417
im not feeling real strong lately,1,joy,Hindi ako gaanong malakas nararamdaman kamakailan.,0.9359129667282104,96.25634813308716
i naturally didn t know any fightstar songs they were catchy enough that i could feel like i knew what was going on and they were quite lively and they preformed fantastically well,1,joy,"Hindi ko naman talaga kilala ang mga kanta ng Fightstar, pero nakakapukaw sila kaya parang alam ko na ang mga lyrics at sila ay masigla at nagtanghal nang napakagaling.",0.9224655032157898,96.31013798713684
i decide to look for professional help and when i find a ceramics repairment atelier that describe themselves as artisans of patrimony specialized in primitive arts and antiquities i feel relief that my damaged fish shape ashtray will finally be in safe hands,0,sadness,"Nagpasya akong humingi ng tulong mula sa mga propesyonal, at nang mahanap ko ang isang atelier na nag-aayos ng keramika na naglalarawan sa kanilang sarili bilang mga artisan ng pamana na dalubhasa sa mga sinaunang sining at antigong bagay, naramdaman kong nabawasan ang aking pag-aalala na ang aking nasirang ashtray na hugis isda ay magiging ligtas na sa kanilang mga kamay.",0.8889756202697754,96.4440975189209
i feel so vulnerable i need to have a mask on to go into the world or if my desire is caused by a need to divert attention or cover up weakness i should probably be making more constructive use of my time than trying to look pretty,4,fear,"Nararamdaman kong sobrang mahina, kailangan kong magsuot ng maskara para lumabas sa mundo, o kung ang aking pagnanais ay bunga ng pangangailangan na lihim o itago ang kahinaan, marahil dapat kong gamitin nang mas makabuluhan ang aking oras kaysa sa pag-aayos ng aking itsura.",0.9067565202713013,96.3729739189148
i like to think true beauty comes from the inside and that im loved for who i am on the inside but i definitely feel less valued and loved when i look like this,1,joy,"Gusto kong isipin na ang tunay na kagandahan ay nagmumula sa loob at mahal ako para sa kung sino ako sa loob, ngunit tiyak na nararamdaman kong mas mababa ang halaga at pagmamahal kapag ganito ang itsura ko.",0.9290447235107422,96.28382110595703
a few monthe ago,3,anger,ilang buwan na ang nakalilipas,0.8630151748657227,96.54793930053711
i can flirt along with the best of em and i rarely if ever feel intimidated by male identifying folks or the idea of striking up a conversation with them regardless of how hopelessly attracted i am to them,4,fear,"Kaya kong makipag-flirt nang magaling at bihira akong matakot, kung hindi man manatili, sa mga taong nakikilala bilang lalaki o sa ideya ng pag-uusap sa kanila kahit gaano ako ka-akit sa kanila.",0.874176561832428,96.50329375267029
i feel this is very dangerous,3,anger,Nararamdaman kong napakamapanganib nito.,0.8536335229873657,96.58546590805054
i know my good friends are biking through tulip fields i feel a little regretful,0,sadness,Alam kong nagbibisikleta ang mga mabubuting kaibigan ko sa gitna ng mga bukid ng tulip at nararamdaman ko ang kaunting pagsisisi.,0.8952025771141052,96.41918969154358
i was driving i feel so contented after sadhana so fulfilled,1,joy,"Nagmamaneho ako, sobrang kontento ako pagkatapos ng sadhana, parang kumpleto na ang lahat.",0.8599273562431335,96.56029057502747
i have a feeling that its something ive missed because it shouldnt be that tedious,0,sadness,May kutob akong may iniwang bagay dahil hindi dapat ganito kahirap.,0.8393177390098572,96.64272904396057
i was almost in a state of panic because i just feel like im not trusting people right now,1,joy,halos nasa estado na ako ng pananabik dahil parang hindi ko mapagkakatiwalaan ang mga tao ngayon.,0.895026683807373,96.41989326477051
i often find myself feeling assaulted by a multitude of sense impressions,0,sadness,Madalas akong makaramdam na sinalakay ng maraming pandamdam.,0.8551552295684814,96.57937908172607
i am left feeling like the greedy bastard and i hate it,3,anger,"Parang isang makasarili at sakim na hayop ako, at ayaw kong ganito.",0.8973685503005981,96.41052579879761
i feel like when i entered my relationship with mike i became unwelcome in your life,0,sadness,"Nararamdaman kong nang pumasok ako sa relasyon ko kay Mike, hindi na ako tinatanggap sa buhay mo.",0.8645757436752319,96.54169702529907
i read and appreciate all comments left but if you have any questions or concerns feel free to email me at contact,1,joy,"Binabasa at pinahahalagahan ko ang lahat ng mga komento ngunit kung mayroon kayong mga katanungan o alalahanin, huwag mag-atubiling mag-email sa akin sa contact.",0.8614930510520935,96.55402779579163
i eat out at such hyped diners feeling satisfied but not extremely contented because the hype felt greater than what i have experienced,1,joy,"Kumain ako sa mga sikat na kainan, nakaramdam ng kasiyahan ngunit hindi lubos na kontento dahil ang ingay tungkol sa kanila ay mas malaki kaysa sa aking karanasan.",0.8617740869522095,96.55290365219116
i feel a little like a traitor to my beloved oppies but that said these clothes might just pay off a big chunk of my remaining debt and we all know that money is more important than ethics right,1,joy,"Nararamdaman kong medyo traydor ako sa mga minamahal kong oppies pero sa kabilang banda, baka mabayaran ng mga damit na ito ang malaking bahagi ng natitirang utang ko at alam naman natin na mas mahalaga ang pera kaysa sa etikalidad, di ba?",0.9205317497253418,96.31787300109863
i feel that my lifes fucked up,3,anger,Parang sira na ang buhay ko.,0.900370717048645,96.39851713180542
i feel pathetic and the desolation is beyond consolation,0,sadness,Nararamdaman kong napakalungkot at ang kawalan ng pag-asa ay hindi maibabalik.,0.8675800561904907,96.52967977523804
i don t know how sasha fierce feels i m definitely curious about the future of beyonc s sound,4,fear,"Hindi ko alam kung paano nararamdaman si Sasha Fierce, pero talagang interesado ako sa hinaharap ng tunog ni BeyoncÃ©.",0.8880912065505981,96.44763517379761
i feel incredibly vain and stupid admitting to that,0,sadness,Napakasungit at bobo ko pala aminin iyon.,0.8626305460929871,96.54947781562805
i feel youre faithful over me as i sing amp worship you i find no words to describe you,2,love,"Nararamdaman kong tapat ka sa akin habang kumakanta ako at sumasamba sa iyo, wala akong mga salita upang ilarawan ka.",0.9301221370697021,96.27951145172119
i feel determined to give this process a label,1,joy,Nararamdaman kong determinado na ibigay ang prosesong ito ng isang label.,0.8608424067497253,96.5566303730011
i can feel that they arent supporting me but that doesnt mean i dont want them im my life,1,joy,"Nararamdaman kong hindi nila ako sinusuportahan, ngunit hindi ibig sabihin noon ay ayaw ko sila sa buhay ko.",0.9017984867095947,96.39280605316162
i feel really damn terrified and rushed to my classroom where my friends are playing and joking around,4,fear,Napakasindak at napakabilis ng takbo ko papunta sa silid-aralan kung saan naglalaro at nagbibiro ang mga kaibigan ko.,0.8806677460670471,96.47732901573181
im not crossing things off ever growing to do list i feel like i keep making stupid silly mistakes in all areas of my life amp im just tired,0,sadness,Hindi ako nag-aalis ng mga bagay sa aking patuloy na lumalaking listahan ng mga dapat gawin. Parang lagi akong nagkakamali ng mga bobong at walang kwentang pagkakamali sa lahat ng aspeto ng buhay ko at pagod na pagod na ako.,0.8862038254737854,96.45518469810486
i feel that supporting or at least not condemning the seal hunt is akin to saying well think of all the good things hitler did,2,love,"Para sa akin, suportahan o kahit hindi ipagwalang-bahala ang paghabol sa mga selyo ay katulad ng pagsasabi, ""Tingnan natin ang lahat ng mabubuting ginawa ni Hitler.""",0.9091765880584717,96.36329364776611
i feel strong style color black line height,1,joy,"Nararamdaman kong malakas, estilo itim, linya na mataas.",0.8333498239517212,96.66660070419312
i feel im being generous with that statement,1,joy,Nararamdaman kong maluwag ang aking pahayag.,0.8738966584205627,96.50441336631775
i know its been awhile since i posted but between feeling crappy all the time work and just being plain lazy i havent even gotten on the computer,0,sadness,"Alam kong matagal na akong hindi nag-post, pero dahil sa pakiramdam kong hindi maganda lagi, sa trabaho, at sa simpleng pagiging tamad, hindi ko pa nga naabutan mag-computer.",0.8456685543060303,96.61732578277588
i to feel sympathetic about the children of the world and the bad messages that we send to them when we live in a lawless culture full of innuendo to the contrary,2,love,Gusto kong maramdaman ang pakikiramay para sa mga bata sa buong mundo at ang mga masamang mensahe na ipinapadala natin sa kanila kapag nabubuhay tayo sa isang kultura na walang batas at puno ng mga paligoy-ligoy na nagsasabi ng kabaligtaran.,0.8933825492858887,96.42646980285645
im pretty picky with the folks i link to i only want to list sites that i feel are worth your valuable time,1,joy,Maingat akong pumipili ng mga taong ikakabit ko; gusto ko lamang ilista ang mga website na sa tingin ko ay sulit sa inyong mahalagang oras.,0.8366109132766724,96.65355634689331
i feel kind of uncomfortable as i m about to write a not so favorable review about starters,4,fear,Nararamdaman kong medyo hindi komportable habang handa akong magsulat ng hindi gaanong magandang review tungkol sa mga appetizer.,0.9094274044036865,96.36229038238525
i am feeling quite curious and concerned,4,fear,Nararamdaman kong medyo mausisa at nag-aalala.,0.8688066005706787,96.52477359771729
i feel as though i gush on an on about the gorgeous colors of the produce we receive through our farm share and i have to do it again this week,1,joy,"Parang hindi ko mapigilan ang pag-uusap tungkol sa magagandang kulay ng mga prutas at gulay na natatanggap namin sa aming farm share, at kailangan kong ulitin ito ngayong linggo.",0.8638544082641602,96.54458236694336
i feel really wierd about this we are suppose to be casual dating,1,joy,"Nakakakaba talaga ito, dapat casual dating lang naman tayo.",0.8632868528366089,96.54685258865356
i want them to feel as if they are intelligent and able to make their own decisions,1,joy,Gusto kong maramdaman nila na sila ay matalino at kaya nilang gumawa ng kanilang sariling desisyon.,0.8927796483039856,96.42888140678406
i felt this way before i was feeling rather reluctant whether should i go down to bishan to fetch my boyfriend,4,fear,"Naramdaman ko rin ito noon, medyo nag-aalinlangan ako kung bababa ba ako sa Bishan para kunin ang aking boyfriend.",0.8643643856048584,96.54254245758057
i guess how this clouds your viewing depends on how you feel about filmic content personally i dont really give a shit what a film is saying so much as the way its being said and in this case the film is simply too great to ignore but its a sour note in an otherwise delicious orgy of depravity,1,joy,"Siguro kung paano ito nagpapadilim sa iyong pananaw ay nakasalalay sa kung paano mo nararamdaman ang mga pelikula nang personal. Ako mismo, hindi ko gaanong pinapansin ang mensahe ng pelikula, kundi ang paraan ng pagsasabi nito, at sa kasong ito, ang pelikula ay talagang kahanga-hanga na hindi mo mapigilan ang pansin. Ngunit ito ay isang mapait na tono sa isang iba pang masarap na pagdiriwang ng kasamaan.",0.8893239498138428,96.44270420074463
i could of course go on with it feeling resentful of him with him being blissfully unaware of anything being wrong,3,anger,"Maaari akong magpatuloy dito, nagrereklamo sa kanya habang siya'y walang kamalay-malay na may mali.",0.8844535946846008,96.4621856212616
i am still feeling a bit melancholy over my daughter going back to college and the end of a fun summer,0,sadness,Nararamdaman ko pa rin ang kaunting kalungkutan dahil bumalik na ang anak ko sa kolehiyo at natapos na ang masayang tag-araw.,0.8612064123153687,96.55517435073853
im feeling lucky button on google,1,joy,"pindutan ng ""feeling lucky"" sa Google",0.8766303062438965,96.49347877502441
i am feeling abused for having wasted hundreds of dollars a year in subsidization for this crap and though im not sure whether or not im mad as hell im surely not going to be taking it anymore,0,sadness,"Nararamdaman kong inaabuso ako dahil sa pag sayang ko ng daan-daang dolyar taun-taon sa subsidiyo para sa ganitong kalat at kahit hindi ko sigurado kung galit na galit ba ako, tiyak na hindi ko na ito tatanggapin pa.",0.8605672121047974,96.55773115158081
i would pay not to feel so isolated by this,0,sadness,Babayaran ko para hindi maramdaman ang ganitong pag-iisa.,0.8398693799972534,96.64052248001099
ive been struggling a lot lately with feeling inadequate and unsuccessful by societys standards as i watch my peers attending graduating from college and finding jobs that fulfill them,0,sadness,Nahirapan ako nang husto kamakailan sa pakiramdam na hindi sapat at hindi matagumpay ayon sa pamantayan ng lipunan habang nakikita kong ang aking mga kapantay ay nagtatapos sa kolehiyo at nakakahanap ng mga trabahong nagbibigay sa kanila ng kasiyahan.,0.9075800180435181,96.36967992782593
i like to know just because i hate feeling like the drama doesn t know but in this case i feel like there s so much territory to mine that i m content to enjoy the ride,1,joy,"Gusto kong malaman, kahit ayaw kong makaramdam na hindi alam ng drama, pero sa kasong ito, parang maraming puwedeng pag-aralan kaya masaya akong sumunod sa daloy.",0.8933951258659363,96.42641949653625
i am feeling valued and supported which is great,1,joy,"Nararamdaman kong pinahahalagahan at sinusuportahan, at iyon ay maganda.",0.8448901176452637,96.62043952941895
i do not see but could feel that she is someone i am very reluctant to let go,4,fear,Hindi ko nakikita ngunit nararamdaman kong siya ay isang taong ayaw kong hayaang mawala.,0.9311069250106812,96.27557229995728
i sympathize with this person but i also feel a bit skeptical the theme is loss because everyone looses,4,fear,"Naiintindihan ko ang damdamin niya ngunit may bahagyang pag-aalinlangan din ako, ang tema ng pagkawala kasi ay nararanasan ng lahat.",0.8615198135375977,96.55392074584961
i have my favorite cookies in the house oatmeal chocolate chip and its hard to stay away from them since im feel pretty discouraged lately,0,sadness,"Mayroon akong paboritong cookies sa bahay, oatmeal chocolate chip, at mahirap talagang lumayo sa kanila dahil medyo nabigo ako kamakailan.",0.8553248047828674,96.57870078086853
i cant help but feel somehow he was punished in heather mills divorce settlement he is he does have a good sense of hum,0,sadness,"Hindi ko mapigilan ang pakiramdam na sa paghihiwalay niya kay Heather Mills, parang siya ang pinarusahan. Totoo naman, may mabuting sentido ng humor siya.",0.8897366523742676,96.44105339050293
i didn t feel rushed to finish millions of things and i was able to focus on each task separately,3,anger,Hindi ako nadaramaang pinipilit tapusin ang milyun-milyong bagay at nakatuon ako sa bawat gawain nang hiwalay.,0.8674333095550537,96.53026676177979
i feel like a casual gamer,1,joy,Parang isang casual gamer ako.,0.8509824275970459,96.59607028961182
i get the feeling people think im very whiney which i know i am,0,sadness,"Nararamdaman kong iniisip ng mga tao na sobrang maselan ako, at alam kong totoo iyon.",0.8386443853378296,96.64542245864868
i dare not say i feel ecstatic now but hey,1,joy,Hindi ko masasabi na sobrang saya ko ngayon pero sige na nga.,0.8227040767669678,96.70918369293213
i feel his pain but fear he has missed a much larger point,0,sadness,Nararamdaman ko ang kanyang sakit ngunit natatakot akong naligtaan niya ang isang mas malawak na punto.,0.9034463167190552,96.38621473312378
i like the padding because it makes the ride more comfortable but it feels funny to walk in when not riding let alone what it looks like lol,4,fear,"Gustung-gusto ko ang pagpuno dahil mas komportable ang biyahe ngunit kakaiba ang pakiramdam kapag naglalakad dito kapag hindi nakasakay, paano pa kaya ang itsura nito, haha.",0.8915834426879883,96.43366622924805
im feeling passionate about in my own home,1,joy,Nararamdaman kong puno ng pagmamahal ang aking tahanan.,0.8867835998535156,96.45286560058594
i have not written is that i am still feeling angry about something that happened on friday which seems to have invaded my happy place with recurring angry thoughts,3,anger,Hindi ko nasulat na nararamdaman ko pa rin ang galit tungkol sa nangyari noong Biyernes na tila sumisira sa aking masayang lugar ng paulit-ulit na mga iniisip na nagagalit.,0.8380334377288818,96.64786624908447
i admit is inexcusable giving you to feel slightly naughty bestial heck macho even,2,love,"Aminin ko, hindi makatwiran na ikaw ay maramdaman ang kaunting pagkabastos, hayop, o lalaki.",0.8802216649055481,96.47911334037781
i was beginning to feel anxious about it and i asked him to help me out,4,fear,Nagsisimula na akong mag-alala tungkol dito kaya humingi ako ng tulong sa kanya.,0.8935289978981018,96.42588400840759
i respect his feelings and its unfortunate i cant return them but i feel like hes trying to creep closer and closer for the title of boyfriend as in,0,sadness,"Pinaggalang ko ang kanyang nararamdaman at malungkot akong hindi ko ito maibabalik, ngunit parang sinusubukan niyang lumapit nang lalong-lalo para maging boyfriend.",0.8652902245521545,96.53883910179138
i feel sympathetic towards companies that have done business for a century or two suddenly facing an entirely different situation,2,love,"Nakaramdam ako ng simpatiya sa mga kompanya na nagnenegosyo nang isang siglo o dalawa, na bigla na lamang nakaharap sa ganap na magkaibang sitwasyon.",0.895723819732666,96.41710472106934
i was yelling to the group in front and not getting an answer and getting increasingly concerned and feeling increasingly frustrated with those lagging behind despite repeated explanations and pleas from me regarding the need to catch up with the advance group,3,anger,Sumisigaw ako sa grupo sa harapan ngunit wala akong natatanggap na sagot at lalong nag-aalala at nagagalit sa mga nasa likuran kahit paulit-ulit kong ipinaliwanag at humingi ng tulong upang makasabay sa grupo sa harapan.,0.9215866327285767,96.3136534690857
i feeling handsome q where is this lyrics from oh when you look at me like that my darling what did you expect,1,joy,"Nararamdaman kong guwapo ako, saan kaya nanggaling ang mga linya na ito? Oh, kapag tumitingin ka sa akin ganyan, mahal ko, ano ang inaasahan mo?",0.9169636964797974,96.33214521408081
i am always feeling hot i am hot to the touch,2,love,"Lagi akong mainit, kahit sa paghawak.",0.8571960926055908,96.57121562957764
i feel like i am being punished for something that i didn t even do,0,sadness,Parang pinarusahan ako para sa isang bagay na hindi ko nga nagawa.,0.8882158994674683,96.44713640213013
i do not know what to do in my current space to make myself feel more comfortable,1,joy,Hindi ko alam kung ano ang gagawin sa aking kasalukuyang lugar upang makaramdam ng higit na komportable.,0.9235374927520752,96.3058500289917
i feel lucky every single day for it,1,joy,Nararamdaman kong masuwerte ako araw-araw dahil dito.,0.8781642913818359,96.48734283447266
i used string and pins but i feel they get too messy and cluttered looking,0,sadness,Ginamit ko ang sinulid at pindutan ngunit nararamdaman kong gumagulo at nakakabastos ang hitsura nila.,0.8632367849349976,96.54705286026001
i could feel her loving gaze on me as i made my way down between her legs,2,love,Nararamdaman ko ang pagmamahal sa kanyang tingin habang papalapit ako sa pagitan ng kanyang mga binti.,0.8779925107955933,96.48802995681763
i would have been happy to have had a nap but since we were already here steve and i then wandered around the botanical gardens getting a feel tor where i could go to get some lovely shoots for families,2,love,"Masaya sana akong matulog ngunit dahil nandito na tayo, si Steve at ako ay naglakad-lakad sa hardin ng mga halaman upang maunawaan kung saan ako makakakuha ng magagandang litrato para sa mga pamilya.",0.9432337284088135,96.22706508636475
i am sitting here taking it all in and feeling blessed,2,love,"Nakaupo ako rito, tinatanggap ang lahat, at nararamdaman ang pagpapala.",0.8910066485404968,96.43597340583801
i feel like im a hateful person sometimes,3,anger,"Minsan, parang isang mapaghiganti kong tao ako.",0.8791896104812622,96.48324155807495
i dont need that sense of social approval that i craved right now i dont even feel that aching guilt that so often gave me headaches,0,sadness,"Hindi ko na kailangan ang pakiramdam na kailangan ang pagsang-ayon ng lipunan na dati kong hinahanap; ngayon, hindi ko nararamdaman ang matinding pagsisisi na kadalasan ay nagdudulot sa akin ng sakit ng ulo.",0.881547749042511,96.47380900382996
i feel unsure of my footing,4,fear,Hindi ko sigurado ang aking pagkakatayo.,0.9299906492233276,96.28003740310669
i feel really devastated and i feel like i can t breathe,0,sadness,Napakalungkot ko at parang hindi ako makahinga.,0.8769176006317139,96.49232959747314
i can usually tell if someone is being honest i can feel if they are sincere and if they are just teasing,1,joy,Karaniwan kong masasabi kung totoo ang sinasabi ng isang tao; mararamdaman ko kung tapat sila o kung nagbibiro lamang.,0.8952460289001465,96.41901588439941
i feel very distraught tonight,4,fear,Napakasakit ng pakiramdam ko ngayong gabi.,0.8943278789520264,96.4226884841919
i can t get past feeling like a poseur to become an advocate i was ecstatic to see that keiko zoll has done it,1,joy,"Hindi ko maiiwasan ang pakiramdam na isang poser upang maging isang tagapagtaguyod, ngunit sobrang saya ko nang makita na nagawa ito ni Keiko Zoll.",0.9293120503425598,96.28275179862976
i can feel my blood start to boil my hands start to twitch and i suddenly get really hot,2,love,"Nararamdaman kong kumukulo ang aking dugo, nagsisimulang mag-twitch ang aking mga kamay, at bigla akong nagiging mainit.",0.8849347233772278,96.46026110649109
i am feeling more pain and hurt than i did before,0,sadness,Mas nararamdaman ko ngayon ang sakit at pagdurusa kaysa dati.,0.8918987512588501,96.4324049949646
i could tell but the pain you feel in your own heart from those whom you have abused will torture you for the duration of your life,0,sadness,"Makikita ko iyon, ngunit ang sakit na nararamdaman mo sa iyong sariling puso mula sa mga iyong nilalabag ay magpapahirap sa iyo habang buhay.",0.8747780323028564,96.50088787078857
im half asleep absolutely blissed out feeling as purely ecstatic as i know i will on stage tonight dancing out of the spotlight only to have it follow me like an adoring fan,1,joy,"Nasa gitna ako ng pagtulog, lubos na nasisiyahan, nararamdaman ang tunay na kagalakan gaya ng aking mararamdaman mamaya sa entablado, sasayaw ako labas ng liwanag, ngunit susundan ako nito gaya ng isang mahilig na tagahanga.",0.9415580630302429,96.23376774787903
i do finally get some sleep i have the craziest weirdest dreams that make me feel like i didnt get any good rest anyways,1,joy,"Nakakatulog na rin ako, pero ang kakaiba at nakakabighani ng mga panaginip ko na parang hindi ako nakakatulog nang maayos.",0.9045411348342896,96.38183546066284
i have been in dublin i could not be more grateful for this class as it has allowed me to work with people in need but also allowed me to feel accepted and immersed in the city,2,love,Naroon ako sa Dublin at lubos akong nagpapasalamat sa klase na ito dahil ito ay nagbigay sa akin ng pagkakataon na makatulong sa mga nangangailangan ngunit nagbigay din sa akin ng pakiramdam na tinatanggap at nakalubog sa lungsod.,0.9114015102386475,96.35439395904541
im feelin spiteful so well actually visit my house to watch rally finland,3,anger,Nararamdaman kong may sama ng loob kaya mas mabuti nang pumunta kayo sa bahay ko para manood ng Rally Finland.,0.9596761465072632,96.16129541397095
i just feel more resentful and tell myself it was better if i did not share with him,3,anger,Nararamdaman ko lang na mas nagagalit ako at sinasabi sa sarili ko na mas mabuti sana kung hindi ko na siya pinagkatiwalaan.,0.83901047706604,96.64395809173584
i came away from the experience feeling rather confused and it left a sour taste in my mouth,4,fear,Umalis ako sa karanasan na medyo nalilito at iniwan nito ang mapait na lasa sa aking bibig.,0.818472146987915,96.72611141204834
i realised karin s producing a book for those of us who feels keen but worries at the same time,1,joy,Napagtanto ko na si Karin ay gumagawa ng libro para sa mga tulad natin na may pagnanasa ngunit nag-aalala rin.,0.8579477071762085,96.56820917129517
i feel ecstatic despite being tired,1,joy,Nararamdaman kong sobrang saya kahit pagod na pagod ako.,0.8522056937217712,96.59117722511292
i stepped outside and became annoyed because the temperature was warm and it was raining it felt as if the weather was conspiring to keep me from feeling festive,1,joy,"Lumabas ako at nagalit dahil mainit ang temperatura at umuulan, parang nagtutulungan ang panahon para hindi ako makaramdam ng masaya.",0.911259651184082,96.35496139526367
i liked it all the same this one will take a few listening sessions to get a real feel theres a lot distortion in the songs which agitated me a bit but it caused me to do a little research on just what the creative force behind this unusual album,3,anger,"Gustung-gusto ko pa rin ito, pero kakailanganin kong makinig nito nang ilang beses para makuha ang tunay na pakiramdam. Marami itong distortion sa mga kanta na medyo nag-irita sa akin, pero ito ang nagtulak sa akin na mag-research tungkol sa tunay na likha ng kakaibang album na ito.",0.8420835733413696,96.63166570663452
i feel dumb packing when i can t even get a straight answer about whether or not i m actually going to be able to move somewhere,0,sadness,Nararamdaman kong tanga dahil nagpa-pack ako kahit hindi ko pa alam kung aalis ba talaga ako sa lugar na ito.,0.8456566333770752,96.6173734664917
i always had to eat everything on my plate and ate and ate and ate without feeling satisfied,1,joy,Lagi akong kailangang kainin ang lahat sa aking plato at kumain at kumain at kumain nang hindi nararamdaman ang kasiyahan.,0.8413374423980713,96.63465023040771
i find im barely breathing and feel a little frantic,4,fear,Nararamdaman kong halos hindi na ako humihinga at medyo kinakabahan.,0.9279028177261353,96.28838872909546
i went into that feeling more than a little bit scared as my running training to date had been almost non existent,4,fear,Nadulas ako sa pakiramdam na medyo natatakot dahil halos wala akong karanasan sa pag-eehersisyo para sa pagtakbo.,0.9138816595077515,96.344473361969
i now can t help but feel like i ve been sloughed over like an unwelcome burden kathumped on the ground,0,sadness,"Hindi ko na mapigilan ang pakiramdam na parang itinapon ako gaya ng isang hindi kanais-nais na pasanin, binagsakan sa lupa.",0.8724040985107422,96.51038360595703
i cannot help but feel a bit anxious on how this delivery will go hopefully another vbac if all goes as planned,4,fear,"Hindi ko mapigilang mag-alala nang kaunti kung paano magaganap ang paghahatid, sana naman muli itong VBAC kung lahat ay ayon sa plano.",0.9076075553894043,96.36956977844238
im feeling a bit stressed by the sheer numbers button pressing enthusiasts gathering around my bike,3,anger,Nararamdaman kong medyo stressed dahil sa dami ng mga taong mahilig pindutin ang mga button na nakapaligid sa aking bisikleta.,0.8275983333587646,96.68960666656494
i just love how when she gets that one on one time with me she feels to loved,2,love,Gustung-gusto ko kung paano siya nakakaramdam ng sobrang mahal kapag nagkakaroon kami ng mag-isa.,0.9205520153045654,96.31779193878174
i am feeling fine today and felt fine yesterday,1,joy,Mabuti ang aking pakiramdam ngayon at kahapon.,0.9419748783111572,96.23210048675537
i mean i am kinda feeling disturbed when subaru is close to me,0,sadness,Parang nababahala ako kapag malapit si Subaru sa akin.,0.9558351635932922,96.17665934562683
i feel like i missed the point with this book and therefore i feel kind of dumb,0,sadness,Parang hindi ko naintindihan ang punto ng libro kaya medyo nababastos ako.,0.8086535334587097,96.76538586616516
i feel so uncertain about everything right now,4,fear,Napaka-walang katiyakan ko ngayon tungkol sa lahat ng bagay.,0.8844048976898193,96.46238040924072
i can make them laugh out loud i feel a keen sense of accomplishment,1,joy,"Maaari kong patatawa sila nang malakas, at nararamdaman ko ang malakas na kasiyahan sa aking tagumpay.",0.8868213891983032,96.45271444320679
im feeling pretty smug about going down yesterday instead of waiting,1,joy,Masaya ako dahil bumaba ako kahapon kaysa maghintay.,0.9023795127868652,96.39048194885254
ive been feeling pretty terrible for weeks so it would be hard to get significantly worse from where i was,0,sadness,Masama na ang pakiramdam ko nang mga linggo kaya mahirap nang magkasakit pa nang malala kaysa sa nararamdaman ko ngayon.,0.8869906067848206,96.45203757286072
i know about bigger kids than her so i dont take for granted that shell turn out any smarter than the average kid and i feel no need to tell her shes smart,1,joy,Alam ko ang mga mas malalaking bata kaysa sa kanya kaya hindi ko pinapaniwalaan na magiging mas matalino siya kaysa sa karaniwang bata at wala akong nararamdaman na pangangailangan na sabihin sa kanya na matalino siya.,0.9041264057159424,96.38349437713623
i am not feeling more and more freaking relaxed,1,joy,Hindi ako lalong nakakaramdam ng kalmadong-kalmado.,0.8561543226242065,96.57538270950317
i wasnt exactly sure how i was going to feel after class but it was a gorgeous day and that helped with motivation,1,joy,Hindi ko eksaktong alam kung paano ako mag-fe-feel pagkatapos ng klase pero maganda ang araw at iyon ay tumulong sa aking motibasyon.,0.8403275609016418,96.63868975639343
i get the happy i can die now feeling and i honestly feel like if i died in the next few minutes i would be satisfied with life,1,joy,"Nararamdaman ko ang kagalakan na parang kaya ko nang mamatay ngayon at totoo, kung mamamatay ako sa susunod na ilang minuto, masaya ako sa buhay.",0.8911338448524475,96.43546462059021
ill add special sea shells and some sand for a beachy feel but for now i am loving my eggs,2,love,"Idagdag ko ang mga espesyal na kabibe at kaunting buhangin para sa pakiramdam ng beach, pero ngayon, nasisiyahan ako sa aking itlog.",0.8684229254722595,96.52630829811096
i just feel really irritable and everything drives me insane,3,anger,Napaka-irrita ko lang at lahat ng bagay ay nagpapasabog ng aking ulo.,0.8793516755104065,96.48259329795837
i have to say that when i received a gorgeous parcel of therapi skincare the beauty of the products absolutely took my breath away the lovely white glass packaging looks luxe but retains an apothecary feel perfect for an organic brand,1,joy,"Dapat kong sabihin na nang makatanggap ako ng magandang pakete ng Therapi skincare, ang ganda ng mga produkto ay tunay na humanga sa akin. Ang magandang puting bote ng packaging ay mukhang de-kalidad ngunit mayroon pa ring pakiramdam na parang mula sa botika, perpekto para sa isang organikong tatak.",0.8783522844314575,96.48659086227417
i really hope you like my card and feel inspired to make christmas cards and a href http papermakeupstamps,1,joy,"Sana magustuhan mo ang aking card at mapag-inspirasyon kang gumawa ng mga Christmas card at [a href=""http://papermakeupstamps""]papermakeupstamps[/a].",0.8436547517776489,96.6253809928894
i feel defeated knowing that i cant be like them and that it is because of myself and the things that i have felt that i cant attain great success like them,0,sadness,Nararamdaman kong natatalo ako sa katotohanang hindi ako katulad nila at dahil sa aking sarili at sa mga naramdaman kong hindi ko maabot ang malaking tagumpay na kanilang tinatamasa.,0.8725175261497498,96.509929895401
i was able to maintain physical and mental activity as well as have a necessary structure and routine without feeling pressured to overdo it,4,fear,Nakayanan kong panatilihin ang pisikal at mental na aktibidad pati na ang kinakailangang estruktura at rutina nang hindi nadarama ang presyur na labisin ito.,0.8570460081100464,96.57181596755981
occured while preparing for a midterm in social welfare that i thought was going to be very hard and felt unprepared for,4,fear,Nangyayari ito habang naghahanda ako para sa isang midterm sa social welfare na akala ko ay magiging napakahirap at hindi ako handa.,0.8197657465934753,96.7209370136261
i feel pretty weird about that considering what my friends and colleagues in nyc and new jersey are going through but it s just the reality,4,fear,"Nararamdaman kong kakaiba ang pakiramdam ko tungkol doon, lalo na sa nangyayari sa mga kaibigan at kasamahan ko sa NYC at New Jersey, pero ganito nga ang katotohanan.",0.8704198598861694,96.51832056045532
i really dont think he looks at my blog too often so i feel pretty safe posting it this layout is full of a href http www,1,joy,"Talagang hindi ko akalaing madalas niyang tinitingnan ang blog ko kaya medyo ligtas akong magpo-post nito, ang layout na ito ay puno ng a href http www",0.8112068772315979,96.75517249107361
i feel delicious thanks,1,joy,"Masarap ang pakiramdam ko, salamat.",0.8515087366104126,96.59396505355835
i continue to feel amazing and feel zero alarm at the prospect my body might die,1,joy,Patuloy akong nakaramdam ng kahanga-hanga at walang takot sa posibilidad na maaaring mamatay ang aking katawan.,0.9286400675773621,96.28543972969055
i have even a time or two found myself feeling a bit jealous of the mothers who had perfect babies who have been sleeping through the night since they were three months old and speaking in sentences by age two,3,anger,"Minsan, nadarama ko rin ang kaunting inggit sa mga ina na may mga perpektong sanggol na natutulog nang buo mula nang tatlong buwan at nagsasalita nang may pangungusap bago pa man sila mag-dalawang taon.",0.8376719951629639,96.64931201934814
i must admit to my feelings of positive jealousy at times when i see their success,1,joy,Kailangan kong aminin ang aking nararamdamang positibong inggit minsan kapag nakikita ko ang kanilang tagumpay.,0.8560891151428223,96.57564353942871
i arrived home hot sweaty and feeling a keen need for the chinese food i d put aside that morning,1,joy,"Umalis ako sa bahay na mainit, pawis na pawis, at may matinding pagnanasa sa Chinese food na iniwan ko kaninang umaga.",0.8927598595619202,96.42896056175232
i realized this weekend that i am feeling somewhat apprehensive about this surgery,4,fear,Napagtanto ko ngayong weekend na medyo kinakabahan ako tungkol sa operasyon na ito.,0.8407332897186279,96.63706684112549
i feel kinda idiotic because i talked to the bass player shahzad ismaily when i got two shirts and i didnt say anything to him,0,sadness,"Nararamdaman kong medyo bobo dahil kinausap ko si Shahzad Ismaily, ang bassist, nang dalhin ko ang dalawang damit at hindi ko siya sinabihan ng kahit ano.",0.8592679500579834,96.56292819976807
im feeling so sad that come in later years,0,sadness,Malungkot ako na darating ang mga susunod na taon.,0.8903408050537109,96.43863677978516
i wake up and i open up my eyes i feel an aching in my heart that s when i realize,0,sadness,"Gumising ako at binuksan ko ang aking mga mata, naramdaman ko ang sakit sa aking puso, doon ko napagtanto.",0.8854398131370544,96.45824074745178
i have given said friend space distance talked to friend about problems given friend more space and now i am left with a sour friendship that will never be what it was and a feeling of being ignored,0,sadness,"Ibinigay ko na ang espasyo at distansya, kinausap ko ang kaibigan tungkol sa mga problema, binigyan ko pa siya ng higit pang espasyo, at ngayon ay naiwan akong may mapait na pagkakaibigan na hindi na magiging katulad noon at isang pakiramdam ng pagiging hindi pinapansin.",0.8623554706573486,96.5505781173706
i feel i just couldn t be bothered with some of the things that used to keep me up at night,3,anger,Nararamdaman kong hindi na ako nababahala sa ilang bagay na dati'y nagpapagutom sa aking tulog.,0.9204415082931519,96.31823396682739
i go to church i ll probably sit in the back feel awkward and not talk to anyone,0,sadness,"Pupunta ako sa simbahan, malamang uupo ako sa likuran, magiging nahihiya at hindi kakausap ng kahit kanino.",0.8751058578491211,96.49957656860352
i feel suspicious of wrinkle prevention beauty products for some reason,4,fear,May kakaibang pag-aalinlangan ako sa mga produkto ng kagandahan para sa pagpigil ng mga wrinkles.,0.9247458577156067,96.30101656913757
i am starting to feel emotional,0,sadness,Nagsisimula akong makaramdam ng emosyon.,0.8783032298088074,96.48678708076477
i use vegetable glycerin in my oil cleansing mixture each night and my skin always feels amazing when i use glycerin,4,fear,Gumagamit ako ng vegetable glycerin sa aking halo ng langis para sa paglilinis bawat gabi at palagi akong nakakaramdam ng kahanga-hanga ang aking balat kapag ginamit ko ang glycerin.,0.8836348652839661,96.46546053886414
i feel that if we decided to just be friends as long as it didnt come about in some unfortunate way that i would be completely good with that,0,sadness,"Kung magdedesisyon tayo na maging magkaibigan lamang, hangga't hindi ito nangyayari sa isang hindi kanais-nais na paraan, ganap akong sang-ayon doon.",0.8927628397941589,96.42894864082336
i feel like a paranoid victim of the system in fear of something learing in the depths,4,fear,"Nararamdaman kong parang isang paranoikong biktima ng sistema, natatakot sa isang bagay na nagtatago sa mga kalaliman.",0.8773989081382751,96.4904043674469
i actually feel inside which is so dangerous because apart from my shoulder i feel really amazing,3,anger,"Talagang nararamdaman ko sa loob, na medyo mapanganib dahil bukod sa balikat ko, sobrang maganda ang pakiramdam ko.",0.9032299518585205,96.38708019256592
i also know that if i forget for a period of time it would cause tension or a feeling of unease that maybe i am mad at him,3,anger,"Alam ko rin na kung malilimutan ko nang ilang panahon, magdudulot ito ng tensyon o hindi komportableng pakiramdam na baka galit ako sa kanya.",0.895365297794342,96.41853880882263
i feel intimidated by these colleagues of mine,4,fear,Nakakapanibago ako sa aking mga kasamahan.,0.9060326814651489,96.3758692741394
i feel that the world is a tragic and woeful place to live in,0,sadness,Nararamdaman kong malungkot at pawis ang mundo na ating tinitirhan.,0.8967609405517578,96.41295623779297
i am no longer red it feels weird,4,fear,"Hindi na ako pula, kakaiba ang pakiramdam.",0.8816226720809937,96.47350931167603
i never had that sense of belonging anywhere and where if anywhere is anyone supposed to belong and feel accepted,2,love,"Hindi ko naranasan ang pakiramdam na kabilang ako kahit saan, at kung saan man dapat tayo kabilang at maramdaman ang pagtanggap.",0.8718996047973633,96.51240158081055
i do have dark chocolate i may have a square if im feeling the need for a sweet,2,love,"Mayroon akong maitim na tsokolate, baka kainin ko ang isang parisukat kung magkakaroon ako ng gana sa matamis.",0.8961153626441956,96.41553854942322
i kinda feel more relaxed with this blog than with the other one,1,joy,Parang mas nakakarelaks ako dito sa blog na ito kaysa sa iba.,0.8981220722198486,96.4075117111206
i think im getting the feeling that were the weird ones for using dryers most of the time,4,fear,"Iniisip ko, parang nabibighani ako na baka kami ang kakaiba dahil madalas naming gamitin ang mga dryer.",0.8748463988304138,96.50061440467834
im not feeling homesick,0,sadness,Hindi ako nakakaramdam ng pag-uulila sa tahanan.,0.9172433614730835,96.33102655410767
i would buy it again because it makes me feel pretty and the smell is divine,1,joy,Bibili ako ulit nito dahil ginaganda niya ako at ang amoy ay nakakabighani.,0.8709790706634521,96.51608371734619
i just couldnt shake the feeling that he is being left out somehow and i sort of hated that i had done this to him,3,anger,Hindi ko maalis ang pakiramdam na siya ay naiwan sa labas ng isang paraan at medyo ayaw kong ginawa ko ito sa kanya.,0.8901643753051758,96.4393424987793
i put forward to all their social diktats make them feel i am rebellious towards their authority,3,anger,Iniharap ko sa kanila ang lahat ng kanilang mga panlipunang utos upang maramdaman nilang ako ay mapaghimagsik laban sa kanilang awtoridad.,0.9103204011917114,96.35871839523315
i say i only sort of knew him and i don t want to make it like i m personally devastated by it i m certain those who were close with him are feeling devastated and i don t want to appropriate that or disrespect that grief,0,sadness,"Sinabi ko, hindi ko siya lubos na nakilala at ayaw kong ipakita na personal akong nasiraan ng loob dahil dito. Tiyak na ang mga malapit sa kanya ay nararamdaman ang pagkabigo at ayaw kong kunin o bastusin ang kanilang kalungkutan.",0.8919247388839722,96.43230104446411
i feel jealous of everyone who has the chance to meet you everyday,3,anger,Naiinggit ako sa lahat ng nakakasalamuha ka araw-araw.,0.9482853412628174,96.20685863494873
i didnt feel threatened at all by the people like i would have for the first minutes walking in indonesia,4,fear,Hindi ako nadamaang banta ng mga tao gaya ng aking naramdaman noong mga unang minuto kong pagpasok sa Indonesia.,0.9387569427490234,96.2449722290039
i want to come out about it but i feel so reluctant for some reason,4,fear,Gusto kong ilabas ito pero may kakaibang pag-aalinlangan ako.,0.8675450086593628,96.52981996536255
i basically wrote this for my future self i m feeling generous and think like i should just give the guy a break and list all the queries,2,love,Ginawa ko ito para sa aking hinaharap na sarili. Nararamdaman kong mapagbigay at parang dapat ko nang bigyan siya ng pahinga at isulat ang lahat ng mga katanungan.,0.8513112664222717,96.59475493431091
im more attracted to him because i feel that he knows that hes weird and being a weirdo myself i figure things might work out,4,fear,"Mas naaakit ako sa kanya dahil nararamdaman kong alam niyang kakaiba siya at dahil ako rin ay kakaiba, akala ko baka magkasundo tayo.",0.9247437715530396,96.30102491378784
i feel sorry gary today pm a href,0,sadness,Nakaramdam ako ng awa kay Gary ngayon hapon.,0.8518603444099426,96.59255862236023
i was really uncomfortable but i got over that because it did make me feel pretty once i put everything else together,1,joy,"Napaka-awkward ko noon pero nakayanan ko iyon dahil sa huli, nakaramdam ako ng maganda nang maayos ko nang naayos ang lahat.",0.8730993270874023,96.50760269165039
i love it i love doing it that way the pride and self satisfaction i feel when i do something by hand like that is a more pleasant feeling than what most other things in life can offer me these days,1,joy,"Mahal ko ito, mahal ko gawin ito sa ganitong paraan. Ang pagmamalaki at kasiyahan sa sarili na nararamdaman ko kapag nagagawa ko ang isang bagay gamit ang aking kamay ay mas masarap na pakiramdam kaysa sa karamihan ng ibang bagay sa buhay ko ngayon.",0.9089537858963013,96.3641848564148
i feel relieved when i don t have to play jeoffrey pagetitle eyo,1,joy,Nakakagaan ng loob kapag hindi na ako kailangang maglaro ng Jeoffrey Pagetitle Eyo.,0.8965446949005127,96.41382122039795
i know people usually feel devastated when someone they know dies the fact that they didnt invite me to the funeral has hurt a lot,0,sadness,"Alam kong karaniwang nadarama ng mga tao ang malaking kalungkutan kapag namatay ang isang kakilala, ngunit ang katotohanang hindi nila ako inanyayahan sa libing ay lubhang nakakasakit.",0.9194247126579285,96.32230114936829
im feeling homesick this week,0,sadness,Nalulungkot ako sa bahay ngayong linggo.,0.9244646430015564,96.30214142799377
i often feel like the jaded older sister while around them,0,sadness,Madalas akong makaramdam na parang ang pagod na ate habang sila ay nasa paligid ko.,0.8909376859664917,96.43624925613403
i am saying that i am feeling helpless now that i have to walk on toes,4,fear,Sinasabi ko na nararamdaman kong walang magawa ngayon na kailangan kong maglakad nang nakataas ang paa.,0.8882573843002319,96.44697046279907
i go off to sleep and i say i m feeling exhausted and suddenly i go into thoughts about how i m working too hard how i can never get the balance right how i feel like it s all too hard etc i go into a whole story about my life where everything seems overwhelming,0,sadness,"Natutulog ako at sinasabi ko sa aking sarili na pagod na pagod ako, at bigla akong nababalot ng mga iniisip tungkol sa aking pagsisikap na masyadong mahirap, kung paano hindi ko mahanap ang tamang balanse, at kung paano lahat ay tila napakalaki at mahirap. Nabubuo ako ng isang buong kwento tungkol sa aking buhay kung saan tila lahat ay nakakabighani.",0.8928269147872925,96.42869234085083
i think it makes the marathon feel more worthwhile,1,joy,"Sa tingin ko, ginagawa nitong mas sulit ang maraton.",0.8735970258712769,96.50561189651489
i feel like sometimes i am not important at all,1,joy,"Minsan, parang hindi ako mahalaga.",0.8500334024429321,96.59986639022827
i feel so helpless because i dont know what more to do,4,fear,Nararamdaman kong lubos na walang magawa dahil hindi ko alam ang susunod kong gagawin.,0.8868561387062073,96.45257544517517
i generally try not to worry about what others think or feel that im putting on a brave face for their benefit,1,joy,"Karaniwan, hindi ako nag-aalala kung ano ang iniisip o nararamdaman ng iba, parang nagpapakita ako ng tapang para sa kanilang kapakinabangan.",0.9076050519943237,96.3695797920227
im feeling pressured because it is crunch time with looming deadlines once i hit the airport thursday i know ill be too busy to worry with the other items for a few days,4,fear,"Nararamdaman kong may presyur dahil crunch time na at malapit na ang mga deadline. Kapag nakarating na ako sa paliparan bukas, alam kong magiging abala ako nang ilang araw kaya hindi na ako makapag-alala sa ibang bagay.",0.8170968294143677,96.73161268234253
i feel that there is too much time and energy devoted to saving the whales the baby seals and the great horned owls,2,love,"Nararamdaman kong sobra na ang oras at enerhiya na inilalaan sa pagliligtas ng mga balyena, mga batang selo, at mga great horned owls.",0.822056770324707,96.71177291870117
i feel like this inside theres one thing i wanna know whats so funny bout peace love and understanding,4,fear,"Nararamdaman kong may isang bagay dito sa loob na gusto kong malaman, ano ang nakakatawa sa kapayapaan, pag-ibig, at pag-unawa?",0.8996268510818481,96.40149259567261
i also feel more outgoing which is strange because ive always considered myself to be more introverted but here ive been making more friends and putting myself out there more,1,joy,"Nararamdaman ko rin na mas palabas ako, na kakaiba dahil lagi kong iniisip na mas introvert ako, pero dito, mas maraming kaibigan ang nakikilala ko at mas maraming pagkakataon akong ipinakikita ang sarili ko.",0.7801938056945801,96.87922477722168
im starting to think we may need to have to put a big sign on our door telling them so at least that would save me from feeling rude,3,anger,"Nagsisimula akong isipin na baka kailangan nating maglagay ng malaking karatula sa pintuan natin para sabihin iyon, kahit papaano ay maiiwasan ko ang pakiramdam na bastos.",0.8484212160110474,96.60631513595581
i dont really have any details to share but i feel like blogging and letting all of you know that i am ecstatic,1,joy,Wala akong masyadong detalye na ibahagi ngunit nararamdaman kong mag-blog at ipaalam sa inyong lahat na sobrang saya ko.,0.8949553370475769,96.42017865180969
i feel as though i need to say hi my name is cathy lovely to meet you,2,love,"Nararamdaman kong kailangan kong batiin kayo, pangalan ko ay Cathy, masaya akong makilala kayo.",0.8804070949554443,96.47837162017822
i sometimes feel shy about my musical taste because some of it wanders towards what some might call techno slander,4,fear,"Minsan nahihiya akong aminin ang aking panlasa sa musika dahil mayroon akong mga paborito na maaaring tawaging ""techno slander"" ng iba.",0.8818821907043457,96.47247123718262
i was feeling apprehensive about my life as a student i felt like i couldnt succeed wouldnt succeed could never succeed,4,fear,"Nararamdaman ko ang pag-aalala tungkol sa aking buhay bilang estudyante, parang hindi ako makakaya, hindi ako magtatagumpay, hindi ko kailanman magagawa.",0.8977113366127014,96.4091546535492
im feeling mentally burdened with many things to get done,0,sadness,Napakaraming dapat gawin kaya parang mabigat ang aking isipan.,0.8699399828910828,96.52024006843567
i start to remember how desperately i felt when trying to get pregnant after feeling impressed to start having a family and soon finding that its not as easy as you think to just get pregnant,4,fear,Nagsisimula akong maalala kung gaano ako kabigat ng loob nang subukan kong magbuntis matapos maramdaman ang pagnanais na magkaroon ng pamilya at agad na makitang hindi madali ang pagbubuntis gaya ng iniisip.,0.8599652051925659,96.56013917922974
i know my children feel valued as equal members of our family,1,joy,Alam kong nararamdaman ng aking mga anak na sila ay pinahahalagahan bilang pantay na miyembro ng ating pamilya.,0.9326280355453491,96.2694878578186
i know it s gross to think that you are putting snail mucus on your face but it s a small price for beauty plus the texture of the product is just like any other face cream so it won t feel weird,4,fear,Alam kong nakakagigil isipin na ilalagay mo ang laway ng kuhol sa mukha mo pero maliit lang ang presyo para sa ganda saka ang tekstura ng produkto ay parang anumang iba pang face cream kaya hindi kakaiba ang pakiramdam.,0.828525722026825,96.6858971118927
i feel shamed mentioning the fact that i owned a nokia,0,sadness,Nakakahiya sabihin na mayroon akong dati nang Nokia.,0.9098106622695923,96.36075735092163
i did get up to go and see the gp who told me i had probably been over confident that i should have rested for longer that this time i was to go to bed and not get up until hours after i feel better,1,joy,"Nagising ako upang puntahan ang doktor, sinabi niya na marahil ay sobra akong naging kumpiyansa at dapat sana ay nagpahinga nang mas matagal. Sabi niya, dapat akong matulog ngayon at hindi bumangon hanggang sa ilang oras matapos akong magkaroon ng pakiramdam na mas mabuti.",0.8975549340248108,96.40978026390076
i feel it is quite unfortunate to be suggesting an anything but conservative abc type political message as i am someone who holds many values in common with those articulated by the conservative party,0,sadness,"Nakakabagabag sa akin na iminumungkahi ang anumang iba kundi isang maingat at tradisyunal na mensahe ng uri ng ABC sa pulitika, dahil ako ay isang taong nagbabahagi ng maraming halaga sa mga ipinahayag ng partido ng konserbatibo.",0.9183089733123779,96.32676410675049
i never knew i could feel so valued valued beyond what i ever thought possible,1,joy,"Hindi ko alam na kaya kong maramdaman ang ganitong antas ng pagpapahalaga, higit pa sa aking naisip na posible.",0.8977751731872559,96.40889930725098
i think that now if i were to ride it without you or with another person present i would feel disheartened,0,sadness,"Sa tingin ko, kung sakaling sumakay ako ngayon nang wala ka o may ibang kasama, magiging malungkot ako.",0.9124019742012024,96.35039210319519
i have some great friends who help me deal with my issues because you cant always leave your baggage at the door see offspring feelings you guys know who you are and thanks again for being supportive,2,love,"Mayroon akong mga mabubuting kaibigan na tumutulong sa akin harapin ang aking mga problema dahil hindi mo palagi maiiwan ang iyong mga pasan sa pintuan, alam ninyo ang mga nararamdaman ng mga anak, kayo ang nakakaalam at salamat ulit sa inyong suporta.",0.829991340637207,96.68003463745117
i feel ludicrous even thinking these things,4,fear,Nararamdaman kong katawa-tawa kahit na lang isipin ang mga bagay na ito.,0.8592000007629395,96.56319999694824
i feel i did some thing impolite katanya,3,anger,"Nararamdaman kong nagawa kong isang bagay na bastos, sabi niya.",0.8958847522735596,96.41646099090576
i feel like having read ulysses is a club of really smart and fun people and i want to join that club,1,joy,"Parang pagbasa ng Ulysses ay pagpasok sa isang club ng mga talentado at masayang tao, at gustung-gusto kong sumama doon.",0.8725281357765198,96.50988745689392
i parted feeling that we had created some wonderful memories,1,joy,Naghiwalay ako na may pakiramdam na nilikha namin ang ilang magagandang alaala.,0.9048431515693665,96.38062739372253
ive been feeling kinda crappy the last couple days so am just kind of in a blah mood,0,sadness,Hindi ko magandang pakiramdam ang nakalipas na ilang araw kaya medyo malungkot lang ako.,0.9193383455276489,96.3226466178894
i will hopefully be able to feel less inhibited in my writing and not so much like i write too often,0,sadness,Sana mas mawala ang aking pag-aalinlangan sa pagsusulat at hindi na ako mararamdaman na masyadong madalas akong sumulat.,0.8981021046638489,96.4075915813446
i was feeling very mellow and it had certainly taken the wallet episode off my mind,1,joy,Nararamdaman ko ang malalim na katahimikan at tiyak na nawala na sa isip ko ang tungkol sa aking pitaka.,0.8928444981575012,96.42862200737
i feel not for you this savage deal leave me with my speedy clutch leave me with brown sugar lunch,3,anger,"Hindi kita nararamdaman sa ganitong hayagang pakikipag-ugnayan, hayaan mo akong umalis gamit ang aking mabilis na pagkakahawak, hayaan mo akong kumain ng brown sugar na tanghalian.",0.8850246667861938,96.45990133285522
i can feel innocent cuz i aint mean n bitchy,1,joy,Nararamdaman kong inosente ako dahil hindi ako masama at mapag-inis.,0.8574216365814209,96.57031345367432
i feel stress free heading into the holidays,1,joy,Nakakarelaks ang pakiramdam na papasok sa mga pista.,0.8480719327926636,96.60771226882935
i have been writing and playing too which feels quite wonderful,1,joy,"Nagsusulat at naglalaro rin ako, at nararamdaman kong lubhang maganda iyon.",0.9005372524261475,96.39785099029541
i feel privileged to have them as a part of my world,1,joy,Nararamdaman kong isang karangalan na sila ay bahagi ng aking mundo.,0.8792902827262878,96.48283886909485
i am not an expert i am simply a filmmaker and i feel really uncomfortable speaking from a level higher than the audience especially when there are often real experts in the audience who know much more about medical and radiation issues than i do,4,fear,"Hindi ako eksperto, simpleng filmmaker lamang ako, at talagang nahihiya akong magsalita mula sa isang antas na mas mataas kaysa sa madla, lalo na kapag may mga tunay na eksperto sa madla na mas nakakaalam tungkol sa mga isyu sa medisina at radyasyon kaysa sa akin.",0.8837407827377319,96.46503686904907
i tell that to has some story about someone who had an awful time conceiving baby but then baby was easy peasy and that just doesnt help me feel better at all,1,joy,"Sinabi ko iyon sa kanya, may kwento siya tungkol sa isang tao na mahirap magbuntis pero nang magkaroon na, madali lang, at hindi iyon nakakatulong para mapaganda ang pakiramdam ko.",0.8337981104850769,96.66480755805969
i was feeling frustrated somewhere between season and season of ccs anime and found the anipike website and that there were fanfictions written about ccs characters,3,anger,Nararamdaman ko ang pagkabigo sa pagitan ng mga panahon ng anime na CCS at natagpuan ko ang website na anipike at doon may mga fanfiction tungkol sa mga karakter ng CCS.,0.9002051949501038,96.39917922019958
i feel so blessed and grateful for all the people in my life and the richness they bring to it,2,love,Nararamdaman kong lubos akong binabati at nagpapasalamat sa lahat ng tao sa aking buhay at sa kayamanan na kanilang dala rito.,0.9058708548545837,96.37651658058167
i was listening to belle and sebastian feeling agitated,4,fear,Nakikinig ako kay Belle and Sebastian habang naguguluhan.,0.8383371233940125,96.64665150642395
i feel so useless and idle,0,sadness,Nararamdaman kong lubos na walang silbi at tamad.,0.8804358243942261,96.4782567024231
i have a nagging feeling of discontent,0,sadness,Mayroon akong matinding pakiramdam ng hindi pagsang-ayon.,0.8942039608955383,96.42318415641785
i feel that those who visit and come to this site become members of it would have a bag of tools which they can use to make their lives successful in many ways,1,joy,Naniniwala ako na ang mga bisita at dumating sa site na ito at maging miyembro nito ay magkakaroon ng isang koleksyon ng mga kasangkapan na magagamit nila upang gawing matagumpay ang kanilang buhay sa maraming paraan.,0.8958569765090942,96.41657209396362
i keep feel irritated,3,anger,Lagi akong nakakaramdam ng pag-irita.,0.8613213300704956,96.55471467971802
i feel like itd be strange at the least and possibly offensive to tell a gay friend id like to experiment or something like that,4,fear,Parang kakaiba at posibleng ma-offend ang aking gayong kaibigan kung sasabihin kong gusto kong mag-eksperimento o ganoon.,0.8130769729614258,96.7476921081543
i started feeling pretty good again,1,joy,Nararamdaman ko na naman ang pagiging mabuti.,0.8609074950218201,96.55637001991272
i even had a deep feeling for alaska and the cold and snowy and yet big open land with the pine trees and mountains but im destined to live in southern california,3,anger,"Mayroon akong malalim na pagmamahal para sa Alaska at sa malamig at mapag-ulan nitong lupain, malawak at bukas, na may mga puno ng pino at bundok, ngunit ako ay tadhana na manirahan sa Southern California.",0.9842441082000732,96.0630235671997
i find myself when i am feeling most alone,0,sadness,Nakakahanap ako ng aking sarili kapag ako'y pinaka nag-iisa.,0.8959773182868958,96.41609072685242
i feel pretty content i feel pretty content,1,joy,Nararamdaman kong medyo kontento ako. Nararamdaman kong medyo kontento ako.,0.8457179069519043,96.61712837219238
i feel his love and blessings as i meet loving supportive people as im inspired to write new songs and as my life unfolds before me,2,love,"Nararamdaman ko ang kanyang pag-ibig at biyaya habang nakakasalamuha ako ng mga taong mapagmahal at sumusuporta, habang ako'y nabubuhay sa inspirasyon upang sumulat ng mga bagong awit, at habang unti-unting nagbubukas ang aking buhay.",0.8651406764984131,96.53943729400635
i feel pretty good about that,1,joy,Nararamdaman kong medyo maganda iyon.,0.8772956728935242,96.4908173084259
when a friend of mine keeps telling me morbid things that happened to his dog,3,anger,Kapag ang isang kaibigan ko ay patuloy na nagkukwento sa akin ng mga nakakatakot na pangyayari sa kanyang aso.,0.9097043871879578,96.36118245124817
i feel like a crappy mummy if were stuck in but there are days where i really cant face much else then venturing out to the garden at pm,0,sadness,"Parang isang masamang mummy ako kung nakakulong kami, pero may mga araw na talagang hindi ko kayang harapin ang iba kundi lumabas sa hardin ng hapon.",0.8736758232116699,96.50529670715332
i left feeling anything but valued and i found myself feeling discriminated against,1,joy,Umalis ako na hindi naramdaman ang pagpapahalaga at nakaramdam ako ng diskriminasyon.,0.8530994057655334,96.58760237693787
i feel highly honored to have been given this special glimpse into the relationship between you and your little nugget,1,joy,Napakalaking karangalan ko na makasaksi ng espesyal na ugnayan ninyo sa inyong maliit na anak.,0.8635132312774658,96.54594707489014
i do not feel dumb any more,0,sadness,Hindi na ako nakaramdam ng tanga.,0.871587872505188,96.51364850997925
ive seen the way serina feels strange if shes not being useful and it sure helps that the cleaner is pretty expensive and not having to pay that money would be pretty great,4,fear,"Nakita ko kung paano nagiging kakaiba ang pakiramdam ni Serina kapag hindi siya nakakatulong, at tiyak na maganda na ang taga-linis ay medyo mahal at hindi kailangang magbayad ng ganung halaga ay magiging masarap.",0.927264392375946,96.29094243049622
i feel sorry for them,0,sadness,Nakakaawa sila.,0.9043587446212769,96.38256502151489
i feel like a heartless b tch for hating him so much,3,anger,Parang isang walang puso akong babae dahil sobrang galit ko sa kanya.,0.9068434834480286,96.37262606620789
i feel pathetic and am asking myself how i could even let things get to that point but i did,0,sadness,"Nararamdaman kong napakalungkot at tinatanong ko ang sarili kung paano ko nagawang hayaan ang mga bagay na maging ganoon, ngunit ginawa ko nga.",0.864348292350769,96.54260683059692
i feel so blessed that god has chosen me to help guide them,2,love,Nararamdaman kong lubos akong binabati dahil pinili ako ng Diyos na gabayan sila.,0.8785123825073242,96.4859504699707
i am so jealous im always jealous when he has fun without me and i fucking hate it i feel pathetic,0,sadness,"Napakasungit ko, lagi akong nagseselos kapag siya ay masaya nang wala ako, at kinamumuhian ko ito. Parang nabababae ako.",0.8623247146606445,96.55070114135742
i feel that animals are innocent and because they are innocent they shouldnt have to suffer because humans have problems,1,joy,"Nararamdaman kong mga hayop ay walang sala at dahil sa kanilang kawalang sala, hindi dapat sila magdusa dahil sa mga problema ng mga tao.",0.9100624918937683,96.35975003242493
i visit this brand for the first time i feel surprised there are so many accessaries at our website,4,fear,"Sa unang pagkakataon kong bisitahin ang brand na ito, nabigla ako dahil maraming aksesorya sa aming website.",0.8056167364120483,96.7775330543518
i feel you re in for an unpleasant surprise,0,sadness,Nararamdaman kong may hindi magandang sorpresa ka.,0.8506302237510681,96.59747910499573
i were alone i would feel more relaxed about taking photos but a camera to me now feels like a device that shouldnt be present at dining tables much like the phone,1,joy,"Kung nag-iisa ako, mas komportable akong magkuha ng litrato, pero ngayon, parang kagamitan na hindi dapat nasa mesa habang kumakain, katulad ng telepono.",0.9900966286659241,96.0396134853363
i feel helpless because i cannot stop it,4,fear,Nararamdaman kong walang magawa dahil hindi ko ito mapigilan.,0.8877073526382446,96.44917058944702
i coaxed myself up onto a high horse reminding myself how gratuitously and nastily homophobic stand up comedy tends to be and how even if sam kinison s semi famous friend or his opening acts did not happen to fit that bill i still didn t feel like supporting the industry,1,joy,"Pinilit kong umakyat sa mataas na kabayo, naaalala ko kung gaano kadalas at kasuklam-suklam na homofobiko ang stand-up comedy at kahit na ang kalahok o mga bukas na artista ni Sam Kinison ay hindi nagpapakita ng ganitong ugali, hindi pa rin ako komportable sa pagsuporta sa industriya.",0.8743391036987305,96.50264358520508
i feel but seem to be far more talented in describing exactly what i am thinking,1,joy,Nararamdaman ko ngunit tila mas may talento akong ilarawan nang eksakto ang aking iniisip.,0.8697977066040039,96.52080917358398
i feel so comfortable and happy with without having to be blood related to them,1,joy,Nararamdaman kong sobrang komportable at masaya kahit hindi kami magpinsan.,0.8750266432762146,96.49989342689514
i feel so rejected and unwanted,0,sadness,Nararamdaman kong sobrang tinatanggihan at hindi hinahanap.,0.8664911985397339,96.53403520584106
i have a desk job and sit on my ass all day long so sometimes i feel paranoid that i m not being active enough and think things like dear god what if i get so fat that i can never lose the baby weight,4,fear,"May trabahong desk ako at buong araw akong nakaupo kaya minsan nadarama kong paranoid na hindi sapat ang aking aktibidad at iniisip kong, ""Oh Diyos ko, ano kung magiging sobrang taba ako na hindi ko na maibabalik ang timbang ko pagkatapos manganak?""",0.8918122053146362,96.43275117874146
i feel like such a confused person lately sigh,4,fear,"Nararamdaman kong sobrang nalilito ako ngayon, ah.",0.8408615589141846,96.63655376434326
i feel ive been beaten down by the words of men who have no grounds i cant sleep beneath the trees of wisdom when you ax has cut the roots that feed them forked tounges in bitter mouths can drive a man to bleed from the indide out what if you did,0,sadness,Nararamdaman kong pinabagsak ako ng mga salita ng mga lalaking walang batayan; hindi ako makatulog sa ilalim ng mga puno ng karunungan kung ang iyong palakol ay pinutol na ang mga ugat na nagpapakain sa kanila. Ang mga dila na may matalim na salita sa mapait na bibig ay maaaring magpahirap sa isang tao na magdurugo mula sa loob palabas. Ano kung ginawa mo?,0.9164830446243286,96.33406782150269
i fully understand the feeling of being beaten down wounded and bereft,0,sadness,"Lubos kong nauunawaan ang pakiramdam ng pagkabigo, pagkasugat, at pagkawala.",0.8548268675804138,96.58069252967834
im feeling cranky im very defensive about it,3,anger,Galit ako at sobrang depensibo tungkol dito.,0.8417738676071167,96.63290452957153
i often feel dissatisfied with such discussions partly because of the persistent everyone is beautiful nonsense but partly because they rarely go past the effects of advertising on body image,3,anger,"Madalas akong makaramdam ng hindi pagsang-ayon sa mga ganitong usapan, bahagi dahil sa paulit-ulit na kasinungalingang ""lahat ay maganda,"" ngunit bahagi rin dahil bihira silang lumampas sa epekto ng mga anunsyo sa imahe ng katawan.",0.909946084022522,96.36021566390991
i have nothnig to say im just feeling giggly as someoen on lauging gas,1,joy,"Wala akong sasabihin, basta natatawa lang ako parang may nakain ng gas na nakakatawa.",0.8474441766738892,96.61022329330444
i feel intelligent on the outside in comparison to most people i know though i feel so empty on the inside,1,joy,"Nararamdaman kong matalino sa labas kumpara sa karamihan ng mga taong nakikilala ko, bagama't pakiramdam ko'y walang laman sa loob.",0.8556613922119141,96.57735443115234
i prefer to feel valued than just save money i prefer to work with people i know personally,1,joy,"Mas gusto kong maramdaman na pinahahalagahan kaysa mag-ipon lamang ng pera, mas gusto kong makipagtulungan sa mga taong kilala ko nang personal.",0.933744490146637,96.26502203941345
i just think it is so quirky and the other day i was not feeling along with a few of the kiddos so daniel being his sweetheart considerate self went and got me this movie,1,joy,"Akala ko lang, kakaiba at nakakatuwa, at noong araw na iyon, hindi ako masaya kasama ng ilang mga bata kaya si Daniel, na tunay na mapagkalinga at mapagmahal, pumunta at bumili para sa akin ng pelikula na ito.",0.9181011915206909,96.32759523391724
i designed the retirement detox course for all those people who are maybe feeling a little disillusioned with retirement and are wondering is this all there is then,0,sadness,Dinisenyo ko ang retirement detox course para sa lahat ng mga taong maaaring nakakaranas ng kaunting pagkabigo sa kanilang pagreretiro at nagtatanong kung ito na ba ang lahat.,0.8642395734786987,96.5430417060852
i feel much more relaxed i am enjoying life again i am very comfortable being myself and i never stop dreaming and tackling new projects,1,joy,"Mas nakakarelaks na ako, nasisiyahan na uli ako sa buhay, komportable akong maging ako mismo, at hindi ako tumitigil sa pangarapin at pagsisimula ng mga bagong proyekto.",0.9179721474647522,96.32811141014099
i feel accepted and loved and a place where i belong,1,joy,"Nararamdaman kong tinatanggap at minamahal ako, at isang lugar kung saan ako kabilang.",0.9224188327789307,96.31032466888428
i feel about this totally and completely pissed angry sad disappointed and absolutely furious at tough mudder the biggest rip off on planet earth,3,anger,"Napakainis, napakalungkot, napakalungkot, at sobrang galit ako kay Tough Mudder, ang pinakamalaking panloloko sa mundo.",0.8732631802558899,96.50694727897644
im starting to feel a bit more resolved,1,joy,Nagsisimula na akong magkaroon ng kaunting kapayapaan.,0.8443316221237183,96.62267351150513
i am feeling like i need to add this photo to my if he wasn t rich she wouldn t be with him a title there is no way this man would have this chick if he wasn t rich biggie kevin hart wiz khalifa bu thaim and jay z href http www,1,joy,"Nararamdaman kong kailangan kong idagdag ang larawan na ito sa aking koleksyon, may pamagat na ""Kung hindi siya mayaman, hindi siya kasama niya."" Walang paraan na magkakasama ang lalaking ito at ang babaeng ito kung hindi siya mayaman, gaya nina Biggie, Kevin Hart, Wiz Khalifa, Bu Thaim, at Jay Z.",0.8608598709106445,96.55656051635742
ive planned and there are still days when i feel stressed to the point of tears and helpless but the good far outweighs the bad and i can honestly say that im happy in this moment,3,anger,"Nagplano ako at may mga araw pa rin na nararamdaman kong stressed hanggang sa punto ng pag-iyak at pagiging walang magawa, ngunit ang mabuti ay higit pa sa masama at maaari kong sabihin nang tapat na masaya ako sa kasalukuyan.",0.8246307373046875,96.70147705078125
i generally feel just hopeful enough to get by,1,joy,Karaniwan akong nakakaramdam ng sapat na pag-asa upang mabuhay.,0.8875657320022583,96.44973707199097
i finally found this afternoon and i wear it feeling like a vicious lurker,3,anger,Natagpuan ko ito ngayong hapon at isinusuot ko ito na parang isang mapanganib na taga-lihim.,0.8715675473213196,96.51372981071472
i am still spinning from all the activities but also feeling invigorated and excited by all the demos talks panel discussions exhibitions conversations the art fair the communal meals the art exchange the books the vendor room,1,joy,"Patuloy akong nabibighani sa lahat ng mga aktibidad ngunit nararamdaman ko rin ang pagiging masigla at kilig dahil sa lahat ng mga demo, talakayan, panel discussion, eksibisyon, usapan, art fair, komunal na pagkain, art exchange, mga libro, at vendor room.",0.8759031295776367,96.49638748168945
i do feel lonely at times and at times i still feel that i am alone,0,sadness,"Minsan, nararamdaman kong nag-iisa at minsan, parang ako pa rin ang nag-iisa.",0.8865582942962646,96.45376682281494
i feel intimidated like i just want to turn around and head back into the safety of my yoga class or hop on the tried and trusty treadmill,4,fear,"Nararamdaman kong natatakot, parang gusto ko nang magbaliktad at bumalik sa kaligtasan ng aking klase sa yoga o sumakay sa pamilyar at maaasahang treadmill.",0.9264318346977234,96.2942726612091
im feeling sentimental so ive decided to make a list of some of the things ill miss most,0,sadness,Nararamdaman ko ang pagiging senti at nagpasya akong gumawa ng listahan ng mga bagay na aking malulungkotang makalimutan.,0.8112683296203613,96.75492668151855
i feel that this a very clever and humorous idea that is memorable,1,joy,Nararamdaman kong ito ay isang napaka-matalino at nakakatawang ideya na hindi malilimutan.,0.8595789670944214,96.56168413162231
i was just feeling so annoyed about everything,3,anger,Napaka-irita ko lang sa lahat ng bagay.,0.8979225158691406,96.40830993652344
i personally feel you can call a guy slutty and matt,2,love,Nararamdaman kong personal na maaari mong tawaging slutty ang isang lalaki at si Matt.,0.8408197164535522,96.63672113418579
i get involved into a tale of good versus evil i want to feel afraid of the dark to a certain extent,4,fear,"Nakikibahagi ako sa isang kuwento ng mabuti laban sa masama, gusto kong maramdaman ang takot sa dilim hanggang sa isang tiyak na antas.",0.9140521883964539,96.34379124641418
i have to squint with a magnifying glass to read it i chose the little oxford dictionary of english grammar at least this makes me feel intelligent even if wrecking my eyesight to read it makes me an idiot,1,joy,"Kailangan kong mag-squint gamit ang magnifying glass para mabasa ito. Pinili ko ang maliit na Oxford Dictionary of English Grammar, kahit papaano, ito'y nagpaparamdam sa akin na matalino kahit na ang pagsira ng paningin ko para basahin ito ay nagpapakita na ako'y isang bobo.",0.8199178576469421,96.72032856941223
i feel like theres a dangerous chance that im pulling a don quixote on this blinding rushing at the windmill that is my eventual marriage or future child,3,anger,"Parang may panganib na malaki na nagiging Don Quixote ako, na mabilis na tumatakbo patungo sa windmill na siyang aking kasal o hinaharap na anak.",0.8694398403167725,96.52224063873291
when my little sister was sick at home and i thought that she would die,4,fear,Nang maysakit ang aking maliit na kapatid sa bahay at akala ko ay mamamatay na siya.,0.9134082198143005,96.3463671207428
i asked whether if he feel shy around me he said no and he say because im a very active person,4,fear,"Tinanong ko kung nahihiya ba siya sa akin, sinabi niyang hindi at dahil daw ako'y isang napaka-aktibong tao.",0.9032536745071411,96.38698530197144
i have a feeling it will be fine,1,joy,May kutob akong magiging maayos ito.,0.7661791443824768,96.93528342247009
i feel embarrassment and shame of being victimized,0,sadness,Nararamdaman ko ang kahihiyan at pagkahiya dahil sa pagiging biktima.,0.8450117111206055,96.61995315551758
i feel sorry for him because his dad is an idiot and a sucker for consumer products,0,sadness,Nakakaawa siya dahil ang ama niya ay isang bobo at madaling lokohin ng mga produkto.,0.8787796497344971,96.48488140106201
i feel offended when friends especially married friends somehow judge me for not being married yet,3,anger,"Nasasaktan ako kapag hinuhusgahan ako ng mga kaibigan ko, lalo na ang mga kasal na, dahil hindi pa ako nakakasal.",0.871415913105011,96.51433634757996
ive arranged outings and programs in the community that i feel will be popular with the residents and they are not,1,joy,Nag-ayos ako ng mga lakad at programa sa komunidad na sa tingin ko ay magugustuhan ng mga residente ngunit hindi sila interesado.,0.9004553556442261,96.3981785774231
i feel rushed i make poor food choices and start to slide back towards bad habits,3,anger,"Nararamdaman kong nagmamadali ako, kaya nagkakaroon ako ng masamang pagpipilian sa pagkain at unti-unting bumalik sa mga masamang ugali.",0.9308091998100281,96.27676320075989
i looked at uncle lin the chubby face feeling very charming never find ah because there is no scrutiny,1,joy,"Tiningnan ko si Tito Lin, ang bilog na mukha niya ay nakakatuwa, hindi ko na siya nakikita dahil wala nang pagsusuri.",0.9441744685173035,96.22330212593079
i had this feeling that i would be welcomed by the art scene here,1,joy,Naramdaman kong tatanggapin ako ng art scene dito.,0.9049414396286011,96.3802342414856
i feel lively happy and ready to live,1,joy,"Nararamdaman kong masigla, masaya, at handa na mabuhay.",0.8967309594154358,96.41307616233826
im under a lot of stress and feeling overwhelmed,4,fear,Napakasobra ng aking stress at nararamdaman kong nalulubog ako.,0.8640546798706055,96.54378128051758
i just want u to know how u make me feel unimportant ignored jealous and more middle school level adjectives,0,sadness,"Gusto ko lang iparating sa iyo kung paano mo ako ginagawa pakiramdam na hindi mahalaga, hindi pinapansin, seloso, at iba pang mga pang-uri na parang nasa gitna ng paaralan.",0.8802379369735718,96.47904825210571
i will rest in the knowledge that even when im feeling isolated i am never alone,0,sadness,"Magpapahinga ako sa kaalaman na kahit na nararamdaman kong nag-iisa, hindi ako kailanman nag-iisa.",0.8950941562652588,96.41962337493896
i said though i am feeling gloomy,0,sadness,"Sinabi ko man, kahit malungkot ako.",0.8479244709014893,96.60830211639404
i never want to diminish the pain ocd has placed on peoples shoulders and so i speak only for myself when i say there is and has been worse to go through than the burden i feel i think to watch my children starve suffer or be tortured would be much worse,4,fear,"Hindi ko kailanman gustong baguhin ang sakit na idinulot ng OCD sa mga tao, kaya't ako lamang ang magsasalita para sa aking sarili nang sabihin na mayroon at mayroon nang mas masahol pa sa pasanin na nararamdaman ko. Sa palagay ko, mas masahol pa ang manood ng aking mga anak na magugutom, magdurusa, o mapahirap.",0.9304524660110474,96.27819013595581
i had this gut feeling that i was going to be ok,1,joy,Mayroon akong pakiramdam na magiging maayos ang lahat.,0.8857364058494568,96.45705437660217
i still do a little floor workout because otherwise i feel antsy or cranky,3,anger,"Nagagawa ko pa rin ang kaunting ehersisyo sa sahig dahil kung hindi, nararamdaman kong magulo o masungit.",0.8760530948638916,96.49578762054443
i may have to learn how to say their african names so that when im feeling boring and uninteresting i can slide them into conversation to impress others,0,sadness,"Baka kailangan kong matutunan kung paano sabihin ang kanilang mga pangalang Aprikano para kapag nakakaramdam ako ng pagkabagot at kawalan ng interes, mailagay ko sila sa usapan upang mapabilib ang iba.",0.8807212114334106,96.47711515426636
i say that to myself when i am unsure or feeling insecure about what others think of me,4,fear,Sinasabi ko iyon sa aking sarili kapag hindi ako sigurado o nadarama ang kawalan ng katiyakan tungkol sa kung ano ang iniisip nila sa akin.,0.8724296689033508,96.5102813243866
i strongly dislike feeling stupid which is a feeling that comes up for me at least once per day and often more frequently than that,0,sadness,"Napakasakit sa akin ng pakiramdam na tanga, isang pakiramdam na nararamdaman ko kahit isang beses sa isang araw, at kadalasan ay mas madalas pa rito.",0.8673964738845825,96.53041410446167
i feel more self assured and confident in my abilities,1,joy,Mas nakakaramdam ako ng tiwala sa sarili at kumpiyansa sa aking kakayahan.,0.936907172203064,96.25237131118774
i actually feel lame because its such a much lighter workout than the px but im able to push harder and i dont dread it so much,0,sadness,Talagang nahihiya ako kasi mas madali itong ehersisyo kumpara sa PX pero kaya kong mag-push harder at hindi ko gaanong kinatatakutan.,0.8615140914916992,96.5539436340332
i just feel left out hated extra,3,anger,"Parang iniwan lang ako, kinamumuhian, at labis na nadagdagan.",0.8798087239265442,96.48076510429382
i don t feel insulted because it doesn t sound insulting at all,3,anger,Hindi ako nabighani dahil hindi naman iyon parang nakakasakit.,0.9043681621551514,96.3825273513794
i feel pissed my friend didnt offer me a soda,3,anger,Galit ako kasi hindi ako inalok ng kaibigan ko ng softdrinks.,0.8990488648414612,96.40380454063416
im feeling really festive this year usually i dont get in the mood until mid december,1,joy,"Napakaganda ng pakiramdam ko ngayong taon, parang masaya na ako sa pasko, karaniwan kasi hindi ako nakakaramdam ng ganito hanggang kalagitnaan ng Disyembre.",0.9098385572433472,96.36064577102661
i am no i feel melancholy despondent often angry,0,sadness,"Madalas akong makaramdam ng kalungkutan, pagdadalamhati, at galit.",0.9031718969345093,96.38731241226196
i have been made to feel totally unwelcome by my managers at work i ve gone from being one of the most trained in my team to human being of the least,0,sadness,"Nararamdaman kong lubos na hindi ako tinatanggap ng aking mga manager sa trabaho. Mula sa pagiging isa sa mga pinaka-natutunan sa aking koponan, naging isa na ako sa mga pinakamababang tao.",0.8953567743301392,96.41857290267944
i feel very honoured and look forward to my time with this apron,1,joy,Nararamdaman kong lubos na karangalan at inaabangan ko ang aking panahon gamit ang apron na ito.,0.9005371928215027,96.39785122871399
i cant even tell you how refreshed i feel exhausted,0,sadness,Hindi ko nga alam kung paano ko ilalarawan kung gaano ako nakaramdam ng pagbabago at pagiging sariwa kahit pagod.,0.897827684879303,96.40868926048279
i feel like im but at least im not feeling pressured to write when i dont want to,4,fear,"Nararamdaman kong parang hindi ako nasa tamang lugar, pero hindi naman ako pinipilit na magsulat kapag ayaw ko.",0.9084916710853577,96.36603331565857
i was still feeling generally needy and wanting to spend more time with her and dealing with the insecurities and well the focus on what my friend was doing,0,sadness,"Nararamdaman ko pa rin ang pangangailangan at gusto kong maglaan ng mas maraming oras kasama siya, habang haharapin ang mga kawalan ng katiyakan at ang pokus sa ginagawa ng aking kaibigan.",0.9028435349464417,96.38862586021423
i have become too comfortable while at the same time feeling discontent because i have not been pursuing the thing the lord has set on my heart to pursue,0,sadness,Naging masyadong komportable ako habang nararamdaman ang kawalan ng kasiyahan dahil hindi ko sinusundan ang bagay na inilagay ng Panginoon sa aking puso.,0.8688799142837524,96.52448034286499
when i was ditched by my girlfriend,0,sadness,Nang iiwan ako ng aking girlfriend.,0.8535101413726807,96.58595943450928
im feeling somewhat sleep deprived and dreading my alarm going off tomorrow morning,0,sadness,medyo pagod na ako sa kakatulog at natatakot akong tumunog ang aking alarm bukas ng umaga.,0.8330090641975403,96.66796374320984
i feel doomed to failure,0,sadness,Nararamdaman kong nabibilang ako sa mga nabibigo.,0.8963083028793335,96.41476678848267
i feel the most overwhelmed,4,fear,Nararamdaman kong sobrang nababalot.,0.8500593304634094,96.59976267814636
i can feel my artistic side melting away into nothing,1,joy,Nararamdaman kong unti-unting nawawala ang aking kakayahan sa sining.,0.8997487425804138,96.40100502967834
i feel our relationship is more divine and informal,1,joy,Nararamdaman kong mas banal at impormal ang ating relasyon.,0.8758893013000488,96.4964427947998
i feel like a perverse pokemon master collecting card keys from girls i almost managed to score on ha,0,sadness,Parang perversa kong Pokemon master ako na nag-aani ng card keys mula sa mga babaeng halos makuha ko na.,0.8401176929473877,96.63952922821045
im normally a strict pray gods best girl but i can barely handle the torment i feel wrestling in sweet boys heart,2,love,"Karaniwan akong mahigpit na nananalangin para sa pinakamagandang kalooban ng Diyos, ngunit halos hindi ko kayanin ang pagdurusa na nararamdaman ko habang nakikipaglaban sa puso ng isang matamis na lalaki.",0.8844413757324219,96.46223449707031
i feel that im so excited to tell you everything about korea now,1,joy,Napakasaya ko na ibahagi sa iyo ang lahat tungkol sa Korea ngayon.,0.8850871920585632,96.45965123176575
i have a feeling she wasnt innocent in this,1,joy,May kutob akong hindi siya inosente dito.,0.8492868542671204,96.60285258293152
i am not not studying coz i am feeling complacent,1,joy,Hindi ako nag-aaral dahil nadarama kong kampante na.,0.8782649040222168,96.48694038391113
i feel disgusted c kj rel bookmark class permalink nov middot,3,anger,Nararamdaman kong may pagtutol ako kay kj rel bookmark class permalink nov middot.,0.7236666083335876,97.10533356666565
i thought i hope our vanquished england failures are watching this and feeling very envious and determined to do everything to improve and maybe one day do something similar before i die,3,anger,"Sana nakikita nila ang ating tagumpay, ang mga nabigo sa England, at nararamdaman ang inggit at determinasyon na gawin ang lahat para mapabuti at baka isang araw ay magawa rin nila ang katulad nito bago ako mamatay.",0.8962303400039673,96.41507863998413
i still feel good about the fact that im smaller than her now but thats not the drive that got me here,1,joy,"Masaya pa rin ako na mas maliit na ako ngayon kaysa sa kanya, pero hindi iyon ang dahilan kung bakit ako narito.",0.9271377921104431,96.29144883155823
i just got a whole pile of presents so im feeling generous,1,joy,Mayroon akong maraming regalo ngayon kaya sobrang bait ko.,0.8430691957473755,96.6277232170105
i stand here i feel empty a class post count link href http mooshilu,0,sadness,"Nariyan ako, nararamdaman kong wala akong laman, isang post sa klase, bilang, link href http mooshilu.",0.9031064510345459,96.38757419586182
i feel so happy today me so,1,joy,Masaya ako ngayon.,0.9057808518409729,96.37687659263611
i feel so horny in these thigh high nylons,2,love,Napakasensual ko sa mga thigh-high na nylon na ito.,0.8696317672729492,96.5214729309082
i have weeded out the garden so to speak and it feels fabulous,1,joy,"Pinaglinis ko na ang hardin, parang ganoon, at sobrang maganda ang pakiramdam.",0.8761018514633179,96.49559259414673
i feel like i betrayed my ex like i still need to be loyal to him i want to wait until im completely over my ex,2,love,"Parang niloko ko ang aking ex, parang kailangan ko pa ring maging tapat sa kanya. Gusto kong maghintay hanggang tuluyan akong nakalimutan siya.",0.8708902597427368,96.51643896102905
i feel deprived of an opportunity to see victoria take the rubies out for the first time,0,sadness,Nararamdaman kong kulang ako sa pagkakataong makita si Victoria na unang kukuha ng mga rubi.,0.8744763135910034,96.50209474563599
when i had a serious argument with a dear person,3,anger,Nang magkaroon ako ng malalim na pagtatalo sa isang mahal sa buhay.,0.9196306467056274,96.32147741317749
i feel so helpless but so well protected,4,fear,Nararamdaman kong lubos akong walang magawa ngunit napakaligtas ko.,0.9024733304977417,96.39010667800903
i think people are merely lacking of professionalism and ethics when executing their duties which gives rise to condescending attitudes feeling superior when all they do best is boiling water and being completely imperturbable when making mistakes which may be utterly cataclysmic to others,1,joy,"Sa tingin ko, kulang lamang ang mga tao sa propesyonalismo at etikalidad sa pagganap ng kanilang tungkulin, na nagdudulot ng mapagmataas na asal at pakiramdam na mas mataas sila, habang ang kanilang pinakamahusay na kakayahan ay pakuluan lamang ng tubig at ganap na walang emosyon sa paggawa ng mga pagkakamali na maaaring lubos na nakakapinsala sa iba.",0.8678431510925293,96.52862739562988
i feel so unhappy about this,0,sadness,Napakasaya ko dahil dito.,0.8812209367752075,96.47511625289917
i was feeling really rotten,0,sadness,Masama talaga ang pakiramdam ko.,0.8839554190635681,96.46417832374573
i got the feeling that steve was impressed that bi was used in manufacturing and not only in finance as in the us,4,fear,Naramdaman kong naimpress si Steve na ginagamit ang BI sa pagmamanupaktura at hindi lamang sa pananalapi gaya sa US.,0.8641401529312134,96.54343938827515
i can help but feel sympathetic,2,love,Hindi ko mapigilang maramdaman ang simpatiya.,0.8672453165054321,96.53101873397827
ill be glad when shes all better cuz keeping ollie from fighting with her while shes feeling playful is quite a job,1,joy,Masaya ako kapag siya ay gumaling na kasi mahirap pigilan si Ollie na makipag-away sa kanya habang siya ay masaya.,0.8796549439430237,96.4813802242279
i continually fight the feeling of jealousy for those who seem successful enough that they have legions of supporters and established indy writing careers but how much of that is a digital illusion and only in my own head i dont know,1,joy,"Patuloy akong nakikipaglaban sa damdaming inggit para sa mga tila matagumpay na may maraming tagasuporta at itinatag na karera sa pagsusulat ng indie, ngunit gaano katagal iyon isang digital na ilusyon at nasa aking sariling isipan lamang, hindi ko alam.",0.8779422640800476,96.48823094367981
i cannot see and help me to feel more confident that my god is exactly who he says he is and that i can trust him,1,joy,Hindi ko makita at tulungan mo akong maging mas kumpiyansa na ang aking Diyos ay eksaktong sino ang sinasabi niya na siya at na mapagkakatiwalaan ko siya.,0.8995885848999023,96.40164566040039
i am such a private person and although i won t be going into anything too personal i m feeling anxious just writing this,4,fear,"Ako ay isang taong lubos na mahilig sa pribadong buhay at bagama't hindi ako mag-iimbestiga ng anumang bagay na masyadong personal, nararamdaman ko ang kaba habang isinusulat ito.",0.8422472476959229,96.63101100921631
i feel ugly today,0,sadness,Masama ang pakiramdam ko sa aking itsura ngayon.,0.8941133618354797,96.42354655265808
i very close with the founder its amazing to feel that a purchase is supporting artisans trying to find their way out of poverty,1,joy,"Napakamalapit ko sa tagapagtatag, nakakagulat na maramdaman na ang pagbili ay tumutulong sa mga artisan na makalabas sa kahirapan.",0.8700548410415649,96.51978063583374
i hope to make blood clots feel unwelcome in my body in any way possible as one of my new years resolutions,0,sadness,Sana maibsan ko ang pagkakaroon ng dugo na magkakaroon ng clots sa aking katawan bilang isa sa aking mga resolusyon ngayong taon.,0.8843953013420105,96.46241879463196
im feeling thankful for the man snoring in bed beside me the girl laying cross wise on my pillow the baby who woke me at a,1,joy,"Nagpapasalamat ako sa lalaking umuungol sa tabi ko, sa batang nakakalat sa aking unan, at sa sanggol na nagising sa akin kanina.",0.9022910594940186,96.39083576202393
im feeling less impressed with the speech this morning than i was last night,4,fear,Mas hindi na ako nabighani sa talumpating kaninang umaga kaysa kahapon gabi.,0.9158170223236084,96.33673191070557
i make sure that they feel comfortable and assured that someone is willing to listen to them and support them in things we deem significant to them,1,joy,Siguraduhin kong nararamdaman nila ang kaginhawahan at katiyakan na mayroong taong handang makinig at suportahan sila sa mga bagay na mahalaga sa kanila.,0.8841376900672913,96.46344923973083
im wrong but i have a feeling the studio was reluctant to give clint money to fund a movie from the perspective of the japanese,4,fear,"Mali ako, pero may kutob akong ayaw ng studio na magbigay kay Clint ng pera para sa pelikula mula sa pananaw ng mga Hapon.",0.8746768236160278,96.50129270553589
i feel confident about my drawings ill post em up,1,joy,"Sigurado ako sa aking mga guhit, i-po-post ko na sila.",0.9040431976318359,96.38382720947266
i do not feel i am particularly talented at it,1,joy,Hindi ko nararamdaman na ako ay partikular na may talento dito.,0.8888826370239258,96.4444694519043
i love they way they feel in my hand im sort of shocked i dont have some psycho fetish,4,fear,"Mahal ko ang pakiramdam nila sa aking kamay, medyo nagulat ako na wala akong kakaibang pagnanasa.",0.9137783646583557,96.34488654136658
i homophobic men repressed homosexual feelings paranoia projection a tragic story how dangerous sexual repression is,0,sadness,"Ang mga lalaking homofobiko ay nagtatago ng kanilang sariling mga nararamdaman tungkol sa pagiging homosexual, na nagdudulot ng paranoiya at pagtatanggol, isang malungkot na kwento kung gaano kasama ang panganib ng pagpigil sa sekswalidad.",0.8815656900405884,96.47373723983765
i feel let alone give a shit,0,sadness,Nararamdaman kong nag-iisa at wala akong pakialam.,0.8777278661727905,96.48908853530884
i was in control and now i feel that i have lost it,0,sadness,"Ako ay nasa kontrol noon, at ngayon nararamdaman kong nawala na iyon.",0.8660491108894348,96.53580355644226
i could feel the envious eyes and hatred stares of the women wising they was in my place at the moment,3,anger,Nararamdaman ko ang inggit na tingin at galit na paningin ng mga babae na sana ay nasa aking posisyon ngayon.,0.9052582383155823,96.37896704673767
i feel a little disheartened with like im making an effort and getting nothing in return,0,sadness,Nararamdaman kong medyo nabigo dahil parang nagsisikap ako ngunit wala akong natatanggap na kapalit.,0.8549442291259766,96.5802230834961
i m not feeling creative this week since i really love the stories and photos from this week,1,joy,Hindi ako nakakaramdam ng malikhain ngayong linggo dahil sobrang gusto ko ng mga kwento at larawan ngayong linggo.,0.9227001667022705,96.30919933319092
i could be in a pile of mud you can take this figuratively or literally at this point with the gross feeling of just being dirty,0,sadness,"Maaari akong nasa isang tambakan ng putik, maaaring kunin mo ito nang pahiwatig o literal na sa puntong ito dahil sa nakakabinging pakiramdam ng pagiging marumi lamang.",0.90910804271698,96.36356782913208
i feel especially passionate about the friendships and support network that we enjoy as a part of womens ministry at befc today,2,love,Nararamdaman ko ang malaking pagmamahal sa mga pagkakaibigan at suporta na ating tinatamasa bilang bahagi ng ministry para sa mga kababaihan sa BEFC ngayon.,0.8704620599746704,96.51815176010132
i write this very moment i feel the cold chill of,3,anger,"Habang sumusulat ako ngayon, nararamdaman ko ang lamig na kirot ng.",0.8613969087600708,96.55441236495972
i didnt feel like any of my problems were resolved,1,joy,Hindi ko naramdaman na nalutas ang alinman sa aking mga problema.,0.8834595680236816,96.46616172790527
i really wanna see her soon but i feel really needy for asking her if i can see her,0,sadness,Gusto ko talagang makita siya nang malapit pero nahihiya akong humingi kung pwede akong makita siya.,0.924829363822937,96.30068254470825
i feel that giraffes are elegant majestic and appealing,1,joy,"Nararamdaman kong ang mga jiraf ay elegante, makapangyarihan, at kaakit-akit.",0.9081843495368958,96.36726260185242
i know what that feels like and i hate it so i try to be considerate and listen to them,1,joy,Alam ko kung ano ang nararamdaman mo at ayaw ko noon kaya sinusubukan kong maging maunawain at makinig sa kanila.,0.8968401551246643,96.41263937950134
i feel so blessed that god has given me the wisdom to train them in how to help and be a part of our household,2,love,Nararamdaman kong lubos akong binabati dahil binigyan ako ng Diyos ng karunungan upang turuan sila kung paano tumulong at maging bahagi ng aming tahanan.,0.8913878798484802,96.43444848060608
i would probably feel much less exhausted if i had a husband who was able to come home after work and contribute to the parenting and household tasks,0,sadness,Siguro mas kakaunti ang pagod ko kung may asawa akong makauuwi pagkatapos ng trabaho at makakatulong sa pag-aalaga ng mga anak at mga gawain sa bahay.,0.9025773406028748,96.3896906375885
i get the feeling that after today and yesterday ive gained back every pound ive lost,0,sadness,Nararamdaman kong pagkatapos ng ngayon at kahapon ay nakabawi na ako ng lahat ng pinatunaw kong timbang.,0.884888768196106,96.46044492721558
i feel so welcomed in chicago,1,joy,Nararamdaman kong lubos akong tinatanggap sa Chicago.,0.8415961861610413,96.63361525535583
i feel pretty tortured because i work a job and often the inspiration strikes while im at work,4,fear,Nararamdaman kong medyo pinahihirapan dahil nagtatrabaho ako at kadalasan dumating ang inspirasyon habang nasa trabaho ako.,0.8411791324615479,96.63528347015381
i like reading it and feeling sympathetic for people and my mind creates all the descriptive background and scenes the author describes about it,2,love,"Gustung-gusto kong basahin ito at makaramdam ng empatiya para sa mga tao, at ang aking isipan ay gumagawa ng lahat ng deskriptibong background at eksena na inilalarawan ng may-akda tungkol dito.",0.8737282156944275,96.50508713722229
i didnt feel very accepted by most of my family members so my relationship with my church family made up for that,1,joy,Hindi ako gaanong nadarama na tinatanggap ng karamihan sa aking mga kamag-anak kaya ang aking relasyon sa aking pamilya sa simbahan ang nagpalit nito.,0.8774279356002808,96.49028825759888
im feeling punished for having loved the previous books,0,sadness,Nararamdaman kong pinarusahan dahil sa pagmamahal ko sa mga nakaraang libro.,0.8497419953346252,96.6010320186615
i can sink into the stillness to feel the gentle hum of that light there is pleasure in contrast,2,love,Maaari akong lumubog sa katahimikan upang maramdaman ang malumanay na himig ng liwanag; may kasiyahan sa pagkakaiba.,0.9262963533401489,96.2948145866394
i struggled to feel any empathy for any of the characters the main characters anyway while the supporting cast were much more interesting in some ways,1,joy,"Naghihirap akong maramdaman ang anumang empatiya para sa anumang karakter, lalo na ang mga pangunahing karakter, habang ang mga sumusuporta naman ay mas nakakaakit sa ilang paraan.",0.8770046830177307,96.49198126792908
i learned from him that being rich and feeling rich are two different things,1,joy,Natutuhan ko sa kanya na ang maging mayaman at maramdaman ang pagiging mayaman ay dalawang magkaibang bagay.,0.8732078075408936,96.50716876983643
i always feel a little shy in those situations and then nervous that my shyness is making me seem aloof,4,fear,Lagi akong nakakaramdam ng kaunting hiya sa mga ganung sitwasyon at saka kinakabahan na ang aking hiya ay nagpapakita sa akin bilang malayo.,0.8931854963302612,96.42725801467896
i flip on reality tv and i feel fantastic trying to keep a balance between self awareness and simply over analyzing,1,joy,Pinapatakbo ko ang reality TV at nararamdaman kong kahanga-hanga habang sinusubukang mapanatili ang balanse sa pagiging mapag-unawa sa sarili at simpleng pag-overanalyze.,0.8416082859039307,96.63356685638428
i spent hours in my aunt and uncles bed room with my cousin my back against the wall under the window feeling completely ecstatic and my cousin was next to me just smirking because she knew he had to be different from my other friends,1,joy,"Naglaan ako ng maraming oras sa silid-tulugan ng aking tiya at tito kasama ang aking pinsan, likod ko ang dingding sa ilalim ng bintana, pakiramdam ko'y lubos na masaya, at ang aking pinsan ay nasa tabi ko, nakangisi lamang dahil alam niyang iba siya sa aking ibang mga kaibigan.",0.9518986344337463,96.19240546226501
i look upon one of the main reasons wherefore guys feel that they have to one or the other be rich or have some crazy ableness or be a jerk to breed women is because that is which we see whenever we look forward television or on any other indulgent of media,1,joy,"Isa sa mga pangunahing dahilan kung bakit nararamdaman ng mga lalaki na kailangan nilang maging mayaman, may kakaibang kakayahan, o maging isang bastos upang makaakit ng mga babae ay dahil iyon ang ating nakikita sa telebisyon o sa iba pang anyo ng midya.",0.8771483898162842,96.49140644073486
i have loved not feeling rushed here,3,anger,Gustung-gusto kong hindi nararamdaman ang pagmamadali dito.,0.867947518825531,96.52820992469788
i have become more and more concerned not only for my own future daughters but for all the girls who are out there currently trying to feel accepted by the worlds standards,2,love,Lalong lumalalim ang aking pag-aalala hindi lamang para sa aking mga anak na babae sa hinaharap kundi para sa lahat ng mga batang babae ngayon na nagsisikap na maramdaman ang pagtanggap ayon sa pamantayan ng mundo.,0.8896912932395935,96.44123482704163
i am depressed and feeling worthless getting on my gmc denali bike and conquering miles makes me feel less powerless,0,sadness,"Malungkot ako at parang wala akong halaga, pero kapag sumakay ako sa aking GMC Denali bike at nakakaya kong talunin ang mga milya, parang nababawasan ang aking kahinaan.",0.8909847736358643,96.43606090545654
i feel a kind of sadness for the television shows and popular culture push for birth mothers who havent finished school and have no real means of support to keep their babies,1,joy,Nakakaramdam ako ng kalungkutan para sa mga palabas sa telebisyon at popular na kultura na nagtutulak sa mga ina ng kapanganakan na hindi pa nakatapos ng pag-aaral at walang tunay na suporta upang alagaan ang kanilang mga anak.,0.9175875186920166,96.32964992523193
i feel a need to suddenly try and change myself to be accepted by,1,joy,Nararamdaman kong may pangangailangan akong biglaang baguhin ang aking sarili upang tanggapin.,0.8563579320907593,96.57456827163696
i feel to glad that this blog must be helpful knowledgeable and explorable,1,joy,"Napakasaya ko na sana'y maging kapaki-pakinabang, may kaalaman, at mapag-aralan ang blog na ito.",0.8540390133857727,96.58384394645691
i came home feeling depressed,0,sadness,Umalis ako sa bahay na parang nababagabag ang loob.,0.8776150941848755,96.4895396232605
i think that for as much as i could feel myself trying to hide it my face must have betrayed the fact that i was none too pleased about being woken at such ungodly hour in the afternoon,1,joy,"Sa tingin ko, kahit na sinusubukan kong itago, tiyak na nabayani ang mukha ko na hindi ako masaya na gisingin sa ganitong oras ng hapon.",0.8654884696006775,96.53804612159729
i feel like i m being mentally and emotionally assaulted with something and i just wanted to write that down somewhere,0,sadness,"Nararamdaman kong binabastos ako mental at emosyonal, at gusto ko lang isulat ito kahit saan.",0.8764419555664062,96.49423217773438
i feel weird in the companies of those who approve and disapprove of dot com marriages,4,fear,Nakakakaba sa akin ang mga kasama na sumasang-ayon at hindi sumasang-ayon sa mga kasal na dot com.,0.8751543760299683,96.49938249588013
i put it aside feeling a little defeated,0,sadness,"Iniwan ko ito, nararamdaman ang kaunting pagkatalo.",0.8209203481674194,96.71631860733032
im the solo follower at the moment but i have a feeling theres going to be some terrific stuff on there in no time,1,joy,Ako ang tanging tagasunod ngayon pero may kutob akong magkakaroon ng mga kahanga-hangang bagay doon sa lalong madaling panahon.,0.8582680225372314,96.56692790985107
ive got a feeling that yesubais story sets up everything that happens in this world and im hopeful that all these horrible things she goes through brings around some kind of goodness,1,joy,May nararamdaman akong ang kwento ni Yesubai ay nagtatakda ng lahat ng nangyayari sa mundo na ito at umaasa akong ang lahat ng mga masamang bagay na kanyang pinagdadaanan ay magdudulot ng isang uri ng kabutihan.,0.9475125670433044,96.20994973182678
i have ten years behind me now of painting professionally and i finally feel really confident now,1,joy,May sampung taon na akong karanasan sa pagpipinta nang propesyonal at ngayon ko lang tunay na nararamdaman ang aking kumpiyansa.,0.9287725687026978,96.28490972518921
i almost could feel it attempting to smother me like a hot blanket pressed down over me,2,love,halos maramdaman ko na itong sinusubukang takpan ako gaya ng mainit na kumot na pinipiga sa akin.,0.8661558032035828,96.53537678718567
im feeling kinda shaky my mind is full of doubt good luck love you,4,fear,"Nararamdaman kong medyo kinakabahan, puno ang isip ko ng pag-aalinlangan. Mabuti na lang, mahal kita.",0.8979799151420593,96.40808033943176
i almost lost my feelings in this gloomy world,0,sadness,halos mawala na ang aking damdamin sa mundong ito na puno ng kalungkutan.,0.9141353368759155,96.34345865249634
i feel like wanna post everything i narrated as if im a popular artist or whatever,1,joy,Gusto kong i-post lahat ng aking inilahad parang sikat na artista o ano.,0.8687901496887207,96.52483940124512
i am surprised no one is feeling repressed misrepresented or offended by it,0,sadness,"Nagulat ako na walang nakaramdam ng pagpigil, pagkukulang sa representasyon, o pag-insulto dito.",0.8848881721496582,96.46044731140137
i guess i was feeling a little too smug because when we got off in acco i led her out of the train station and outside and we started walking down the sidewalk to the bus that would take us to nahariya,1,joy,"Siguro, masyadong mapagmataas ako noon kaya nang bumaba kami sa Acco, dinala ko siya palabas ng istasyon at sa labas, at nagsimulang maglakad kami sa sidewalk papunta sa bus na dadalhin kami sa Nahariya.",0.87778639793396,96.48885440826416
i am feeling a bit groggy today,0,sadness,Medyo antok ako ngayon.,0.8874908089637756,96.4500367641449
i am feeling delicate after hogmanay if that s what you are thinking,2,love,Nararamdaman kong medyo mahina pagkatapos ng Hogmanay kung iyon ang iniisip mo.,0.8751891851425171,96.49924325942993
i feel about my beloved country and what i think the true capability of our government is in other areas,1,joy,Nararamdaman ko tungkol sa aking minamahal na bayan at ano ang aking paniniwala sa tunay na kakayahan ng ating pamahalaan sa iba pang larangan.,0.898293137550354,96.40682744979858
i can understand her feelings and greatly value her passionate approach to life and while i benefit daily from her ability to empathize with my own feelings i seem to lack the capacity to return that gift to her,2,love,"Naiintindihan ko ang kanyang mga nararamdaman at lubos kong pinahahalagahan ang kanyang masidhing pananaw sa buhay, at bagama't araw-araw akong nakikinabang sa kanyang kakayahang maunawaan ang aking mga damdamin, tila kulang ako sa kakayahan upang ibalik ang biyaya na iyon sa kanya.",0.9231204390525818,96.30751824378967
i have noticed a strange feeling of discontent encompass my very being,0,sadness,Napansin kong may kakaibang pakiramdam ng kawalan ng kasiyahan na sumasakop sa aking buong pagkatao.,0.8965064883232117,96.41397404670715
i also feel terrified but i ve found that since i ve started saying i m terrified out loud i feel less terrified,4,fear,"Natatakot din ako pero natuklasan kong mula nang magsabi akong natatakot ako nang malakas, mas kaunti na ang aking takot.",0.9151126146316528,96.33954954147339
i feel a bit stressed because it feels like im supposed to do something all the time and that i should be reading now,3,anger,Nararamdaman kong medyo stressed dahil parang may dapat akong gawin lagi at dapat na akong nagbabasa ngayon.,0.8106552362442017,96.7573790550232
i feel so amazed with myself as i could stride nonstop for more than minutes,4,fear,Napakagulat ko sa aking sarili dahil hindi ako tumigil sa paglalakad nang mahigit sa ilang minuto.,0.941259503364563,96.23496198654175
i have maintained from the outset that i feel the mccanns are innocent of anything to do with the disappearance of their own daughter,1,joy,"Mula pa noong simula, pinanindigan kong naniniwala akong inosente ang mga McCann sa anumang kaugnayan sa pagkawala ng kanilang sariling anak na babae.",0.8924175500869751,96.4303297996521
i can be surrounded by a sea of people and still feel all alone,0,sadness,Maaari akong napapaligiran ng maraming tao at gayon pa man ay maramdaman ang pag-iisa.,0.9255097508430481,96.29796099662781
i asked myself why do you feel frightened of being,4,fear,Itinanong ko sa aking sarili kung bakit ka natatakot na maging.,0.8864442110061646,96.45422315597534
i feel it when i get hurt on little things,0,sadness,Nararamdaman ko ito kapag nasasaktan ako sa mga maliit na bagay.,0.8846098780632019,96.46156048774719
i feel disappointed and want to tear up some paper and throw it across the room and write a giant letter of why things are unfair i just think of perspective,0,sadness,"Nararamdaman kong nabigo at gusto kong putulin ang papel at itapon sa paligid at isulat ang isang malaking liham kung bakit hindi patas ang lahat, iniisip ko lang ang pananaw.",0.8848927021026611,96.46042919158936
ive been feeling lately that i am much less likeable than i used to be,1,joy,Nararamdaman ko kamakailan na mas hindi na ako kaakit-akit kumpara noon.,0.826606273651123,96.69357490539551
i sci makes you feel like the earth and life as we know it is doomed,0,sadness,Ang i sci ay nagpaparamdam na ang mundo at ang buhay gaya ng ating nalalaman ay paparatayin na.,0.8806851506233215,96.47725939750671
i hope you are all feeling glamorous today,1,joy,Sana'y lahat kayo ay nakakaramdam ng glamor ngayon.,0.848081111907959,96.60767555236816
i just mentioned i m feeling kind of stress free right now,1,joy,Sinabi ko lang na medyo walang stress ang pakiramdam ko ngayon.,0.8778635859489441,96.48854565620422
i cope with being made to feel inadequate,0,sadness,Nakakaya kong harapin ang pakiramdam na hindi sapat.,0.8523683547973633,96.59052658081055
i suggest that it is the beauty of the jewelry itself that will make you feel gorgeous,1,joy,Aakayin ka ng kagandahan ng alahas mismo na maramdaman ang iyong kahusayan.,0.9150674343109131,96.33973026275635
im feeling really annoyed today,3,anger,Napaka-irita ko ngayon.,0.8542635440826416,96.58294582366943
i was still feeling terrible sore throat body aches stuffy nose congested etc,0,sadness,"Parang hindi pa rin ako maayos, masakit pa ang lalamunan, may pananakit ng katawan, sipon, at puno ang ilong.",0.9179666042327881,96.32813358306885
i dont know where and when i can feel the thrill and im scared that im going to miss it,4,fear,Hindi ko alam kung saan at kailan ko mararamdaman ang kilig at natatakot akong makaligtaan ito.,0.8417419195175171,96.63303232192993
i am hoping i am still feeling playful in a few days,1,joy,Sana'y mapanatili ko ang aking pagiging masaya at palaro sa mga susunod na araw.,0.8852024078369141,96.45919036865234
i am happy to be feeling well enough to be back on the blogging scene,1,joy,Masaya akong nakaramdam na ng sapat na magaling upang bumalik sa blogging.,0.8846549987792969,96.46138000488281
i feel he has been a terrific captain and hes played very well for us taylor said,1,joy,"Nararamdaman kong siya ay isang kahanga-hangang kapitan at naglaro nang mahusay para sa amin, sabi ni Taylor.",0.8655794858932495,96.537682056427
i kept waiting to feel the water and when i did i was surprised at the velocity i gained,4,fear,"Naghihintay ako na maramdaman ang tubig at nang maramdaman ko, nabigla ako sa bilis na aking nakamit.",0.8849554061889648,96.46017837524414
i know if i do ill get guilted about making her feel unwelcome,0,sadness,"Alam ko kung gagawin ko, mapapasa akin ang sisi dahil sa pagpapaparamdam na hindi siya tinatanggap.",0.8420124053955078,96.63195037841797
i can give some support to these young people i feel like i m doing something worthwhile,1,joy,"Maaari akong magbigay ng suporta sa mga kabataang ito, parang ginagawa ko ang isang makabuluhang bagay.",0.8872956037521362,96.45081758499146
i realized that when i let my mind race and i start to feel restless i get the desire to smoke,4,fear,"Napagtanto ko na kapag nagmamadali ang aking isipan at nagsisimula akong makaramdam ng hindi pagkapanatag, lumalabas ang aking pagnanais na manigarilyo.",0.8793836236000061,96.48246550559998
i do feel picoult is a talented writer the subject matter put me in a state of depression,1,joy,"Nararamdaman ko na talentado si Picoult bilang manunulat, ngunit ang paksa ay nagdulot sa akin ng depresyon.",0.90932297706604,96.36270809173584
i feel lonely a class post count link href http sporkgasm,0,sadness,Nararamdaman kong nag-iisa ako.,0.9080115556716919,96.36795377731323
i am sure you will feel very unhappy about it too,0,sadness,Sigurado akong mararamdaman mo rin ang malaking kalungkutan tungkol dito.,0.8703866600990295,96.51845335960388
i was feeling emotional i sat backstage during the two hour play and ate,0,sadness,"Nang maramdaman kong emosyonal, umupo ako sa likod ng entablado habang tumatagal ang dalawang oras na dulang at kumain.",0.9294816851615906,96.28207325935364
i feel quite convinced that phenomenal states really are distinct from any material goings on inside this body,1,joy,Napakalinaw kong nararamdaman na ang mga karanasan ay tunay na hiwalay sa anumang pisikal na pangyayari sa loob ng katawan ko.,0.8821431994438171,96.47142720222473
i feel as a person and a politician i cannot allow dogs to run around on our streets that are more dangerous than others,3,anger,"Bilang isang tao at isang politiko, hindi ko maaaring payagang maglakad-lakad ang mga aso sa ating mga kalye, lalo na sa mga mas mapanganib.",0.9395534992218018,96.2417860031128
i would feel that a few words would be not only inadequate but a travesty,0,sadness,Magiging kulang at isang paglabag sa katotohanan ang ilang salita lamang.,0.9007760286331177,96.39689588546753
i feel brave about anything its sharing the road with drivers that shouldnt really be out there,1,joy,"Nakakabighani akong maging matapang sa kahit anong bagay, lalo na sa pagbabahagi ng kalsada sa mga driver na hindi dapat nasa labas.",0.8844613432884216,96.46215462684631
i sent my boyfriend bobby when i was feeling particularly melodramatically helpless i miss having a home in the states and i miss my sweatshirt and i miss taco bell,4,fear,"Ipinadala ko kay Bobby, ang aking boyfriend, noong nararamdaman kong lubhang walang magawa at malungkot. Namimiss ko ang magkaroon ng tahanan sa Estados Unidos, namimiss ko ang aking sweatshirt, at namimiss ko ang Taco Bell.",0.9198821783065796,96.32047128677368
i am not feeling as joyful as some might urge me to,1,joy,Hindi ako nararamdaman ang kagalakan gaya ng hinihikayat ng iba.,0.8830839991569519,96.46766400337219
i feel something i will say it rather than hold back in the fear that i might ruin some moment that seems happy to me often a fa ade that is only revealed much later,1,joy,"Nararamdaman ko ang isang bagay, sasabihin ko na ito kaysa pigilin sa takot na baka masira ang isang sandali na tila masaya sa akin, kadalasan isang panlabas na anyo na nalalabas lamang pagkaraan ng mahabang panahon.",0.9000719785690308,96.39971208572388
i feel thrilled about learning,1,joy,Nasisiyahan akong matuto.,0.8086889386177063,96.76524424552917
im away from south dakota i feel how vital it is for me to stay connected,1,joy,"Malayo ako sa South Dakota, at nararamdaman ko kung gaano kahalaga na manatili akong konektado.",0.9412778615951538,96.23488855361938
im feeling lethargic these days hence the long hiatus,0,sadness,Nararamdaman kong pagod na pagod ngayon kaya ang tagal kong hindi nag-post.,0.8216717839241028,96.71331286430359
i feel like im a shitty friend,0,sadness,Parang masamang kaibigan ako.,0.873963475227356,96.50414609909058
i feel listless and lethargic with a hint of anxiety as if there is something i need to be doing but i dont know what,0,sadness,"Nararamdaman kong walang gana at pagod na may kaunting kaba, parang may dapat akong gawin ngunit hindi ko alam ano.",0.8890378475189209,96.44384860992432
i feel like this class has also reaffirmed the importance of women supporting other women learning that it s okay to be yourself and of an inclusive feminist community,2,love,"Nararamdaman kong pinatibay ng klase na ito ang kahalagahan ng suporta ng mga babae sa isa't isa, ang pagkatuto na maging tunay sa sarili, at ng isang komunidad ng feminismo na nakakapag-akyat.",0.9150975346565247,96.3396098613739
i feel that it is not user friendly,1,joy,Nararamdaman kong hindi ito madaling gamitin.,0.812952995300293,96.74818801879883
im still feeling a bit shaken,4,fear,Parang medyo nababagabag pa rin ako.,0.8533435463905334,96.58662581443787
im so going to end up feeling slutty and be like ah,2,love,"Talagang magiging malandi ako at sasabihin ko, ""ah.""",0.8747528195381165,96.50098872184753
im so happy about this as he was really looking feeling awful,0,sadness,Napakasaya ko dahil tunay na masama ang pakiramdam niya noon.,0.9006682634353638,96.39732694625854
i feel annoyed at the fact that i m three weeks out of chemotherapy and i m getting annoying pinching niggles in my back,3,anger,Naiinis ako dahil tatlong linggo na akong nakalipas sa kemoterapiya at nararamdaman ko ang nakakainis na pamumugmok sa likod ko.,0.8973019123077393,96.41079235076904
i feel dirty rel bookmark i feel dirty i feel gross poaching vicarious threads from agtalk but i can t resist,0,sadness,"Nararamdaman kong marumi, nararamdaman kong masama ang pakiramdam ko dahil kinukuha ko ang mga usapan mula sa agtalk pero hindi ko mapigilan.",0.8826059103012085,96.46957635879517
i feel thankful for everything in my life every day,1,joy,"Bawat araw, nararamdaman kong nagpapasalamat ako sa lahat ng bagay sa aking buhay.",0.907888650894165,96.36844539642334
i am feeling like a generous and kind krem ill even show ye how tget the album,1,joy,"Nararamdaman kong parang isang mapagbigay at mabait na krem, ipapakita ko pa nga sa inyo kung paano makakuha ng album.",0.8458476662635803,96.61660933494568
i get the feeling he has naughty intentions,2,love,Nararamdaman kong may masamang balak siya.,0.8908241391181946,96.43670344352722
i can then sit seeing a random picture of colored christmas lights and feel my heart hurt from missing him so much,0,sadness,Maaari akong umupo at tumingin sa isang random na larawan ng mga kulay na ilaw ng Pasko at maramdaman ang sakit sa aking puso dahil sobrang nami-miss ko siya.,0.8641262054443359,96.54349517822266
i do know what it feels like when no one seems to be supporting your vision and just admiring it from the outside when you not only invest your time but your personal money that should be feeding your family and still not seeing anything,2,love,Alam ko kung ano ang pakiramdam kapag walang tila sumusuporta sa iyong pananaw at nakatingin lamang mula sa labas habang ikaw ay hindi lamang naglalaan ng iyong oras kundi pati ng iyong personal na pera na dapat pang sustentuhan ang iyong pamilya at hindi pa rin nakikita ang anumang resulta.,0.8950376510620117,96.41984939575195
i did not feel faster or stronger in that way but i did feel more energetic,1,joy,"Hindi ako nakaramdam na mas mabilis o mas malakas sa ganitong paraan, ngunit naramdaman kong mas may enerhiya.",0.9231685996055603,96.30732560157776
i feel like i ve welcomed freedom into my life over the past several years,1,joy,Nararamdaman kong ipinagkaloob ko ang kalayaan sa aking buhay sa nakalipas na ilang taon.,0.8929550647735596,96.42817974090576
i would like to say that i feel very blessed dan does not live on this continent although this does create some other unique international messes,1,joy,"Gusto kong sabihin na nararamdaman kong lubos na binabati ng biyaya, kahit na si Dan ay hindi nakatira sa kontinente na ito, bagama't ito ay nagdudulot ng ilang kakaibang internasyonal na problema.",0.8993179798126221,96.40272808074951
i am feeling particularly joyful today and though todays blog entry doesnt necessarily align with my particular emotional state it is a subject that has rightfully found a place of conversation in the public eye,1,joy,"Masaya ako ngayon, at kahit hindi direktang nauugnay ang paksa ng blog entry ko sa aking nararamdaman, ito ay isang usapin na nararapat na pag-usapan ng publiko.",0.8937011361122131,96.42519545555115
i feel sorry for albums like the nd law and living things which have four or five fantastic albums to compete against,0,sadness,Nakakaawa ang mga album tulad ng ND Law at Living Things na kailangan makipagkompetensiya sa apat o limang kahanga-hangang album.,0.8447573781013489,96.6209704875946
i am feeling discouraged,0,sadness,Nababahala ako.,0.886492133140564,96.45403146743774
i am this thing i have these feelings and i m not afraid to express them and to stand up for what i believe in,4,fear,"Ako ang nilalang na ito, mayroon akong mga damdamin, at hindi ako natatakot na ilahad ang mga ito at lumaban para sa aking paniniwala.",0.8849382996559143,96.46024680137634
i didnt feel gloomy,0,sadness,Hindi ako nakaramdam ng malungkot.,0.9375278353691101,96.24988865852356
i think of these folks when i am feeling miserable for having to acknowledge i must actually do something to make the world a better place,0,sadness,Naisip ko sila kapag ako'y nalulumbay dahil kailangan kong aminin na dapat akong kumilos upang gawing mas mabuti ang mundo.,0.8684166073799133,96.52633357048035
i try to pick a song title or lyric that semi fits the situation am i posting about but today i wasnt feeling all that clever,1,joy,Sinusubukan kong piliin ang isang pamagat ng kanta o linya na medyo nababagay sa sitwasyon na aking pinost tungkol sa ngunit ngayon hindi ako nakaramdam ng gaanong matalino.,0.8834357261657715,96.46625709533691
i am so sorry you are feeling so sad,0,sadness,Napakasad ako na nararamdaman mong ganito ka malungkot.,0.8807199597358704,96.47712016105652
i wear this it is one of those rare occasions while pregnant that i feel cute,1,joy,"Suot ko ito, isa ito sa mga bihirang pagkakataon habang buntis na ako'y nakakaramdam ng cute.",0.8840602040290833,96.46375918388367
i miss him and for me the fact that i have that feeling of longing to be with him again is actually a blessing,2,love,"Namimiss ko siya at para sa akin, ang pakiramdam na ito ng pagnanasa na makasama siya muli ay isang biyaya.",0.8415008187294006,96.6339967250824
i really do miss the feeling of loving someone deeply and having that someone to love you back,2,love,Talagang nami-miss ko ang pakiramdam ng pagmamahal nang malalim sa isang tao at ang pagmamahalan din pabalik.,0.847771406173706,96.60891437530518
i started to answer no i just was feeling kinda horny sis,2,love,"Nagsimula akong sumagot ng ""hindi"" pero parang may nararamdaman akong init, ate.",0.8506968021392822,96.59721279144287
i have of myself right now is that i feel pretty much like myself,1,joy,Ang nararamdaman ko ngayon tungkol sa aking sarili ay parang ako pa rin.,0.893712043762207,96.42515182495117
i could better understand and feel the desires of his most sweet heart,2,love,Mas maunawaan ko at maramdaman ang mga pagnanasa ng kanyang pinakamamahal na puso.,0.9172765612602234,96.3308937549591
i am again in the same place waiting and i cant help but feel i am waiting in joyful hope,1,joy,"Muli akong nasa parehong lugar, naghihintay, at hindi ko mapigilang maramdaman ang pag-asa na puno ng kagalakan.",0.8565314412117004,96.5738742351532
i have countless other reasons in my life to feel joyful,1,joy,May napakaraming iba pang dahilan sa aking buhay upang maramdaman ang kagalakan.,0.9231953024864197,96.30721879005432
i am feeling pleasant,1,joy,Masaya ako.,0.8141705989837646,96.74331760406494
i feel rather imbicilic or at least complacent,1,joy,Nararamdaman kong medyo bobo o kahit papaano'y kontento na lamang.,0.8566101789474487,96.5735592842102
i feel for these people they are some of the smartest most talented people i have ever met,1,joy,"Nakakaramdam ako ng awa para sa mga taong ito, sila ay ilan sa mga pinakamatalino at pinaka-talentado na tao na nakilala ko.",0.9059942960739136,96.37602281570435
i got to feel that kind of joy was during college and even then i was still caring for others providing for others and just generally being elizabeth,2,love,"Naramdaman ko ang ganitong uri ng kagalakan noong kolehiyo pa, at kahit noon ay patuloy pa rin akong nag-aalaga at nagbibigay para sa iba, at pangkalahatan ay nagiging si Elizabeth.",0.8953416347503662,96.41863346099854
i always put up a strong front care for others looking into peoples welfare before my own but in the end i feel really shitty,0,sadness,"Lagi akong nagpapakita ng matibay na harapan, nag-aalaga sa iba at pinag-iisipan ang kapakanan ng mga tao bago ang sarili ko, pero sa huli, nararamdaman kong talagang masama.",0.8782209157943726,96.48711633682251
i lose well it will be no great loss but if i win then i will feel rather smug at having picked out the end to this unbelievable run,1,joy,"Kung matatalo ako, hindi naman malaki ang mawawala, pero kung mananalo ako, magiging mapagmataas ako dahil napili ko ang wakas ng hindi kapani-paniwalang pagtakbo na ito.",0.8881826996803284,96.44726920127869
i do when i feel lethargic,0,sadness,Ano ang ginagawa ko kapag nararamdaman kong pagod at walang gana.,0.8977357745170593,96.40905690193176
i wonder if the people in this room know that the motion of their movements provide me with an embrace of energy that feels as safe and sound as someone s arms around me,1,joy,Nagtataka ako kung alam ng mga tao sa silid na ito na ang kilos ng kanilang paggalaw ay nagbibigay sa akin ng yakap ng enerhiya na parang ligtas at matibay gaya ng yakap ng isang tao.,0.8907159566879272,96.43713617324829
i get the feeling that the rest of yall are a little appalled about it,3,anger,Nararamdaman kong medyo kinakabahan kayo tungkol dito.,0.8683955073356628,96.52641797065735
i love that refreshing energizing feeling when its been a week of gloomy weather and then a really great blue skies no clouds in sight kind of day,0,sadness,"Mahal ko ang pakiramdam na iyon ng pagiging sariwa at puno ng enerhiya kapag isang linggo ng madilim na panahon at saka dumating ang isang araw na sobrang ganda ng langit, walang ulap sa paningin.",0.9171451330184937,96.33141946792603
i feel rich tonight,1,joy,Nararamdaman kong mayaman ako ngayong gabi.,0.9443495869636536,96.22260165214539
i feel cool calm and collected,1,joy,"Nararamdaman kong malamig, kalmado, at mahinahon.",0.8956457376480103,96.41741704940796
i feel kind of reluctant and depressed when you told me that it s over i respected your decision,4,fear,"Nararamdaman kong medyo maiiwasan at malungkot nang sabihin mo na tapos na, nirerespeto ko ang iyong desisyon.",0.8803808689117432,96.47847652435303
i spent much of the morning feeling like an impostor or a visitor in someone elses life and uncertain what if anything i should do next,4,fear,"Nagdaan ang karamihan ng umaga ko na parang isang impostor o bisita sa buhay ng iba, at hindi sigurado kung ano, o kung may dapat akong gawin sa susunod.",0.8778186440467834,96.48872542381287
i feel when i leave at the end of the day is amazing,1,joy,Nakakagulat ang pakiramdam ko kapag umalis ako sa huli ng araw.,0.897497832775116,96.41000866889954
i feel honoured to own and wear this walking piece of intellectual curiosity,1,joy,Nararamdaman kong ipinagmamalaki kong pag-aari at pagsusuot ng ganitong naglalakad na piraso ng intelektuwal na pag-uugnay.,0.9194509983062744,96.3221960067749
when i heard that my sister had shouted at my friends cousin at their place,3,anger,Nang marinig kong sumigaw ang kapatid ko sa pinsan ng aking kaibigan sa kanilang bahay.,0.9401072263717651,96.23957109451294
i feel fake and forced where as the need to express myself as a woman seems true and natural but undeveloped,0,sadness,"Nararamdaman kong pekeng at pilit, samantalang ang pangangailangan kong ipahayag ang aking sarili bilang babae ay tila totoo at natural ngunit hindi pa nabubuo.",0.863036036491394,96.54785585403442
i keep in the fridge and take out whenever i feel too hot spray on my face and it cools me down immediately let alone it smells like oranges,2,love,"Iniimbak ko ito sa ref at kinukuha kapag mainit na ako, ipinupukol sa mukha at agad akong nakakaramdam ng lamig, lalo na ang amoy nito ay parang orange.",0.8734438419342041,96.50622463226318
i feel uncomfortable depending on my partner to meet my needs,4,fear,Hindi ako komportable na umaasa sa aking kapareha upang matugunan ang aking mga pangangailangan.,0.878541111946106,96.48583555221558
i think that on today of all days it is april fools day after all that i have been made to feel very foolish for sharing the results of my extensive research with other people,0,sadness,"Sa araw na ito, na Abril Fools' Day pa, nararamdaman kong tunay na pinaglalaruan dahil sa pagbabahagi ko ng resulta ng aking malalim na pag-aaral sa iba.",0.8656609058380127,96.53735637664795
i quite like having short nails at the moment i feel less precious about them and less worried that ones going to ping off,1,joy,"Gustung-gusto ko ngayon ang maikling kuko, parang hindi na ako gaanong maingat at hindi na ako nag-aalala na baka matanggal isa.",0.8182795643806458,96.72688174247742
i feel about perfect endings,1,joy,Nararamdaman ko ang perpektong wakas.,0.8496317863464355,96.60147285461426
i dont and i feel so god damn selfish for continuing to hurt myself all the time,3,anger,Hindi ako [magagawa iyon] at nararamdaman kong sobrang sakim dahil patuloy akong nasasaktan.,0.8913558721542358,96.43457651138306
i devote this blog to her and pray with her for peace in the world especially when we feel frightened by religious violence,4,fear,"Iniukol ko ang blog na ito sa kanya at nananalangin kasama niya para sa kapayapaan sa mundo, lalo na kapag natatakot tayo sa relihiyosong karahasan.",0.8690894842147827,96.52364206314087
i write on my blog here that i want or i am going to do something i feel more pressured for want of a better word to do it,4,fear,"Sa aking blog, isinulat ko na gustung-gusto kong gawin o gagawin ko ang isang bagay, ngunit nararamdaman kong mas pinipilit akong gawin ito, sa kawalan ng mas magandang salita.",0.8824433088302612,96.47022676467896
i sometimes feel i am being stubborn not out of spite but rather in spite of myself,3,anger,"Minsan, nararamdaman kong matigas ang ulo ko hindi dahil sa sama ng loob, kundi kahit na laban sa aking sarili.",0.8694344758987427,96.52226209640503
i also wanted to let you know that despite doing this blog post im still feeling a bit weird about blogging,4,fear,"Gusto ko rin ipaalam na kahit nagsusulat ako ng blog post na ito, medyo kakaiba pa rin ang pakiramdam ko tungkol sa pag-blog.",0.8484309315681458,96.60627627372742
i feel agitated right on through,4,fear,Nararamdaman kong kinakabahan ako nang husto.,0.8901499509811401,96.43940019607544
i also feel a little resentful of the fact that im spending what are supposed to be some of the best years of my life taking care of other people while what little social life i have atrophies because im left without the time or energy to maintain it,3,anger,Nararamdaman ko rin ang kaunting sama ng loob na ginugugol ko ang mga dapat sana'y pinakamagandang taon ng buhay ko sa pag-aalaga sa iba habang unti-unting nawawala ang kaunting sosyal na buhay na meron ako dahil wala akong oras o lakas para pangalagaan ito.,0.90868079662323,96.36527681350708
i woke up on this morning feeling peaceful,1,joy,Gumising ako ngayong umaga na nakaramdam ng kapayapaan.,0.870110273361206,96.51955890655518
i feel kinda apprehensive,4,fear,Nararamdaman kong medyo kinakabahan.,0.8497970104217529,96.60081195831299
i find myself feeling shocked hearing that word spoken out loud in my own lounge room,4,fear,Nabigla ako nang marinig ang salitang iyon na binibigkas nang malakas sa aking sariling sala.,0.9215042591094971,96.31398296356201
i started feeling doubtful so i just sat in my seat disappointed,4,fear,"Nagsimulang magduda ako kaya't nakaupo na lang ako sa aking kinauupuan, nabigo.",0.9253142476081848,96.29874300956726
i don t want him to feel unwelcome in this house,0,sadness,Ayaw kong maramdaman niya na hindi siya tinatanggap sa bahay na ito.,0.920139729976654,96.31944108009338
i had to do was heal they said and i was feeling pretty hopeful about that,1,joy,"Kailangan ko lang magpagaling, sabi nila, at medyo may pag-asa ako noon.",0.8898586630821228,96.44056534767151
i added muas primer to mine and it makes my skin feel lovely,2,love,Idinagdag ko ang muas primer sa akin at ginagawa nitong pakiramdam ng aking balat na maganda.,0.9064847826957703,96.37406086921692
i feel are flawless while they slowly declined in quality after that,1,joy,"Nararamdaman kong perpekto sila noong una, ngunit unti-unting bumaba ang kalidad nila pagkatapos.",0.893614649772644,96.42554140090942
i was starting to feel a little bitchy by this point,3,anger,Nagsisimula na akong mag-feeling konting maarte sa puntong ito.,0.7783212065696716,96.88671517372131
i can stop relying on the views of others for my self worth and thus not feel so threatened by their behaviors,4,fear,Maaari kong ihinto ang pagpapahalaga sa pananaw ng iba para sa aking halaga bilang tao at hindi na maramdaman ang pagiging banta sa kanilang kilos.,0.8970739245414734,96.4117043018341
i feel it is vital that a rlsh gimmick needs to be his or her own,1,joy,Mahalaga sa akin na ang isang gimmick ng relasyon ay dapat na kanya-kanya.,0.8405471444129944,96.63781142234802
i feel like thats so vital to make your room a reflection of who you are because you will need to feel at home while away from home,1,joy,Nararamdaman kong napakahalaga na gawing repleksiyon ng iyong silid ang iyong tunay na pagkatao dahil kailangan mong maramdaman ang tahanan habang malayo sa tahanan.,0.9378892183303833,96.24844312667847
i told him that college philosophy was not the same as his class because it lacked the comforting feeling of a humorous instructor,1,joy,Sinabi ko sa kanya na ang kolehiyo philosophy ay hindi katulad ng klase niya dahil kulang ito sa nakakakomportable na pakiramdam ng isang mapagbiro at nakakatuwang guro.,0.8221169710159302,96.71153211593628
i cleaned i walked to work i feel very eco friendly right now and did manual labor with charts,1,joy,"Pinaglinis ko, naglakad ako papuntang trabaho, at nagtrabaho ako gamit ang mga tsart, kaya ngayon ay sobrang nakakaramdam ako ng pagiging eco-friendly at nagawa ko ang mga gawain nang manu-mano.",0.9309442639350891,96.27622294425964
i feel this was an acceptable substitute,1,joy,Nararamdaman kong tanggap na kapalit ito.,0.8470181226730347,96.61192750930786
i did feel reluctant to keep on going and drew focalors sigil with a black opium incense stick on a wall by grabbing the wooden part and pulling the incense part back slightly and allowing it to smack to wall leaving a black powder line and meditated,4,fear,"Nadama kong ayaw kong magpatuloy kaya gumuhit ako ng sigil ni Focalor gamit ang isang pulang opium incense stick sa dingding, hinahawakan ang bahagi ng kahoy at hinila pabalik ang bahagi ng insenso nang kaunti at pinapabagsak ito sa dingding na nag-iiwan ng linya ng itim na pulbos, at saka nag-meditate.",0.8497200608253479,96.60111975669861
i feel hated helping prevent gay,0,sadness,Nararamdaman kong kinamumuhian ako dahil tumutulong sa pagpigil sa mga bakla.,0.8602485060691833,96.55900597572327
i feel like i am nothing but pathetic,0,sadness,Parang wala akong halaga at napakalungkot ko.,0.88702392578125,96.451904296875
im feeling lame about my progress is to look at my pics that ive taken,0,sadness,Nakakababae ng loob ang tingnan ang aking mga litrato upang makita ang aking progreso.,0.8805320262908936,96.47787189483643
i was blessed but in some ways i feel like im being tortured by divinity,4,fear,"Binabasa ako ng biyaya ngunit sa ilang paraan, parang pinagpapahirap ako ng diyos.",0.895976185798645,96.41609525680542
i was like that too before i really heck care about having nice feeds and post whatever photos i feel like they only comment on cool peoples photos,1,joy,"Noon din ako ganoon, talagang hindi ako nag-aalala sa magagandang feed at basta nagpo-post ng mga larawan na gusto kong ibahagi. Sila lang kumukomento sa mga larawan ng mga sikat.",0.8718513250350952,96.51259469985962
i think i deserve for once this freedom makes me feel amazing,4,fear,"Sa tingin ko, nararapat na ako'y magkaroon ng kalayaan kahit minsan, at ito ay nagpapasaya sa akin.",0.9018150568008423,96.39273977279663
i feel despised and i dont deserve that,3,anger,Nararamdaman kong pinapahiya at hindi ko nararapat iyon.,0.8410401940345764,96.6358392238617
i feel proud about her,1,joy,Nararamdaman kong ipinagmamalaki ko siya.,0.9025077819824219,96.38996887207031
i left sizzler feeling contented,1,joy,Umalis ako sa Sizzler na puno ng kasiyahan.,0.8348973393440247,96.6604106426239
i always feel pressured to act normal with my eating around family at christmas so yeah ill need to lose weight to be comfortable eating dessert and stuff then,4,fear,"Lagi akong nadaramaang pinipilit na kumilos nang normal sa pagkain ko sa harap ng pamilya tuwing Pasko kaya oo, kailangan kong mawalan ng timbang para komportable akong kumain ng dessert at iba pa.",0.8918857574462891,96.43245697021484
i had finally had enough of feeling defeated by myself,0,sadness,"Napakaraming beses ko nang naramdaman ang pagkatalo sa sarili, at ngayon ay sapat na.",0.8751477003097534,96.49940919876099
i feel like number is the most important going forward because i felt the change in my confidence and mojo as soon as i hit the s,1,joy,Nararamdaman kong ang bilang ang pinakamahalaga sa darating na panahon dahil nadama ko ang pagbabago sa aking tiwala at sigla nang maabot ko ang s.,0.8345251083374023,96.66189956665039
i just sit in the rv dinette in the driveway look out the big back window and feel amazing,1,joy,"Nakaupo lang ako sa dinette ng RV sa driveway, nakatingin sa malaking bintana sa likuran, at nararamdaman ang kahanga-hangang pakiramdam.",0.877630352973938,96.48947858810425
i feel was where i fucked up a bit and something i wish i could change,3,anger,Naramdaman ko na doon ako nagkamali ng konti at isang bagay na sana ay maibabalik ko.,0.8954306244850159,96.41827750205994
i miss how safe and comfortable he made me feel and how vulnerable i was able to be with him because i knew he loved me,4,fear,"Namimiss ko kung gaano niya ako ginagawa pakiramdam na ligtas at komportable, at kung gaano ako naging mahina sa harapan niya dahil alam kong mahal niya ako.",0.8916727304458618,96.43330907821655
i went to pick up the kids feeling scared and trembly and very self critical for my stupidity,4,fear,"Pumunta ako para kunin ang mga bata, natatakot at nangangatal, at lubos na nag-self-criticize dahil sa aking kasinungalingan.",0.8578057289123535,96.56877708435059
i feel like i did when i was learning to use games factory eager but a little afraid,1,joy,Nararamdaman ko ang aking damdamin noong natututunan kong gamitin ang Games Factory: masigla ngunit may kaunting takot.,0.8221133947372437,96.71154642105103
i was wrong loads of times so much so that i feel kind of embarrassed thinking back now,0,sadness,"Mali ako nang maraming beses, kaya kahit na isipin ko ngayon ay nahihiya na ako.",0.8390417098999023,96.64383316040039
i feel proud of myself for finishing with good test scores and for expanding my education,1,joy,Nararamdaman kong mapagmamalaki ako sa aking sarili dahil natapos ko ito nang may magagandang marka sa pagsusulit at dahil lumawak ang aking kaalaman.,0.8742078542709351,96.50316858291626
im feeling oddly festive already,1,joy,Nararamdaman ko nang kakaiba ang saya ngayong panahon ng pista.,0.8381336331367493,96.647465467453
i was starting to feel defeated,0,sadness,Nagsisimula na akong mawalan ng pag-asa.,0.8558104038238525,96.57675838470459
im feeling a little apprehensive about tomorrows weigh in,4,fear,Medyo kinakabahan ako sa pagtimbang bukas.,0.8580679297447205,96.56772828102112
i and will be pleasantly surprised and vote heavily for him but i have a feeling a dignified comeback will have to make do for mr johnson this time around,1,joy,"Ako ay magiging masaya at bibigyan siya ng malaking boto, ngunit mayroon akong pakiramdam na isang maayos na pagbabalik ang kailangan lamang para kay Mr. Johnson ngayong pagkakataon.",0.9071418642997742,96.3714325428009
i feel totally ungrateful and extremely lucky,0,sadness,Nararamdaman kong lubos na hindi nagpapasalamat at sobrang swerte.,0.8646942377090454,96.54122304916382
i am wearing heels i feel more self assured,1,joy,"Nakasuot ako ng takong, mas nakakaramdam ako ng tiwala sa sarili.",0.9703567028045654,96.11857318878174
i feel like a beaten pi ata spewing unhealthy emotions and defeat,0,sadness,"Parang isang pinagtalunan na piÃ±ata ako, naglalabas ng masasamang emosyon at pagkatalo.",0.9373871088027954,96.25045156478882
i feel like my life is not moving smoothly i immediately look around amp see if i can be at service while focusing on giving and supporting others,1,joy,"Parang hindi makinis ang takbo ng buhay ko, agad akong nakatingin sa paligid at nakikita kung paano ako makakatulong habang nakatuon sa pagbibigay at pagsuporta sa iba.",0.8959366083145142,96.41625356674194
i got a feeling like something tragic is going to happen and im praying to god im not like kristie and that im completely wrong on this one and that everything is fine,0,sadness,Nararamdaman kong may mangyayaring malungkot at nananalangin ako na hindi ako katulad ni Kristie at lubos akong mali dito at lahat ay maayos.,0.9103482961654663,96.35860681533813
i just feel really pissed off actually and stressed,3,anger,Talagang nainis at stressed ako ngayon.,0.815123438835144,96.73950624465942
i hate that colby wasnt feeling well that day but im very thankful that he is feeling better now,1,joy,"Ayaw ko na hindi si Colby nakaramdam ng maganda noong araw na iyon, pero sobrang nagpapasalamat ako na siya ay gumaling na ngayon.",0.9178639054298401,96.32854437828064
i reshaped the workout slightly because my left upper arm was feeling tender,2,love,Binago ko konti ang ehersisyo dahil medyo masakit ang kaliwang itaas na braso ko.,0.8975561857223511,96.4097752571106
im gonna end up pressuring myself and feeling really disappointed when i get to doing the actual thing and its on tuesday and i really should study but i cant jhbdjhdfbjdfhbfd or maybe when i get off this comp ill go start typing stuff up,0,sadness,Magtatapos ako sa pagpilit sa sarili ko at mararamdaman ang malaking pagkabigo kapag nagsimula na akong gawin ang bagay na iyon at ito ay sa Martes at dapat talaga akong mag-aral ngunit hindi ko kaya o baka kapag natapos ko ang paggamit sa computer ay magsisimula akong mag-type ng mga bagay.,0.8885334134101868,96.44586634635925
i feel lost atom href http www,0,sadness,Nararamdaman kong nawawala ako.,0.8433355093002319,96.62665796279907
i could find another reason i m new in the area and i feel less intimidated with a simple tool that i can understand,4,fear,"Maaari akong maghanap ng ibang dahilan, bagong lipat ako sa lugar na ito at mas hindi ako natatakot gamitin ang isang simpleng kasangkapan na maintindihan ko.",0.8979355096817017,96.4082579612732
i could point to incidents in my childhood or blame my upbringing but that contradicts the notion of being aware of how i m feeling in the moment and choosing between intelligent options now,1,joy,"Maaari akong tumuro sa mga pangyayari noong bata pa ako o sisihin ang aking pagpapalaki, ngunit iyon ay nagkakasalungat sa ideya ng pagiging alerto sa aking nararamdaman sa kasalukuyan at pagpili sa mga matalinong opsyon ngayon.",0.9423090219497681,96.23076391220093
i dont want to sound cocky or full of myself but alhamdulillah so far i dont feel troubled by breastfeeding even after i start working,0,sadness,"Ayaw kong magmukhang mayabang o sobrang yabang pero alhamdulillah, hanggang ngayon hindi ako nahihirapan sa pagpapasuso kahit nagsimula na akong magtrabaho.",0.9208852648735046,96.31645894050598
i feel soo dull these days,0,sadness,Napakabagal ng aking pakiramdam ngayon.,0.8889844417572021,96.44406223297119
i feel the need to jump through a bunch of hoops to enable myself to watch by beloved often befuddled bengals just in time for them to start losing again,2,love,"Nararamdaman kong kailangan kong maglakad ng maraming bilog upang mapanood ang aking minamahal, kahit minsan ay nalilito, Bengals, bago pa sila magsimulang matalo muli.",0.8895852565765381,96.44165897369385
i feel myself very fake to him,0,sadness,Nararamdaman kong napaka-peke ko sa kanya.,0.865715742111206,96.53713703155518
i don t want to go home to toronto and feel like a nobody tortured artist loser for two weeks and smoke pot alone in my bedroom and watch degrassi junior high and then weep,4,fear,"Ayaw kong umuwi sa Toronto at maramdaman na parang walang kwentang artista, talo, at mag-iisa sa loob ng dalawang linggo, mag-iisa sa silid ko, manood ng Degrassi: The Next Generation at umiyak.",0.9157112240791321,96.33715510368347
im feeling resentful and persecuted about that whole aspect,3,anger,Nararamdaman kong may sama ng loob at pinagkaitan ako tungkol sa kabuuan ng aspeto na iyon.,0.8674989342689514,96.5300042629242
i actually begin to feel sorry for him that he has settled for someone like me for life,0,sadness,Nagsisimula akong maawa sa kanya dahil siya ay pumayapa sa isang katulad ko sa buhay.,0.9004483222961426,96.39820671081543
i was feeling so angry so upset that i just want to run away,3,anger,"Napakainit ng galit ko, napakasakit ng nararamdaman ko kaya gusto ko nang tumakas.",0.9209486246109009,96.3162055015564
i have a hard time putting into words how good it feels to spend an hour serving as a friendly face to people who are oftentimes unable to leave home without the help of others,1,joy,Mahirap ipaliwanag kung gaano kaganda ang pakiramdam na maglaan ng isang oras bilang isang kaibig-ibig na mukha para sa mga taong kadalasan ay hindi makaalis ng bahay nang walang tulong ng iba.,0.9501254558563232,96.1994981765747
im being silly but i feel like a terrible mom lately,0,sadness,Nagiging baliw ako pero parang isang masamang ina ako ngayon.,0.9103045463562012,96.3587818145752
i feel like i m being tortured for government secrets i don t know anything,3,anger,Parang pinagpapahirap ako dahil sa mga lihim ng gobyerno na wala akong alam.,0.8968472480773926,96.41261100769043
i loved a person and he went away it wasnt necessary that he left me to reach his goals,3,anger,Minahal ko ang isang tao at umalis siya. Hindi naman kinakailangan na iiwan niya ako upang makamit ang kanyang mga mithiin.,0.8966113328933716,96.41355466842651
i was hoping by then i would feel ok,1,joy,Sana'y magiging maayos na ako noon.,0.8925239443778992,96.4299042224884
i feel uncomfortable when i need to sit through a bad presentations,4,fear,Nakakaramdam ako ng hindi komportable kapag kailangan kong manatili sa isang masamang presentasyon.,0.8753561973571777,96.49857521057129
i made the mistake of wanting spiritual feelings to endure and remain romantic,2,love,Nagkamali ako na gustuhin ang mga damdaming espirituwal na magtagal at manatili na romantiko.,0.8676831722259521,96.52926731109619
i feel like they ve just kind of coasted but they ve gotten even more popular,1,joy,"Parang nakasakay lang sila ng alon, pero lalong sikat pa sila.",0.8775205612182617,96.48991775512695
i feel dismayed for them,0,sadness,Nakakadismaya para sa kanila.,0.904947817325592,96.38020873069763
i do have a feeling it ll be a productive relationship,1,joy,Mayroon akong pakiramdam na magiging produktibo ang ating relasyon.,0.8437788486480713,96.62488460540771
i just feel pathetic holding on when theres obviously nothing for me to hold on to,0,sadness,Parang tanga lang akong nakayakap habang wala namang dapat akong yakapin.,0.9030663371086121,96.38773465156555
i feel like i m running out of breath and i just can t be cool enough to do anything else,1,joy,Parang nauubusan na ako ng hininga at hindi ko na kaya maging kalmado para gawin ang iba pang bagay.,0.9004850387573242,96.3980598449707
i always feel this tangle in my stomach i never just feel content and wanted,1,joy,"Lagi akong nararamdaman ang pagkabigat sa aking sikmura, hindi ko kailanman nararamdaman ang tunay na kasiyahan at pagnanais.",0.8785818815231323,96.48567247390747
i didnt cry but something inside was feeling incredibly doomed,0,sadness,"Hindi ako umiyak, pero may isang bagay sa loob ko na parang lubos na nabigo.",0.995200514793396,96.01919794082642
i was sitting in the corner stewing in my own muck feeling hated alone unworthy and violated,0,sadness,"Nakaupo ako sa sulok, nagrereklamo sa aking sariling kalat, nararamdaman ang pagiging hinatulan, nag-iisa, hindi karapat-dapat, at nilapastangan.",0.8887627720832825,96.44494891166687
i used to feel homesick but now theres just loneliness sometimes and a sort of urgent need to get away from my parents,0,sadness,"Dati ay nararamdaman kong malungkot dahil sa pag-aalis ng tahanan, ngunit ngayon minsan ay nararamdaman ko ang kalungkutan at isang matinding pangangailangan na makalayo sa aking mga magulang.",0.9114363193511963,96.35425472259521
i feel like a paranoid stalker or something,4,fear,Parang isang paranoik na stalker ako o ano.,0.8387322425842285,96.64507102966309
i hate feeling pressured into having to carry on conversations because if i didnt it would just end up with the two of us breathing at each other until our receivers got all steamy,4,fear,"Ayaw kong makaramdam ng presyur na kailangan kong patuloy na makipag-usap dahil kung hindi, magtatapos lang tayo sa paghihingal sa isa't isa hanggang sa mainit na ang ating mga telepono.",0.8759084343910217,96.49636626243591
i feel like strangling horny bastards schools people for banging our boats and not even syaing sorry,2,love,Parang gusto kong patayin ang mga bastos na lalaki na nagpapasikat sa ating mga bangka at hindi man lang humihingi ng tawad.,0.9297921061515808,96.28083157539368
i need to manage my spending money more wisely but im feeling uncertain and stressed as of late,4,fear,Kailangan kong pangasiwaan nang mas matalino ang aking gastusin ngunit nararamdaman ko ang kawalan ng katiyakan at stress kamakailan.,0.8747522830963135,96.50099086761475
i feel super reassured or that until i move on from this,1,joy,Nararamdaman kong sobrang nakakatiyak o hanggang sa makalaya ako rito.,0.8808834552764893,96.47646617889404
im feeling strangely sympathetic to little milly tonight so much so im going to use his real name,2,love,"Nakakaramdam ako ng kakaibang awa kay maliit na Milly ngayong gabi, kaya naman gagamitin ko ang tunay niyang pangalan.",0.884863018989563,96.46054792404175
im happy to report that im not feeling too petty these days mostly because there have been countless examples lately showing me how irrational a woman reaching adulthood and some who should all ready be there can actually concieve,3,anger,"Masaya akong iulat na hindi na ako gaanong mapag-iinitan ngayon, lalo na dahil sa napakaraming halimbawa kamakailan na nagpapakita kung gaano katarantaduhan ang isang babae na umaabot na sa kapanahunan at ilan pa nga ay dapat nang nasa puntong iyon ngunit kayang magbuntis pa rin.",0.8427355289459229,96.62905788421631
i feel a bit foolish now because in the last years they havent come back to my home town and i have had to travel to england to see them,0,sadness,Nararamdaman kong medyo bobo ngayon dahil sa mga nakaraang taon ay hindi sila bumalik sa aking bayan at kailangan kong maglakbay patungong Inglatera upang makita sila.,0.8754957914352417,96.49801683425903
i am also able to say no comfortably when people ask me if i feel as if my sexuality is being repressed,0,sadness,"Kaya ko ring sabihin nang komportable na ""hindi"" kapag tinatanong ako kung nararamdaman kong pinipigilan ang aking sekswalidad.",0.8418739438056946,96.63250422477722
i feel while im running im sure i look like im having a stroke or something,1,joy,"Nararamdaman ko habang tumatakbo, sigurado akong mukhang may stroke o kaya'y ganoon.",0.887580394744873,96.44967842102051
i am feeling remarkably grumpy not to mention foolish,3,anger,Napakasungit at parang tanga ko ngayon.,0.887035071849823,96.45185971260071
im feeling lucky see the jumping google logo it may take time,1,joy,"Nararamdaman kong may suwerte, tingnan natin ang tumatalon na logo ng Google, baka matagal pa.",0.8812556862831116,96.47497725486755
i inadvertently helped with a joke that hurt a classmates feelings and embarrassed her beyond all reason,0,sadness,Hindi ko sinasadya na nakatulong ako sa isang biro na nasaktan ang damdamin ng isang kaklase at ikinabastos niya nang sobra.,0.8668972253799438,96.53241109848022
i expect fast food sales to rise a smidgen a negligible blip and for someone to be benched and half of the people to feel jubilant and about the same number to either feel let down or house their disappointments in hopes for the next season,1,joy,"Inaasahan kong tataas ng kaunti ang benta ng fast food, isang maliit na pagtaas lamang, at may isang tao na mapapalit at kalahati ng mga tao ay magiging masaya, at halos parehong bilang ay magiging nabigo o itatago ang kanilang pagkabigo sa pag-asa para sa susunod na panahon.",0.9214603304862976,96.31415867805481
i feel fantastic now but am terrified of injuring my back again we provide our sizes for the following items,1,joy,Nararamdaman kong kahanga-hanga ngayon ngunit natatakot akong masaktan muli ang aking likod. Nagbibigay kami ng aming sukat para sa mga sumusunod na item.,0.9244420528411865,96.30223178863525
i will feel as though i am accepted by as well as comfortable being around both sides of my family,2,love,Magiging parang tinatanggap ako at komportable akong nasa paligid ng magkabilang panig ng aking pamilya.,0.8881241679191589,96.44750332832336
i watched him run by i couldnt help but feel envious,3,anger,"Pinanood ko siyang tumakbo, hindi ko mapigilang mainggit.",0.9268670082092285,96.29253196716309
i guess ive heard enough over the two months because each time i hear such comments i honestly feel offended,3,anger,"Siguro sapat na ang narinig ko sa loob ng dalawang buwan dahil sa bawat pagkakataon na naririnig ko ang mga ganitong komento, tapat akong naapektuhan.",0.8276878595352173,96.68924856185913
im sure they feel the more caring loving people in the kids lives the better,2,love,Sigurado akong mas mabuti para sa mga bata kung marami silang nakakasalamuha na mapagmahal at mapagkalinga.,0.8808557987213135,96.47657680511475
i was feeling melty and miserable enough myself so i can only imagine what he must have been going through,0,sadness,Nararamdaman ko rin ang pagiging malambot at malungkot kaya siguro alam ko kung ano ang nararamdaman niya.,0.8505182266235352,96.59792709350586
i am energetically pursuing my goals or i feel agitated and unable to sit still,3,anger,Masigla akong naghahanap ng aking mga mithiin o nararamdaman kong magulo at hindi mapakali.,0.9295597076416016,96.2817611694336
i set up a consultation with a therapist last week and i went to see him today i spoke to him about my general feelings towards things and in the end he reassured me that i did not have atlephobia but instead i had social anxiety which is apparently really common,1,joy,"Nag-set up ako ng konsultasyon sa isang therapist noong nakaraang linggo at pumunta ako sa kanya ngayon. Nag-usap kami tungkol sa aking pangkalahatang damdamin tungkol sa mga bagay-bagay, at sa huli, tinigasan niya ako na wala akong atlephobia kundi social anxiety na pala ay talagang karaniwan.",0.8631649613380432,96.54734015464783
im feeling a little stressed out about it but i cant do much right now because im waiting for a couple of tax returns in the mail and a letter from jasons employer which is taking quite some time,3,anger,"Nararamdaman ko ang kaunting stress tungkol dito, pero hindi ako makapaggawa ng marami ngayon dahil hinihintay ko ang ilang tax returns sa pamamagitan ng koreo at isang liham mula sa amo ni Jason na medyo matagal na.",0.8343702554702759,96.6625189781189
ive discontinued this once seemingly integral method of self preservation feeling assured that i am the only theif in philadelphia,1,joy,"Pinatapos ko na ang dating tila mahalagang paraan ng pag-iingat sa sarili, naniniwala akong ako lamang ang magnanakaw sa Philadelphia.",0.8639429807662964,96.54422807693481
i pictured a twin set of copper pipes running through me somewhere and while i was cool when i contemplated the one that flowed outward it made me feel weird to think about the other one,4,fear,"Inisip ko na may dalawang tubo ng tanso na dumadaan sa akin, at habang pakiramdam ko ay malamig kapag iniisip ko ang isa na palabas, nakakakaba para sa akin isipin ang isa pang dumadaloy papasok.",0.9291597604751587,96.28336095809937
i can t speak for anyone else but these activities have also helped me go from simply being okay with certain coworkers to feeling friendly towards them,1,joy,"Hindi ko masasabi para sa iba, pero ang mga gawain na ito ay tumulong din sa akin na magbago mula sa simpleng pagiging komportable sa ilang kasamahan tungo sa pagiging kaibigan nila.",0.861435055732727,96.55425977706909
i feel freaked like im not safe anywhere i run,1,joy,Nararamdaman kong kinakabahan at parang hindi ako ligtas kahit saan ako tumakbo.,0.9255895614624023,96.29764175415039
i didnt feel threatened or concerned really but i wasnt entirely happy about the situation either perhaps instinctively because im usually quite prepared even pleased to speak to a passer by,4,fear,"Hindi ako nadamaang banta o alalahanin, ngunit hindi rin ako lubos na masaya sa sitwasyon, marahil dahil sa aking likas na pagiging handa, kahit na masaya pa nga akong makipag-usap sa isang dumadaan.",0.9061963558197021,96.37521457672119
i feel this urge to update because i resigned from my hour job making coffee for people a day by myself,0,sadness,Nararamdaman kong may pangangailangan akong mag-update dahil umalis na ako sa aking trabaho na nagsisilbing barista ng isang oras araw-araw mag-isa.,0.8929799795150757,96.4280800819397
im tired of feeling lethargic and im hungry and im going to eat this bread and the sausage and the entire chocolate bar the minute i get home,0,sadness,"Pagod na ako sa pakiramdam na walang gana at gutom na gutom ako, kakain ako ng tinapay, longganisa, at buong tsokolate bar pagdating ko sa bahay.",0.9164125919342041,96.33434963226318
i have to go straight out after work and need to feel instantly glamorous i will usually wear a pair of our nw skinnies with a pair of high high shoes,1,joy,"Kailangan kong lumabas agad pagkatapos ng trabaho at gusto kong agad magmukhang glamoroso, karaniwan akong susuotin ang aming nw skinnies kasama ang isang pares ng mataas na sapatos.",0.8054955005645752,96.7780179977417
i feel was smart as it avoided making the pages too cumbersome and additionally avoided the clumsiness of trying to introduce all the characters at once,1,joy,Naramdaman kong matalino iyon dahil iwasan nitong gawing masyadong mabigat ang mga pahina at saka iwasan din ang kahinaan ng pagpapakilala ng lahat ng tauhan nang sabay-sabay.,0.8845173120498657,96.46193075180054
i wind up feeling like the butt end of some divine comedy and somewhere in the universe the muses are all having a good laugh at my expense,1,joy,"Nagtatapos ako sa pakiramdam na parang huli sa isang madilim na biro ng diyos at sa isang sulok ng sansinukob, ang mga musa ay siguradong natawa sa akin.",0.8663321733474731,96.53467130661011
i was feeling like death was knocking on my door in the living room and i would have gladly welcomed an epidural at this point,1,joy,"Parang papalapit na ang kamatayan sa pintuan ng sala at sa puntong ito, masaya akong tatanggap ng epidural.",0.8567365407943726,96.57305383682251
i loved the idea of recording a large chunk of your life for others to see in the future plus i adore the victorian style of it i feel it looks rather elegant and will also have an air of mystery about it when in like years time my niece nephew may read it and be all woah this is ancient,1,joy,"Gustung-gusto ko ang ideya ng pagrekord ng malaking bahagi ng buhay mo para makita ng iba sa hinaharap, saka mahal ko ang istilo ng Victorian, parang elegante at may misteryo rin kapag maraming taon na ang lumipas at basahin ito ng aking pamangkin o pamangkin at sabihin, ""Wow, ito'y sinaunang!""",0.8301920890808105,96.67923164367676
i cant begin to imagine how it must feel to be an intelligent wonderful person that is limited in some way because of a phyica disability,1,joy,Hindi ko maikakaila ang pakiramdam na nararamdaman mo bilang isang matalinong at kahanga-hangang tao na limitado sa ilang paraan dahil sa pisikal na kapansanan.,0.8868036270141602,96.45278549194336
i don t feel too gloomy or melancholic or something,0,sadness,Hindi ako masyadong malungkot o malambing o ganito.,0.8512997627258301,96.59480094909668
i feel stupid using this name,0,sadness,Nararamdaman kong bobo gamit ang pangalang ito.,0.8284848928451538,96.68606042861938
i left feeling disappointed in her knowledge,0,sadness,Umalis ako na nabigo sa kanyang kaalaman.,0.881399393081665,96.47440242767334
i feel so privileged to be part of this and in my own way keep some of the traditional skills alive of course with a little ballistic owl magic,1,joy,"Nararamdaman kong lubos na pinagpala na maging bahagi nito at sa aking sariling paraan, panatilihing buhay ang ilan sa mga tradisyonal na kasanayan, siyempre, kasama ang kaunting mahiwagang lihim ng ballistic owl.",0.9227960705757141,96.30881571769714
i am feeling a bit overwhelmed here,4,fear,Nararamdaman kong medyo nalulubog ako rito.,0.8715479373931885,96.51380825042725
ive not been back to the doctor in a year and it feels so fabulous,1,joy,Hindi ako bumalik sa doktor sa isang taon at sobrang maganda ang pakiramdam.,0.8474745750427246,96.6101016998291
i was feeling a lot of self pride that i was supporting us all as peter went back to school all our bills were getting paid on time and i was actually planning a summer vacation trip with my kids to this,2,love,"Nararamdaman ko ang malaking pagmamalaki sa aking sarili dahil ako ang nag-aaruga sa atin habang si Peter ay bumalik sa paaralan, lahat ng aming bayarin ay nababayaran nang tama at ako ay nagpaplano ng bakasyon sa tag-araw kasama ang aking mga anak patungo sa...",0.87376469373703,96.50494122505188
im feeling hopeful that the last piece in the lighting jigsaw may be finally complete,1,joy,Nakaramdam ako ng pag-asa na ang huling piraso sa palaisipan ng ilaw ay maaaring wakasan na.,0.916257381439209,96.33497047424316
i feel offended by those books in which they take you for an idiot thats a tv reality attitude,3,anger,"Nasasaktan ako sa mga aklat na parang itinuturing kang tanga, parang ang dating ay galing sa totoong buhay sa telebisyon.",0.8716374039649963,96.51345038414001
i sit here just a few hours after seeing this fucking thing and swimming in post traumatic combat shock i am reminded that clich s flaws and feeling like a supporting character in your own movie are what often define our real lives and the world we live in,2,love,"Nakaupo ako dito ilang oras lamang matapos makita ang bagay na iyon at nalulunod sa pagkabigla ng trauma ng labanan, naaalala kong ang mga klisÃ©, mga kahinaan, at pakiramdam na parang isang pangalawang tauhan sa sariling pelikula ay kadalasang tumutukoy sa ating tunay na buhay at sa mundo kung saan tayo nakatira.",0.913156270980835,96.34737491607666
i can just feel all of our stress and discontent levels rising,0,sadness,Nararamdaman ko lang na tumataas ang antas ng ating stress at kawalang-kasiyahan.,0.8601414561271667,96.55943417549133
i trust that in moments of feeling fine even moments of joy that my grief may sometimes come slam me in the face,1,joy,"Naniniwala ako na kahit sa mga sandali ng pagiging masaya, maaaring bigla akong salubungin ng aking kalungkutan.",0.9021104574203491,96.3915581703186
i feel like prom dresses this gorgeous did not exist five years ago,1,joy,Parang hindi pa umiiral ang mga magagandang gown na ito limang taon na ang nakalilipas.,0.8611555099487305,96.55537796020508
i can smirk at folks who can t use outlook and feel like i m the superior smarter person surrounded by fools,1,joy,"Maaari akong magngisi sa mga taong hindi marunong gumamit ng Outlook at pakiramdam kong mas matalino at mas mahusay kaysa sa kanila, na parang nakapaligid ako ng mga hangal.",0.8558187484741211,96.57672500610352
i let myself feel this way i have a gorgeous partner who loves me with an intensity that takes my breath away a beautiful comfortable home food on the table and drink a plenty even our dog adores me,1,joy,"Pinayagan kong maramdaman ang ganitong pakiramdam, mayroon akong magandang kasintahan na umiibig sa akin nang may lakas na nagpapatigil sa aking paghinga, isang magandang at komportableng tahanan, pagkain sa hapag, at maraming inumin, pati na ang aming aso ay minamahal ako.",0.8891690373420715,96.44332385063171
i set off to drive back to derbyshire on friday afternoon i felt so emotional and suddenly didnt want to leave its a funny feeling being homesick for a place before youre even out of the county borders but it does make going back all the more special,0,sadness,"Nagsimula akong magmaneho pauwi sa Derbyshire noong Biyernes ng hapon. Naramdaman kong sobrang emosyonal at bigla kong ayaw nang umalis. Kakaiba ang pakiramdam na ma-homesick para sa isang lugar bago ka pa man lumabas sa hangganan ng probinsya, pero ginagawa itong mas espesyal ang pagbalik.",0.8474553227424622,96.61017870903015
i feel like as a generation of men as a family guy in my s in the suburbs of the midwest i feel like were a little bit lost says heimbuch who documented a search for his midwestern hunting roots in his soon to be released book and now we shall do manly things,0,sadness,"Nararamdaman ko, bilang isang henerasyon ng mga lalaki, bilang isang pamilya sa aking mga 30s sa mga suburb ng Midwest, na medyo nawawala tayo, sabi ni Heimbuch na nag-dokumento ng paghahanap niya sa kanyang mga ugat ng pangangaso sa Midwest sa kanyang paparating na libro at ngayon ay gagawin natin ang mga bagay na pantasya ng lalaki.",0.8914663195610046,96.43413472175598
i would feel like i am doomed to repeat history once more,0,sadness,Parang nabibilang ako sa tadhana na ulitin ang kasaysayan muli.,0.8431177139282227,96.62752914428711
i feel naughty and dirty sometimes but this gives me certain pleasure so why not,2,love,"Minsan, nadarama kong masama at marumi ngunit ito'y nagbibigay sa akin ng ilang kasiyahan kaya bakit hindi?",0.8793802261352539,96.48247909545898
i feel dirty if i dont,0,sadness,Nararamdaman kong marumi kung hindi ako.,0.915302038192749,96.338791847229
i don t just mean that the sensations we experience influence our moods i m not simply pointing out that say discomfort in our bodies makes us feel irritable,3,anger,"Hindi ko lang ibig sabihin na ang mga nararamdaman natin ay nakakaapekto sa ating kalooban, hindi ko lang sinasabi na ang hindi komportableng pakiramdam sa ating katawan ay nagpapasigla ng ating pagiging maselan.",0.8727343082427979,96.50906276702881
i feel very passionate about my future career choices within the video gaming industry,1,joy,Napakasaya ko at puno ng sigasig sa mga pagpipilian ng aking karera sa industriya ng video gaming.,0.8814202547073364,96.47431898117065
i think its the feeling stupid part because i couldnt tell you were lying,0,sadness,Akala ko'y ang nararamdaman kong kahihiyan dahil hindi ko napansin na nagsisinungaling ka.,0.8658578395843506,96.5365686416626
im definitely feeling remorseful about,0,sadness,Tiyak akong nakakaramdam ng pagsisisi tungkol sa...,0.8228651285171509,96.7085394859314
i feel like i could be inspired there every single day,1,joy,Nararamdaman kong maaaring mapagkukunan ako ng inspirasyon doon araw-araw.,0.8559854030609131,96.57605838775635
i hope that those of you who actauly found this and read it feel possibly inspired to go out and buy some of these items or even go through storage and see what clothes of yours your mom saved and that you still have a hope of fitting in and mix up your wardrobe for this summer and have a little fun,1,joy,Sana ang mga nakakita at nabasa nito ay mapag-inspirasyon na lumabas at bumili ng ilan sa mga bagay na ito o kahit tingnan ang mga gamit sa imbakan at makita kung anong damit ang inyong ina ang itinago at maaari pa kayong magkasya at pagsamahin sa inyong aparador ngayong tag-araw at magkaroon ng kaunting saya.,0.9311909079551697,96.27523636817932
i clearly remember the feeling of being depressed during that time,0,sadness,Malinaw kong naaalala ang pakiramdam ng pagkabalisa noong panahong iyon.,0.8798503279685974,96.48059868812561
i struggled with feelings of anger hurt and sadness yet i still felt hopeful,0,sadness,"Nagpupumiglas ako sa damdamin ng galit, sakit, at kalungkutan, ngunit nananatiling may pag-asa pa rin ako.",0.8893523216247559,96.44259071350098
i was feeling a tad bit nostalgic and decided to watch a classic starring bruce willis in the old flick titled monkeys,2,love,Naramdaman kong medyo ma-nostalgic kaya pinanood ko ang isang klasiko na bida si Bruce Willis sa lumang pelikula na pinamagatang Monkeys.,0.8675146102905273,96.52994155883789
i remember feeling a bit confused and really questioned her saying that to me,4,fear,Naalala ko ang pakiramdam na medyo nalilito at talagang tinanong ko siya kung bakit niya sinabi iyon sa akin.,0.8581298589706421,96.56748056411743
i can feel something so strong for others but to take it,1,joy,Nararamdaman ko ang isang napakalakas na damdamin para sa iba ngunit upang gawin ito,0.8611220121383667,96.55551195144653
i was feeling the shake shack love this day i guess because i look like a hamburger with dirty clothes and hair because my luggage hadnt come yet,0,sadness,Nararamdaman ko ang pagmamahal sa Shake Shack ngayon siguro dahil parang hamburger ako na may marumi pang damit at buhok dahil hindi pa dumating ang aking bagahe.,0.8742733001708984,96.5029067993164
i feel like damaged goods because every time i start to really like someone i get hurt,0,sadness,"Nararamdaman kong parang sira na ang mga gamit ko dahil tuwing nagsisimula akong talagang magustuhan ang isang tao, nasasaktan ako.",0.8495433926582336,96.60182642936707
i feel like im doing something slightly productive even if i have zero follicles in there,1,joy,Nararamdaman kong ginagawa ko ang isang maliit na produktibo kahit wala akong follicle doon.,0.8236061334609985,96.705575466156
i feel im forever alone,0,sadness,Nararamdaman kong ako'y mag-isa magpakailanman.,0.9134383797645569,96.34624648094177
i feel that is a lovely change in the modern mothers,2,love,Nararamdaman kong maganda ang pagbabago sa mga modernong ina.,0.8632217049598694,96.54711318016052
i was feeling like a beluga whale and quite grouchy,3,anger,Parang balyena akong beluga at medyo masungit.,0.8702194690704346,96.51912212371826
i feel a little delicate,2,love,Nararamdaman kong medyo mahina.,0.8645529747009277,96.54178810119629
i also feel aggravated i have an embarassing reason i dont want to go home yet i dreaded coming here and now im dreading leaving here,3,anger,"Nararamdaman ko rin ang pag-aaksaya, may kahihiyang dahilan kung bakit ayaw kong umuwi pa, kinatatakutan ko ang pagdating dito at ngayon ay natatakot akong umalis.",0.9037448167800903,96.38502073287964
i am left feeling numb to everything around me as i slowly recover from the latest episode,0,sadness,Nararamdaman kong numb ang lahat sa paligid ko habang unti-unting gumaling mula sa pinakabagong episode.,0.827003002166748,96.69198799133301
i feel like our life is anything but glamorous,1,joy,Parang hindi naman glamoroso ang buhay natin.,0.8849334120750427,96.46026635169983
i don t always remember to do this but when i m feeling bitchy and down on the world if i stop and take a moment to breathe and think about everything i m grateful for the joy seeps back,3,anger,"Hindi ko lagi matatandaan gawin ito ngunit kapag nararamdaman kong mapag-inis at nalulumbay sa mundo, kung huminto ako at maglaan ng sandali upang huminga at isipin ang lahat ng aking pinagpapasalamat, ang kagalakan ay bumalik.",0.8683709502220154,96.52651619911194
when it became clear that a man had used many people sexually and psychologically,3,anger,Nang malinaw nang makita na isang lalaki ay gumamit ng maraming tao sa sekswal at sikolohikal na paraan.,0.8806439638137817,96.47742414474487
i used to feel sadness about this having fond memories of formation and friendships in tec parishes,2,love,"Noon, nararamdaman kong kalungkutan dahil dito, dahil may mga masasayang alaala ako mula sa pagbuo at mga pagkakaibigan sa mga parokya ng TEC.",0.904243528842926,96.3830258846283
im feeling wimpy and whiny and generally tired,4,fear,"Nararamdaman kong mahina, maselan, at pangkalahatan ay pagod.",0.8517667055130005,96.592933177948
i went around the rest of the night feeling dumb for showing this blind woman a photo,0,sadness,"Naglakad-lakad ako sa natitirang gabi, parang tanga dahil ipinakita ko sa isang bulag na babae ang isang larawan.",0.9120609164237976,96.35175633430481
i feel more miserable,0,sadness,Mas nababahala ako.,0.8520388007164001,96.5918447971344
i feel i have a lot of strong points concerning the economy unemployment debt and other options,1,joy,"Nararamdaman kong mayroon akong maraming malalakas na puntos tungkol sa ekonomiya, kawalan ng trabaho, utang, at iba pang mga opsyon.",0.935301661491394,96.25879335403442
im feeling resolved,1,joy,Nararamdaman kong nalutas na.,0.7388230562210083,97.04470777511597
i was feeling creative and making things better in my house,1,joy,Nararamdaman kong malikhain at ginaganda ang aking tahanan.,0.8871878385543823,96.45124864578247
i love my family and i have such a wonderful life so writing all of this down and complaining makes me feel ungrateful,0,sadness,Mahal ko ang aking pamilya at mayroon akong napakagandang buhay kaya pagsusulat nito at pagrereklamo ay nagpaparamdam sa akin na hindi ako nagpapasalamat.,0.8803948760032654,96.47842049598694
i get to feel virtuous in comparison to him but i don t really have to put out,1,joy,Nakakaramdam ako ng pagiging mabuti kumpara sa kanya ngunit hindi ko talaga kailangan magpakita.,0.8735227584838867,96.50590896606445
i feel lame for pretty much only using my phone to take pictures like always now,0,sadness,Nararamdaman kong bobo dahil halos gamitin ko lang ang aking telepono para kumuha ng mga larawan tulad ng dati.,0.8448472619056702,96.62061095237732
i have to relate it to how a subject percieves something unsavory or maybe how the meaning or feel of unsavory depends on the way we percieve our subject positions,0,sadness,"Kailangan kong ikonekta ito sa kung paano nakikita ng isang paksa ang isang bagay na hindi kanais-nais, o marahil kung paano nakadepende ang kahulugan o pakiramdam ng hindi kanais-nais sa paraan natin ng pagtingin sa ating posisyon bilang paksa.",0.9072245359420776,96.37110185623169
i get the more confident i feel about being well prepared when i graduate,1,joy,Mas nagiging kumpiyansa ako habang mas handa akong pakiramdam kapag nagtapos na ako.,0.8823676109313965,96.47052955627441
i sat there in our living room feeling the sun come through the window cuddling my gorgeous puppy and cried,1,joy,"Nakaupo ako roon sa aming sala, nararamdaman ang sikat ng araw na pumapasok sa bintana habang yakap ang aking magandang aso at umiiyak.",0.9196968674659729,96.32121253013611
i still feel incredibly listless being in albuquerque but at least the weather is improving more or less,0,sadness,"Parang hindi pa rin ako mawala sa pagod na nararamdaman dito sa Albuquerque, pero nakakatuwa naman na medyo gumanda na ang panahon.",0.8947336673736572,96.42106533050537
i feel that is how we can be safe to be ourselves and trust,1,joy,Nararamdaman ko na iyon ang paraan upang maging ligtas tayo sa pagiging ating sarili at magtiwala.,0.907434344291687,96.37026262283325
i ask you how can they feel virtuous if any members of their preferred victim groups learn to take responsibility for their own lives,1,joy,"Tanong ko, paano sila makakapag-isip na marangal kung matututo ang mga miyembro ng kanilang piniling grupo ng biktima na tumugon sa kanilang sariling buhay?",0.8979859948158264,96.4080560207367
i could feel the strongest connection and still can to my divine self,1,joy,Nararamdaman ko ang pinakamalakas na koneksyon at hanggang ngayon ay nararamdaman ko pa rin ito sa aking diyosang sarili.,0.8822817802429199,96.47087287902832
i feel privileged to have the earthly father that i have but a far greater privilege is gods willingness to be my father,1,joy,"Nararamdaman kong isang karangalan ang pagkakaroon ng aking ama sa mundong ito, ngunit mas malaking karangalan pa ang kalooban ng Diyos na maging aking Ama.",0.8776606321334839,96.48935747146606
i feel even more hated,0,sadness,Nararamdaman kong mas pinagmumura pa.,0.87459397315979,96.50162410736084
i can tell pms is at work because i feel so weepy,0,sadness,Makikita ko na nasa trabaho ang PMS dahil sobrang lungkot ko.,0.8625825047492981,96.54966998100281
i was feeling quite impressed with myself for taking just eight months to finish just the lyrics for one fairly simple though sufficiently tortured emo song,4,fear,"Napakaganda ng pakiramdam ko sa aking sarili dahil natapos ko ang mga letra ng isang medyo simpleng, ngunit sapat na pinaghirapan na emo song sa loob lamang ng walong buwan.",0.8476048707962036,96.60958051681519
i feel a sense of hope and optimism and i am resolved to allow myself to experience these emotions without regret cynicism guilt or embarrassment,1,joy,"Nararamdaman ko ang pag-asa at optimismo, at determinado akong hayaan ang aking sarili na maranasan ang mga emosyong ito nang walang pagsisisi, sisi, kahihiyan, o kahihiyan.",0.8849883079528809,96.46004676818848
i feel that this was their mistake and they are just being rude,3,anger,Nararamdaman kong ito ang kanilang pagkakamali at sila ay basta-basta lamang na bastos.,0.8379222750663757,96.6483108997345
i already feel like im being tortured by not having any,4,fear,Nararamdaman ko nang parang pinagpapahirap ako ng kawalan.,0.80792236328125,96.768310546875
i need to be wise and hide some things from him because if he really knew all about me then he would feel too safe would get bored and will go find his adventure somewhere else,1,joy,"Kailangan kong maging matalino at itago ang ilang bagay sa kanya dahil kung tunay niyang malalaman ang lahat tungkol sa akin, baka masyado siyang magkaroon ng tiwala, mag-aantok, at hanapin ang kanyang pakikipagsapalaran sa ibang lugar.",0.8817708492279053,96.47291660308838
i texted haircute rather than haircut but since i feel like i was cute afterwards haircute is justified,1,joy,"Nag-text ako ng ""haircute"" kaysa ""haircut"" pero dahil sa pakiramdam kong cute ako pagkatapos, tama naman ang ""haircute.""",0.8713222742080688,96.51471090316772
i didn t feel overly drained,0,sadness,Hindi ako sobra nang pagod.,0.8849838972091675,96.46006441116333
i know that this lady is a real athlete but this morning i am not thinking of her athletic abilities i am feeling that i am so pleased that it is jonti and her that are doing this long event and not me,1,joy,"Alam kong tunay na atleta ang babaeng ito ngunit ngayong umaga, hindi ko iniisip ang kanyang kakayahan sa palakasan. Masaya ako na si Jonti at siya ang gagawa ng mahabang paligsahan at hindi ako.",0.9229705333709717,96.30811786651611
i feel very satisfied and dont expect to be hungry later,1,joy,Nararamdaman kong lubos akong nasiyahan at hindi inaasahan na magugutom mamaya.,0.9283602833747864,96.28655886650085
i if your feeling brave,1,joy,Kung ikaw ay may lakas ng loob.,0.8725019693374634,96.50999212265015
when there was a possibility of getting on better in professional life i valorized very much this aspect people showed me this possibility,1,joy,"Nang may posibilidad akong umunlad sa aking propesyonal na buhay, lubos kong pinahahalagahan ang aspektong ito, dahil ipinakita ito ng mga tao sa akin.",0.8465460538864136,96.61381578445435
i am nowhere near finished but how much better do i feel its ludicrous,4,fear,"Malayo pa ako sa pagtatapos ngunit gaano ko nararamdaman ang pagiging mas mabuti nito, talagang nakakatawa.",0.8784252405166626,96.48629903793335
i have these new songs that feel very vital and real to me and are ready to be shared,1,joy,"Mayroon akong mga bagong kanta na nararamdaman kong napakahalaga at totoo, at handa nang ibahagi.",0.9368389248847961,96.25264430046082
i feel developers should hear that people are really impressed with their work if they are,4,fear,Nararamdaman ko na dapat marinig ng mga developer na talagang nasiyahan ang mga tao sa kanilang gawa kung sila ay.,0.9001652598381042,96.39933896064758
i was having a cig and feeling like ok ill just write my colomn about how conservatish men are tha best bfs and tha best lovers,1,joy,Nag-i-enjoy ako ng sigarilyo at parang sasabihin ko na lang sa aking kolum na ang mga konserbatibong lalaki ang pinakamagandang boyfriend at pinakamagandang karelasyon.,0.8685725927352905,96.52570962905884
i am thrilled with the way my skin and hair feel if you are like me you are skeptical,4,fear,"Masaya akong malalim ang pakiramdam ng aking balat at buhok kung ikaw ay katulad ko, ikaw ay nag-aalinlangan.",0.9200812578201294,96.31967496871948
i started off the week feeling groggy and unwell picking up a sick note from the doctor and climbing into fresh sheets with snacks and a bottle of water to hand,0,sadness,"Nagsimula akong linggo na parang pagod at hindi maganda ang pakiramdam, kinuha ko ang sick leave sa doktor at natulog sa sariwang kumot kasama ang mga meryenda at isang bote ng tubig.",0.885295569896698,96.45881772041321
i get to purchase the best fruit the shop gets to reuse their bags and i feel virtuous about walking out of the shop without a scrap of new plastic the bag in the picture is old and well loved,1,joy,"Nakakabili ako ng pinakamahusay na prutas, maaring muling gamitin ng tindahan ang kanilang mga bag, at nararamdaman kong mabuti ang paglabas ng tindahan nang walang kahit anong bagong plastik. Ang bag sa larawan ay matanda at minamahal.",0.9255591630935669,96.29776334762573
i kinda feel like i dont ever want to write again until i can make a character more beloved than harry potter because otherwise what is my story going to be to anyone,1,joy,"Parang ayaw ko nang sumulat ulit hanggang sa magawa kong mas minamahal ang isang karakter kaysa kay Harry Potter, dahil kung hindi, ano na ang kwento ko sa iba?",0.8329027891159058,96.66838884353638
i still end up feeling a bit dazed from sheer sensory overload after spending an extended time in a very crowded area but today it wasnt too bad and the good company more than made up for it,4,fear,"Kahit matapos magtagal sa isang sobrang siksikan na lugar, nadarama ko pa rin ang kaunting pagkalito dahil sa sobrang dami ng nakikita at naririnig, pero ngayon hindi naman masyadong masama at ang magandang kasamahan ay higit na nagpalitaw nito.",0.8905379772186279,96.43784809112549
i sat there feeling frustrated that i didnt know about some of the different things ashton and isaac could have been involved in why werent the boys pro active about getting involved in more things and getting more awards,3,anger,"Nakaupo ako doon, nag-iisa at nagagalit dahil hindi ko alam ang iba't ibang bagay na maaaring kinasangkutan ni Ashton at Isaac. Bakit hindi proactive ang mga lalaki sa pagsasali sa mas maraming bagay at pagkuha ng higit pang parangal?",0.855023205280304,96.57990717887878
id like to be less afraid to say how i really feel less afraid to travel,4,fear,"Gusto kong maging mas hindi natatakot na sabihin ang tunay kong nararamdaman, mas hindi natatakot na maglakbay.",0.9090942740440369,96.36362290382385
i took the step to start this blog i feel as though i m burdened to be particularly tough,0,sadness,Nagsimula akong mag-blog at nararamdaman kong may bigat sa akin na maging partikular na matatag.,0.8827362060546875,96.46905517578125
i was feeling some irritation and anger feeling being insulted,3,anger,Nararamdaman ko ang pang-iinis at galit dahil sa pakiramdam na nilalait.,0.8663339614868164,96.53466415405273
i was feeling pretty wimpy in it,4,fear,Nararamdaman kong medyo mahina ako doon.,0.8912703394889832,96.43491864204407
i feel his innocent and loving breath on my neck,1,joy,Nararamdaman ko ang kanyang inosenteng at mapagmahal na hininga sa aking leeg.,0.8949796557426453,96.42008137702942
im only and that most people havent exactly settled down yet but the other part of me feels like i missed my chance,0,sadness,"Ako lang at karamihan ay hindi pa ganap na nakahanap ng kanilang tahanan, ngunit ang isa pang bahagi ng akin ay parang nakalimutan ko ang aking pagkakataon.",0.9300037622451782,96.27998495101929
i will feel a bit of insecure,4,fear,Magkakaroon ako ng kaunting pag-aalinlangan.,0.8865612149238586,96.45375514030457
i feel like if this was a longer book i would have liked it more,2,love,Parang mas magugustuhan ko ito kung mas mahaba ang libro.,0.8330730199813843,96.66770792007446
i don t feel like this month was a failure but rather a eye opener to help me to be more productive organized and free,1,joy,"Hindi ko nararamdaman na nabigo ako ngayong buwan, kundi isang pagbubukas ng mata upang matulungan akong maging mas produktibo, organisado, at malaya.",0.8789442181587219,96.48422312736511
i am on the verge of tears feeling depressed unhappy useless feeling like i have wasted my life see no future with happiness in it,0,sadness,"Malapit na akong umiyak, nalulumbay, hindi masaya, parang walang silbi, parang sayang ang buhay ko, at hindi ko nakikita ang kinabukasan na puno ng kagalakan.",0.8949538469314575,96.42018461227417
ive been feeling a bit guilty lately that i havent indulged my project lovin girl with creative things during our afternoons together,0,sadness,Nararamdaman ko kamakailan ang kaunting pagsisisi na hindi ko nabibigyan ng mga malikhaing bagay ang aking project lovin girl sa ating mga hapon na magkasama.,0.8554381132125854,96.57824754714966
i am sitting here feeling pretty miserable at the moment,0,sadness,Nakaupo ako rito at nararamdaman ang malaking kalungkutan ngayon.,0.8746517300605774,96.50139307975769
i cafeteria i sit sitting myself feels hurt scared,0,sadness,"Sa cafeteria, habang nakaupo ako, nararamdaman kong nasasaktan at natatakot.",0.9325501918792725,96.26979923248291
im feeling quite adventurous and tried out those drinks that i just normally read through the pages of pocketbooks,1,joy,Nararamdaman kong medyo mahilig sa pakikipagsapalaran kaya sinubukan ko ang mga inumin na dati ko lamang nababasa sa mga pahina ng mga nobelang pantasya.,0.8576775789260864,96.56928968429565
i feel kind of ashamed when i write down things like sat on the couch and watched antm marathon,0,sadness,"Nakakahiya minsan kapag isinusulat ko ang mga bagay na gaya ng ""nakaupo sa sopa at nanood ng Antm marathon.""",0.8137738704681396,96.74490451812744
im older and i adopt children if they are born gay which i do believe is a born thing feel free to discuss i shall respect that just like i will accept if they are born left handed or ginger,1,joy,"Mas matanda na ako at kung sila ay isisilang na bakla, aampon ko ang mga bata dahil naniniwala akong likas iyon. Malayang mag-usap, irespeto ko iyon gaya ng pagtanggap ko kung sila ay isisilang na kaliwang kamay o may kulay-kape ang buhok.",0.879477322101593,96.48209071159363
when i was ten i got shut in the school with a friend i had to jump out of a window and cross a beam metres high,4,fear,"Noong ako'y sampung taong gulang, nakulong kami sa paaralan ng isang kaibigan, kailangan kong tumalon mula sa bintana at tumawid sa isang poste na ilang metro ang taas.",0.9484884142875671,96.20604634284973
i feel like its a lifestyle change i could genuinely live with without feeling deprived,0,sadness,Parang isang pagbabago sa pamumuhay ito na kayang tanggapin nang tunay nang hindi nararamdaman ang kakulangan.,0.8927983045578003,96.4288067817688
ive got a cough that is deep in my chest and overall i just feel terrible,0,sadness,May ubo ako na malalim sa dibdib at sa pangkalahatan ay nararamdaman kong masama.,0.9270332455635071,96.29186701774597
im kinda exhausted today and you might be feeling exhausted reading this post too,0,sadness,medyo pagod ako ngayon at baka pagod ka rin sa pagbabasa nito.,0.881127119064331,96.47549152374268
i feel so privileged and yet so powerful,1,joy,Nararamdaman kong lubos akong pinagpala at kapangyarihan din.,0.9390372037887573,96.24385118484497
i feel like thats what vicious circle is,3,anger,Parang iyon ang vicious circle.,0.8495410680770874,96.60183572769165
i perceive you feel now you and grieve together the dint of pity these are gracious drops,1,joy,"Nararamdaman kong ngayon ay nadarama mo at kasama mo ang kalungkutan, at ang mga luhang ito ng awa ay maganda.",0.9074617624282837,96.37015295028687
i already mentioned that the company i had a phone interview with decided i was not the right fit for the position and i feel rejected,0,sadness,Sinabi ko na nga po na ang kompanya kung saan ako nagkaroon ng panayam sa telepono ay nagpasya na hindi ako ang tamang tao para sa posisyon at nararamdaman kong tinanggihan.,0.865619421005249,96.537522315979
i feel a little more sociable today,1,joy,Mas sosyal ako ngayon.,0.8708866834640503,96.5164532661438
i still very much feel submissive,0,sadness,Nararamdaman ko pa rin ang pagiging masunurin.,0.8529638051986694,96.58814477920532
i kind of feel like i m supporting them both,1,joy,Parang sinusuportahan ko silang dalawa.,0.873697817325592,96.50520873069763
i do find new friends i m going to try extra hard to make them stay and if i decide that i don t want to feel hurt again and just ride out the last year of school on my own i m going to have to try extra hard not to care what people think of me being a loner,0,sadness,"Natutuklasan ko ang mga bagong kaibigan, gagawin kong doble ang pagsisikap para manatili sila. Kung magdedesisyon akong huwag na maramdaman ang sakit muli at tapusin ang huling taon ng paaralan mag-isa, kailangan kong mag-extra hard para hindi mag-alala sa iniisip ng mga tao tungkol sa akin bilang isang taong nag-iisa.",0.8245285749435425,96.70188570022583
i listen to people explain their frustrations with dating or how they re feeling rejected after a possible date didn t materialise or not getting pas,0,sadness,Nakikinig ako sa mga tao habang ipinaliwanag nila ang kanilang pagkabigo sa pag-iibigan o kung paano sila nadarama na tinanggihan matapos ang isang posibleng date na hindi natuloy o hindi nakakuha ng pansin.,0.843401312828064,96.62639474868774
i feel the precious metals sector will be starting something like this in the near futures and possibly it has already started as seen in the rising volume on the down days,1,joy,Nararamdaman kong sisimulan ng sektor ng mga mahalagang metal ang ganitong uri ng paggalaw sa malapit na hinaharap at posibleng nagsimula na ito gaya ng nakikita sa tumataas na dami ng transaksyon sa mga araw ng pagbaba.,0.9245401620864868,96.30183935165405
i feel can be bad for some can we talk about oversharing too much and how people think it is a diary of their life,0,sadness,"Nararamdaman ko na maaaring masama para sa ilan, kaya maaari ba nating pag-usapan ang tungkol sa pagbabahagi ng labis at kung paano iniisip ng mga tao na ito ay isang talaarawan ng kanilang buhay?",0.8912875056266785,96.43484997749329
i was hanging out with zach at one point and there was this girl that i have very strong feelings about and zach said ok i m gonna give you this song,1,joy,"Nag-eenjoy ako kasama si Zach noon at may babaeng sobrang gusto ko, saka sinabi ni Zach, ""Sige, bibigyan kita nito song.""",0.806768000125885,96.77292799949646
i just feel like talking about it but im not sure who will listen to it since it seems like a boring deep artistic stuff lol so i put it up here,1,joy,"Gusto ko lang magkwento tungkol dito pero hindi ko alam kung sino ang makinig dahil parang nakakaboring at malalim na sining, e, kaya inilagay ko ito dito.",0.8822681307792664,96.47092747688293
i think i am starting to feel jealous,3,anger,"Iniisip ko, baka nagsisimula na akong magkaroon ng inggit.",0.866472601890564,96.53410959243774
i hate feeling this pathetic,0,sadness,Ayaw kong maramdaman ang ganitong kahirapang.,0.8371497392654419,96.65140104293823
i feel like special honored guests,1,joy,Parang espesyal na mga bisitang pinarangalan ako.,0.8769528865814209,96.49218845367432
i feel passionate about the subject matter,1,joy,Masigasig akong nakakaramdam tungkol sa paksa.,0.8623062968254089,96.55077481269836
i say his name over and over and feel the change in him the nearly violent desire he reigns in with difficulty as the first waves of orgasmic stupor envelops me,3,anger,"Binibigkas ko nang paulit-ulit ang kanyang pangalan at nararamdaman ang pagbabago sa kanya, ang halos marahas na pagnanasa na kanyang kinokontrol nang mahirap habang ang unang alon ng pagkalimot na dulot ng orgasm ay sumasakop sa akin.",0.8773423433303833,96.49063062667847
i see other people writing about love when they have just brokeup and finding another person in his her life i kinda feel so disgusted,3,anger,"Nakikita ko ang iba na sumusulat tungkol sa pag-ibig kahit na naghiwalay lang sila at agad nakakahanap ng iba, medyo nakakainis ako.",0.8745801448822021,96.50167942047119
i come out of the cinema feeling like a giggly schoolgirl,1,joy,Lumabas ako ng sinehan na parang isang masayang dalagang estudyante.,0.8641400933265686,96.54343962669373
i feel so passionate about utopia is my desire for peace on this troubled earth,2,love,"Napakabigat ng aking damdamin para sa utopia, ang aking hangarin ay ang kapayapaan sa mundong ito na puno ng kaguluhan.",0.8701034784317017,96.5195860862732
i feel like my good friend narcissism might have something to do with that well that and a spoonful of boredom,1,joy,"Parang ang pagiging mapagmataas ng aking mabuting kaibigan ang may kinalaman doon, pati na rin ang isang kutsarita ng pagkabagot.",0.8918581008911133,96.43256759643555
i feel so cranky and disconnected,3,anger,Nararamdaman kong sobrang badtrip at malayo sa lahat.,0.8715868592262268,96.51365256309509
i feel suspicious of innanimate objects and as though my house is actually the set of a play or a movie or some kind of model of itself and how did i come to be here and why is that carpet looking up at me like that,4,fear,"Nararamdaman kong may pagdududa ako sa mga walang buhay na bagay at parang ang bahay ko ay aktwal na set ng isang dulang, pelikula, o isang uri ng modelo nito, at paano ako napunta rito at bakit parang nakatingin sa akin ang karpet na parang may buhay?",0.9087058305740356,96.36517667770386
im and i feel ive got a lot of years to go zenden told boston online amsterdam reuters explosions damaged a dutch court on monday hours before the trial of the kidnapper of beer magnate freddy heineken was set to begin dutch police said,0,sadness,"""Marami pang taon ang natitira sa akin,"" sabi ni Zenden sa Boston Online, Amsterdam, Reuters. Nagdulot ng pinsala ang mga pagsabog sa isang hukuman sa Netherlands noong Lunes, ilang oras bago magsimula ang paglilitis sa magnanakaw ng beer magnate na si Freddy Heineken, ayon sa pulisya ng Netherlands.",0.849728524684906,96.60108590126038
i cried through it all but i remember them blessing us to feel comfort and i remember feeling a sweet spirit,2,love,Umiiyak ako sa lahat ng iyon ngunit natatandaan ko silang nagpapala sa amin upang maramdaman ang kaginhawahan at natatandaan ko ang pakiramdam ng isang matamis na espiritu.,0.9431415796279907,96.22743368148804
i finally feel like im getting treatment for my injury and that im not being punished for having been injured during an assault,0,sadness,Nararamdaman ko na sa wakas ay natatanggap ko ang tamang paggamot para sa aking sugat at hindi ako pinarusahan dahil nasugatan ako sa isang pag-atake.,0.8591762781143188,96.56329488754272
im not feeling very loyal toward them,2,love,Hindi ako nararamdaman na lubos na tapat sa kanila.,0.896643877029419,96.41342449188232
i feel like im being punished and it makes me sad stressed worried,0,sadness,"Nararamdaman kong parurusahan ako at ito ay nagpapasakit, nagpapa-stress, at nagpapa-alala sa akin.",0.8791424036026001,96.4834303855896
i feel so humiliated at failing to achieve what i should have,0,sadness,Napakasakit ng pagkabigo at hindi ko nagawa ang dapat kong gawin.,0.8683484792709351,96.52660608291626
ive been devoting myself to you monday to monday and friday to friday not getting enough retribution or decent incentives to keep me at it im starting to feel just a little abused like a coffee machine in an office so im gonna go somewhere cozy to get me a lover and tell you all about it,0,sadness,"Naglalaan ako ng aking sarili sa iyo mula Lunes hanggang Lunes at Biyernes hanggang Biyernes, hindi sapat ang gantimpala o karapat-dapat na insentibo para panatilihin akong nandito. Nagsisimula akong makaramdam ng kaunting pang-aabuso, parang isang coffee machine sa opisina kaya pupunta ako sa isang komportableng lugar upang maghanap ng isang minamahal at sasabihin sa inyo ang lahat tungkol dito.",0.9044013619422913,96.38239455223083
i go back to feeling smart again,1,joy,Bumalik ako sa pakiramdam na matalino muli.,0.8950075507164001,96.4199697971344
ill talk about the feel of fake products and places i trust to shop,0,sadness,Tutukuyin ko ang pakiramdam ng mga pekeng produkto at mga lugar kung saan ako nagtitiwala na bumili.,0.8999873995780945,96.40005040168762
i like to look at this ring when im feeling doubtful or down and it reminds me that honestly i dont have any regrets and i know im where im suppose to be,4,fear,"Gustung-gusto kong tingnan ang singsing na ito kapag nag-aalinlangan o nalulungkot ako, at ito ay nagpapaalala sa akin na totoo, wala akong pinagsisisihan at alam kong nasa tamang lugar ako.",0.8424703478813171,96.63011860847473
i wake up and decide that i feel like doing something else entirely well then ill just do that instead,1,joy,"Gumising ako at napagpasyahan kong gusto kong gawin ang ibang bagay na ganap na magkaiba, kung gayon gagawin ko na lang iyon.",0.8684401512145996,96.5262393951416
i am feeling a little sarcastic today,3,anger,Medyo sarkastiko ang pakiramdam ko ngayon.,0.8531365394592285,96.58745384216309
i know these feelings premonitions and so on could simply be the product of my own troubled subconscious grabbing my conscious attention for a bit,0,sadness,"Alam kong ang mga damdaming ito, mga hula, at iba pa ay maaaring simpleng bunga ng aking sariling magulo at hindi matiwasay na diwa na humihingi ng pansin mula sa aking kamalayan.",0.8981150984764099,96.40753960609436
i still feel worthless deep down inside,0,sadness,Nararamdaman ko pa rin ang kawalan ng halaga sa aking puso.,0.8606410622596741,96.5574357509613
i get more angry at what you have done that i must tell you how i feel its not that you broke up with her but how you did it and the speed in which you made that decision,0,sadness,"Mas nagagalit ako sa ginawa mo kaya kailangan kong sabihin sa iyo kung ano ang nararamdaman ko. Hindi dahil sa hiwalayan mo sa kanya, kundi sa paraan at bilis ng iyong desisyon.",0.910311222076416,96.35875511169434
i didnt feel the need to eat my beloved cheese and while i had a few set backs ive learnt to deal with it now,2,love,"Hindi ko naramdaman ang pangangailangan kumain ng aking minamahal na keso at kahit na may ilang pagkatalo ako, natutunan kong harapin ito ngayon.",0.8635857701301575,96.54565691947937
i yearn to feel useful beyond our little home,1,joy,Nais kong maramdaman ang aking kapakinabangan sa labas ng ating maliit na tahanan.,0.8852329254150391,96.45906829833984
i empathize with the feeling of being dissatisfied not where i want to be but no i dont feel that way,3,anger,"Naiintindihan ko ang pakiramdam ng hindi nasiyahan dahil hindi ako nasa lugar na gusto kong makarating, ngunit hindi ko nararamdaman iyon ngayon.",0.9047494530677795,96.38100218772888
i just don t like to smile don t feel like talking and i don t want to be considerate,1,joy,"Ayaw ko lang ngumiti, ayaw kong magsalita, at ayaw kong maging mapag-isip.",0.9264260530471802,96.29429578781128
i feel such an attachment to cindy her sweet family and atticus,1,joy,"Nararamdaman kong malalim ang aking pag-aangkin kay Cindy, sa kanyang matamis na pamilya, at kay Atticus.",0.8473683595657349,96.61052656173706
ive been feeling very very restless,4,fear,Napaka- restless ko.,0.8186273574829102,96.72549057006836
i was feeling really invigorated by the process,1,joy,Nararamdaman kong lubos na nabubuhay at puno ng enerhiya sa proseso.,0.9050359129905701,96.37985634803772
im sat at work feeling pressure in my ears blowing my nose and just feeling miserable,0,sadness,"Nakaupo ako sa trabaho, nararamdaman ang presyur sa aking tenga, humihingal ako at parang nabibigo lang.",0.9072604179382324,96.37095832824707
i dont know why i think its because were on a break so not actively ttc but i just feel better about the whole thing,1,joy,"Hindi ko alam kung bakit, pero siguro dahil nasa break kami kaya hindi kami aktibong nagpaplano ng buntis, pero mas nakakagaan ng loob ko sa buong sitwasyon.",0.8023159503936768,96.7907361984253
i feel disturbed when i see people break into pieces right in front of me because of love,0,sadness,Nakakabagabag sa akin kapag nakikita kong nabubuwag ang mga tao sa harapan ko dahil sa pag-ibig.,0.9055168628692627,96.37793254852295
i needed to get all that out of my head and onto a screen where i can come and reread it later to see that while we have numerous blessings there are some challenges and that its okay for me to feel overwhelmed at times,4,fear,"Kailangan kong ilabas lahat ng iyon sa aking isipan at isulat ito sa screen para maibalik ko at basahin muli mamaya upang makita na habang mayroon tayong maraming biyaya, mayroon ding mga hamon at na'okey lang na makaramdam ako ng pagod minsan.",0.8633334636688232,96.5466661453247
i feel loved because i programmed my computer to tell me it loves me,2,love,Nararamdaman kong mahal ako dahil pinrograma ko ang aking kompyuter na sabihin sa akin na mahal niya ako.,0.8471554517745972,96.61137819290161
i can t understand why you keep hiding your feelings when he s so fond of you,2,love,Hindi ko maintindihan kung bakit mo itinatago ang iyong nararamdaman habang siya ay lubos na nagmamahal sa iyo.,0.8873602747917175,96.45055890083313
i supposed to feel reassured that koyama was the one that answered,1,joy,Dapat akong maaliw na si koyama ang sumagot.,0.8763527870178223,96.49458885192871
im feeling more outgoing and happy since being off the medication,1,joy,Mas palabas at masaya ako simula nang huminto ako sa pag-inom ng gamot.,0.9100890755653381,96.35964369773865
i feel a bit more inadequate in every aspect and it just breaks me down further,0,sadness,Nararamdaman kong mas kulang ako sa lahat ng aspeto at lalong ito'y nagpapabagsak sa akin.,0.8790680170059204,96.48372793197632
i have a feeling that id pick up some of the artistic skills there too,1,joy,May pakiramdam akong matututunan ko rin doon ang ilang kasanayan sa sining.,0.88655686378479,96.45377254486084
i am a small town girl and feel very satisfied with staying in my comfort zone but with jene having to work today the boys and i braved the windy city on our own,1,joy,"Ako ay isang babaeng mula sa maliit na bayan at nararamdaman ang malaking kasiyahan sa paglagi sa aking komportableng lugar, ngunit dahil kailangan magtrabaho ni Jene ngayon, ako at ang mga lalaki ay naglakbay sa mahangin na lungsod nang mag-isa.",0.8926559686660767,96.4293761253357
im happy to say im feeling so much more creative than i have in a long time,1,joy,Masaya akong sabihin na nararamdaman kong mas malikhain ngayon kaysa dati.,0.8747285604476929,96.50108575820923
i am sleeping better but yet i feel even more exhausted than ever which i just dont understand,0,sadness,"Natutulog ako nang mas maayos ngunit nararamdaman ko pa rin na mas pagod kaysa dati, hindi ko maintindihan.",0.9343805909156799,96.26247763633728
i feel weird about my self this doesn t feel like me,4,fear,"Nakakakaba ang pakiramdam ko tungkol sa aking sarili, hindi ito parang ako.",0.8552712798118591,96.57891488075256
i feel playful im going to tell my boyfriend and if he doesnt feel it too such is life it is his loss,1,joy,"Nararamdaman kong masaya at biro-biro, sasabihin ko sa boyfriend ko, at kung hindi niya rin maramdaman, ganun na nga buhay, sayang sa kanya.",0.9259850978851318,96.29605960845947
i feel slightly triumphant thank you very much,1,joy,"Nararamdaman ko ang kaunting tagumpay, maraming salamat.",0.8294813632965088,96.68207454681396
im feeling quite lethargic somehow today and very worn out lately as i barely have any time to sit down as im constantly on my feet which originally i wasnt complaining about as its helping me lose weight but when youre starting to get poorly its not good to move around a lot,0,sadness,"Nararamdaman kong medyo pagod at lubhang pagod kamakailan dahil halos walang oras akong makapagpahinga dahil lagi akong nakatayo, na dati'y hindi ko pinoproblema dahil tumutulong ito sa pagbaba ng timbang ko, ngunit kapag nagsisimula kang magkasakit, hindi maganda ang maramihang paggalaw.",0.9226721525192261,96.3093113899231
im going to sit and crochet some more squares and try not to feel alarmed at the amount of them i need to do before these babies are born,4,fear,Uupo ako at mag-crochet pa ng ilang parisukat at subukang hindi matakot sa dami nito bago isilang ang mga sanggol.,0.8614715337753296,96.55411386489868
i love the snow lol it just makes everything feel so tranquil,1,joy,"Mahal ko ang niyebe, lol, parang lahat ay nakakaramdam ng katahimikan.",0.8178456425666809,96.72861742973328
i was feeling quite groggy in the days before the race the glands in my neck were sore and swollen and i could tell my body was fighting a bug of some kind,0,sadness,"Nararamdaman kong medyo antok at pagod sa mga araw bago ang karera, ang mga glandula sa leeg ko ay nasasakit at namamaga, at alam kong pinaglalaban ng katawan ko ang isang uri ng impeksiyon.",0.9090901613235474,96.36363935470581
i know how old people feel when they have greedy family members who are trying to take their stuff before they even pass on,3,anger,Alam ko kung paano maramdaman ng mga matatanda kapag may mga kamag-anak na sakim na gustong kunin ang kanilang mga gamit bago pa man sila mamatay.,0.8747799396514893,96.50088024139404
i am stone and even with only the cm thickness i do not get anywhere near to feeling the slats supporting the mattress except when i sit on the edge unsurprisingly,2,love,"Ako ay bato at kahit na may kapal na lamang ng sentimetro, hindi ako nararamdaman ang mga tabla na sumusuporta sa kama maliban kapag nakaupo ako sa gilid, hindi nakakagulat.",0.9566165208816528,96.17353391647339
ive reserved the right to feel all stubborn and powerless about it,3,anger,Iniingatan ko ang karapatan kong maramdaman ang lahat ng pagiging matigas at kawalan ng kapangyarihan tungkol dito.,0.8559339046478271,96.57626438140869
i had a hour training class yesterday which will help me feel a little less stressed with the techniques i learned,0,sadness,Nagkaroon ako ng isang oras na klase sa pagsasanay kahapon na tutulong sa akin para makaramdam ng kaunti nang mas kaunti ang stress gamit ang mga natutunan kong teknik.,0.8853881359100342,96.45844745635986
im feeling a little impressed at their creativity,4,fear,Nakakaproud naman ang kanilang pagkamalikhain.,0.8626598119735718,96.54936075210571
i feel apprehensive and wonder if the marks i have made in the past are still there,4,fear,Nararamdaman kong kinakabahan at nagtatanong kung naroon pa ba ang mga marka na aking ginawa noon.,0.8436341285705566,96.62546348571777
i was feeling grumpy not women problems grumpy but five year old i want to get my way kind of grumpy you don t think there s a difference,3,anger,"Nararamdaman ko ang pagiging maungol, hindi dahil sa mga problema ng babae, kundi dahil sa pagiging maarte ng limang taong gulang na gusto kong makuha ang gusto ko, parang ganun. Hindi mo ba iniisip na may pagkakaiba?",0.8813488483428955,96.47460460662842
i used to feel when i was still a child being very curious and innocent with everything and everyone around me,4,fear,"Noon, noong bata pa ako, nararamdaman kong puno ako ng pag-uugnay at kawalang-kasalanan sa lahat ng bagay at tao sa paligid ko.",0.9379404783248901,96.24823808670044
i still feel a little weird calling the ceo of my company bob but relented after he corrected me repeatedly,4,fear,"Parang kakaiba pa rin para sa akin na tawagin si Bob ang CEO ng aking kompanya, pero sumuko na ako matapos niyang paulit-ulit akong itama.",0.8729859590530396,96.50805616378784
i am sure she is feeling all alone imagine i just take the whole house in my head when i have fever,0,sadness,"Sigurado akong siya ay nararamdaman ang pag-iisa, isipin mo, ako mismo ay kinukuha ang buong bahay sa aking isipan kapag may lagnat ako.",0.9677220582962036,96.12911176681519
i wouldn t feel as offended as i do now because the sign would be accurate,3,anger,Hindi ako magiging ganito kasakit ang loob ngayon dahil tama ang sinasabi ng senyales.,0.8809986114501953,96.47600555419922
i feel shaken open as though my heart were broken into and there are no words to speak,4,fear,"Nararamdaman kong nababalot ng pagkabigla, parang nabasag ang puso ko at wala akong masasabi.",0.8649536371231079,96.54018545150757
i feel an honor of my content being there,1,joy,Nararamdaman kong isang karangalan na naroroon ang aking nilalaman.,0.8677806258201599,96.52887749671936
i will get an angled face brush or the eco tools blush brush again and lightly sweep muas pressed powder into the hollows of my cheeks up into my temples and when im feeling brave maybe a little down my nose and on my chin,1,joy,"Bibili ako muli ng angled face brush o ng eco tools blush brush at dahan-dahang sisipatin ang muas pressed powder sa mga lungga ng aking pisngi hanggang sa aking mga templo, at kapag may lakas ng loob, baka konti sa ilong at baba ko.",0.9057369232177734,96.3770523071289
i dont often try vintage style as its not really my thing but a day for daisies images are gorgeous and often i feel inspired to create vintage cards with them,1,joy,"Hindi ako madalas subukan ang estilo ng vintage dahil hindi talaga iyon ang aking tipo, ngunit ang mga larawan ng A Day for Daisies ay maganda at madalas akong ma-inspire na gumawa ng mga vintage na card gamit ang mga ito.",0.9200897812843323,96.31964087486267
i feel like if i ask them to stay for me then im being the selfish one even though they are the ones making plans that they know i cant do with them,3,anger,Parang ako ang makasarili kung hihilingin kong manatili sila para sa akin kahit alam nilang hindi ako makakasama sa mga plano nila.,0.8764563798904419,96.49417448043823
i have been asking myself some difficult questions in an attempt to understand why i feel this strange push and pull between different aspects of my life,4,fear,Nagtatanong ako sa aking sarili ng mga mahirap na tanong upang maunawaan kung bakit nararamdaman kong may kakaibang paghila at pag-akit sa iba't ibang aspeto ng aking buhay.,0.9189497232437134,96.32420110702515
i feel foolish for how much i ve analyzed this one solitary choice to go or not to go,0,sadness,Nararamdaman kong tanga dahil sa dami kong pag-aaral tungkol sa isang solong pagpipilian na pumunta o hindi pumunta.,0.841528058052063,96.63388776779175
i get the feeling im watching to see charlie be charming and zen rather than because i actually care what hes going through,1,joy,"Nararamdaman kong nanonood ako para makita kung paano maging mapagkumbaba at kalmado si Charlie, kaysa dahil tunay akong nag-aalala sa kanyang pinagdadaanan.",0.9368263483047485,96.252694606781
i havent been feeling very sociable lately so im sorry if im hard to get a hold of,1,joy,Hindi ako gaanong sosyal kamakailan kaya patawarin ninyo kung mahirap akong makontak.,0.8338124752044678,96.66475009918213
i dont know how i feel about my beloved teams draft,2,love,Hindi ko alam kung paano ako nakakaramdam tungkol sa pagpili ng aking minamahal na koponan.,0.9585002660751343,96.16599893569946
i hope you get that butterflies feeling again one day because it was really fantastic,1,joy,Sana maramdaman mo ulit ang kilig na iyon isang araw dahil sobrang ganda noon.,0.9159818887710571,96.33607244491577
i tackle political ideas only when something makes me feel angry and even then it is often personal,3,anger,"Kinakaharap ko lamang ang mga ideya sa pulitika kapag may nagpapasigla sa aking galit, at kahit noon, kadalasan ay personal.",0.8325313925743103,96.66987442970276
i was still feeling like i wasn t accepted and had no one else to go to,1,joy,Parang hindi pa rin ako tinatanggap at wala akong ibang mapagkakatiwalaan.,0.8965015411376953,96.41399383544922
i remember feeling terrified as a child,4,fear,Naalala ko ang pakiramdam ng takot noong ako'y bata pa.,0.9082299470901489,96.3670802116394
i was still feeling brave,1,joy,Nanatili akong matapang.,0.7378164529800415,97.04873418807983
i feel i should be at and the pay is too low to maintain life in the city,0,sadness,Nararamdaman kong dapat ako ay nasa [lugar] at ang sahod ay masyadong mababa upang mapanatili ang buhay sa lungsod.,0.9198665618896484,96.3205337524414
i feel so honoured to receive this from krista know to the blogger world as a href https www,1,joy,"Napakagalak ko na makatanggap nito mula kay Krista, kilala sa mundo ng blogging bilang...",0.8411291837692261,96.6354832649231
i try to always be hopeful and that helps keep me feeling ok,1,joy,Sinusubukan kong lagi maging mapag-asa at iyon ang tumutulong para mapanatili akong maganda ang pakiramdam.,0.8803918957710266,96.4784324169159
i feel remorseful for not making the most with them,0,sadness,Nakaramdam ako ng pagsisisi dahil hindi ko lubos na nagamit ang pagkakataon kasama nila.,0.8566093444824219,96.57356262207031
i feel i m being truthful,1,joy,Nararamdaman kong totoo ang aking sinasabi.,0.8383269309997559,96.64669227600098
i feel horrible for making everyone else so worried,0,sadness,Napakasama kong pakiramdam dahil nag-aalala ako sa lahat.,0.880986750125885,96.47605299949646
i feel im just so greedy that all i care about is myself,3,anger,"Nararamdaman kong sobrang sakim ko, parang lahat ng iniisip ko ay sarili ko lang.",0.8841655254364014,96.4633378982544
im going to putter on the computer till i feel less violent and down,3,anger,Maglalaro ako sa computer hanggang sa mawala ang aking galit at pagkabigo.,0.870184063911438,96.51926374435425
i immediately reacted to that image feeling it was more a mark of kubricks ego than a clever nod to a film gone by,1,joy,"Agad akong tumugon sa larawan na iyon, nararamdaman kong ito ay higit na tanda ng pagmamataas ni Kubrick kaysa isang matalinong pagpupugay sa isang lumipas na pelikula.",0.8497587442398071,96.60096502304077
i feel beaten a href http ediebloom,0,sadness,Nararamdaman kong talo na.,0.8527549505233765,96.5889801979065
i am feeling just so relieved right now,1,joy,Nararamdaman ko ngayon ang malaking pagluluwag.,0.8505234122276306,96.59790635108948
i feel a lot more contented just having re lived a few moments of that trip through these photos,1,joy,"Mas kontento ako ngayon, kahit na muling naranasan ko lamang ang ilang sandali ng biyahe sa pamamagitan ng mga larawan na ito.",0.8784723877906799,96.48611044883728
i feel about him too i ve never hated to love someone as much as i do him,0,sadness,Nararamdaman ko rin ang nararamdaman niya; hindi ko pa naranasan na mahalin ng ganito kasakit.,0.8837786316871643,96.46488547325134
i am no longer feeling any effects from ibs irritable bowel syndrome that i suffered with for years,3,anger,Hindi na ako nakakaranas ng anumang epekto mula sa IBS o irritable bowel syndrome na aking dinanas nang maraming taon.,0.8609939813613892,96.55602407455444
i resent you as much as i do that i feel needlessly and unreasonably angry whenever you re around that the slightest idiosyncrasies of yours make me sick,3,anger,"Nagagalit ako sa iyo nang husto, at nararamdaman kong walang dahilan at hindi makatwiran ang aking galit tuwing nasa paligid mo, na kahit maliit na kakaiba mo ay nakakaumay sa akin.",0.8817058205604553,96.47317671775818
im gonna list my favorite work out stuff because once i say stuff on my blog i feel shitty backing out on it,0,sadness,"Ilalahad ko ang aking mga paboritong gamit sa pag-eehersisyo dahil kapag sinabi ko na ito sa aking blog, masama ang pakiramdam ko kung hindi ko ito gagawin.",0.8581234216690063,96.56750631332397
i feel like we are just as talented as any market region in america but its up to us to come together and prove it,1,joy,"Nararamdaman kong kasing-talento natin ang anumang rehiyon sa merkado sa Amerika, ngunit nasa atin ang pagkakaisa upang patunayan ito.",0.9053043723106384,96.37878251075745
i have felt so loved and i have so much love for the people in my life that i feel content with where i am at right now,1,joy,Nararamdaman kong sobrang mahal ako at puno ako ng pagmamahal para sa mga taong nasa buhay ko kaya ako'y kontento sa aking kasalukuyang kalagayan.,0.9370622634887695,96.25175094604492
im feeling generous its easy when youre giving away other peeps stuff if after you vote you visit the a href http www,2,love,"Nararamdaman kong mapagbigay, madali iyon kapag ibinibigay mo ang gamit ng iba, kung pagkatapos mong bumoto ay bisitahin mo ang <a href=""http://www.",0.8465853929519653,96.61365842819214
i feel satisfied with our progress and proud of myself for doing it,1,joy,Masaya ako sa ating pag-unlad at nagmamalaki ako sa aking sarili dahil nagawa ko ito.,0.9011657238006592,96.39533710479736
i feel most passionate about,1,joy,Pinakamalalim ang aking damdamin tungkol sa,0.9075403213500977,96.36983871459961
im floating in the grey region between self hate and feeling superior,1,joy,Lumulutang ako sa kulay-abo na lugar sa pagitan ng pagkapoot sa sarili at pagkamayabang.,0.898883044719696,96.40446782112122
i had a feeling he was too horny at that moment,2,love,Naramdaman kong sobrang ligaw niya noon.,0.8647153377532959,96.54113864898682
i was feeling compassionate at that time though ive no tissue so i thought my form of compassion lol of asking around for it but i cant stand the look on her face ah,2,love,"Noon, kahit wala akong tissue, naramdaman kong maawain kaya naisip kong magtanong sa paligid bilang paraan ng aking awa, pero hindi ko kayang tiisin ang kanyang mukha.",0.8397408723831177,96.64103651046753
i feel delighted to be a part of the so celebrated so diversified and so enchanted womanhood of which we speak too often but forget all the same more often,1,joy,"Nakakatuwa akong maging bahagi ng napakagandang, napakaiba-iba, at napakagandang kababaihan na madalas nating pag-usapan ngunit madalas ding nakakalimutan.",0.8950451016426086,96.41981959342957
i do my best but it feels uncomfortable,4,fear,Ginagawa ko ang aking makakaya ngunit hindi ako komportable.,0.9030809998512268,96.38767600059509
i must say that i m feeling drained of any poetic inclinations,0,sadness,Dapat kong sabihin na nararamdaman kong wala akong inspirasyon para sa tula.,0.9184376001358032,96.32624959945679
i am back in the shire and although it is lovely to be reunited with fields once more i am feeling a bit restless and missing london life,4,fear,"Nasa Shire na ako ulit at kahit maganda ang makasama muli ang mga bukid, medyo hindi ako mapakali at nami-miss ang buhay sa London.",0.8072694540023804,96.77092218399048
i see myself feeling hurt or let down or uncertain,0,sadness,"Nakikita ko ang aking sarili na nasasaktan, nabigo, o hindi sigurado.",0.8982117176055908,96.40715312957764
i feel even more alone although i have him,0,sadness,Mas lalo akong nadarama na nag-iisa kahit na kasama ko siya.,0.8905987739562988,96.4376049041748
i included my feelings but no violent acts were committed against her,3,anger,Inilahad ko ang aking nararamdaman ngunit walang karahasan ang naganap laban sa kanya.,0.9117681980133057,96.35292720794678
i am feeling drained it is because i am not taking this aspect seriously enough,0,sadness,Nababawasan ang aking enerhiya dahil hindi ko seryosohin nang sapat ang aspektong ito.,0.8601670265197754,96.5593318939209
i feel like im not the only whos fed up with the world and im glad they trust their watchers with this kind of information,1,joy,Nararamdaman kong hindi ako nag-iisa na pagod na sa mundo at masaya akong pinagkakatiwalaan nila ang kanilang mga tagamasid ng ganitong uri ng impormasyon.,0.8867887258529663,96.45284509658813
i need that warmth to remind me hes there when life feels cold and empty,3,anger,Kailangan ko ng init na iyon upang maalala na siya ay naroon kapag ang buhay ay pakiramdam na malamig at walang laman.,0.9233407974243164,96.30663681030273
i just couldnt fall asleep feeling scared,4,fear,"Hindi ko lang magawa ang matulog, natatakot ako.",0.8701034188270569,96.51958632469177
i feel rude bring my own fridge i do eat food but i guess my option,3,anger,"Nararamdaman kong bastos na dalhin ang sariling ref, kahit kumakain ako ng pagkain, siguro iyon ang aking pagpipilian.",0.9053409099578857,96.37863636016846
i had been feeling was all my fault that i had wronged her and caused her to abandon me,3,anger,"Nararamdaman ko na lahat ay aking kasalanan, na ako ang nagkasala at ikinasawi niya akong iniwan.",0.8898135423660278,96.44074583053589
i am feeling very bitter about it all,3,anger,Napakasama ng pakiramdam ko tungkol dito.,0.8655449151992798,96.53782033920288
i feel like im the supportive and encouraging one when it comes to our healthy eating and fitness,2,love,Nararamdaman kong ako ang sumusuporta at nagbibigay-lakas ng loob kapag tungkol sa ating malusog na pagkain at fitness.,0.8770761489868164,96.49169540405273
im feeling really excited about my new placement,1,joy,Napakasaya ko sa aking bagong assignment.,0.8365895748138428,96.65364170074463
i try not to feel defeated rather i strive to continue to try to create quilts that fully express my vision,0,sadness,"Sinusubukan kong hindi mawalan ng pag-asa, sa halip ay patuloy akong nagsisikap na lumikha ng mga kumot na ganap na nagpapahayag ng aking pananaw.",0.9330158829689026,96.26793646812439
i feel so depressed i don t know what about just feels like i have a big rock inside me weighing me down,0,sadness,"Napakasakit ng pakiramdam ko, parang hindi ko alam kung ano ang problema, parang may malaking bato sa loob ko na nakakapagbigat.",0.8887398838996887,96.44504046440125
ive been feeling miserable ever since i graduated high school,0,sadness,Masama ang pakiramdam ko simula nang matapos ang aking pag-aaral sa high school.,0.8874659538269043,96.45013618469238
i feel a little paranoid that i may forget what ive learnt,4,fear,Nararamdaman kong medyo paranoiac na baka makalimutan ko ang natutunan ko.,0.8115294575691223,96.75388216972351
i feel so ecstatic and relieved,1,joy,Nararamdaman kong sobrang saya at kagaan.,0.8561972379684448,96.57521104812622
i feel those artistic yearnings in my music and i know that if i was to provide for a family and couldnt do so with the gift god has given me it would be very very hard,1,joy,"Nararamdaman ko ang mga pagnanasa sa sining sa aking musika at alam kong kung ako ay magbibigay ng pangangalaga sa isang pamilya at hindi ko ito magagawa gamit ang biyaya na ibinigay ng Diyos sa akin, magiging napakahirap.",0.874997615814209,96.50000953674316
i feel quite frustrated,3,anger,Nararamdaman kong medyo frustado.,0.8515358567237854,96.59385657310486
i feel sorry for the times that i misjudged it as well as it had to me,0,sadness,"Nakaramdam ako ng pagsisisi sa mga pagkakataon na mali ang aking paghatol, pati na rin ang mga pagkakataon na mali rin ang paghatol nito sa akin.",0.8729953169822693,96.50801873207092
i straight away started to feel my blood boil anger coming over me and that very nerve getting agitated,3,anger,Agad akong naramdaman ang galit na sumasabog sa aking dugo at ang aking nerbiyos ay nagiging magulo.,0.9006578922271729,96.39736843109131
i have not been feeling very sociable,1,joy,Hindi ako gaanong sosyal kamakailan.,0.826907753944397,96.69236898422241
i left the property feeling insulted and found myself minutes later on main street an unsuspecting victim of some unknown enemy s next attack,3,anger,"Iniwan ko ang ari-arian na nadama kong nabastos at ilang minuto pa ay nakita ko ang aking sarili sa Main Street, isang hindi inaasahang biktima ng susunod na atake ng isang hindi kilalang kaaway.",0.9008533358573914,96.39658665657043
im feeling determined now to push through any hiccups and reach my ultimate goal of being within the healthy weight range kg for my height,1,joy,Nararamdaman ko ngayon ang determinasyon na harapin ang anumang pagsubok at makamit ang aking pangunahing layunin na makapasok sa malusog na timbang na saklaw ng kg para sa aking tangkad.,0.8367012739181519,96.65319490432739
i am not feeling good pretty much everyday,1,joy,Hindi ako gaanong mabuti halos araw-araw.,0.9153189659118652,96.33872413635254
i can feel the cold wind,3,anger,Nararamdaman ko ang malamig na hangin.,0.9115561842918396,96.35377526283264
i feel that he is sincere in his feelings for me and i know that i care for him very much but is that enough this time around i dont know,1,joy,Nararamdaman kong tapat siya sa kanyang nararamdaman para sa akin at alam kong ako ay nag-aalala para sa kanya nang lubos ngunit sapat kaya iyon ngayon hindi ko alam.,0.909503161907196,96.36198735237122
i also has the meaning of trusting oneself trusting that we have what it takes to know ourselves thoroughly and completely without feeling hopeless without turning against ourselves because of what we see,0,sadness,"Mayroon din itong kahulugan ng pagtitiwala sa sarili, pagtitiwala na mayroon tayo ng kakayahan upang makilala ang ating sarili nang lubusan at ganap, nang hindi nadarama ang kawalan ng pag-asa, nang hindi lumalaban sa ating sarili dahil sa nakikita natin.",0.9072922468185425,96.37083101272583
i feel real mellow now,1,joy,Nararamdaman kong tunay na malambot ang pakiramdam ko ngayon.,0.8619547486305237,96.5521810054779
i could look for solutions instead of just feeling helpless actually made a big difference,4,fear,Ang paghahanap ng solusyon sa halip na basta-basta mawalan ng pag-asa ay talagang nagdulot ng malaking pagbabago.,0.9034683704376221,96.38612651824951
i went bowling david and some other people but i didnt really feel like being sociable so i just called and texted lisa all night who was also texting chris at the same time shes known him all her life,1,joy,"Pumunta ako sa bowling kasama si David at ilang iba pa, pero hindi ako gaanong nakaramdam na makipag-social, kaya tumawag at nag-text lang ako kay Lisa buong gabi na nagte-text din kay Chris noon, kilala niya na ito mula noong bata pa sila.",0.889030933380127,96.44387626647949
i also feel like i have been accepted with open arms hearts and minds thanks for facilitating this welcoming and supportive community marie,2,love,"Nararamdaman ko rin na tinanggap ako ng buong puso at isipan, salamat sa pagpapatatag ng ganitong komunidad na mapagpatuloy at sumusuporta, Marie.",0.8831869959831238,96.4672520160675
i would further suggest people might feel more at ease in caring giving societies,2,love,Mas mainam kung mas mapapagaan ang damdamin ng mga tao sa mga lipunang nagbibigay ng pag-aalaga.,0.8894932270050049,96.44202709197998
im feeling gloomy this weekend,0,sadness,Malungkot ako ngayong weekend.,0.7984470129013062,96.80621194839478
i can insist and insist that i am a mother but i feel like a pretty rotten one,0,sadness,Maaari akong magpilit at magpilit na ako ay isang ina ngunit nararamdaman kong isang lubhang masamang ina.,0.9078812599182129,96.36847496032715
i feel distraught and devastated,4,fear,Nararamdaman kong lubos na nalulungkot at nasasaktan.,0.8826579451560974,96.46936821937561
i was feeling kind of rebellious and my post was a little on the,3,anger,Nararamdaman ko ang pagiging mapaghimagsik at medyo rebelde ang aking post.,0.8412472605705261,96.6350109577179
i am feeling strong and indulging in the strength of my body feeling good about what it can do and how it looks while its doing it,1,joy,"Nararamdaman ko ang aking lakas at nasisiyahan sa kakayahan ng aking katawan, nakakaramdam ng maganda sa mga kaya nitong gawin at sa itsura nito habang ginagawa ito.",0.8899375200271606,96.44024991989136
im feeling rebellious for the sake of being rebellious,3,anger,Gusto kong maging rebelde dahil gusto kong maging rebelde.,0.8967694044113159,96.41292238235474
i focus on it when writing this i feel a bit of tightness the popular alternative to pain around the area,1,joy,"Nakatuon ako dito habang sumusulat nito, nararamdaman ko ang kaunting tigas, ang kilalang alternatibo sa sakit sa lugar na iyon.",0.8789972066879272,96.48401117324829
i need to be for myself and the things i feel it is important for my children to know,1,joy,"Kailangan kong maging para sa aking sarili at ang mga nararamdaman ko, mahalaga para sa aking mga anak na malaman.",0.8932572603225708,96.42697095870972
i guess only my wife can really know for sure but i feel at least a little bit less selfish since being married,3,anger,"Siguro, tanging aking asawa ang tunay na nakakaalam ngunit nararamdaman kong kahit papaano ay medyo hindi na ako makasarili simula nang mag-asawa kami.",0.9209603071212769,96.31615877151489
i feel kind of sorry for her,0,sadness,Nakaramdam ako ng kaunting awa para sa kanya.,0.8941425681114197,96.42342972755432
i feel that the cool breeze is coming soon,1,joy,Nararamdaman kong malapit na ang malamig na hangin.,0.9051972031593323,96.37921118736267
i have only been blogging here for a short time in fact today marks my three month blogoversary but i feel that i have been accepted into this community,1,joy,"Bagamat kakaunti lamang ang aking panahon sa pag-blog dito, at ngayon nga ay ika-tatlong buwan na mula nang simulan ko ito, nararamdaman kong tinanggap na ako sa komunidad na ito.",0.8969741463661194,96.41210341453552
i get that sick feeling like the one you get when you hear that someone passed away and youre shocked and lightheaded and i realize hes really gone forever,4,fear,"Nararamdaman ko ang sakit na parang nararamdaman mo kapag nalaman mong namatay ang isang tao, at ikaw ay nagulat, nahihilo, at napagtanto kong talagang nawala na siya magpakailanman.",0.9062597155570984,96.3749611377716
i feel vulnerable when im alone not only because i feel so incapable of defending myself but also because i could go into labour at any point,4,fear,"Nararamdaman kong mahina kapag nag-iisa ako, hindi lamang dahil sa pakiramdam kong hindi ako kayang ipagtanggol ang sarili ko, kundi pati na rin dahil maaaring manganak ako anumang oras.",0.920394778251648,96.31842088699341
im feeling rather mellow id like to point out that there are some things that i dont understand,1,joy,"Nararamdaman kong medyo kalmado, ngunit gusto kong linawin na may ilang bagay na hindi ko naiintindihan.",0.8930374979972839,96.42785000801086
i am feeling quite blessed and enjoying my time here,2,love,Nararamdaman kong lubos akong binabati at nasisiyahan sa aking pananatili dito.,0.8705904483795166,96.51763820648193
i clumps everybody together in a weird way and i feel liked and respected but unloved by anybody,2,love,"Pinagsasama niya lahat ng tao nang kakaiba at nararamdaman kong minamahal at nirerespeto, ngunit hindi minamahal ng sinuman.",0.9248412847518921,96.30063486099243
im excited and i want her to be proud to be homeschooled and not feel ashamed,0,sadness,Masaya ako at gusto kong maging mapagmamalaki siya sa pag-aaral sa bahay at hindi makaramdam ng hiya.,0.9389599561691284,96.24416017532349
i love when everything looks so bright even i feel so dull,0,sadness,Mahal ko kapag lahat ay mukhang maliwanag kahit ako ay pakiramdam kong madilim.,0.9179033041000366,96.32838678359985
i feel drained or do i feel energized,0,sadness,Nararamdaman kong pagod o kaya'y puno ng enerhiya?,0.8952416181564331,96.41903352737427
i don t feel like i m unsuccessful when i fail at reaching a goal in my freelance writing career,0,sadness,Hindi ko nararamdaman na nabigo ako kapag hindi ko naabot ang isang layunin sa aking karera bilang isang freelance writer.,0.9072920083999634,96.37083196640015
i stopped feeling mad that the machine stole my money and chose instead to feel grateful that i have clothes to wash in the first place,3,anger,Tumigil na akong magalit na ninakaw ng makina ang aking pera at pinili kong maging masaya na may mga damit akong maliligo sa una pa man.,0.9217046499252319,96.31318140029907
i didnt want to stay in this feeling of loneliness the emptiness of my prayers blank requests to a paper deity,0,sadness,"Ayaw kong manatili sa ganitong pakiramdam ng kalungkutan, ang kawalan ng laman ng aking mga panalangin, mga walang laman na kahilingan sa isang diyos na gawa sa papel.",0.9350663423538208,96.25973463058472
i understand that he was feeling devastated and i sympathize,0,sadness,Naiintindihan ko na siya ay nadama ang malaking pagkabigo at nakikiramay ako.,0.8532600402832031,96.58695983886719
i feel that some people don t usually prefer to be truthful and would rather make up many different things and tell lies,1,joy,Nararamdaman kong hindi lahat ng tao ay gustong maging tapat at mas pipiliin nilang gumawa ng maraming kathang-isip at magsinungaling.,0.8745869398117065,96.50165224075317
i get these intrusive thoughts mostly violent ones or sometimes sexual the sexual ones make me feel really agitated not pleasant at all whereas the violent ones don t tend to bother me,4,fear,"Nakakaranas ako ng mga nakakagambalang iniisip, karamihan ay may kaugnayan sa karahasan o minsan seksuwal. Ang mga seksuwal na iniisip ay nagpapalala sa akin, hindi naman kasi maganda ang pakiramdam, samantalang ang mga karahasan ay hindi gaanong nakakabingi sa akin.",0.8808925747871399,96.47642970085144
i hope youre all feeling very fond of me by now,2,love,Sana ay lahat kayo ay lubos nang nagmamahal sa akin ngayon.,0.9052627086639404,96.37894916534424
i hope you enjoy and do not feel offended,3,anger,Sana magustuhan mo at hindi ka masaktan.,0.8404209613800049,96.63831615447998
i noticed several months ago that i d start feeling resentful as i walked toward a pedestrian crossing with the intention of course of crossing the road,3,anger,"Napansin ko ilang buwan na ang nakalilipas na nagsisimula akong magkaroon ng sama ng loob habang papalapit sa krusin ng mga pedestrian, siyempre, na may intensyon na tumawid sa kalsada.",0.8718514442443848,96.51259422302246
i hate that feeling when im about to do something then i get scared and almost turn around and walk away,4,fear,"Ayaw ko ng pakiramdam na 'pag malapit na akong gawin ang isang bagay, natatakot ako at halos mag-back out na at umalis.",0.8256155848503113,96.69753766059875
i feel are too special to pass up but dont have a use for myself and to hopefully offset the expense of our forays,1,joy,Nararamdaman kong masyadong espesyal para iwanan ngunit wala akong magagawa dito at sana ay makatulong upang mabawasan ang gastos ng aming mga paglalakbay.,0.869626522064209,96.52149391174316
i cant help but feel distraught,4,fear,Hindi ko mapigilang makaramdam ng malungkot.,0.93462735414505,96.2614905834198
i am feeling terrible,0,sadness,Masama ang pakiramdam ko.,0.8589092493057251,96.5643630027771
i feel so pained by a situation or circumstance or i become so frustrated by something that is so out of my control and completely unacceptable that instead of looking like a crazy person running around cursing and screaming i throw a tantrum in my mind,0,sadness,"Napakasakit ng nararamdaman ko sa isang sitwasyon o pangyayari, o napakalungkot ko sa isang bagay na wala akong kontrol at lubos na hindi katanggap-tanggap kaya't sa halip na magmukhang baliw na nagagalit at sumisigaw, nagpupumiglas ako sa aking isipan.",0.9302269220352173,96.27909231185913
i have omitted the link to this article as i feel readers of this blog may be offended by the questionable adult content on the nyps webpage,3,anger,Hindi ko isinasaad ang link sa artikulong ito dahil baka ma-offend ang mga mambabasa ng blog na ito sa mga di-angkop na nilalaman para sa mga matanda sa webpage ng NYPS.,0.8371853828430176,96.65125846862793
i need these crutches but i feel like i cant help it i resigned myself to a position of being miserable so long ago that its taking me baby steps to realize i dont have to be,0,sadness,"Kailangan ko ang mga krus, pero parang hindi ko mapigilan. Matagal ko nang tinanggap ang pagiging malungkot kaya unti-unti kong napagtanto na hindi na ako kailangang ganito.",0.8456923961639404,96.61723041534424
im actually feeling hopeful,1,joy,Talagang nakakaramdam ako ng pag-asa.,0.899236261844635,96.40305495262146
i feel like this is something i can do well and its helped me out of tough spots before,1,joy,Nararamdaman kong kaya kong gawin ito nang mahusay at nakatulong ito sa akin noon sa mga mahirap na sitwasyon.,0.8661131858825684,96.53554725646973
i don t know about anyone else but there are times when i am feeling low and stressed and i just need to see something pretty,0,sadness,"Hindi ko alam kung tungkol sa iba pa, pero may mga pagkakataon na nararamdaman kong mababa at stressed, at kailangan ko lang makita ang isang magandang bagay.",0.8405086994171143,96.63796520233154
i feel a strange disconnect,4,fear,Nararamdaman ko ang kakaibang paghihiwalay.,0.8574833273887634,96.57006669044495
i feel many petty people have judged me simply because i may be one,3,anger,Nararamdaman kong maraming taong maliit ang pananaw ang naghatol sa akin dahil marahil ay isa rin ako.,0.8704197406768799,96.51832103729248
im feeling tragic like im marlon brando,0,sadness,"Parang si Marlon Brando, malungkot ako.",0.9384803771972656,96.24607849121094
i hunger for anything i feel ferocious like a tiger,3,anger,"Gutom ako ng kahit ano, parang tigre na galit.",0.8925678133964539,96.42972874641418
im putting my books in a stack and wondering when ill stop feeling so sad about the passing of ray bradbury,0,sadness,Ini-i-stack ko ang mga libro ko at nagtatanong kung kailan ko matatapos ang pagdadalamhati sa pagpanaw ni Ray Bradbury.,0.8480067253112793,96.60797309875488
i feel increasingly energetic and comfortable inside and out,1,joy,"Nararamdaman kong lalong nagiging puno ng enerhiya at komportable, kapwa sa loob at labas.",0.9095642566680908,96.36174297332764
i feel like i am punished for having them too,0,sadness,Parang pinarusahan ako dahil mayroon sila.,0.9050741195678711,96.37970352172852
i mean i enjoy feeling pretty with make up on,1,joy,Gusto kong maramdaman ang ganda ko kapag may make-up ako.,0.867882251739502,96.52847099304199
i am not strong that i feel scared lonely lost and confused,4,fear,"Hindi ako matibay kaya natatakot, nag-iisa, nawawala, at nalilito ako.",0.873641848564148,96.50543260574341
i feel genuinely stressed with work,0,sadness,Tunay akong nabibigatan ng stress dahil sa trabaho.,0.8352124691009521,96.65915012359619
im excited to see where this goes and at least i feel like im doing something rather than just sitting around feeling unhappy with how things are,0,sadness,"Masaya akong makita kung saan ito patungo at kahit papaano, parang ginagawa ko ang aking bahagi kaysa manatili lamang at mag-isip ng masama tungkol sa kung ano ang nangyayari.",0.8790390491485596,96.48384380340576
i never feel accepted,1,joy,Hindi ako kailanman nadarama na tinatanggap.,0.8202266693115234,96.7190933227539
i more important than going fun ipad strategy games original boots from ugg wear ugg boots this winter low cost ugg boots uggs need to get washed inside they are also lightweight so you won t feel burdened with them speed up finances with payday loans payday loans the monthly solution for you,0,sadness,"Mas mahalaga ang pagiging masaya kaysa sa paglalaro ng mga laro sa iPad, suotin ang orihinal na boots mula sa UGG ngayong taglamig, mura ang mga UGG boots, kailangan nilang hugasan sa loob dahil magaan din sila kaya hindi ka mabibigatan, bilisan ang iyong pinansiyal na kalagayan gamit ang mga payday loan, ang buwanang solusyon para sa iyo.",0.8789066672325134,96.48437333106995
i feel im a largely unimportant person it really does mean a lot to me that people even consider coming here,0,sadness,"Nararamdaman kong isang hindi gaanong mahalagang tao ako, kaya talagang malaki ang ibig sabihin nito para sa akin na kahit sino ay isinasaalang-alang na pumunta rito.",0.8767805695533752,96.4928777217865
i want to give the feeling of being valued,1,joy,Gusto kong ibigay ang pakiramdam na pinahahalagahan.,0.8701452016830444,96.51941919326782
i can look back at it and feel satisfied that i saved all those cultures from a terrible fate and that my time spent in the job was not in vain because the results of my efforts will benefit students for decades to come,1,joy,Maaari akong tumingin pabalik at maramdaman ang kasiyahan na aking iniligtas ang lahat ng mga kultura mula sa isang masamang kapalaran at ang aking oras na ginugol sa trabaho ay hindi naglaho dahil ang mga bunga ng aking pagsisikap ay magpapakikinabang sa mga mag-aaral sa loob ng maraming dekada pa.,0.8936759829521179,96.42529606819153
i have narrowed it down to the top items i feel are a must have to make the next year of your babys life more pleasant for the both of you,1,joy,"Pinaghihigpitan ko na ito sa mga pinakamahalagang bagay na sa tingin ko ay kailangan upang gawing mas masaya ang susunod na taon sa buhay ng inyong sanggol, para sa inyong dalawa.",0.8919295072555542,96.43228197097778
im locked in my world and then i feel glad,1,joy,Nakakulong ako sa aking mundo at saka nararamdaman kong masaya.,0.8695109486579895,96.52195620536804
i feel soo disturbed by it,0,sadness,Napakagulo ng nararamdaman ko dahil dito.,0.8825713992118835,96.46971440315247
i am still numb i question everything about what i feel and terrified to trust all my feelings,4,fear,"Parang hindi pa rin ako nakakabangon, lahat ng nararamdaman ko ay tinatanong ko at natatakot akong maniwala sa lahat ng aking emosyon.",0.9492080211639404,96.20316791534424
i think the answer to my problems can be found in the bottom of a bottle of cheap alcohol and logically i know that nothing waits for me there except a headache come the following morning a dull ache at my temple like the feeling of repressed tears,0,sadness,"Sa tingin ko, ang sagot sa aking mga problema ay matatagpuan sa ilalim ng bote ng mura't mababang kalidad na alak, at lohikal kong alam na wala akong matatagpuan doon kundi isang pananakit ng ulo kinabukasan, isang mahinang sakit sa noo na parang nararamdaman kong hindi nalalabas na luha.",0.9162951111793518,96.33481955528259
i feel absolutely lovely now with a cup of hot green tea next to the keyboard,2,love,Nararamdaman kong lubos na maganda ngayon habang may tasa ng mainit na berdeng tsaa sa tabi ng keyboard.,0.8375200629234314,96.64991974830627
i do not feel useful,1,joy,Hindi ako nakaramdam ng kapaki-pakinabang.,0.8795652389526367,96.48173904418945
i feel a spectator to this assumption and amused and wistful that i can t ease all the pain,1,joy,Nararamdaman kong isang manonood lamang sa ganitong paniniwala at nakakatuwa at nakakabagabag na hindi ko kayang alisin ang lahat ng sakit.,0.8741123676300049,96.50355052947998
i feel that i don t reach the deeper stages of sleep which they say are vital to a good sleep and proper functioning the following day,1,joy,Nararamdaman kong hindi ako nakakarating sa mas malalim na yugto ng pagtulog na sinasabi nilang mahalaga para sa magandang pagtulog at tamang paggana kinabukasan.,0.8834783434867859,96.46608662605286
i feel pretty content hour ago,1,joy,Nararamdaman ko ang pagiging kontento isang oras na ang nakalipas.,0.8436481952667236,96.6254072189331
i am thankful for not attending therapy but am really no further forward in fact probably feeling more isolated misunderstood and lonely in it,0,sadness,"Nagpapasalamat ako na hindi ako pumunta sa therapy, ngunit talagang hindi ako nakabago, at sa katunayan, marahil ay mas nadarama ang pag-iisa, pagkalito, at kalungkutan.",0.8654807806015015,96.538076877594
i already went out of my way to be as considerate as possible to others but now i feel like i am being abused,0,sadness,Naglakbay na ako nang malayo upang maging hangga't maaari akong mapagkumbaba sa iba ngunit ngayon nararamdaman kong inaabuso ako.,0.8936961889266968,96.42521524429321
i feel the matter has been resolved,1,joy,Nararamdaman kong naresolba na ang usapin.,0.8259379863739014,96.6962480545044
i rely on certain add ons that are not available to midori that i feel its inadequate,0,sadness,Nakasalalay ako sa ilang add-ons na hindi available sa Midori kaya nararamdaman kong kulang ito.,0.8854138851165771,96.45834445953369
i found myself a place after looking for one for a long time,1,joy,Nakahanap ako ng lugar pagkatapos ng mahabang panahon ng paghahanap.,0.8666355609893799,96.53345775604248
i wish i could live here all year round but then it probably would lose the getaway feel that i find so precious,1,joy,"Sana matuloy akong manirahan dito buong taon, pero baka mawala ang pakiramdam ng pagtakas na aking lubos na pinahahalagahan.",0.9093492031097412,96.36260318756104
i feel like a rebellious year old that stands in the doorway flicking the lights off and on in the depths of my spirit,3,anger,"Parang isang rebeldeng labing-isang taong gulang ako na nakatayo sa pintuan, pinapatay at pinapaliwanag ang mga ilaw sa kalaliman ng aking kaluluwa.",0.9099473357200623,96.36021065711975
i feel that rich people will never understand the cruelty of money,1,joy,Nararamdaman kong hindi maintindihan ng mga mayayaman ang kalupitan ng pera.,0.8761579990386963,96.49536800384521
i have said in previous posts i always feel so elegant wearing an azul creation,1,joy,"Sinabi ko na sa mga nakaraang post, lagi akong nakakaramdam ng sobrang elegante kapag suot ko ang isang likha ng Azul.",0.8932458162307739,96.4270167350769
i feel blessed and lucky to have gone so many places and seen so many things,1,joy,Nararamdaman kong binabasa at swerte na nakapunta ako sa maraming lugar at nakita ang maraming bagay.,0.8427588939666748,96.6289644241333
i feel things are perfect,1,joy,Nararamdaman kong perpekto ang lahat.,0.8837488889694214,96.46500444412231
i find when i look at things in this way i deal with the situation better and do not feel as agitated,4,fear,"Nakikita ko na kapag tinitingnan ko ang mga bagay sa ganitong paraan, mas mabuti kong nakakaharap ang sitwasyon at hindi gaanong nagagalit.",0.8725912570953369,96.50963497161865
i havent cried in the last day or two but instead i feel positively convinced that god has a plan and purpose for me and all that i do,1,joy,"Hindi ako umiyak sa nakalipas na isang araw o dalawa, ngunit sa halip, positibong naniniwala ako na may plano at layunin ang Diyos para sa akin at sa lahat ng aking ginagawa.",0.9420194625854492,96.2319221496582
i feel humiliated when i am forced to make decisions i do not want to make simply to please my parents,0,sadness,Nararamdaman kong mapahiya kapag pinipilit akong gumawa ng mga desisyon na ayaw kong gawin para lamang mapasaya ang aking mga magulang.,0.8578586578369141,96.56856536865234
im feeling playful google doodle of pac man game,1,joy,Nakakatuwa ang Google Doodle ng Pac-Man game.,0.8144519329071045,96.74219226837158
i do feel bad,0,sadness,Nakakaramdam ako ng masama.,0.9260749816894531,96.29570007324219
i am feeling more like me except a little weepy,0,sadness,"Nararamdaman kong mas ako na, maliban na lang sa medyo malungkot.",0.9096155762672424,96.36153769493103
i already can imagine and feel so excited if im in his shoe,1,joy,Naisip ko na at nararamdaman ko ang sobrang kilig kung ako ang nasa kanyang posisyon.,0.8392930030822754,96.6428279876709
i would certainly feel what im suppose to be feeling which is brave,1,joy,"Tiyak akong mararamdaman ang dapat kong maramdaman, na ang tapang.",0.8617984056472778,96.55280637741089
i can walk down another street and stop feeling helpless and hopeless,4,fear,Maaari akong maglakad sa ibang kalye at huminto sa pagiging walang-pag-asa at nag-iisa.,0.924733579158783,96.30106568336487
i had been feeling conflicted and disheartened by my choice to get a new job even though i know this is what god has for me right now,0,sadness,Nararamdaman kong nag-aalinlangan at nalulungkot dahil sa aking desisyon na kumuha ng bagong trabaho kahit alam kong ito ang plano ng Diyos para sa akin ngayon.,0.905263364315033,96.37894654273987
i generally only post on this site when im feeling completely overwhelmed and i need a space to vent about the perils of law school however lately ive been laughing my way to the law library like a kind of deranged film villian oh this is far too easy,4,fear,"Karaniwan lang akong nagpo-post dito kapag lubos akong nababahala at kailangan kong maglabas ng aking sama ng loob tungkol sa mga pagsubok ng pag-aaral ng batas. Ngunit kamakailan, tulad ng isang baliw na kontrabida sa pelikula, ako'y naglalakad papunta sa aklatan ng batas habang natawa, oh, ito ay napakalamig.",0.8962787389755249,96.4148850440979
i imagine being a man it s like being kicked in the nuts repeatedly that s how bad it feels you feel like you want to curl up and die a devastated schalm said after the bout,0,sadness,"Iniisip ko, maging lalaki ay parang paulit-ulit na tinatapakan ang ari, ganun kalakas ang sakit na nararamdaman mo, parang gusto mong magtago at mamatay, sabi ni isang nasirang Schalm matapos ang labanan.",0.9015480279922485,96.393807888031
i feel lousy about how much i have to study,0,sadness,Masama ang pakiramdam ko dahil sa dami ng pag-aaral na kailangan kong gawin.,0.862084686756134,96.55166125297546
i love it here even when i am feeling discouraged,0,sadness,Mahal ko ito kahit na nalulungkot ako.,0.8095051646232605,96.76197934150696
im wondering why i feel submissive sometimes more than others because im feeling it,0,sadness,Nagtataka ako kung bakit minsan mas nararamdaman kong sumusunod kaysa sa iba dahil nararamdaman ko ito.,0.8668206930160522,96.53271722793579
i feel rebellious today so i ll leave this as a warning to myself on how radical i can be,3,anger,Nararamdaman kong rebelde ngayon kaya iiwan ko ito bilang babala sa aking sarili kung gaano ako maaaring maging radikal.,0.8597754240036011,96.5608983039856
when i learnt that i had been accepted at the medical school,1,joy,Nang malaman kong tinanggap ako sa medisina.,0.8460491895675659,96.61580324172974
i feel really wimpy saying it but,4,fear,Napaka-mahinang pakiramdam ko sabihin ito ngunit,0.9025251865386963,96.38989925384521
im in your arms i feel safe,1,joy,"nasa iyong yakap ako, nararamdaman kong ligtas.",0.9116247296333313,96.35350108146667
i feel so thankful for all that ive experienced and the company in which i embarked it on,1,joy,Nararamdaman kong sobrang nagpapasalamat ako para sa lahat ng aking naranasan at sa kumpanya kung saan ako naglakbay.,0.8476068377494812,96.60957264900208
i began to feel distressed and a feeling of sadness and a desire to kill myself,4,fear,"Nagsimulang akong makaramdam ng pagkabalisa at kalungkutan, at isang pagnanais na magpakamatay.",0.9347407817840576,96.26103687286377
i feel all people of reason have a duty to awaken these sincere mislead people to educate them to the fact that god gave us reason and ancient ignorant men gave us revealed religions,1,joy,"Nararamdaman kong may tungkulin ang lahat ng may katwiran na gisingin ang mga taong ito na tunay na naliligaw, at edukahin sila sa katotohanan na ang Diyos ay nagbigay sa atin ng katwiran, at ang mga sinaunang at walang kaalaman na tao ang nagbigay sa atin ng mga relihiyong ipinahayag.",0.9038031697273254,96.3847873210907
i am going to stop feeling sorry for myself,0,sadness,Tititigil na akong magdalamhati para sa aking sarili.,0.8985530734062195,96.40578770637512
i feel pretty crappy complaining about the woes of pregnancy,0,sadness,Nararamdaman kong medyo masama ang pakiramdam ko dahil nagrereklamo tungkol sa mga hirap ng pagbubuntis.,0.8366127014160156,96.65354919433594
i am feeling the positive impact of the new meditative tools pam is giving me as well more strongly and clearly,1,joy,Nararamdaman ko nang mas malakas at malinaw ang positibong epekto ng mga bagong kasangkapan sa meditasyon na ibinibigay ni Pam.,0.8577219247817993,96.5691123008728
i couldn t help but feel personally insulted when oscar denounced the very idea as grotesque and unrealistic,3,anger,Hindi ko mapigilan ang aking sarili na hindi mag-isip na personal na insulto ang sinabi ni Oscar na pangit at hindi makatwiran ang ideya.,0.8614859580993652,96.55405616760254
i am already feeling very much lousy i seriously do not need anyone to give me comments,0,sadness,"Napakasama ko ng pakiramdam, hindi ko kailangan ng komento mula sa kahit kanino.",0.8678659796714783,96.52853608131409
i also feel pressure to be successful here because of my passion for cal,1,joy,Nararamdaman ko rin ang presyur na maging matagumpay dito dahil sa aking pagmamahal sa cal.,0.8551322817802429,96.57947087287903
i asked feeling hesitant,4,fear,"Nagtanong ako, na may pag-aalinlangan.",0.8811616897583008,96.4753532409668
i remember laying in the bath feeling really emotional knowing that i was going to bring my baby into the world on the day that miss cook was laid to rest,0,sadness,"Naalala ko ang paghiga ko sa paliguan, sobrang emosyonal, dahil alam kong dadalhin ko ang aking sanggol sa mundo sa araw na inilibing si Miss Cook.",0.8660179376602173,96.53592824935913
ive written that blog post and i am feeling even more energetic,1,joy,Naisulat ko na ang blog post at mas lalong nadadagdagan ang aking enerhiya.,0.8761047124862671,96.49558115005493
i sit here sipping my pear blueberry smoothie im feeling pretty smug,1,joy,"Nakaupo ako rito, umiinom ng aking pear blueberry smoothie, at nararamdaman kong medyo mapagmataas.",0.8360301852226257,96.6558792591095
i have crossed over and i am on safe footing yet still feel this way fearful for the unknown shaky uncertain,4,fear,"Nakalampas na ako at nasa ligtas na lugar na, ngunit nararamdaman ko pa rin ang takot para sa hindi alam, ang pag-aalinlangan, ang kawalan ng katiyakan.",0.9337527751922607,96.26498889923096
having unwanted attention paid to me in my place of work harrassment and sexual harrassment by another worker disgusted by his implications,3,anger,"Ang pagbibigay ng hindi gustong pansin sa akin sa aking lugar ng trabaho ay pang-aabuso at pang-aabuso sa sekswal mula sa ibang manggagawa, na nakakagalit dahil sa kanyang mga kahulugan.",0.9183858633041382,96.32645654678345
i can eat plenty of it and feel totally satisfied i dont need to understand how it all works,1,joy,"Maaari akong kumain ng marami nito at lubos na mapagkasiyahan, hindi ko kailangan maintindihan kung paano ito gumagana.",0.9060623645782471,96.37575054168701
i don t want to feel annoyed resentful or angry at the fact that he s already had the experience of having and raising kids,3,anger,"Ayaw kong maramdaman ang pagkainis, pagsisisi, o galit dahil napagdaanan na niya ang karanasan ng pag-aalaga at pagpapalaki ng mga anak.",0.8635526895523071,96.54578924179077
ive never owned a mac have always used microsoft and just feel disillusioned with the way theyve managed this roll out all the glitches things not working and overall that vista has been out for months and it is only now that it is starting to become stable thanks to update after update,0,sadness,"Hindi ako kailanman nagmamay-ari ng Mac, lagi akong gumagamit ng Microsoft, at nararamdaman kong nabigo sa paraan nila sa pagpapalabas nito, lahat ng mga glitches, mga bagay na hindi gumagana, at pangkalahatan, na ang Vista ay lumabas na ng ilang buwan at ngayon lang ito nagsisimulang maging matatag dahil sa paulit-ulit na update.",0.8625568151473999,96.5497727394104
i feel time is running out so i m not bothered with myself now,3,anger,Nararamdaman kong nagmamadali ang panahon kaya hindi na ako nag-aalala sa sarili ko ngayon.,0.8865625858306885,96.45374965667725
i feel accepted there said panorma who is from indonesia,2,love,"Nararamdaman kong tinatanggap ako doon, sabi ni Panorma na mula sa Indonesia.",0.8949076533317566,96.42036938667297
im not making some sort of music i feel useless,0,sadness,"Hindi ako gumagawa ng musika, parang walang silbi ako.",0.8850730657577515,96.459707736969
i feel very thrilled about the move and would hope that we eventually build up a superbike cbs sportsline the irl expands to races in three more than in,1,joy,"Napakagigiliw ko sa paglipat na ito at sana ay makalikha tayo ng isang superbike CBS Sportsline, habang lumalawak ang IRL sa tatlong karagdagang lahi.",0.8967602252960205,96.41295909881592
i do not know if i already hurt their feelings which may lead to their violent reaction may turn into a bad outcome,3,anger,Hindi ko alam kung nasaktan ko na ba ang kanilang damdamin na maaaring magdulot ng kanilang marahas na reaksiyon na magtatapos sa isang masamang resulta.,0.898086428642273,96.40765428543091
i started today feeling not terrible,0,sadness,Nagsimula ako ngayon na hindi masyadong masama ang pakiramdam.,0.8850750923156738,96.4596996307373
i feel like my heart broke telling my children she continued,0,sadness,Parang nabasag ang puso ko nang sabihin sa mga anak ko na siya ay patuloy pa rin.,0.8910905122756958,96.43563795089722
i feel welcomed and loved,1,joy,Nararamdaman kong tinatanggap at minamahal ako.,0.879215657711029,96.48313736915588
i am finally starting to feel better but darn it how frustrating,1,joy,"Nararamdaman ko na rin ang pagiging mas mabuti ngunit, grabe, gaano ka-frustrating.",0.8017621040344238,96.7929515838623
i went home from the bar and crashed at waking up at this morning feeling mostly fantastic,1,joy,"Umalis ako sa bar at natulog sa bahay, at nang magising ako kaninang umaga, nararamdaman kong halos maganda ang pakiramdam ko.",0.8966841101646423,96.41326355934143
i feel pretty the body of the email usually contains oh so pretty,1,joy,Nararamdaman kong maganda ang katawan ng email ay karaniwang naglalaman ng oh kaya ganda.,0.8264538049697876,96.69418478012085
i know i shouldn t compare the relationships but i feel we are so disadvantaged and kept kiddy,0,sadness,"Alam kong hindi dapat ihahambing ang mga relasyon, pero nararamdaman kong napakalungkot at parang bata pa tayo.",0.8511820435523987,96.5952718257904
i find myself feeling agitated because of how what the kids are playing i ask myself did i play this way when i was little,4,fear,"Nakakainis ako dahil sa paraan ng paglalaro ng mga bata, at tinatanong ko sa sarili ko kung ganito rin ba ako noong bata pa ako.",0.8833869099617004,96.4664523601532
im also feeling a bit homesick its hard to think that ive spent this long away from home and that ive got such a short time until i get back,0,sadness,"Nararamdaman ko rin ang kaunting pag-uulila sa tahanan, mahirap isipin na matagal na akong malayo at kakaunti na ang natitira kong panahon bago ako makauwi.",0.8985227346420288,96.40590906143188
i feel that uncertain should be a better communicator,4,fear,Nararamdaman kong dapat maging mas mahusay na komunikador ang hindi sigurado.,0.8854608535766602,96.45815658569336
i have my drive back and am begging to feel a little bit useful again,1,joy,Mayroon na akong lakas at unti-unting nararamdaman ang pagiging kapaki-pakinabang muli.,0.8477559089660645,96.60897636413574
i can not drop this class because then i lose the financial aid for not having enough credits plus i feel like a quitter and im too stubborn for that,3,anger,"Hindi ko maiiwan ang klase na ito dahil mawawala ang aking pinansiyal na tulong dahil kulang na ang aking mga kredito, saka parang sumusuko ako at masyadong matigas ang ulo ko para doon.",0.8973915576934814,96.41043376922607
i feel resentful toward my wife when weeks go by without sex,3,anger,Nararamdaman kong may sama ng loob ako sa aking asawa kapag lumilipas ang mga linggo nang walang sekso.,0.8431541919708252,96.6273832321167
im feeling very virtuous having just come home from a hour yoga session with my sister whos a yoga teacher,1,joy,Nararamdaman kong napakabuti ko matapos ang isang oras na yoga session kasama ang aking kapatid na guro ng yoga.,0.854894757270813,96.58042097091675
when i heard the news that my grandfather had died,0,sadness,Nang marinig ko ang balita na namatay na ang aking lolo.,0.8707979917526245,96.5168080329895
i would gladly make it on the morrow since i am not feeling well,1,joy,Mas gugustuhin kong gawin ito bukas dahil hindi ako mabuti ang pakiramdam.,0.8902649283409119,96.43894028663635
i mean i feel that they do need them cos they get so passionate about their belief no matter how unrealistic it may be,1,joy,"Ibig sabihin, nararamdaman kong kailangan nila iyon dahil napakalakas ng kanilang pagmamahal sa paniniwala nila kahit gaano man ito ka-hindi-realistiko.",0.8997074365615845,96.40117025375366
ive come to realize i need to stop runnin away from my fears gotta stop bein so confined and wanting to hide feeling the need to die and instead stic through this vicious hell like ride,3,anger,"Napagtanto ko nang kailangan kong ihinto ang pagtakas sa aking mga takot. Dapat kong tigilan ang pagiging nakakulong at pagnanais na magtago, ang pakiramdam na gustong mamatay, at sa halip ay manatiling matatag sa gitna ng ganitong masamang paglalakbay.",0.9004979729652405,96.39800810813904
i feel awkward and laugh with me when i make mistakes and have open arms for me even though mine sometimes dangle at my sides hesitant,0,sadness,Nararamdaman kong nahihiya at tatawa kasama ako kapag nagkakamali ako at bukas ang mga bisig para sa akin kahit minsan ay nakasabit lang ang mga kamay ko sa aking tabi na nag-aalinlangan.,0.8915524482727051,96.43379020690918
i didnt usually feel quite so hated at this hour of the morning,0,sadness,Hindi ko karaniwang nararamdaman na ganito kasakit ang pagka-inaway sa oras na ito ng umaga.,0.890891432762146,96.43643426895142
i feel charming,1,joy,Nararamdaman kong nakakaakit.,0.8273956775665283,96.69041728973389
id really hop to it quickly because i knew theyd cry and yell if they didnt get it quickly and i also knew scott was feeling rotten,0,sadness,"Gusto kong gawin ito nang mabilis dahil alam kong iiyak at sisigawan nila kung hindi nila ito mabilis na makuha, at alam ko rin na si Scott ay hindi maganda ang pakiramdam.",0.9388524293899536,96.24459028244019
i feel so horny and naughty dressed up like this and my tgirl cock is getting a real work out as i continue to admire myself,2,love,"Nararamdaman kong sobrang init at masayahin habang nakasuot nito, at ang aking tgirl cock ay tunay na nagtatrabaho habang patuloy akong humanga sa aking sarili.",0.8997870087623596,96.40085196495056
i repeat over and over in my life in which i try to take control in my life but it when it doesn t work i feel afraid that i have no control,4,fear,"paulit-ulit kong sinasabi sa aking buhay kung saan sinusubukan kong kontrolin ang aking buhay ngunit kapag hindi ito gumagana, natatakot akong wala akong kontrol.",0.8533885478973389,96.58644580841064
i make jokes about being happy to get rid of them for the school year but its just because i feel incredibly vulnerable about sharing them with others,4,fear,"Nagbibiro ako na masaya akong mawala sila sa buong taon ng paaralan, pero totoo naman ay dahil sobrang mahina ang loob kong ibahagi sila sa iba.",0.8757033348083496,96.4971866607666
i always feel that accessories are the most important part of an outfit as they really pull it together so ive tried to choose jewellery which adds a little bit of sparkle to the outfits without being too in your face,1,joy,Lagi kong nararamdaman na ang mga aksesorya ang pinakamahalagang bahagi ng isang damit dahil tunay nilang nagbubuo nito kaya't pinili kong piliin ang mga alahas na nagdaragdag ng kaunting ningning sa mga damit nang hindi masyadong nakakabighani.,0.8913614749908447,96.43455410003662
i definitely know how it feels to think that whoever your beloved is with doesnt deserve them,2,love,Tiyak kong alam kung paano ang pakiramdam na isipin na hindi karapat-dapat ang kasama ng iyong minamahal.,0.8961876630783081,96.41524934768677
i havent felt like the real me in a while so the good feeling is welcomed with open arms,1,joy,Matagal ko nang hindi nararamdaman ang tunay kong sarili kaya't ang magandang pakiramdam ay tinatanggap ko nang buong puso.,0.8749352693557739,96.5002589225769
i lived with someone living a lie to keep me in the dark feeding me lies and faking feelings so that id be ignorantly complacent until it was no longer convenient for her to have me there,1,joy,"Nabuhay ako kasama ng isang taong nagsisinungaling upang panatilihin akong naliligaw, pinapatubo ako ng kasinungalingan at pinagpapanggap ang damdamin upang maging kampante ako nang walang kaalaman hanggang sa hindi na niya ako kailangan doon.",0.8932768106460571,96.42689275741577
i forgive myself that i have accepted and allowed myself to feel terrified when i can not move myself or speak or scream in sleep paralysis,4,fear,"Patawarin ko ang aking sarili dahil tinanggap at pinayagan kong maramdaman ang takot kapag hindi ako makapagalaw, makapagsalita, o sumigaw sa pagkabulag ng pagtulog.",0.8965636491775513,96.4137454032898
im really excited but feel gloomy also because of the weather,0,sadness,Sobrang excited ako pero malungkot din dahil sa panahon.,0.8664085268974304,96.53436589241028
im feeling regretful about not writing back to you i felt the exact same things you did and i would have also loved to have you read my letters,0,sadness,Nakakaramdam ako ng pagsisisi dahil hindi ako nakasagot sa iyo. Naramdaman ko rin ang mga nararamdaman mo at sana'y nabasa mo rin ang aking mga liham.,0.8829590082168579,96.46816396713257
im feeling deeply overwhelmed by these ordinary tasks,4,fear,Napakaraming nararamdaman kong pagod dahil sa mga simpleng gawain na ito.,0.8792275786399841,96.48308968544006
i always thought loving someone is the greatest feeling but i realized that loving a friend is even better,2,love,"Lagi kong iniisip na ang pagmamahal sa isang tao ang pinakamalaking damdamin, ngunit napagtanto kong mas mabuti pang mahalin ang isang kaibigan.",0.8944082856178284,96.42236685752869
i attribute this feeling of melancholy to the bloody,0,sadness,Iniugnay ko ang pakiramdam na ito ng kalungkutan sa dugo.,0.8980678915977478,96.40772843360901
i sit in one of the rocking chairs and let my head clear in this seldom gotten alone time listen to the sound of the birds the barking of the squirrels feel the air shift from pleasant to chill,1,joy,"Naupo ako sa isa sa mga tamborin at pinahinga ang aking isipan sa bihirang pagkakataong mag-isa, nakikinig sa mga ibon, sa pag-ungol ng mga daga, at nararamdaman ang hangin na nagbabago mula sa maaliwalas hanggang sa malamig.",0.9971137642860413,96.01154494285583
i feel as though this class will still be useful because in the end when owning a business you have to spread the word of what your business is about and trying to sell or get done,1,joy,"Nararamdaman kong magiging kapaki-pakinabang pa rin ang klase na ito dahil sa huli, kapag may negosyo ka na, kailangan mong ipaalam sa lahat ang tungkol sa iyong negosyo at subukan itong ibenta o maisakatuparan.",0.8802392482757568,96.47904300689697
i think the main benefit here is that it wets the surface giving even the earliest strokes something to play against and it also helps get my ass into the deep end of the pool if i am feeling hesitant about where to begin,4,fear,"Sa tingin ko ang pangunahing benepisyo rito ay binabasa nito ang ibabaw, kaya kahit ang pinakamaagang guhit ay may mapaglabanan, at tumutulong din itong ipasok ako sa malalim na dulo ng pool kung natatakot akong simulan.",0.8664994239807129,96.53400230407715
i feel specially fond of,2,love,Lalo akong nakakaramdam ng pagmamahal sa.,0.8612682819366455,96.55492687225342
i could almost feel it as the flames singed and tortured her frail delicate body leaving nothing behind but a foul smelling concoction of wood and burnt flesh,4,fear,"halos maramdaman ko na ang apoy na sumusunog at nagdurusa sa kanyang mahina at payat na katawan, iniwan lamang ang isang masamang amoy na halo ng kahoy at nasunog na laman.",0.9491074681282043,96.20357012748718
i guess im once again feeling useless and pointless,0,sadness,Siguro muli akong nadarama na walang silbi at walang kahulugan.,0.8856117725372314,96.45755290985107
i feel cute and sexy all at once and its not so sheer i feel naked,1,joy,Nararamdaman kong cute at sexy nang sabay-sabay at hindi naman masyadong transparent na parang hubad ako.,0.8852418661117554,96.45903253555298
i feel ashamed of my lack of empathy at times,0,sadness,Nakakahiya sa akin ang aking kakulangan sa empatiya minsan.,0.8538897037506104,96.58444118499756
i feel absolutely no longing for the patch of dirt which some dead stranger related to me by blood happened to have been birthed on,2,love,Hindi ako nararamdaman ang kahit anong pagnanais para sa piraso ng lupa kung saan ipinanganak ang isang estranghero na namatay na at may kaugnayan sa akin sa pamamagitan ng dugo.,0.883472204208374,96.4661111831665
i suppose to feel terrified,4,fear,Dapat akong matakot.,0.7966315746307373,96.81347370147705
i feel very miserable now,0,sadness,Napakasakit ng pakiramdam ko ngayon.,0.8884289860725403,96.44628405570984
i am a good person or that how i feel is acceptable or somehow normal,1,joy,"Mabuti akong tao o kaya naman, normal at tanggap ang aking nararamdaman.",0.900606632232666,96.39757347106934
i am so blessed and feel blessed to be able to share my creations with you,1,joy,Napakaligaya ko at nararamdaman kong lubos na pinagpala na maibabahagi ang aking mga likha sa inyo.,0.897037923336029,96.41184830665588
i need when i feel beaten down,0,sadness,Kailangan ko ng suporta kapag nararamdaman kong nababagsak.,0.8980326056480408,96.40786957740784
ive been feeling pretty punished lately,0,sadness,Nararamdaman kong parang pinarusahan ako kamakailan.,0.8447366952896118,96.62105321884155
i didnt want to be a part of a group just to feel accepted,2,love,Ayaw kong maging bahagi ng isang grupo para lamang maramdaman ang pagtanggap.,0.8817408084869385,96.47303676605225
i go shopping i feel like julia roberts in pretty woman,1,joy,"Pumupunta ako sa tindahan, parang si Julia Roberts sa Pretty Woman ako.",0.9524460434913635,96.19021582603455
i am feeling quite pleasant,1,joy,Nararamdaman kong medyo masaya.,0.8638155460357666,96.54473781585693
i feel honoured and great because through this work experience i am able to determine what i will do after graduating,1,joy,"Nararamdaman kong iginagalang at masaya dahil sa karanasang ito, nakakapagpasya na ako kung ano ang gagawin ko pagkatapos ng pagtatapos.",0.886298418045044,96.45480632781982
i was catapulted back into feeling more terrified of people than i had been in awhile,4,fear,Nabalik ako sa pakiramdam na mas natatakot ako sa mga tao kaysa dati.,0.9196755290031433,96.32129788398743
i have been following your blog i feel like ive gotten to know the real you not some filtered version or a fake internet persona of who youd like to be,0,sadness,"Sinusundan ko ang iyong blog at parang nakilala ko na ang tunay mong sarili, hindi ang isang pinag-filter na bersyon o pekeng online na personalidad na gusto mong ipakita.",0.8542894721031189,96.58284211158752
i am comforted knowing that i can use my gun for my protection and will not be put behind bars for using it when i feel threatened,4,fear,Nakakapamuha ako sa kaalaman na magagamit ko ang aking baril para sa aking proteksyon at hindi ako mapapabilanggo dahil sa paggamit nito kapag naramdaman kong may banta.,0.8848298192024231,96.46068072319031
i am feeling really lousy i take out the diy therapy chart and look up the emotion i am experiencing,0,sadness,"Nararamdaman kong talagang masama, kinuha ko ang diy therapy chart at tiningnan ang emosyon na nararamdaman ko.",0.9343035221099854,96.26278591156006
i feel physically beaten and so very exhausted,0,sadness,Nararamdaman kong pisikal na pagod at lubos na pagod.,0.9010661840438843,96.39573526382446
i had it in my head as it relates to the workplace because i had just been irritable to someone a tiny bit lower in status than myself in response to someone who is higher than me making me feel momentarily pressured,4,fear,Iniisip ko ito sa konteksto ng trabaho dahil kanina ay nagalit ako sa isang taong bahagya lamang na nasa mas mababang posisyon kaysa sa akin bilang tugon sa isang taong nasa mas mataas na posisyon na nagpapa-pressure sa akin pansamantala.,0.8216368556022644,96.71345257759094
i only feel frightened and these are such small things,4,fear,Natatakot lamang ako at ang mga ito ay napakaliit na bagay.,0.9259064197540283,96.29637432098389
i have a feeling i took so much time but kuya buddy and kuya angee have been very supportive all the way,2,love,Nararamdaman kong matagal na akong naghihintay ngunit laging sumusuporta sina Kuya Buddy at Kuya Angee.,0.9056664705276489,96.3773341178894
i sigh and say im tired and feeling very needy,0,sadness,Nahihinga ako at sinasabi kong pagod na ako at sobrang nangangailangan.,0.9124393463134766,96.3502426147461
i don t usually blog when i m feeling this way but i m actually curious to see if i can put it into words,4,fear,"Hindi ako kadalas mag-blog kapag ganito ang nararamdaman ko, pero talagang nagtatanong ako kung kaya kong ilahad ito sa mga salita.",0.8863793015480042,96.45448279380798
i feel very ignored,0,sadness,Nararamdaman kong lubos na iniwan.,0.8747379779815674,96.50104808807373
i usually buy but makes me feel especially virtuous when i go the homemade route ice cream,1,joy,"Karaniwan akong bumibili, pero mas nakakaramdam ako ng pagmamalaki kapag gumagawa ako ng sarili kong ice cream.",0.8934670686721802,96.42613172531128
i couldn t feel anything other than some strange tugging so i was relieved to say the least,4,fear,Hindi ko naramdaman ang kahit ano maliban sa kakaibang paghila kaya't lubos akong nakahinga ng maluwag.,0.8819725513458252,96.4721097946167
i am all fluffed up with girly stuff like feeling all treasured and stuff,2,love,Puno ako ng mga girly things tulad ng pagiging mahal at espesyal.,0.8264853954315186,96.69405841827393
i feel he is loyal to his staff to a fault,2,love,Nararamdaman kong tapat siya sa kanyang mga tauhan hanggang sa punto ng pagkakamali.,0.9133146405220032,96.34674143791199
i cried walking home from a bar feeling as though i was completely ruining the carefree mood or later in the night back at my old apartment to my best friend everything seemed to come crashing down after having fun,1,joy,"Umiiyak ako habang naglalakad pauwi mula sa bar, parang binubura ko ang masayang pakiramdam ng gabi, at pagbalik ko sa aking dati nang apartment kasama ang aking pinakamahusay na kaibigan, parang lahat ay bumagsak matapos ang masayang oras.",0.93784099817276,96.24863600730896
i feel over the moon when the guy i liked started a class cbc read more href http jazzyboy,2,love,Napakaligaya ko nang nagsimula ang lalaking gusto ko ng klase sa CBC.,0.9158328771591187,96.33666849136353
i feel pretty terrified about letting down all those good people kind enough to support my work,4,fear,Napakasindak ko isipin na mapapahiya ko ang lahat ng mabubuting tao na nag-aalay ng suporta sa aking trabaho.,0.8646644949913025,96.54134202003479
im feeling and i say useless and he says that fucker messed with your head,0,sadness,"Nararamdaman ko at sinasabi kong walang silbi, at sinasabi niya na ang gago'y nagulo sa iyong isipan.",0.8995491862297058,96.40180325508118
i feel so spiteful towards people sometimes just the way they look makes me want to hurt them,3,anger,"Minsan, sobrang galit ako sa mga tao, basta tingnan ko na lang sila ay gusto ko nang saktan sila.",0.8965174555778503,96.4139301776886
im not as low as my much dreaded lowests i have been feeling a zap and strain on fabulous in the last week,1,joy,Hindi ako kasingbaba ng aking kinatatakutang pinakamababang naramdaman ko. Nakakaranas ako ng kuryente at pagod sa pagiging kahanga-hanga sa nakalipas na linggo.,0.8796869516372681,96.48125219345093
when i had to come back from my village last christmas,0,sadness,Nang kailangan akong bumalik mula sa aking baryo noong nakaraang Pasko.,0.8496148586273193,96.60154056549072
i have no planning at all and im feeling really bad about this,0,sadness,Wala akong plano man lang at sobrang masama ang pakiramdam ko tungkol dito.,0.8179830312728882,96.72806787490845
im feeling today as about how i liked the books when i read them if i made this list tomorrow it would be different,2,love,"Nararamdaman ko ngayon ang aking pagkagusto sa mga libro noong nabasa ko sila, kung gagawa ako ng ganitong listahan bukas, baka magbago ito.",0.8851858377456665,96.45925664901733
i feel brave and rare and golden,1,joy,"Nararamdaman kong matapang, kakaiba, at ginto.",0.7925782203674316,96.82968711853027
i am tired of feeling useless tired of feeling uninteresting nor funny nor smart nor beautiful nor important,0,sadness,"Pagod na ako sa pakiramdam na walang silbi, pagod na akong pakiramdam na hindi nakakatuwa, hindi matalino, hindi maganda, at hindi mahalaga.",0.9071366190910339,96.37145352363586
i feel it all one of the many standouts from feist s dare i say masterpiece album the reminder broke down the usual barrier between audience and performer,0,sadness,"Nararamdaman ko lahat, isa sa maraming nakakabighani mula sa ""Dare I Say"" masterpiece album ni Feist, ang ""The Reminder,"" na nagwasak sa karaniwang hadlang sa pagitan ng madla at artista.",0.8774758577346802,96.49009656906128
i get a feeling that facebook is looking for more ways to get popular,1,joy,Nararamdaman kong hinahanap ng Facebook ang mga bagong paraan upang maging mas sikat.,0.8660221695899963,96.53591132164001
i feel like im living my life through all the romantic teen movies i watch,2,love,Parang nabubuhay ako sa buhay na gaya ng mga romantic teen movies na pinapanood ko.,0.8554970026016235,96.5780119895935
i feel inadequate in almost everything that i do,0,sadness,Nararamdaman kong kulang ako sa halos lahat ng ginagawa ko.,0.8883731961250305,96.44650721549988
im still feeling a bit grouchy,3,anger,Parang medyo badtrip pa rin ako.,0.8298761248588562,96.68049550056458
i was measuring a week big and that was enough to just make me feel lousy about myself,0,sadness,Sinusukat ko ang isang linggo na laki at sapat na iyon para lang magpa-malungkot sa aking sarili.,0.8840293288230896,96.46388268470764
i think about talking to a lawyer and finishing this i feel anxious,4,fear,"Iniisip ko na makipag-usap sa isang abogado at matapos ito, kinakabahan ako.",0.9038786888122559,96.38448524475098
i feel so remorseful for that day all those shits i said to you,0,sadness,"Napakasakit ng pakiramdam ko dahil sa araw na iyon, lahat ng mga masasakit na salita na sinabi ko sa iyo.",0.8866418600082397,96.45343255996704
i feel a bit sentimental,0,sadness,Nararamdaman ko ang kaunting sentimiyentalismo.,0.8497515320777893,96.60099387168884
i hope the excitement you feel about learning today continues on throughout your life and that the smart silly sensitive and creative young girl you are now grows up to be a smart silly sensitive and creative young woman,1,joy,"Sana ang kilig na nararamdaman mo sa pag-aaral ngayon ay magpapatuloy sa buong buhay mo at ang matalino, kulit, sensitibo, at mapagkalingang batang babae na ikaw ngayon ay lumaki bilang isang matalino, kulit, sensitibo, at mapagkalingang dalagang babae.",0.8811804056167603,96.47527837753296
i feel a peaceful calm come over me,1,joy,Nararamdaman kong dumarating ang isang mapayapa at tahimik na katahimikan sa akin.,0.8897663354873657,96.44093465805054
i have tested and tried all of them and that is why i feel confident making bold statements about the effectiveness of the methods i reveal,1,joy,Pinagsubok at pinag-aralan ko lahat ng ito kaya't may katiyakan akong gumawa ng matapang na pahayag tungkol sa kahusayan ng mga paraan na aking ihahayag.,0.840911328792572,96.63635468482971
i sat in my feelings for a bit longer and the lord showed me some really cool truths that i want to share the fear of man is a snare but whoever trusts in the lord is kept safe,1,joy,"Nanatili akong nakaupo sa aking damdamin nang kaunti pa at ipinakita ng Panginoon sa akin ang ilang tunay na magagandang katotohanan na nais kong ibahagi. Ang takot sa tao ay isang bitag, ngunit ang sinumang nagtitiwala sa Panginoon ay pinapanatili sa kaligtasan.",0.9303410649299622,96.27863574028015
i feel insecure all the time,4,fear,Lagi akong nahihiya.,0.8593846559524536,96.56246137619019
i know that i love what i do but struggle with feeling content and balanced,1,joy,Alam kong mahal ko ang ginagawa ko ngunit nahihirapan akong maramdaman ang kasiyahan at balanse.,0.8954747915267944,96.41810083389282
i feel so shitty about wearing you out,0,sadness,Napakasama ng pakiramdam ko dahil pinagod kita.,0.8571701049804688,96.57131958007812
i was feeling really shitty invaded disrespected and i was not even one of the actors victims,0,sadness,"Nararamdaman kong sobrang masama, parang nilalabag at hindi ko man kabilang sa mga aktor o biktima.",0.8993375301361084,96.40264987945557
i thought this was a good idea in that it gave you time to recover if you were feeling nervous or overwhelmed and also gave you the opportunity to make your escape if you felt so inclined,4,fear,"Akala ko'y maganda ang ideyang ito dahil binibigay nito ang oras para makapagpahinga kung nararamdaman mong kinakabahan o sobra ang bigat, at binibigyan din ng pagkakataon na makalaya kung nararamdaman mong gusto mong umalis.",0.8787915110588074,96.48483395576477
i need to know what her thoughts and feelings are this is not a casual play anymore for me anyway,1,joy,Kailangan kong malaman ang kanyang mga iniisip at nararamdaman; hindi na ito basta-basta laro para sa akin.,0.8856743574142456,96.45730257034302
i feel agitated thinking about his mother and her supposedly hidden msg,4,fear,Nag-a-aalala ako kapag iniisip ang kanyang ina at ang kanyang tinatago raw na mensahe.,0.8558353185653687,96.57665872573853
i feel sort of numb,0,sadness,Nararamdaman kong medyo bingi.,0.8672361373901367,96.53105545043945
i still feel annoyed and the older sd is always sick with something and i mean always,3,anger,"Parang hindi pa rin nawawala ang inis ko at lagi namang may sakit ang mas matandang SD, lagi ko talagang sinasabi.",0.8313133120536804,96.67474675178528
i feel a bit foolish even bothering to post anything on fridays,0,sadness,Nararamdaman kong medyo bobo kahit mag-post man lang ng kahit ano tuwing Biyernes.,0.8455593585968018,96.6177625656128
i sat in my room listening to everyone outside on the beach i didn t feel inspired at all,1,joy,"Nakaupo ako sa aking silid, nakikinig sa lahat sa labas sa dalampasigan, ngunit hindi ako nadamaang inspirasyon man lang.",0.898482084274292,96.40607166290283
i feel extremely drained of energy,0,sadness,Napakalakas ng pagod ko.,0.8486337661743164,96.60546493530273
i seem to have lost all sense of direction and feel doomed to get a crappy education and a dead end job when i used to feel destined to shine,0,sadness,"Parang nawala na ang aking sentido ng direksyon at tila papunta ako sa isang masamang edukasyon at isang walang kinabukasan na trabaho, samantalang dati ay nararamdaman kong ako'y tadhana upang magningning.",0.8916025161743164,96.43358993530273
i could just be who i am and feel accepted for being myself,1,joy,Maaari akong maging ako mismo at maramdaman ang pagtanggap sa aking pagkatao.,0.900878369808197,96.39648652076721
i feel ignored even if that ignoring is something i asked for specifically,0,sadness,Nararamdaman kong iniwan ako kahit na ang pag-iwan na iyon ay aking hinihingi mismo.,0.8332182765007019,96.66712689399719
i walked out feeling so assured that this could really happen,1,joy,Lumabas ako na puno ng tiwala na ito ay maaaring mangyari nga.,0.8717366456985474,96.51305341720581
i feel horrible having to say not right now so often,0,sadness,Napakasakit isipin na madalas kong sasabihin na hindi ngayon.,0.8129833936691284,96.74806642532349
i forget that im supposed to be sad about being single or stressed about work and just smile and feel peaceful,1,joy,Nakakalimutan ko na dapat akong malungkot dahil single o stressed sa trabaho at basta ngumiti at maramdaman ang kapayapaan.,0.7967384457588196,96.81304621696472
i just want to see him put more effort in making me happy and special and making me feel more assured,1,joy,"Gusto ko lang makita siyang mas nagsisikap para akong mapasaya at pakiramdam na espesyal, at para mas matiyak ako.",0.8979743719100952,96.40810251235962
i started feeling joyful again i could push those comments out of my heart and live joyfully again,1,joy,"Nagsimula akong maramdaman muli ang saya, kaya't maibababa ko na ang mga komento sa aking puso at mabuhay muli nang masaya.",0.8921496868133545,96.43140125274658
i do not have anyone that i feel comfortable enough to walk up to and tell the whole legitimate or rather illegitimate depending on the subject truth to,1,joy,"Wala akong makakasama na aking mapagkakatiwalaan upang lapitan at sabihin ang buong katotohanan, maging lehitimo man o hindi, depende sa paksa.",0.8853963613510132,96.45841455459595
i went through the exam i could feel my heart sink with each unsure answer each flip flop decision and random guess,4,fear,"Nagdaan ako sa pagsusulit, nararamdaman kong bumababa ang aking puso sa bawat hindi sigurong sagot, bawat pag-aalinlangan at palpak na hula.",0.893293023109436,96.42682790756226
i am lacking sleep a bit but i also feel like i have a blank sheet of paper in front of me in many areas of church life,0,sadness,Kulang ako sa tulog konti pero parang may malinis na papel sa harapan ko sa maraming aspeto ng buhay ng simbahan.,0.8807594776153564,96.47696208953857
i was a bit more bouncier than usual i didnt feel as grouchy about everything as normal,3,anger,"Mas malakas ang aking enerhiya kaysa dati, at hindi ako gaanong maselan tungkol sa lahat ng bagay gaya ng dati.",0.9075192809104919,96.36992287635803
i really didnt feel that much despite the terrific acting,1,joy,Talagang hindi ko naramdaman nang husto kahit na kahanga-hanga ang pag-arte.,0.8789917230606079,96.48403310775757
i just feel more vulnerable than other people,4,fear,Mas nadarama kong mahina at madaling masaktan kaysa sa iba.,0.9208762049674988,96.31649518013
i love the midcentury design and the vintage feel i think this is going to be perfect when paired with their current dresser which right now is white but may be red after i get my hands on it,1,joy,"Mahal ko ang disenyo ng midcentury at ang pakiramdam na vintage. Akala ko, perpekto ito kapag pinagsama sa kanilang kasalukuyang aparador na ngayon ay puti ngunit baka maging pula pag nakakuha na ako nito.",0.9328951835632324,96.26841926574707
i still feel the pressure to make sure they are excited by what santa brings,1,joy,Nararamdaman ko pa rin ang presyur na siguraduhin silang masaya sa mga regalo ni Santa.,0.8504842519760132,96.59806299209595
i feel very inadequate physically,0,sadness,Nararamdaman kong lubos akong hindi sapat pisikal na.,0.8832286596298218,96.46708536148071
i miss it when i feel no one person who ignored me,0,sadness,Namimiss ko ang pakiramdam na walang tao ang tumatanggi sa akin.,0.8267532587051392,96.69298696517944
i get to my desk at nine feeling exhausted and tired and grumpy to come home and rush through my to do list and get angry that i havent finished it,0,sadness,"Nakakarating ako sa aking mesa alas nuebe, pagod, pagod, at masungit, naisipan kong umuwi at mabilis na tapusin ang aking listahan ng mga dapat gawin at magalit na hindi ko pa ito natapos.",0.8656736612319946,96.53730535507202
i had this odd realization this week as i battled feeling completely gloomy,0,sadness,Nagkaroon ako ng kakaibang pag-unawa ngayong linggo habang pinaglalaban ko ang pakiramdam na lubos na malungkot.,0.8895243406295776,96.44190263748169
ive been quite confident in what i believe for my whole life this occasionally over whelming feeling of uncertainty has truly shaken me to my core,4,fear,"Matagal ko nang pinaniniwalaan ang aking paniniwala nang may tiwala, ngunit ang paminsan-minsang labis na damdaming kawalan ng katiyakan ay tunay na nagpabagsak sa akin sa aking pinakamalalim na bahagi.",0.8771634101867676,96.49134635925293
i get the feeling that the relationship would be more sarcastic than sweet or sure,3,anger,Nararamdaman kong mas sarkastiko kaysa matamis o tiyak ang relasyon.,0.8258013129234314,96.69679474830627
i understand that this is a time when belts must be tightened but i truly feel that this is a worthwhile cost effective use of federal dollars and would much rather see it face budget cuts than total eradication,1,joy,Naiintindihan ko na panahon ito ng pag-iingat sa gastusin ngunit tunay kong paniniwala na ito ay isang kapaki-pakinabang at matipid na paggamit ng pondo ng pamahalaan at mas gugustuhin kong makita itong mabawasan sa badyet kaysa ganap na matanggal.,0.9268671274185181,96.29253149032593
i feel so lost with it these days,0,sadness,Nararamdaman kong lubos na nawawala ako dito ngayon.,0.921792209148407,96.31283116340637
i use it i envision how it would work if i had long thick lashes and i just have this strong feeling that it would provide me the perfect amount of lift definition and separation,1,joy,"Ginagamit ko ito, iniisip ko kung paano ito magtatrabaho kung mayroon akong mahabang at makapal na pilikmata, at mayroon akong malakas na pakiramdam na magbibigay ito sa akin ng perpektong halaga ng pag-angat, kahusayan, at paghihiwalay.",0.9156750440597534,96.33729982376099
i was playing with friends then i decided to splash some sand into a car which was moving nearby the driver got angry and came to report to my parents,4,fear,Naglalaro ako kasama ng mga kaibigan nang magpasya akong ihampas ang buhangin sa isang sasakyan na dumadaan malapit. Nagalit ang driver at pumunta upang mag- reklamo sa aking mga magulang.,0.8637917041778564,96.54483318328857
i feel like i have been a little distracted lately,3,anger,Nararamdaman kong medyo nababalisa ako kamakailan.,0.834286630153656,96.66285347938538
i am even not able to keep in touch with the people who still ask about me all because i feel my life is boring there is nothing new in it,0,sadness,"Hindi ko nga kaya makipag-ugnayan sa mga taong patuloy pa ring nagtatanong tungkol sa akin dahil sa pakiramdam ko ay walang kuwento ang buhay ko, wala nang bago.",0.9048811197280884,96.38047552108765
i could even think about it i said uh well most days i feel like im being tortured i want to pull all my hair out and scream so i guess not,3,anger,"Maaari pa akong isipin iyon, sabi ko, eh, karamihan sa mga araw ay parang pinagpapahirap ako, gusto kong tanggalin lahat ng buhok ko at sumigaw kaya siguro hindi.",0.9290914535522461,96.28363418579102
i feel like someone has literally drained all of the energy from my body,0,sadness,Parang may kumuha ng lahat ng enerhiya sa aking katawan.,0.9003884792327881,96.39844608306885
i feel horrible about myself and want to throw in the towel and give up,0,sadness,Nararamdaman kong napakasama ko at gusto kong sumuko na at iwanan na lahat.,0.8993057608604431,96.40277695655823
i feel like i have an artistic block right now and my artwork looks stiff and forced when that happens,1,joy,Nararamdaman kong may artistic block ako ngayon at parang tigas at pilit ang aking mga obra kapag ganito.,0.8858416080474854,96.45663356781006
ive found that when i make a simple mistake or i really screw up i feel foolish guilty and like i will never be myself again,0,sadness,"Natuklasan kong kapag nagkakamali ako nang maliit o talagang nagkamali ako ng malaki, nararamdaman kong hangal, may sala, at parang hindi na ako magiging ako uli.",0.8681010007858276,96.52759599685669
i got up feeling horny this morning,2,love,Gumising ako na may gana ngayong umaga.,0.8824907541275024,96.47003698348999
i feel useless because i feel like i should have dealt with this ages ago,0,sadness,Nararamdaman kong walang silbi dahil parang dapat ko nang nalutas ito noon pa man.,0.8344398736953735,96.6622405052185
i feel nervous when i think about going to australia though i feel exited at the same time,4,fear,"Nakakakaba isipin na pupunta ako sa Australia, pero kinakabahan din ako sa parehong oras.",0.8670997023582458,96.53160119056702
i feel satisfied when i am able to translate a funny idea in my brain,1,joy,Nakakagaan ng loob kapag naisasalin ko ang isang nakakatawang ideya sa aking isipan.,0.8584171533584595,96.56633138656616
i still feel the days are precious commodities dissolving away never to be seen again like a frosty ice cube melting under a glaring afternoon sun,1,joy,"Nararamdaman ko pa rin na ang mga araw ay mahalagang kalakal na unti-unting nawawala at hindi na muling makikita, parang yelo na natutunaw sa ilalim ng mainit na araw.",0.9117910861968994,96.3528356552124
i love how i feel i feel satisfied without feeling bloated or lethargic,1,joy,"Mahal ko ang pakiramdam ko, nakakapuno ito nang hindi ako nahihilo o pagod.",0.8717353343963623,96.51305866241455
i feel so amazingly blessed that my children have been able to take part in it,1,joy,Napakalaking biyaya na ang aking mga anak ay nakasali rito.,0.8788741827011108,96.48450326919556
i think im breathing again and every breath feels lively and full,1,joy,Akala ko'y humihinga na ako muli at bawat hininga ay parang puno ng buhay at sigla.,0.9501084685325623,96.19956612586975
i have been feeling very stressed these days,3,anger,Napaka-stress ko talaga sa mga nakalipas na araw.,0.8332800269126892,96.66687989234924
i feel i am suffering from a bad case of i only want to nap,0,sadness,"Nararamdaman kong mayroon akong malubhang kaso ng ""gusto ko lang matulog.""",0.8267122507095337,96.69315099716187
i can understand that the people here are not nice to them and that they feel isolated and alone and think this life is just not worth it anymore,0,sadness,"Naiintindihan ko na hindi mabait ang mga tao rito sa kanila at nararamdaman nilang nag-iisa at malungkot, at iniisip nilang hindi na sulit ang buhay na ito.",0.9528656601905823,96.18853735923767
i should feel pissed,3,anger,Dapat ako'y magalit.,0.902640700340271,96.38943719863892
i feel devastated for the mother whose fraud of an ex husband has abducted their daughter and headed for the hinterlands gaige keeps us so totally inside her narrator s head that it s difficult not to feel some sympathy for him,0,sadness,"Napakasakit para sa ina na ang dating asawa, isang magnanakaw, ay dinakip ang kanilang anak at nagtungo sa mga malayong lugar. Si Gaige ay nagpapanatili sa atin na nasa loob lamang ng isipan ng kanyang tagapagsalaysay kaya mahirap hindi maramdaman ang kaunting awa para sa kanya.",0.8924801349639893,96.43007946014404
i feel sort of foolish it was actually very easy and what she was asking made complete sense once i got there you have to bind off the neck and work with the shoulders separately hence the need for two balls of yarn,0,sadness,"Nararamdaman kong medyo bobo, kasi pala sobrang madali pala at ang tanong niya ay ganap na nagkakatugma nang makarating ako doon, kailangan mong itali ang leeg at magtrabaho sa mga balikat nang hiwalay kaya kailangan ng dalawang bola ng sinulid.",0.8826006054878235,96.4695975780487
i feel reassured by how well we get on how much we love each other and i wonder why i ever worried,1,joy,"Nakakapatahan ako sa pagkakaunawaan natin, sa dami ng pagmamahal natin sa isa't isa, at nagtatanong ako kung bakit ako nag-aalala noon.",0.8839071989059448,96.46437120437622
i am sure everyone of us felt that feeling at least once while some of us might get agitated easily,3,anger,"Sigurado akong lahat tayo ay nakaramdam ng ganitong pakiramdam kahit minsan, samantalang ilan sa atin ay maaaring madaling mag-init ng ulo.",0.8929795026779175,96.42808198928833
im supposed to be excited about my tattoo today but instead all im feeling is pissed off,3,anger,Dapat akong masaya tungkol sa aking tattoo ngayon pero ang nararamdaman ko lang ay galit.,0.8669403791427612,96.53223848342896
i feel so peaceful to be around and myself,1,joy,Nararamdaman kong napakalma kong makasama ang aking sarili.,0.8829249739646912,96.46830010414124
im sure shes done some writing tonight and is past that amount now but for the moment i can go to bed feeling triumphant and also happy in the knowledge that i havent given in to writing absolute and utter crap just yet and that my story is progressing nicely,1,joy,"Sigurado akong nagsulat na siya ngayong gabi at lampas na sa bilang na iyon, pero sa ngayon, makatulog ako na may tagumpay at masaya sa kaalaman na hindi pa ako sumusuko sa pagsulat ng ganap na at walang kabuluhang kalokohan, at ang aking kwento ay umuunlad nang maayos.",0.8752961158752441,96.49881553649902
i began to feel strange i thought to myself here it comes,4,fear,"Nagsimulang akong magkaroon ng kakaibang pakiramdam, naisip ko, narito na ito.",0.8188155293464661,96.72473788261414
i couldn t take anymore i just wanted to lock myself in my room and not deal with it all and then in other ways it may me feel more passionate about taking photos,2,love,"Hindi ko na kaya, gusto ko lang mag-isa sa kwarto ko at hindi harapin ang lahat, pero sa ibang paraan, ito'y nagpapalakas sa aking pagmamahal sa pagkuha ng litrato.",0.925524890422821,96.29790043830872
i just want him to see how it feels when he does something that i feel is obnoxious,3,anger,Gusto ko lang siyang makita kung paano ang pakiramdam kapag ginawa niya ang isang bagay na sa akin ay nakakainis.,0.8813338279724121,96.47466468811035
i feel helpless to make any real difference,0,sadness,Nararamdaman kong walang magawa upang magkaroon ng tunay na pagbabago.,0.8901076316833496,96.4395694732666
i feel helpless and scared and all of these things i cant describe and i never thought of myself as a control freak but im recognizing that feeding my feelings is my way to control something in the midst of chaos,0,sadness,"Nararamdaman kong walang magawa at natatakot, at lahat ng ito ay hindi ko mailarawan, at hindi ko dati sarili kong iniisip bilang isang kontrol freak ngunit napagtanto kong ang pagpapakain sa aking damdamin ay ang aking paraan upang kontrolin ang isang bagay sa gitna ng kaguluhan.",0.9171324968338013,96.3314700126648
im going to be after the birth of this baby feels shaky,4,fear,"Pagkatapos manganak, parang hindi ko na matitiyak ang aking sarili.",0.8707058429718018,96.5171766281128
i left feeling too dull to come up with ideas,0,sadness,Umalis ako na parang wala akong inspirasyon para mag-isip ng mga ideya.,0.892300546169281,96.43079781532288
i love the feeling of carrying him in my arms and looking at his sweet sleeping face,1,joy,Mahal ko ang pakiramdam na hawak siya sa aking mga bisig at nakatingin sa kanyang matamis na mukha habang natutulog.,0.868312418460846,96.52675032615662
i feel a strange sense of achievement that i have scraped every nook and cranny of the shells for juicy morsels,4,fear,Nararamdaman ko ang kakaibang pakiramdam ng tagumpay dahil naubos ko ang bawat sulok at bitag ng mga kabibe para sa masarap na mga piraso.,0.8700944185256958,96.51962232589722
i always feel so flattered when another amazing blogger asks me to share a little of world on their blog so here it goes,4,fear,"Lagi akong nabibighani kapag humihingi ng tulong sa akin ang ibang mahuhusay na blogger para ibahagi ang aking pananaw sa kanilang blog, kaya eto na.",0.8785816431045532,96.48567342758179
i would feel disheartened so i would then go and do cardio for another hour to achieve calories,0,sadness,Magiging malungkot ako kaya pupunta ako at gagawa ng kardyo ng isa pang oras para maabot ang mga calorie.,0.8823702335357666,96.47051906585693
i was feeling a bit shaky and a bit off centre but i think most of that was worrying about things out of my control,4,fear,"Nararamdaman ko ang kaunting pagyanig at pagkalayo sa aking sentro, ngunit sa tingin ko karamihan ay dahil sa pag-aalala tungkol sa mga bagay na nasa labas ng aking kontrol.",0.9263187646865845,96.29472494125366
i will not respond i am not trying to trap any one or make you feel burdened upon or threatened for your opinion,0,sadness,"Hindi ako mag-rerespond, hindi ko intensyon na lokohin o bigyan ng pasanin o banta ang iyong opinyon.",0.8919485807418823,96.43220567703247
i was feeling a little longing for paris this week so i did what every artist does,2,love,Nararamdaman ko ang kaunting pag-aalinlangan para sa Paris ngayong linggo kaya ginawa ko ang ginagawa ng bawat artista.,0.8725963830947876,96.50961446762085
i was not feeling so nervous because she seemed so calm and collected,4,fear,Hindi ako gaanong kinakabahan dahil mukhang kalmado at komposisyon siya.,0.9096648097038269,96.36134076118469
i always feel like they love to annoy us especially when were doing something and we dont like to be disturbed by anybody,0,sadness,"Lagi akong nakakaramdam na gusto nilang istorbohin tayo, lalo na kapag ginagawa natin ang isang bagay at ayaw nating maistorbo ng kahit sino.",0.8798127174377441,96.48074913024902
i feel like a worthless ugly fat unattractive piece of shit,0,sadness,"Parang isang walang halaga, pangit, mataba, at hindi kaakit-akit na basura ako.",0.9475768804550171,96.20969247817993
i get it she feel betrayed and hurt,0,sadness,"Naiintindihan ko, nasaktan at nadama niyang siya'y pinagtataksilan.",0.9163233041763306,96.33470678329468
i have ever been and i feel mentally more peaceful calm and balanced,1,joy,"Lagi akong nakaramdam ng kapayapaan, katahimikan, at balanse sa aking isipan.",0.894960343837738,96.42015862464905
im feeling a little melancholy as i listen to this song,0,sadness,Nararamdaman kong medyo malungkot habang nakikinig ako sa kanta na ito.,0.8733081221580505,96.5067675113678
i feel that it took a lot of guts on her part and i admired her for this,2,love,Nararamdaman kong kinakailangan ng malaking tapang sa kanyang ginawa at hinahangaan ko siya dahil dito.,0.8989144563674927,96.40434217453003
ive also discovered that because i feel less agitated by caffeine and cravings this coping method is unnecessary huge,4,fear,"Natuklasan ko rin na dahil mas hindi na ako nababagabag ng kape at mga pagnanasa, hindi na kailangan ang paraang ito ng paghawak sa problema, na talagang malaki ang epekto nito.",0.8544617891311646,96.58215284347534
i feel cold spots,3,anger,Nararamdaman ko ang malamig na lugar.,0.9122990369796753,96.3508038520813
i do not know these people since they are not a resident of this room and for them to treat me in such a way that i feel angered,3,anger,Hindi ko kilala ang mga taong ito dahil hindi sila residente ng silid na ito at dahil sa paraan nila ng pakikitungo sa akin na nagdudulot sa akin ng galit.,0.8917667269706726,96.43293309211731
i feel so eager to tell you guys what have happened to me these days,1,joy,Napakasaya kong ibahagi sa inyo ang mga nangyari sa akin kamakailan.,0.8273576498031616,96.69056940078735
i am available what am i going to do with my day i need to feel useful maybe i can still contribute my time part time i dont want to let anyone down,1,joy,"Nandito ako, ano kaya ang gagawin ko sa araw na ito? Kailangan kong maramdaman na may silbi ako, baka pwede pa akong magbigay ng oras ko bilang part-time, ayaw kong mapahiya ang sinuman.",0.8951451182365417,96.41941952705383
i feel like every day is special unique,1,joy,Parang araw-araw ay espesyal at kakaiba.,0.8868401646614075,96.45263934135437
i feel like a harry potter fan trying to read the casual vacancy here,1,joy,Parang isang tagahanga ni Harry Potter na nagsisikap basahin ang Casual Vacancy ito.,0.8018956184387207,96.79241752624512
i could feel my sciatica aching as my feet was swinging from the gas to the brakes pedals,0,sadness,Nararamdaman kong sumasakit ang aking siyatik habang nakaswing ang aking mga paa mula sa pedal ng gas hanggang sa pedal ng preno.,0.8546992540359497,96.5812029838562
i know i never say or act that way but in reality its how i feel financially i feel disheartened because of my car,0,sadness,"Alam kong hindi ko sinasabi o ginagawa iyon, ngunit sa totoo lang, ganito ang nararamdaman ko sa aking pinansiyal na kalagayan. Nababahala ako dahil sa aking sasakyan.",0.9442874193191528,96.22285032272339
im feeling positive today and tired and im going to make sure that im good with my diet and exercise from now on,1,joy,"Masaya ako ngayon at pagod, at titiyakin kong magiging maayos ang aking diyeta at ehersisyo mula ngayon.",0.9229269623756409,96.30829215049744
i think it makes me feel like the heir to an incredibly rich and diverse legacy of stories and experiences,1,joy,Iniisip ko na parang ako'y tagapagmana ng isang napakalawak at magkakaibang kayamanan ng mga kwento at karanasan.,0.8857348561286926,96.45706057548523
i feel like making this a stubborn battle of wills,3,anger,Parang gusto kong gawin itong matigas na labanan ng kalooban.,0.895131528377533,96.41947388648987
i feel safe and warm and there s lots of sunshine you d think i d get complacent,1,joy,"Nararamdaman kong ligtas at mainit, at maraming sikat ng araw, akala mo'y magiging kampante na ako.",0.874126672744751,96.503493309021
i am so happy but yet i feel enraged,3,anger,Napakasaya ko ngunit nararamdaman ko rin ang galit.,0.8893004655838013,96.4427981376648
i just want to run somewhere where i feel safe,1,joy,Gusto ko lang tumakbo sa isang lugar kung saan ako nakaramdam ng ligtas.,0.8573361039161682,96.57065558433533
i sometimes feel shitty and guilty for buying into them without actively making any choices i am about as normative you can get in terms of the fashion blogosphere,0,sadness,"Minsan, nararamdaman kong masama at may sala dahil bumibili ako nang walang aktibong pagpili, halos normal na normal na tao ako sa mundo ng fashion blog.",0.901749849319458,96.39300060272217
i feel a little brave and venture out of my comfort zone and into the kitchen,1,joy,Nararamdaman kong medyo matapang at lumabas sa aking komportableng sona at pumasok sa kusina.,0.8729907274246216,96.50803709030151
i feel it is safe to say that i will send my first v and v for the matter before the end of the year,1,joy,Makakasigurado akong ipadadala ko ang aking unang V at V para sa usapin bago matapos ang taon.,0.8523591756820679,96.59056329727173
i me still feeling cold from the swim which doesnt really count as one earlier on,3,anger,Ako pa rin ay nararamdaman ang lamig mula sa paglangoy kanina na hindi naman talaga maituturing na tunay na paglangoy.,0.9181116223335266,96.3275535106659
i dont think he touched my penis but i just remember feeling very helpless and that trust was violated,0,sadness,Hindi ko akalaing hinawakan niya ang aking ari pero ang naaalala ko'y ang pagiging walang-magtanggol at ang paglabag sa tiwala.,0.911298394203186,96.35480642318726
im feeling gloomy today,0,sadness,Malungkot ako ngayon.,0.8628724813461304,96.54851007461548
i loved that he was still small enough to ask me for help to feel safe,1,joy,Mahal ko na siya pa rin dahil sapat na siya'y maliit upang humingi sa akin ng tulong upang maramdaman ang kaligtasan.,0.9021025896072388,96.39158964157104
i feel sorry for you guys,0,sadness,Nakakaawa kayo.,0.8688390851020813,96.52464365959167
i feel that the fabulous apple flavor gets kicked to the side for pumpkin,1,joy,Nararamdaman kong ang kamangha-manghang lasa ng mansanas ay inililipat sa gilid para sa kalabasa.,0.8867173194885254,96.4531307220459
i feel like i got in at that sweet spot before everyone realizes how messed up everything really is,2,love,Nararamdaman kong nakapasok ako sa tamang sandali bago mapagtanto ng lahat kung gaano kalala ang lahat ng gulo.,0.8806906938552856,96.47723722457886
i feel there are a lot of things that i need want must to do but always somehow got distracted got a call from my crol tl and just told her that couldnt join her as per going to the doc,3,anger,"Nararamdaman kong marami akong dapat gawin, gusto kong gawin, ngunit lagi akong nababaling, tumatawag ang aking kaibigan at sinabi ko lamang na hindi ako makakasama dahil pupunta ako sa doktor.",0.8654887080192566,96.53804516792297
i leave the sooner ill feel better,1,joy,Mas mabuti akong mararamdaman kung mas maaga akong umalis.,0.8901243209838867,96.43950271606445
i know it was not pleasant for her and i feel selfish saying it but i think i would have fallen apart if i had been there,3,anger,"Alam kong hindi iyon maganda para sa kanya at pakiramdam ko'y makasarili sa pagsasabi nito ngunit sa tingin ko, magkakasira ako kung naroon ako.",0.895523726940155,96.41790509223938
i feel like it skews the kids idea of what is cute and adorable and just encourages annoying behaviors,1,joy,"Parang binabaluktot nito ang ideya ng mga bata kung ano ang cute at adorable, at nag-e-encourage lang ng mga nakakainis na kilos.",0.8732796907424927,96.50688123703003
i feel like i shouldnt have even bothered,3,anger,Parang hindi ko dapat pinag-abalahan.,0.8332898616790771,96.66684055328369
i feel that grits and even polenta are an unfortunate fate for corn,0,sadness,Nararamdaman kong malungkot na kapalaran para sa mais ang maging grits o kahit polenta.,0.8231692910194397,96.70732283592224
i dont know i have this one feeling that i feel isolated on twitter well nobody were isolating me i just felt like among those who were having convos together im the only one who keep talking about how i am happy the drama ive been following was updating their new episode,0,sadness,"Hindi ko alam, may ganitong pakiramdam akong nag-iisa sa Twitter, kahit wala namang nag-iisa sa akin, parang sa mga nag-uusap magkasama, ako lang ang patuloy na nagkukwento kung gaano ako masaya sa drama na sinusundan ko na nag-update ng bagong episode.",0.8319624662399292,96.67215013504028
i mean i guess creativity could be even more of a broad categorie that beauty fits into but i ll talk about beauty for now since it s something i feel passionate about,2,love,"Ibig sabihin, siguro mas malawak pa ang kategorya ng pagkamalikhain kung saan nabibilang ang kagandahan, pero pag-uusapan ko muna ang kagandahan dahil ito'y isang bagay na aking pinapasan.",0.9200616478919983,96.319753408432
i know it shouldn t feel unsuccessful but the only way to come back and make that be the right decision would be to come back and win a super bowl,0,sadness,"Alam kong hindi dapat ito maramdaman na hindi matagumpay, ngunit ang tanging paraan upang bumalik at gawing tama ang desisyon ay bumalik at manalo ng Super Bowl.",0.8915922045707703,96.43363118171692
ive test tried dropping it and nothing happened which is supposed to be if something happened to my phone i would feel so fucked up,3,anger,"Subok ko nang ihulog ito at wala namang nangyari, dapat kung may mangyayari sa telepono ko, sobrang masaklap iyon.",0.8689155578613281,96.52433776855469
i got a feeling however are still popular songs,1,joy,"May pakiramdam ako, pero ang mga kanta ay patuloy pa ring sikat.",0.8688279986381531,96.52468800544739
i was feeling generous that saturday morning and told them to go ahead with their plan to have the stand and if they made enough money id take them to the theater to see a movie,2,love,"Noong Sabado ng umaga, naramdaman kong maging maluwag ang aking bulsa kaya sinabi kong ituloy nila ang kanilang plano na magtayo ng tindahan at kung kumita sila ng sapat, dadalhin ko sila sa sinehan para manood ng pelikula.",0.8773925304412842,96.49042987823486
i get what williams is doing in imping other artists but i still feel that its more of a distraction than it is clever and the murder mystery plot is a decent hook but turns out to be wholly unsurprising,1,joy,"Naiintindihan ko kung ano ang ginagawa ni Williams sa pag-impluwensya sa ibang artista, pero naniniwala pa rin ako na mas nakakabingi ito kaysa matalino, at bagama't ang misteryo ng pagpatay ay isang magandang simula, ito ay naging ganap na hindi nakakagulat.",0.8642940521240234,96.5428237915039
i definitely feel that my poems are in conversation with nature poetry but in the way that a rebellious activist might be in conversation with a government official,3,anger,"Tiyak kong nasa usapan ang aking mga tula sa mga tulang tungkol sa kalikasan, ngunit sa paraang isang rebeldeng aktibista ang nakikipag-usap sa isang opisyal ng gobyerno.",0.9440546035766602,96.22378158569336
i really feel unhappy,0,sadness,Talagang malungkot ako.,0.7549673318862915,96.98013067245483
i feel very out of place as well,1,joy,Nararamdaman ko rin na lubos akong hindi nababagay.,0.8918877840042114,96.43244886398315
i just feel like an awful mommy,0,sadness,Parang isang masamang ina lang ako.,0.8919150829315186,96.43233966827393
im feeling really annoyed,3,anger,Napaka-irita ko talaga.,0.8448756337165833,96.62049746513367
i cant abide the political mess the country is in though i feel equally enraged about the state of uk politics,3,anger,Hindi ko matiis ang pulitikal na gulo ng bansa kahit na nararamdaman ko ring galit tungkol sa kalagayan ng politika sa UK.,0.8788405656814575,96.48463773727417
i feel like the most moronic naive individual on the face of the planet right now,0,sadness,Parang pinakamatalinong at walang alam na tao ako sa mundo ngayon.,0.9509588479995728,96.19616460800171
i feel ecstatic just to see you,1,joy,Napakasaya ko lang makita ka.,0.8947868943214417,96.42085242271423
i felt i completely belonged and i didn t feel shy and frightened any more,4,fear,Naramdaman kong ganap akong kabilang at hindi na ako nahihiya at natatakot.,0.9083464741706848,96.36661410331726
i woke up feeling grumpy tired unhappy and just plain sick of things,3,anger,"Gumising ako na parang masungit, pagod, malungkot, at basta'y nasasawa na sa lahat ng bagay.",0.8568630218505859,96.57254791259766
i feel like you are more into self promotion than truly caring about the greater good,2,love,Parang mas interesado ka sa pagpapakilala sa sarili kaysa sa tunay na pag-aalala sa ikabubuti ng lahat.,0.9047836065292358,96.38086557388306
i know how it feels when i have read someone suffering in pain mentally,0,sadness,Alam ko kung paano ang pakiramdam kapag nakikita kitang nagdurusa sa sakit ng isip.,0.8395729064941406,96.64170837402344
i see lovers i feel envious i want someone to be there for me,3,anger,"Nakikita ko ang mga magkasintahan, nararamdaman kong mainggit ako, gusto kong may kasama rin ako.",0.8093111515045166,96.76275539398193
i spent the day laughing so much i can feel my jaw aching for all the exercises and stretches it made,0,sadness,"Nag-enjoy ako ng buong araw na puno ng tawa, kaya nararamdaman ko ang sakit sa panga dahil sa lahat ng pag-eehersisyo at pag-stretch na ginawa nito.",0.8455387353897095,96.61784505844116
im feeling slightly intimidated,4,fear,Nararamdaman kong medyo kinakabahan.,0.8724946975708008,96.5100212097168
i am feeling as though i am doing something worthwhile and rewarding i dont feel the need to stay home and hide out with my laptop so much,1,joy,"Nararamdaman kong ginagawa ko ang isang makabuluhan at nakakapupuno ng kasiyahan, kaya hindi na ako gaanong nangangailangan na manatili sa bahay at magtago kasama ang aking laptop.",0.906602680683136,96.37358927726746
i find myself more and more lately feeling like i m a shitty wife and mom,0,sadness,Nararamdaman ko nang lalong-lalo na ngayon na parang isang masamang asawa at ina ako.,0.904999315738678,96.38000273704529
i fear that because i suffer from depression the people i care about feel inhibited when they are going through hard times,0,sadness,"Natatakot ako na dahil sa aking depresyon, nahihiya ang mga taong mahal ko na humingi ng tulong kapag sila ay nakakaranas ng mga mahirap na panahon.",0.9379139542579651,96.24834418296814
i feel like i am being obnoxious by posting every three seconds,3,anger,Parang nagiging maingay ako kapag nagpo-post ako tuwing tatlong segundo.,0.8734235167503357,96.50630593299866
i did feel like their relationship seemed a little rushed though,3,anger,Naramdaman ko nga na parang medyo mabilis ang pag-unlad ng kanilang relasyon.,0.8817168474197388,96.47313261032104
i am i cant help but feel skeptical about the whole thing,4,fear,Hindi ko mapigilan ang mag-alinlangan tungkol sa lahat ng ito.,0.898068904876709,96.40772438049316
i cant help feeling curious you know after all ive heard,4,fear,"Hindi ko mapigilang mag-isip ng mga tanong, alam mo, pagkatapos ng lahat ng narinig ko.",0.9148208498954773,96.34071660041809
i am baffled hurt that i feel assaulted and unsafe,4,fear,Nababahala at nasasaktan ako dahil nararamdaman kong sinalakay at hindi ligtas.,0.8837512731552124,96.46499490737915
i understand that some of you will now feel a bit disturbed and unsure at this point,0,sadness,Naiintindihan ko na mararamdaman ng ilan sa inyo ang pagkabalisa at kawalan ng katiyakan ngayon.,0.8859098553657532,96.45636057853699
i feel their exuberance upon being accepted and i feel their pain upon being rejected,1,joy,Nararamdaman ko ang kanilang kagalakan sa pagtanggap at ang kanilang sakit sa pagtanggi.,0.8520717620849609,96.59171295166016
i feel like ive ever perfectly captured this beauty this perfect girl,1,joy,"Parang hindi ko pa lubos na naisasalarawan ang ganda niya, ang perpektong babae.",0.8805640935897827,96.47774362564087
i feel like im doing a hot yoga class with no benefits,2,love,Parang nag-ee-hot yoga ako nang walang benepisyo.,0.9048222899436951,96.38071084022522
i need to feel rich,1,joy,Kailangan kong maramdaman ang yaman.,0.862659215927124,96.5493631362915
i got this very sexy latex outfit from their lucky chair it made me feel very naughty the hair is called hungover and it is free by a href https marketplace,2,love,"Nakakuha ako ng sobrang sexy na latex outfit mula sa kanilang lucky chair, at nagpaparamdam itong napaka-naughty. Ang buhok ay tinatawag na ""Hungover"" at ito ay libre sa pamamagitan ng <a href=""https://marketplace"">marketplace</a>.",0.9433696269989014,96.2265214920044
i wanna talk tell you about sycf it stands for singapore youth chinese forum btw and although theres a singapore word inside i feel like the minority there p ok but thats beside the point,1,joy,"Gusto kong makausap ka tungkol sa SYCF, na nangangahulugang Singapore Youth Chinese Forum, at bagama't may salitang Singapore doon, parang ako'y nasa minorya doon, pero 'yon ay isa nang ibang usapan.",0.9257217645645142,96.29711294174194
i remember getting the text and feeling heartbroken,0,sadness,Naalala ko nang makatanggap ng mensahe at nadama ang sakit ng puso.,0.8297557830810547,96.68097686767578
i feel like supporting local and indie businesses is extra important for me since i run one myself,2,love,Nararamdaman kong mas mahalaga para sa akin ang suportahan ang mga lokal at indie na negosyo dahil ako mismo ay mayroon nito.,0.8486036658287048,96.60558533668518
i love feeling productive and getting things cleaned out an sorted through,1,joy,Gustung-gusto kong maramdaman ang pagiging produktibo at maayos ang lahat ng mga bagay.,0.8484524488449097,96.60619020462036
i feel very contented just sitting beside him without even uttering a single word,1,joy,"Napakasaya ko, kahit tahimik lang akong nakaupo sa tabi niya nang hindi man lang nagsasalita.",0.937475860118866,96.25009655952454
i feel edmontonians are superior to the residents of any other major city but if you ask me what keeps me living here despite my obvious hatred for the climate of the year then my response is family and friends,1,joy,"Nararamdaman kong mas mataas ang kalidad ng mga Edmontonians kumpara sa mga residente ng ibang malalaking lungsod, ngunit kung itatanong mo sa akin kung ano ang nagpapanatili sa akin dito kahit na mayroong malinaw na pagkapoot ko sa klima ng taon, ang sagot ko ay pamilya at mga kaibigan.",0.8942199945449829,96.42312002182007
i feel like i missed most of my precious summer,0,sadness,Parang nawala ang karamihan sa aking mahalagang tag-araw.,0.8474832773208618,96.61006689071655
i am going to print this and refer to it as often as i can so that when i feel things which arent so pleasant i can remember that now is the only moment i have to live in so make the most of it,1,joy,"Pupunta ako sa pag-print nito at babalikan ito nang madalas upang kapag naramdaman kong hindi maganda ang mga bagay, matatandaan kong ang kasalukuyan lamang ang sandali na aking maaring mabuhay kaya gawin ang lahat upang ito ay lubos na pahalagahan.",0.8825271725654602,96.46989130973816
i am feeling to embarrassed about my body to take my son to the local pool i ll think of this poor woman and just rock the most scandalous piece of swimwear available,0,sadness,"Nahihiya akong magdala ng anak ko sa pampublikong pool dahil sa aking katawan, pero isipin ko ang mahirap na babae at isuot ko ang pinakamasindakang swimsuit na makikita.",0.9069986343383789,96.37200546264648
im not feeling like that to be truthful,1,joy,"Hindi ako nararamdaman iyon, totoo naman.",0.9391987323760986,96.2432050704956
i needed to feel rebellious,3,anger,Kailangan kong maramdaman ang pagiging rebelde.,0.8479250073432922,96.60829997062683
i am definitely feeling festive and had to paint my nails a little bit christmassy this weekend,1,joy,Tiyak na nararamdaman ko ang saya ng pista at kailangan kong magpinta ng aking mga kuko ng kaunting kulay Pasko ngayong weekend.,0.868908166885376,96.5243673324585
i told her it was ok for her to feel the way she was feeling and that she will always have many fond memories of our little house since it was her first home,2,love,Sinabi ko sa kanya na maayos lang na maramdaman niya ang nararamdaman niya at na magkakaroon siya ng maraming magagandang alaala sa aming maliit na bahay dahil iyon ang kanyang unang tahanan.,0.9403708577156067,96.23851656913757
i also like to listen to jazz whilst painting it makes me feel more artistic and ambitious actually look to the rainbow,1,joy,"Gustung-gusto ko ring makinig ng jazz habang nagpipinta, parang mas nagiging malikhain at ambisyoso ako, talagang nakatingin sa bahaghari.",0.9286131858825684,96.28554725646973
i cant really describe the feeling that i have except to say that i am incredibly burdened,0,sadness,Hindi ko talaga mailarawan ang nararamdaman ko maliban na lang sabihin na sobrang bigat ng aking pasan.,0.8643558025360107,96.54257678985596
i feel exhausted just by writing that,0,sadness,Napapagod na ako kahit na lang isulat iyon.,0.8611125946044922,96.55554962158203
im feeling a little regretful but itll pass because thats what happens with regret,0,sadness,"Nararamdaman ko ang kaunting pagsisisi, pero lilipas din iyon dahil iyon ang nangyayari sa pagsisisi.",0.8636256456375122,96.54549741744995
i feel stressed frequently,3,anger,Madalas akong makaramdam ng stress.,0.8434863686561584,96.62605452537537
i can feel the awkwardness and that weird kind of tension,4,fear,Nararamdaman ko ang kahihiyan at kakaibang uri ng tensyon.,0.8821784853935242,96.4712860584259
i know i just ended a very big giveaway here on the muse but im still feeling quite generous,2,love,Alam kong natapos ko lang ang isang malaking giveaway dito sa Muse pero nararamdaman ko pa rin ang pagiging maluwag.,0.8201355934143066,96.71945762634277
i love getting out the decorations and feeling festive i am happy to put them away,1,joy,"Gustung-gusto kong ilabas ang mga palamuti at maramdaman ang saya ng pista, masaya akong ibalik sila.",0.9633278846740723,96.14668846130371
i point these things out so as to make clear that i went into this film with the best intentions but left feeling irritated confused and wore out,3,anger,"Ipinapunto ko ang mga bagay na ito upang linawin na pumasok ako sa pelikula na may pinakamabuting intensyon ngunit umalis na nakaramdam ng pag-irita, kalituhan, at pagod.",0.8516167402267456,96.59353303909302
i feel so heartbroken and confused and just blah blah blah,0,sadness,"Napakasakit ng pakiramdam ko, nalilito ako, at parang wala akong nararamdaman.",0.9160798788070679,96.33568048477173
i guess you could say i am a loner but i feel more lonely in a crowed room with boring people than i feel on my own,0,sadness,"Siguro masasabi mong isang loner ako, pero mas nakakaramdam ako ng kalungkutan sa isang maingay na silid na puno ng mga nakakabagot na tao kaysa kapag nag-iisa ako.",0.8935887813568115,96.42564487457275
i don t feel like i m a valuable person,1,joy,Hindi ko nararamdaman na ako ay isang mahalagang tao.,0.9148083925247192,96.34076642990112
i usually start feeling anxious,4,fear,Karaniwan akong nagsisimula mag-alala.,0.8490164875984192,96.60393404960632
i am thankful for the opportunity to help others feel better about themselves and i am grateful that i can help educate others on have to achieve their goals as well,1,joy,Nagpapasalamat ako sa pagkakataong makatulong sa iba na magkaroon ng mas magandang pakiramdam tungkol sa kanilang sarili at nagpapasalamat ako na makatulong akong edukahin ang iba kung paano makamit ang kanilang mga mithiin.,0.8960608243942261,96.4157567024231
i wake up feeling fearful and helpless,4,fear,Nagigising ako na nakaramdam ng takot at kawalan ng magawa.,0.9148217439651489,96.3407130241394
i cant escape the tears of sadness and just true grief i feel at the loss of my sweet friend and sister,2,love,Hindi ko maiiwasan ang luha ng kalungkutan at tunay na pagdadalamhati na nararamdaman ko sa pagkawala ng aking matamis na kaibigan at kapatid.,0.9040114879608154,96.38395404815674
im feeling craving theres always a tender morsel of a song ready to appease my appetite,2,love,"Nararamdaman kong may pagnanasa, palagi may malambot na awit na handang pasayahin ang aking gana.",0.8982887268066406,96.40684509277344
i not feel resentful for always putting out more effort then ever receiving,3,anger,Hindi ako nagrereklamo sa pagsisikap na lagi kong ibinibigay na higit pa sa aking natatanggap.,0.8526895642280579,96.58924174308777
i actually like having things clean but i like to have them messy first so i feel rebellious,3,anger,"Gusto ko nga talagang malinis ang mga bagay, pero gusto kong magkalat muna sila para maramdaman kong rebelde.",0.8829111456871033,96.46835541725159
i have done quite a bit of traveling together and so know how to keep the other laughing when we re feeling defeated or stressed and the addition of audie and mona only multiplied the laughter,0,sadness,"Naglakbay kami nang marami at alam kong paano patawanin ang isa't isa kapag nalulungkot o stressed, at ang pagdating ni Audie at Mona ay lalong pinadagdag sa ating tawa.",0.8752424716949463,96.49903011322021
i yearn for when i feel vulnerable,4,fear,Nais kong maramdaman ang kahinaan.,0.8602572679519653,96.55897092819214
i feel heartbroken and worried and i have a wicked headache,0,sadness,"Nasasaktan at kinakabahan ako, at may matinding pananakit ng ulo ako.",0.8811836242675781,96.47526550292969
i get so tired of pretending everything is great and granted things are pretty good yet i am feeling discontent,0,sadness,"Napagod na akong magpanggap na lahat ay maayos at kahit maganda naman ang lahat, nararamdaman ko ang kawalan ng kasiyahan.",0.8833045959472656,96.46678161621094
i miss the feeling of feeling amazing,4,fear,Namimiss ko ang pakiramdam ng pagiging kahanga-hanga.,0.8379067182540894,96.64837312698364
i got to feel that lovely weight again,2,love,Nakaramdam ako muli ng magandang bigat na iyon.,0.9321693181991577,96.27132272720337
im back to feeling fine running,1,joy,Bumalik na ako sa pakiramdam na maayos at nakakapagtakbo.,0.8833832740783691,96.46646690368652
i was feeling pretty satisfied with everything and i was eating fairly well also,1,joy,Masaya ako sa lahat ng bagay at kumakain din ako ng maayos.,0.9184825420379639,96.32606983184814
i suppose i felt odd and different too and liked to feel accepted even on a superficial level for an hour or two,2,love,"Siguro, nadarama ko rin ang kakaiba at iba, at gusto kong maramdaman ang pagtanggap kahit sa panlabas na antas ng isang oras o dalawa.",0.8949347734451294,96.42026090621948
i did cry more than i ever have i actually rarely cry but sometimes i get to the heart of my pain over men in general and my feeling that i am damaged somehow and that s why no one likes me so maybe that was it,0,sadness,"Umiiyak ako nang higit pa kaysa dati, dahil bihira akong umiyak, ngunit minsan nararamdaman ko ang kalungkutan sa aking sakit tungkol sa mga lalaki, sa pangkalahatan, at sa aking paniniwala na may mali sa akin kaya walang gustong makipagkilala sa akin, kaya marahil iyon ang dahilan.",0.9308338761329651,96.27666449546814
i been feeling terrific i was amazed at how my need to binge was abated and i ve lost weight without even trying,1,joy,"Nararamdaman kong napakaganda ng pakiramdam ko, nagulat ako kung paano nawala ang aking pagnanais na mag-binge at nakalugi ako ng timbang nang hindi ko man intensyon.",0.8130947351455688,96.74762105941772
i come to feel assured as part of your power to do what s in my greatest interest,1,joy,Nararamdaman kong ako ay matibay at bahagi ng iyong kapangyarihan na gumawa ng kung ano ang pinakamabuti para sa akin.,0.9151265621185303,96.33949375152588
im not sure why i always feel reluctant to write nutrition health posts but i decided that those days are over,4,fear,"Hindi ko sigurado kung bakit lagi akong nahihilo sa pagsulat ng mga post tungkol sa nutrisyon at kalusugan, pero nagpasya akong natapos na ang mga araw na iyon.",0.8558716177940369,96.57651352882385
i feel groggy and disoriented,0,sadness,Nararamdaman kong magulo at hindi ko alam ang aking paligid.,0.8756107687950134,96.49755692481995
i know i shouldn t feel offended but i do,3,anger,Alam kong hindi dapat ako masaktan pero nararamdaman ko.,0.8316511511802673,96.67339539527893
i have read and experienced going vegetarian to vegan from a meat eater how the toxins leave your body and make you feel irritable and grumpy,3,anger,Nabasa ko at naranasan kong maging vegetarian hanggang vegan mula sa isang kumakain ng karne kung paano umalis ang mga lason sa katawan at nagpapasakit at nagpapasigaw ng galit.,0.8327726721763611,96.66890931129456
im still feeling a bit drained,0,sadness,Parang medyo pagod pa rin ako.,0.8429372310638428,96.62825107574463
im feeling romantic towards not another relative friend coworker,2,love,"Nararamdaman kong may romantisismo sa isang kaibigan, hindi kamag-anak o kasamahan sa trabaho.",0.881650984287262,96.47339606285095
i actually answered you pathetic fucking e mails but no thats too fucking easy just call andintrupte what was a wonderful fucking day with you trad trash what the fuck slave he felt the feeling come over him he bagan to shiver and shaken with fear,4,fear,"Talagang sumagot ako sa mga pangit mong email pero hindi, masyadong madali iyon, tawagan at putulin ang isang magandang araw natin, ikaw na basura, ano bang problema mo, alipin. Naramdaman niya ang takot na sumalubong sa kanya, nagsimulang manginig at makitang natatakot.",0.8933538198471069,96.42658472061157
i subconsciously feel a little bashful at the display of nakedness in front of me while watching the maid wipe windows on the outside of the room actually its just her shadow behind the drawn curtains,4,fear,"Hindi ko namamalayan na medyo nahihiya ako sa pagpapakita ng kahubaran sa harapan ko habang pinapanood ang katulong na pinupunasan ang bintana sa labas ng silid, sa totoo lang ay anino lamang niya ang nakikita sa likod ng nakasarang kurtina.",0.8791177272796631,96.48352909088135
i feel like a bitchy selfish idiot,3,anger,Nararamdaman kong parang isang mapagmataas at makasarili kong bobo.,0.8992387056350708,96.40304517745972
im feeling more fucked up than ive ever had and its nothing to do with my school work,3,anger,"Mas masama ang pakiramdam ko ngayon kaysa dati, at wala itong kinalaman sa aking mga gawain sa paaralan.",0.8628813624382019,96.54847455024719
i am a recovering umlungu addicted to feeling superior,1,joy,Ako ay isang nagpapagaling na umlungu na adik sa pakiramdam na mas mataas.,0.94598788022995,96.2160484790802
i do not feel disadvantaged or jealous without these things i feel empowered instead,0,sadness,"Hindi ako nadidisadvantaged o nagseselos nang wala ang mga bagay na ito, sa halip ay nararamdaman kong nabibigyan ng kapangyarihan.",0.8314141035079956,96.67434358596802
i feel damn lame hahahahahha,0,sadness,Parang tanga talaga ako hahahahahha,0.872482180595398,96.51007127761841
i also feel fairly confident about how i made a realization realization made with the help of dr,1,joy,"Ako rin ay medyo kumpiyansa sa aking pagkatuklas, isang pagkatuklas na ginawa sa tulong ni Dr.",0.8808873891830444,96.47645044326782
i am suggesting is to create a happy environment to live in with your partner the man has to feel like his feelings are just as important as yours,1,joy,"Ang aking mungkahi ay lumikha ng masayang kapaligiran upang mabuhay kasama ang iyong kasintahan, dapat maramdaman ng lalaki na mahalaga ang kanyang mga damdamin gaya ng sa iyo.",0.9014245867729187,96.39430165290833
i just wanted the world to feel strange to me again,4,fear,Gusto ko lang maramdaman muli ang kakaibang pakiramdam ng mundo sa akin.,0.8494716882705688,96.60211324691772
im feeling particularly awful about my language learning capabilities this week,0,sadness,Napakasama ng pakiramdam ko tungkol sa aking kakayahan sa pag-aaral ng wika ngayong linggo.,0.8415447473526001,96.6338210105896
i love to be able to say how i feel and i love to be in this complacent spot,1,joy,Gustung-gusto kong maibabahagi ang aking nararamdaman at mahal ko ang aking kasalukuyang komportableng kalagayan.,0.8891968727111816,96.44321250915527
i feel like professors arent supportive of students who get things done and are prepared early,2,love,Parang hindi sumusuporta ang mga propesor sa mga estudyanteng maaga nang nagagawa ang mga gawain at handa.,0.8522361516952515,96.591055393219
i have times when i feel insecure,4,fear,May mga pagkakataon akong nadarama ang kawalan ng tiwala sa sarili.,0.8496291637420654,96.60148334503174
i get one i feel like i need to either even things out by immediately giving one back or make things even less even by using a comeback as if i was just insulted,3,anger,"Kapag nakakuha ako ng isa, parang kailangan kong pantayin ito agad sa pamamagitan ng pagbibigay ng isa pabalik o gawing mas hindi pantay pa sa pamamagitan ng paggamit ng isang sagot na parang nasaktan ako.",0.886134922504425,96.4554603099823
ive been honestly self indulgent and rather reckless with my consumption of caffeine cigarettes and junk food which combined with the dangerous ingredient of freezing weather has caused me to feel lethargic fat and unfit,0,sadness,"Matapat akong nag-self-indulge at medyo walang ingat sa aking pagkonsumo ng kape, sigarilyo, at junk food na, kasama ang mapanganib na sangkap na malamig na panahon, ay nagdulot sa akin ng pagod, taba, at hindi handa.",0.8752228617668152,96.49910855293274
i am feeling super lazy no screenshots to guide you today p hence read carefully before you proceed,1,joy,"Napakasaya ko ngayon, walang screenshot na gabay sa inyo, kaya basahin nang mabuti bago magpatuloy.",0.891947865486145,96.43220853805542
i feel stressed my intention is to remain in control of my feelings,3,anger,"Nararamdaman kong stressed, ngunit ang aking hangarin ay manatiling maamo sa aking mga damdamin.",0.8070880174636841,96.77164793014526
i left feeling slightly dazed confused and disappointed,4,fear,"Umalis ako na medyo nalilito, naguguluhan, at nabigo.",0.8389837741851807,96.64406490325928
im feeling a bit uncertain about the whole poem i think that will remain,4,fear,"Hindi ako sigurado tungkol sa buong tula, akala ko mananatili iyon.",0.9013599753379822,96.39456009864807
i went to bed one night with my stomach in knots and woke up the next day feeling fantastic,1,joy,natulog ako isang gabi na may siksikan ang aking tiyan at nagising ako kinabukasan na parang kamangha-manghang pakiramdam.,0.8487669229507446,96.60493230819702
i feel a recipe is only a theme which an intelligent cook can play each time with a variation,1,joy,"Nararamdaman kong isang resipe ay isang tema lamang na maaaring i-interpret ng isang matalinong kusinero sa bawat pagluluto, may pagkakaiba-iba.",0.8872777819633484,96.4508888721466
i can feel something inside me something delicate and peaceful unfurling inside my chest,2,love,"Nararamdaman ko ang isang bagay sa loob ko, isang bagay na maselan at mapayapa na unti-unting bumubukas sa aking dibdib.",0.9263630509376526,96.29454779624939
i wonder if they feel like reluctant leaders,4,fear,Nagtataka ako kung nararamdaman nila ang pagiging lider na ayaw nilang gampanan.,0.8903828263282776,96.43846869468689
i see my thin friend struggling to gain weight and eating a lot of rubbish food everyday i see my fat friend being laughed at i see him feeling ashamed of the way he looks,0,sadness,"Nakikita kong naghihirap ang aking payat na kaibigan na tumataas ng timbang at kumakain ng maraming pagkain na hindi maganda araw-araw, nakikita kong tinatawanan ang aking mataba kong kaibigan, nakikita kong siya ay nahihiya sa kanyang itsura.",0.8918063044548035,96.43277478218079
i think it will make for an overall more pleasant experience read better wifi accessibility better fitness facilities and just a better overall quality of life but i cant shake the feeling that im still not really doing something that is supporting the warfighter,1,joy,"Sa palagay ko, magdudulot ito ng mas kasiya-siyang karanasan, mas mabuting wifi access, mas mahusay na pasilidad para sa fitness, at mas mataas na kalidad ng pamumuhay, ngunit hindi ko maalis ang pakiramdam na hindi pa rin ako tunay na nakakatulong sa mga sundalo sa harap ng labanan.",0.8734935522079468,96.50602579116821
im feeling stressed or having a bad day i take a walk or run,3,anger,"Kapag stressed ako o masama ang araw ko, naglalakad o nag-rerun ako.",0.8651522397994995,96.539391040802
i let my fingers stroke across his chest to his heart marveling at the feel of him terrified that this is a step too far,4,fear,"Pinahiran ko ng daliri ang dibdib niya hanggang sa puso, namangha sa pakiramdam niya, natatakot na baka ito ay isang hakbang na masyadong malayo.",0.8773080110549927,96.49076795578003
i walked around my yard and even got down by the waterside of the lake i live by i couldnt feel my fingers it was so cold,3,anger,"Naglakad-lakad ako sa aking bakuran at bumaba pa sa tabi ng tubig ng lawa kung saan ako nakatira, hindi ko maramdaman ang aking mga daliri dahil sobrang lamig.",0.9509963989257812,96.19601440429688
i must have been unable to contain my expression as she immediately offered a string of reasons why she only had words ranging from inadequate computer to no computer to difficulty in using said computer s to feeling inhibited in writing too much on a computer for fear of losing it and so on,0,sadness,"Siguro hindi ko napigilan ang aking ekspresyon kaya agad niyang ibinigay ang mga dahilan kung bakit limitado lamang ang kanyang mga salita mula sa kakulangan ng kompyuter hanggang sa wala siyang kompyuter, hanggang sa paghihirap sa paggamit ng mga ito, at takot na masira ang kanyang mga sulat sa kompyuter.",0.830568790435791,96.67772483825684
im starting to feel that some of them are so fake,0,sadness,Nagsisimula akong makaramdam na parang pekeng-peke sila.,0.8480599522590637,96.60776019096375
i bought some three books after feeling disillusioned with the one id brought with me to glasgow,0,sadness,Bumili ako ng tatlong libro pagkatapos magkaroon ng pagkadismaya sa aklat na dala ko sa Glasgow.,0.8148415088653564,96.74063396453857
i feel like this vile thing brooding gnawing deeper in spirit,3,anger,Nararamdaman kong may masamang bagay na nag-aagaw at kumakain nang mas malalim sa aking kaluluwa.,0.9083116054534912,96.36675357818604
i feel stressed anxious over worked tired and weak,0,sadness,"Nararamdaman kong stressed, anxious, overwork, pagod, at mahina.",0.8173646330833435,96.73054146766663
i mentioned in that post the colors are very pretty but they feel very uncomfortable on the eyes,4,fear,Sinabi ko sa post na ang mga kulay ay maganda ngunit nakakairita sa mata.,0.8828075528144836,96.46876978874207
i am sitting here in front of my mac feeling more carefree than i have felt for months,1,joy,"Nakaupo ako rito sa harap ng aking Mac, mas nakakarelaks at malaya ang pakiramdam ko kaysa sa mga nakaraang buwan.",0.8941686153411865,96.42332553863525
im feeling bitchy on saturday,3,anger,"Masungit ako bukas, Sabado.",0.8495543003082275,96.60178279876709
being subject to unfair treatment in a working group,3,anger,pagiging biktima ng hindi patas na pagtrato sa isang grupo ng mga manggagawa,0.8998432755470276,96.40062689781189
i begin feeling dull throbbing pain in my forefoot and after i am done running i have pain in the lateral area of my foot that was once broken,0,sadness,"Nagsisimula akong maramdaman ang mahinang, tumitibok na sakit sa aking harapan ng paa at pagkatapos kong tumakbo, may sakit ako sa panlabas na bahagi ng paa na dati ay nabasag.",0.9003868699073792,96.39845252037048
i began to feel that it was shaken so badly that it would never be repaired,4,fear,Naramdaman kong lubhang apektado ito kaya malamang ay hindi na ito maibabalik sa dati.,0.9272632598876953,96.29094696044922
i feel strangely tranquil and happy,1,joy,Nararamdaman kong kakaiba ngunit mapayapa at masaya.,0.8768521547317505,96.492591381073
im sure that each person has their own complex set of reasons for leaving and chalking it up to one reason or feeling like because they all hated academia is probably a little too simple,3,anger,"Sigurado ako na bawat tao ay may sariling kumplikadong dahilan para umalis, at iugnay ito sa isang dahilan o pakiramdam na dahil lahat sila ay nagalit sa akademya ay marahil ay masyadong simpleng paliwanag.",0.8776844143867493,96.489262342453
i can only guess that the boys are feeling shy when i m sick but honestly i could use some help now,4,fear,"Siguro lang hula ko, nahihiya ang mga lalaki kapag may sakit ako, pero totoo, kailangan ko ng tulong ngayon.",0.9267507791519165,96.29299688339233
i refuse to allow my wonderful feeling to be disturbed by all the crazy,0,sadness,Ayaw kong hayaang maistorbo ang aking magandang pakiramdam ng lahat ng kalokohan.,0.8537704944610596,96.58491802215576
i can eat soup drink tea and wear sweaters but still feel pleasant when i go outside,1,joy,"Maaari akong kumain ng sopas, uminom ng tsaa, at magsuot ng sweater ngunit nananatiling masaya kapag lumabas ako.",0.9139444828033447,96.34422206878662
i feel so neurotic sometimes because usually even if i know we dont have something etc,4,fear,"Minsan, nadarama kong sobrang neurotic dahil karaniwan, kahit alam kong wala tayong ganun,",0.8339588046073914,96.66416478157043
i feel about cool newbie leave a note,1,joy,"Nararamdaman kong medyo malamig ang pag-alis ng bagong dating, kaya iiwan ko ang isang tala.",0.8205175399780273,96.71792984008789
i know theres a saying tell someone how you feel because things can change in the blink of an eye or something along those lines but although thats sweet and all and while its easy to say things like that its really not easy to say it to that person,2,love,"Alam kong may kasabihan na sabihin mo sa isang tao kung ano ang nararamdaman mo dahil maaaring magbago ang lahat sa isang iglap o katulad nito, ngunit kahit na matamis iyon at habang madali sabihin ang mga ganitong bagay, hindi naman talaga madali sabihin ito sa taong iyon.",0.873003363609314,96.50798654556274
i guess i feel irritated when great music gets ignored even if it is necessary,3,anger,Siguro naiirita ako kapag binabalewala ang magandang musika kahit na mahalaga ito.,0.9092039465904236,96.3631842136383
i usually feel suspicious and guilty about this considering how little i do during my work day,4,fear,"Karaniwan akong nakakaramdam ng pag-aalinlangan at pagkakasala tungkol dito, lalo na sa kakaunti kong ginagawa sa araw ng aking trabaho.",0.8632035255432129,96.54718589782715
i feel she s frantic about controlling her message wary of others readings fearful of what meaning they might find and or create in her performance,4,fear,"Nararamdaman kong siya ay nag-aalala tungkol sa pagkontrol ng kanyang mensahe, natatakot sa iba pang interpretasyon, at takot sa kahulugan na maaaring mahanap o likhain ng iba sa kanyang pagtatanghal.",0.9347355365753174,96.26105785369873
i read new risen throne once said cold amp desolate soundscapes that will leave you feeling utterly scared amp alone yes it is,4,fear,"Nabasa ko ang ""New Risen Throne"" na minsan ay sinasabi na may malamig at walang buhay na tunog na iiwan kang lubos na natatakot at nag-iisa, oo nga naman.",0.905832052230835,96.37667179107666
i enjoyed today because hes a darling but its a long time since ive backed a horse and i have to admit to feeling a little hesitant as to where to go from here,4,fear,"Nasisiyahan ako ngayon dahil siya ay isang mahal, ngunit matagal na rin akong hindi naglalaro ng kabayo at kailangan kong aminin na medyo nag-aalinlangan ako kung saan ako pupunta mula rito.",0.9423406720161438,96.23063731193542
i feel this is a useful tool in a couples quest to start a family,1,joy,Nararamdaman kong kapaki-pakinabang itong kasangkapan sa paghahanap ng mag-asawa na magsimula ng pamilya.,0.8692291378974915,96.52308344841003
im feeling pretty rebellious right now because im writing this is my engineering class,3,anger,Nararamdaman kong medyo rebelde ngayon dahil isinusulat ko ito sa aking klase sa engineering.,0.8401948809623718,96.63922047615051
i feel so pissed off that i can bite off a fucking tree log,3,anger,"Napaka-inis ko, parang kaya kong kagatin ang isang malaking punong kahoy.",0.8755407333374023,96.49783706665039
i think she had more fun than she thought she would have granted we do feel like we are suffering a bit with the food and detoxing but at the same time we feel like we are finally making serious changes to be healthy and that alone is a really awesome feeling,0,sadness,"Sa tingin ko masaya siya nang higit pa sa kanyang inaasahan, kahit na nararamdaman namin na medyo nahihirapan kami sa pagkain at pagde-detox, pero sa parehong oras, nararamdaman namin na tunay na nagsisimula nang magkaroon ng malalaking pagbabago para maging malusog, at iyon lamang ay isang tunay na kahanga-hangang pakiramdam.",0.9074797034263611,96.37008118629456
i feel a craving i get excited and sometimes it feels like it s the only thing that can make me feel better,1,joy,"Nararamdaman kong may gusto akong kainin, nagiging excited ako, at minsan parang ito lang ang makapagpapaganda ng pakiramdam ko.",0.8640695810317993,96.5437216758728
i try to stuff my wildly feeling heart and messy insides safely and politely back where they belong but instead im like the scarecrow from the wizard of oz anxious and undone,0,sadness,"Sinusubukan kong ibalik nang ligtas at magalang ang aking malakas na damdamin at gulo sa loob sa kanilang lugar, ngunit sa halip ay parang si Scarecrow mula sa Wizard of Oz, kinakabahan at nabalisa.",0.8691917657852173,96.52323293685913
i stepped outside of the house feeling glad to be home again,1,joy,"Lumabas ako ng bahay, masaya dahil nakauwi na ako.",0.8824372291564941,96.47025108337402
im not down how do you feel about yourself train in vain describe your ex girlfriend boyfriend cool confusion describe your current girlfriend boyfriend whats my name,0,sadness,"Hindi ako maayos, paano ka nakaramdam tungkol sa iyong sarili? Pagsasanay nang walang kabuluhan, ilarawan ang iyong ex-girlfriend/boyfriend. Cool, kalituhan, ilarawan ang iyong kasalukuyang girlfriend/boyfriend. Ano ang pangalan ko?",0.8992440104484558,96.40302395820618
i know there was just two of us but i was feeling somewhat sorry for myself and thought that i might drown my sorrows in a little salt and vinegar and a lot of batter and lard,0,sadness,"Alam kong kami lang dalawa, pero nararamdaman kong may pagsisisi ako at naisip kong baka makalimutan ko ang aking kalungkutan sa kaunting asin at suka, at maraming batter at taba.",0.8613937497138977,96.55442500114441
i feel like i spend most of my time over thinking and over analyzing pretty much everything,1,joy,Parang karamihan ng oras ko ay ginugugol sa sobrang pag-iisip at pagsusuri ng halos lahat ng bagay.,0.8560817837715149,96.57567286491394
i was in the throes of being brought to the edge i once again felt that same feeling of submissive ownership emotions building,0,sadness,"Nasa gitna ako ng pagdadala sa gilid, muli kong naramdaman ang parehong pakiramdam ng pagsuko at pagmamay-ari, ang damdamin ay unti-unting lumalaki.",0.9218326210975647,96.31266951560974
i would feel strange describing it but if anyone is interested let me know and i will add it,4,fear,"Magkakaroon ako ng kakaibang pakiramdam kung ilalarawan ko ito ngunit kung may interesado, sabihin ninyo at idadagdag ko.",0.8674346804618835,96.53026127815247
im particularly feeling pressured to act and behave in ways that are culturally accepted and expected of me,4,fear,Lalo akong nararamdaman ang presyur na kumilos at kumporma sa mga paraan na tinatanggap at inaasahan ng kultura.,0.8458631634712219,96.61654734611511
i can feel pretty,1,joy,Nararamdaman kong maganda ako.,0.8689934015274048,96.52402639389038
i am feeling pretty shitty about it maybe i should tell him to kiss my ass,0,sadness,"Napaka-badtrip ko dito, baka dapat sabihin ko sa kanya na halikan ang aking puwet.",0.8953856229782104,96.41845750808716
i will apply this everyday even if i am wearing no other make up as it makes me feel so much more confident,1,joy,"Aaplikahin ko ito araw-araw kahit wala akong ibang make-up, dahil nagbibigay ito sa akin ng napakalaking tiwala.",0.8855060338973999,96.4579758644104
i should feel ashamed,0,sadness,Dapat akong mahiya.,0.7704788446426392,96.91808462142944
im feeling ive resolved to live a life of love and miracles,1,joy,Nararamdaman ko na nagpasya akong mabuhay ng isang buhay na puno ng pag-ibig at mga himala.,0.8995583653450012,96.40176653862
i am going to add some photos from today and again thank you all for your dear support when i was feeling overwhelmed at different moments,4,fear,"Idadagdag ko ang ilang larawan mula ngayon at muli, maraming salamat sa inyong mahalagang suporta noong nadarama kong napakarami at nalulungkot sa iba't ibang sandali.",0.9215821623802185,96.31367135047913
i feel sarcastic poetry coming on,3,anger,Nararamdaman kong darating ang isang sarcasticong tula.,0.8544039726257324,96.58238410949707
im trying to standby his mother and follow my heart but she makes me feel like its all in vain sometimes,0,sadness,"Sinusubukan kong suportahan ang kanyang ina at sundin ang aking puso, ngunit minsan ay parang lahat ay walang saysay dahil sa kanya.",0.9063776135444641,96.37448954582214
i feel badly that my ability to be thrilled at seeing something like that had been pegged at that point,1,joy,Nakakabagabag sa akin na ang aking kakayahang ma-excite sa pagtingin sa ganitong bagay ay na-limita na noon.,0.8722222447395325,96.51111102104187
i feel like i am getting fucked,3,anger,Parang inaapi ako.,0.7961528301239014,96.8153886795044
i feel it pinging my brain and its not pleasant,1,joy,Nararamdaman kong tumitibok ito sa aking utak at hindi ito maganda.,0.868064284324646,96.52774286270142
i am completely savouring each and every moment of the feeling of being single carefree and unbound,1,joy,"Ganap kong tinatamasa bawat sandali ng pakiramdam na maging single, malaya, at walang anumang pagkakatali.",0.9425646066665649,96.22974157333374
i feel ashamed because i was doing the very thing that the bible taught against,0,sadness,Nakakahiya sa akin dahil ginagawa ko ang bagay na ipinagbabawal ng Bibliya.,0.8631241321563721,96.54750347137451
i cannot stop listening to feel the other cool thing about this album is the embossed feather on the cover i know you cannot see it in the picture thanks camera,1,joy,"Hindi ko mapigilan ang makinig dito, ang ganda rin ng album na ito, lalo na ang embossed na balahibo sa takip. Alam kong hindi mo ito makita sa larawan, salamat kamera.",0.8600401282310486,96.5598394870758
i want to do it the right way oh orihime whispered back feeling reassured in his sincerity,1,joy,"Gusto kong gawin ito ng tama, oh, bulong ni Orihime, nakaramdam ng kaginhawahan sa kanyang katapatan.",0.8894624710083008,96.4421501159668
i even go further these subjects are not interesting to me in anyway because i m relating to them personally some example will be used with imaginary names to protect friend and family identity s please do not feel offended if u see your name,3,anger,"Pati nga, mas lalalim pa, hindi ako interesado sa mga paksa na ito kahit papaano dahil personal kong kaugnayan ang mga ito. Gagamitin ang mga halimbawa na may pangalang kathang-isip upang protektahan ang pagkakakilanlan ng mga kaibigan at pamilya. Huwag po mag-aalala kung makikita ninyo ang inyong pangalan.",0.885186493396759,96.45925402641296
a teacher was very blunt in his relation to a child so that the child was very upset when arriving at home,3,anger,Napaka-tuwid ng ugali ng guro sa bata kaya't napakasakit ng loob nito nang makarating sa bahay.,0.912621021270752,96.34951591491699
i feel like she didnt seem to energetic or happy even her assistant was a bit off as she washed my hair after the dry cut she was pretty rough too like she wanted to quickly get it over with,1,joy,"Parang hindi siya masyadong enerhiya o masaya, pati ang kanyang katulong ay medyo iba rin nang hugasan niya ang aking buhok matapos ang dry cut, medyo malakas din ang paghawak niya parang gusto niyang mabilis na matapos.",0.8670910000801086,96.53163599967957
im feeling lucky search means you spend less time searching for web pages and more time looking at them,1,joy,"Ang ""im feeling lucky"" search ay nangangahulugan na mas kaunting oras ang gugugulin mo sa paghahanap ng mga pahina sa web at mas maraming oras ang gugugulin mo sa pagtingin sa kanila.",0.8664847612380981,96.53406095504761
i feel really wonderful with his blessings,1,joy,Nararamdaman kong tunay na kahanga-hanga dahil sa kanyang mga biyaya.,0.8677543997764587,96.52898240089417
i was waiting an hour after strength training and i would feel really listless after a while,0,sadness,"Naghihintay ako ng isang oras matapos ang pagsasanay sa lakas at pagkaraan ng ilang panahon, nararamdaman kong talagang walang gana.",0.8980329036712646,96.40786838531494
i just didnt feel thrilled let alone excited,1,joy,"Hindi ko lang naramdaman ang kilig, paano pa kaya ang sobrang saya.",0.8549843430519104,96.58006262779236
im unemployed so feel free to offer a job a dir ltr href http henypire,1,joy,"Walang trabaho ako kaya paki-alok ng trabaho, salamat.",0.9430713057518005,96.2277147769928
i dont know if i have the strength in me to tackle this again and honestly it feels pretty overwhelming at this point,1,joy,"Hindi ko alam kung may lakas pa ako sa loob ko para harapin ito muli at totoo naman, sobrang nakakabighani na ito ngayon.",0.880096435546875,96.4796142578125
i came to review however im not entirely sure what it is that leaves me feeling somewhat dissatisfied and a bit brassed off that more didnt happen,3,anger,"Pumunta ako upang suriin, ngunit hindi ko lubos maisip kung ano ang nagpapakitang bahagya akong hindi nasiyahan at medyo nainis na hindi nagkaroon ng higit pa.",0.841004490852356,96.63598203659058
i know the effects of my day to day happenings on my serenity are so subtle at times that i end up feeling irritable and discontent without knowing why,3,anger,Alam kong ang epekto ng aking pang-araw-araw na mga pangyayari sa aking katahimikan ay minsan napaka-subtilado na nagtatapos akong mag-iinit ng ulo at hindi kontento nang hindi ko alam kung bakit.,0.871845543384552,96.51261782646179
i do not want our home to be filled with the spirit of contention i want it to be a place where my children can always feel the spirit feel peaceful and feel loved,1,joy,Ayaw kong punuin ng espiritu ng alitan ang ating tahanan; gusto kong maging lugar ito kung saan palagi silang mararamdaman ng aking mga anak ang espiritu ng kapayapaan at pagmamahal.,0.8782739639282227,96.48690414428711
i are feeling horny and decide to give a double header long wet sloppy blowjob,2,love,"Nararamdaman kong mainit ang katawan at nagpasya akong magbigay ng dalawang magkakasunod na matagal, basa, at malagkit na pag-aaliw sa ari.",0.868267297744751,96.526930809021
ive never made anything from this book as they all look quite scary and complicated but i was feeling brave,1,joy,"Hindi ako gumawa ng kahit ano mula sa aklat na ito dahil lahat sila mukhang nakakatakot at mahirap, pero ngayon ay nararamdaman kong matapang.",0.8998862504959106,96.40045499801636
i feel passionate about and that i want to spend my life doing,2,love,Nararamdaman kong mayroon akong malalim na pagmamahal dito at gustong gugulin ko ang aking buhay sa paggawa nito.,0.8545536994934082,96.58178520202637
i feel the need to reach out and see what fabulous plans you have for igniting your brand influence this summer,1,joy,Nararamdaman kong kailangan kong makipag-ugnayan at malaman ang mga kamangha-manghang plano mo para sa pagpapaalab ng impluwensya ng iyong tatak ngayong tag-araw.,0.8814135789871216,96.47434568405151
i feel ecstatic every time i perfect a water sport,1,joy,Napakalaking saya ko tuwing napapahusay ko ang isang water sport.,0.839724063873291,96.64110374450684
i feel fabulous on stage and in my marketing videos but in every day life also,1,joy,"Nararamdaman kong kamangha-manghang nasa entablado at sa aking mga video sa marketing, ngunit pati na rin sa pang-araw-araw na buhay.",0.8981618881225586,96.40735244750977
i feel unwelcome in this home of mine,0,sadness,Hindi ako nararamdaman na tinatanggap dito sa aking tahanan.,0.8863445520401001,96.4546217918396
i feel glad that the stress that went into making sterile sky from spending nine months in senegal writing non stopped to facing some initial rejections at home farafina and cassava republic rejected the manuscript and to burdening friends with the manuscript is not in vain after all,1,joy,"Masaya ako na ang stress na aking naranasan sa paggawa ng ""Sterile Sky,"" mula sa paggastos ng siyam na buwan sa Senegal na nagsusulat nang walang tigil hanggang sa pagtanggi ng ilang unang publisher tulad ng Farafina at Cassava Republic, at ang pagpapabigat sa mga kaibigan ko sa aking manuskrito ay hindi pala'y walang kabuluhan.",0.8666468858718872,96.53341245651245
i feel something like vain because i could raise my score only in years,0,sadness,Nararamdaman kong parang mapagmataas dahil nakataas ko ang aking marka lamang sa loob ng ilang taon.,0.8296809196472168,96.68127632141113
i feel like i should say something but im shocked into silence,4,fear,Nararamdaman kong dapat akong magsalita ngunit nabighani ako sa katahimikan.,0.902363657951355,96.39054536819458
i feel so neglectful of lj,0,sadness,Nararamdaman kong napabayaan ko si LJ.,0.8608046770095825,96.55678129196167
i am feeling more and more dissatisfied and anxious about this self imposed weekly deadline,3,anger,Lalong nadarama kong hindi ako nasiyahan at nag-aalala tungkol sa aking sarili nating itinakdang deadline tuwing linggo.,0.8981968760490417,96.40721249580383
i should say its giving him that sweet little feeling of being fucked,3,anger,"Dapat kong sabihin, binibigay niya sa kanya ang matamis na pakiramdam ng pagiging pinagsamantalahan.",0.8566211462020874,96.57351541519165
i just go into these modes where i want to write then feel disgusted and do not what to write at all,3,anger,"Minsan, nalilipasan ako ng ganitong estado kung saan gusto kong sumulat, pero pagkatapos ay nararamdaman kong ayaw ko nang sumulat at nababastos ako.",0.8474385738372803,96.61024570465088
i don t feel like i m being pressured to do anything and i don t feel like making love to my husband has any connection to the assaults and rapes,4,fear,"Hindi ako nadaramaang pinipilit na gawin ang anumang bagay, at hindi ko nararamdaman na may kinalaman ang pagmamahal sa aking asawa sa mga pang-aabuso at panggagahasa.",0.9217904806137085,96.31283807754517
i have to admit i was feeling very skeptical,4,fear,"Kailangan kong aminin, medyo nag-aalinlangan ako noon.",0.8765198588371277,96.49392056465149
i am already feeling festive,1,joy,Nararamdaman ko na ang saya ng pista.,0.8433117866516113,96.62675285339355
i pleading to people and feeling distraught that they dont hear,4,fear,Pakiusap ko sa mga tao at nararamdaman kong malungkot dahil hindi nila naririnig.,0.9274293184280396,96.29028272628784
i started pin pointing faults at home and with relationships feeling left out and confused about my purpose in peoples lives that i had once been close to,4,fear,"Nagsimula akong tukuyin ang mga pagkakamali sa bahay at sa mga relasyon, nararamdaman ang pag-iwan at nalilito tungkol sa aking layunin sa buhay ng mga taong dati kong malapitan.",0.893478274345398,96.42608690261841
i want to feel like a nurtured respected protected equal,1,joy,"Gusto kong maramdaman na ako ay pinag-aalaga, nirerespeto, pinoprotektahan, at pantay.",0.9213254451751709,96.31469821929932
i were to stop there no doubt you d leave feeling dissatisfied,3,anger,"Kung titigil ako doon, walang duda na iiwan mo akong hindi nasiyahan.",0.9008911848068237,96.3964352607727
i feel so grounded delighted in a good mood and filled with a positive energy,1,joy,"Nararamdaman kong lubos na nakakabit, masaya, nasa mabuting kalooban, at puno ng positibong enerhiya.",0.8188261985778809,96.72469520568848
i feel like im not serving a purpose to anyone whether it be keeping them from committing suicide or just a casual conversation partner at a social gathering i am transported to a dark spot,1,joy,"Parang wala akong silbi sa kahit kanino, maging sa pagpigil sa kanila na magpakamatay o kahit sa simpleng pag-uusap sa isang sosyal na pagtitipon, at ako'y nadadala sa isang madilim na lugar.",0.9372141361236572,96.25114345550537
ill be attending college classes and ill have a bunch of stuff to tell you guys about like how classes are going and how im feeling and if i meet anyone cute or not,1,joy,"Pupunta ako sa mga klase sa kolehiyo at marami akong kwentuhang ibabahagi sa inyo tungkol sa kung paano ang mga klase, kung paano ako nakakaramdam, at kung makikilala ko man ng mga kaibigang maganda o hindi.",0.8828479647636414,96.46860814094543
i ever used along with loreal max factor and collection so whenever i see either one of these names i instantly feel that sweet nostalgic feeling as if im discovering make up for the first time again,2,love,"Lagi kong ginagamit kasama ang Loreal, Max Factor, at Collection kaya kapag nakikita ko ang alinman sa mga pangalan na ito, agad akong nadarama ang matamis na nostagia, parang muling nagsisimula akong tuklasin ang mundo ng make-up.",0.8664848804473877,96.53406047821045
i feel about the divine,1,joy,Nararamdaman ko ang diyos.,0.8331016898155212,96.66759324073792
i forgive myself that i have accepted adn allowed myself to feel uncertain and inferior the moment someobdy is looking at me as i do physical labour,4,fear,Patawarin ko ang aking sarili dahil tinanggap at pinayagan kong maramdaman ang kawalan ng katiyakan at pagkabihag kapag may nakatingin sa akin habang ginagawa ko ang aking pisikal na trabaho.,0.9013806581497192,96.39447736740112
i feel as if im a doomed to fail b setting myself up to think that im doomed to fail,0,sadness,Nararamdaman kong parang nabibilang ako sa mga mapapabagsak dahil sa pag-iisip kong mapapabagsak ako.,0.8614790439605713,96.55408382415771
i also feel embarrassed because i can consciously look at my life and see all the good things in it that everyone else sees but when the depression cycle hits even knowing those good things exist simply isn t enough,0,sadness,"Nakakabastos din ako dahil makitang malinaw ko ang aking buhay at makita ang lahat ng magagandang bagay na nakikita ng iba, ngunit kapag dumating ang siklo ng depresyon, kahit na alam kong umiiral ang mga magagandang bagay, hindi na sapat iyon.",0.8970303535461426,96.41187858581543
im feeling a little dazed and confused today,4,fear,Nararamdaman kong medyo malabo at nalilito ako ngayon.,0.9294924736022949,96.28203010559082
i woke up this morning after hours of interrupted sleep feeling lousy mostly my legs,0,sadness,"Gumising ako kaninang umaga matapos ng ilang oras na hindi magandang tulog at pakiramdam ko ay hindi maganda, lalo na ang aking mga binti.",0.9263041019439697,96.29478359222412
i was feeling so rotten about it,0,sadness,Napakasama ng pakiramdam ko tungkol doon.,0.8658367395401001,96.5366530418396
im blocked i could at least be doing something constructive my room needs a major cleaning for instance but i feel agitated if im not at least doing research for this story it does require a lot of research,3,anger,"Nakablock ako, sana kahit ano pang makabuluhan ang magawa ko. Kailangan nang malinisin ng husto ang kwarto ko, halimbawa, pero nagagalit ako kung hindi man lang ako nagsasagawa ng pananaliksik para sa kwentong ito dahil ito ay nangangailangan ng maraming pananaliksik.",0.8452640771865845,96.61894369125366
i feel assured that the future of online entertainment rests in good hands,1,joy,Nakakatiyak ako na ang kinabukasan ng online entertainment ay nasa mabubuting kamay.,0.8352935910224915,96.65882563591003
i agree with your original comment about down by the water i feel like that song transcends time and is gorgeously romantic but it s cinematic in that i feel like i m watching a story that belongs to someone else,2,love,"Sumasang-ayon ako sa iyong orihinal na komento tungkol sa ""Down by the Water."" Parang aawit na lampas sa panahon at maganda ang romansa nito, pero parang pelikula rin dahil parang nanonood ako ng kwento na hindi ko pag-aari.",0.9396945238113403,96.24122190475464
i feel a bit shaky at night lately i ve awoken with this,4,fear,"Nararamdaman ko ang kaunting pagyanig sa gabi ngayon, nagigising ako dito.",0.860755443572998,96.55697822570801
im reminding myself to feel calm,1,joy,Iniisip ko na dapat akong maging kalmado.,0.8852448463439941,96.45902061462402
im being a teenager people and if you feel the need to make sarcastic bitchy comments you can kindly fuck off,3,anger,"Ako'y isang teenager at kung kailangan mong magbigay ng mga sarkastiko at masungit na komento, maaari kang mag-alis nang magalang.",0.9058082699775696,96.37676692008972
i feel very lucky to have had some alone time with my little one but i am also anxiously awaiting the return of my guys,1,joy,"Nararamdaman kong sobrang swerte dahil nakasama ko ang aking maliit sa ilang oras ng katahimikan, ngunit inaabangan ko rin ang pagbabalik ng aking mga kasama.",0.8710182905197144,96.51592683792114
i i have all the predictable feelings loki is that guy i know from many many other fandoms im not impressed with me for my loki feelings,4,fear,"Mayroon akong lahat ng inaasahang damdamin tungkol kay Loki, siya 'yung lalaki na kilala ko mula sa maraming, maraming ibang fandoms, hindi ako impressed sa aking sarili dahil sa mga nararamdaman ko para kay Loki.",0.9016794562339783,96.39328217506409
i could understand if a survivor reading this might at first feel offended by my talking about abstract forms of rape,3,anger,Maaari kong maintindihan kung ang isang mabuhay na nagbabasa nito ay maaaring sa una ay makaramdam ng pag-insulto dahil sa aking pag-uusap tungkol sa mga abstrak na anyo ng panggagahasa.,0.9057161808013916,96.37713527679443
i am feeling overwhelmed with excitement and anxiety as i prepare for my flight to florence in a few hours,4,fear,Nararamdaman kong napakarami ng kilig at kabangisan habang inihahanda ang aking paglipad patungong Florence sa loob ng ilang oras.,0.8630509972572327,96.54779601097107
i left the hospital that night feeling helpless,0,sadness,Umalis ako sa ospital noong gabi na parang wala akong magagawa.,0.8122146129608154,96.75114154815674
i still feel better in my room even though i love the way my house feels better to me,1,joy,Mas komportable pa rin ako sa aking silid kahit mahal ko ang pakiramdam ng aking bahay.,0.9107242226600647,96.35710310935974
i feel ugly right now im still happy,0,sadness,Nararamdaman kong pangit ngayon pero masaya pa rin ako.,0.9068893194198608,96.37244272232056
i hope its super high and that hes feeling proud of himself,1,joy,Sana sobrang mataas ito at siya ay nagpuproud sa kanyang sarili.,0.8722153902053833,96.51113843917847
i start to feel my feelings for him how they still rise in my heart like the submissive tide that obeys lunar whims,0,sadness,"Nararamdaman ko ang aking nararamdaman para sa kanya, kung paano ito patuloy na tumataas sa aking puso gaya ng mahinahong alon na sumusunod sa kagustuhan ng buwan.",0.8656367659568787,96.53745293617249
i feel like she has not thus far been incredibly supportive of him in his time of need,2,love,Parang hindi siya lubos na naging mapagkalinga sa kanya noong kailangan niya.,0.9098559021949768,96.36057639122009
i reached down to feel what that strange sensation was and i felt something there,4,fear,Binaaba ko ang kamay ko upang maramdaman ang kakaibang pakiramdam at naramdaman ko ang isang bagay doon.,0.8841018080711365,96.46359276771545
i feel like the universe thinks i can handle and its giving me more and more suffering,0,sadness,Parang iniisip ng sansinukob na kaya kong harapin at ibinibigay niya sa akin lalong lalo pang pagdurusa.,0.8878145813941956,96.44874167442322
i did however feel somewhat disheartened at the end of tonight,0,sadness,Ngunit naramdaman ko ang kaunting pagkabigo sa wakas ng gabi ngayong araw.,0.8691672682762146,96.52333092689514
i feel and i was amazed to find out where papamoka shows up,4,fear,Naramdaman ko at nagulat ako sa pagtuklas kung saan lumilitaw ang papamoka.,0.8534025549888611,96.58638978004456
i lie to myself to feel like i am trusting but the only person i really trust or trusted i guess is the me that is not trustworthy,1,joy,"Minasisinungalingan ko ang aking sarili upang maramdaman na nagtitiwala ako, ngunit ang tanging tao na tunay kong pinagkakatiwalaan, o marahil pinagkakatiwalaan ko noon, ay ang akin pang hindi maaasahan.",0.8982978463172913,96.40680861473083
im feeling so angry because that was just wasted work from her side,3,anger,Galit ako dahil sayang ang ginawa kong trabaho dahil sa kanya.,0.9131859540939331,96.34725618362427
i feel so cranky irrationally,3,anger,Nararamdaman kong sobrang badtrip nang walang dahilan.,0.8846467733383179,96.46141290664673
i feel so empty in this body,0,sadness,Nararamdaman kong napakalungkot at walang laman ang aking katawan.,0.8916124701499939,96.43355011940002
i closed my eye taking in the feeling wishing that i could go back in time and re live these amazing moments when i opened my eyes i was taken back by fahad s presence he was leaning against the skeleton of the swing set and smiling at me,4,fear,"Isinara ko ang aking mata, tinanggap ang pakiramdam, at nais kong maibalik ang panahon upang muling mabuhay ang mga kahanga-hangang sandaling iyon. Nang buksan ko ang aking mga mata, nabighani ako sa presensya ni Fahad; nakasandal siya sa kalansay ng swing set at nakangiti sa akin.",0.929129958152771,96.28348016738892
i mostly feel this as a cause of hateful memories of that girl who used to run the everchanging sailormoon gateway who i think is still making a name for herself by being stupid and mean,3,anger,"Karamihan sa aking nararamdaman ay bunga ng mga masamang alaala tungkol sa babaeng dati nang nag-aari ng palaging nagbabagong Sailormoon gateway, na sa tingin ko ay patuloy pa ring gumagawa ng pangalan sa pamamagitan ng pagiging bobo at masama.",0.8509280681610107,96.59628772735596
i do feel quite happy,1,joy,Masaya ako.,0.8361412286758423,96.65543508529663
i am not feeling fearful,4,fear,Hindi ako natatakot.,0.8703798651695251,96.5184805393219
i feel the melancholy running my veins as well,0,sadness,Nararamdaman ko rin ang kalungkutan na dumadaloy sa aking mga ugat.,0.8743273019790649,96.50269079208374
im feeling timid six,4,fear,Natatakot ako ng anim.,0.894723117351532,96.42110753059387
im days post op and i am feeling fantastic,1,joy,Araw na ang post-operasyon ko at nararamdaman kong kahanga-hanga.,0.8711338639259338,96.51546454429626
i bought myself a make up palette two months back post and today i bought items and im feeling ecstatic,1,joy,"Dalawang buwan na ang nakalipas nang bilhin ko ang aking make-up palette at ngayon, bumili ako ng mga gamit at sobrang saya ko.",0.9031195044517517,96.387521982193
i am tired feeling overwhelmed and it seems like i am being assaulted from every direction i am not always at my best,4,fear,"Pagod na ako, nadarama kong napakarami ang aking kailangang harapin, at parang binabastos ako mula sa lahat ng panig. Hindi ako lagi sa aking pinakamahusay na kalagayan.",0.8730145692825317,96.50794172286987
i am tired of feeling unloved undesired unappreciated and unsupported,0,sadness,"Pagod na ako sa pakiramdam na hindi minamahal, hindi hinahanap, hindi pinahahalagahan, at hindi sinusuportahan.",0.9153268337249756,96.3386926651001
i dance the more i feel joy the more generous i become with myself the more i live in the present the more i let myself off the trauma hook the less important the past becomes,1,joy,"Kung mas sumasayaw ako, mas nararamdaman ko ang saya, mas nagiging mapagbigay ako sa sarili ko, mas nabubuhay ako sa kasalukuyan, mas pinapakalaya ko ang sarili ko sa trauma, at mas hindi na mahalaga ang nakaraan.",0.8334505558013916,96.66619777679443
i feel like im losing grip as that fantastic avril lavigne song pops into my head,1,joy,Parang nawawala na ang aking pagkakahawak habang tumutunog sa aking isipan ang kahanga-hangang awit ni Avril Lavigne.,0.9080168604850769,96.36793255805969
i have my best most productive happiest days when i m feeling inspired,1,joy,"Ang pinakamagandang, pinaka-produktibo, at pinakamasayang araw ko ay kapag ako ay nakakaramdam ng inspirasyon.",0.8924083709716797,96.43036651611328
i feel tortured by all this and im not quite sure how to handle it other then getting drunk non stop so as to not feel anything at all,4,fear,Nasasaktan ako dahil sa lahat ng ito at hindi ko alam kung paano harapin maliban sa patuloy na pag-inom upang hindi maramdaman ang kahit anong bagay.,0.8995624780654907,96.40175008773804
i am feeling very unloved,0,sadness,"Napakasakit, parang hindi ako minamahal.",0.9167255163192749,96.3330979347229
i took a psych o class in college which defined love as something rather selfish its focus being on the way you feel about yourself when youre with your beloved,2,love,"Nag-aral ako ng sikolohiya sa kolehiyo kung saan tinukoy ang pag-ibig bilang isang bagay na medyo makasarili, ang pokus nito ay sa paraan ng iyong pagtingin sa iyong sarili kapag kasama mo ang iyong minamahal.",0.8689455986022949,96.52421760559082
i am actually considering buying them thats why i feel so unsure hehe,4,fear,"Talagang iniisip kong bilhin sila kaya medyo hindi ako sigurado, hehe.",0.835921049118042,96.65631580352783
i only want jayson cause i feel that hes the most supportive person and he is the person that will be able to help me through the delivery,2,love,Gusto ko lang si Jayson dahil nararamdaman kong siya ang pinaka-supportive at siya ang makakatulong sa akin sa panahon ng panganganak.,0.8116027116775513,96.7535891532898
i got back to my desk i just sat there and cried feeling so humiliated,0,sadness,"Bumalik ako sa aking mesa, doon lang ako umupo at umiyak, napakasakit ng kahihiyan.",0.9029221534729004,96.3883113861084
i started to feel resentful of the whole situation and that s when something clicked,3,anger,Nagsimulang magdamdam ako ng sama ng loob sa buong sitwasyon at doon ko naramdaman ang isang pag-click.,0.8993005752563477,96.40279769897461
i feel so horny horny,2,love,Napakasobra ng aking pagnanasa.,0.9019821882247925,96.39207124710083
i don t perhaps feel the emotional connection to the issues as an american would but that doesn t take the enjoyment away,0,sadness,"Hindi ko marahil nararamdaman ang emosyonal na koneksyon sa mga isyu gaya ng isang Amerikano, ngunit hindi iyon nagtatanggal ng kasiyahan.",0.8778389692306519,96.48864412307739
i feel so cool cool cool cool cool girl i feel so cool cool cool cool cool girl,1,joy,"Nararamdaman kong sobrang lamig, sobrang lamig, sobrang lamig, sobrang lamig, sobrang lamig na babae. Nararamdaman kong sobrang lamig, sobrang lamig, sobrang lamig, sobrang lamig, sobrang lamig na babae.",0.859589159488678,96.56164336204529
i was feeling remarkably calm at this point,1,joy,Napakakalma ko sa puntong ito.,0.8652496337890625,96.53900146484375
i get the feeling he plays to the media on these issues it seems to me he tries to be cool and with it when he speaks,1,joy,Nararamdaman kong siya ay naglalaro sa media tungkol sa mga isyung ito; tila sinusubukan niyang maging cool at updated sa kanyang mga pahayag.,0.8763211965560913,96.49471521377563
i feel quite scared about my work life balance if i start to work for ken again,4,fear,Natatakot ako kung paano ko mapapanatili ang aking balanse sa buhay-trabaho kung magtatrabaho na ako ulit kay Ken.,0.8973453044891357,96.41061878204346
i would really recommend taking this approach because the last thing you want is to feel disappointed when your little nugget arrives,0,sadness,Talagang irerekomenda kong gawin ang ganitong paraan dahil ang huling bagay na gusto mo ay makaramdam ng pagkabigo kapag dumating na ang iyong maliit na anak.,0.8654496669769287,96.53820133209229
i feel like a very impatient mensa member at such times,3,anger,Parang isang mapag-imbot na miyembro ng Mensa ako sa mga ganitong pagkakataon.,0.8830847144126892,96.46766114234924
i just feel shy because i was just a sharia stream student who is now still struggling with european union policy and decision making thesis while those uncles there discussing trillion dollars projects in government lead companies glc,4,fear,Nahihiya lang ako kasi dati ay isang estudyanteng nag-aaral ng Sharia law at ngayon ay patuloy pa ring nahihirapan sa pagsusulat ng thesis tungkol sa patakaran at pagdedesisyon ng European Union habang ang mga tito doon ay nag-uusap tungkol sa mga proyekto na may halagang trilyong dolyar sa mga kumpanyang pampamahalaan.,0.9123327136039734,96.3506691455841
i feel hot when i walk to the market in the sun,2,love,Nararamdaman kong mainit kapag naglalakad ako sa palengke sa ilalim ng araw.,0.9147449731826782,96.34102010726929
i have a very very very small circle in which i feel comfortable turning to when the days are maddening,1,joy,Mayroon akong napakaliit na bilog ng mga taong aking pinagkakatiwalaan at komportable akong lapitan kapag ang mga araw ay nakakabaliw.,0.8845784664154053,96.46168613433838
i feel the need to update you my loyal readers on the vacation habits of our region manager s assistant,2,love,"Nararamdaman kong kailangan kong i-update kayo, aking mga tapat na mambabasa, tungkol sa mga gawi sa bakasyon ng tagapag-assist ng ating regional manager.",0.8252310156822205,96.69907593727112
i don t know if i should be feeling this way because it would seem greedy and not nice to expect someone to splurge on the spur of the moment just because i asked,3,anger,Hindi ko alam kung dapat ba akong maramdaman ito dahil parang sakim at hindi maganda ang mag-asang gagastos ng malaki nang biglaan dahil lang sa aking kahilingan.,0.8568336963653564,96.57266521453857
i doubt that anybody will find any black and white solution in it but it definitely puts a new level of understanding on what is happening on our borders right now and should make anyone hurling epithets at immigrant children feel ashamed of themselves but i doubt if it will,0,sadness,"Hindi ko akalaing may makakahanap ng simpleng solusyon sa usaping ito, ngunit tiyak na nagbibigay ito ng bagong antas ng pag-unawa sa nangyayari sa ating mga hangganan ngayon at dapat itong magpahiya sa sinumang naglalait sa mga batang imigrante, ngunit hindi ko akalaing magbabago ito.",0.9232434034347534,96.30702638626099
i am feeling soooooooo giggly,1,joy,Sobrang kiliti ko!,0.8926981687545776,96.42920732498169
im feeling carefree id love to try an outfit like this one,1,joy,"Nakakarelaks ang pakiramdam ko, gusto kong subukan ang ganitong damit.",0.9184545278549194,96.32618188858032
i confused my feelings with the truth because i liked the view when there was me and you i cant believe that i could be so blind its like you were floating when i was falling and i didnt mind because i like the view i thought you felt it too when there was me and you lyrics from a href http www,2,love,"Nagkamali ako, inihalo ko ang aking damdamin sa katotohanan dahil gusto ko ang tanawin kapag ikaw at ako ang nasa harapan. Hindi ko makapaniwala na ganito ako kabulag, parang lumilipad ka habang ako'y bumabagsak at hindi ko pinansin dahil gusto ko ang tanawin. Akala ko nararamdaman mo rin iyon kapag ikaw at ako ang nasa harapan.",0.8790936470031738,96.4836254119873
i am left feeling rejected judged and deemed inadequate,0,sadness,"Naiwan akong nadarama ang pagtanggi, paghatol, at pagiging hindi sapat.",0.8749346137046814,96.50026154518127
i finished the bike not only feeling strong but like i had a complete success out there i nailed what i wanted to do and my bike split was at the faster end of what i thought i could do,1,joy,"Tapos ko na ang pag-aayos ng bisikleta, hindi lamang ako nakaramdam ng lakas, kundi pati ng ganap na tagumpay. Naabot ko ang gusto kong gawin at ang aking oras sa pagsakay ay nasa mas mabilis na dulo ng aking inaasahan.",0.9185585975646973,96.32576560974121
i keep going despite feeling miserable,0,sadness,Patuloy akong naglalakad kahit na nararamdaman kong malungkot.,0.9137677550315857,96.34492897987366
i feel so virtuous,1,joy,Nararamdaman kong napakabuti ko.,0.823424220085144,96.70630311965942
i also stop reading fashion magazine because it makes me feel ugly and fat,0,sadness,Tumigil din ako sa pagbabasa ng magasin tungkol sa moda dahil ginagawa akong pakiramdam na pangit at taba.,0.9332987070083618,96.26680517196655
im not a political animal but i think the biggest disease this world suffers from in this day and age is the disease of people feeling unloved and i know that i can give love for a minute for an hour for a day for a month but i can give,0,sadness,"Hindi ako isang politiko, pero sa tingin ko ang pinakamalaking karamdaman ng mundo ngayon ay ang pakiramdam ng mga tao na hindi sila minamahal, at alam kong kaya kong magbigay ng pagmamahal kahit saglit, isang oras, isang araw, isang buwan, ngunit kaya kong magbigay.",0.9053183794021606,96.37872648239136
i just remember feeling frantic desperately trying to say what i needed to say to q,4,fear,"Naalala ko lang na parang nagmamadali ako, desperado akong sabihin ang kailangan kong sabihin kay Q.",0.8724765181541443,96.51009392738342
i hate even doing this because i feel like it s rude but i must say i love the blog it came from and this is no insult to the food photography because i enjoy it,3,anger,"Ayaw kong gawin ito dahil parang bastos pero kailangan kong sabihin, mahal ko ang blog kung saan ito nanggaling at hindi ito insulto sa pagkuha ng litrato ng pagkain dahil nasisiyahan ako dito.",0.8791506290435791,96.48339748382568
i mean the way that a house feels to me how i draw it around myself how i like to arrange and rearrange little corners assemble still lifes of flowers and precious objects,1,joy,"Ibig kong sabihin, ang pakiramdam ng isang bahay sa akin, kung paano ko ito iniisip na nakapaligid sa akin, kung paano ko gusto ayusin at muling ayusin ang mga maliit na sulok, at pagsama-samahin ang mga patayong buhay ng mga bulaklak at mahalagang bagay.",0.9626736044883728,96.14930558204651
i make him feel unloved and unwanted,0,sadness,Ginagawa kong pakiramdam niya ay hindi mahal at hindi tinatanggap.,0.8632904887199402,96.54683804512024
i wonder if mind readers draw a blank when they get around stupid people and when stupid people leave a room does it feel like somebody smart just walked in,1,joy,"Nagtataka ako kung kung ang mga mind reader ay nagiging wala sa isip kapag nasa paligid sila ng mga bobo, at kapag umalis ang mga bobo sa isang silid, parang may matalino lang pumasok.",0.8959056735038757,96.4163773059845
ill start with the one about interlochen i see jonathan the boy who asked me out and was a freak and i used to like him until i realized how stupid he was and i sang a recording for him and i feel so regretful of the whole ordeal with him and yeah,0,sadness,"Sisimulan ko sa tungkol kay Interlochen, nakita ko si Jonathan, ang batang humingi sa akin ng ligawan at naging kakaiba, noon ay gusto ko siya hanggang sa napagtanto kong gaano siya ka-bobo at kinanta ko para sa kanya ang isang recording at sobrang nagsisisi ako sa buong pangyayari namin at oo.",0.8587188720703125,96.56512451171875
i finally hopped up on my new friend and the feel of the dong was pleasant,1,joy,"Sa wakas, nakasakay na ako sa aking bagong kaibigan at ang pakiramdam ng ari ay nakakaginhawa.",0.8790473937988281,96.48381042480469
i think about the book i wrote that i feel like i ve talked incessantly about to you gracious beautiful you but i think about it because it s coming close to the point where i no longer have a hand in the words anymore the point where my hands are off and yours are on,1,joy,"Iniisip ko ang aklat na isinulat ko, na parang paulit-ulit ko nang sinasabi sa iyo, mahal kong maganda, ngunit iniisip ko ito dahil papalapit na ang panahon na wala na akong kamay sa mga salita, ang punto kung saan ang aking mga kamay ay aalis at ang iyong mga kamay ang kukuha.",0.9230867028236389,96.30765318870544
ive just been feeling so unimportant,0,sadness,Nararamdaman ko lang na sobrang hindi mahalaga.,0.8382629156112671,96.64694833755493
i know also that many others especially parents feel shocked and betrayed at what has been revealed,4,fear,"Alam ko rin na marami, lalo na ang mga magulang, ay nakaramdam ng pagkagulat at pagtataksil sa mga ipinahayag.",0.8903114199638367,96.43875432014465
im feeling amused you know that info was posted directly on your site in plain view and it is exactly where it was in the first place posted directly on livevideo on your site last night on the internet,1,joy,"Nakakatuwa akong maramdaman na alam mo, ang impormasyong iyon ay inilagay nang direkta sa inyong site, nakikita nang malinaw, at eksaktong nasa lugar kung saan ito unang inilagay, direkta sa livevideo sa inyong site kagabi sa internet.",0.8624148368835449,96.55034065246582
i guess i have a right to feel this way but i dont know because lately i havent been a faithful contributing member of the christian faith,1,joy,"Siguro may karapatan akong maramdaman ito, pero hindi ko alam dahil kamakailan ay hindi na ako isang tapat at aktibong miyembro ng Kristiyanong pananampalataya.",0.8691128492355347,96.52354860305786
i was feeling frustrated at work wondering if i am living a life with meaning and purpose,3,anger,Nararamdaman ko ang pagkabigo sa trabaho at nagtatanong kung nabubuhay ako ng may kahulugan at layunin.,0.9034144878387451,96.38634204864502
i feel privileged and honored to attend ptk international convention where i got the opportunity to represent my college along with my other five members,1,joy,Nararamdaman kong pribilehiyo at karangalan ang makasali sa PTK International Convention kung saan nakakuha ako ng pagkakataong kumakatawan sa aking kolehiyo kasama ang aking limang kasamahan.,0.8842412233352661,96.46303510665894
i get the feeling that most people in her life think that shes lead some sort of charmed existance,1,joy,Nararamdaman kong karamihan sa mga tao sa buhay niya ay naniniwala na siya ay nabubuhay sa isang parang biyaya o pinagpalaang buhay.,0.8928735256195068,96.42850589752197
i was sleep was vey irritable and feeling paranoid because i work the oncology dpt of a hospital and feeling paranoiud cancer and through chemo,4,fear,Natutulog ako ngunit napakainis at parang may paranoa dahil nagtatrabaho ako sa oncology department ng ospital at natatakot sa kanser at kemoterapiya.,0.9089843034744263,96.3640627861023
i realized that i struggle with feeling joyful,1,joy,Napagtanto ko na nahihirapan akong maramdaman ang kagalakan.,0.829003632068634,96.68398547172546
i avoid saying fail because it makes me feel rotten and i know it is not good for my confidence,0,sadness,"Iniwasan kong sabihin na ""nagkamali"" dahil ito ay nagpapasama ng pakiramdam ko at alam kong hindi ito mabuti para sa aking tiwala.",0.8363727331161499,96.6545090675354
i are celebrating this holiday with her parents and extended family but my heart feels empty knowing my son is alone and struggling with his life,0,sadness,Nagdiriwang kami ng pista kasama ang mga magulang niya at ang malawak na pamilya ngunit ang aking puso ay nararamdaman ang kawalan dahil alam kong nag-iisa at naghihirap ang aking anak sa kanyang buhay.,0.9067755341529846,96.37289786338806
i feel paranoid but atleast now i get some comfort with dd she is the only person that i can talk to and not feel lie total crap around she is the nicest kindest most caring person i have ever met and i dont think that i will ever find anyone as great as her in my life,4,fear,"Nararamdaman ko ang pagkabalisa ngunit kahit papaano ay nakakakomportable na ngayon dahil kay DD, siya ang tanging taong mapag-uusapan ko nang hindi nadarama ang pagiging ganap na basura, siya ang pinakamabait, pinakamapagmahal, at pinakamaalaga sa lahat ng nakilala ko at hindi ko akalaing makakahanap pa ako ng katulad niya sa buhay ko.",0.8851437568664551,96.45942497253418
ive just spent the last half hour feeling ridiculously angry over insensitive comments from my partner but that all changed a few minutes ago to real pride over how much i have changed,3,anger,"Kanina pa akong halos kalahating oras na nagagalit dahil sa mga walang malasakit na komento ng aking kapareha, ngunit ilang minuto na ang nakalipas, nabago iyon sa tunay na pagmamalaki sa kung gaano ako nagbago.",0.8855909705162048,96.45763611793518
ive been feeling a bit shitty about myself these past few days and there has been a sudden drop of self esteem going on,0,sadness,Nararamdaman ko ang pagbaba ng aking pagpapahalaga sa sarili at hindi ko nararamdaman ang aking sarili nang maayos sa nakalipas na ilang araw.,0.8562755584716797,96.57489776611328
i was feeling so amused at the man s tone that i too could not help laughing,1,joy,Napakatawa ng tono ng lalaki kaya hindi ko mapigilan ang matawa rin.,0.8783186674118042,96.48672533035278
i am feeling so remorseful now,0,sadness,Napakasakit ng aking pagsisisi ngayon.,0.872317373752594,96.51073050498962
i feel like she has too she once mentioned she disliked katy perry and dr,0,sadness,"Parang ayaw niya rin ng mga kanta nila, noong nabanggit niya dati na hindi niya gusto si Katy Perry at si Dr. ____.",0.9407882690429688,96.23684692382812
i thought i d get enough info to know about the subject but i went home feeling comfident that i could actually do it and keen to get started experimenting,1,joy,Akala ko sapat na ang impormasyon para malaman ang tungkol sa paksa ngunit umuwi akong puno ng tiwala na kaya kong gawin ito at masigla na magsimula ng pag-eksperimento.,0.8481290340423584,96.60748386383057
i imagine you re going to come away from it feeling a little jealous you can t quite,3,anger,Iniisip ko na aalis ka rito na medyo mainggit dahil hindi mo kayang gawin iyon.,0.8765454292297363,96.49381828308105
i still feel guilty to this day for taking a spot,0,sadness,Nararamdaman ko pa rin ang pagkakasala hanggang ngayon dahil kinuha ko ang isang puwesto.,0.8685739636421204,96.52570414543152
i did not feel like an intruder or at least as an unwelcome one,0,sadness,Hindi ako nakaramdam na isang intrudor o kahit na hindi tinatanggap.,0.8037763833999634,96.78489446640015
i keep having all of these wonderful feelings and dreams and i am so terrified that they are bad or harmful or wrong but they are not,4,fear,"Patuloy akong nararamdaman ang mga magagandang damdamin at pangarap, at natatakot ako na masama, nakakasama, o mali sila, ngunit hindi sila ganoon.",0.9196988940238953,96.32120442390442
i do think we have a decent scheme worked out which will be generous enough to provide the average player with plenty of free experience without forcing them to feel crappy and that they have to pay to get an enjoyable game,0,sadness,Naniniwala ako na may magandang plano tayo na magiging sapat na mapagbigay upang magbigay ng maraming libreng karanasan sa karaniwang manlalaro nang hindi sila nararamdaman na masama at kailangan nilang magbayad para magkaroon ng masaya at nakakatuwang laro.,0.9371153116226196,96.25153875350952
i know this is supposed to be a cheerfull season the christmas season but this is what i am feeling after loosing our beloved cat tigger earlier this year,1,joy,"Alam kong dapat itong panahon ng Pasko ay masaya, ngunit ito ang nararamdaman ko matapos mawala ang ating minamahal na pusa, si Tigger, kanina pa ngayong taon.",0.9266115427017212,96.29355382919312
i feel funny without,4,fear,Nararamdaman kong kakaiba nang wala.,0.849141538143158,96.60343384742737
i am feeling exhausted,0,sadness,Napapagod na ako.,0.8365629315376282,96.65374827384949
i feel more hopeful we re going to at least find out the truth said wendy brown alexa s mother,1,joy,"Mas nakakabigay-pag-asa ako, makikilala natin kahit papaano ang katotohanan, sabi ni Wendy Brown, ina ni Alexa.",0.8405128717422485,96.637948513031
i feel useless because i dont bring in any income,0,sadness,Nararamdaman kong walang silbi dahil hindi ako nagdadala ng kita.,0.8645095825195312,96.54196166992188
im so full of life i feel appalled,3,anger,"Sobrang puno ako ng buhay, parang kinakabahan ako.",0.914455235004425,96.3421790599823
i can literally feel a hateful glare directed at me,3,anger,Nararamdaman kong literal na may galit na tingin na nakatuon sa akin.,0.8893132209777832,96.44274711608887
i confess i feel a little apprehensive,4,fear,Aminado akong medyo kinakabahan ako.,0.8635905981063843,96.54563760757446
i simply feel it is important to be presented well in front of others and when one is asked about himself there should be evident support in why he thinks so of himself as for any type of discussions during which perspectives on a topic are being exchanged,1,joy,"Nararamdaman ko lamang na mahalaga ang magpakita nang maayos sa harapan ng iba at kapag tinatanong tungkol sa sarili, dapat mayroong malinaw na dahilan kung bakit siya naniniwala sa kanyang sarili, lalo na sa mga talakayan kung saan iba't ibang pananaw tungkol sa isang paksa ay ibinabahagi.",0.9102951884269714,96.35881924629211
i feel like i just want to be smart because i dont want to be seen as stupid,1,joy,Gusto kong maging matalino dahil ayaw kong makita bilang bobo.,0.8968710899353027,96.41251564025879
i started feeling a bit alarmed but i was not afraid for some reason,4,fear,Nagsimulang akong mag-alala nang kaunti ngunit hindi ako natakot sa isang dahilan.,0.9368786811828613,96.25248527526855
im here to tell you you arent alone if you feel vulnerable,4,fear,Narito ako upang sabihin sa iyo na hindi ka nag-iisa kung nararamdaman mong mahina.,0.9390620589256287,96.24375176429749
i pray that they will continue to be giving confident happy god fearing and feel loved,2,love,"Nananalangin ako na patuloy silang maging mapagtiwala, masaya, matatakot sa Diyos, at maramdaman ang pagmamahal.",0.8727990984916687,96.50880360603333
i forgive myself that i have accepted and allowed myself to forget that i decide and thus i was decided to feel groggy this morning,0,sadness,"Patawad ko sa aking sarili dahil tinanggap at pinayagan kong kalimutan na ako ang nagdedesisyon, at dahil dito, ako ang napagpasyahan na magising na pagod ngayong umaga.",0.9055291414260864,96.37788343429565
i feel that was one of those episodes where everything just fell into place i really liked how that one turned out,2,love,"Nararamdaman kong isa iyon sa mga episode kung saan lahat ay perpekto, talagang nagustuhan ko kung paano iyon natapos.",0.8754239082336426,96.49830436706543
i was so stubborn and that it took you getting hurt for me to admit even to myself how i feel i haven t been very considerate of you in that respect,1,joy,"Napaka-matigas ko at kailangan kang masaktan para aminin ko, kahit sa sarili ko, kung ano ang nararamdaman ko. Hindi ako naging mapag-isip sa iyo sa aspeto na iyon.",0.8915514945983887,96.43379402160645
i feel like he should have waited for a girl who was less messy,0,sadness,Parang dapat niya hinintay ang isang babaeng hindi gaanong gulo.,0.8356448411941528,96.65742063522339
iv tried it once and reading back to my problems made me feel like a superior helping out a young naive person,1,joy,Sinubukan ko ito minsan at ang pagbabalik-basa sa aking mga problema ay nagpaparamdam sa akin na parang isang mas nakaranasang tumutulong sa isang batang walang karanasan.,0.8364843130111694,96.65406274795532
i want to be doing and its wonderful to feel passionate about my career,1,joy,Gusto kong gawin ito at kahanga-hanga ang maramdaman ang pagiging masigasig sa aking karera.,0.8885295987129211,96.44588160514832
i choose mouse because i feel cute as of now that i am i tripped over the piles of sand repeatedly while vigorously directing,1,joy,"Pinili ko ang daga dahil sa ngayon, habang paulit-ulit akong natutumba sa mga bunton ng buhangin habang masigla kong nagdidirekta, parang cute ako.",0.9411554932594299,96.23537802696228
realizing that a friend had been talked into signing a certain contract,3,anger,Napagtanto na pinaniwalaan ng kaibigan na pirmahan ang isang tiyak na kontrata.,0.8659753203392029,96.53609871864319
i feel so amazed ive had views in the past week,4,fear,"Napakagulat ko, maraming views ang aking nakuha sa nakalipas na linggo.",0.814466655254364,96.74213337898254
i am a very goal oriented person and i never feel more satisfied than when i am in hot pursuit of a goal,1,joy,Ako ay isang taong lubos na nakatuon sa mga layunin at hindi ako nararamdaman na mas kontento kundi kapag ako ay nasa gitna ng paghabol sa isang layunin.,0.8723761439323425,96.51049542427063
i already feel impatient and cancel hyundai tucson last year waiting almost for seven months,3,anger,Na-feel ko na ang pagmamadali at kanselahin ko na ang Hyundai Tucson noong nakaraang taon matapos maghintay ng halos pitong buwan.,0.8801637887954712,96.47934484481812
i didnt know whether or not to feel flattered or some sort of disgusted,3,anger,Hindi ko alam kung dapat akong ma-flatter o mag-isip na may kaunti akong nararamdaman na pag-aalinlangan.,0.7942248582839966,96.82310056686401
i feel that i annoy everyone much too much when im obnoxious and yeah,3,anger,Nararamdaman kong sobrang nakakainis ako kapag ako'y makasarili at oo.,0.9087954759597778,96.36481809616089
i want to savor this feeling of ecstatic anticipation in which i abide these days,1,joy,Gusto kong ipagmalaki ang pakiramdam na ito ng masayang paghihintay na aking nararanasan ngayon.,0.8471186757087708,96.61152529716492
i know how i sound and i feel lousy about myself for sounding that way and for feeling the way i sound but i made a good contribution at work today and now the chip is on my shoulder when i think about the mistreatment that i have received,0,sadness,"Alam ko kung paano ako tunog at nararamdaman kong masama tungkol sa aking sarili dahil sa paraang iyon at dahil sa paraang nararamdaman ko, ngunit nagbigay ako ng magandang kontribusyon sa trabaho ngayon at ngayon ay nasa balikat ko ang sama ng loob kapag iniisip ko ang pang-aabuso na natanggap ko.",0.9035343527793884,96.38586258888245
i feel helpless because i cant protect my family he adds,4,fear,"Nararamdaman kong walang magawa dahil hindi ko maprotektahan ang aking pamilya, dagdag niya.",0.8767063617706299,96.49317455291748
i wake up ill feel really really mad,3,anger,"Kapag nagigising ako, sobrang galit ko talaga.",0.8407815098762512,96.636873960495
i feel sure the nervousness and fear will always lurk in my mind but i feel at ease in my heart hopeful about theo ad and eli being happy healthy and safe and living to be old people with fulfilled lives,1,joy,"Sigurado akong ang kaba at takot ay palaging magtatago sa aking isipan ngunit ako'y nakakaramdam ng kapayapaan sa aking puso, umaasa na si Theo at Eli ay masaya, malusog, ligtas, at mabubuhay hanggang sa matanda na sila na may buhay na puno ng kasiyahan.",0.9506033658981323,96.19758653640747
i dont have much art online that i feel properly represents my skillz an unfortunate scenario i know,0,sadness,"Wala akong maraming sining online na nararamdaman kong tunay na kumakatawan sa aking kakayahan, isang malungkot na sitwasyon, alam ko.",0.877689003944397,96.48924398422241
i am feeling shamed like i should not be enjoying this and i certainly should not have sex kissing is so far enough,0,sadness,"Nararamdaman kong nahihiya ako, parang hindi ako dapat nasisiyahan dito at tiyak na hindi dapat magkaroon ng sekso, ang halik na lang ay sapat na.",0.8661755323410034,96.53529787063599
i feel people are scared of me or given up on me,4,fear,Nararamdaman kong natatakot ang mga tao sa akin o sumuko na sila sa akin.,0.8994980454444885,96.40200781822205
i didnt feel like i was respected,1,joy,Hindi ko naramdaman na nirerespeto ako.,0.8693286180496216,96.52268552780151
i want to do is talk talk talk and i feel like thats the only way anything is going to get resolved but im afraid that im going to just have to let it go all on my own,1,joy,"Ang gusto ko lang ay makipag-usap, makipag-usap, at makipag-usap, at parang iyon lang ang paraan para malutas ang lahat, pero natatakot akong kailangan kong hayaan itong lahat mag-isa.",0.9028522968292236,96.3885908126831
i told him that if he touched me with a needle i would punch him feeling a little hostile in the midst of my pain,3,anger,"Sinabi ko sa kanya na kung hahawakan niya ako ng karayom, sisuntok ko siya, habang nararamdaman ang kaunting galit sa gitna ng aking sakit.",0.9273892641067505,96.290442943573
i hoped it would i would feel disappointed and depleted,0,sadness,Sana hindi ako mag-aaksaya ng pag-asa at makaramdam ng pagkabigo at pagod.,0.9438385963439941,96.22464561462402
im feeling more energetic less tired and im down two pounds,1,joy,"Mas enerhiya ako ngayon, mas kaunting pagod, at bumaba ng dalawang libra ang timbang ko.",0.847093939781189,96.61162424087524
i now feel less doubtful towards that person about his her sincerity in rebuilding our relationship,4,fear,"Ngayon, mas hindi na ako nag-aalinlangan tungkol sa taong iyon tungkol sa kanyang katapatan sa pagpapabuti ng ating relasyon.",0.9080327749252319,96.36786890029907
i feel like i need a artistic community or a friend or a class,1,joy,"Nararamdaman kong kailangan ko ng isang komunidad ng mga artista, isang kaibigan, o isang klase.",0.9419147968292236,96.2323408126831
i dont think thats what ill do because i feel its just really awkward,0,sadness,Hindi ko akalaing gagawin ko iyon dahil nararamdaman kong kakaiba at hindi komportable.,0.8675951957702637,96.52961921691895
i know that is satans plan to make us feel inadequate but i never expected i would actually listen to him,0,sadness,"Alam kong plano iyon ni Satanas na para tayo'y makaramdam ng kawalan ng kakayahan, ngunit hindi ko inaasahan na aking pakikinggan siya.",0.9000309705734253,96.3998761177063
i am going to get out my soapbox and talk about something that i feel really passionate about,1,joy,Aalis ako sa aking soapbox at pag-uusapan ang isang bagay na tunay kong pinapangarap.,0.8752665519714355,96.49893379211426
i feel smart and needed,1,joy,Nararamdaman kong matalino at mahalaga.,0.8506021499633789,96.59759140014648
i feel very listless,0,sadness,Nararamdaman kong lubhang walang gana.,0.8275532722473145,96.68978691101074
i feel burdened by responsibilities and pressures,0,sadness,Nararamdaman kong mabigat ang mga responsibilidad at presyur.,0.8795894384384155,96.48164224624634
im with her because she brings out the best in me when im feeling depressed,0,sadness,Nandito ako sa kanya dahil siya ang nagpapakita sa akin ng aking pinakamagandang panig kapag ako ay nalulungkot.,0.9341474771499634,96.26341009140015
i have some minor neuropathy going on in my fingers and my fingernails feel funny sensitive so that might mean that i could be losing them soon,4,fear,"Mayroon akong kaunting neuropathy sa aking mga daliri at ang aking mga kuko ay parang kakaiba ang pakiramdam, sobrang sensitibo kaya baka mawala na sila rin soon.",0.8284052014350891,96.68637919425964
i would talk to drake because i knew he wouldnt judge my feelings and he would let me gush over how much i liked you,2,love,Mag-uusap ako kay Drake dahil alam kong hindi niya husgahan ang aking nararamdaman at hahayaan akong mag-kwento kung gaano kita gusto.,0.8929133415222168,96.42834663391113
i feel slightly dazed and tired and angry but that is a normal emotion and mood for me to experience from day to day or week to week,4,fear,"Nararamdaman ko ang kaunting pagkalito, pagod, at galit, ngunit normal lamang ang ganitong emosyon at pakiramdam para sa akin araw-araw o linggo-linggo.",0.8862453699111938,96.45501852035522
i am feeling fine apart from being a little tired from being rudley woken up by some noisy drivers,1,joy,Mabuti ang pakiramdam ko maliban sa kaunting pagod dahil sa bastos na paggising ng ilang maingay na driver.,0.866000771522522,96.53599691390991
i feel joyful when im surprised and joyful when i am surprising someone,1,joy,Masaya ako kapag nagulat ako at masaya rin ako kapag nagugulat ko ang isang tao.,0.8750304579734802,96.49987816810608
i feel that blogging is less dignified than other media which is why i do it but i also understand it s not a competition and the distinction is somewhat blurred so it s really just a a href http www,1,joy,"Nararamdaman kong mas mababa ang karangalan ng pagsusulat ng blog kumpara sa ibang midya kaya ginagawa ko ito, ngunit nauunawaan ko rin na hindi ito isang paligsahan at ang pagkakaiba ay medyo malabo kaya talagang...",0.843624472618103,96.62550210952759
i cant help but feel as though perhaps my perception isnt as keen as i once thought,1,joy,Hindi ko mapigilan ang pakiramdam na baka hindi na gaanong matalas ang aking pananaw gaya ng dati.,0.8407571315765381,96.63697147369385
i feel as if someone has bumbed my delicate set up,2,love,Parang may bumangga sa aking maselang pagkakasundo.,0.9132853746414185,96.34685850143433
i feel like i am not special,1,joy,Parang hindi ako espesyal.,0.8799247741699219,96.48030090332031
i feel like im doomed until he returns,0,sadness,Parang nabibilang na ako sa mga nabigo hanggang sa siya ay bumalik.,0.913777768611908,96.34488892555237
i crave getting out there and moving and if i dont i feel agitated until i do,4,fear,"Gusto kong lumabas at kumilos, at kung hindi ako makakagawa nito, nararamdaman kong nagagalit hanggang sa magawa ko.",0.9009578227996826,96.39616870880127
im thankful for it and the parents because they are understanding and make me feel less wimpy,4,fear,Nagpapasalamat ako dahil sa kanila at sa kanilang mga magulang dahil sila ay maunawain at ginagawa akong hindi gaanong mahina.,0.8701050281524658,96.51957988739014
i feel listless and things have been rather strained around here lately,0,sadness,Nararamdaman kong walang gana at medyo mahigpit ang hangin dito kamakailan.,0.8148493766784668,96.74060249328613
i feel impatient with the christian church disciples of christ and its many manifestations over the fact that i haven t yet gotten even the slightest whiff of a call,3,anger,"Nararamdaman kong nagiging mapagbiro ako sa mga alagad ng Kristiyanong simbahan, mga tagasunod ni Kristo, at sa kanilang maraming anyo dahil hindi pa ako nakararamdam man lang ng kaunting tugon.",0.8744956254959106,96.50201749801636
i can make him feel a christ isnt he the most delicious creature youve ever seen,1,joy,"Kaya kong ipaparamdam sa kanya na si Kristo, hindi ba siya ang pinakamasarap na nilalang na nakita mo?",0.8797003626823425,96.48119854927063
i get an idea something i want to write and i feel passionate about it and sculpt some great sentences,1,joy,"Nakukuha ko ang ideya, isang bagay na gustong isulat at nararamdaman kong may pagmamahal dito at hinuhubog ang ilang magagandang pangungusap.",0.8999292254447937,96.40028309822083
i feel shy at the fact that i love these inanimate things,4,fear,Nahihiya ako sa katotohanang mahal ko ang mga bagay na walang buhay.,0.8858185410499573,96.45672583580017
im starting to learn that feeling awkward isnt such a bad thing and feeling awkward isnt some sort of social disorder,0,sadness,Nagsisimula akong matutuhan na hindi naman masama ang pakiramdam na hindi komportable at hindi rin ito isang uri ng sosyal na karamdaman.,0.8734480142593384,96.50620794296265
i say this because she never truly gets a choice or the freedom to decide what to do with her life which makes it hard not to feel like she got the less dirty end of a really shitty stick,0,sadness,"Sinabi ko ito dahil hindi siya tunay na nakakapili o nakakaramdam ng kalayaan na magpasya kung ano ang gagawin sa kanyang buhay, kaya mahirap hindi maramdaman na siya ang nakakuha ng mas mabuting bahagi ng isang talagang masamang sitwasyon.",0.936415433883667,96.25433826446533
i get the feeling that he is brewing up some kind of moronic shit storm,0,sadness,Nararamdaman kong may iniisip siyang bobong gulo.,0.8580236434936523,96.56790542602539
i should have left this movie feeling frightened or at the very least convinced that this number held some kind of mystical power or was the key to some government conspiracy but no,4,fear,Dapat sana ay umalis ako sa sinehan na natatakot o kahit papaano'y naniniwala na ang bilang na ito ay may kakaibang kapangyarihan o susi sa isang konspirasya ng gobyerno ngunit wala.,0.9030060172080994,96.3879759311676
i suffer from very low confidence and im always looking for ways to come across more confident and feel more outgoing in myself,1,joy,Nagdurusa ako sa sobrang kakulangan ng tiwala sa sarili at lagi akong naghahanap ng paraan upang maging mas kumpiyansa at mas palabas ang aking sarili.,0.8931089639663696,96.42756414413452
i can feel the longing and care and love too,2,love,"Nararamdaman ko ang pagnanasa, pag-aalaga, at pag-ibig din.",0.8856245279312134,96.45750188827515
i feel too bitchy to do something like that to my family because theyre going through the same shit i am,3,anger,Nararamdaman kong masyadong mapag-init ang ulo ko para gawin iyon sa aking pamilya dahil sila rin ay nakakaranas ng parehong problema na aking kinakaharap.,0.8592650890350342,96.56293964385986
i believe a lot of girls feel this way especially when they are feeling really low about themselves,0,sadness,"Naniniwala ako na maraming babae ang nakakaramdam nito, lalo na kapag sila ay lubos na nag-aalinlangan sa kanilang sarili.",0.8685256838798523,96.52589726448059
i really feel like is mostly the culmination of starting to play more clubs and wanting to make more dancefloor friendly stuff and having stuff that has a certain tempo range that fits nicely in that setting,1,joy,Tunay akong nararamdaman na ito ay halos bunga ng pagsisimula kong maglaro ng mas maraming klub at pagnanais kong gumawa ng mas magandang musika para sa dancefloor at pagkakaroon ng mga kanta na may tiyak na saklaw ng tempo na maganda sa ganitong setting.,0.8823641538619995,96.470543384552
i can only have a rest when i feel that i have fully resolved a problem then i can turn my attention towards something else,1,joy,"Maaari akong magpahinga lamang kapag naramdaman kong lubos kong naresolba ang isang problema, saka ko maaaring idirekta ang aking pansin sa ibang bagay.",0.8716527223587036,96.51338911056519
im feeling reassured for right now,1,joy,Nararamdaman kong nakakapigil ng takot ngayon.,0.8714157938957214,96.51433682441711
i was happy to get back out there and knew it wouldnt feel that crappy forever,0,sadness,Masaya akong bumalik at alam kong hindi magtatagal ang ganitong pakiramdam.,0.9083060026168823,96.36677598953247
i just follow my dreams and my heart and some how that makes life feel sweet and work for me,2,love,"Sinusundan ko lang ang aking mga pangarap at puso, at sa kakaibang paraan, ginagawa nitong mapait at gumagana ang buhay ko.",0.8770449161529541,96.49182033538818
i feel deeply remorseful and regretful,0,sadness,Napakalalim ng aking pagsisisi at pagdadalamhati.,0.904035210609436,96.38385915756226
i just want to achieve something to make myself feel worthwhile to dig myself out of this gaping hole of depression and ridiculous anguish i feel every day,1,joy,"Gusto ko lang makamit ang isang bagay upang maramdaman kong may halaga ako, upang makalabas sa malalim na butas ng depresyon at walang katapusang kalungkutan na nararamdaman ko araw-araw.",0.9100077152252197,96.35996913909912
i dont think many people will get how i feel going through menopause im sure a few will think great no periods,1,joy,"Hindi ko akalaing marami ang mauunawaan kung paano ako nararamdaman habang dumadaan sa menopausa, sigurado akong kakaunti ang mag-iisip na maganda, wala nang regla.",0.9186213612556458,96.32551455497742
id feel ashamed if it wasnt so pretty,0,sadness,Magkakaroon ako ng hiya kung hindi ito maganda.,0.9023454189300537,96.39061832427979
im feeling hopeful and so thankful for the supportive family i have helping me with this transition,1,joy,Nararamdaman ko ang pag-asa at lubos akong nagpapasalamat sa mapagkalingang pamilya ko na tumutulong sa akin sa aking pagbabago.,0.8698834180831909,96.52046632766724
i feel have not convinced me,1,joy,Hindi ako nakumbinsi.,0.8303959965705872,96.67841601371765
i feel heartbroken again i feel dead inside lost angry at myself,0,sadness,"Nararamdaman ko ang sakit ng pagkabigo muli, parang patay na ako sa loob, nawawala, galit sa sarili ko.",0.8793140649795532,96.48274374008179
i get scared i feel ignored i feel happy i get silly i choke on my own words i make wishes i have dreams and i still want to believe anything can happen in this world for an ordinary girl like you like me for an ordinary girl like you like me how are you,0,sadness,"Natatakot ako, nararamdaman kong iniwan, masaya ako, nagiging baliw ako, nahihirapan akong magsalita, gumagawa ako ng mga hiling, may mga pangarap ako, at naniniwala pa rin akong posible ang lahat sa mundong ito para sa isang ordinaryong babae tulad mo, tulad ko, para sa isang ordinaryong babae tulad mo, tulad ko. Kumusta ka?",0.884753942489624,96.4609842300415
i am feeling peaceful yet determined as i listen to the slight humming noise of the ceiling fan,1,joy,Nakakaranas ako ng katahimikan ngunit determinado habang nakikinig sa mahina at maamong ingay ng palayok sa kisame.,0.9260712265968323,96.29571509361267
i often feel so distressed and freaked out whenever my child gets sick,4,fear,Madalas akong makaramdam ng malaking pag-aalala at takot kapag nagkakasakit ang aking anak.,0.9046043753623962,96.38158249855042
i crossed the line targeting the developer more than the game and hurting feelings that didn t need to be hurt,0,sadness,"Tinawid ko ang linya, nakatuon sa pag-atake sa developer kaysa sa laro, at nasaktan ang mga damdamin na hindi dapat masaktan.",0.8745508193969727,96.50179672241211
i feel thankful that each and everyday he burns in me this way letting me know that in the darkness of the life i have once led under my parents he has risen to show me that i did nothing wrong,1,joy,"Nararamdaman kong nagpapasalamat ako na araw-araw niya akong pinaparamdam ng ganito, na nagpapaalala sa akin na sa kadiliman ng buhay na noon kong pinagdaanan sa ilalim ng aking mga magulang, siya ay sumikat upang ipakita sa akin na hindi ako nagkamali.",0.9072369933128357,96.37105202674866
i have been thinking about ecology as a metaphor for second language studies for some time now but i feel like the thought of it is more elegant than my words can ever be,1,joy,"Matagal ko nang iniisip ang ekolohiya bilang isang metapora para sa pag-aaral ng pangalawang wika, ngunit nararamdaman kong ang ideya nito ay mas maganda kaysa sa aking mga salita.",0.8804460167884827,96.47821593284607
i feel sentimental loyalty just as much as the next average joe you know im just as prone to irrational attachment as any super lucky super prosperous well educated white girl at the exact middle of her life,0,sadness,"Nararamdaman ko rin ang sentimental na katapatan, gaya ng karaniwang tao. Alam mo, ako rin ay madaling mag-attach nang hindi makatwiran, gaya ng anumang babaeng puting mayaman, edukado, at nasa gitna ng kanyang buhay.",0.8535927534103394,96.58562898635864
i love photographing this gorgeous family the love they feel for each other is so strong it radiates around them,1,joy,"Mahal ko pong kumuha ng litrato ng magandang pamilyang ito; ang pagmamahal nila sa isa't isa ay napakalakas, parang kumikislap sa paligid nila.",0.8942373991012573,96.42305040359497
