text,label,label_desc
i feel that i am so stressed out at work what i do is i escape,0,sadness
i remember feeling so disappointed and discouraged when i realized after my first two that the baby belly on some women i,0,sadness
i feel so inlove whenever i watch the film i love steve sean faris julie s love interest i adore their friendship plus i was so thrilled about the whole sleepover scavenger hunt thing but other than that i absolutely love the part where julie talks to her mom,1,joy
i write these words i feel sweet baby kicks from within and my memory is refreshed i would do anything for this boy,2,love
i need to feel personally valued,1,joy
ive been feeling more emotional now perhaps because the physical ailments are subsiding,0,sadness
i feel neglectful and while at her reception i grazed her arm as i walked by and she pulled me back and said where are you going youre way more imporant than those people but i was stoned and full of champagne and could only tell her she was beautiful and that he seemed nice,0,sadness
im feeling all sentimental too and i cannot wait to be up in vermont for christmas with the whole ryan family,0,sadness
i havent been feeling incredibly passionate about medicine recently in fact i havent been feeling particularly passionate about anything,2,love
i guess i should feel appreciative of that,1,joy
i felt a lot of guilt for not trying harder and finding other solutions to continue breastfeeding much farther past months but as time goes on i feel content knowing i did the best i could with what resources and support i had at the time,1,joy
i feel a bit smug too as well as annoyed,1,joy
im excited for these new changes cause i really feel like it will help me feel like myself again in this funny blogging world,4,fear
i feel like i will be successful,1,joy
i feel i was wronged,3,anger
i feel that she doesnt think i appreciate what she did for me and i couldnt be more appreciative,1,joy
i get the feeling that if the tabloids either ignored her or somehow painted her as a hero or comedic genius shed be totally happy even if the women in the house were upset,0,sadness
i have read and personal stories that have been shared with me so i feel that it is totally ok to share,1,joy
i continue without alva and noe but tell her that ill be out on the course as long as she is and after awhile i try running and even that feels ok,1,joy
i was feeling extremely agitated after coming home from china,4,fear
i was thinking about going out to dinner but im feeling like i might not be bothered too,3,anger
i feel honoured that my art is in someone s home and is being enjoyed on a daily basis,1,joy
i feel like i am carrying him suuuper low too,0,sadness
i wonder how is it feel to be really smart,1,joy
i feel i punished her for caring for me,0,sadness
i feel beaten up and tired mentally and physically,0,sadness
i pulled out and explained that i couldn t feel my penis or at least feel it with any more feeling than my aching back or throbbing balls or stinging nipples,0,sadness
i have been gathering them up when i feel brave enough and pressing them at home under books,1,joy
i feel sure the donation would have been rejected,1,joy
i was feeling depressed about our infertility and had received a slew of pregnancy announcements that week,0,sadness
i found myself agreeing with a lot of her thoughts about how pregnant women are wrong in feeling superior to others about how each man basically just wants a woman who lets him do anything he wants,1,joy
i feels shocked looking at the elder fitch twin,4,fear
when my mother was tremendous on the phone and we talked for hours she was in a good mood,1,joy
i feel so dumb when at first run through it all seems over my head amp a little too much for my struggling brain,0,sadness
i was okay with it but still little have feeling for that my brother was more amazed he like mihm but he wasn t going to get playing time,4,fear
i saw kyuhyun in the crowd today while i was strolling through apgujeong with hyunjin the woman breathed feeling every bit sceptical at her own words,4,fear
i just have to be sure i still remember to keep feeling excited and enjoying what i am already doing along the way,1,joy
i feel virtuous because all day i have cleaned a house that needed the mopping and tidying,1,joy
i started to feel rotten sore stomach sickness and needing to go the toilet,0,sadness
i try to find something that does not make me feel foolish,0,sadness
i dont mean to boast but i feel rather impressed by my message,4,fear
im not the only person in the world to feel miserable from time to time,0,sadness
i dont want to approach this topic too lightly but at the same time i feel apprehensive putting it all out there,4,fear
i would feel terrified for them and enjoy this movie a little better,4,fear
i always feel jealous,3,anger
i am feeling quite impressed with myself because i went two directions across the top row and down the left column,4,fear
i have no word to describe the feeling reply she said its been days today that i have been in such a lovely country india i never thought that anything like this can ever happen to me where everyone treated us so gracefully humbly and with so respect,2,love
i feel like a monster because as we make our way through the rubble and stunned bodies all im thinking is that we need to find a way to keep going,4,fear
i know you contributed to my success but i am just feeling petty enough today to ignore those contributions,3,anger
i have been using deborah lippmann hard rock as a base for a couple weeks and it seems to prevent staining exceedingly well so i ws feeling brave enough to try this modified french tip two coats of a peachy pink jelly sation love at first byte then a random black with a dotting tool for spots,1,joy
i finish this note not wanting to sound sad i feel positive and happy iv written it down its gone from my head so i can stop dwelling and move on to making it happen,1,joy
i feel strangely carefree and free from all burden and it feels absolutely wonderful,1,joy
i think i might feel a little remorseful if i pursued either of those options right now so ive put them on the back burner in case i change my mind later,0,sadness
im nervous but feeling passionate,1,joy
i feel like this will be an amazing series and will be epic in the movie theater,1,joy
i feel less alone and more like i belong,0,sadness
i am so aware that if i indulge my wounded self in the first thoughts i will feel impatient and burdened and if i make sure that my loving adult is in charge thinking the second loving thoughts i will feel happy blessed and peaceful,3,anger
i feel somewhat disheartened i guess having to submit something lacklustre in just to meet the deadline,0,sadness
i express that same feeling im homophobic boring or in denial,0,sadness
i did not really want to die but i wanted out of the pain that i was experiencing and that i was allowing others to experience by watching me and feeling helpless to do anything about it,0,sadness
im feeling generous now the proposals to allow crop based biofuels to reduce our fossil fuel use by only and to withdraw the market for these biofuels altogether after mean that around m of investment in the uk biofuels industry could be in peril,1,joy
i feel this strange sense of importance of life and the world when i stare at the stars all night,4,fear
i don t feel so fearless,1,joy
i just feel she needs to come to me and lets get it all on the table and discussed hopefully resolved,1,joy
i feel so invigorated and refreshed afterwards,1,joy
i have unwashed hair but a new shirt and also the weather is the bomb but i also feel sleep deprived and havent had a diet coke and its am,0,sadness
i was so excited to try it considering i havent before and so many people rave about it but i didnt feel like it did anything special for my lashes i dont really like drier formula type mascaras but i prefer the wet formula ones more,1,joy
i feel like this service is at its core relatively useless,0,sadness
i do feel has conditions it hurts deeply and it is not pleasant,1,joy
i am feeling drained its probably related to addisons,0,sadness
i was left feeling a little disheartened,0,sadness
i feel myself uncertain as to the next step to take,4,fear
i feel satisfied if i finished doing my revision before exams,1,joy
i felt such guilt for being sad for having anger about anything and for feeling less than completely thrilled with my life,1,joy
i am also feeling his prompting to offer my comments about what exactly is going on in our very troubled world and what he has lead me to do regarding these times we are finding ourselves in,0,sadness
i want to understand how i can count all things joy when life feels anything but joyful,1,joy
i am going on day of my goddess workouts and am feeling fabulous,1,joy
i feel i am with ampatuan and joining the forces of hell bitchy human who only wants is to spread their worst odor in this world,3,anger
i breathe and walk i feel less joyful than most other people,1,joy
i never feel triumphant and glowy on my treadmill,1,joy
i feel so worthless and ugly a href http afaerytaleinmakebelieve,0,sadness
i hear myself soothing in a low soft voice and i marvel at how the voice makes me feel calm and strong also,1,joy
im feeling so lousy they tried to cheer me up during school time and during choir practice,0,sadness
i have been feeling restless lately,4,fear
i also feel like i was being way too irritable today,3,anger
i feel freakishly optimistic which really runs against my natural character,1,joy
i have survived the low part of the crash im starting to feel hopeful again,1,joy
i asked feeling outraged,3,anger
i feel so cool now like one of the cool kids in the neighborhood haha,1,joy
i still feel mentally in the game but a string of unfortunate events most i haven t written about had me sitting on the sidelines temporarily,0,sadness
i feel like im supporting even more,2,love
im already feeling stressed about salvaging the friendship as time goes by i realize theres also another point that isnt helping,3,anger
i am feeling soooo eco friendly,1,joy
i then feel like a hopeless case beside them,0,sadness
i feel them and im loving it,2,love
i want to be able to leave my house on my own without feeling terrified and im going to work on this every day,4,fear
im thinking that feeling extremely cold yesterday was more down to me brewing something than the actual weather,3,anger
im feeling brave today so here goes,1,joy
i couldn t feel the fake lashes at all,0,sadness
i try so hard to help them see the joy in life i always feel i can help these damaged and empty people and each time i fail i have to accept it as their failure not mine and i have a hard time doing that,0,sadness
i did feeling jolly accomplished currently,1,joy
im not going to lie i had started to feel over confident with the skinny fiber again as i had now dropped from a size x to a size x in clothing,1,joy
i am left to feel helpless to do anything,4,fear
i remember feeling absolutely devastated by what i saw,0,sadness
i was so irritated because i just knew i wasnt pregnant and i was wasting my time and feeling lousy for no reason,0,sadness
i feel horny and asked her to show her cam and she show me and asked her to show me her body and we do a great cyber sex that day,2,love
i feel so hopeless and strange and all i really want is to actually disappear,0,sadness
i just want them to hug and drink beer together and for neither of them to feel tortured at the same time,3,anger
im feeling generous id treat my friends for dinner or have a bbq at home in our little backyard while the weather is still nice and warm,1,joy
i didnt want to feel humiliated and was beginning to regret my decision to stay,0,sadness
i feel slightly more agitated,3,anger
i feel unwelcome in my own country,0,sadness
i wont get it for her i tried honestly i did and shes making me feel terrible she makes me feel like the bad guy,0,sadness
i feel content if not happy,1,joy
i am feeling the strange mix of extremely proud relieved she is on the path to her fabulous future but gutted she has chosen to move out to live in halls of residence at uni,4,fear
i feel funny about saying any of this because the book is selling millions of copies every week and it seems i m the minority in this,4,fear
i feel afraid to live alone living far from them,4,fear
i feel like we all have somehow convinced ourselves that these really pointless events somehow mean everything to us,1,joy
i feel sad for you and me because i know how much we will miss the entire powell clan,0,sadness
i was feeling rather pleased with myself when colombians who remembered the gringa with the bike from el amparo took me under their wing as they reckoned if we inquired about a boat as a group of we would get a discount,1,joy
i feel like i totally fucked up,3,anger
i was feeling this really weird sense of isolation that would have creeped me out pretty bad if i was alone,4,fear
i feel like a doomed cassandra,0,sadness
i feel stressed out i have to learn a lot and i cannot give my blog and looks the time i wish i could,3,anger
ive found it has made a huge difference especially on the finger with my ring and the my skin feels so much softer and less irritated,3,anger
i feel so vulnerable,4,fear
i dont have to know how or why all i know is that im building good habits without feeling deprived in any way,0,sadness
i feel like a neglectful pet owner,0,sadness
i wanted to team up with my girlfriend and accept the sport amp health challenge to tone up drop pounds exercise five days a week eat healthy and feel more energetic,1,joy
i feel victimized by someone or something,0,sadness
i woke up feeling alarmed,4,fear
i wont feel deprived and can stick with this,0,sadness
im feeling abit grouchy with kim,3,anger
i feel so repressed when compared to dear a href http eurodancemix,0,sadness
i feel pretty honored to be around some really great moms and women,1,joy
i feel so petty getting all worked up about all this stuff but thats not really whats made me the way i am,3,anger
i read i feel like ive just enjoyed a rich journey through the history of settling the american west as well as through the values faith fortitude hard work and joy so readily cherished then and hopefully now,1,joy
im feeling horny i go on to omegle and have sex chats cyber sex with guys,2,love
i remember then feeling bitter that i couldnt pop the balloons and join in the celebrations,3,anger
i would feel helpless feeling of wronged frustrated and misunderstood,4,fear
i and kiyoshi for sharing your feelings and memories from such a delicate personal time in your lives,2,love
i blinded feelings i meant liked stupid i,2,love
i feel like there is too much suffering for those of us in christ jesus,0,sadness
i have been feeling very sad today and i dont know how to fix it,0,sadness
i will continue to feel disgusted every time i accidentally catch a glimpse of myself in the mirror or see the results of an impromptu picture,3,anger
i don t think that i have to feel entirely wonderful about my wife dating someone in order to go okay that should happen,1,joy
i wake up in the morning and i have been having sexy dreams for i feel very horny and in need of a fuck,2,love
i do love my life even when its feeling too isolated,0,sadness
i mean they were minor pains as there was minuscule growth but you get the feeling tampons and period cramps for the firs times in life was certainly not my dad s idea of a carefree holiday,1,joy
i feel my foot is aching my thigh is numb from the knee to the hip although i haven t gained weight i feel like it is shifting to my middle and i feel like i m a little trapped in this crumbling body,0,sadness
i shared previously the tv program and another minor disagreement before bed left me feeling rejected and lonely,0,sadness
i felt afraid just before receiving the question paper of the part ii exam,4,fear
i realized that i was tired of feeling weird in relationships with boys,4,fear
i feel shaky dizzy and my stomach starts to hurt if i miss a meal,4,fear
i am satisfied with the final installment and feeling a bit melancholy,0,sadness
i feel blessed to be on this journey so quickly and honored to help,2,love
i listen to the cd i am left feeling a little more confident and less stressed,1,joy
i guess i do have to give some credit to the douche bags out there though because after all those feelings are what give birth to these lovely words i utter,2,love
i remember feeling so embarrassed the entire meeting,0,sadness
i feel like a snow globe that has been all shaken up and i m still waiting for the dust to settle,4,fear
i feel that her features makes this hairstye look really elegant,1,joy
i ask you not to feel pressured by this,4,fear
i feel like you have so be pretty self assured in order to do that,1,joy
i feel that i need some divine direction in order to move forward with the things that god has called me to do,1,joy
i feel consistently dissatisfied disengaged disinterested and without any zest for what i m doing in my life i eat,3,anger
im feeling pretty proud most of the elements in the room somehow worked their way onto my body,1,joy
i have to admit i feel a little hesitant about embedding a music video below in this case,4,fear
i do or make today is a bonus because i feel like today has already been worthwhile,1,joy
i feel like god has been gracious in answering prayers,1,joy
im beginning to feel like i know the terrain ive lived numb for so long now numb feels like norm thats where the story ends and this is where the fairy tale starts im beginning to feel happy,0,sadness
in certain occasion i have a fight with my boyfriend during the fight i closed the door at his face he went away but came back next day,3,anger
i feel so much more myself and i missed me,0,sadness
i feel peaceful and calm within myself,1,joy
im feeling really bitchy so just stop reading if you dont want to hear my sob story,3,anger
i feel a remembrance of the strange by justin aryiku falls into the latter category,4,fear
i cannot begin trying to understand how it must feel to be surprised by an earthquake or see the devastating pictures live to escape from a tsunami,4,fear
i am signing up for prenatal yoga and making an effort to get out for more walks and hopefully a few trips to the gym in my near future not so i can gain less weight but so i can feel better about myself too,1,joy
i can honestly say this is one time in my life where i feel legtimately victimized,0,sadness
i see each time you is what feel i am very anxious to to living to eat you,4,fear
i feel bad for the police officer,0,sadness
i was tired sore and didnt really feel like makin the mile trip to church i was ecstatic to be there and enjoyed every minute of it,1,joy
im not planning to get hammered i warned feeling virtuous,1,joy
i could feel that the person was pissed at me because that person didnt understand what i was trying to say and so there was further personal attack again asking me whats my nationality giving me that shit face and blah blah,3,anger
i dont like poetry too much because i feel its for whiney dramatic people,0,sadness
i feel so fond of him i want to squeeze him tightly and not unusually,2,love
i hate feeling indecisive because im being negative right now and i dont know what i want,4,fear
i no long feel furious about they re lack of cooperation,3,anger
i actually went into pilates yesterday feeling somewhat remorseful for the shoes i wore that day shoes i often refer to as stinky feet katie shoes,0,sadness
i wake up every morning not knowing what the hell to do and feeling like crap with my stomach on fire and my bones aching and then i go to bed every night feeling the same thing,0,sadness
ive been munching on craisins when i feel like something sweet,2,love
i am not a deep thinker and sometimes i leave feeling depressed and not inspired,0,sadness
i personally feel that god is gentle and kind but i dont think he wants me to enter into a friendship with me,2,love
i feel some people shouldn t answer if they are not considerate and serious,1,joy
i love to inspire students to be creative and most of all i love the moment when they create something that makes them feel successful,1,joy
i was healthy then this mild but annoying cold ad now a new cold which made me feel just awful for he past day,0,sadness
i can feel something unfortunate taking place though out here and in new york,0,sadness
i feel especially vulnerable to being treated as a second class citizen,4,fear
i was starting to feel the kick of the alcohol and jerald was slightly amused and said he would probably see me down half an hour later,1,joy
i remember how i used to feel watching tv and seeing sara rue on popular because she was an inspiration to me,1,joy
im going to force him to read dianne wayne jones which even i cant read and hell develop a complex with the realisation that hes just asking questions i cant answer because hes an insecure little berk who needs to feel superior to everyone around him,1,joy
i like the small town feel and friendly open polite conversations,1,joy
im feeling damn fantastic,1,joy
i look back on that moment of my writing life and feel a bit ashamed that there is a part of me that wants to wrap up the everything theory series and then pack up the story ideas and call it a day,0,sadness
i miss feeling glad,1,joy
i thought we had done wrong by calling it off and i suddenly didnt feel confident in saying yes,1,joy
i feel like it has some necessity in a romantic relationship but too much can be very harmful in that context but that s not my problem,2,love
i got a stitch in my side during the first mile couldnt feel my feet it was so cold etc etc,3,anger
i feel the need to turn to my beloved nations,1,joy
i am feeling fearful or upset about any situation in my life i have only to notice my reminder sitting right before me and i begin repeating this affirmation over and over again,4,fear
i feel horribly restless,4,fear
i feel like ive been reading lisas blogs for ever and it was lovely to finally meet her and her boys who i recognised immediately,2,love
i was down and feeling doubtful,4,fear
i have no money to sort any of it out and i feel very messy,0,sadness
im feeling really strong since starting the shred two weeks ago i have new muscles,1,joy
i feel humiliated since a boy has to lead me through it gt lt gets sick ive avoided the dance through all folkeskole and im not going to chance that,0,sadness
i feel terrible for him and want to cheer him up,0,sadness
i certainly do sound like some lowdown bitch who is just countering back what people have to say but whatever it is what exactly bothers me oh well bet that hit one of their aims is that i wonder why people feel so entertained exhilarated thrilled excited when they provoke the feelings of others,1,joy
i feel offended if you question my results as unfair saying that i am lazy and all so why,3,anger
i mean i know how it feels that a person is valued by the family if s he gives money or food to the table,1,joy
i feel your scent i enjoy the way you drink your coffee so dignified you smirk at the sight of interesting details black ink spilling words on white paper you spell them out with your lips as you scim along i love when you ask me what do you think,1,joy
i feel the more im convinced that i dont want to let this go,1,joy
i don t believe these feelings can be blamed solely on the lack of empathy towards family life by government policy makers and employers which the analysis on this survey would seem to suggest,0,sadness
i was feeling so jaded i still am from all the sep preparation which for the most part progress has been moribund that i didn t feel like going on sep anymore,0,sadness
im feeling generous lets make it a a href https www,2,love
i feel melancholy about the past as my parents have passed and i never really told them how thankful i am,0,sadness
i can t say it s made me feel any less depressed anxious but mingled in with the depression is a certainty that i can get to the other side if i keep putting one foot in front of the other,0,sadness
i have been blessed with a knowledge of these things and i would feel ungrateful not to share them with others,0,sadness
the possibility of having failed the examination,4,fear
i think this is a valid complaint for those who arent willing to deal with it this aspect i imagine will be rather subjective but it makes sure that the cover based moments still feel dangerous despite being in cover,3,anger
i just smile because it feels rude not to do so if you make eye contact i also can t really help myself,3,anger
im feeling stubborn today and got home and was like no way im gonna go get that mri soon,3,anger
i did feel very very heartbroken that i did not enter semipro,0,sadness
i feel embarassed humiliated sad miserable a title permanent link to what if i have already fallen in love,0,sadness
i could feel blake more sharply and i felt a little more delicate i guess you could say,2,love
im feeling stressed overworked and running on fumes,3,anger
i guess i talked to enough people to realize that we all feel intimidated by meeting others for the first time,4,fear
i feel incredibly relieved,1,joy
i am progressively getting it done and am feeling pretty confident that i will get it all done before i hit too close to the wire,1,joy
i had a great relationship i feel so blessed to have had such a strong male figure in my life he truly treated me like his princess,2,love
i jumped off and sauntered into the spa area feeling very pleased with myself,1,joy
i feel restless otherwise known as useless or lazy when i take long breaks from writing,4,fear
i feel it is unfortunate that i have had to take these drastic measures and post this notice as i truly loved posting my new work to flickr and interacting with new people from all over the world,0,sadness
i don t want to bury the hatchet with even though it would be in my best interest simply because i feel that apologizing to a person that insulted me would make me feel like a punk,3,anger
i have a lot of missing information about how your previous final communication went and how you feel about this guy and what you ever liked about him but i will advise you to not be afraid of him in any way if you don t want to communicate further with him just tell him that,2,love
i don t feel as relaxed when i sleep because of this,1,joy
i really did feel fantastic after writing out that list and i still do every time i read it,1,joy
i wake up feeling dazed from deep slumber and convoluted sometimes exhausting dreams a bit like a href http skdd,4,fear
i sometimes feel quite isolated as we live in a regional area so i often think,0,sadness
i want you to feel my awe and astonishment at this amazing thing that is happening,1,joy
i want to just drown myself in the excitement and hype of the inauguration i still feel very troubled about where both america and the world are right now,0,sadness
i do feel blamed for everything i,0,sadness
i was up to my eyes and studying and feeling pretty jaded a href http maturestudenthanginginthere,0,sadness
i have a massive identity of my own and always feeling like i take the boring route,0,sadness
i work for a company that makes me feel valued even if the work i do is miniscule i feel as though i am an integral part of their operation,1,joy
i feel more mellow about this move than k is,1,joy
i feel like im as useless as dust bunnies,0,sadness
i don t feel that he is supportive or encouraging to me,2,love
i end up feeling groggy the rest of the day amp guilty that i didnt get anything done,0,sadness
i feel after i quit a job i hated class thumbnail width,0,sadness
i will probably do but for some reason i feel a bit agitated by it all,4,fear
im used to being up and around until the wee hours of the morning after changeling so anyone is feeling sociable give me a call im me or stop by,1,joy
i feel drained mentally and physically and i really need to get back to a better spot,0,sadness
i would feel more peaceful and easygoing,1,joy
i got a very encouraging phone call the other day and im feeling very hopeful,1,joy
i feel so unwelcome there but not because of her or gary i just feel that i shouldnt be moving back in with them,0,sadness
i can think of to quit are not based on my own needs and wants but those of others scars make other people feel uncomfortable self injury makes friends feel like they aren t offering enough support cutting is something sad teenagers do,4,fear
i feel very reluctant to have to walk through,4,fear
i feel like the cabbage potatoes and venison were components of a rich stew and the pomegranate seeds were meant to cut through the thick oiliness of the rest of the dish,1,joy
i feel so profoundly blessed to finally be in a good place of life to be at peace to know what i would want in a husband and to be able to recognize it quickly,1,joy
i didnt feel passionate about most of the posts,1,joy
i feel glad to be able to help others through compassion and listening gifts the lord def gave me,1,joy
im feeling stressed about upcoming events drowning in feelings of being overwhelmed with how much i need to do in order to get my house back in order and the long week i have ahead of me that my husband will be out of town,3,anger
i hate feel needy,0,sadness
i kali ni feeling aku dah bertukar jadi boring benci,0,sadness
i feel helpless about not being able to help him in feeling better but do my best to encourage him and think positively as mom is doing,4,fear
im feeling frantic i try to remember to breathe and laugh,4,fear
i kinda feel ungrateful because everyone always writes about their friends and i never have,0,sadness
i feel like a lame wife,0,sadness
i don t know it s just that it was like on top of our head so much of yesterday that it was really bothersome and we re still feeling a little mad about it,3,anger
i feel that in a there is a sense of kenya openly interacting supporting shiraishi instead of just happening to pat shiraishi on the shoulder,1,joy
i feel joyful of my new beginning,1,joy
ive been feeling very sentimental and reflective the past few days,0,sadness
i feel like handing the kids over and saying here you think theyre so cute,1,joy
i had spare gear on the bike to cope with two punctures but was feeling particularly paranoid about the race tyres as i had already had two punctures on the previous three times i had taken them out training,4,fear
i found a good article where you are not to mediate if you feel threatened or intimidated by your ex controlled or you life is controlled by your ex where your child is being manipulated by your ex,4,fear
ive just been feeling so submissive recently,0,sadness
i just feel strongly that i cannot condone violent methods to achieve a political goal,3,anger
i feel carefree and young and amazing,1,joy
i could add input advice and guidance made me feel valuable,1,joy
i feel a little uncertain about the structure of a revalidation portfolio,4,fear
i feel out of place because im more relaxed and informal,1,joy
i find that in times where i feel i am not being respected or i am not getting the point across of how something may make me feel uncomfortable that being nice only seems to encourage these things to keep happening,1,joy
i feel rushed again and its the lack of time jerry springer weather amp suddenly you want to put porn on i am very confused but hey let me do that while you enjoy that i had fun fun fun without your hun without a block so hype all about it,3,anger
i was feeling discouraged at this point,0,sadness
i truly feel that the portrayal of jesus in this movie was gratuitously violent,3,anger
i can sleep on the couch or on the floor if you are still feeling shaken he offers gently,4,fear
i guess and by am i was feeling really melancholy and sad for the people in the movie the heavy use of the cello in the soundtrack makes anything seem sad,0,sadness
ill add i havent tried all that time but i do feel as i adapt and pick up techniques quickly this is one of the things im amazed that its taken me this long,4,fear
i feel no joy like that the faithful feel viewing the glories of their holy place an horror of great darkness is upon me a fearful dread hath overwhelmed me,1,joy
i feel really sad that my own girlfriend cannot even open up to me or communicate with me,0,sadness
i also feel curious when i read all the readings because not only i want to have depth understanding of social constructivism itself but also i found this unit gives opportunity for me to understand the philosophy of each type of constructivism,4,fear
i will try to explain how i feel in order that you don t think i am ungrateful for having been blessed with a child,0,sadness
i just feel kind of heartless now,3,anger
i feel as rich as solomon,1,joy
i always feel a bit personally assaulted,0,sadness
i feel myself afraid of being abandoned,4,fear
i had to take them out for a while leaving me feeling even more distressed,4,fear
i know that when i am feeling distraught or moody i can depend on you two to put a smile back on my face,4,fear
i feel the most glamorous is when i m feeling the most capable the most confident or the most in tune with my own mind,1,joy
i couldnt feel thing however that kind of bothered me because i didnt feel it pop,3,anger
im supposed to feel compassionate towards that little girl but i feel like she never existed,2,love
i just really need the money right now and i feel like some greedy nasty aunt for not wanting to hand everything over,3,anger
i think i am feeling a little rebellious as i am getting older and i like it,3,anger
i need to move past the grief and maybe even feel angry,3,anger
i feel like when you only have one child that the time you have with them is all the more precious,1,joy
i also feel as though this assumption is rude as soon as they are informed they are married the next question follows do you have kids,3,anger
i think too much about how i sit how my voice sounds if i ve gotten any food on my mouth and the feeling that i need to make my way around to everyone so as not to be rude,3,anger
i really feel about affiliate marketing add to delicious a href http www,1,joy
i love it he makes me feel so greedy,3,anger
on a dark night i felt that there were several people near me and i did not know who they were,4,fear
i feel gorgeous is a very fitting word to describe the new album in my humble opinion,1,joy
i know many people still feel betrayed by neil odonnell for his two very unfortunate interceptions and i realize the loss is at the top of most fans lists of most heartbreaking moments in pittsburgh sports history but i dont look at it that way,0,sadness
i started out feeling sympathetic towards him because i wouldnt want dr,2,love
i feel no sense of chivalry or magnanimity whatsoever toward the defeated opposition,0,sadness
i hate feeling bitter,3,anger
im feeling the world spin around me while im in bed only after a couple of glasses of wine which doesnt do this to me im getting suspicious,4,fear
i will feel as though that time has come in vain,0,sadness
i say it it makes me feel special,1,joy
i did not however feel like the teachers guide was useful after about the first month,1,joy
i feel bitter and jealous,3,anger
i met new friends rachel benedict and all feel more assured about my faith,1,joy
i want to go find something to wear for pesach that is ethnic and flowy and perhaps even jingly and makes me feel playful and royal at the same time,1,joy
i feel the need to comment on how amazing it is,1,joy
ive been feeling kind of distracted and that is obviously not conducive for working philosophy problems out,3,anger
i feel groggy today and tired,0,sadness
i am feeling jaded,0,sadness
i know how that feels have in ars nes own words disturbed the croatians season somewhat,0,sadness
i feel you need to focus on your responses and they need to be truthful,1,joy
i for thanksgiving complete with lb suspiciously moist turkey and traditional stuffings and with the final death of thanksgiving i can look around and go ahhh and start enjoying the holidays rather than feeling assaulted by them,0,sadness
i tend to be a window shopper when im alone because theres always going to be a self imposed limit of one or two when im feeling naughty,2,love
i go through the cycle again and again attending lessons doing tutorials feeling lethargic etc etc,0,sadness
i also potted up this fuchsia grown from a cutting last year my first attempt at taking cuttings and of which im feeling rather pleased with myself,1,joy
i instantly feel anxious that a police officer is going to pull me over,4,fear
i feel honored to have had the privilege to have met him,1,joy
i felt unfairly treated at an airport,3,anger
ive been waking up to a bladder that feels extremely unhappy and i found any type of exercise made it worse or definitely irritated it,0,sadness
i feel agitated,3,anger
i still feel tortured by feelings or thoughts or memories,4,fear
i loved my supervisions because i come in feeling like a dumb dumb and leave feeling so heroic as if ive accomplished something huge,0,sadness
i have to confess to feeling quite angry when i read some of the negative reviews of uses for boys some of which are basically victim blaming and slut shaming,3,anger
i trust you enough to share a pretty humiliating experience remember this and feel honoured as you guffaw at whats to come,1,joy
i feel like im the only one there with a brain not to be rude but i refuse to sit with loud and rude people so i sit alone with just myself and a good book,3,anger
i didn t feel like i was being punished and didn t feel any pain at any time,0,sadness
i want to feel useful i guess,1,joy
i started to feel really confused,4,fear
i cant help but feel how much burdened my parents are,0,sadness
i swear it felt like every single feeling of exhaustion i have had and then ignored in the last months came flooding back to me last night,0,sadness
i feel absolutely overwhelmed by it,4,fear
i need to act cool act unconcern to him so that he wont feel he is special he is appreciated so that i feel safe that he couldnt see the truth sides of me im so tired of covering all the real feelings,1,joy
i didnt feel scared at all,4,fear
i discussed previously in my last blog post how apprehensive audiences have become towards bathrooms they automatically feel nervous which has become a fantastic trope for horror fiction,4,fear
i put my knitting down and covered my ears with my hands trying to minimize the feeling of being assaulted,4,fear
i was told it would make my arms go numb but i didnt feel anything numb about it as they pricked my arm with their so called baby iv,0,sadness
i feel i must write you owls until i am fearless and brave,1,joy
i love seeing what books resonate with my girls i love seeing their faces grow serious when characters face complications trials and obstacles and i love the discussions that come out of reading time as we talk about main ideas how the books made us feel and what may have surprised us,4,fear
i feel it is equally important that you know i do have a passionate side that gets lit up every now and then and you are bound to see it,1,joy
i have a feeling this will be a good soap for january,1,joy
i asked him how it felt to be under a flogger wielded by me he said it made him feel more submissive to me that he was more and more mine at least for the night,0,sadness
i love the feel of his lips on mine how i feel so safe in his arms even though im older i just love how i feel and who i am when i am with him,1,joy
im taking this to heart and feel that the gentle age of is the perfect time and place to engage in some fearlessness and wholesale change,2,love
i know that car enthusiasts are a bit tribal and youre all starting to feel suspicious about a car journalist whos turned to the dark side but dont worry i still prefer four wheels to two,4,fear
i feel sure that i wouldnt have gained so much weight without the help of bipolar medications,1,joy
i feel as though the past two months have been a strange waking hour upon the even stranger dream of everything my years in wisconsin were and were not,4,fear
im gonna stop him from bugging me and get a license yes feeling very very determined right now insyallah by end of next year,1,joy
i feel out of longing is actually being sublimed,2,love
i deprive myself of everything nice i end up cracking feeling terrible for eating something bad and in turn eat more of it,0,sadness
i could compare john fullbright to a lot of people to try to give you some reference points but i feel like that does him a disservice as soon as you think oh hes like fill in the blank suddenly hes not,0,sadness
i always feel rushed on the way to visit no comments,3,anger
i have been really feeling my age and beyond this week i thought a gentle reminder was in order,2,love
i feel thankful for,1,joy
i thank him when i feel so utterly defeated,0,sadness
im already rereading what i just wrote and feeling like im portraying my sweet girl as a brat,2,love
i feel like a savage when i eat meat but i wouldve eaten my own hand if i couldnt have some of that turkey,3,anger
i feel so lucky i know that we are in a minority,1,joy
im gradually feeling a little irritated with how pacified all these people can be at present until i wish to just disappear and let them coordinate their own nonsense sometimes,3,anger
i feel rejected like i dont belong to the circle those circles that i realised i never was comfortable there,0,sadness
ive been hanging around younger people and when i am with them i feel like im but when i see the photos of us together i am suddenly shaken to see just how old i look,4,fear
i begin feeling remorseful for not being more selfless and spreading the gospel,0,sadness
i wake up feeling kind of dazed and groggy,4,fear
i still feel quite amazed at how silent snow is compared to rain,4,fear
i feel really honored to be given the opportunity to tell my story,1,joy
i guess im a tough woman but i feel delicate,2,love
i dont know who i like i feel so bitchy and flirty,3,anger
i was feeling threatened that it might be taken away from me,4,fear
i feel them gnawing out holes all throughout my flawless soul,1,joy
i feel a bit dumb,0,sadness
ive moved to northern saskatchewan i feel truly victimized,0,sadness
i have the feeling that she was the super agent we even found out that while she is good at shooting she is not good at shooting at a moving truck,1,joy
i feel so unimportant to all of them they all have more special friends partners etc in their lives,0,sadness
im happy to have finished the script s its good to have a feeling of accomplishment but im feeling rather discontent,0,sadness
im feeling more lively now,1,joy
i guess im just really feeling the heat lately and sweet baby rays buffalo sauce brings it baby,1,joy
i was put on a less powerful pain med drip but i didnt feel out of control so i liked that drug better,2,love
i lay in bed on tuesday night feeling terrible,0,sadness
i feel pressured in social situations yes but not as much anymore i love my body enough to not abandon it for the sake of someone else s beliefs,4,fear
i guess his widow was feeling generous when she packed it up,2,love
im sick of the fact that in the few and far between times i feel i can depend on someone because i am so stubborn and proud never want t but sometimes it happens they let me down,3,anger
i feel very triumphant another personal mini goal accomplished,1,joy
i was feeling excited and motivated,1,joy
i kept quiet feeling a little foolish that i had been too quick to jump into conclusion,0,sadness
i feel assured that this is gods plan for me,1,joy
i could only describe as feeling like there s something moving inside you it s not pleasant but it s nothing like true cramps impossible to describe unless you ve been poked from the inside out,1,joy
i never had the pleasure of meeting him but i feel like i know him through his popular weekly newspaper column the ridgerunner report by jim solberg,1,joy
i feel so curious why she add me back,4,fear
i have all of that obviously because of what i do on youtube and my blog and while i have a ton i like that i can feel ok about it because i have it managed in a nice and organized way,1,joy
i feel pressured to say something,4,fear
i got to feel our sweet girl kick in my belly and he never had that intimacy with her,2,love
i feel like an explorer in my own life radiant woman photography a href http lightsync,1,joy
i would feel fearful of being killed by other mistresses,4,fear
i love the idea of the white blouse under the jumper because i feel the jumper would be too boring without a collar and with the pink spiked necklace underneath the collar i think this would give the jumper a nice touch,0,sadness
i ought to consider this change a wee bit of a little step backward but i am feeling so much more afraid than i should be,4,fear
i made it for when i was feeling affectionate,2,love
i couldn t help but feel like this was warsaw in a nutshell gorgeous spaces with dark shadows that sometimes creep up on you but that are never around for long before the sun returns to push them back again,1,joy
i dunno being around him makes me feel like a startled rabbit,4,fear
i just feel so dirty,0,sadness
i dont know why but i feel emotionally assaulted by this fact,4,fear
i must say i do feel troubled a href http emillionstars,0,sadness
ive been doing and still not feeling good enough but greater,1,joy
i feel the only news which soothes the troubled minds is the news from uk,0,sadness
i feel so sorry for you your family and friends,0,sadness
i just feel so listless and lost,0,sadness
when i happen to witness some sadistic acts,3,anger
i feel pretty confident giving endless opinons about,1,joy
i feel valued scores tracking terribly low,1,joy
i feel like i am totally trusting someone my soul cannot submit to that and so walls go up and the restlessness never ends,1,joy
im listing some reference verses to look up and read to remind you when thoughts and feeling of rejection haunt you that you are a beloved child of god,2,love
i mean i feel i feel like the i feel the burden i cant breathe and suddenly im terrified of october what have i been doing the past weeks,4,fear
i really feel deprived,0,sadness
i happened to see the videotape movie this is america part one at my friends place,3,anger
i have the right to feel jealous naman to think na theres no us to begin with,3,anger
i feel when i have to sit alone,0,sadness
ive been on a bike and this bike it feels kind of strange,4,fear
i feel a little strange recommending this one because i wrote the first night marshal book and invited glenn to write the second,4,fear
i had already decided i liked this guy enough that i didn t want him to die but more and more i got the sinking feeling that very soon after his company walked through the door this guy that i already liked was going to die a horrible death,2,love
i remember feeling terrified around plants back when i was a kid,4,fear
i feel totally disillusioned with med school with london but most especially with my uni,0,sadness
i am not wishing november away or trying to forget about thanksgiving but i need to be mindful of what really matters when i feel overwhelmed,4,fear
i feel all greedy,3,anger
i feel honoured to have readers who understand and will incorporate it into their sport,1,joy
i feel so rude saying i ll get back to you cause shes so nice and needs me but i d prefer to work in a href http www,3,anger
im feeling a little melancholy tonight days ago,0,sadness
i ended the episode feeling really pissed,3,anger
i feel like i am ok at least i pray every night that i am,1,joy
i feel distracted and its sometimes hard to talk to god and that used to be second nature to me,3,anger
i came down into the kitchen of my childhood still in a dream i was like a mini baby on the kitchen table and i told my mother that she should expect to get this kind of a damaged child because she was so narrow and unwilling to feelings and emotional support,0,sadness
im feeling it would be obnoxious,3,anger
i feel vain when reporting everyday happenings in my life,0,sadness
i put these to one side and focus on the following version of the shameful revelations allegation even in an ideal egalitarian society having to reveal to the state that one is untalented would cause citizens to feel ashamed,0,sadness
i feel valued by just contributing what i know of and share what id discovered with others,1,joy
i watched a football match with my old friend the performance of the team was very good and the team members were full of spirit the match was excellent and every time a goal was scored i felt excited,1,joy
i don t want to feel dissatisfied i want to feel happy and fulfilled i don t want to feel i am lacking of something or nothing at all life would be so emptied,3,anger
i got when i went home sick today i m still feeling a bit shaky and for david helping me fix the broken handrail on the basement stairs,4,fear
i feel like weve been doomed from the start and yet were still together two years later,0,sadness
i dont know why but lately i feel so dissatisfied,3,anger
i can feel my stomach aching and grumbling,0,sadness
i feel like at the moment with all the things to do and worry about and organise and because he is so supportive i have let myself forget to give him the attention he deserves,2,love
i feel the compulsion to get low,0,sadness
i know how u feel i hated how people say to just stop thinking about it but try to get help and distract yourself also try to get ur anxiety out in a healthy or helpful way,0,sadness
i feel discouraged and beaten down i do better when i can pray about it obviously and then call my mama and friends,0,sadness
i feel less agitated but a bit more sad sometimes,3,anger
i miss the feeling of loving,2,love
i had been chained up well time was hard to gauge i had been flogged pierced cut blind folded had hot wax put onto me and deprived of light and sound for periods but never did i feel abused,0,sadness
i have chose for myself that makes me feel amazing,1,joy
i become aware that i m feeling impatient and thinking things are not going fast enough i can choose to change my thinking and remind myself that god s timing is perfect,3,anger
im spending every day waiting to hear from you and feeling like an idiot for caring,2,love
i ended up feeling really proud of the final product,1,joy
i cry at the feeling of the suffering of mankind as i have to let go and let the pain flow,0,sadness
when my grandmother came to stay with us permanently as she is a very difficult person to stay with and when she started telling false stories about us to other people,3,anger
i discovered this song called bring me flowers by hope and as beautiful as it is i cant help to feel melancholy whenever i listen to it,0,sadness
i feel insecure around people who i marvel at people who humble me,4,fear
i just take control and baby when you kiss my lips and when you kiss my thighs you got me think of the perfect sh t and it always feel so tender and mild when you got your love in between mines,2,love
im feeling so devastated by losing something that others may see as trivial my god takes on that weight as if it was his own,0,sadness
i feel humiliated to introduce you to my colleagues as my wife,0,sadness
ive been hearing about too many things happening back i singapore and it gets me feeling irritated and depressed about not being able to be there,3,anger
im just feeling very delicate today,2,love
i feel pleased too that i am supporting people with small businesses who work from home buying gifts that have been made with care and talent,1,joy
i learned about taking a dip in the dating pool its that in relationships its always better to feel surprised than disappointed,4,fear
i am still trying to find my footing and after three years in i feel just as shaky as ever,4,fear
i don t want to feel frustrated about this anymore,3,anger
i feel like i was abused raped defiled,0,sadness
i feel so remorseful for doing this to him,0,sadness
i feel very helpless if i do not have any goal to reach nothing to achieve,4,fear
on the way down a ski slope which was difficult and steep,4,fear
i started feeling a bit homesick with the mention of mulligans name,0,sadness
i could at least count it i didnt feel as frantic while the group followed the bird as it moved north through the trees,4,fear
i am feeling rather vain today because my hair looks good and so i have decided to do an entire post about beauty products,0,sadness
i feel like life gave me a plenty of changes to shine and i pissed all over each and every one of them,3,anger
i cant get traction and start feeling tortured by time as my friend denise puts it,4,fear
im feeling very grumpy this week but its not just my annual outbreak of ptpt pre te pouhere tension there has surely been a great deal to be grumpy about this week,3,anger
im not mistaken all the thai business leaders at the dinner feel ashamed about the setbacks that have held thailand back from its full potential,0,sadness
i even feel valuable as a person,1,joy
i looked back at her feeling myself desperately curious,4,fear
i feel completely unsure of any boundaries or normalcy,4,fear
i know many of my readers are also non make up wearers and i know we sometimes feel a longing to at least do something to touch ourselves up,2,love
when i couldnt find my dog which was missing,0,sadness
i tend to be a little more relaxed with our days im forced to be a bit more flexible with toddlers but a lot of days im left feeling frustrated that i didnt get more done,3,anger
i feel somehow regretful,0,sadness
i feel privileged and honored to be able to represent my college in such a prestigious event,1,joy
i wonder if he feels like i dont care about him when i stop caring about me,2,love
im just feeling sort of lame and lonely,0,sadness
i cant help but feel a bi jealous of their professional organization good support system and comfortable living situation,3,anger
i feel very apprehensive to adopt labels and to even identify myself as queer it seems that im still quite unclear on that subject and it keeps me feeling separate from the queer community like joel,4,fear
i came away feeling a bit sympathetic for her because i don t think she had a chance to do anything besides what she is doing,2,love
i smiled to myself musing probably feeling superior just as i felt somehow superior to all these fresh scrubbed college folks off to slum among the huddled masses,1,joy
i have to admit i am afraid that i cannot do that one thing that can make you feel contented,1,joy
i feel privileged to have read this work as it fulfilled everything i want out of a book,1,joy
i feel privileged to call them my cousins,1,joy
i feel like im name dropping but its just that i am so thrilled at how many beautiful and talented people there are in this world and how many of them seemed to have congregated in rhinebeck this weekend,1,joy
i get angry at myself when i feel bitter,3,anger
i feel that more people ought to use percolated as a synonym for horny,2,love
i feel incredibly nervous about it,4,fear
i still feel i have a very long way to go before i can call myself a joyful homemaker,1,joy
i just got back from our monthly quilt meeting and i am feeling inspired,1,joy
i feel like i should be ecstatic and i just want to cry all the time,1,joy
i started to feel cold,3,anger
i feel helpless and lacking right at this moment all i want to do is go to edmonton and then wainwright and look after david,0,sadness
i suspect this is a big reason why so many on screen interactions feel so fake,0,sadness
i feel the weight of emotional issues much more now,0,sadness
i don t really feel attracted to people who are cool and normal,1,joy
i was feeling strong and dodging international distance runners,1,joy
i feel that they will hire billy over sasha because they will not have to pay billy to play catch up on the work that he missed,0,sadness
i didn t feel excited playing it that s how i d know it was time to get rid of the high heels and call it a day,1,joy
i completed this card a while ago but im not feeling it and was very reluctant to post,4,fear
i have noticed my body has not been to happy when i eat red meat and last week i was feeling lethargic and a little seedy nothing i put in seem,0,sadness
i feel the sting of the words as a dull ache and heavy tear ducts not for my miserable highschool life or for having always been the target,0,sadness
i feel like ive been to submissive and let too many people just walk over me,0,sadness
i feel horrible and i would prefer to extend my deepest sorrow rel bookmark permanenter link zum eintrag,0,sadness
i dont know what mediation means to everyone else but to me this process only has value if i freely express how i feel and as this will inevitably leave me feeling vulnerable and exposed the longer the delay the more i can feel anxiety building,4,fear
i feel like ive shaken off some of the funk thats been floating around me for the last bit,4,fear
i feel more like damaged goods than ever because i burned out prematurely,0,sadness
i cant talk to anyone about how i feel because i feel like im just a burden to them and with all of their problems they dont need to be dealing with mine as well,1,joy
i feel like they hated me since then,3,anger
i feel that casual fridays are essential to companies that can manage to work it in to their mantra,1,joy
i feel enthralled by the lyrics and the rhythm,4,fear
i feel this perverse pleasure in knowing how were so much the opposite of everything youre supposed to do,0,sadness
im inclined to think his feeling disturbed is at least partly due to the manifest problems with the tactic,0,sadness
i was feeling groggy and just wanted to sleep but he asked me what kind of surgery i had and a multiplication question,0,sadness
i am feeling stressed and more than a bit anxious,0,sadness
i need to feel confident about my stroke play and when i recently injured my wrist i found the x tremus the best for helping me recover yet still play,1,joy
i know killing myself solves nothing but the hopelessness and sadness is destroying me slowly and i feel like being selfish might be a good choice,3,anger
im feeling a little tender swollen and hot in that area today,2,love
i start to feel less exhausted the bits and pieces of life start to seem far more surmountable,0,sadness
i may feel that way but the fact that stories created by adults that are meant for children contain messages that are not so innocent really makes me wonder who exactly is more mature,1,joy
im not a huge fan but one of my best friends in high school loved her and so many of brittneys songs remind me of a time i actually had friends so i listen to not feel so alone,0,sadness
i didn t feel an aching inside,0,sadness
i feel amped and im inspired,1,joy
im feeling thankful for books york peppermint patties finding a roommate this year who has become a very dear friend of mine blake,1,joy
i wasnt going to make this about what i cant eat and feel like i was suffering or giving anything up i was going to make this about what i was going to gain and what i could eat,0,sadness
i am so tired of feeling sorry for myself,0,sadness
i was going through a painful breakup and went looking for anything that would make me feel less anguished,0,sadness
i feel slightly snobbish,3,anger
i was aware of feeling so surprised so disappointed i don t think i ever really thought i d have to have a c section,4,fear
i liked boys and didnt feel inhibited by them,0,sadness
i like to think i can handle a lot but when i feel like my cup runneth over i get irritable,3,anger
i feel more relaxed improvising in front of a group of other dancers as opposed to myself,1,joy
i love how comforted i feel when im around hunters sweet family,2,love
im feeling this longing for this endless love that maybe we could have if we let ourselves,2,love
i told omangy that i was feeling violent and i wasnt in a good mood,3,anger
i wasnt feeling all that hot and i was moving well,2,love
i cant help feeling agitated about,4,fear
i find myself to pick a draw i somehow have the feeling that heung min son has something special in store for us,1,joy
ive had a few moments the past couple of days were i feel so restless like i need to be moving around constantly,4,fear
i didn t want to feel the disappointment that i was sure to come by getting no more traffic and recognition than before,1,joy
i am close to her i get this complete fuzzy loved feeling grew so fond of,2,love
i am not a good cook mind u i feel contented everytime i got to prepare simple and humble dishes that can be eaten by all,1,joy
i truly feel terrific,1,joy
ive known that this person has been miserable for years im still feeling pretty shaken,4,fear
i feel we re seeing now is a clash between those who are very alarmed at the changes in our planet and those who are rather laconic about the whole thing,4,fear
i know i dont live in new york anymore but i feel so outraged that this could happen in my city,3,anger
i feel like until my brother is completely fine i wont be able to move on with a job or anything,1,joy
i feel cranky already,3,anger
i can t help but feel petrified of the future is she ever going to get better,4,fear
ive used before and it smells a bit floral which isnt my cup of tea however it feels lovely on and makes my face feel soft and smooth like its been polished,2,love
i think maybe the person gives a fake hope just because he doesnt want to show his feeling just because he is to afraid about the girl reactions,4,fear
im already feeling stressed without trying to sort that lot out,0,sadness
i feel really greedy but i like hogging him,3,anger
i hate to interrupt you but the truth is i m feeling uncomfortable,4,fear
i had to cut the lines to make it fit making it sound a bit rushed lets all make believe that that rushed feeling is actually a frantic feeling that was entirely deliberate shall we,4,fear
i feel that a truly valuable lifestyle is available to anyone here who chooses it,1,joy
i try to explain how emotionally empty he can make me feel he seems amused and impatient like this is all im ever going to get,1,joy
i feel a bit foolish now,0,sadness
im not trying to sound so depressed or sad or heartbroken but feeling all shitty once in a while is just human,0,sadness
i feel and the longing i feel for is the connections i already have but have not been brave enough to complete my friendships,2,love
i did something to my back after moving my piano this week im not hercules just terribly stupid so i was feeling a bit miserable for myself this morning and then this turned up in the post,0,sadness
i feel really dumb but also have way more sympathy for people with real and life long allergies,0,sadness
i still feel energetic right now,1,joy
i feel stupid img width height src http voicesfromkrypton,0,sadness
i do feel that you are a little needy because of the tone in your note to me,0,sadness
i feel in the long run this hurts paulie as you could visibly see how distraught he was with the result and the perception of his performance,4,fear
i was feeling so stressed up whenever he doesnt sleeps because i am out with my friends,0,sadness
i feel slightly charmed and wishful,1,joy
i remember two specific things from that class feeling terrified of my teacher who would repeat the same question in spanish with increasing volume until his victim either managed to answer correctly or ran away screaming and feeling distracted by the cute boy who helped me study for tests,4,fear
i feel all mellow right now but i dont think i have anything on my mind worth writing about,1,joy
i find impressive is that bezos has gone through this routine and presumably the same presentation multiple times already and will run through it multiple times after weve left with another set of reporters who will feel privileged to have gotten an audience with him,1,joy
i feel very regretful for what i might done i dont think i remember it,0,sadness
i feel lethargic and unmotivated in the mornings to wake up and blog or catch up on other things that i could do in the mornings so i can have my evenings free,0,sadness
i really could not feel a thing and i felt slightly annoyed at the nurse who every time i pushed kept saying things like you are an incredibly strong woman be strong be strong,3,anger
i feel shy when people reading these but i am writing it here so brothers and sisters would see how real life works,4,fear
i am tired of feeling sorry for myself so i decided to just be thankful and praise the lord as we rode,0,sadness
i feel surprised by my reaction because as a younger woman i always thought i would be a darling older woman,4,fear
i was supposed to be working on a grant application but feeling overwhelmed i decided to curl up with my computer and netflix,4,fear
i feel a bit stunned actually,4,fear
i began to feel unimportant useless insecure and i was disconnected from everything that i used to know,0,sadness
im feeling all puppy dogs and rainbows when im exhausted yes believe it or not my hour work week can be exhausting too have work piling up and havent been able to do laundry or grocery shop in a week cause i have other things to do,0,sadness
i feel that the pace was slowing and for a book that is rich in world building and setting up future plots this is an added bonus,1,joy
my grandfather died he lived almost as a recluse not caring for himself as well as he should dad and we all helped as much as we could,0,sadness
i feel like i just cant be bothered,3,anger
i feel so low from living high chorus post chorus outro i need you more need you more i need you more than dope,0,sadness
i make this blog post i am feeling the melancholy running through my veins,0,sadness
i feel it is vital for google to become a player altogether of web technology aforementioned schmidt,1,joy
i went to an lds step meeting and was so overwhelmed by evil feelings and just broke down and said so at the meeting and expressed how low i felt and how ready i was for these feelings to leave my body,0,sadness
i might not feel so cool,1,joy
i feel awkward and so i start acting awkward lol,0,sadness
i go back to my village i feel i am really lonely,0,sadness
i can think about is how lonely i feel im all grouchy and agitated and esily airritated,3,anger
i feel like hes so smart so i can converse many things with him share everything that i wanna share and ask his opinion about whatever,1,joy
i get on new years eve but it makes me feel rebellious being underage and all,3,anger
i feel it was a very valuable lesson,1,joy
i feel very shocked by how many people i talk to who havent seen this movie,4,fear
i feel angry disgusted,3,anger
i am afraid that i will feel very regretful at that time,0,sadness
i feel like im craving it and then no matter what i order i just really am not that impressed,4,fear
i woke up feeling distressed instead of rested and it can be hard to change gears after that just ask mike two nights ago i dreamed that we were at my master s graduation which was in my dream held at a water park,4,fear
i feel greedy about my work img height src http forums,3,anger
i dnt want yu guys t feel shamed fr knwing nthing instead f pretending r having plastikan with me,0,sadness
i don t feel cute like at all,1,joy
i must say that this makeover has been all consuming coupled with some major changes at work coworkers having babies and i feel like i have been a neglectful lady,0,sadness
i am starting to feel compassionate towards roslin again,2,love
i feel beyond ecstatic acause i can,1,joy
i concentrate on anything else when he feels so miserable,0,sadness
i truly feel sorry for them,0,sadness
i can take away from this experience is that slowing down is not a bad thing feeling like i cant do things sucks but choosing to not do them is just fine by me,1,joy
im feeling like i want to take one of the superior caps just because theyre supposed to be stronger and curiosity is killing me i think i will,1,joy
i have only taken three rolls shots so far and really i have been feeling my way with a very strange camera a lightmeter and the long forgotten thought processes of slow photography,4,fear
i had a really good first impression of them but i feel one of them dont really like us because she wasnt as friendly as when we first moved in,1,joy
im feeling artistic google art project,1,joy
i have a feeling innocent world and i are going to become great friends,1,joy
i feel as though ive been robbed because much of my summer was not so pleasant and although i started with grand ideas about projects that would be done and structure that would be kept and clever new places that we would go,1,joy
i feel the need to be out of the house and doing something worthwhile and productive but also i have a huge desire to curl up in my room and hide my existence from the world,1,joy
i merely say i do not feel those activities to be acceptable for godly men for examples to others,1,joy
i was feeling stressed or run down to support the immune system,3,anger
i am feeling generally morose and didnt stop for my jamba juice today so i am going for a frappucino later,0,sadness
i went to the doctor a few days into feeling weird,4,fear
i feel insulted but i go out with him anyway,3,anger
i am feeling very anxious and frustrated right now,4,fear
i have a feeling it is soon going to become a rather messy heavy book which no one will want to look at but i reckon it will mean the world to me,0,sadness
i spend countless hours on the computer and feel that processing the image is as important as the initial taking of the photograph,1,joy
i declined this invitation but secretly i could not help but feel curious,4,fear
i am feeling clever i see something like this and realize,1,joy
i call someone i feel like i need to at least talk a few minutes to not be rude,3,anger
i am fascinated with the structure and function of the brain its so incredible that everything we think and feel all our memories and emotions are created and stored in this strange convoluted structure,4,fear
i marvel at the wonders of life this happened a while ago but i am feeling sentimental this week,0,sadness
i always feel as though it is my role in life to be supportive to my friends as an example of joy and fun to remind them that life is good that we are good and that when they and we are not we can strive for them to be so,2,love
i feel the pain but with my family and friends support make it sure that no negative thoughts overtake me,1,joy
i know i will feel quite melancholy this weekend as its our very last bit of relaxation downtime within those four walls before a week of working packing and then eventually moving,0,sadness
i feel tranquil now,1,joy
i left feeling triumphant that i had taken the challenge on and saved money,1,joy
i feel sure that this will be a night to remember,1,joy
i was out until at a social gathering so i feel a bit groggy today,0,sadness
i say i m feeling generous so have three winners lisa laurie and teresa,1,joy
i started explaining what my biggest problems were bottling up my feelings and then dumping all those problems onto one person and my selfish search for happiness when i had felt everyone around me had found their happiness,3,anger
i feel so cold here,3,anger
i feel super lucky to have been able to visit it was definitely an unforgettable part of our trip,1,joy
i had an epiphany that i should feel proud of myself img src http expansiveperspective,1,joy
i was pregnant with emily and therefore always feeling exhausted it wasn t that hard to sleep when walter slept if i needed the extra rest,0,sadness
i have a headache and feel weepy,0,sadness
i used to feel sorry for some people who felt the need to pretend,0,sadness
i can say that it is happening in the eastern part of the country and that i feel quite safe here,1,joy
i cry when i think of the utter devastation my mum will feel to lose her beloved companion of years,1,joy
i had to have something to give the katy and the danny and of course they stalk my blog and of course i couldnt leave erica feeling unloved,0,sadness
i feel a bit less burdened with things hanging over my head,0,sadness
ive got a feeling she will be just like her momma stubborn strong willed amp full of tx sassiness,3,anger
i just have a weird feeling that there was nothing innocent about what they were script type text javascript src http partner,1,joy
i wanted to be here and it seems as though the feeling is mutual the club was keen to keep me,1,joy
i am ruining her feeling and was disturbed a href http membres,0,sadness
i just feel totally devastated,0,sadness
i suggested greys and blues with warm tones as the room is north facing and could feel quite cold and flat,3,anger
i want to be recless but im feeling so uptight put your mamma in a headlock baby and do it right whooooos got the crack whooooooooos got the crack whooooo s got the crack whos got the craaaaaaack,4,fear
i just feel this strong desire to know more about my name sake the ensigns,1,joy
i feel lame saying mommy just needs to pay this bill call a guy about the camper and paint bedrooms to be more neutral,0,sadness
i feel so blessed to have met each and every one of them,2,love
i sit in the middle of the most stinking the most crowded the noisiest railway platform or fish market and start reading it i will still feel as if im in the most pleasant place ever,1,joy
i feel also just drained,0,sadness
i am sorry to hear that the assessment procedure conducted by atoshealthcare left you feeling humiliated and poorly represented,0,sadness
i just hate the feeling of being unhappy,0,sadness
ill just paraphrase i ranted about not being able to trust anybody and being hurt feeling rejected etc,0,sadness
i know we create our own destiny but do you ever feel resentful for the way your life turned out,3,anger
i really hope so i feel so isolated right now and on top of feeling overwhelmed confused lonely stressed and nervous it s really difficult at the moment,0,sadness
i am feeling very generous today and normally when i feel that way ill host some sort of giveaway or contest,1,joy
i can feel that the two girls are shocked with what i m saying,4,fear
i enjoy not feeling horny not craving sex,2,love
im sorry but this was the only way i feel these problems can be resolved,1,joy
i suspect that a few feel revulsion it elicits a weird uncomfortable fascination,4,fear
i feel a little loyal toward her because her father used to work with mine until they both retired,2,love
i have a feeling that there will be plenty of football watching and that we will be indulging in many delicious eats this weekend,1,joy
im thinking that a lot of the technology and ideas expressed in this movie will seem trite or old fashioned one day or maybe they they feel that way now but the care and artistic flourishes in every minute of this film will never go out of style,1,joy
i told him it was a good drink and made him feel talented as a bartender,1,joy
i wanted to use older kx forks wheel w disc brakes but am was not feeling adventurous enough to try to figure out a stem and lowering the off road height,1,joy
i feel to be the most popular right now,1,joy
i want to do all but i cant help feeling greedy,3,anger
i have also added links to other blogs which i feel are really wonderful,1,joy
i gave them a little something out of my paypal stash and if anyone out there feels as strongly about supporting linux as i this is a cheap and easy,1,joy
i feel frustrated and can t see a way to save it,3,anger
i feel supportive over chinas copyright violations if only for machiavellian reasons,2,love
i do feel tia is important to the story,1,joy
i had the feeling he didnt and he actually seemed impressed with me or i should say my work and my range of skills,4,fear
i walk by those temptations i feel disgusted,3,anger
i feel really greedy saying that,3,anger
when i heard the news of the death of my father it was in the evening and i was alone all night in my room trying to remember the face of my father,0,sadness
i feel like that nurse reluctant to know where to start but optimistic that we can do one thing to help,4,fear
i don t know if i have told this to you but i feel intimidated by how smart you are,4,fear
i didnt feel anything more than casual thoughts like hes a jerk or wow shes psycho,1,joy
im feeling adventurous i get the philips better lemon chicken,1,joy
i feel punished by my parents,0,sadness
i made a shocking discovery that made me feel incredibly dumb and to which i of course feel the need to share,0,sadness
i remember wearing the dress feeling fabulous looking fabulous announcing my good news to many friends whilst wearing that dress,1,joy
i hurt your feelings or angered you with my last rant im sorry,3,anger
im excited that i got the chance to get away and am now feeling a lot more appreciative of what i thought was just a normal life but realize with a different lens to look through is a pretty darn great one with a lot to be thankful for each and every day,1,joy
i feel so dumb witted because i feel like i dont understand his answers towards me,0,sadness
i feel like ive been fairly successful,1,joy
i was feeling extremely shitty physically this morning,0,sadness
i just hate feeling left out and i wanna be a cool kid even though i hate the cool kids,1,joy
i feel even more strongly now that this can be a valuable tool in the classroom,1,joy
i also learned that when i feel passionate about what i m writing i can actually be quite good at it,1,joy
i feel even more disturbed by that than what happened prior to me going to sleep,0,sadness
ill feel a little more sympathetic towards them but until that day,2,love
i no longer had to walk through the alleys of the slowly gentrified ghettos of my city to find one artist with a muffin top who took nude photos to make me feel like my body was acceptable and sadly not unique,1,joy
i have feeling this is fake,0,sadness
i can feel from here beloved your fragrance,2,love
i feel infuriated every time that the christmas season draws near,3,anger
i should not have to feel this way in a nerd convention i am a nerd and i should feel accepted and comfortable in that setting,2,love
i feel a little bit chukey and unfortunately for us you like to sing all the inapporpriate words to fergie s glamorous,1,joy
i feel that if you love cute little things and your budget allows you and you buy this you won t regret buying it as it s just too cute,1,joy
i lie in bed or is it a coffin it feels more like a coffin not altogether unpleasant just very still i push my legs together and cross my hands i try not to cry i sink downwards hoping for a prick a poke a tube of fluid a needle of,0,sadness
i am feeling a little intimidated by the riders in central park right now and i dont want to go,4,fear
i was once told that while science explains the how religion explains the why and i feel this is the real reason that intelligent design is not and should not be accepted as a scientific theory on the basis of it not actually explaining how something works or how something was created,1,joy
i feel threatened by not talking about it,4,fear
i now feel that food is to be enjoyed and not abused,0,sadness
i feel pretty posted on a href http playhousecomm,1,joy
i feel more graceful already,1,joy
i know if ive been feeling quite nostalgic these days and have spent a huge amount of time looking back and remembering,2,love
i feel damn agitated during the speech,3,anger
i mean its a good level on its own terms but everything before it was so well thought out and executed that doing constant mirror puzzles and topping it off with a crap final boss battle made the last level feel rushed in comparison though the last boss is bad no matter what way you slice it,3,anger
im happy to report that i didnt feel that angered urge to smack olivia today the way ive felt it before,3,anger
i feel that this leads to not many people caring who get s the real job as sin cara,2,love
im feeling a bit frustrated with myself tonight,3,anger
i was feeling pretty grumpy at this point but for whatever reason seeing this flower made me very happy,3,anger
im feeling very uptight right now,4,fear
i still adhere to this to a certain extent i feel that there is a fine line,1,joy
i always felt like i could do anything but now i feel so fearless,1,joy
i also know on certain days when im feeling crappy its only because i didnt bring enough cigarettes,0,sadness
i was so scared of feeling stupid or unintelligent or why i felt like i wasnt smart enough,0,sadness
im starting to feel that im suffering from fatigue,0,sadness
i have a creative group of friends i can go to when im feeling creative,1,joy
i am exceedingly lucky and i don t work this hard because i feel some sense of frustrated obligation that is resented,3,anger
i feel a strange connection to them a familiarity that most of the time i link to ancestral memory,4,fear
i might tackle a memoir but i feel i need to live longer before i qualify to have anything useful to say,1,joy
i hang my head down and feel even more embarrassed to complaint about such minor things in my life when others are having a hard time just surviving minute to minute of the day,0,sadness
i said those who feel unhappy with the way uhuru has been running his government should wait for the elections,0,sadness
i am starting to feel brave enough and secure enough to put it into words,1,joy
i don t always feel smart sometimes i feel lazy and i want to be doing something else that feels easier,1,joy
i am going to miss running over and putting my hand on your belly to feel my sweet holli reese kick,2,love
im feeling a little grumpy today with the lame weather tease we got over the weekend,3,anger
i could do was feel i felt thankful that her battle was over thankful that she was now in a place of serenity,1,joy
i feel talented i feel amazing,1,joy
i feel so nervous about being around people being with someone,4,fear
i set off home feeling quite smug,1,joy
i feel so selfish so self indulgent,3,anger
i feel pressured to talk to them,4,fear
i just wanted to apologize to you because i feel like a heartless bitch,3,anger
i feel so unimportant to you now its not even fucking funny,0,sadness
i m filled with astonishment and feel amused about what this city has witnesed today,1,joy
i was feeling stressed we were all like coiled springs and it wasnt going to end well,0,sadness
i think there are quality submissions out there but authors are conforming more to writing in genres they feel will get accepted by a publisher,1,joy
i feel like a whore and im ashamed of,0,sadness
i feel bedroom rockers and hardcore music buffs will like the smart traditional look and feel to these headphones,1,joy
i have this kind of life so my girlfriend would feel very lonely for sure,0,sadness
i have been in the advertising world for over years and left nyc years ago after working as a creative director at some of the best agencies in the world feeling discouraged demoralized and questioning everything that i thought i love in the world of creativity,0,sadness
i have every right to feel outraged that their legacy may be in danger,3,anger
i need to do after much prayer considering things like this but i still always feel a little reluctant to act but i do anyway,4,fear
i believe him when he says it was a mistake i feel hes being sincere but i want him to be sure as to what he wants from me,1,joy
i grabbed my shoes no socks too lazy and got on the car and the teacher greeted omg she is so nice i feel really bad,0,sadness
i feel like im supportive of my friends and their endeavors and i dont do that for the sole purpose of having it returned but i often find myself thinking why am i having to beg for support right now,2,love
i can t fit in in beirut where i have the nagging feeling that i m in a heartless place,3,anger
i must not be left to feel foolish lost unhappy and with distaste,0,sadness
i went back to it because i was feeling so intensely crappy,0,sadness
i love tv wall mounts and feel that they are a handsome advance that not only looks great but saves a ton of plot if you are attracted in receiving one don t just put down roots with the first one that you see like most population do,1,joy
i think i would have been feeling less grumpy if i hadnt been up and down throughout the night or my lungs deciding that even though i wasnt that unwell it felt as though something was sitting on my chest and flattened me,3,anger
i sometimes feel so vulnerable and so lost,4,fear
i feel amazed knowing that it had been even bigger,4,fear
i pay godaddy for the privellege of having a domain i feel im also supporting their efforts to get this bill that i vehemently oppose shoved through,2,love
i feel ugly i look ugly,0,sadness
im feeling funny a href http,4,fear
i feel weird sharing that but this is the source of some of my greatest insecurities,4,fear
ive not used elvive for years and i admit to feeling a bit naughty having strayed from an sls free formula,2,love
i feel empty and dim if i miss that,0,sadness
i don t feel you all the time and you re not always on my mind but i ve got you from time to time and i know the divine yes i know the divine it all began at mount sinai,1,joy
i always tell them to just wear what makes them look feel cute,1,joy
i feel have wronged me,3,anger
i watch this clip every time i feel a bit miserable and need a laugh,0,sadness
i am feeling emotionally and physically exhausted,0,sadness
i feel that i am neither of those two types i should be a sheep type of boyfriend that kind of person who is gentle likes to take care of people and of course hopes to be taken care of many times as well,2,love
i keep waiting for some grand stroke of wisdom and peace to overcome me but all i feel is irritable and bewildered,3,anger
i seriously feel uncomfortable,4,fear
i feel threatened i feel fear,4,fear
i enjoy exercising feeling and looking fantastic amd love having so much more energy,1,joy
i feel you see frantic and thus i am afraid,4,fear
i always found there is undiscovered peaceful under the deeper water that make myself feel calm at same time when i be afraid at first sight i explored it,1,joy
i feel like ive been defeated,0,sadness
i am feeling mega pathetic and clingy todayyy,0,sadness
i would like a lazy immersed in my boring feeling i like the friends have a pleasant talk together and boring,1,joy
i feel that my child will be very handsome or beautiful a perfect harmony between my husband and i,1,joy
i cant describe how im feeling without giving it away but in a way im feeling a bit heartbroken but definitely touched,0,sadness
i t want t know f t habitual t feel frightened wh n initiation r career,4,fear
i feel like ive gone out of my way to be particularly considerate about not having inconsequential complaints so i dont illicit those feelings in others that i so ungraciously had before as well,2,love
i couldn t see a future without the pain and i was feeling heartbroken i d gone from being a very happy and active mum doing lots of outdoor activities with my children,0,sadness
i feel about colors shades needing to match exactly so i am very thankful for all the time she put into making everything exactly to my liking,1,joy
i feel a little less burdened,0,sadness
i can run and it feels amazing,4,fear
i were any sort of poet i am convinced i would be sucked in to the romantic literary style and simply write for days about the turning of the leaves the feeling of the cool wind with the warm sun,1,joy
i brought my bomber in that way but i don t feel like getting our little convoy of haulers through that as well,1,joy
i feel offended that youre offended way but in the oh crap there i go offending people again way,3,anger
i loved the feeling of providing for my little girl feeling like i could do something worthwhile and so natural as breastfeeding,1,joy
ive been slowly working on my london zine but havent been feeling super inspired,1,joy
i wanted to root for someone to feel wronged and condemned on their behalf,3,anger
i started getting back on track health wise and i already feel relieved,1,joy
i remember amsterdam where the circumstances were difficult and i was feeling melancholy,0,sadness
hearing about developments of sience in the west a lot better than china,0,sadness
i feel like thats a pretty petty thing to complain about,3,anger
i write when im feeling in the mood to dont let the cute face and my shyness ever fool you im here,1,joy
i too still believe in feminism and i still believe in the saving power of rock music as bauer proclaims at the end of the article so why am i left feeling skeptical and unconvinced,4,fear
i cant help but feel suspicious of everything,4,fear
i feel even more beaten down without the encouragement and am afraid i might try to hide from the world in bed feeling like i ve already lost,0,sadness
i want to feel intelligent sexy cute funny,1,joy
i don t know how to feel any other way about losing someone who feels like a member of my family than heartbroken,0,sadness
im not sure if it has something to do with venus being so close but i have been feeling so depressed,0,sadness
i don t feel too troubled over work anymore getting used to the movement of the day,0,sadness
im inclined to believe that im simply too lazy to feel particularly greedy,3,anger
i only heard news that made me feel really delighted,1,joy
i feel greedy and selfish,3,anger
i could follow every twitch of thought and swell of feeling quiver through his tortured expression,3,anger
i feel like i am the most creative and talented person ever okay well maybe not but i do feel pretty good about myself,1,joy
i feel too smugly virtuous about re using old textiles to feel bad about a few extra seams in a thing,1,joy
one night,1,joy
i always feel reassured after my appts,1,joy
i feel so glad that were chosen in the same batch,1,joy
i am only confirming that i feel what acker felt or recognise at least that rich world she describes,1,joy
i feel remorseful when i act the drunken fool too,0,sadness
i think and how i feel and i m kind of proud that i have the guts to share this,1,joy
i ask that before you dump millions of dollars into your party which you have rightfully earned perhaps consider that as the leader of the free world you should be feeling the crunch as well,1,joy
i feel delighted when i make good food,1,joy
i am now feeling much more positive about her agility future because i could actually see it is there shes due her second measure some time over the next months and i would so love her to measure into small,1,joy
i have here is that whilst in one turn ill want people to make me feel better but on the other i dont want to have to think about it at all,1,joy
i was feeling benevolent and understanding because i said nothing,1,joy
i remember feeling hair and being confused my kids dont have hair at birth but not having the presence of mind to really process what i was feeling,4,fear
i was really upset when he went away though i can understand how he must feel and i wont be greedy and pester him about it,3,anger
i completely feel sympathetic for my children that suffer mentally because life is just too over stimulating,2,love
i feel the isolation and despair of the rejected,0,sadness
i feel dirty srcurl http draftbloger,0,sadness
i feel a divine calling to become an lsd chemist the pub shroomery message board link href smarty templates css www,1,joy
i was feeling aching earlier this morning but not much now,0,sadness
i am just kind of left feeling insecure and uneasy in my own skin,4,fear
i hate feeling that a day got away from me and nothing not one thing productive got done,1,joy
im feeling cranky im not going to lie,3,anger
im feeling paranoid already,4,fear
i did feel bad for her because she did feel like she was getting pressured to get her cherry popped,0,sadness
i always feel relaxed and happy there,1,joy
i would feel miserable but i believe this misery comes from me not placing my faith in the works of christ,0,sadness
i can see a dramatic improvement in my skills on the dubied already and feel that with practice i could produce lovely work in the future,2,love
im feeling quite positive at the moment,1,joy
i read them it is the only point of my day where i feel like im actually an intelligent human being,1,joy
i always get the feeling that im actually dampening my friends moods because theyre all so carefree and happy with their life while i dont show the same enthusiasm,1,joy
i feel so happy when i eat something that i know i started from seed and cared for along the way,1,joy
i read the sentinel article on hanford city councilman dan chins proposed media policy and the secret committee meetings my feelings could be summed up in a single word alarmed,4,fear
i feel like ive had a pretty productive lazy weekend all things considered,1,joy
id be feeling paranoid about going bald,4,fear
i do feel offended and i think justly,3,anger
i feel like this because i start being naughty in order to validate my existance,2,love
when i damaged my wristwatch which i liked very much,3,anger
i have had things happen and allowed things to happen to me that have made me feel ugly disgusting and unworthy of being loved or even feeling like i matter in this world,0,sadness
i am left feeling unsure and confused,4,fear
i know this is supposed to come across as funny but i can t help but feel sorry for the poor guy,0,sadness
i dont really care about just because i can and thats what feels rotten,0,sadness
i have studied logic and ethics and i know with certainty that the motivation of feeling superior is not an excuse for judgement finger pointing and its eventual consequence hatred and in this case homophobia,1,joy
i took a little liberty here artistic license perhaps and went with a festive feeling for these as well,1,joy
i feel listless and unable to imagine ever working again,0,sadness
i feel permanently heartbroken but at the same time if she were to ask me out again i would mend it right up and do it again,0,sadness
i started feeling like myself again but it was a pretty rotten time in between,0,sadness
i love hanging with the kids feeling calm focused and relaxed a burgeoning garden working out spending time with friends and loved ones dinner parties celebrations creative time weekends away healthy house plants,1,joy
i had to change after several months due to the fact that i didnt feel my daughter was being helped or my daughter convinced me how rotten the therapists were,1,joy
i am feeling very delighted after watching the indian cricket team chasing sri lankas mammoth total of,1,joy
i get the feeling that i m doing something naughty,2,love
my flatmate was asking questions about my relationship with my boyfriend,3,anger
i returned to the ground floor feeling dazed,4,fear
i did indeed feel sentimental about this first home of ours together,0,sadness
i love loving people and when i get the opportunity to really show how i feel i m going to do it no matter how stupid it sounds,0,sadness
ive spent a while with i still cant make good conversation with and feel awkward around,0,sadness
i feel that thursday was the important first step that is needed towards helping e get better with her eating,1,joy
i feel this ad does i m not impressed,4,fear
i feel that im as curious as when i was a child,4,fear
i can feel that gentle rhythm imprinted on my skin i vibrates up my arm my stomach clenches my legs squeeze i forget his own leg has somehow ended up between mine,2,love
i was feeling paranoid as fuck thinking people would be out looking for me,4,fear
i feel accepted for who i am,2,love
i feel tortured with tiredness everyday,4,fear
i feel like a petty murder shoudlnt be punished nearly as heavily as human beings who are constantly shitty to other human beings,3,anger
i feel so thankful to have been able to be apart of the one in the bay area,1,joy
i love the way i just look into her eyes and feel assured,1,joy
i have realized from this past week is that it is ok to feel heartbroken,0,sadness
i have been too worried about money and the state of our industry ok and a little surgery to engage in such trips lately but for some hard to determine reason i am feeling a little more relaxed,1,joy
i think i could manage one team in jacksonville without feeling too dirty,0,sadness
i feel defective for not wanting what makes me a woman,0,sadness
i ended up asking my seminar professor is it completely normal to have these alternating periods of intense paranoia at my own inadequacies and at times feeling completely self assured and annoyingly pompous and accomplished,1,joy
i actually feel really horribly vain posting this but im kinda curious,0,sadness
i got to know more about the three movies i feel sincere respect to the director richard linklater and the whole team of crew of creating this love story,1,joy
i feel back onto my bed caring for my stinging eye,2,love
i just feel distressed i dont know why though but i do,4,fear
i feel really stressed out,0,sadness
i like this photo of myself because i feel that i look more elegant in indian clothes,1,joy
i want to thank you for making me feel a little more accepted,1,joy
i feel stupid typing that,0,sadness
i was wide awake and miserable at am still feeling like crap when i got a very pleasant surprise,1,joy
i feel like one of those dirty confidential intermediaries that i so dislike,0,sadness
i am feeling especially irritated,3,anger
i feel much more relaxed this year said jane pollicino who came to ground zero tuesday morning to mourn her husband who was killed at the trade center,1,joy
i think i used to overeat i mean one reason anyway was because i wanted to make sure i didn t feel deprived later,0,sadness
i am enjoying the month old puppy piddi and feeling the gentle breeze that floats through the cool inner chambers of the house,2,love
i just want to stop feeling so shitty i feel terrible and horrid and eurgh,0,sadness
i need her and offers valuable constructive advice when i feel unsure or negative about my writing,4,fear
ive survived thanksgiving scouts birthday and preparation for the pinewood derby im feeling pretty good,1,joy
i lock mine with a long lifeline and loop to a cleat or piling and take my gas line and if i m feeling especially paranoid the spark plug too covering the hole with duct tape,4,fear
i can t help but feel nostalgic every time i listen to it,2,love
i have cried in my loneliness and smoked because i felt like i had something that made me feel accepted no matter what and also made me not care about what wasn t family spouse and children,1,joy
i feel very envious,3,anger
i got up feeling all lively since the sun is extra bright today,1,joy
i am feeling quite well this morning,1,joy
i am feeling overwhelmed by god s grace,4,fear
i eat and feel satisfied,1,joy
i don t have a gigantic fabric stash so each piece feels very precious to me,1,joy
i feel complacent in my life,1,joy
im feeling very generous i bought a gift for a too,1,joy
i feel like this i can look into that sweet face and remember that im supposed to love you,1,joy
i would also change the floor to a more pleasant feeling and dog friendly flooring,1,joy
i just feel disillusioned,0,sadness
i left feeling pretty chuffed with my finds,1,joy
i always feel very threatened by her when it comes to guys cox you no she gets a lot of contact with the guys i like like my first and bf,4,fear
i hardly feel they have any wow factor at all until i saw how stunned liv was at the entire concept,4,fear
i don t know but i enjoy watching movies where pain transcends on me like i can feel my heart aching or i can cry a pail of tears,0,sadness
i feel about puppy mills puppy mills are run by greedy people who do not care about the quality of life for animals,3,anger
i would not accept his love fully feeling of being damaged,0,sadness
i say i wish shed found out the whole score its more because i feel sad at the idea of her finishing up different from me and tommy,0,sadness
i do feel a bit delighted,1,joy
im so excited but feeling kind of shy about it smile,4,fear
i start to feel frantic where are the candles the matches the one flashlight thats actually ashers bug light no fans in the house move beds outside boys in the bath dont touch the candles goodbye meat in the fridge,4,fear
im feeling selfish right now because i want that time back,3,anger
i occasionally find myself feeling desiring the room and time to distill and slowly mull over consider and explore the rich complexities that surround the foggy notion that there is an objective definitive knowledge of tantric buddhism,1,joy
i start writing i feel affectionate interested and frustrated,2,love
i feel less intimidated with her here to help,4,fear
i did or i did not doesnt matter any more because i am starting to feel assured of who i am now and have made peace with why i lied in the past,1,joy
i have to loathe myself or even allow myself to feel damaged long term,0,sadness
i feel so uncertain about the decade ahead,4,fear
i also feel i do not deserve anyones sympathy or help or caring because i do not feel worthy of anything,2,love
i feel like ive missed the boat,0,sadness
i feel that all music has some artistic value but with so much music out there is modern pop really worth investing your time in,1,joy
i feel that someone is trying to pry out of my hands something that is very precious to me,1,joy
i will feel somehow punished so she holds me as much as possible when she puts the baby down,0,sadness
im feeling too stressed doing homework that i dont feel like going out,0,sadness
i feel reassured that the world is the world i remember,1,joy
i reconciled and life goes on as does marriage but i feel terrible for what i did to her and to the one with whom i had the affair,0,sadness
im feeling proud of my achievement because cutting off my hair was a big freaking ordeal,1,joy
i long for this its a need i feel is all of this in vain,0,sadness
i finally feel excited to continue to try to lose some weight,1,joy
i feel that some violent natures are generic,3,anger
i feel a longing to call my mother to tell her how sorry i am that i left home early,2,love
i feel shy to him all the time,4,fear
i feel safe knowing that the things and people around me are there and will stay there,1,joy
i do feel his role is as vital as mine and i like feeling that way about our family dynamic,1,joy
i immediately related to feeling curious about everything,4,fear
im left feeling convinced this is another relationship that is damaged and it was one of only a handful remaining that i had trust in,1,joy
i started this off feeling a little melancholy but i think the holy spirit must have come in and given me a hand because i feel like now i understand my situation better than i did half an hour ago,0,sadness
i feel fucking fantastic and wanted to share the news with you,1,joy
i can t believe that someone would feel that this is socially acceptable or even remotely ok,1,joy
ive told friends and fellow fans i feel like weve all been partaking in a delicious feast these last seasons and now were about to get that last really fine meal,1,joy
i feel a litte shaken up by this point,4,fear
i are feeling somewhat indecisive about what we want to do to celebrate our anniversary,4,fear
i feel jolly,1,joy
i was feeling unhappy with my work i joined in with the carping,0,sadness
i cant feel the pain but i feel the aching ness of my cheek dont know if its because of the long period of opening my mouth,0,sadness
i feel like someone who really should learn not to stress out because we live in an ultimately benign universe,1,joy
i can t even stand this feeling because i realize that everything is for nothing i will never be with you and i will never see you in my life it hurts but i keep supporting you,1,joy
i feel so proud and blessed to be carrying this baby,1,joy
i went to dads caught up with alice watched idol which was extremly crap and boring i dont know why i watch it but i feel like i need to be loyal to it,2,love
i used to want to get married so i feel a little heartbroken,0,sadness
i know and in the back of my mind i feel like im not being loyal trusting but i need to make sure that im doing the best thing,2,love
i will probably never feel bouncy so feel free to remove that emotion from my selection,1,joy
i feel like a lot of teenagers including myself feel like this around their parents but with colby it s amplified because she knows how important her dad s job is and she feels like she can t protest how much time he spends doing it,1,joy
i was feeling a little skeptical that it would arrive on time the situation was not improved by the fact that despite various perfect party setups seeking in ffxi nobody was bothering to set them up including me but duh im lazy,4,fear
i feel so emotional when i saw those touch flusher but the position is still on the back when youre in seated position,0,sadness
i had been feeling rather unhappy lately because id been feeling left out of groups friends,0,sadness
i know im probably preaching to the choir on this one but i feel very passionate about the health and well being of my american friends who i love dearly,2,love
i feel like im really settling into my life here and like im finally back in the spain that ive missed for more than years,0,sadness
im going through some feels today and ive got to admit theyre pretty unpleasant,0,sadness
i just feel so ugly,0,sadness
i feel like i tend be more passionate about things that are less popular to talk about,1,joy
i have a feeling i was one of that idiotic childish trumpeters he was talking about luh,0,sadness
i also think its because im so afraid of feeling victimized again,0,sadness
i feel for pete but i also admire the fact that he is not devastated by it and is still his positive happy self,0,sadness
i feel this way as this version of myself gentle gazing i realise something over and over again,2,love
i was in a car accident just me not the kids its left me feeling quite vulnerable,4,fear
i cant help but also feel incredibly lucky over how it all went down and the community around us,1,joy
im feeling generous lately spirit of after christmas maybe,1,joy
i have the power to make another do what i want but in reality feel threatened and desire to control this other person so i am not a href https eqafe,4,fear
i am feeling rather thrilled,1,joy
i was feeling quite broke,0,sadness
i didn t feel particularly mad of course they say that when you are going crazy you really feel like you are becoming more sane,3,anger
i feel im being punished for not being able to do my dailies,0,sadness
i feel reassured that fashion sometimes takes itself not so seriously and i can smile and feel better about the whole deal,1,joy
i feel gutted now i am joyful and at the same time enraged,1,joy
i was feeling pretty gloomy when i started writing this it s that dreaded time of year of course i burnt the nd set of cake pops that i was baking and i just lost a game of monopoly that game sucks,0,sadness
id been struggling with feeling highly irritable toward my husband,3,anger
i feel like i get my money s worth because i m getting a delicious artisan cocktail in return,1,joy
id like to think i could live happily away from home but i know id definitely feel homesick id miss my friends and our fun outings the most,0,sadness
i just went out into the garden and you can feel its hot but the wind is ridiculous,2,love
i am not feeling fabulous i can now speak,1,joy
i feel agitated and simply irritated,3,anger
ill mention i listed because they make also some kind feelings like those five or i only like them and ive good memories from those songs,1,joy
i have already said i am one of many feeling threatened and attacked by the government and media of today and have had to look outside my own small life,4,fear
i feel resolved some nights i accidentally break down and cry,1,joy
im trying to do something often i just look at the whole problem and feel overwhelmed by it then sometimes avoid the issue for as long as i can,4,fear
i feel completely groggy this morning,0,sadness
i feel grief for the families of those who were caught in this tragic incident,0,sadness
i love about my job i still feel dissatisfied,3,anger
i am feeling afraid cos he isnt answering me again,4,fear
i wont feel so damn idiotic,0,sadness
i enjoy feedback and love comments on my posts so please do not feel afraid,4,fear
i am here to update my blog just found out that my blog looks feels dull when there are no updates,0,sadness
i feel that i have so much to do to make a positive impact on this world we live in,1,joy
i feel for the genuinely shy and cautious women at home who after reading shades think that theres something wrong with them that they dont orgasm when someone touches their boob,4,fear
i think i was right to feel insulted,3,anger
i was sitting in class on tuesday afternoon and all of a sudden that same feeling came over me a delicious feeling of being slightly out of control and out of my depth a thrill of adrenaline that left me weak and drained yet excited and inquisitive all at once,1,joy
i just got home from a dinner with the barcial it was fun but it made feel so gloomy,0,sadness
i feeling more determined than ever to really nail this race,1,joy
im feeling quite pathetic and miserable actually,0,sadness
i have thankful for being able to feel thankful after getting through hardship,1,joy
i understand and appreciate the concern for safety i feel that the real focus of the market the vendors has been ignored,0,sadness
i experience all my normal moods feel annoyed when my year old whines or my baby wants to be held while im making dinner but i no longer feel consumed by these emotions,3,anger
ive gotten so used to hearing from david all the time i havent heard a lot from him tonight he stayed over last night and as a result im feeling a little paranoid,4,fear
i am feeling really quite disheartened,0,sadness
i realise my thoughts feelings emotions reflect my acceptances and allowances as a result of accepted and allowed programming and conditioning through and as time,1,joy
i must say that the initial splash was not too bad but after a few strokes you could feel the cold getting into your bones,3,anger
i am living with my dad and his wife in his new home and i feel very unwelcome here,0,sadness
i feel really despised i haven t told them yet but it s really awful feeling so segregated,3,anger
i feel really nervous about losing it i print the file out on to paper as a final security,4,fear
i needed to know i mattered that my feelings were important and that i mattered enough to be pursued and cherished and protected,1,joy
i feel i am kinda pissed off,3,anger
im feeling very optimistic about my stash reducing abilities this month too so you can expect a really big empties post next time,1,joy
i feel ungrateful by saying this because the school is still letting me go to prom,0,sadness
i would not feel hesitant in using the medical system again if needed,4,fear
i get in bed and feel thankful that i made it through one more day but then i have to get up and do it again,1,joy
i am inferior to them then i feel as i did as a child who was not respected not listened to and not allowed to have an opinion,1,joy
i have to admit ive been feeling kinda homesick these past couple of days,0,sadness
i felt like earlier this year i was starting to feel emotional that it was all over but now its just surreal confusion to be quite honest,0,sadness
i feeling humiliated,0,sadness
i liked knowing that i am not the only one feeling the way i do about job options the thing that i liked the most was i was able to find some career path and i found some interests,2,love
i could feel her eyes boring a hole in my neck as i quickly stepped to the side so i wasn t in the way of her son anymore,0,sadness
i still feel a little shitty right now as i type this,0,sadness
i could only feel this relaxed all the time,1,joy
when i was attacked by a teenage boy and had my wallet stolen,4,fear
i had a trainer i dont think i ever weighed as little as i do now so im feeling pretty excited,1,joy
i was feeling pretty rotten,0,sadness
ive missed over a month of training and organised etape prep rides including the etape caledonia and am generally feeling pretty pissed off and depressed about the whole affair so have avoided thinking about it,3,anger
i feel like a little giggly schoolgirl but its all in fun,1,joy
i can barely stand the sight of a dog wearing a choke collar because i feel the dog s suffering,0,sadness
i feel like buy to play is the most accepted model by consumers at large,2,love
i wish gervase would have piped down so id feel a little less vulnerable right now,4,fear
i am feeling genuinely proud of myself,1,joy
i see myself behave in relation to feeling positive or negative and the way others perceive me within doing so,1,joy
i will stop feeling heartbroken when i see my unfollows,0,sadness
i already am but i dont know if cashier work is for me i am hoping that after a while i might ask to get transferred to stocking an area i feel more contented in,1,joy
i don t like feeling that my family damaged me in some way even though they didn t mean it,0,sadness
i feel very honoured to be a part of her blogger collaboration series on whats in my handbag,1,joy
i still feel completely accepted,2,love
i feel amazing after every thrift trip i got on and to have some many in a small amount of time if my idea of bliss once i am earning again i will re claim my crown of thrift princess,4,fear
ill feel terrible in the end i dont know why i chose to continue being the shoulder for people to cry on or the one reliable person they can always turn to,0,sadness
im gonna make you feel just as worthless as you did a few years ago im going to make sure you remember how bad people spoke to you or treated you especially when you needed them,0,sadness
i understood somewhere in my heart his feeling of decite and abandonment of all hope for ever trusting me again,1,joy
i have a feeling she will sleep through the night more and be a little less agitated,4,fear
i say to someone that i feel i have humiliated yeah well thats what you get,0,sadness
i realised that this was no longer the truth it was merely the truth i remembered i began to feel disheartened,0,sadness
i left the office feeling discouraged,0,sadness
i feel extremely fond of comes an avalanche of anxiety,2,love
i want to write about this because i left campus feeling truly thankful to wesleyan for putting on the kind of event i never dreamed i d be able to attend after just a fairly short car ride,1,joy
i feel sure it does,1,joy
i feel terrified of the future,4,fear
ive been feeling depressed anxious and unhappy,0,sadness
i feel strange and weird about this entire struggle am i the only one who deals with this kind of conflict,4,fear
i and most women don t feel particularly burdened by taking the pill there is some unfairness to it,0,sadness
i have gone to kitoben and worked with the children and on the playground i feel very joyful to be able to be working for others,1,joy
i wish i could say that i got a feeling that everything is going to be perfect and painless but i didnt,1,joy
i enjoy reading immensely and i feel strange or off when i m in between books or just lack the time to read,4,fear
i feel deeply disturbed that another mother would condemn me and other mothers like me for finding fulfillment in being a mother,0,sadness
i feel delighted to contact you,1,joy
i feel like a totally horrible person but i really wish he was coming another weekend,0,sadness
i feel greedy with my thoughts and it is a relief to let them linger,3,anger
im feeling generous im going to share them on my blog too,1,joy
i feel like i have been a bit obnoxious in my picture posting,3,anger
i feel relieved and excited that someone else feels the same way that i do,1,joy
i feel irritated by everything,3,anger
i feel groggy this morning,0,sadness
i feel somewhat hopeless and pitiful,0,sadness
im feeling queezy and cant be bothered putting these in order so here goes,3,anger
im not feeling terrific but have nonetheless managed to drag my carcass over to nordstroms a couple times so theres life in me yet,1,joy
im feeling rather disheartened,0,sadness
i feel so helpless i have no one to talk to,0,sadness
i feel so hesitant about contacting him,4,fear
i feel so resentful at the sun for chasing me into the house most of the day,3,anger
i was feeling doubtful and sad about the relationship i have with this man,4,fear
i suppose that is enough of a statement for those who might feel as i do about his contribution to the unfortunate attitude and rhetoric of conservative christian america,0,sadness
i must say that there were all familiar faces since i go to that church since but there was this feeling that i was shy and i just wanted to stay there with my friend and be clingy with her all through out the meeting,4,fear
im sure there are plenty of lovely parties going on but im not feeling very sociable whats new,1,joy
i just cant help it from feeling so insecure,4,fear
i feel like if she isnt happy then no one is,1,joy
i feel like im the mad hatter rather than alice,3,anger
i am feeling very eager for what my darling has in store for us,1,joy
i feel like it s boring,0,sadness
i feel shocked his words very pure very self,4,fear
i feel genuinely wronged,3,anger
i hated feeling inadequate to meet their needs,0,sadness
ive struggled with feeling inadequate or subpar in various areas of my life and i know i always will,0,sadness
i alternated between wishing i would die and then feeling terrified that something would happen to me leaving my newborn son without a mother,4,fear
i do feel a little confused about my reproductive future do i want another baby deep down,4,fear
i am feeling and the ibs symptoms that have resolved,1,joy
im feeling plunge us into a world of melancholy and love,0,sadness
i feel alone and abandoned i believe i am alone and abandoned,0,sadness
i feel like im waiting for her to get heartbroken all over again,0,sadness
i feel more positive today,1,joy
i have never met in real life but feel super bonded to through crisis pregnancies and genius children and my new friend sara at a href http everybitterthingissweet,1,joy
i shouldn t have been surprised by the amount of courage that these men had but i can t help but feel slightly shocked by it,4,fear
i was able to feel slightly less obnoxious knowing that other girls were jonesing as hard as i am,3,anger
i dont like the way i feel when i am angry,3,anger
i feel a bit pissed off because we went first,3,anger
i herself wearing some of the items and they make me feel optimistic,1,joy
i don t feel dissatisfied just distracted from my life,3,anger
i have hated feeling useless and ineffective,0,sadness
i have to admit i have been feeling very disheartened and disillusioned with the whole publishing community for months,0,sadness
i feel safe and happy when the house is clean,1,joy
i was feeling horny so we let her in,2,love
i feel honored she is a legend i admire her although i dont see the similarities between us,1,joy
i no longer a chiuv that is one a man with have an obligation to say kaddish and daven from the amud lead prayers i feel more relaxed,1,joy
i am gonna feel lousy i might as well feel lousy while i am doing something,0,sadness
i look at him i feel disgusted and some what annoyed by his actions,3,anger
i discovered this feeling of being a successful grown up when i decide make and indulge in a meal that hits the spot,1,joy
i just think the media in general i just don t really get portrayed as someone who has feelings or who is sympathetic,2,love
i must not lie radio actually makes you feel wonderful,1,joy
i i just feel so self content,1,joy
im finally feeling comfortable in my own skin,1,joy
i just like women you also feel this is his truthful straightforwardness flash personality,1,joy
i feel pretty successful with that but theres still something in me that says you can do more,1,joy
i was actually feeling quite smart i was understanding the questions without even having to do the readings,1,joy
i am feeling pressured and backed into a corner,4,fear
i tend to question whether there is a god and if i feel i m in intelligent enough company i will tell them if they ask,1,joy
i visit cantina i leave feeling that the food is lovely but not always worth the price,2,love
i wonder what life is like for other people people who can love and be loved who can have sex and enjoy the experience who can feel happiness who get to feel accepted and wanted and needed,1,joy
i think after i evolve to dress pants i might finally feel comfortable wearing skirts at work but for now theyre in the distant future,1,joy
i feel loyal to him in some ways so respect his wish not to tell anyone but it is killing me keeping it inside,2,love
i can have strong feelings of inadequacy and become convinced that everything is all wrong or i cant do anything right,1,joy
i try that i just feel that im being judged by eyes that only see me as a weird and vain bastard who thinks so much of himself,4,fear
i were feeling pretty isolated and marginalised and my greatest enemy was the united states which is the only country to have ever deployed a nuclear weapon or two against civilians then i might just want to get one myself,0,sadness
i always feel privileged to see a jay,1,joy
i feel that he was desperately fond of me,2,love
i wake up i realize that my panty is wet and i feel very horny,2,love
i know now and i knew then that it was a season of learning about trusting god and i do feel more peaceful and calm because of it,1,joy
i feel like i am one of them now before i resigned i got offered a job at the local council,0,sadness
im a bit afraid the cookie is what is making me feel not so fantastic,1,joy
i feel as if i havent been very productive over the past six months,1,joy
i felt ok about not feeling ok,1,joy
i feel jealous becasue i wanted that kind of love the true connection between two souls and i wanted that,3,anger
i feel a mix of emotions lonely sad insecure angry,0,sadness
i feel that i really ought to assert myself in some way but she smiles a pleasant blonde woman of early middle age young to me and it seems fine to drift on,1,joy
i packed this time around feeling apprehensive about this challenging season and happy to decompress for a few days at my dads before coming home,4,fear
i have days where i want nothing more than to be unwanted and where i resent the pressure i feel to be and do everything for everyone even my precious children,1,joy
i feel deprived of any intimacy at all,0,sadness
i feel so mush freeer and less repressed,0,sadness
i still wanted to keep my makeup to like a minimum i wanted everything apart from my lips to look natural so i go with super thin eyeliner eyelash curler lashes and powder foundation i feel its a cute and classy look,1,joy
i would say that when they start they will feel really intimidated by the code and how vast everything is,4,fear
i been so acquainted with sleep i feel like i should name it to ensure im not being rude or maybe it has a name already,3,anger
at school,3,anger
i feel like i should be spending this precious last half hour of ness and doing something fun and interesting to roll into my new year and by not doing so im letting myself down,1,joy
i can see the shallow of many lives and if i try to give love or atention to that person then i can see the distance and the confusion looks to me that people stop trusting others and feel insulted or misstreated by affeccion,3,anger
i was feeling particularly glamorous in my charlies angel on the weekend travel outfit and comfortably passed three hours in the zoo that is gates by reading fashion mags,1,joy
i do my best to remain cordial and express what is authentic the real love and gratitude i feel for a devoted father and the nostalgia i feel towards someone i had selected as a life partner as exemplified by an unforgettable blowout wedding at the a href http www,2,love
i can feel a little better about sunday maybe i can continue that good feeling and get back to the little hot bod i once rocked,1,joy
im feeling generous with my words,1,joy
i take it that taylor has apprised you of the latest situation and that you feel reassured that the security of the apartment is no longer compromised,1,joy
i would set out in a sunny temper and generally feeling benevolent to all road users then every morning at approximately,1,joy
i know the feeling of plans disturbed schedules disrupted,0,sadness
i have that feeling but idol anime is pretty popular so it could be anything,1,joy
i feel even more passionate about the gospel now than i have ever in my life and its because of my knowledge of the savior,1,joy
i know i did and im still feeling the effects of rich dinners and sweet treats,1,joy
i left kicking myself for the awkwardness of my departure but feeling triumphant at not only having succeeded at my mission but having enjoyed myself as well,1,joy
i feel like i should see it through to the bitter end so thats what im going to do,3,anger
i said earlier our bodies have gotten used to the heat and the curiosity of what degrees feels like keeps me eager for the next summer day,1,joy
i feel so weird about it,4,fear
i dont even think i would be ready to be fuck buddys because if theres emotions from him i would feel horrible when im not giving them back,0,sadness
i thought it d be and i got full marks on the questions which makes me feel quite clever,1,joy
im not a huge history buff but i do feel emotional when i think of my great uncle,0,sadness
i feel i should probably move on to the meat of my story before i get too distracted by the side dishes what happened to good music,3,anger
i feel about him and how he affects me and people around me this is my story i have been trying for years to find a way back to the life i had before being in a long and very violent relationship,3,anger
i saw a gain on the scale this morning which didn t surprise me but it did make me feel pretty lousy a lot of it is water weight and disgestive issues which will pass but i need to put some work in to push on now months till christmas did i hear you say,0,sadness
i feel positively ashamed when i look out of the window and see the state of things,0,sadness
im feeling somewhat verbally lame as i listen for the eighth time to suzanne vegas nine objects of desire,0,sadness
i feel tender cool and relax after enjoying these wonderful masters,2,love
i feel that in order to prevent a lot of this company violent manager should have to have some sort of formal training as well as mental evaluation,3,anger
i feel like calling them bitches but it wasnt exactly bitchy coz it wasnt intentional but i could call them ungrateful inconsiderate selfish ok ill say bitches,3,anger
i spent so much of this year waiting for these summer moments and it feels like i ve resigned summer to a certain extent just waiting to get on with life and start a new chapter in st paul,0,sadness
i could have just paid and rushed off i dont think they could really have stopped me but i was also feeling my submissive sissy emotions bubbling to the surface,0,sadness
i feel shes just more talented than i am,1,joy
i almost always feel awkward,0,sadness
i feel like my trust is being abused the less i feel like theres a future for us,0,sadness
i feel like such a vital part of the branch as a missionary and its a lot different in a big ward,1,joy
i cant help but wonder if the other mom i walked with felt the same way i was feeling as she watched her sweet girls with my isaac,1,joy
i feel nervous but hes in control pretty soon,4,fear
i feel like submitting this to the palcebowhores community i remain amused,1,joy
i feel so blessed for my husband and my family supporting me on my mission of health and happiness and spreading it to my community and the world,1,joy
i feel less comfortable in some parts of the blogosphere than i do in real life,1,joy
i am feeling doubtful confused lost and what not,4,fear
i feel like i m living in a strange world my wife s paternal grandmother often said,4,fear
i feel hopeless to cure their disorders i can remember that i am working with human beings with feelings and fears just like me,0,sadness
ive been procrastinating about the post birthday entry and now that its well past the fact it feels somewhat unimportant to even mention,0,sadness
i have to give notice to those involved that such will be a regular feature until i gain what i feel are sincere and rational responses to my enquiries particularly as i will be notifying shadow ministers of the outcome,1,joy
i actually feel solidarity with the americans who went on to cry for blood in iraq tortured prisoners and the stripping of the bill of rights,4,fear
i trust my kids however i feel helpless enough in here over so many things and i m upset at the lack of respect for the few little things i asked them not to do,4,fear
i tend to keep my mouth shut because im not well enough informed but when it comes to public education i can speak what i feel because thats one topic im passionate about and do my best to keep up with,1,joy
i feel that all my ducks are in a row and i can actually rest assured and assuredly rest that i have everything in as good an order as i can possibly make it,1,joy
i don t like to feel embarrassed when my kids watch it,0,sadness
im feeling less fearful today ptl,4,fear
i feel welcomed and times id just really walk away because i feel as if they dont want me there,1,joy
i love to sew cook and also dabble in mixed media art when i feel like getting messy,0,sadness
i feel as though this was a project we missed in february or last years february,0,sadness
im feeling especially lonely,0,sadness
i started to feel alarmed the voices were so noisy that i actually couldnt listen to my own thoughts,4,fear
i just have to feel threatened to be reminded that i will be saved,4,fear
i personally feel that i did this crime should be punished pubicly whether he belong to any caste creed color any elite or mogul group,0,sadness
i sit here feeling dazed after spending most of the afternoon in a comatose state i realise that hours in a day is not enough to do things we really want to,4,fear
i don t feel depressed because i m missing out on all my american traditions or commodities,0,sadness
i have developed my commercial property skills and knowledge significantly and feel a lot more confident in my work,1,joy
i feel a lot of this almost every day and it does hurt so this blog is very timely,0,sadness
i am too fragile to feel too vulnerable of pain and too easy for tears,4,fear
i feel sure the kremlin wants them to turn suicide bombers just so they can crack down as with the chechens or the cia saudi trained afghan mujahedin before them,1,joy
im siting on the couch feeling like i should be doing something productive but im not sure what,1,joy
i got tacos because i wasnt feeling too adventurous,1,joy
i think of who i have left to teach me about myself and i feel a little frightened at the thought that my family changes and moves away from some of the very things i need to know about in order to feel complete,4,fear
i feel like im assaulted by constant flakiness,4,fear
i listen although i don t feel very brave about it feeling skeptical about its possibilities here,1,joy
i think that s how our materialist friends feel when they hear the term intelligent design,1,joy
i was feeling grouchy and upset about a situation with a girl which wasn t going how i d hoped,3,anger
i got that straight i realized that i was dealing with someone who was feeling insecure,4,fear
i feel guilty sitting down during this concert because he s working so hard,0,sadness
im not sure why but i have been feeling really lethargic lately,0,sadness
i feel the love for anyone who is properly appreciative of patrick and,1,joy
i feels dangerous these days but with cam newton at home plus a point i m feeling the panthers in prime time,3,anger
i feel paranoid thinking about it just looking out the window and feeling my insomnia creep up on me,4,fear
i can cry and feel bad without an explanation at all,0,sadness
im feeling a bit pathetic today i cant stop crying,0,sadness
i feel foolish amazed and yet i feel foolish a href http dkang,0,sadness
i compare myself whether it s to her lifestyle business acumen or physical beauty i set myself up for failure immediately feeling ugly and a tsunami of self doubt ensues,0,sadness
i feel getting or gifting a life time subscription is vital,1,joy
i feel sympathetic enough to call him off,2,love
i do and love so much i realized that ive simply been cooking and posting recipes because i feel like i have to for content not because i have a story,1,joy
i left the gym this sunday morning feeling invigorated,1,joy
i can still feel my legs and they get so cold,3,anger
i feel no pain no feeling of loneliness but adoring love to gain i said i love you forever along with this love i bring,2,love
i am jealous of andreas growing belly and the movements she can already feel i am envious of her state,3,anger
i am tired of feeling that we have to buy buy buy to make the holidays seem special,1,joy
i feel ignored annotation title google bookmark img src http thequeenbuzz,0,sadness
i finally have access to the website on our development site and am in absolute rapture and delight over how it looks feels and even functions and amazed that my baby has finally arrived,4,fear
i stick to my values i feel like i broke my promise,0,sadness
i feel like people like this arent getting caught therefore the government plays it up when they catch criminals of petty crimes to make themselves look better,3,anger
i love this feeling i feel that despite this rain despite the gloomy sky i am feeling good and im feeling fine,0,sadness
i feel like it would make the startled person laugh and think it would be a nice eid gift,4,fear
i cherish the heartbreak more then the love that i lost perfectly sums up the feeling of tragic heart break which is pretty obvious by the songs title,0,sadness
i am just feeling a little irritable because mun was part fun part stressful part uncomfortable making and part horrible but regardless record being set straight now,3,anger
i an expert on feeling rushed and anxious on getting worked up and frustrated because i feel overwhelmed with my job,3,anger
i am the only one feeling unhappy,0,sadness
ive had a change in medication and am feeling productive lately so lets see how this goes shall we,1,joy
im puzzled because i have been feeling him wiggle very low in my pelvis and feeling bumps and thumps at the very top of my stomach like the very top,0,sadness
i am extremely blessed and have a wonderful life but i am often guilty of feeling envious and upset when someone has more blessings special recognition or appears to have it better than i do,3,anger
i feel like if we are longing to hear god hungry to see him and looking for him in our lives he will reveal himself through many and any manner possible,2,love
i don t feel as smart or impressive,1,joy
i started feeling ugly and started all over again,0,sadness
i feel its a pathetic way to get sympathy,0,sadness
i think ive been feeling sentimental recently too,0,sadness
i feel wronged by certain people and my instinct was to get angry at them and stop speaking to them but two wrongs dont make a right i think,3,anger
i feel relieved get a job but i cant lie i feel my free time will be lost slowly then ill work in whole day,1,joy
i feel vulnerable yet extraordinarily liberated,4,fear
i was feeling brave so continued and it wasnt me that couldnt stand up,1,joy
i feel violent and crazy and i feel myself slowly losing patience,3,anger
i am feeling doubtful that nutritional methods alone will solve the problems,4,fear
i am feeling more productive,1,joy
i thought id try to demonstrate the difference as i know if i hadnt seen it for myself i may still be feeling doubtful,4,fear
i feel unwelcome at work sometimes and think people might be talking about me,0,sadness
i spent my vacation from school feeling confused and heartbroken,4,fear
ive never behaved like that in front of my husband and i feel a mixture of shame and relief that only the shedding of many tears and saying truthful but hurtful things can bring on,1,joy
i stumble upon such a finding i feel quite excited almost like having accomplished a discovery,1,joy
i feel carefree and spontaneous i feel like nothing could stop me,1,joy
i find that i have so much to blog whenever i feel heartbroken,0,sadness
i feel him frantic now humping against my hip moaning when i suck his tongue into my mouth,4,fear
i do feel like josh is a pretty needy guy,0,sadness
i feel so depressed when i m not with her and when i think about her because it is so destroyed i just think i should move on,0,sadness
i always feel like the life s been drained from me and that i ve been injected with some kind of venom,0,sadness
i woke up feeling kinds of miserable,0,sadness
im feeling super tired,1,joy
i vent outrageously with tourette s like unpredictability occasionally leaving behind me a wake of hurt feelings and messy rooms and other not so nice carnage,0,sadness
i feel respected and appreciated as a musician,1,joy
i realize that i let a lot of things bother me that really shouldn t bother me at least to the extent that i am moved to feel this passionate bothered feeling,2,love
i usually love winter but am feeling a longing for spring,2,love
i recently had a very ill and premature baby what can i do to feel less devastated,0,sadness
i feel only reason skudrive is so popular is becsuse microsoft is so media driven,1,joy
i have spent the majority of my life trying to change how i look in order to feel accepted by others to feel loved by other to feel better than people around me because in my mind my physicality is the only thing that i have to offer,2,love
i feel all kinds of excitment bacuse i really enjoy art and i hope my art will generate some talk amongst the loyal and the passerby,2,love
im feeling festive,1,joy
i didnt feel as obnoxious as before when i didnt feel like doing anything but sulk,3,anger
i am sitting at the computer feeling melancholy and a little overwhelmed torn as to what to write home in this my final e mail,0,sadness
i feel at times i am not good enough on the aspects of a fiance a mother a friend a daughter,1,joy
i hope the sensibilities of these deep feeling individuals arent too badly shaken with the display of the pink locker room,4,fear
ive been told this is normal his last reading was he feels and looks horrible,0,sadness
i can usually do a month without feeling homesick,0,sadness
i feel is most important revolves around the connection i felt with my brothers and sisters,1,joy
i still feel that way because im stubborn like that but those people who were spazzing out are the ones with dates now,3,anger
i feel weird having to yank it down and readjust it at points,4,fear
i hate seeing people hate one each other and like everyone i cant stand feeling hated on,0,sadness
i feel so strange and sick i have to wake up in three hours seems like everything runs in threes now days t r e e s,4,fear
i was starting to feel resentful towards ah kiat with regards to his obsessive and anal approach towards the house and forgetting he has only treated me with lots of love care and attention so far since weve been together,3,anger
i am feeling low i turn to flowers,0,sadness
i feel lost as in what the fuck am i doing,0,sadness
i feel like i need to keep pinching myself to be sure tis is all real,1,joy
i feel perfect with you on reddit href http www,1,joy
i know that when we feel so beaten down and we are dispairing that it feels like the savior is so far away,0,sadness
i follow through with the feelings that have been repressed for years months or days,0,sadness
i could feel the stress leaving my veins and just getting out of me it was wonderful,1,joy
i feel better and am so grateful for my normally good health,1,joy
i feel hated and i feel i cant do anything right,0,sadness
i started to feel like a real loser like a poser trying to make himself look cool,1,joy
i know theres no hurry to get it done but it still feels a bit weird to not be checking out the newest patch content,4,fear
i kinda feel like being rebellious a libertine you know,3,anger
when i heard about the treatment of a friend in jail really inhuman i never realised that such things also happen in the netherlands,3,anger
i had to do to finish to check off that to do list to feel my life was worthwhile that i was accomplished that i am accomplishing,1,joy
i macendarfer who i feel thrilled to welcome into our family,1,joy
i feel will be amused as well,1,joy
i was feeling pretty smug because denise at justquiltn has started sticks and string a way to get unfinished knitting projects finished,1,joy
i actually have been in china for some time and i feel that the people were quite friendly,1,joy
i feel so helpless without a camera to shoot pics of all the thrifty things i find and my beautiful flowers etc,0,sadness
my girlfriend who had spent months abroad broke off our relationship by letter,0,sadness
i lied about my feelings and thats why im now hated by the one person i thought really understood me,0,sadness
i acted like a little girl by acting cute towards you asking if you wanna share a diary with me amp you said youre still feeling pissed and you want me to stop adding the problems and make things hard for us,3,anger
i could feel the blood in my veins go cold,3,anger
i respect his privacy so i wont divulge details of our chat but it got me thinking about the notion of home coz i was feeling a little homesick in the morning and here i was with a total stranger a few thousand miles from singapore but i actually felt at home,0,sadness
i know it feels so special,1,joy
im left with today is feeling anxious and sad and lonely,4,fear
i didnt feel isolated as a child i do remember feeling a bit overwhelmed by the different feel of the neighborhoods when we came down the mountain,0,sadness
i feel skeptical about it,4,fear
i feel that life does not make sense and it would help a lot if suffering made sense,0,sadness
i im feeling rot im feeling rotten today i guess i forgot i am shot im not o,0,sadness
i feel as if work that doesnt have a sort of depth to it isnt nearly as successful as work that is created with a meaning and leaves the viewer wanting to know more about the subject that the artist presented,1,joy
i feel less assured that my basic rights are being protected by our political system especially as a woman and every time im disappointed i feel more personal responsibility to produce change,1,joy
i feel super lonely when its just me and the dogs but at least we are together and im not tdy all the time anymore,1,joy
i said well we can but i m feeling greedy with your time,3,anger
i feel like we have so much to be thankful for,1,joy
i say the feeling of being betrayed was never a pleasant feeling to begin with,1,joy
i feel super weak and i havent made it through a whole class in two weeks,1,joy
i had faced were loneliness anxiety and feeling homesick comparing each penny spent here and converting same in indian currency feeling like i have spent a lot getting nervous in early days of new responsibility and last but not the least uk weather,0,sadness
i review video games i feel like reviewing whether they be popular mainstream games or the games that have fallen under the radar and gone unnoticed,1,joy
i don t feel like i have a cold i just feel sick,3,anger
i feel very distraught right now,4,fear
i saw them that anything was wrong they told me some excuses but i am feeling truly insulted and i am feeling desperate again,3,anger
im awake as usual at am and lie there feeling reluctant until am when i get up and slink around in the dark getting dressed,4,fear
im feeling enraged at another persons actions i have to consider what i was thinking about in the moments prior to the incident,3,anger
i feel like people are taking these stages of life way too lightly which is why there is usually an unfortunate announcement of a divorce too,0,sadness
i invariably feel very optimistic and focused,1,joy
i hear such stories i feel cold,3,anger
ive left feeling indirectly manhandled or abused,0,sadness
i could even feel his cold breath on my neck whispered hertha as she ran her fingers across the side of neck,3,anger
im feeling pretty annoyed with the whole thing i decided to share those reasons we rejoice,3,anger
i can t help but to feel amused after reading this article,1,joy
i tend to err on the justice side of things and so over the past few years i feel that ive become a lot more jaded and unwilling to let god deal with people as he sees,0,sadness
i am tired and feeling giggly but not witty,1,joy
i feel betrayed where i serve and fellowship by no fault of my beloved pastor and c pastor,2,love
i feel quite reassured but the jurys verdict isnt in yet,1,joy
i also feel at times that i must have been a vain person in an earlier reincarnation and that i have learned to look beyond personal beauty and be beautiful from the inside and reflect it through my spiritual to my physical,0,sadness
i arabia indigenous believers in christ often feel isolated and alone,0,sadness
i dont think he is being honest with me about a lot of things i could be wrong here but i keep feeling skeptical about certain things after everytime i hang out with him,4,fear
i am comfortable and confident with feeling safe as i meditate,1,joy
i feel so honored that they enjoy it enough to create with it,1,joy
i think i feel stressed,0,sadness
i started trying without success to have a baby a few years back one of my pregnant acquaintances said to me my husband and i feel so relieved that we did not have to go through what you are going through we just got pregnant right away,1,joy
im happier when im feeling curious and genuinely looking forward to the next page alone in my reading chair next to the heater curled up in a blanket than when im muddling through guild wars or wot,4,fear
i can vent some feelings or keep one person entertained then i will be happy,1,joy
i can not acquaint the reason just because i feel acceptable if cutting links london jewelry,1,joy
i imagined its what zombies must feel like because each time i would wake up pissed,3,anger
i start feeling mournful,0,sadness
i feel agitated im nervous im anxious,3,anger
i finished sailing i would feel so invigorated,1,joy
i didn t take that lightly i know that harsh words can leave some people feeling absolutely devastated,0,sadness
i feel like ive become to complacent with the old and im ready to make some changes for the year,1,joy
i miss marching and saluting more than anything but i feel like in order to be successful i need to get my grades together first and then worry about other things,1,joy
i once read that when we feel nostalgia we are actually longing for heaven,2,love
im sitting outside my apartment and even though there is a striking pain in my lower back i feel complacent,1,joy
i got inside it was so warm compared to the outside temp that my survivor man skills kicked in and i stripped down to my base layers to avoid feeling cold when i got back outside,3,anger
i want to exhibit all new pieces which is kinda making things a bit more stressful but i know id feel somewhat dissatisfied about showing old work,3,anger
i am restless i feel lethargic and rudderless,0,sadness
i feel like the only intelligent person here right now,1,joy
i feel very much the tragic side of life but my endings are always happy somehow,0,sadness
i feel foolish not putting them but that game was telling,0,sadness
i feel it s a bit of a from how i was dressing in summer with mostly jeremy scott murua amp glad news,1,joy
i know they don t really mean anything by it but when you are feeling as crappy as i am you find yourself really wanting to give them a wakeup call,0,sadness
i am feeling so nostalgic lately i would like to say it is because i am yearning for a simpler time but those times i find myself thinking of are far from simple,2,love
i feel like i quote him or talk about him much but it is only because i am continually amazed and nourished by his spirit and his understanding and excitement for life,4,fear
im feeling talented later on ill post some artwork to be admired made fun of,1,joy
i feel that lajoie would definitely be one of the hall of famers that a casual baseball fan would say who the hell is that,1,joy
i feel isolated even when i m around other people,0,sadness
i ask myself i think about it myself i feel unhappy,0,sadness
i have fallen into some kind of hole and feeling jaded and run down,0,sadness
i am feeling incredibly generous i will allow mike to spoon for about minutes and then i start panic breathing and he gets the idea and rolls over to his side of the bed,2,love
i feel i deserve i get depressed,0,sadness
i have only felt it after a half marathon so i can only imagine that it feels twice as sweet for a full marathon especially the boston marathon,2,love
i actually feel embarrassed,0,sadness
i have been feeling less than creative and more like a sad sack,1,joy
i must admit ive been feeling pretty low about it the last couple of weeks,0,sadness
i am excited about new traditions with loved ones these days feel rich because of the precious ones before them,1,joy
i dwell on this matter the more i feel infuriated that i m so lowly thought of,3,anger
i am here again feeling confused of what is happening around me looking for a plane to grasp a reality to settle that feels like it is my own,4,fear
im not feeling lucky,1,joy
i began to feel sympathetic for khezef but i wasn t sure if i was right about him,2,love
i just cant help but feel extremely jealous of them because theyve been together for a year and half and luke and i have been together for and a half and i have nothing,3,anger
i especially have trouble socializing with females now before i moved away from my friends and family i actually preferred being with my female friends than with my male friends simply because i did not enjoy feeling like i had to offset my effeminacy and repressed homosexuality,0,sadness
i can go on not saying anything and feeling petty but it seems that this load is gettin heavy,3,anger
being reunited with my family after not having seen them for years,1,joy
i feel like when i left scad i was finally coming into my own and making work that impressed people,4,fear
i was really feeling shitty both physically and emotionally and it even took me some time to realize that a nailart session would have been the right positive treat to cheer myself up,0,sadness
i refuse to cut my hair too early and then possibly throw myself into some sort of depression because i don t like the length of it or don t feel pretty enough,1,joy
i feel so agitated about this,4,fear
one day,0,sadness
i lay reading by headlamp and feeling the tent shaken as if by a giant hand,4,fear
im feeling pretty hopeful this morning that we are going to get this right,1,joy
i was left feeling a little shaken,4,fear
i feel the meal was incredibly pleasant for both of use,1,joy
i think of what dharavi means for mumbai and the country if you keep the annual turnovers aside for a while i feel agitated,3,anger
i am feeling a little overwhelmed by christmas knitting especially since i started cross stitching and thats taking half my free time i went idea shopping today though and i am starting to feel a little better about the situation,4,fear
i feel safe secure and protected when im in my daddys embrace,1,joy
i feel like a heartless and feelingless i know don t have this word daughter teenager,3,anger
i loved it and it made me feel very elegant when i wore it,1,joy
i begged my husband for it last year as if i thought once having it id lose weight and feel amazing,1,joy
i almost never pull all nighters so im feeling a little groggy today,0,sadness
i could only see and feel the poison in my veins which deprived me of the strength and the ability to feel the joy i knew held me,0,sadness
i went i was amazed at what i have and i began to feel when the woman canal spoke about the divine hierarchies and they wanted us to do for a new era of spiritual evolution,1,joy
ive hated pretty much every shampoo ive tried without sulfates i often feel they make my hair look dull and produce pretty much no lather i need bubbles,0,sadness
i say that feelings dont dull selectively,0,sadness
i feel no joy no pride there is nothing to be admired in that foul achievement,2,love
i feel like a blank sheet,0,sadness
i returned home defeated and feeling totally unsure of who i was,4,fear
i feel like if people see the chinks in my armor they re going to decide that i m this fucked up person dismiss me as a hot mess and not want to be around me anymore,3,anger
i feel that as this greedy obsession continues sustainabilitys growth will be hindered,3,anger
i feel like staying in a barn so carefree,1,joy
i wonder how genentech feel about a hostile takeover by its global partner,3,anger
i had hernia surgery on friday night and i still feel awful even though lots of people said i d be as good as new in a few days so now i feel shitty because i hurt and also shitty because i hurt,0,sadness
i feel so proud for scheduling the time to take care of myself,1,joy
i see that i have pageviews and im just guessing that of them are actually me so i feel reaaallyyyy popular and that was total sarcasm,1,joy
i have been feeling quite productive,1,joy
i am feeling a little bouncy right now,1,joy
i feel less assaulted by my inadequacies under grey skies on rainy days,0,sadness
i feel like i am supporting her party,1,joy
i feel we forget just how fearless we truly are,1,joy
i read these i am always very touched and feel so blessed,2,love
i expressed my concerns that jens mobility had really declined to the point that she now sometimes uses crutches and on a good day the doctor suggested occupational therapy and said he would contact our local occupational therapist and we went on our merry way feeling rather disheartened,0,sadness
i am feeling apprehensive about this move and worried i have blown all my money that was meant to pay my rego,4,fear
im still not feeling these days but cuddling with them almost always makes me feel a little bit better,1,joy
i feel useless i feel stupid,0,sadness
i feel like its my fault for letting the vampire in and constantly running into them trusting them befriending them etc,1,joy
i feel stressed a minute workout gives me an instant boost of energy and helps me refocus,3,anger
in ward a was an epileptic patient who was burnt the whole body and was stinking very much such that the whole ward was affected few people could come near him,3,anger
i was reading the melee dps rant below just now and it brought to my attention the reason ive been feeling fairly dissatisfied in raids recently,3,anger
i can achieve on my own it makes me embrace the pain of extreme effort and physical exertion it proves to myself that i can succeed at things that i can be healthy and fit and have a body that i love and feel comfortable in and it just makes me feel special,1,joy
i should have gone to my room and waited for him to feel benevolent enough to give me my pendant,1,joy
i feel ashamed that i hadn t even made root mousse in about a year this was a recipe that my swedish grandfather would make for the family though i hear the most authentic version calls for turnips which are not in season right now,0,sadness
i feel like the projects that im successful in are projects that did not involve specific requirement free choice,1,joy
i could feel my feet getting agitated once i got to the metropolitan pavilion,3,anger
i cant get wrapped up in that kind of crap tv because my brain starts getting mushy and i feel feverishly hostile,3,anger
i feel like i missed that ship when it sailed,0,sadness
i always feel a bit triumphant when i find a gift for my youngest brother that is not a movie or a video game or anything similar to those two,1,joy
i thought i would love wearing s trousers but instead i feel amazing in vintage inspired dresses,1,joy
i have been anticipating so i am somewhat surprised uncertain and to some degree annoyed about their presence in my daily experience especially in light of the fact that i have at other times been feeling more joyful and confident in my abilities as a loving human being than ever before,1,joy
i feel offended by this girl,3,anger
i feel slightly naughty holding this cd seeing as it doesnt officially release until tuesday,2,love
i wanna scream out my feelings that i keep until it bleeds the life is sometimes prejudiced it kills happiness thus it becomes even worst feeling like the life is now meaningless why should i be the victim,0,sadness
i feel more peaceful and together than i have,1,joy
im feeling lousy right now,0,sadness
i love and hug on him and try to make him feel valued so he can grow up a secure man in a world that is constantly shifting,1,joy
i have only a few short weeks here and im feeling many things including sentimental and very grateful for the year ive spent here,0,sadness
i have quite amount of friends here but yet how can i feel so lonely,0,sadness
ill go because it warms my muscles and i always laugh in the midst of our quirky little inter generational exercise family and after six months im a regular which reminds me that ive accomplished the epic feat of no longer feeling in some way intimidated when i go to the gym,4,fear
im feeling as though this is all pretty boring,0,sadness
i feel very uncomfortable around people with down syndrome,4,fear
i feel melancholy always the period plus just dont feel like myself,0,sadness
i remember feeling dirty after the swallow bridgewater race and i wasnt even paying too close attention to it,0,sadness
i feel pretty jaded lately with the pace of my life so i dont mind doing something fun like killing zombies in real life xd but if it dont happen then more reason for me to get off my butt and do something fun,0,sadness
i feel eager to do,1,joy
i am feeling very satisfied with where i am heading with my training and cannot wait to see where this journey continues to ta,1,joy
i feel drops of sweat break out on my forehead and i contemplate doing anything taking anything taking everything to cool the reactor,1,joy
i feel so so heartbroken,0,sadness
im all too familiar with as it leaves me feeling lost and off any form of solid ground,0,sadness
i always feel devastated when shows close because it feels like more than just the ending of a production,0,sadness
i feel we should not be supporting these rebels in a violent manner at all and particularly not give them weapons or funding,2,love
i feel as though i am going to be victimized,0,sadness
i can tell you the things i don t feel that maybe i should be feeling but i can t really put my finger on the cause of my being shaken,4,fear
i remember feeling shocked by the emotions because after all i was pregnant too and at that point we had no reason to think anything was wrong,4,fear
i know for a fact that happiness will forever be alien to me i still feel heartbroken,0,sadness
i feel when seeing a child suffering this way,0,sadness
i received a wt txl and sage that i bought for what i feel is a terrific price from one of the esteemed members at the ultralight fly fishing forum,1,joy
i am not comfortable with are the individuals who feel that the newcomers should throw away what they have valued back in their home country and abide by whats deemed as normal here,1,joy
i feel like im collapsing slowly like a bouncy castle with a small tear,1,joy
i actually feel insulted when the plot goes off on a tangent like that,3,anger
im just feeling particularly obnoxious tonight,3,anger
i feel you jerked a little surprised at the hand that touched you,4,fear
i have never known a love like the love i feel for you sweet emma and benjamin,2,love
i feel somewhat victimized,0,sadness
i can feel what it feels like being a girl in hypnosis only and be perfect and normal in real life,1,joy
i look at myself and feel dissatisfied,3,anger
i feel a little stressed and lost just waiting for an idea to come,0,sadness
i can not see friends and for the most part i feel like leaving my bedroom could be dangerous,3,anger
i feel the need to emphasize these things at the moment because of how grumpy i have been this last week,3,anger
im feeling so unsure when things are pressing in about me comes a gentle voice so still,4,fear
i feel scared rather than curl up like a threatened porcupine,4,fear
i cant escape the tears of sadness and just true grief i feel at the loss of my sweet friend and sister,1,joy
i got to feel something so amazing and powerful that made me feel an incredible sense of happiness and contentment that i did not believe existed,1,joy
i know im not in the best place of my life still dealing with the infertility issue but i feel i have a lot to be thankful for,1,joy
i can find and plan to do something with them as i feel the landscape of the aftermath is vital to this genre s appeal,1,joy
i lost him i realized that i really didnt have anything to fear and that in reality he was the one person that was helping me to trust again because i would tell him how i felt and he would give me back the same and it was starting to feel safe,1,joy
i paused feeling that what would come next would be fake,0,sadness
i dont have a god to turn to doesnt mean i dont feel offended by that,3,anger
i feel myself caring and wondering more than them,2,love
i am thankful that i feel well emotionally,1,joy
i almost inexplicably burst into tears in front of my mother its kind of a long story unfounded guilt about feeling ungrateful earlier today but ive been cleaning and trying to keep myself active so i dont keep falling back into slumps,0,sadness
i have no doubt they would dial feeling threatened,4,fear
im feeling exceptionally brave that day to tell the husband that i need to buy it because i like it and nothing else,1,joy
i just feel like i was foolish ignoring warnings about cell phones,0,sadness
i feel like i was convinced to spend the night alone it was not my choice i was wrongfully lead astray,1,joy
i was feeling paranoid tonight so i had to check my blog stats,4,fear
i was rather calm after writing down how i truly feel so was not as agitated as sonia yixuan and atiqah,3,anger
i got the feeling that the person on the other end hated me,3,anger
i have told her many times as well as given her gifts that say exactly how i feel about my precious girl,1,joy
im feeling a little shaky because im going to give a speech at jens retirement lunch shortly and i dont want to cry,4,fear
ive told my mom and my friends and they all react as if i told them im joining the circus and it makes me feel so isolated,0,sadness
i cant feel complacent,1,joy
i was feeling amorous,2,love
im back to watching running man and i love it i got back the feeling of why i loved running man,2,love
i feel so glad talking to them because they help me learning japanese through conversation and help me speaking english nicer and more frequently,1,joy
im feeling good now,1,joy
i realised something was wrong when i started to feel everyone hated me and was saying things about me and only wanted to talk to me because they pitied me,3,anger
i feel like this really heartbroken little year old all over again she explained,0,sadness
i feel a bit reluctant having to say anything at all because a popular blogger who i share similarities with had beat me to the chase,4,fear
i feel so privileged to have experienced all the lovely places ive been able to visit throughout the last few years,1,joy
i still feel constantly paranoid and anxious i keep wanting to go on facebook to check he hasn t been back on there i keep wanting to go through the texts on his phone i feel edgy when he s at work and want him to come straight home to me,4,fear
i feel not loved i always get kicked around or shoved,2,love
i know it meant that i will get ignored more and that i will have that feeling more still i did keeping all the sadness and all the ignored feeling,0,sadness
i am feeling very lethargic although still trying to get to the gym today but almost all my time seems to be now in a strange chilled out ambience,0,sadness
i feel so ugly and ashamed img src http s,0,sadness
im feeling cranky cantankerous and resentful like a house slave basically almost all the mothers i know rely heavily on either alcohol marijuana or separation divorce to get some space and sanity for themselves away from their maternal responsibilities,3,anger
i think back to everything that happened in the book im left feeling stunned,4,fear
i remember him feeling discouraged,0,sadness
i just feel like no one cares and no one can be bothered to make the effort and meet up,3,anger
i knew something was off as i have been feeling so bad,0,sadness
im feeling like the lunches are dull,0,sadness
i feel unsure because my financial future thanks to the stupid law is at this point partly dependent on js integrity rejected and jilted by j after we took vows unsure and even a little worried about getting passport ability to do so,4,fear
i started going down the adventure feeling totally ludicrous and wondering if this wasnt all just a waste of my time thats when i saw this screenshot,4,fear
i bring this up because i am feeling increasingly nostalgic for a game ive never played,2,love
i feel excited to be serving on a team of committed individuals who are dedicated to youth development and environmental education,1,joy
im starting to feel less like i have a cute little bump and more like i have a bigger belly,1,joy
i feel dumb but happy,0,sadness
i feel really lucky to be part of it,1,joy
i feel like so much of my life has been rushed through like just the means to an end and now it feels like i am enjoying everything i possibly can for what it truly is,3,anger
i just feel like you got to pay to play sweetheart because i dont know not one person in my life that has been faithful,1,joy
i was in the firm i feel passionate about what i am doing because it challenges my mind and intellect to solve some design problems and be around architects and designers really helped to create a conducive environment,2,love
i feel i cant talk move sometimes even breath with the fear of some kind of rude hateful comment,3,anger
i was not feeling respected by him,1,joy
i think are close to me as online friends also feel they still very curious about me,4,fear
i feeling shy,4,fear
i feel like its petty to be worried about it,3,anger
i feel fantastic at a weight higher than than that is where i will stay,1,joy
i will have spontaneous bouts of needing to feel productive or at least busy and i have nothing to do,1,joy
i just wanted to feel beloved at that moment,2,love
i have mixed feelings about this single but i am glad to see her working again,1,joy
i didn t see anything but as i touched i could feel that your body was so delicate,2,love
i should be sad about all these things upset feeling ungrateful,0,sadness
i promise keep it real whatevers on my mind i m a speak on how i feel stay truthful and never lie u and i wont ever keep no secrets no matter whatever,1,joy
i was feeling homesick and somewhat wondering what i am doing here,0,sadness
i feel blessed to be his sister,1,joy
i feel the need to write even though i really have nothing important to say,1,joy
im sure it feels wonderful,1,joy
i probably should have written this closer to thanksgiving but i was busy and frankly not feeling particularly lucky,1,joy
im feeling the fight as i struggle with feelings that im sure are not right,1,joy
i went to german class and it made me feel so idiotic,0,sadness
i was feeling pretty cranky and down and all i could think of what how much better i feel when i cut my hair off,3,anger
i made for the bee has left me feeling pretty terrific,1,joy
i searched long and hard for a bad review telling me that i shouldnt buy into something i feel so apprehensive about but i only found that people loved and swore by f,4,fear
i started feeling my left arm aching,0,sadness
i top out the climb feeling invigorated,1,joy
i feel so lousy and useless in my class,0,sadness
i feel like it may have been a missed opportunity too,0,sadness
i feel terrible about the whole situation,0,sadness
i swallowed my feelings trusting him,1,joy
i am feeling extraordinarily jolly today,1,joy
i didn t know it was possible to feel more terrified,4,fear
i friends helping them to dress up and practise their thai introduction session while i sat there feeling helpless,4,fear
i feel that many not all but many of the partners i work with are really talented,1,joy
ive done while not writing was had flowers delivered to someone just because brought a meal to a new mom on a day she was feeling overwhelmed and now im stumped trying to remember what has been done,4,fear
i guess so walking around feeling cranky and mad,3,anger
i feel like im over reacting by feeling so gloomy about it all,0,sadness
i cried like an effing baby for half the day and just sat in bed again so depressed stressing over the decisions i make and everything is oh so focused on me i feel when really i cant be blamed for this,0,sadness
i feel so lucky to be guest posting for kristi over at a href http www,1,joy
i feel stress being relieved each time i run on the treadmill or swim in our multi coloured pool every other day,1,joy
i feel so eager for the rest of the photos to come in,1,joy
i have no idea why but i get gastric pain when i feel stressed up,3,anger
i would already begin to feel calm again and think that the one drink worked,1,joy
i am feeling very confident as of late,1,joy
i have essentially at least in my mind solved these design problems i just don t fucking feel like working them out in all their iterations i just feel like i can t be bothered leave that shit to the junior designers,3,anger
i feel uncertain about everything,4,fear
i hope she feels my presence with her and is assured that her girl loves her fiercely,1,joy
i feel so un smart yo,1,joy
i feel like my relationship with christ has been shaky,4,fear
i am working for but that work requires opportunity certain freedoms of expression and of movement and i may sound paranoid by saying this but i feel those freedoms threatened and more and more each day,4,fear
i didnt feel much maybe just a sting but i was terrified because i didnt know if it was going to hurt or not if there would be a problem and if he knew what he was doing really who does in this situation,4,fear
i think if youre sad a top tip is to eat lots and lots and lots and lots of it until you feel very satisfied and a maybe a bit queasy,1,joy
im stressed angry upset to the point where im feeling numb but one more bad thing is sure to set me over the edge,0,sadness
i feel like myself whoever that is again and i m delighted about that,1,joy
i then immediately have feelings of guilt for having those selfish thoughts and my practical side appears how could i do that who would take care of the kids and my parents,3,anger
i went down superdrug it was usually make up or sometimes bunches of hair bands or if i was feeling brave some of them metal hair clips with the flowers stuck on,1,joy
i adore who watches my gift list and when he knows im feeling unloved he surprises me like this,0,sadness
i feel a bit of sadness or loss i just remind myself that love is never lost no person is every lost and all is well,0,sadness
i had this crazy idea that all of that water slogging around in my stomach would make me feel crappy so i kept my sips to an absolute minimum,0,sadness
i also love to be complimented substantially more when i feel like i look shitty,0,sadness
i am so burdened to be a spiritual father to all generations and i really feel impressed that each and every believer should do so,4,fear
i feel absolutely splendid right now,1,joy
i feel a radiant and grounded presence of truth beauty and goodness,1,joy
i feel dull and tired and blah about this school stuff i thought so important at the start of the school year,0,sadness
ive slowed down i take time to listen to my child and be in the moment and not feel like i need to immediately update my status on fb about the cute thing she did,1,joy
i didn t really feel awkward at all,0,sadness
im not going to fix things with ml either by feeling awkward and frustrated and annoyed at some things she does,0,sadness
i remember feeling overwhelmed and noted the particular smell off the city mostly cigarettes and people with wafts of charred something,4,fear
i didnt feel brave or confident coming out of the mass,1,joy
i spent a lot of my childhood feeling completely frightened of her but i remember a lot of good things too,4,fear
i had a quarrel with my parents i was convinced to be right,3,anger
my classmate got a b for his homework while i only got a c when we got the results he acted as if he did not merit this grade i found that his humility was hypocritical and i found it disgusting,3,anger
i made my own recipe cards and included little gift cards for friends far away so we could feel like we were having coffee and a delicious treat together if i can do this on the computer anyone can,1,joy
i were both feeling homesick so we decided to venture to a relatively new part of town,0,sadness
i volunteer at bard and always feel respected,1,joy
i feel like i m falling quicker and quicker but i m not quite sure what i m falling into i m calling it love because that s what it feels like since my heart is beating rapidly and i can t seem to keep this tiny little smile off my face no matter what hour of the day,1,joy
i always feel like i should look cute when i vote,1,joy
i feel obama is simply because hillary is so hated by so many,0,sadness
i miss everybody i am still feeling relieved because i am pretty sure i will be able to catch up on much needed sleep that has eluded me the last couple of days,1,joy
i get the feeling were being tortured,3,anger
ive been feeling an aching loss a void in my life in the place that she filled,0,sadness
i do like riding on brooms but there is something about just sitting and holding colin and feeling the wind in my hair that is quite pleasant,1,joy
i truly feel blessed to be sharing our first thanksgiving day together and we have many many blessings to be thankful for,1,joy
i almost feel like i missed this month but when thinking of what i actually did it sure wasnt wasted my sister got married,0,sadness
i didn t feel like there was something i missed and i take back all the things i said to make you feel like that and i just wish that i didn t feel like there was something i missed and i take back all the things that i said to you,0,sadness
i was a little teary and feeling a little sorry for myself,0,sadness
im feeling a bit distressed about it,4,fear
i know it is really hard on him to not be here i think he feels like he misses out on a lot with our sweet girl,1,joy
i seriously feel like a prisoner and i feel awfully gloomy when im in school thats why i always want to get out of the gates as early as possible,0,sadness
i feel like i should rely entirelly on gods word yet i am impatient to wait,3,anger
i am feeling mad at him as he didnt reply got me very worried,3,anger
i was not aware of his point of view as a white european who had undertaken this trip as a fulfillment of a childhood dream but maybe because of this awareness i was able to feel the tragic dawning marlowe experiences of humanitys ruthless rapacity and greed,0,sadness
i feel that i m indulging him at times nor does it help that when we started talking his approach was more friend zone friendly than an i want to date you approach,1,joy
i feel peaceful like i shall grow wings and fly away,1,joy
i feel like starting with my name is susanna but i dont want to be that boring,0,sadness
i feel with my precious little girls arms wrapped so tightly around my neck,1,joy
i dont know who wrote the following little note but this is how i feel today if u r offended by the following posting then you obviously have not lived long enough to be compromised on how you act or believe,3,anger
i was feeling extremely horny while out of town visting some friends of mine in south florida,2,love
i can feel dazed by all those choices so much so i find myself standing still in front of that blank page unable to make a move,4,fear
i feel so beaten down,0,sadness
i am feeling some divine intervention at work here,1,joy
i was devestated would be a grave disservice to my feelings as i can never recall being quite so heartbroken again in my life,0,sadness
i feel like i got resentful and tired and i just wanted to talk to him so badly,3,anger
i had a feeling he wouldn t be friendly about it,1,joy
i feel amazed because when he watch his victim intensely the lying blonde has a pretty face like a girl his skin so smooth his lips so soft and pink and,4,fear
i m being reserved kind i feel so loads and loads and loads of mood swings i am not caring eh,2,love
i feel aching andangry,0,sadness
i hope to see or feel a mad glint in your eye because some madness some pathological curiosity is needed,3,anger
i feel for you i feel sorry for those who think autistics have no ability to empathize,0,sadness
im not appreciative enough does not love and care for myself enough and does not feel contented of what i have now i will never be happy,1,joy
i am at a point where i dread anyone asking me for anything because i feel like it is just one more opportunity for me to fail at something and that is a very horrible place for me to be,0,sadness
i overslept and the hangover kicked in mid morning im still feeling extremely delicate,2,love
i feel that i am not accepted and am forced to hide this part of who i am,2,love
i feel somehow reassured to a href http www,1,joy
i must admit that tonight i am feeling a bit homesick for my little,0,sadness
i can see a lot of strain on people i can tell they are feeling pretty shitty or not what they are supposed to be pretending,0,sadness
i started to drape the ties on and get a feel for how it would look and i hated it,0,sadness
i feel a conection between my beloved letter and the beloved envelope that i have customized,1,joy
i have been starting to feel drained,0,sadness
i hate it i am feeling bothered by my boob size,3,anger
i feel whiney winey lush lush i just know everyone thinks im scummy and annoying,0,sadness
i think there s nobody there but when i reach there i feel suspicious,4,fear
i didnt know what to feel except ashamed of myself for not feeling sorrow,0,sadness
i set off feeling fab and ran first section pretty well,1,joy
im supposed to feel sympathetic to a child killer,2,love
i feel an emotional reaction but a lot of times that emotion is accompanied by a physical reaction as well,0,sadness
i mean change is great though unless i feel like i am not alone in what i experience with having high functioning autism it s scary to make decisions and to want to work on myself in order to be the person i want to be,0,sadness
i feel like im becoming the most dull witless stupid zombie by spending my life with him and his friends,0,sadness
i would want them to know either i feel it isn t that important to know who had hurt me this much anymore,1,joy
i am by no means very claustrophobic when crunched up like that i can t help but feel a little agitated,4,fear
i have been busy pleasing people which i currently feel so regretful about today,0,sadness
i thought id make a list of ways that you could celebrate today whether youre ready to be your creative self your activist self your worker self or you just need some ways to feel festive,1,joy
i am kind of feeling melancholy because of the recent tragedy in bontoc you know when we were there you do get the feeling that every turn is the last turn you are ever going to make in your life,0,sadness
i feel that the message is too lame or something,0,sadness
i feel wonderful after seeing all these sweet ribbon prices,1,joy
i start to daydream about accidentally hitting the end call button that i recently took up flossing after a year sabbatical and it has made me feel strangely superior,1,joy
i am feeling mega contented after sort of completing my project,1,joy
im just sick of feeling unwelcome here,0,sadness
i know i have been affected by it and the importance of beauty is embedded so deeply in me that i don t think i will ever stop feeling inadequate in some ways for not measuring up to society s narrow and unattainable view of beauty,0,sadness
i had picked oxbow in the kentucky derby two weeks ago but he turned up as the longest bet for the preakness today and i just had a feeling that the lucas stevens combination wouldnt be beaten,0,sadness
i know i have an international audience but even now i feel pleasantly shocked that i can reach certain parts of the world,4,fear
i wanna tell you how i feel but im scared,4,fear
i just didnt feel inspired,1,joy
i feel nothing just empty until the nothing becomes something just a deep ache longing to be filled,0,sadness
i have nothing but respect for not only jerry sloan but the utah jazz as a whole i feel wronged that we were forced to stomach this series,3,anger
i wept with my grandparents who prayed for me by phone that i would feel gods presence to which i replied that i felt so punished,0,sadness
i feel like i should mention there was another sweet family with us,1,joy
i feel frightened or anxious,4,fear
i always feel like i need drugs after which is funny cuz its a health food store,4,fear
i feel her longing to be touched and all that but really with the guy who wanted to control you and make you kill other people,2,love
i wonder why people feel the need to make up stories to be amazed at the miracles around us every day,4,fear
i along happy peaceful feeling fantastic,1,joy
i hope you feel a little more glamorous after reading todays pinterest loves,1,joy
i came back from the holidays feeling invigorated and inspired,1,joy
i hate being in an environment where im constantly feeling rejected cast aside and forgotten e,0,sadness
i am still glad to help when someone asks makes me feel complacent at least i am good at something,1,joy
i just mean it in a logistics sort of way i feel like i cant take one more frantic non stop day,4,fear
i guess ill quit the predictions and quit feeling doomed,0,sadness
i have this crush on my bus mate and i feel strange about it because i used to despise him,4,fear
i feel like ive reached the point where we are doing more emotional damage than health fixing especially since you know we arent cathing,0,sadness
i remember feeling very very disturbed by the images,0,sadness
i do these days that makes me feel a little uncertain about the future the pressures that pierce me deep the feeling of being completely isolated from the world i used to glory in and all the thrills that go with it,4,fear
im feeling a craving for a naughty sweet snack this is what i choose,2,love
i hate myself for feeling so listless about my classwork,0,sadness
i don t feel like i m welcomed at home even though i am its different than before,1,joy
i mentioned in my last post i was still feeling completely exhausted on the weekend,0,sadness
i could not help feeling thatrupert meant to be rude to my father though his words were quite polite,3,anger
i started feeling better towards the afternoon and now i still intend to finish off some things in my to do list,1,joy
i am feeling somewhat melancholy over that,0,sadness
i feel like a kid that s been naughty,2,love
i do hear and old jam a wave of nostalgia floods over me i become giddy and feel like a jubilant teenager again,1,joy
im not too jazzed about the first image but even before i have finished this one i am already feeling proud,1,joy
i wish that i had listened to this album back in the day because i feel like i have missed out on so many listening opportunities it is not very often you come across an album that you like the whole way through,0,sadness
ive been a huge fan of twitter since i joined in and as my engagement with those that i follow has increased over time ive found myself feeling like this is a go to source for me for any number of content options news biz trends marketing you get the picture,1,joy
i feel like my songs are pretty lame and elementary but they like them,0,sadness
i feel heartbroken when he tells me that he feels that i dont love him when i really do love him,0,sadness
i am feeling a little uncertain as i am waiting to hear from my land lady to confirm a date and receive my contract,4,fear
im not going to tell you to feel loving feelings toward her,2,love
i feel like kierkegaard a hated and lonely philosopher,3,anger
i know that i am even more unworthy to facilitate your children and i feel truly anguished that my interference with your work has stunted damaged or destroyed the promise once instilled by your spirit in to them,0,sadness
i just want people to leave me alone and not make me special because i feel really vain and bad when people pay that much attention to me,0,sadness
i seem to wake up every day recently feeling immensely irritable and i cant quite work out why,3,anger
i am now feeling fine if not a bit worn out and tired from a few days of sickness,1,joy
i feel like i have a headcold and im groggy and even more exhausted today,0,sadness
i dont know how to explain to you all the emotions that i felt at that moment but i can assure you of one thing i didnt have to convince myself to feel passionate about dominican republic,2,love
i will come across a book that i feel has valuable information in it that i should keep for perusal at a later date,1,joy
i lie awake for hours and look at him and at times i feel so ashamed of my thoughts,0,sadness
i feel this strange shift between us the heat between us intensifying and i get excited my nerves bubbling up inside me,4,fear
i don t feel very reassured when the general environment at a recruiters doesn t look like an office one either,1,joy
im feeling shy to approach them,4,fear
i feel like a child with a most delicious treat while drinking it,1,joy
i still feel horrible,0,sadness
i feel incredibly disappointed in myself,0,sadness
i feel like it but i cant i cant give in i am just to stubborn and i must win,3,anger
i entered the temple feeling vaguely terrified,4,fear
i fall asleep these days feeling as if the day has been worthwhile,1,joy
this happened a year when i was having a hard time,1,joy
i look pretty today without feeling vain,0,sadness
i dunno i feel like ive been on opiates forever i dont even remember my carefree life before r or even with her as an infant when i didnt use anything its summer again which means im almost one year on this merry go round of addiction,1,joy
i didnt feel too needy i didnt feel too emotional,0,sadness
i feel petty a href http clairee,3,anger
i have some christmas undecorating to start but im in no hurry i like feeling festive,1,joy
i am is cornish and i feel so insulted and hurt to know that people my own age dont see what i see dont understand how much cornwall is important to their lives,3,anger
there was a cat on the street it had been run over and its head was open we passed beside it,3,anger
i feel an aching tiredness that goes down to my core,0,sadness
i feel comfortable enough doing presentations in front of professors and students i am a performer so its somewhat like the same thing most of my experiences back in grade school were hard when it came to presenting because i wasnt into it or got made fun of,1,joy
i know feel a sense of responsibility toward those whose family and homes were devastated by hurricane katrina,0,sadness
i never knew these feelings entertained by anyone that they did not however unknown to himself tinge the language of the person who imbibed them and thereby produce incalculable mischief,1,joy
i feel bad for pretty much everyone involved and am generally bummed to see violence take place perhaps most disturbing of all is the insidious if not predictable victim blaming that has taken hold in the days since the violent incident,0,sadness
i feel so idiotic right now,0,sadness
ive been more intensely feeling unloved,0,sadness
i feel the need to be productive,1,joy
i discovered out what created my wife feel lovedi was shocked,4,fear
i go to bed feeling triumphant,1,joy
i feel that artists should be supportive of one another not stretching to find ways for others not to be able to express themselves in their love of art too,2,love
i did feel my heart rate increase after the baths and i am curious as to how they d work in the long run on a fat loss plan but between the cost of lbs of ice at a time and the increasingly low temperatures in my apartment i gave them up after a short run,4,fear
i suppose thats why i feel so melancholy about the whole thing,0,sadness
i was slicing a knife through a creamy cheesecake and i could imagine exactly how it would feel in my eager mouth,1,joy
i love the sweet grateful people we serve and speaking with our members and meeting them in person always makes me feel invigorated,1,joy
i feel like im being punished for wanting to make some money,0,sadness
i feel so honored that my new blog is being noticed,1,joy
i wear it i feel super safe and calm,1,joy
i walked away feeling triumphant with my first purchase of new make up finally done,1,joy
i was annoyed this particular day as it seemad that the odds were not in my favour my grandfather added fuel to the fire,3,anger
i feel a bit triumphant about that,1,joy
i feel so guilty sometimes that he has to share me with the challenges life has thrown our way financially emotionally and most recently medically,0,sadness
i do not feel disadvantaged because i believe that as long as there is humanity in the subjects there is a potential for communication and the sharing of ideas and a potential to find a common ground in language,0,sadness
i feel honoured and very happy to become part of this wonderful team thanks to nadia,1,joy
i feel somewhat brave for posting this photo again,1,joy
i didn t feel all that trusting of anybody,1,joy
i tend to avoid the news because i often feel like it doesn t add value to my life and only makes me fearful anxious and slightly paranoid,4,fear
i feel foolish admitting how hard this hit me,0,sadness
im feeling terribly impatient,3,anger
i begin to feel a dull ache in my left side,0,sadness
im now wondering if that was supposed to be a metaphor for his feelings for neal im not convinced thats the case because he seemed pretty into her but who knows,1,joy
i was actually feeling very discouraged last week and then i bit the bullet and looked at this,0,sadness
im feeling adventurous today getting excited about my upcoming vacation so i thought why not dress for my mood,1,joy
i like frappes and shit when im feeling naughty but i drink tea daily,2,love
i know that when i eat horribly i feel horrible,0,sadness
i feel listless bored useless,0,sadness
i feel like all the unsuccessful endeavors in my friends lives are my fault,0,sadness
i write now it feels like furious abandonment to embrace a cliche,3,anger
i cannot describe to you the feeling of frantic alarm that overtook me,4,fear
id gotten the feeling that her friend hated me deeply for whatever id done to her,3,anger
when i was cycling past a parked car someone opened the door and nearly pushed me off my bike and into the traffic,4,fear
i feel the wind blow and i feel the love and presence of the rest of my divine family a href http soulbitesblog,1,joy
i feel as if these words are petty so i am telling you now that my actions are going to speak louder than my words ever will be able to,3,anger
i am now feeling like i want to be the raider that i once was a vital and important part of a team of peers,1,joy
i even cry over you when you never once made me feel happy for a whole day,1,joy
i feel so fucking rebellious all the rules and its so regimented like if class starts at theyre taking roll at,3,anger
i last talked to her and now i feel all bouncy again i shall sleep well tonight methinks,1,joy
i feel helpless like i want to hurl over and just cave in to the sadness trying to devour me,0,sadness
i don t feel frustrated anymore from the fierce us media campaign against egypt because the more they attack us the more we know that we are on the right track,3,anger
i feel like all of the artists i love the ones i find truly talented seem to have a unique style that you can recognize from a mile away,1,joy
i know you do but i m feeling impatient cause i asked you a question in mine and i m waiting for an answer,3,anger
i keep feeling so disgusted with myself,3,anger
i feel proud and dont regret going down the path that i went on,1,joy
i feel more than ever that the computers i pour code and art into are extensions of myself and thats pretty goddamned cool in my book but i am hopelessly romantic about creativity and prone to fits of stereotypical artist bullshit so grain of salt,1,joy
i feel like every day i walk around with so much stress and sadness that im literally amazed im still here that i still function that im still basically a friendly stable person,4,fear
i personally feel to confront violent death with absolute openness for example on video which is not something i have managed to do yet,3,anger
im feeling afraid,4,fear
i am feeling quite disorganised and distracted and i wish i could answer some of the questions i seem to be unable to block out or forget or answer with logical answers uuuugh,3,anger
i remember feeling nervous that i wasnt progressing so i was so thrilled,4,fear
i feel for you my beloved master time will tell you this is true,1,joy
i feel quite needy have not recourse amp u http cabeal,0,sadness
id love to see this campaign go viral to help raise awareness and funds to support the hotline so more women and children can feel safe something most of us take for granted,1,joy
i must tell you i feel pretty stupid standing in my yard revving the motor letting it stop revving the motor and letting it stop times to get more inches of line,0,sadness
i feel extremely alone and isolated but the thing is is that nothing could be further from the truth,0,sadness
i must confess to fighting my way through reading the first half of the book and feeling much better going through the second half of the story,1,joy
i honestly never expected to feel so vulnerable,4,fear
i feel how totally utterly trusting and reliant on me you are i cant bear the idea of ever not being here,1,joy
i have reason to believe that my faith in trusting them has been betrayed by a lie or worse i start to doubt what my heart wants to feel this is where things get messy,0,sadness
i didnt have to convince myself he was my soulmate and i feel very reluctant to use that word regarding him because my chemistry with him actually is unlike anything ive ever experienced,4,fear
im home and feeling a bit low,0,sadness
i decided that i was feeling so horny that i would have to do something before i burst,2,love
i looked her deeply in the eyes and expressed to her that i loved her so deeply and that what she perceived as anger was my frustration at feeling inadequate to take care of her,0,sadness
i feel weird taking up time and making these sometimes terrible sounds that people have to hear,4,fear
i feel the near and lively presence of the well loved past,1,joy
i feel obnoxious for saying that,3,anger
i realized that i m feeling artistic in the extreme because the justice center has not been very kind to me lately,1,joy
i feel like i want to be very very rebellious until they regret of what they have done to their single daughter,3,anger
i express zooms on with all its faults and foibles and entertains non stop in a rather odd manner where you are left feeling rather inadequate that something is not fully right that something better could have been done with a little bit of application a little bit of better storytelling,0,sadness
i feel fearful and then actually do that one thing it usually turns out to be a good thing,4,fear
i let every angry thought run through my head crying as i sat with those feelings and then i convinced myself to let them go,1,joy
i have a heart to serve to better their situation but in that moment i feel so helpless,4,fear
i feel grumpy to wake up so early,3,anger
i could feel the aching starting earlier in the day,0,sadness
i was sitting in church this morning and looking around at the various people scattering the pews and wondering how many of them were feeling beaten down right at this moment,0,sadness
im really praying and concentrating and im just inundated in thoughts that i feel should be devoted much time to,2,love
i feel is determined by the thoughts i allow to dominate my thinking,1,joy
the day i received the key of my apartment and we could enter in it,1,joy
i feel an aching gap in my heart,0,sadness
i needed to feel energetic and confident,1,joy
i feel unloved you are there to remind me you love me,0,sadness
i was feeling that we had two too many as it was but oh well,1,joy
i feel like i find this graceful yet sharp peace within myself but then it seems to dissappear so quickly when that peace within the heart that feels like its breaking,1,joy
i feel like a tortured artist when i talk to her,3,anger
i feel like it wasnt that bad but i probably wouldnt have told you that in the moment,0,sadness
i found myself feeling fairly ignored sort of taken for granted you know,0,sadness
i love the way he talks sometimes i feel shy when i was inside him,4,fear
i had pocket qq and was feeling pretty confident lol,1,joy
i want to tell everyone exactly how im feeling but as soon as i start to i feel ten times more pathetic and stop talking,0,sadness
im so excited for you to try my mineral makeup starter kit and feel more gorgeous more beautiful and more confident than youve ever felt before that im willing to give you such an incredible deal,1,joy
i feel like a selfish bitch for feeling this way when countless impoverished people are suffering surely a hundred folds more than i am,3,anger
i feel like no matter how much preparation i do i am doomed to be my usual traveler on the fly,0,sadness
i feel like the rest of the season will continue to be successful like we were at freestone,1,joy
i just decided to put a closure on the irritant and avoid them altogether or make their presence feel equally unwelcome,0,sadness
i never feel deprived and i most certainly never go hungry,0,sadness
i finished our drinks and left and i came to feel more and more sympathetic and bad for this old man to the point where im still thinking about it hours later,2,love
i can t shake the feeling of being fundamentally dissatisfied with my selection in the democratic primaries,3,anger
i do make myself feel kind of intelligent and inspired sometimes,1,joy
i wont discuss any further made me feel really restless,4,fear
i cannot feel my lips they are numb and burning,0,sadness
i can get away these days with the gag line when i feel like being sarcastic that i feel sorry for anyone who wasn t fortunate enough to be born mexican,3,anger
i felt this coming on and i didn t do anything about it no it s the p docs fault because i mentioned feeling irritable at our last appointment and he didn t do anything about it,3,anger
i fight for him when i feel it is just he said and alexander s gaze seemed to turn curious,4,fear
i feel like affirmation however petty is what i really need,3,anger
im just gonna end here cause i feel stupid lying on my bed typing non stop for the past mins,0,sadness
i feel wronged by you over and over,3,anger
i do feel irritated at times because he tried to hold me and stuff ill push away or not throw temper and shout at him,3,anger
i kind of feel more violent after having watched the non violence video,3,anger
im back to my un emo mood re reading that post makes me feel like im over reacting over something so petty,3,anger
i walk away from church feeling invigorated and ready to embrace the week,1,joy
i feel so incredibly blessed especially during the hectic exam period,1,joy
i do not need to shower a child with gifts to feel like i am caring,2,love
i feel a pang every time i read an amazing canadian literary magazine for instance that id love to submit to only to see im on the do not enter list,1,joy
i think the biggest problem is that rather than turning something like this off people feel the need to become victimized by something that has nothing to do with them and blog about it in nd rate publications and that is being generous,0,sadness
i have been feeling very empty and numb the past few months,0,sadness
im really feeling very disheartened by it,0,sadness
i recently lost lbs of the i gained over the past year and i feel fab,1,joy
i was starting to feel alarmed,4,fear
i had a feeling this little girl was going to arrive soon but i still felt very unsure of when it would actually happen,4,fear
i took a sip tonight and am feeling pleasantly mellow,1,joy
i feel blessed beyond belief to live in a day amp age when this treatment is available also to have a husband thats footing a very expensive medical bill,1,joy
i really do what i feel like doing about of the time they get mad,3,anger
i feel a change coming espa a hd target blank rel nofollow title google img src http sky sport,0,sadness
id actually been feeling less hostile towards ms than a lot of my linux using brethren lately,3,anger
id be feeling shaky too if id spent a week contemplating how id just pissed away my lifes work,4,fear
i feel a surge of adrenaline and excitement as i immediately recognize these two birds to be a gorgeous pair of marbled murrelets,1,joy
i was disgusted at the way the bus conductor threw out an old woman oiut of the minibus simply because she could not pay the fare for her luggage,3,anger
i think about how great everyone elses life is i feel that much more crappy about mine,0,sadness
i feel like the saddest most pathetic piece of shit on this planet,0,sadness
i forgive myself that i have accepted and allowed myself to express myself in such a way so that i could feel superior and more than others,1,joy
i feel greedy part comes in,3,anger
i am content i am restrained to myself which in turn makes me feel satisfied with the environment i am into myself and thats all i need,1,joy
i was feeling wronged and impotent,3,anger
i feel curious and bewildered,4,fear
i feel nostalgic a lot more than i felt after passing out of the school,2,love
i know is that it s better for me as a teacher i feel the lesson is more pleasant that the language work is less artificial and it feels good that what i teach is closer to what they need instead of what someone else who is not even there thinks they need,1,joy
i think i want to go to an aa meeting just to hear the stories but it feels rude,3,anger
i didnt need that reminder plus her words made me feel as if she saw me as pathetic,0,sadness
i email or try to communicate in any capacity even if it s to go tell me to go pound sand feeling respected and loved is something that doesn t happen a whole lot in my life right now,1,joy
i feel so idiotic all the sudden,0,sadness
i laid on my bed and tried to hide my feelings when my sweet little girl crawled onto the bed laid on top of me and said gently mommy whats bothering you,1,joy
i feel so stupid because the first week of it fair wasnt even worth working for,0,sadness
i am feeling really weepy today i am sure i will feel better tomorrow xxx,0,sadness
i am feeling hesitant right now going in this alone but am trying to remain optimistic,4,fear
im thinking of locking myself in my house until i manage to get it all organized but i have a feeling i may become as cranky and isolated as this dear friend a href http,3,anger
i have a feeling im going to be seriously envious of whoever wins because i really want this one all to myself,3,anger
i feel like i have been beaten up and looking back on my week i can see why,0,sadness
i am grateful to have a strong support system both internally and externally that i can rely on when i am feeling uncertain and weak,4,fear
i look at it and again i feel horrible,0,sadness
i feel hopeless helpless and paralysed,0,sadness
i was feeling regretful that i made contact with someone with whom i need to keep distance,0,sadness
i feel like everyone who will be caring for zach in some way needs to be at least slightly educated in what is ok and what is not,2,love
i appreciate the mix of modern hard rock and classic heavy metal on faithsedge s new album the answer of insanity i also feel the album lack of strong melodies,1,joy
i hate talking about presents because i feel greedy,3,anger
i must feel hatred for the innocent deaths of all those americans,1,joy
i was tempted at first to name one of the many projects that the archdiocese has underway that i feel very passionate about like the restoration of saint patrick s cathedral or the strategic plan for our excellent catholic schools,2,love
i cant help but feel someones going to end up pissed at me,3,anger
i love it when i feel hot and beautiful and sexy,2,love
i wear this when i m feeling playful and silly,1,joy
i am feeling very gorgeous and i dont have to go outside in the cold with a bald head or with a wig that i dont like all that much,1,joy
i know is that i personally feel like staying in bed sleeping hours of the day never working again in my life and maybe eventually taking up hot yoga or zumba or some lame housewife esque passion,2,love
i still need to feel listened to even if iam idiotic and naive in relation,0,sadness
i feel rather pathetic,0,sadness
no description,3,anger
i doubt any of the stress and grief that i feel will be resolved,1,joy
i was feeling incredibly stressed out about not getting everything done not having the right clothes stuff like that,0,sadness
im feeling abit uncertain now,4,fear
i always feeling strange internal feeling like continuous wailing of siren in my head and when nobody hears i couldnt help crying like a siren when no one heard,4,fear
i can t escape the feeling that i m being punished,0,sadness
i feel weird a href http bondmusings,4,fear
im feeling particularly homesick for my parents or the rolling west virginia hills that most of the people i love are concentrated in hickory lenoir and morganton,0,sadness
i feel for you you guys who been insulted ill treated lathi charged at the grounds,3,anger
i feel kinda dirty like i need to shower,0,sadness
i do this week someone else does the other weeks soo yea that made me feel talented,1,joy
i feel a strange sense of foreboding,4,fear
i feel like there is a fragment sweet scent hang on my tongue it instantly disappear as if saying i was paranoid,2,love
i also feel a strong sexual current flowing through me but it has no actual desire for release like the pillar of electric fire in the pillar,1,joy
i didn t see how my going in the army and maybe going to vietnam would achieve anything except a feeling that i had punished myself and gotten what i deserved,0,sadness
i feel as if my husband s life is valued and the duty of care towards him is taken seriously,1,joy
i am feeling hostile enough that i even hate jim right now,3,anger
im like not even that relieved that its done because i know i could have done better so i feel kind of regretful about that,0,sadness
i feel skeptical now,4,fear
i really do feel giggly,1,joy
i feel that the tazi sofa strives to be elegant yet funky without compromising on individuality,1,joy
i asked her why she thought of us after having no contact for years she simply said i have been having a feeling to find a little boy for you family and i just know this little guy is perfect for you,1,joy
i am empowered i feel superior,1,joy
i most want to do better think harder feel more and be more tender,2,love
i did feel guilty about saying no to something she really wanted,0,sadness
i feel very very virtuous,1,joy
i express my true feelings about such a wonderful experience,1,joy
i can say that i feel content,1,joy
before an exam which i,4,fear
when i knew about my first job,1,joy
i noted that the instructions suggested youd need people so i was feeling pretty smug that id managed it alone,1,joy
i know i should be excited about going away for a few days but instead i feel nothing and that makes me feel like an ungrateful horrible person,0,sadness
i devised myself rather than had suggested to me the flower distribution and im esp pleased as i bought the flowers when i didnt have my bank card it feels much harder to be generous when having to be especially careful with money and im now wondering if that was the lesson of losing it,2,love
i have friends and family back home that can help me when i m feeling homesick because i m sure i will be,0,sadness
ive been feeling a bit remorseful about our decision kicking myself that i was too cheap for my own good,0,sadness
i wonder if this is just my bias from the fact that im doing a bible themed anthology and i feel like my intelligence is being insulted,3,anger
i begin to write back to god expressing to him my thoughts and feelings my fears my desires during those times are when i feel my soul being content,1,joy
i can t begin to express the feelings this doomed romantic vision stirred in me the seeds which grew through a lifetime,0,sadness
im currently struggling with feeling offended at my drs office worried about my body and what the heck is wrong very seriously contemplating getting my tubes tied and then the normal everyday things that occupy our minds at any given time,3,anger
i will be able to let that passion out but at present these little paintings help me feel reassured not to let my dreams or creativity die a href https lh,1,joy
i feel like an idiotic herd mentality mindless follower when i m walking down the street with a large group of people,0,sadness
i remember feeling such a joyful feeling when i was there,1,joy
im writing this blog post and feeling totally amazed at this wonderful life we lead,4,fear
i feel like i now have a cohort of people to whom to turn when i have questions about what i am doing as i move into supporting my institution s public health program,1,joy
i am feeling fairly uncertain about most things right this moment,4,fear
i feel very regretful i wasn t able to finish what i set out to do data url http www,0,sadness
i am feeling intimidated by all that work,4,fear
i like doing leaving me feel inadaquate under valued and under appreciated,1,joy
i think i confuse my feelings of longing with feeling good,2,love
i get the feeling that people have died it s bothered me so much that in the past i ve cried my hair must look perfect whatever the weather all of this anxiety brings me to the end of my tether,3,anger
i feel giggly,1,joy
i love female vocalists though admit to feeling slightly embarassed of the femininely romantic theme of this piece,2,love
i feel safer with people who put themselves out there because to me thats just friendly,1,joy
i feel taller leaner and more graceful,1,joy
i am and i feel respected and safe with them,1,joy
i just feel like being sarcastic and mean and all because history paper is overrrrrrrrrrrr,3,anger
i lapped it up getting applications from each of the sachets gave me enough of feel of it to decide that i really liked the product and then this little ml tube of another rose night cream came along and again ive been lapping it up and loving it,2,love
i feel rotten and my frustration manifests as annoyance and anger but yet they still keep on helping,0,sadness
i feel really vulnerable with him i tell him too much im too honest and i hate it,4,fear
i can brandish this article at anyone who makes fun of me for staying in bed too late or whenever i feel tragic for staying up until,0,sadness
i was just happy to feel welcomed and not creepy,1,joy
i am feeling most disheartened this week,0,sadness
i blog because i want to be obedient and i feel burdened for my country and this culture that finds abortion acceptable,0,sadness
i feel like this is another one of those dresses that looks really cool from far away but when i take a closer look i dont like it as much,1,joy
i hope you like my efforts and that you will pop across and check out all the other wonderful creations that the team have come up with there are some truly talented ladies on the team so i feel very honoured to be allowed to join them this time,1,joy
i last saw him and already im feeling this agitated,3,anger
i feel insulted offended and hurt,3,anger
i feel that positive vibe just bashing its way slowly but surely through this door of negativity and yet i feel like its not nearly close enough,1,joy
i feel very passionate about sharing my story of our family with you,2,love
i feel much more confident that any other time ive been to india in the past,1,joy
i had just lost my uncle i would be sad but i feel as if i am devastated,0,sadness
i have said many times i don t want it to feel fake or overdone,0,sadness
i am feeling envious of other nations that despite the very small land,3,anger
i feel rude feel free to grab the seat next to me,3,anger
ive said that i feel like i should explain it so yall dont think im perverse,0,sadness
i just feel so disgusted with myself,3,anger
i feel to it and it benefits from a generous budget for exotic sets and gorgeous matte paintings,2,love
i feel which is ludicrous,0,sadness
i feel i wear what i wear to show other girls at my school who are timid when it comes to fashion that you won t look weird if you walk around with your head held high,4,fear
i can make a sugar laden roasted chocolate cake like the best of em and nobody can even tell its vegan phase which is perfectly understandable for a year old girl to feel i am thrilled that she is a vegan and wish her continued success and health,1,joy
im feeling a little smug this evening,1,joy
i had such tender feelings for the sweet woman she was as she suffered in silence,1,joy
i cant help but feel that bioware have missed an opportunity here,0,sadness
i still well feel quite ok with my results,1,joy
i didnt really want to talk about it with anyone because its kind of selfish and i feel that id rather ignore it than to be selfish about it,3,anger
i just wish i didnt feel like my roommates hated me half the time,3,anger
i left the talk feeling nervous that we had taken the brief in the wrong sense but we were in a situation where we had already invested to much time into the project that there was no going back,4,fear
i keep the four visual design principles contrast repetition alignment and proximity in mind i feel i will be successful in future design projects,1,joy
i wrapped one child after another in a hug i realized with a sinking feeling how quickly each precious moment was passing and i was thankful that in that particular precious passing moment i was with my kids,1,joy
i feel frightened to be a citizen of india where honest performances are neither recognised nor appreciated,4,fear
im feeling fine other than normal pregnancy symptoms,1,joy
i can remember feeling really amazed at how i could settle down in my playroom read bombsite conservatory and find myself escaping into a whole new place altogether,4,fear
i break down a few times feeling like a lousy mom,0,sadness
i also find it the most challenging to wrap up a story that brings good closure and a conclusion that doesn t leave that reader feeling cheated or rushed,3,anger
i feel like i have weird sugar issues that my hunger is all over the place,4,fear
i feel reluctant to talk about an issue which is so immediate especially as one cannot make too much of a difference about it individually but what i can do is to spread the word,4,fear
i focus on it the better i feel ive been writing this post on what makes me truly happy after being inspired by the happiness project and its seems like the most simple thing but its so eye opening,1,joy
i never thought id feel comfortable in but im just going to go for it and make bold fashion choices,1,joy
i desire something i am more likely to feel appreciative of it than if i feel entitled to it,1,joy
im feeling a little stressed out with it all,0,sadness
i am not feeling calm yet must act that way,1,joy
i just have to figure out how to really put it into practice without anybody feeling like their contributions and ideas are not valued on the team,1,joy
i love this because to me it should leave the reader feeling confused and slightly deceived,4,fear
i feel like a bit of a strange one,4,fear
id better settle for glasses of iced water for now and press those on my cheeks to feel its delicious coolness,1,joy
i am quick to anger and lash out yet even quicker feel remorseful almost immediately,0,sadness
i understand because of what but even towards the end when she starts going outside again i feel like she ll never be truly happy again,1,joy
i wasn t feeling hot i knew that i needed to cool my body temperature and drink more fluids,2,love
i feel pretty rotten when i cant,0,sadness
i feel the need to remind you that you are never alone though lonely you may be i know of your distress and the things that haunt you best,0,sadness
i feel as though i fucked up so majorly this summer that im cast off into an alternate universe that i went the wrong way on a timeline and im stuck in a world that the same as the one i knew in all but one way,3,anger
im worth something on those days when i feel less than acceptable as a human being,1,joy
i send an email and show my true feelings on an issue i do run risk of it being ignored,0,sadness
i feel to be the most hated myself in this world,0,sadness
i can feel passionate about taking a stand and maybe understand that this one as yet to be chosen issue is worthy of my time and efforts,2,love
im feeling very uncomfortable there the comfort and warmth is just not there any more,4,fear
i break down and it leaves me feeling bitter,3,anger
i have a feeling that will never happen and that feeling is reassured with every kiss its still something that is always in the back of my mind that i just cant seem to shake,1,joy
i feel like my very own very little barbie doll i get to decorate myself up i hated heels before but thats all i wear now,3,anger
i enjoy driving a brand new car i still feel pained whenever i think of what i would have achieved by investing the money i saved by buying a second hand car,0,sadness
i feel like i don t have any useful powerful or special gifts,1,joy
i spent my days crying with the newborn throwing him in the carseat running kids everywhere dealing with a naughty toddler getting little sleep and generally feeling crappy,0,sadness
i just feel so inadequate today,0,sadness
i was thinking about this last night i thought about what i tell my own daughter each day and wondered if she feels as stressed as these students do,0,sadness
i am filled with despair when i feel like my quest for beauty isnt respected,1,joy
i feel the energetics of the cinnamon tree is supportive for you as you on this journey of self awareness,2,love
i am feeling super fly,1,joy
i was running hard i was running fast and i feel like the last minutes i was probably hitting low s,0,sadness
i feel perfect except for the constant exhaustion,1,joy
i so badly needed and had been missing to make the sewing time i do find feel productive,1,joy
i feel insulted whenever people say guys cant cry or feel emotional,3,anger
i always feel very afraid as i work on books egan tells kurt,4,fear
i personally feel that url was a little vain and after awhile i started to get irritated by how self centered it sounded,0,sadness
i was uptight today over work issues but when i saw him all my tense emotions dissipated coz all i felt at that moment was this warm fuzzy feeling that feeling i get when im laying with him on my bed in a tender embrace and i plant sweet kisses on his cheeks,2,love
i feel helpless and hopeless because i feel like i am not in control over my own life even though in all actuality i totally am,0,sadness
i feel embarrassed if anyone were to stop by and see the state of my house enough that i wish i could pretend we werent even home when someone does stop by,0,sadness
i think just noticing this in me that i m more prone to feel jealous right now is helping me show up with a bit more intentionality than at other times in my life,3,anger
im hoping to find peace with myself and in the world while still feeling the poetry of the tragic,0,sadness
i dont feel the need to be truthful its completely written all over me,1,joy
i am feeling in a generous mood and a mood of gratitude,2,love
im feeling playful takes user to an interactive google doodle such as the one for pac man,1,joy
im feel especially affectionate toward and blessed by r shannon and the other close family friends who made my birthday very special,2,love
i was trying to determine why i feel so reluctant to actually post what ive written when i finally realized its because i cannot pass something off as a cute idea i had or as a response to something someone could be experiencing,4,fear
i make a big deal out of yours i d like you to at least buy me a card so that i can feel special,1,joy
im feeling much more appreciative of my cats today,1,joy
i just go to bed with my feeling of discontent,0,sadness
i feel fine im stepping away from my travelogue for this post because this video is worth watching and i wanted to recommend it to all my readers here on the blog,1,joy
i really didnt feel like running on saturday but decided i should to make sure i got my miles in for june,1,joy
i wanted the viewer to feel as though they were a spectator on this pleasant winter afternoon standing at the edge of this cliff peeking through the tree boughs,1,joy
i feel that it s not the distance that separates lovers that ends a relationship it is the impatience of humans to feel the touch of their beloved or to hear a lover whisper ones name,2,love
i try to approach this thing called nature which is something im feeling a bit envious about,3,anger
i don t feel pretty when i m in cardiff,1,joy
i think many of us feel burdened by this pervasive belief that we are in control of things going right or wrong in our lives,0,sadness
i feel the tingle in my stomach and the pleasant fullness of satisfaction,1,joy
i like taking cold showers i get out feeling invigorated and ready to roll,1,joy
i feel happy and grateful to you all,1,joy
i am already feeling broke,0,sadness
im feeling slightly triumphant virtuous even a whole five days without a drop which was looking difficult after the excesses of the festive season a friend actually stayed on the wagon for whole festive period a level of fortitude which i have to say i really truly deeply admire well done,1,joy
i have this feeling that one day i will be so content with what is happening in my life even if it for only seconds,1,joy
i even feel strange if i forget a primer and put foundation on my bare skin,4,fear
i feel violent wanna kill someone anyone or kiss them,3,anger
im feeling awful this afternoon,0,sadness
i mean their puzzle section is about on par with my coffee numb mental faculties right now but still crosswords shouldnt be able to make me feel that dissatisfied,3,anger
i feel like it s really supportive,2,love
i feel like im finally out of my box and free to be the person i was called to be,1,joy
i feel like i m getting a milkshake and it has really helped me control my sweet tooth,1,joy
i didnt feel that i was caught in a limbo between carefree and responsibility,1,joy
i was young but i cant get that feeling back shes got a killers grin on and maybe im just too jaded now and i wont leave ill try and pretend cause weve got nothing to lose but time so here we go again,0,sadness
i feel my life being threatened by illness i lose my mind,4,fear
i like to throw in a habanero if i m feeling brave and spring onions,1,joy
ive spent way too much time feeling pain to the point that im frightened to leave myself open to it,4,fear
i just feel worthless and stuck,0,sadness
i feel super rad after eating it every time,1,joy
im not exactly sure why but at least im still sleeping well and generally feel fine when i wake up in the morning,1,joy
i feel like i have to pee already just thinking about this thing poking at my g spot but i m determined to find a stimulation method i enjoy,1,joy
i feel like shirley maclaine in that weepy chick flick where julia roberts is in such pain and her mother shirley demands drugs for her,0,sadness
i am feeling determined that i am going to get there,1,joy
i feel as though my sub arguments are stronger and i support my claims better than i did in the beginning,1,joy
i feel the amazing abundance of my life most keenly,1,joy
i told you how i felt and you treated me bad you made me feel so stupid but you know what,0,sadness
i would save it for the next time im feeling cranky or irritable then spray some lightly behind my ears,3,anger
i am feeling positive about it,1,joy
i like to keep them on hand when i m feeling not so brave or extraordinary,1,joy
i feel im simply doomed to repeat the cycle of obesity over and over again,0,sadness
i feel just gorgeous wearing it,1,joy
i was feeling and i said impatient,3,anger
ive ever invented hail ember and flake are probably the three that are the most me so this story feels especially vulnerable,4,fear
i feel fine tweet a name fb share type button count share url http www,1,joy
i feel more inhibited more shy in my own town with a camera than i do in the centre of london,0,sadness
i admit to feeling the pace in the heat and was glad blind to the beautiful was next up so i could catch my breath,1,joy
i have never been the type of person to feel homesick when i am away,0,sadness
i this feels rebellious to me,3,anger
i need to see in the wild before i feel completely satisfied but for now i can say that at least we fulfilled the whalentee,1,joy
i stack pillows on his side of the bed just so it feels less empty but its really nice to have a real person back in bed,0,sadness
when india lost the benson and hedges cricket trophy,0,sadness
i said without emotion while feeling a freaked out fearful anxiety welling up in my chest,4,fear
i feel as if im trying to be so considerate of others,2,love
i am feeling completely useless lately,0,sadness
i feel pleasantly mellow regardless,1,joy
i feel romantic when i wear it under my raphael coat,2,love
i just want to share and i feel like its not socially acceptable to do so right now,1,joy
i was really worried that i would feel intimidated by monica but when we met that morning she was incredibly welcoming and made me feel relaxed straight away,4,fear
i feel burdened with the guilt of burdening her with the burden of knowing about my burden,0,sadness
i feel bitter that my cancer was relegated to unnecessary to meet with someone as important as an oncologist,3,anger
i feel that wanatribe may become a vital link in my writing network,1,joy
i feel uncomfortable when i wear lenses that are not brown but these lenses make me want to get more blue lenses,4,fear
i feel like an awful lot has happened in the past week or so,0,sadness
i feel helpless lost upset and worst of all,0,sadness
i feel jealous whenever it is in a relationship because i dont get to talk to it anymore,3,anger
i was feeling pretty bitchy and horrible but dont worry,3,anger
i was up early today to vote before the lines got too long and i didnt have that feeling at all but i was uncomfortable for another reason,4,fear
i finished blogging i was feeling shaky and checked my level to see a,4,fear
i still love to run and plan to keep it up but i don t want to once again register for so many races that i feel like every exercise moment needs to be devoted to running,2,love
i feel like ive been terribly wronged and that all is hopeless,3,anger
i threw open my windows for minutes and then we were all freezing so i had to shut them and sat back and enjoyed that feeling of tranquility that only comes in those few minutes precious minutes when everything is spotlessly in order,1,joy
i feel beaten and tattered and washed up and drowning and i rise up for air just for a moment just to hear a little praise and another wave or gust of wind knocks me down again,0,sadness
i feel students need compassionate strong and dedicated individuals who embrace the role of luminary with humility and a sense of adventure,2,love
i feel these paints will be perfect for my plein air work,1,joy
i can t help but feel jaded,0,sadness
i think its time to find better stress management techniques and choke back this feeling of being overwhelmed,4,fear
i feel so grouchy and irritable when im sick,3,anger
i feel eager to see the show sometimes i just cringe at the thought of watching it again,1,joy
i feel proud to have carried out this struggle as today i feel myself to be a real human being,1,joy
i feel so hesitant to say anything positive trying to hold my breath so to speak because none of this really matters until i know that shaun has passed the dlpt,4,fear
im feeling stressed or out of control i regain control by breaking down my particular stressors into minutes segments to devote attention to and then go to it,0,sadness
i know is my feelings were innocent,1,joy
ive been feeling passionate about local business lately and i do like to walk through consignment stores and second hand shops just as much as i enjoy goodwill,2,love
i hate the feeling of being needy or vulnerable to something or someone that sometimes it seems like youre an addict,0,sadness
im feeling selfish enough to start this lovely scarf for myself,3,anger
i am not feeling like a very valued customer,1,joy
im not dressed up and im already feeling sort of bah humbug today but i am really annoyed at a type today,3,anger
i feel like by being so timid ive lost a lot of opportunities to make connections with people that ive wished id made connections with,4,fear
i feel disturbed in which happens to be roughly everywhere,0,sadness
i just grab something and hit myself just to feel pain damn i know the risks and injuries that might occur i know its dangerous,3,anger
i didn t want to feel foolish ridiculous embarrassed and self conscious,0,sadness
i feel like i have way to many questions and things going on that are un resolved,1,joy
i feel very clearly now and am reassured that in leaving we did the thing that we needed to do the thing that god was leading us to do,1,joy
i am having my usual october where things are drastically in flux where i am feeling melancholy at best and where god is asking me to step off the cliff and have faith he will provide,0,sadness
i al feeling rather agitated and i am not totally sure where it is coming from,4,fear
i should have helped her feel valued,1,joy
when i failed the entrance exam of the medical school and was studying biochemistry which has no job prospects in zambia,3,anger
i feel suddenly startled catch my breath and think it could be any day,4,fear
i want to feel groggy and heavy,0,sadness
i am left feeling very confused and blah,4,fear
i feel like i m so distracted by silly things like twitter that i can spend an entire evening with the kids and not actually hear a thing that they re saying,3,anger
im coming to have a full ransom as good as im feeling graceful good as it stands,1,joy
i would feel numb and though thousands of calories would be consumed i would never taste one bite,0,sadness
i feel when i sit next to my beloved nancy,1,joy
finding out that i am not an as able student as i thought,4,fear
i was feeling ok so i ignore it my heart was not jumping out from where it supposed to be yet,1,joy
i reluctantly ate a piece of string cheese but i was both cranky that i hadn t lost more weight and feeling vain about the way i was looking ironic i know so i decided to throw up again,0,sadness
i feel worthless unmotivated like i m getting no where,0,sadness
im feeling pretty morose for reasons that i dont need to go into beyond having been plagued by this same,0,sadness
i have alotta life going on and i keep mumbling to myself keep swimming keep swimming and i feel all sorts of giggly when i do say it,1,joy
ill feel even more pressured,4,fear
i feel so unwelcome its sickening,0,sadness
i taught him what it can look like and how it could make him feel scared confused excited nervous,4,fear
im feeling playful and humorous,1,joy
i feel like i have had a sweet tooth this week,2,love
i basically have a gut feeling of whether i think that person is genuinely sincere or not,1,joy
i only talk when i feel like i have something valuable to say,1,joy
i stop feeling ok and started to feel pretty awesome,1,joy
i feel that precious girl kick or see her face on the sonogram it makes it all worth while,1,joy
im feeling so mellow right now and so im listening to coldplays song yellow,1,joy
im feeling very thankful for the rhythm of these days,1,joy
im super annoyed cause it hurts all the time cause i cant do my complete manicure and feel like my hands are pretty and i am kind of scared on how long this will take to heal and for my nail to grow again to stick on my finger again,4,fear
i feel this may be a popular topic in the blogosphere,1,joy
i feel like my husband is being sweet with me again,1,joy
i feel terrible writing so little but theres not anything else to report on,0,sadness
i do not know that he simple feelings i am startled by startled though he did not understand the words but i was feeling his words there are overtones green ink why suddenly say,4,fear
i feel artistic,1,joy
i feel resigned that its never going to finish,0,sadness
i then wonder if the girl does want to marry me and contemplate that feeling slightly disheartened,0,sadness
i feel i must remain faithful too,1,joy
i feel so comfortable with you i feel so safe around you,1,joy
i feel stupid every time i even think about it,0,sadness
ive been feeling so listless lately,0,sadness
i don t feel special and when i feel alone in this busy ever moving world,1,joy
i have a feeling his idea of keeping me entertained differs ever so slightly from mine jonny you,1,joy
i also feel regretful at the sense of elation i felt after offing them,0,sadness
i feel so disheartened at things,0,sadness
i feel like this product is supporting both my immune and cardiovascular systems,2,love
i feel so thankful to be on their team,1,joy
i feel a bit strange saying it,4,fear
i am writing this feeling hopeless hopeless about the people around me this is a crazy absurd world with absurd people in it,0,sadness
i lured him in using emoexaderistic things about my life to to make him feel like he could be the tragic hero to save this young girl sorta romance plot,0,sadness
ive been judged and looked down on more times that i can count for being too many shades of grey having too many feelings and being too gentle in a world that will walk all over you given the chance,2,love
i feel less submissive and just generally lost,0,sadness
i missed the blessing of god s providence the feeling that god was caring for me and protecting me,2,love
i feel as though im supposed to be sympathetic but im having a hard time feeling that way im finding the repetition more annoying than anything else and im afraid its showing,2,love
i am sure that fans of every other team feel one of their guys got slighted and in the long run it really doesnt make much of a difference its just a shame that someone as talented as evgeni malkin was left off,1,joy
i start to feel like im getting over the death of my beloved cat timmy and when i get used to the idea of only seeing my mum maybe twice a ytear from now on and justwhen i start planning for my futrue and happy timesa ahead i start efeeling like this again,2,love
i always got the feeling she hated me,3,anger
i guess i sort of believe him but deep down i just feel unsure about the unknown,4,fear
i feel that there s sometimes a danger of companies adding too much free stuff and slitting their own throats,1,joy
i don t feel like i am writing lyrics that are particularly special except that i am just hopeful that someone can connect with and get something out of what i m saying or writing about,1,joy
i didnt feel too groggy from the wine at a href http tartandheathered,0,sadness
im a bit paranoid about being checked out and having the dorm inspected though just because thats how i always am about these sorts of things and thats making me feel anxious every time i start thinking about cleaning or packing,4,fear
i really feel so vunerable and frightened,4,fear
im feeling a bit uncertain its comforting to me to draw these trusty old louche animals,4,fear
i am that were feeling more energetic and healthy overall and i swear weve been sleeping better it has been hard,1,joy
i feel fantastic physically,1,joy
im feeling alot less grouchy and lonely today,3,anger
i feel like i mother at the expense of being productive,1,joy
i feel that it is vital that the artist has a passion for what he she does,1,joy
im just feeling so fucked up nothing can cheer me up,3,anger
i could feel her eyes on me hot on my skin,2,love
i feel unsure or scared i talk,4,fear
i dont want the big buttons simply as i dont feel bothered with nice looking button holes maybe next time i have a suspicion they could be the cause of giving up again so to avoid negativity i ordered extra large red press studs that i will attach using a decorative stitch visible from the outside,3,anger
i thought i was ready for commitment for a relationship with someone but when it happens i just feel numb,0,sadness
i just feel so damaged hurt and in severe mental and emotional pain right now,0,sadness
i feel so doubtful about myself ever since i took this job,4,fear
i feel that the spirit of the competition in many cases has become lost in the revenue generation machine,0,sadness
i now know how many muscles does the body have because i can feel each one of them aching,0,sadness
i don t feel like i am dissatisfied because i don t have things i think i am dissatisfied because not much is changing in me and i still feel bad at times,3,anger
i think about it i find myself still shaking my head in disbelief and feeling truly disgusted,3,anger
i have constantly been panicky and making a big fuss over my learning and exam results often feeling spiteful that i have lost out a mark or two to the top in class,3,anger
i am feeling more pleased over this light fixture thing than i was,1,joy
i am not feeling very clever or creative,1,joy
i have not always believed that i deserved to feel this divine guidance,1,joy
i should say how i feel that he s perfect for me and this love is for real,1,joy
i visited her this morning they had her up on her feet and she was sounding quite cheerful so im feeling very pleased,1,joy
i feel shame but i never change it it s sweet a la la la la long i ve been watching you jajaja s,1,joy
i have a feeling its the kind of thing logan would have admired and hes the last person on earth would have ever betrayed that trust,2,love
i wanted it to feel like all these fabulous people at an incredible party fell asleep and when they woke up the place had been a bit overtaken with lush florals and greenery,1,joy
one of my very good friends came to me for advice as her boyfriend had been hitting her and beating her quite harmfully,3,anger
i came home feeling resigned,0,sadness
i do jogless stripes even though its ridiculously simple to do i feel like i have super powers and have to oogle a while over the magic of it all,1,joy
i guess im feeling a bit vulnerable and looking for some input tonight,4,fear
i wouldnt feel so terrible if i allowed the hurt to get through,0,sadness
i wanted to create this feeling of longing and sadness,2,love
i feel like im falling out of love with him in a way and not in a romantic sense,2,love
i am and growing up when i was feeling unsure about myself and my feelings i would hear about actresses i looked up to being very open about it,4,fear
i have some vague feeling anyway that it will probably be useful to us and if not then i could turn it into something useful,1,joy
i thought i might be lonely and feel isolated without my go to people a short drive away,0,sadness
im not sure if anyone else will feel these but i was pleasantly surprised by my read of the first and second book,4,fear
i was feeling shitty inside but never show it,0,sadness
i could feel myself hit this strange foggy wall,4,fear
i hate getting behind because then i feel pressured to get it all back up to date so i can move on to other projects,4,fear
i am allowing myself to feel these things and not be bothered,3,anger
i did blog about some really stupid stuff in the past and i cant stop feeling so embarrassed that i speak or think in that manner but i guess since this is a new phase in my life i would like to pen some thoughts down,0,sadness
im tired of feeling like im worthless and like there is no future for me,0,sadness
i know that i sound like i m contradicting myself but i feel very satisfied with how i ve been doing at work,1,joy
i needs to get healthy i feel more lively and sexier than i have in years,1,joy
i feel like i ve been there and gained a sense of the everyday paranoia and the casual brutality of the time,1,joy
im feeling so popular today haha,1,joy
i feel so fucking stupid for doing so,0,sadness
i am feeling a bit disheartened to know that there are still a lot of things that i don t understand and questions that i don t know how to do,0,sadness
i could feel that strange paralysis all over my body arms and hands except this odd little force field was not holding down my middle fingers forefingers or thumbs,4,fear
i persevered and km later im feeling pretty smug,1,joy
i am feeling fine all things considered,1,joy
i assert it is better to feel rich than to be rich,1,joy
i feel that way but yeah i do have a problem in trusting especially guys,1,joy
i remember feeling completely hopeless and wondering what the heck i was even doing there at miss idaho with women who were totally in a different league,0,sadness
i left feeling thoroughly invigorated and ready to face a new year of craft challenges so big kudos to the wonderful organizers at hello craft for a truly awesome summit,1,joy
i did yesterday is very akin to carlas work in this book so i feel it could help strengthen my drawing in this area of playful creating and help me gain confidence,1,joy
i detest feeling uncertain,4,fear
i dont understand why i feel so empty and hollow deep within me,0,sadness
i would maybe come to feel special about the person given time,1,joy
i also feel that seeing how the body reacts is an important step into changing the behavior,1,joy
i don t doubt that i m right in this case because i feel that you are a faithful gamer,2,love
i feel like it my beloved burkie who i miss more than words can ever say,1,joy
i didnt used to feel so defective when younger yet i did sometimes,0,sadness
i must be really feeling shitty if im sinking down to that level,0,sadness
i cannot help but feel outraged to recognize that essentially children in america have no rights at all,3,anger
i feel relaxed and can just enjoy it,1,joy
i can look back likely years from now realize the impact of several lessons learned through the course of a season that just had that feel of something special and know that even if nothing in my tenure comes close to this again i will always have,1,joy
i feel depressed my old sexual demon returns and that banishes my despair in mad displays of wild exhibitionism april part two a href http newrhinegargoyle,0,sadness
i can legitimately offer to anyone in the program somehow i feel they would be less than impressed by adrasteius and eulalias adventures tho i submit that they are fan freaking tastic,4,fear
i know i ll never commit incest but why it feels so much charming,1,joy
i drove to class i was feeling a little apprehensive but still no sweat,4,fear
i feel its a weird turn of events which is marred a bit by a slightly weird prose,4,fear
im trying to find ways to add more sewing into my schedule without feeling completely overwhelmed,4,fear
i was feeling particulary generous today so im giving away packages instead of,1,joy
i am not that organised but i am feeling smug that i have at last managed to list a couple of fathers day cards in my etsy and folksy shops,1,joy
im not trying to disagree with same sex intercourse or what to me it just feels weird gt,4,fear
i havent exactly felt too positive lately so feel free to remind me of things ive missed in the comments if youd like,1,joy
i would feel so pissed off,3,anger
i am just feeling that i really want to treat my parents nicely and i did it somehow as for him i need to be more generous as don t get jealous easily rawr i am a person with strong possession,2,love
i came out of the movie feeling like i had a bunch to learn from the character i just played and then i came to the unfortunate conclusion that he was a fictional character and he didn t exist,0,sadness
ive continued to feel energetic most of the time and am trying to keep up my times of working out per week did the jillian workout this week and was very sore,1,joy
i started to feel crappy,0,sadness
i kneels in front of the bed and lower his head above the older man s crotch and ni ya is surprised to feel tender kisses planted on his hips and inner thighs,2,love
i never know if theres enough light to properly expose the photo and i feel like often i end up with dull images that disappoint,0,sadness
i feel smart intelligent and then i look at somebody with a masters degree and it all crumbles inside,1,joy
i am feeling stressed or overwhelmed i have come to rely on those who i have met here mostly from the so club,3,anger
i would cry scream kick at the door and feel terrified,4,fear
i feel awful for making this all about me and my flawed academia instilled value system but my brain won t shut up about it,0,sadness
is eyes its questionable whether shes feeling gracious today,2,love
i started to get this feeling of longing when i looked at the quilts on display,2,love
i like to use pineapple grapes watermelon and berries add some fresh chopped mint for a cool refreshing flavor and if youre feeling festive you can even add a little liqueur like coconut rum or drambuie,1,joy
i keep feeling that im unloved unwanted unimportant in everyones eyes at all,0,sadness
i feel super bad because i miss the blogging world miss reading everyones blogs miss documenti,1,joy
i was and am feeling honored to shoot for ffayths new collection,1,joy
i feel a little disturbed by the wire in the background i just posted it because i think the light is better than in spot,0,sadness
i do feel something of an aversion to it within maybe because i still feel like its a vain thing or that i may be seeking some sort of outer affirmations from others who might stumble upon it ive mentioned this before but the truth is who cares about all that,0,sadness
im feeling particularly brave my armpits but common sense be damned,1,joy
i don t feel the least bit regretful about it,0,sadness
i know ill feel shitty the whole time,0,sadness
i still feel uncertain with many new paths i must travel and as lost as i feel sometimes i am sure heavenly father is lifting me up and helping me to feel joy in the things that matter most,4,fear
i wrote my last post i was feeling extremely regretful about the end of our relationship,0,sadness
i was curious why paying for two large sandwiches would make him feel respected,1,joy
im really happy with the pregnancy support and would recommend it to anyone whos really feeling like their suffering with back and abdomen aches and pains in pregnancy,0,sadness
i really need something that make me feel cute and ready to blog and this look really make my fashion juices into work with my vintage necklace and new bracelets like this bracelet from fleet i got a it a week ago and have wearing ever since,1,joy
i have a feeling that i should post some sort of content on here for you blog hoppers to possibly comment about,1,joy
i hate feeling so indecisive about things because i keep my emotions under lock and key,4,fear
i just carry that feeling around that things are really rich,1,joy
i feel they look at those products because they are so popular and that they are so widely talked about in everyday life,1,joy
i counsel people who are in abusive relationships i have prided myself with understanding how they feel being a supportive resource because i get it,2,love
ive lost pounds in weeks and have lots of energy and feel terrific i exercise on the treadmill for about minutes days week,1,joy
i have to feel that the person is being truthful with me,1,joy
i really didnt feel like going to yet another womens conference it was a wonderful event and i am glad that i went,1,joy
i feel selfish but she would insist,3,anger
i had that feeling in a very very long while and i couldnt decide whether i liked it or not,2,love
i feel adventurous i even pop a a href http dianam,1,joy
i feel very glad as in facebook we have many cricket related pages which are providing news views score update of cricket and website like cricnepal cricket,1,joy
i dont know why but recently i feel really extremely exhausted i feel like i am going to faint at any moment lll i never felt like this before i feel so weak,0,sadness
i feel like it blog april a wonderful spring weekend filed under a href http karmardav,1,joy
i channel was not yet assured i get the feeling they just went from broke on this one,0,sadness
i don t have that much money and as i say that i once again feel so fake and unappreciative because i have so much more than the other of this world,0,sadness
i was feeling on the inside my face broke out really bad i had a rash on my eyelids that left them red and peeling thank you harsh pool chemicals and my mouth was i think experiencing some sort of allergic reaction to something i ate,0,sadness
im feeling pretty shaken at the moment,4,fear
i kicked myself repeatedly over the next hours for feeling so ungrateful,0,sadness
i definitely feel he should get a title supporting and the picture for once,1,joy
i should be dead since ive been out of this for a couple of months but i feel the pain every time i go to reach for that empty bottle i just cannot bear to throw out,0,sadness
i see anything that would cause me to feel fearful or distrustful of him,4,fear
i feel reassured to know that i have some good luck in this world,1,joy
i started feeling intimidated by the thought,4,fear
i am feeling rather jaded because i have always believed falsely it seems that if one has the true love of christ charity in one s heart for people that everything else is secondary since charity is touted as being the most important thing to have,0,sadness
i get to the other side of months and possibly extend than it does to drink that wine and wake up feeling sad that i didnt finish what i started,0,sadness
i still cognize that disregarding of how i feel this jesus thing is real and he has shaken my cosmos for the last about yearses,4,fear
i had a real life pet hamster when i was little so i really like this little family sylvanian families are great for role play learning about animals creating your own stories and their flocked fur makes them feel very special,1,joy
im really feeling hot comfort foods this week,2,love
i was involved in zenos story i only casually mentioned that it would make a good novel but now i really feel passionate about the idea,1,joy
i feel affectionate toward the friends ive made online and admire their spirits and talents,2,love
i feel appreciative of everything,1,joy
i really love it when i walk into a home and just feel really welcomed,1,joy
i admit i walked into third wave cafe feeling a little apprehensive but what appeared to be a run of the mill cafe turned out to be a restaurant with great personality and even greater food,4,fear
i spent a few days feeling defeated and wondering how much better i can expect myself to get,0,sadness
i feel honored that you would think of me as inspiring,1,joy
i think that a lot of times what women perceive as a problem with their husband is actually a symptom of the fact that and yes im about to bust out a generalization so feel free to tell me how your case is different men are problem solvers,1,joy
i feel really horny when i wear them they hug my c k balls really nicely,2,love
i usually feel angered by this mad that my body could be betraying me in this way mad that a whole week out of every four is spent wasted,3,anger
im feeling a lot more appreciative today,1,joy
i feel like im being petty about this,3,anger
i do feel more special than i did when i was single,1,joy
i just focus on my sermon itself and think about all of the research and writing and practicing that lies ahead of me i feel burdened,0,sadness
i feel permanently unimportant and i feel stupid,0,sadness
i first held my scotty i knew i was in love with my high priced bundle of joy but i couldnt help feeling apprehensive about what the time to come holds,4,fear
i still feel cute in my tight little work out pants and snug t shirt,1,joy
i don t mean to behave so cut off but i feel so lethargic to utter one single word to anyone,0,sadness
i feel absolutely amazing,4,fear
i realize that this conversation can make some people feel paranoid or upset generally,4,fear
i felt i got to feel more appreciative for people,1,joy
i was feeling pretty discontent after that,0,sadness
i have become a mother and my body has changed so much but following this style i still feel gorgeous and more confident than ever,1,joy
i feel i need to change that pattern so that i can stand up for myself and learn to be supportive,2,love
im sure most moms have already figured this out but i feel like such a more joyful person,1,joy
i envy those couple who cant wait to get married and feel so pleased that they are eventually married,1,joy
i feel like we were successful in the creation of the mural as it would enhance the working environment of the school and will add motivation to the children as well as experience to everyone who was involved,1,joy
i feel lousy on what happen,0,sadness
i always feel overwhelmed with a mixture of feelings while listening to these songs,4,fear
i want to feel amazed a little more often,4,fear
i was starting to feel scared for both of their safety and i wish those officers hadn t left no matter how much i hated them,4,fear
i loved feeling lily move and have missed it so much,0,sadness
i feel proud in my ability to simply comprehend what was painstakingly discovered through rigorous experiments and ingenious theories,1,joy
i feel overwhelmed they might say my stomach hurts or my head hurts,4,fear
i feel devastated right now,0,sadness
i was feeling a bit miserable and the only thing that could cheer me up is some good old baking,0,sadness
i kind of feel like i should be investing in a how to internet for dummies type book but im really not bothered by my status as an internet pariah,3,anger
i lve the fact that yu genuinely feel scared when playing this game,4,fear
i shook my head feeling dazed,4,fear
i met people from every corner of the globe so now when i am feeling restless and my finances will allow me i am can pick a spot see people that i really care about and have an adventure with them in their homelands,4,fear
i feel ungrateful and petty if i try and talk to people about it,0,sadness
i want to believe its how my kids will feel whenever i become rich and famous and move on to the mansion that is waiting for me,1,joy
i open my eyes wide and i feel the last bubble of precious air escape from my lips then everything goes black,1,joy
i feel determined even if nervous about the unknown future its perhaps even a bit thrilling,1,joy
i feel contented but i m going to bet that i ll hate life tomorrow i hide a lot of things,1,joy
i tell her how i feel i ll be punished,0,sadness
i never want the audience to feel punished preached at or sorry for me,0,sadness
i still feel like its a terrific pistol at a fantastic price,1,joy
i feel some weird plantar fascitis y thing,4,fear
i didnt feel insulted though,3,anger
i feel like i m in the movie dangerous minds,3,anger
i also tended to either attract drama or not know how to handle it before people got their feelings hurt or not really know how to prevent or deal with conflict in the groups,0,sadness
ill just say it i feel horrible about my body,0,sadness
id love to know in the comments i feel like its a funny thing but i always love reading about how people schedule their days,4,fear
i cant quite put my finger on it yet the reason why i feel so listless,0,sadness
i also feel overwhelmed by to do lists,4,fear
i spoke with reported feeling dissassociated and dissatisfied with their human lives,3,anger
i really feel quite honoured to represent my country,1,joy
i am feeling pretty shaky and sad,4,fear
i really can carry a grudge for a long time against those i feel have wronged or hurt me in someway whether they are aware of it or not,3,anger
i feel it s because we re unsure how we can help,4,fear
i feel like that s a pretty valuable lesson to have walked away with,1,joy
i can feel it running through my veins and at the end is an unpleasant sight,0,sadness
i know i need sleep feeling dissatisfied with myself for what i ve yet to accomplish instead of glowing with pride at all i ve done,3,anger
i am feeling a little nostalgic about it,2,love
im most expressive when i feel distraught,4,fear
i recommend the jasmine green tea teapot service but didn t feel like having a cheese and tomato sandwich pretzel or donut though i could probably be convinced img src http s,1,joy
i think my body has recovered and i feel excited to go downstairs for the start of the weeks workout,1,joy
i made justin feel pretty miserable last night im sure,0,sadness
i know this wont make me a better person this feeling wont help me this wont make me successful,1,joy
i think the protection part is the part where i feel some has abused it more than the other reasons intended for the rights to bear arms,0,sadness
i feel privileged to be their mommy,1,joy
i did feel clever when i taunted a friend of mine with my knowledge,1,joy
i am not okay with feeling annoyed at myself and at life all the time,3,anger
i feel that it is my duty to athf and their devoted fan base to show my support,2,love
im feeling paranoid im well aware of the governments tactics and if they put it on the books they want to use it,4,fear
i totally and completely feel free doing that is amongst like minded souls,1,joy
i hate for anyone to ever feel left out awkward or less than,0,sadness
i know that i feel more successful now writing a blog in my sweatpants while my baby sleeps on me than i did when i commuted on trains and ferries with a business card in the pocket of my armani blazer,1,joy
i feel slightly awful,0,sadness
i still feel a little bit listless but im coping with it by getting as much work done as possible to distract myself and trying not to overthink anything,0,sadness
ill admit i feel slightly disillusioned here,0,sadness
i feel pain or aching in can stop,0,sadness
i m feeling very much relax and calm,1,joy
i feel stressed out i would watch movies alone or just walk on the streets alone,3,anger
i do feel sympathetic to the parties involved now that their careers are down the drain,2,love
i was feeling annoyed suddenly,3,anger
i feel like disbanding this popular server would let down the community and him which seems very selfish of me,1,joy
i read the lad mags and sip herbal tea and leave feeling terrific,1,joy
i don t think i d feel this way so often if teachers were more respected and allowed to have more autonomy,1,joy
i remember feeling so inadequate as i stood there and they thanked me because of your purchases,0,sadness
i keep telling myself ill feel like celebrating when ive passed my boards date still to be determined,1,joy
im always disappointed that no ones perceptive enough but then again if im worried about people watching me then should i feel disappointed at myself for not watching them,0,sadness
i have so much to be thankful for so to feel jealous of a skinny girl with a seemingly disposable income who is shopping at the mall seems so,3,anger
im feeling optimistic right now so ill project that out here,1,joy
i shall never rest until each and every ukrainian will feel that he she is a precious part of an inclusive ukrainian society whose historical roots have always been diverse and multi national language issue,1,joy
i settle in other ways based on feeling worthless,0,sadness
i feel more adventurous willing to take risks img src http cdn,1,joy
i feel god can be humorous and creative and just so awesome,1,joy
i just feel humiliated and stupid that i didnt realize that all these things were only pushing you farther away from me,0,sadness
as in sadness a,3,anger
i feel to being distracted with things that take up my attention or interests that keep me from more focused times of prayer and reading his word,3,anger
i should feel thankful or totally pani,1,joy
i feel so lucky to live where i do,1,joy
i stated in the class discussions the school discourages the use of im reference at the library because they feel that it will be abused,0,sadness
i feel completely lost,0,sadness
i feel much peaceful today,1,joy
i love being comfy that is my main goal when i look for new clothes i cannot stand feeling uncomfortable in something,4,fear
i feel your loving presence everywhere,2,love
im ever feeling stressed i whack heart on black on and it kicks me back into shape,0,sadness
i feel so very honored that they asked little ol me,1,joy
ive heard it so many times already im already feeling skeptical of whatever they say,4,fear
i always feel so lucky that the participants love it too,1,joy
i was feeling kind of hesitant about food which sucked because we were going out to dinner that night followed by drinking,4,fear
i was the new guy and you never know how people are going to react how theyre going to feel about you but everyone was really gracious,2,love
i really like this attempt at being nonbipartisan which i feel is sincere on their part,1,joy
i certainly get worked up about feminist and other issues at times i also have periods of feeling fairly mellow,1,joy
i was feeling strong and sassy so i went out back and got the aluminum ladder and carried it up to the house,1,joy
i can t say i was feeling the least bit inspired by the idea that i was going to be riding through weather like this at random times over the coming hrs,1,joy
i am however caught by the feeling that i missed out on a lot of interesting conversational banter by reading dead writers write about deader writers,0,sadness
i begin this letter in my kitchen in the soft predawn of a winter s morning a cup of tea beside the computer feeling virtuous to be up at this secret hour before light has made the streets mundane,1,joy
i actually feel like i have been beaten up,0,sadness
ive got a feeling that some day it is not only me who is proud of myself but my family will be too,1,joy
i do not feel i am damaged i can talk about it helps but i feel i am a strong person and i don t use it as a scape goat for thing that happen,0,sadness
i have been taking it slowly going at my own pace and not feeling pressured to finish or catch up and im not looking for a miracle cure,4,fear
i could definitely feel the effects as my mouth went pleasantly numb and relaxed feeling spread throughout my body,0,sadness
i cannot stop loving you and it just feels amazing it really fills my heart so let me,1,joy
im feeling a bit shaken but not stirred nice bond reference ehh,4,fear
i talked with the zone leader this morning he listened carefully as i explained what i was feeling and then reassured me that everything i was feeling was okay and normal and that in fact im supposed to be feeling this way right now,1,joy
i find myself often feeling isolated alone and starved for stimulating adult conversation,0,sadness
i feel reassured about the safety of canadas food supply because there are government food inspection agencies that govern the safety of food,1,joy
i feel like i am very passionate about youtube and so id quite like to explain why i think youtube is the next best thing for entertainment,2,love
i cant honestly say that i was enjoying the actual running much but i was feeling the benefits and liked being out in the fields and woodland seeing the changes in the seasons and getting lungfuls of fresh air,2,love
im feeling hideously guily and somewhat naughty doing this in work time,2,love
i pray that you feel the presence of god around you and that you realize that the birth of gods son was a precious gift for you and you never have to be alone,1,joy
i was feeling so ungrateful earlier this week,0,sadness
i feel there is a really sincere pleasure to be found in pleasing others a kind of pleasure that can not be gained from anything else,1,joy
i am still feeling unhappy and upset about the big changes happened befoe but i know times will heal everything img src http s,0,sadness
i feel like i barely broke into the kit,0,sadness
im feeling like a shitty person right now because i just did or worse,0,sadness
i feel offended i choose to tell you guys how i feel because i treated you guys as friends and would want to put a stop to all these nonsense,3,anger
i write that i feel a bit anxious,4,fear
im feeling a little overwhelmed here recently,4,fear
i feel my children are in harms way i feel frightened,4,fear
im feeling especially keen,1,joy
i did some really valuable spiritual work and grew of course but i came out of the whole thing feeling stronger not more mellow,1,joy
ive decided that whenever i start to feel mad about tod i dig deeper into myself to find the real solution,3,anger
i am feeling only slightly lethargic and overwhelmed by my new surroundings,0,sadness
i feel like i am the keeper of these precious years,1,joy
i am thankful that she continues to feel comfortable talking about with me and journaling,1,joy
i feel exceptionally lucky to visit suzanna whose life here is pretty damn idyllic at least from the perspective of a vacationer breezing in for a week,1,joy
i feel so heartless right now,3,anger
i get a feeling that why did i pay for getting so fucked,3,anger
i feel very happy to have inspired is my little sis love of reading and writing,1,joy
i was quite the outsider due to my british mentality and feeling embarrassed that my european and north american high school teachers knew more about my culture than i did i felt the desire to change that fact,0,sadness
i feel having to work with a useless good for nothing like you,0,sadness
i feel all gloomy and i hate it,0,sadness
insulted by disgusting people,3,anger
i feel like my meds arent working correctly and idk its weird,4,fear
i will always wake up feeling miserable and heartbroken,0,sadness
i feel very contented whenever i think of this because the thought of having good school mates seniors and batchmates makes me feel somewhat rather comforted,1,joy
i looked at what had happened to us in two generations and looked at what hadn t happened to them in two or three and instead of feeling outraged by their history of aggression i felt privileged by it,3,anger
i feel in me sparkle sweet passion aretha love all the hurt away jump to it the jamaica world music festival greatest hits whos zooming who aretha i knew you were waiting for me feat,1,joy
i was feeling quite apprehensive about my wig as i felt that it wasnt as full as id hoped it would be however id taken into account my models beautiful long hair,4,fear
i am not able to show that directly and so i feel suffocated and irritated,3,anger
i spent a few hours listening to the thundershowers and feeling that gorgeous cool summer storm air across my ginormous pregnant self,1,joy
i also feel angry and mad and bitter because we nor anyone should have to do it,3,anger
i have paused on purpose that i must step back and recognize why im walking around feeling discontent and then make the needed adjustments,0,sadness
i feel wonderful earley said,1,joy
i don t feel like there was a part before the race where i was stressed out,3,anger
i feel alan clay who is rather pathetic has a huge mass on the back of his neck that he is convinced is cancer,0,sadness
i begin to feel embarrassed about the way i acted and sometimes i just feel downright unloveable,0,sadness
i feel very suspicious of all of them,4,fear
i took a shower and feel a little more relaxed but the pain is coming and going here and there,1,joy
i threw myself at him after all feeling genuinely pleased for him,1,joy
i feel that the very foundations of my faith have been shaken to the core,4,fear
i know he loves me and showers me with graces so i never need to feel unloved rejected or a lack of anything not time or things or money,0,sadness
i feel like maybe everything is resolved for once and all and i can get on to living my life after almost years,1,joy
i feel determined this time though,1,joy
i feel invigorated and ready to go,1,joy
i was feeling especially ungrateful its just that i had no alone time to post anything,0,sadness
i feel theyre getting too popular in the club pop scene leading to less effort on some of their songs,1,joy
i was feeling really emotionally distraught and unable to concentrate,4,fear
i always feel a bit naughty on mondays,2,love
i feel frustrated irritable even,3,anger
i mention how you exfoliate at the same time save loads of money and feel divine,1,joy
i dun feel happy,1,joy
i was th in each age group this race has awesome custom horse trophies designed to mimic giant painted horses throughout the town see example below so now i feel determined to come back next year and try again,1,joy
my boyfriend with whom i had a longlasting relationship,0,sadness
i remember that i get those feelings back the thrilled and humbled and blessed and energized ones,1,joy
i have keep posting up sleeping pictures when i was feeling exhausted like as of right now especially after lunch getting stuck in the office in midst of the rain nice air conditioning,0,sadness
i feel like i get blank stares,0,sadness
i do i feel like i just make him mad or upset and he doesn t talk to me,3,anger
i see in the underground in paris at night make me feel reassured,1,joy
i feel a violent urge to vomit and back out of the room,3,anger
i feel so heartless sometimes because i do not have the ability to mourn for the lost of someone relating to my past grandparents,3,anger
i was feeling like amy winehouse and planning my own trip to the betty ford clinic upon my less than triumphant return to australia,1,joy
i do my best at making sure my husband feels loved important and cared for with my whole heart,2,love
i am feeling quite disheartened,0,sadness
i reach for your hand feel its warmth sense a strange mysterious connection the greater sea of lives intimately shared and buoyed by a wave of love hope and joy surrender to its greater transcendent surge letting it take me wherever it will,4,fear
i think that they pop up so automatically because seeing those pictures or people makes me feel insecure about myself,4,fear
i do feel slighted when some people use their piece of the cyber world to be rude towards me,3,anger
i have wasted entirely too much time feeling insecure about my body,4,fear
i feel terrified because even if i have the time to write out how i feel about mr,4,fear
i started thinking about all the times that people were jerks and there was nothing really that i could do except go home write unsatisfying angry complaints into the internetsphere and generally feel helpless marginalized and disregarded by society,0,sadness
i enjoyed this semester and i enjoyed the challenges i got to face and overcome and i feel that i m really coming away with a lot of valuable experience out of this,1,joy
i feel so badly for his daughter thats tragic,0,sadness
i feel assured that i am properly preparing crystal for her spanish sojourn,1,joy
i had a feeling she was doomed the moment i laid eyes on her i still thought that judy glasberg a href http www,0,sadness
i was just feeling terrified terrified of the people around me and the situation it involves,4,fear
i never feel accepted but you have to go through steps first you are a publisher keeping track of time spent in the ministry trying to get more members,2,love
i feel the tug of the fabric against my thighs and butt i am overwhelmed with the feeling that i am just too fat,4,fear
im feeling generous i am gonna tell you about another cool blogger,2,love
i left it feeling entertained but empty,1,joy
i feel that i ll be doomed to long pants and ugly shoes for the rest of my life and i m not even yet,0,sadness
i am feeling unduly pleased with myself because i managed to change the battery in my smoke detector,1,joy
i start feeling overwhelmed and i just want to run away and hide in the back of my closet,4,fear
i feel awful when i stay home both for missing out on the exercise and practice and for flaking out on the team,0,sadness
im feeling quite relaxed today,1,joy
i feel that i have contributed in a positive way to seven,1,joy
i did this all a href http feeling groggy,0,sadness
i feel a change an anthem for the disillusioned,0,sadness
i am thankful for the safety of my loved ones and the loved ones of my friends here i am guilty for feeling so i am selfish and i am deeply saddened that there are people back home who cannot say the same,3,anger
im currently feeling cranky for silly reasons im now going to complain,3,anger
i read up on the practicies and cult like beliefs of falun gong and now i feel sceptical and a tad bemused,4,fear
i feel so blessed to be apart of it,2,love
i just need to finish my venting feeling relieved not still feeling irritated,1,joy
i have myself a great tutor to teach me on magic cube and yesterday night i was feeling too thrilled when i finally managed to learn another new pattern to solve for magic cube signing off,1,joy
i did not feel as hopeful yesterday our small number my childrens misbehavior during the service and the difficult hurried pace of the day before and after left me frayed and vulnerable,1,joy
i feel helpless here with no car no cash no say,0,sadness
i was always looking forward to to a life that just feels dull and numb,0,sadness
i hurt so bad i feel like i am finally getting punished for thinking the way i do and feeling so damn restless,0,sadness
i sometimes feel that this is inadequate that my mind too often slips from focusing on god and jumps to my own selfish thoughts and the tasks at hand in the classroom,0,sadness
i was feeling fairly comfortable and i could think out a plan now,1,joy
i find myself crying over loosing everything that i have everything that i am not really proud of and i feel such a loyal connection to what s around me,2,love
ive been desperately trying to finish up my machine learning p set but im now far enough along that im no longer in complete panic mode i feel like my mood is on a spinner is she detachedly amused or freaking the fuck out,1,joy
im feeling quite distressed about the amount of horses whose jaws are jammed shut with what i consider to be excessive nosebands along with a considerable amount of metal in their mouths,4,fear
i could feel myself putting on that i m simply splendid,1,joy
i really like it and am thrilled to see where all of this will take us but on another hand i feel that the drama seems a bit messy,0,sadness
i feel her frustration when i see those ugly numbers and i feel her pain when an infusion site i insert into her body causes her to wince in pain,0,sadness
i began to feel very afraid of disappointment during the tour just because the rain and fog continued,4,fear
i used to work he feels so needy and this just screams for attention so to please him i felt obligated to give him some,0,sadness
i mean memories that make me feel dirty and unworthy,0,sadness
i was feeling isolated lonely and misunderstood,0,sadness
ive been feeling cranky lately,3,anger
i feel like there are people out there on the internet that have issues with my online friends and then expect me to be hateful or mean to them as well,3,anger
i love those cars and i feel that my second attempt at owning one will be a pleasant one,1,joy
i feel anything for relationships the doomed one,0,sadness
i should just let him calm down on his own but then ill feel like a neglectful aunt and i so cant have that,0,sadness
when i saw a man hitting a child of years without any consideration,3,anger
i don t know if these children will fulfill their dreams but i am happy that they as sponsored children have a better chance of doing so and that instead of feeling hopeless they have a vision of something beyond their lives of poverty,0,sadness
i feel like not caring,2,love
i are gay and feel assaulted by the right wing,4,fear
i think all acts of unkindness are a result of some form of selfishness because being unkind requires a lack of concern for the another person and some distorted feeling of gain by being unkind,3,anger
i will never make him feel disliked and like he is a bad kid if he is only acting according to how i raised him and he is acting liek a year old child,0,sadness
i think he is the next best because i see a lot of level and s lol i m not looking down on them nor am i feeling glad that they got bad results because then i would stand out why should i anyway,1,joy
i always thought problems were better to deal with immediately then you can feel like things are resolved and you can feel better,1,joy
im so fed up of christmas by christmas that i really struggle to feel festive,1,joy
i sorta feel like everything is so delicate right now,2,love
i do how empty disappointed angry sad chaotic destructive i feel today im just mad at myself why do i always fuck up shit,3,anger
i am not surprised that some people may be feeling outraged at the terrible environmental consequences of the logging and the dam and after seeing how their leaders have betrayed them are now turning to higher authorities divine help as a last resort,3,anger
i no raphael says grasping for his usual eloquence and feeling it slip from his fingers with spiteful ease,3,anger
i do know the main reason i feel like i m losing myself unsure if i ll ever get those pieces back but i m not quite ready to talk about that just yet,4,fear
when we stayed in vienna with our class,4,fear
i do not feel glamourous,1,joy
i feel like i was a naughty girl and should have said no way,2,love
i feel like im tortured like years ago,4,fear
i was sent home still feeling a bit shaky and dizzy,4,fear
im sure youre not alone in feeling a little funny about enjoying art even black created and black endorsed art littered with a term that would brand you as hateful backward and racist with a capital r if you uttered it in conversation,4,fear
i will take care of the flashback of swingsets and telling the tiniest of white lies for the sake of feeling free for several hours arriving home late after staying out past curfew to watch some horror movie well sort of,1,joy
i feel they will develop a friendly connection as time progresses,1,joy
i feel very vulnerable about sharing things that i write but i hit the publish button anyway,4,fear
i feel so heartbroken but in a silly way of course,0,sadness
i feel so disheartened that i feel nauseous and sick,0,sadness
i feel really dirty now but it felt really nice,0,sadness
i mean not one i feel that it is my duty to help all of our loyal readers of hb understand the world that is going on around them,2,love
i feel gratitude for the opportunity to have met so many amazing people through the magic of the internet,4,fear
i know this makes me a bitch and a half but i cannot help but feel a little triumphant when i see an old nemesis come into my workplace pregnant kid in tow fat husband waiting in the pickup truck rushed and clearly unhappy,1,joy
i cant totally defend her the woman wanted to be famous and nobody around her seems to be able to tell her how to handle fame britney leave los angeles when you can for starters but i am starting to feel a lot more sympathetic toward her,2,love
i feel extraordinarily clever,1,joy
i feel its an amazing resource for families traveling to orlando,1,joy
i feel like a hot mess and i probably am,2,love
i drink a glass of champagne and feel really relieved,1,joy
i do not agree with hirsi ali on policy matters and i do agree with much of what ingrid writes by contrast but having grown up in a country for which i feel little love and with the culture of which i do not identify in the least i can t help but to be sympathetic to her,2,love
im also feeling overwhelmed by how often im saying im too old for that shit,4,fear
i miss my friends amp feel neglectful,0,sadness
i was attracted to the feeling of being admired being an object of desire and refusing to give in,1,joy
i caressed it affectionately and she curled up ever so close to me giving me that wonderfully warm feeling of divine mother s loving sparsh which i cannot forget,1,joy
i feel like i have been waiting a lifetime to be in this unfolding experience as always excited to share whatever it is that i am learning that is unfolding for all of us to experience with full awareness,1,joy
i get older i desire to find creative ways to continue to be a dancer because i feel like the time when the body stops reacting and responding to dance is the time when the artistic level is honed in a really great way,1,joy
when i was still a child,3,anger
im feeling really lonely and feeling like im missing a part of myself,0,sadness
i felt the bubbling feeling and pretty soon i was at my peek and climaxed on her hands and her cute little dress,1,joy
i had to get up soon for choir so i dealt with the feeling of a headache thats not killer but could get that way if you angered it for most of the evening,3,anger
i feel like my fear of end times is gone and i am honestly longing for home more than i ever have in my life,2,love
i believe and some i feel sadly are not truthful,1,joy
i give you some tips on overcoming the feelings of being overwhelmed,4,fear
i didnt feel as intimidated as i had felt at the beginning of class,4,fear
i went home that day feeling very discouraged at all of the ground that i had to make up but with my heart set on fulfilling my destiny,0,sadness
i feel longing in myself or see it in others it rises up as a need that will never be quenched a desire never to be extinguished,2,love
i struggle to lick my lips and at least ease some of the dry cracked feeling but end up just getting an unwelcome taste of the mask tied over my face,0,sadness
i tried to convince them that mine wouldnt actually make them feel crappy like the real deal but they were still reluctant to try it,0,sadness
i feel like we broke the mold at least to some degree when it comes to the stereotype of sibling rivalry,0,sadness
i feel utterly depend on my sweet jesus to carry me through the next day hour mile conversation minute,1,joy
i feel it is unfortunate that governor riley has stated that he and the republican party are raising funds to unseat democrats in the elections,0,sadness
i feel disturbed inside,0,sadness
i have this insatiable desire to plant and clean and i m feeling a little bit amorous,2,love
i got the feeling he respected my choice making my way on my own answering to nobody but myself,1,joy
i care about but i feel unimportant to because they have their shit together enough so that they dont need me anymore,0,sadness
i feel so heartbroken tonight,0,sadness
ive felt the last few days i feel fucking fantastic today,1,joy
i started feeling a bit strange,4,fear
i feel so happily rebellious,3,anger
i had been feeling extremely homesick the first two days,0,sadness
a relationship in which i had put my trust,0,sadness
i feel humiliated when mistress watches me mince into bed wearing my frilly pink bloomers and pink babydoll,0,sadness
i took a mini break from posting pics as i just have not been feeling inspired lately,1,joy
im so excited thinking that some hot man might see my sweet little pussy this makes me feel so naughty a naught little girl hehehehehe,2,love
i feel like in some ways im probably not putting myself in vulnerable positions enough and pushing the limits of it,4,fear
i had been feeling lousy but feeling a little more normal brought so many small things into focus and everything seemed wonderful,0,sadness
i was tired of feeling unloved and broken and thought maybe that was the way out,0,sadness
i can barely maintain long distance relationships because im too invested in feeling shitty alone,0,sadness
i feel hopeful that we are already taking important action to make these necessary and important changes and that we will actually make an effective change and make it soon,1,joy
i feel very emotional down and i tried to put a strong front no matter what his instinct is always right about me being not okay,0,sadness
i don t really know what the suicide attempt accomplished other than me feeling ashamed embarrassed and stupid,0,sadness
im well chuffed made me feel fab straight away,1,joy
i feel really low it would be nice to have someone to hold me when i cry,0,sadness
i dont watch a whole lot however when i do i turn off the tv and feel stunned,4,fear
im feeling less generous i call her psychotic,2,love
i feel like i ve impressed a lot of the scientists with my ability to quickly pick up all the skills expected of a tech,4,fear
i feel bad about school,0,sadness
i feel a little disheartened but i dont think i feel bad as maybe i should,0,sadness
i feel like were all pretty supportive of each other,2,love
i feel really fucked up why do such things always happen to me,3,anger
i feel so fucking tragic,0,sadness
i may never have a best selling novel i feel joyful and alive when i m writing so i write,1,joy
i feel we do have some control over our petty dissatisfactions by trying to act or think and then feel more positive about our own lives,3,anger
i just feel like i should become an ungrateful bastard instead,0,sadness
i have a bad feeling about something that should be respected,1,joy
i feel like ive resolved some things in the last week,1,joy
i think what i m going to do is care less about anything that doesn t matter and won t make me feel successful in life,1,joy
i would not expect you to understand and if you have i feel horrible for you,0,sadness
i feel i was appalled to see a misused apostrophe on the bbc and an incorrect spelling on itv last week,3,anger
ive been feeling for awhile and he looked at me with a surprised look and said is that you,4,fear
i began to feel ok,1,joy
i don t need to though i must admit i kept comparing myself to the skinny japanese girls i see everyday on the street and just writing that here makes me feel ludicrous,0,sadness
i was actually feeling very distressed,4,fear
im feeling a bit homesick,0,sadness
i finally feel sure enough in myself to hold my words where they should be,1,joy
i was little i always had this exciting jittery feeling the day before i went on holiday but now im pretty meh about it,1,joy
i feel utterly disillusioned,0,sadness
i generally like to blog about things that make my day but today im feeling particularly generous so im blogging about something that made my kids day,1,joy
i feel does my foot hurt a bit maybe but who cares when the rest of me is happily strutting down the streets of this great city,0,sadness
i wanted to make him feel special on his birthday particularly as he was going to be putting in a looooong day at work,1,joy
im sure there are not actually multiple people looking at this crap right now but basically i feel the urge to share something with the few unfortunate people who are probably as bored at work as i currently am,0,sadness
i heard it somehow it brings me good feeling strange,4,fear
im not feeling overwhelmed by school just yet i only give that a week or so hah,4,fear
i have a feeling they don t find whiskey to be humorous over there at the health department,1,joy
i feel kind of strange,4,fear
im feeling it now my soul cries it aches for your laugh that sweet melodious voice it pains my dear,2,love
im just feeling more generous as i get older,1,joy
i am reminded that this heartache im feeling is a gentle nudge,2,love
i only watch about television shows regularly and even those feel like a time commitment that pulls on me when i just want to be entertained,1,joy
i feel so unwelcome here now and im leaving tonight once benno finishes his motorcycle lesson,0,sadness
im still feeling a little shaken,4,fear
im feeling a bit bitchy tonight so i will be,3,anger
i have teamed it with a slouchy studded jacket that i picked up from warehouse in the sale and feel nicely smart,1,joy
i let myself think about my behaviour towards you when we were children i feel a strange mix of guilt and admiration for your resilience,4,fear
i am tired and i feel defeated,0,sadness
im feeling a little romantic,2,love
i did feel defeated,0,sadness
i think i m royally screwed up and heading down a one way street to crazy town but because i ve recently come to realize that things about my past affect how i am today even when i don t realize it and even when i don t feel damaged,0,sadness
i say no i feel guilty img src http var,0,sadness
i woke up today with totally no text so i was feeling pretty gloomy at first then my precious idiotic don called and cheered me up,0,sadness
i cant help but feel that it is somewhat special,1,joy
i was feeling brave and wanted to try my hand at free motion quilting,1,joy
i do still feel melancholy at times but that too can be chased away if i just keep my mind occupied,0,sadness
i wish i could say fuck you to people who make me feel insecure for ever to have existed,4,fear
im feeling bitchy and unappreciated today,3,anger
im feeling energetic this morning,1,joy
i feel like this is like fake bogart said at one point in the show,0,sadness
i was made to feel that i was damaged and not good or giving enough when in reality nothing is ever enough,0,sadness
i am not sure why in that moment that i thought i would be able to feel it hellip but it was pretty funny,4,fear
i still have the wtf feeling and regretful feeling until today though just a kiss but a stranger,0,sadness
im feeling extraordinarily dazed and bewildered this arvo for no particular reason and my muscles all hurt even though i dont actually have any,4,fear
i were dating myself right now i d be telling my girlfriends that i feel ignored unloved under appreciated and like i m not a priority,0,sadness
ive had this urgent feeling to write to you and tell you how the files make me feel but have felt hesitant because of fear as to where it will lead me,4,fear
i feel so immensely blessed that i was chosen to be little joeys mom,2,love
im sure the bundle guys are feeling pretty generous this time of year,2,love
i do hope that some simply transferred to another benedictine monastery that they didn t all feel so disillusioned that they walked away from monastic life altogether,0,sadness
i arrived at the monastery one week later i was feeling terrified,4,fear
i suddenly felt how statesmen feel when mobbed by the press or how doomed men feel right before they are lynched or stoned by a mob,0,sadness
i go while feeling foolish so many times,0,sadness
i contend that the acceptance is a bow to the culture which requires it and christians today feel shamed by a new morality,0,sadness
i hope that you enjoyed viewing and feel free to leave a comment,1,joy
i thought i was doing what was best for my child but my pediatrician made me feel like a neglectful mom,0,sadness
i meant before i took some photos for a cube magazine our school magazine and they made a video from some materials from that day aaaand after stealing it i feel like showing it as well,1,joy
i feel so calm with the routine rinse wash with detergent rinse take outside to line dry,1,joy
i have a small history of hiding when i feel awkward,0,sadness
i like it on croissants when im feeling naughty but just eating it alone in a bowl or on a bed of lettuce leaves is satisfying too,2,love
i was wrong to feel overly optimistic about the crossfit workout,1,joy
i feel very graceful today,1,joy
i can t imagine that it is a newly developed tendency and the realization that i have made things so much harder on myself over the years leaves me feeling mad at myself,3,anger
i cant give you all what i wanted to and i feel it in my aching heart my sweaty palms and my sleep deprived addled brain,0,sadness
i feel i want to be carefree but all that is left inside of me is emtyness,1,joy
i havent been feeling too well lately,1,joy
i feel that my labors are in vain when i don t see the expected results of my efforts,0,sadness
im weary i feel burdened and i could definitely use some rest,0,sadness
i could feel him before i saw him and he smelt delicious,1,joy
i feel so regretful that i let such mundane things as work and school get in the way,0,sadness
i do find myself confused when i feel no pain and when my pain becomes resigned understanding a warm memory of a beautiful girl locked away for no one to ruin to taint,0,sadness
i feel like i am so pathetic selfish and unbelievably lazy i want to find a new job as the old one is just annoying me so much i can not describe that,0,sadness
i am made to feel embarrassed about my injuries but in my circle of horse friends i am supported we all are,0,sadness
i think i should tell him how i feel the moment i see him looking for something dumb to do,0,sadness
i basically feeling a bit grumpy most of the time coz i was hungry,3,anger
i feel mad whats your,3,anger
i never thought id feel so much as a jot of sympathy for hussein whom i always viewed as a jumped up petty thug whatever my thoughts may be about actions against his administration,3,anger
i was a feeling a bit low a few weeks back and i just focused on all the things that werent right in my life at the moment the requests that i had made that hadnt been granted,0,sadness
im feeling horny right now,2,love
i was so traumatised by the pestilence that i was feeling quite delicate and couldnt cook so we had to buy expensive and unhealthy convenience foods from the supermarket in order to avoid starvation,2,love
i watch dramas in order to feel like my mood is not an isolated incident,0,sadness
i thought breaking up with my best friend of years would make me bitter and feel hateful towards her,3,anger
i then open my eyes and shes gone i cant help but feel alone,0,sadness
i feel like this may be a delicate situation and whatever choices i make this weekend could potentially have a big effect on my life,2,love
i had no idea how he had been feeling unimportant to me and i was beyond upset that he had not been honest with me about his feelings,0,sadness
i cant do anything about it except for feel devastated i cant do anything practical about it yet,0,sadness
i can feel our blessings and i am so very very thankful,1,joy
i feel nervous when anyone gets too close,4,fear
i like to add a slice of cheese and some pepper to the egg and when i am feeling naughty i like to add some chocolate chips to my trail mix another treat i am loving as a pregnant mom who often craves a sweet but doesn t want to overload on sugar or empty calories is zico coconut water in chocolate,2,love
i feel special joy in your elevation to this post,1,joy
i look hot i get leers that make me feel like i might get assaulted,4,fear
i would feel awkward when someone tells his or her feelings towards me,0,sadness
i have been on the receiving end of every one of the above so i know firsthand how they make you feel and so do plenty of other people many are strangers on the street that are convinced they must know mom from somewhere because she surely does know them,1,joy
i feel the cool in their wings as they brush my face and walk across my outstretched hand,1,joy
i often feel that everything around me is so vain and purposeless,0,sadness
i love it dont get me wrong i just dont want to keep feeling lame whilst i learn,0,sadness
im feeling really really left out and somewhat dissatisfied with everything,3,anger
i know how that feels hermione said in a surprisingly sympathetic voice,2,love
i dont know why i feel joyful that people went to my blog today and saw one of the entries,1,joy
i am feeling romantic on this beautiful summers day rel bookmark permalink,2,love
i generally use this icon when im feeling playful or childish which is a fairly large percentage of the time,1,joy
i hadnt but i told him that it had to be coming soon because i had been feeling all of the symptoms crampy tender tired etc,2,love
im feeling a real casual day ill go for brown eyeliner instead,1,joy
i di spazzola prima di andare a dormire one hundred strokes of the brush before bed though she didnt support the film because she feels that its not loyal to her novel,2,love
i relaxed and nodded feeling assured that someone i love is safe and pampered even if he s no longer with me,1,joy
i venture back up north and for the big day i m feeling very festive,1,joy
i do know is this i have no desire to spend my life feeling discontent so i seek a solution to the problem,0,sadness
i have had a lot of uncaring men in my life and it still feels strange to have several that call come by and reach out to me when i am at my weakest moments,4,fear
i feel like amazing x men compensated enough to earn it a out of,4,fear
i was feeling a bit pathetic and sorry for myself,0,sadness
i upset you over the last few days i m ok the clouds are clearing and i m feeling more positive,1,joy
i think i feel myself flushing don t be alarmed i m on a headache medicine that causes that sometimes,4,fear
i feel that she was trying to hurt me,0,sadness
i feel better i dont for a little bit,1,joy
i came to china feeling a little frightened of everything around me,4,fear
i usually take on to more protein when i start to feel lethargic,0,sadness
i feel guilty for it may affect my supply then i go back to the routine again diligently,0,sadness
i can say my body doesnt feel deprived because it isnt being deprived of nutrition,0,sadness
i have a very difficult time allowing people to do nice things for me without feeling either insulted or like i m in their debt,3,anger
i feel horrible or even depressed that i try to fake myself out with positivity,0,sadness
i feel that california democrats a little too smug in their safely liberal districts lend much value added to any serious debate but i usually find them less offensive,1,joy
i underlined make you feel whenever i hear about him referring to me as his or especially his precious child i feel so wonderful,1,joy
i feel the sweet red leaves,2,love
i am really not expecting it somehow it made me feel shy but then it s been a while part,4,fear
i feel i have been too damn considerate of others in the area of interpretations,2,love
i feel dazed deserted,4,fear
i feel very disheartened today,0,sadness
i did not want to feel discouraged looking at a gain,0,sadness
i am feeling generous at this time i will answer your questions,1,joy
i feel surprised that scientists to actually question about how it is weird for the initial conditions of the universe to be fine tuned to very special values such that our universe is almost flat,4,fear
i feel less bothered of things happening around me,3,anger
i still feel vulnerable and hurt but its manageable,4,fear
i bought some eggs and because i was feeling adventurous i also got a whole chicken and an oxtail,1,joy
i allowed people tonight to make me feel as though i was far less superior to them because i felt less attractive less popular and less able to be part of a community,1,joy
i is so brave to express her feelings for tomoe despite being rejected,0,sadness
i felt happy when i received the letter telling me that i had been admitted to the university,1,joy
i feel a bit jaded and weary of the world,0,sadness
i still feel so amazed knowing i stood right in front of jason,4,fear
i guess i feel insecure and anxious,4,fear
i feel bitter theofilou said of the lack of support to nods of agreement by kastrioti who waited for her turn to board,3,anger
i still need to brush my teeth but i have already taken my pills showered and eaten breakfast so i am feeling virtuous for a moment or two,1,joy
i feel as it is imprinted in my brain by now how vital stress in the college community,1,joy
im feeling overwhelmed by college with everything else that had happened this semester,4,fear
i feel so privileged to have been selected by can fund to receive this support,1,joy
i wish that i didnt feel the way i do i wear my heart on my sleeve you have to believe the things i say arent in vain believe me theyre true,0,sadness
i was so panicked i didn t feel it when my nails broke against the impenetrable wall of ice leaving red crescents of blood welling up on sensitive skin,0,sadness
i feel very much relieved d i am so happy and i quickly finished a small scissor fob,1,joy
im totally feeling bitchy and resentful about it,3,anger
i feel awkward because i have a grown child of my own but at the same time i try to place myself in their shoes and when i do that i realize i would do the same for my child no matter the age,0,sadness
i wasn t feeling reluctant because i was spending money we don t really have an ipad at x price is way out of the question,4,fear
i know what i believe and how i feel but some part of me is still hesitant because the old me would have said that anyone who believed there was a god was crazy,4,fear
i feel i can be a bit selfish myself,3,anger
i feel bothered at the fact that some of us have been given so many chances but i don t see the least bit of appreciation and utter gratefulness downright from their souls,3,anger
i feel like i was aching for the summer to come and now it is slipping away so fast but doesnt it always,0,sadness
i didnt feel angry i didnt feel bitter i felt,3,anger
i feel discouraged or even a little sad cause i havet had a long term relationship,0,sadness
i always feel dirty and used,0,sadness
i feel ugly he can smile at me with this look in his eye and i know that not only does he love me but he is still in love with me,0,sadness
i feel very contented and happy upon seeing him,1,joy
i could feel its warmth in the strange stillness and it comforted me,4,fear
i feel hate whoever that love me or caring towards me,2,love
i have days were i prefer to be the submissive it is a simple life i feel on the days i am submissive i do my best to please him he seems to be happy enough after two years of having me,0,sadness
im feeling dull and bored,0,sadness
i now worried but i was starting to feel pretty dumb for not even knowing the basics,0,sadness
i feel like a lot of people are intimidated by false lashes because it seems like a largely unnecessary process during your makeup routine,4,fear
i was not going to be able to sleep until i knew how it ended and mostly because of another thing which i am not even going to talk about here because it makes me angry all over again and also because i feel horribly neurotic and immature getting upset about it and so we will gloss over that bit,4,fear
im feeling particularly melancholy i will talk myself into a place of peace,0,sadness
i feel delighted to showcase this journey,1,joy
i get frustrated with the fact that i don t always feel appreciative for the hand i ve been dealt and for the people i love in life,1,joy
i sat in the dark of my room for a few minutes trying to figure out if i should feel offended or whether i should heed the advice,3,anger
i feel fake sharing the joyful and creative pursuits of our family,0,sadness
i feel like i am meant to partner up be supportive lend a hand or a heart and yet i resent this feeling,2,love
i haven t felt in the real life such as the feeling that comes after the successful adventure etc,1,joy
i burst out feeling shaken because i was pretty sure i d just hit a bird,4,fear
i like a good challenge but not at the expense of feeling humiliated,0,sadness
i spend obsessing over my decisions and feeling anxious,4,fear
i have a guy im actually feeling hilariously fond of,2,love
i feel so horrible when i am not accomplishing something,0,sadness
im still contagious and while i am desperately wanting to cuddle him id feel rotten if i let my selfish physical wants get him sick,0,sadness
i could feel julia hesitate as she wasn t yet convinced she should talk to this woman,1,joy
i feel ugly disgusted and like a pig,0,sadness
i wound up with something lodged in my oesophagus which didn t feel pleasant to put it lightly,1,joy
i don t feel a lack of respect or love in the space just harder partying than i am personally comfortable with,1,joy
i feel i am more blessed than i can ever say,2,love
i was feeling quite clever at that point and i had not had even a drop of wine,1,joy
i know my feelings being kinda numb pathetic and full of sorrow about a useless thing called love,0,sadness
i have been feeling pretty fabulous for me that means my pain is about a out of for the past three days,1,joy
i love the feeling of aching oh what are those insipid things called on the front sides of my calves muscles and i love the fantasy that some day soon i will be featured in sports illustrated as the swimsuit model of the year maybe they will make a special issue for the baby boomers,0,sadness
i feel like im in such a strange place in life no one to take care of and no one who cares,4,fear
i am end up feeling devastated that i have borne such a social monster,0,sadness
i still feel like a butt but thank you for being so gracious,1,joy
i feel triumphant and even thought it may be just a fleeting moment i am enjoying the power of motherhood,1,joy
i cant sleep and re read happy posts and i go past the one about picnic day and i get so happy im like james you make me so happy i love you and then repeat as soon as i feel jealous,3,anger
i feel resentful and irritable,3,anger
i didn t want them sending me crap i d feel almost insulted to win and embarrassed for whoever made it like in oregon,3,anger
i was tossing and turning and feeling very anxious about the fact that i was not doing this work that i felt needed to be done,4,fear
i am feeling completely irritated right now and i have no idea why maybe because he is usually just getting home from school so the last hour of these god awful videos have imposed on my time,3,anger
im feeling really good and i know im getting stronger but i am also waking up early and working hard almost every morning,1,joy
i spent some time at the school yesterday talking to folks and snapping pics of my daughters as they delighted in the last day of school fun and i came away feeling impressed and happy which to tell the truth is my usual feeling about the place,4,fear
i feel disappointed by myself,0,sadness
im beginning to feel isolated in the work place but i dont attribute blame to anyone or anything,0,sadness
i hope my condescending attitude will allow present me to feel offended and as such remember that the amount of sunlight affects plant growth,3,anger
i had always dreamed of doing and it was a good feeling a fantastic feeling to be able to give them this,1,joy
i feel nervous about trying something new during a lesson or if my horse shies at something,4,fear
i feel like i can trust them though seeing how they can understand how other women can be bitchy and neither of us want to deal with that shit,3,anger
i feel so dirty so unamerican so french,0,sadness
i feel like if i could just go to detention after school for a couple days then everything would be ok,1,joy
im good at hiding my true feelings or blurting them out in sarcastic tones,3,anger
i think about it i feel a little ashamed of myself because ive been blogging regularly all year and it hasnt been that much of a struggle,0,sadness
i get that feeling of confidence is far more pleasant than some of the alternatives and i certainly am not against someone increasing their confidence but why do you have to feel that first before you take action,1,joy
i know i have certain aspects of my personality attitude that could be improved i have been under the impression that everythings been fine feel absolutely assaulted by the statement that my co workers have been complaining about me behind my back,4,fear
ive been feeling so bothered lately,3,anger
i feel so insecure when we figt,4,fear
i still try to force myself to do some even if i m feeling irritable withdrawn and quiet at the time,3,anger
i was not feeling the song but i was delighted with his re emergence,1,joy
im still feeling intimidated but i feel like i do actually have something to say,4,fear
i feel irritated a lot,3,anger
i am a runner probably i would really feel far more safe in the title,1,joy
i would just hurt others feelings i am so selfish,3,anger
i got a feeling give it up i got a feeling get away becuz i m cuz i m dangerous oh i m a badman ah,3,anger
i feel rude about going to the bathroom when she s in there,3,anger
i can remember when cammie was a couple of months old looking at her sweet innocent face and just sobbing thinking about her going to school the thought that someone would hurt her feelings be unkind to her be unfair to her the thought that a teacher might be mean to her or not love her,3,anger
i combine the flat tire the head wound and a headless bird im feeling a little paranoid,4,fear
i feel that the students will be more successful in the classroom,1,joy
i feel so privileged to share that love with five lovely students,1,joy
i could feel myself hit this strange foggy wall,4,fear
i don t know why i feel disheartened about the league because of so many draws it is the mark of a tightly contested competitive organization with important results,0,sadness
i am not thinking about a certain person before i sleep i end up having strange dreams about him and when i wake up after those dreams i feel shaken and stunned,4,fear
i wish i could feel more assured of myself my decisions my thoughts my perception hellip but it seems that every now and then someone comes along and shoots one or more of those down,1,joy
i feel so horrible that i want to cry,0,sadness
i feel so perverse,0,sadness
i felt myself shrinking and feeling horrible about myself,0,sadness
i feel invigorated even though it is caffeine free,1,joy
i always feel kinda sad for them when the authority figures eventually show up on the scene and squeeze all of the risky fun out of their play time,0,sadness
i find myself buying into and reacting to the conflicts of modern life more than i did before and feeling more jaded,0,sadness
i dunno how else to describe how great i feel i swear ive been giggly all day,1,joy
i feel im not bothered by that,3,anger
i was more irritable i went from having a million and one ideas to feeling like not being bothered from feeling inspired to feeling obligated,3,anger
i feel like im going to be way more successful a writer because of it,1,joy
i liked the feeling of being scared and jumping in my seat grabbing the arm of my preferably male companion,4,fear
i feel really naughty and wicked today,2,love
im feeling a little less disheartened about it,0,sadness
i am feeling and how much i am trusting god varies enormously,1,joy
i feel like thats not useful or fun at all so i will replace those exotic icons with a destroyer,1,joy
i feel i am a heartless cold bitch,3,anger
i feel they look a little awkward just below,0,sadness
i will go to the supermarket and feel up tomatoes and hope life imitates art and some cute guy will ask me out,1,joy
ive been feeling a bit pressured because theres so little time left for two books,4,fear
i feel more anxious than i have in quite some time in fact,4,fear
i feel pretty virtuous about it actually,1,joy
i am really enjoying my time here but ever since fourth of july passed and i reminisced about nyc and home i have been feeling a bit homesick,0,sadness
i shouldnt make you put yourself in a spot that makes you feel awkward,0,sadness
i personally feel a little offended i put millennia of brainstorming into those particular three vices,3,anger
when i won an unexpected sum of money,1,joy
i mean fuck i feel like i was way more considerate with customers and concerned about appearance and sanitiation snoozel pm but fine,2,love
i wasnt feeling mad at god or angry for him allowing this to happen to me i was just sad,3,anger
i tend to pretend i understand what someone says even when i dont fully understand because i dont want them to feel embarrassed or to seem like im not in the know,0,sadness
i winced and said that does not feel funny,4,fear
i want to feel carefree for one last day,1,joy
i feel like i finally entered or accepted that i ve entered the mother part of life,1,joy
i feel humiliated the annoying little college student who takes on causes and pesters everyone about them,0,sadness
i left feeling completely disillusioned and a little more cautious with any contractual interactions with vietnamese people,0,sadness
i have a confession to make and i feel so rotten about this,0,sadness
im feeling a bit greedy,3,anger
i never feel as alone as i do when i bare my soul to some friend because it s then that i best understand the unbreakable barrier,0,sadness
i feel so virtuous writin my morning journal like here i am in a jane austen novel which is aided by the fact that mr gs computer is on a kinda,1,joy
i spent so much of my pregnancy feeling like a listless slug,0,sadness
i was i might be buying stuff from there but i feel the clothes are too casual,1,joy
i feel really petty and immature but i dont want to cheat on greg or end up breaking up because were fighting over the stupid little things,3,anger
i feel pretty lucky to be able to experience it again in this way,1,joy
i feel lucky simply to have known him and had him in my life and proud to have had him as my dad,1,joy
i can feel this really effecting my attitude toward her i feel bitter and angry,3,anger
i could hardly feel my legs yet i was eager to get off the stuffy plane and quickly get out of customs,1,joy
i am feeling incredibly thankful for my family,1,joy
i feel no word can be quite as dirty as the word sexual intercourse where it is used wrongly,0,sadness
i am feeling a little groggy this morning not to mention a headache,0,sadness
i feel thrilled regretful and alarmed by these changes even the fireflies dwindle to black as we speak with the b,1,joy
i am feeling grumpy and irritated,3,anger
i feel arsenal could be clearly superior,1,joy
i feel so fucking horny,2,love
im still feeling a little shaky as i write this post,4,fear
i feel the need to say that i was very amazed with the quality of the presentation and the resources which mack michaels puts forward,4,fear
im tired of feeling hopeless,0,sadness
i have been becoming i definitely want to include in my revamped definition of strength my impulse to nurture my sense of resonating to the feelings of others like a sympathetic string the way i ve been able to let go into life as an emotional being,2,love
i could spend hours on a set and feel amazing,4,fear
i can drop people who are using me no problem and i can certainly assert myself with the children but asking nik to leave early on an easy day just because im feeling weepy and want a hug,0,sadness
i feel rebellious even,3,anger
i am feeling like it might look just a little suspicious if i go home and dont meet with him,4,fear
i feel a bit tortured right now,4,fear
i feel like every day is a blur of running being irritated with my son and doing something pertaining to making dinn,3,anger
i hate feeling like this im always getting mad for no reason feeling lonely,3,anger
i do feel that the more intensely intelligent a dog is the more socializing they will need,1,joy
i was feeling frustrated and tired today,3,anger
im feeling slightly irritable but generally level headed and actually not in a bad mood,3,anger
i feel so delicate around you,2,love
i feel a bit timid about using this blog because i know that other classmates and even complete strangers will be able to read it,4,fear
i received a lousy results slip ive decided to retain i had the worst first few months in school i made friends in class friends who made my life easier in school who made me feel more accepted in the class,2,love
i feel when i see them because i have such a jolly time when i hunt in england or that i like to roam around england looking at the pretty doors and the old pubs and talking in a british accent but these cards tickled my fancy,1,joy
i get a sort of tunnel vision heart rate increases i cant feel my arms or legs and i cant hear a thing this being the more dangerous of the side effects that have meant i cant hear the stop whistle if i have injured my opponent and thus has lead to tournament disqualifications and fines,3,anger
im feeling particularly carefree i have hawaiian bbq chicken pizza with chicken bbq sauce pineapple and onions,1,joy
i feel you see there is always the possibility that someone might laugh or feel disgusted and it is easier for her too to express her feelings about a story and not about her boyfriend,3,anger
i cannot speak for others but all i know is i feel i am the most successful prettiest version of myself when i walk out of my starbucks with my red cup holiday cup in hand,1,joy
i could feel myself moving slower and being generally more lethargic than our last ride on the same trail,0,sadness
i feel impressed to talk to my older children about my vision for our family and enlist their aid in accomplishing it,4,fear
i wonder if she can pick up the stress im feeling when im trying to feed her and terrified of getting bitten because shes not feeding much,4,fear
i was still feeling the effects of marathon sex julie looked amazing,1,joy
i feel confident that ive put in the time and done everything possible to win but that decision is out of my hands,1,joy
i m feeling miserable serioulsy,0,sadness
i feel so humiliated because as i was spending my days off planning a beautiful wedding he was calling texting taking some other girl out and fucking her,0,sadness
i like moving with a long lead time and not feeling rushed,3,anger
i went to was to see jreyez back in may just havent been feeling like going out but jenny convinced me to go this time amp after some persuasion i decided to go lol,1,joy
i realized now that i lived my whole life loving some ppl who now i hate the most cause they alll have changed they all became veryy tough ppl after i got used to feel their tender touch in my life,2,love
i feel pathetic and that i shouldnt make myself feel this way,0,sadness
i feel hopeless because i know i can t control other people s desire to want to know me the way my soul burns to know them,0,sadness
im feeling oddly sentimental today,0,sadness
i feel invigorated and jolly,1,joy
i was feeling restless when i stepped into the kitchen to whip up this crunchy sweet treat,4,fear
i feel very proud of my girls accomplishments this morning,1,joy
i am normally better at avoiding the expensive pre packaged products when i go to waitrose but i was still feeling a bit shaken up from the parking issues so bought some extra bits to calm my nerves,4,fear
i was feeling so spiteful i brought it up and i saw the hurt in his face,3,anger
i will think of something else feel all passionate about that and then it too would stop,2,love
before getting back the results of a test in school,4,fear
i feel like a cranky old man saying this but so it goes,3,anger
i have been doing absolutely no exercise however and sticking to that literally just sitting around but i feel i just need some supporting thoughts,1,joy
i used to feel very isolated in the far north of scotland but as social media and internet becomes more all encompassing the links to others becomes easier and the chance to be part of live discussion and participate in relevant and cutting edge debate and changes as they happen are amazing,0,sadness
i feel free really better a href http,1,joy
i feel so strongly about telling my loved ones,2,love
i was feeling make it all worthwhile she has been loving on her daddy and she let him feed her breakfast she snuggled up in the chair with spencer and played with him she is walking more and she has officially been in all of her grandparents arms with a smile on her face,1,joy
i hate asking myself why i feel so reluctant when he tries to kiss me,4,fear
i have been fortunate to feel the pain and suffering you have endured,0,sadness
i am no longer a shimmer fan i mean i like subtle shimmer but this is kind of like scary shimmer where i feel like my eyes are super obvious and scary looking,1,joy
i know i am feeling discouraged and cynical,0,sadness
i feel even more determined to educate about self breast exams and to get your yearly check ups they can and will save your life,1,joy
i get the feeling this girl cries at everything from hollyoaks to a picture of a cute puppy,1,joy
i feel fine i feel more consistent with my delivery throwing more strikes liriano said,1,joy
i feel so lucky to get to feel them,1,joy
i will definitely write more about the transition as i go through it but right now i am feeling quite positive,1,joy
i still think that shes being insensitive with my feelings but i am just glad that im not on her shoes,1,joy
i did a solo flight from ardmore to kaikohe before i got my pilot licence i can remember it was gorgeous day and i was on a natural high,1,joy
i do now as compared with years ago is that i no longer feel i have to be accepted by others only those who matter to me,2,love
i feel totally awful and end up going through that whole nightmarish surgery and feeling good was just around the corner,0,sadness
i constantly feel lied to and wronged by them i love these people to death,3,anger
i feel like there s a possibility that statements like this make supporting our own interests more problematic,1,joy
i find consolation in the beauty of small things but sometimes its just not enough and i feel stupid for trying,0,sadness
i feel i was somewhat successful at not peeking at him during service the whole time,1,joy
i can offer you that feels loving to you,2,love
i suppose its fairly normal to feel doomed when life is all shit around you,0,sadness
i feel most inspired when i experience some sort of heightened situation,1,joy
i feel i am doomed to repeat endlessly through my whole life,0,sadness
im not feeling all that happy or thankful today,1,joy
i have these bunch of friends im grateful to have the squad mates and the teammates but theres another bunch of people out there that made me feel so worthless because everything i try to do with them it seems so forced conversations it seems like i am forcing my words on them and everything else,0,sadness
i intend to have them develop feelings for one another albeit with riku being stubborn about it as opposed to an open book due to plot ish issues,3,anger
i feel like im sinking and i feel helpless and that makes me even more frustrated,4,fear
i have to fight from feeling overwhelmed by it all,4,fear
i feel depressed or even short tempered some days,0,sadness
i feel so useless and stupid,0,sadness
i feel very humiliated but also even more turned on,0,sadness
i always feel kind of thing empty feeling,0,sadness
i can feel the cool sand against my back,1,joy
i feel about him i never really told him too much guess i was scared but i havent got anything to loose now,4,fear
i feel sad today like legitimately bummed out,0,sadness
im really not feeling that passionate about this one,2,love
i waited to hold my precious boy in my arms no i did not get to feel his sweet skin against mine after his birth no i could not rub his soft hair or look into his beautiful eyes but god had a plan,1,joy
i feel i am suffering from several related factors that in regarding treatment acne less likely to remove scars left behind by proving your diet and extract,0,sadness
i was gay that i began to feel disturbed and embarrassed,0,sadness
i feel like were in this together and im glad for that,1,joy
i feel distracted when people think i m overreacted,3,anger
i feel curious about the subject matter,4,fear
when junior doctors returned to work after bunking them,3,anger
i watch the snow man i can feel myself getting weepy already,0,sadness
i remember that we would always pat my head ahaha lt i feel like a puppy and this other guy that liked me kindaish also patted me on the head too so i guess that s a good sign of harry liking me if he patted my head maybe he thinks my hair is soft sighhh,2,love
ill be happy to take his money when ever he is feeling generous enough to part with it,2,love
i am presenting here a few that we have managed to find which really clean your hair really leave it feeling lovely and really really won t irritate your skin,2,love
i didnt know what it was but i then went home to later experiment so that i would feel accepted but as i experimented i learned a new feeling the feeling of greed,2,love
i feel afraid to have a voice and im just a guest,4,fear
i realized what i am passionate about helping women feel accepted and appreciated,2,love
i am sure there will be many nervous times ahead but today i feel very hopeful and im going to enjoy the feeling for as long as it sticks around,1,joy
i should stop feeling so lousy about myself,0,sadness
i know the playwright robert reid socially and i feel a bit weird being so critical of work by someone im kinda sorta friends with,4,fear
i feel gloomy and depressed nothing is more calculated to cast a cloud over us than a rainy day,0,sadness
i feel fake hellip b c a real person can feel real emotion and that s something that i can t do,0,sadness
i feel like its vital to keep this someday list active,1,joy
i forgive myself for accepting and allowing myself to feel humiliated and rejected because someone was chosen over me,0,sadness
i cant help but feel a little bit agitated,4,fear
i finish my lesson although very happy that it is over i feel good i feel that it was worth it,1,joy
i feel very energetic to cook something very special i decide to prepare at least one dish with posto and the other days when i simply dont remain in the mood of cooking at all i again look for posto,1,joy
i was still feeling troubled,0,sadness
i just feel stupid for not realizing what was going on sooner,0,sadness
i feel some kind of sincere connection to everyone i talk to while im working,1,joy
i know mom s who would take once look at my facebook profile and feel envious of all the fun i seem to be having out with my friends the carefree state that my life is in where i am only responsible for me and can pick up at any time and go away for the weekend,3,anger
im just feeling jaded,0,sadness
ive been waking up and automatically thinking in portugu s also lately and it feels fantastic,1,joy
i feel accepted well we all know there are a few exceptions to the rule and like i belong,1,joy
i feel artistic a href http boredwithquinn,1,joy
i feel less threatened by the world,4,fear
i almost started to feel like wimpy from the popeye cartoons,4,fear
i cant even explain how difficult it is to tear yourself away from something you both love and feel doubtful of,4,fear
im super pumped to have crossed the nano finish line my novel is far from finished but im feeling optimistic,1,joy
i feel pretty passionate about is helping people,1,joy
i feel very valued by my patients,1,joy
i feel scared when my father suddenly opens a door,4,fear
i feel sad because levi certainly wont want to run a race against his typical peers because theres no way hell win,0,sadness
i feel like that fact is being abused,0,sadness
i don t feel awful enough to call them because i am exhausted,0,sadness
i said im beat and not feeling too creative but this was one hell of a day,1,joy
i found out that someone that i knew had someone else taking tests for her,3,anger
i was completely naked and feeling horny,2,love
i feel is a near flawless film,1,joy
i feel our hearts are treading dangerous territory,3,anger
i generally only use the practice shoes for party when i m feeling more casual about it i,1,joy
i feel so ungrateful for the things he does regularly for me for i sin daily in everyday living,0,sadness
i also were able to get appointment with the osteopath on the which is freaking awesome as it feels like i am caring a boulder in my stomach,2,love
im so tired and heavy all the time its a familiar feeling though not a pleasant one,1,joy
i keep finding all these people who make me feel so terrible about life,0,sadness
i mean people are discussing things about which they feel passionate,2,love
i am supposed to go about being strong when i feel so inhibited,0,sadness
im not really feeling it so far though i think i liked the film better,2,love
i feel so uptight about it because i know you hate it and are constantly trying to catch glimpses of the tv in the window and listen to it,4,fear
i am horrible about articulating my feelings particularly verbally sometimes i cant even remember incidents just that i was mad at something,3,anger
i sure hope we do as i feel very isolated without any contact with home,0,sadness
i make a mistake i cringe feel idiotic and become filled with self loathing,0,sadness
i feel like a fake a fraud a hypocrite,0,sadness
i hate you for making me feel unimportant,0,sadness
i have definitely seen and felt many blessings from heavenly father especially on the days when things feel gloomy and lonely while mike is away working hard for our future,0,sadness
i feel so fake,0,sadness
i am in italy and i feel as useless as i could possibly feel i need to occupy my time not to get crazy,0,sadness
i feel like theyre being rude in the first place and as long as you arent snappy about it you have every right to ask him not to touch you,3,anger
i had a good sleep believe it or not but still woke up feeling groggy and out of sorts,0,sadness
im not feeling so well right now so ill write some other day,1,joy
i am feeling adventurous then ill definitely go visit some of the bayou swamp areas and enjoy the beautiful cypress trees and wildlife,1,joy
i feel a bit lost today,0,sadness
i am feeling ever so homesick,0,sadness
i currently feel like crap but have to at least show my face at work lest they get suspicious at my ringing in sick the day after my holidays,4,fear
i feel tortured so much,4,fear
i describe this it is so wonderful i can close my eyes and remember the cool feel in my mouth with a rich creaminess but lightness,1,joy
i feel like the time has come a fearless rescue from everyone who made you the master,1,joy
im feeling very angry kind of sad tired and bored today,3,anger
im feeling hopeful and grateful,1,joy
i am good at something that i feel passionate about and all of the other students that graduate this year are in the same boat what happens after,2,love
i always dread but end up leaving feeling positive,1,joy
i see a woman sitting alone at a table in starbucks or at a restaurant if i m feeling playful and can t come up with an observation or something to say that s based on the moment i ll just sit down and say,1,joy
i was speaking a lot of that to myself because well i feel very discontent where i am at in life,0,sadness
i was feeling kinda disappointed actually and silently wishing that these were still unpaved now,0,sadness
i woke up feeling fabulous and im sure that half of that stems from the fact that ill be finishing my undergraduate studies in about weeks,1,joy
i started feeling this job was worthwhile,1,joy
i can write as many entries as humanly possible in one day and still feeling dissatisfied that i write everything i wanted to the fact that i complain all the time about being lonely,3,anger
i feel bad listing the movies becasue i like them so much,0,sadness
i have ticket stubs going all the way back to and every once in a while when i m feeling kinda sentimental i open up the box and go through my ticket stubs so that they can remind me of all the good times i ve had at stadiums around the country,0,sadness
i feel really burdened by this days challenge,0,sadness
i feel like i am unhappy missing too much from the baby or anything else i will quit,0,sadness
i feel gloomy and down,0,sadness
i am currently but i can t even do that right now without feeling indecisive and tied to school and writing and assignments,4,fear
i read listen to music do various other things but am feeling unhappy with myself,0,sadness
i was feeling adventurous and not quite my age,1,joy
i am tired of being tired and feeling beaten down,0,sadness
i know ken has this down but im feeling really inadequate what am i doing wrong,0,sadness
i feel reluctant to just leave her alone like that without helping her enough to repay her goodness to me,4,fear
i feel as though i broke the plane if he is there then ill be aware and use my faith to wish him gone,0,sadness
i feel like i could have gotten all apprehensive for no reason at all,4,fear
i feel like i have to pay a fee for my broke heart,0,sadness
i have a feeling shailene will be perfect,1,joy
i at times feel so utterly useless and undeserving of such a magnificent woman in my life,0,sadness
i really thought i was ok with how things are but here i am out of no where crying and feeling empty and sorry for myself shame on me,0,sadness
i struggle with feeling so low amp so agitated,0,sadness
i guess being the good friend that he is he can not and will not allow me to go on with life feeling so distressed and confused,4,fear
i don t spew my desperation all over these situations that already feel uncertain to me,4,fear
i ask about his wife annulment case he feels so irritated and kept on telling me it is on the process,3,anger
im trying to be intuitive often just makes me feel sort of confused and nauseous,4,fear
im back with another skincare review well actually i feel reluctant to make a review of sectret key snail egf repairing gel cream because i even stopped using it switched back to my second jar of a href http sparkleapple,4,fear
i need to feel like people can love because because im not convinced that i believe that people have that capacity,1,joy
i haven t been able to shake this akward and unusual feeling i feel irritable and space out all the time feels like i was surged as well as my computer,3,anger
i feel so hopeless because i m not doing well and i m really scared,0,sadness
i don t know about you but that feeling of powerlessness of not being in control sends me in a mad tizzy for the haagen dazs,3,anger
i feel honoured to be teamed with jim whom i first met about ten years ago,1,joy
im feeling less hateful of fandom,3,anger
i have a good idea for a post but am feeling too low to write it,0,sadness
i think about my freedom and not having to make plans for another person all the time i feel content,1,joy
i see are self centered statements about you and your feelings and your looking for a sympathetic ear from anyone that will listen,2,love
i was feeling pretty crampy,1,joy
i spontaneously come up with a new tune or when i am taking a solo and feel myself in that creative flow just going for it not knowing what i am going to play next and surprising myself he answers indisputably,1,joy
i then asked as i often do in these situations how i could fix this so she wouldnt feel like i hated her because of my lack of postings on her facebook page,0,sadness
i slapped him because feelings are dumb,0,sadness
i think the whimsical pop art feel of the place appeals to my artistic sensibilities,1,joy
i feel unwelcome or uncomfortable oh except for that time i pulled the doorknob right out of the cloest door,0,sadness
i am personally not doing well i feel lethargic with no energy and with the,0,sadness
i brought up privately a couple weeks ago that i felt targeted after feeling frustrated and belittled,3,anger
i still feel like i deserve to be punished for things that i would instantly forgive from strangers,0,sadness
i feel so foolish and ashamed,0,sadness
i growled at her i began to feel extremely annoyed with her,3,anger
i have been walking around feeling pissed off at the world lately,3,anger
i am feeling really hopeful that i could fall pregnant soon and i really cannot wait for that day to come,1,joy
i was building with angie i m feeling profoundly betrayed and very angry,3,anger
i feel all kinds of dirty and not a good dirty src http nevercontrary,0,sadness
im feeling weird,4,fear
ive been taking to stop the bleeding in my guts has left me feeling far more irritable and violent than usual,3,anger
i feel like the earthquake has also shaken the foundations of my life and work,4,fear
i feel could have been left out entirely they smack a bit of empty promotion and self congratulation but once one finds the real meat of the information its precious information indeed,0,sadness
i doing something that make you feel bothered,3,anger
i love your cuddles they make me feel safe and protected,1,joy
i need to know that the pain i feel is not in vain and that there is a better and brighter day in my future,0,sadness
i don t know i feel confused,4,fear
i can feel more submissive,0,sadness
i start to feel my muscles aching and break out in cold sweat,0,sadness
i pray look next to my phone what time i feel my anxiety levels getting too superior,1,joy
i feel could be amazing but like wonder woman is rarely handled well,4,fear
i dont really know why im bothering to do my homework but i get the feeling that it will be in vain,0,sadness
i have spent the last few weeks feeling sort of uncertain if you will,4,fear
im feeling frantic because ive had no sleep,4,fear
im feeling this little one move a lot now and im constantly surprised by his her little kicks,4,fear
i kind of feel like im losing a part of myself as lame as that is to say,0,sadness
i know when i have had a crappy day and didn t feel productive i feel lousy and sleepy in the evening,1,joy
i feel pretty rotten when jake takes off down the street on his hot rod mongoose and jordan strikes out trying to chase him down like an orphan straight out of a href http en,0,sadness
i feel most unwelcome,0,sadness
i can keep another writer from spending four years to get to the point of feeling like they can publish their work and be accepted by readers i will have truly accomplished that goal,1,joy
i am really enjoying doing tai chi with a weapon it feels flowy and elegant,1,joy
i have no idea why i was feeling so lethargic yesterday probably because i got a bit dehydrated,0,sadness
i hasan the man who makes me feel shy retiring and modest it s not true that there s no english word for schadenfreude,4,fear
im not much of a people watcher or a voyeur so i feel kinda weird when walking around taking street shots,4,fear
i am seeing neurosurgeons document conversations regarding the safety of patients relationships and whether or not they feel threatened,4,fear
i had felt kind of ick but just figured it was nerves or feeling anxious,4,fear
i felt i handled it okay but the class really began to feel like instead of caring about the subject matter it was turning into a fight for my grade,2,love
i feel privileged to be there at this very real and intense time,1,joy
i am feeling a lil overwhelmed again,4,fear
i have been crying a lot and feeling kind of depressed,0,sadness
i feel that would be a far more considerate and sensitive approach on the part of employers,1,joy
i get this sudden feeling that i am completely annoyed at him,3,anger
i feel kinda lame now,0,sadness
i finished this book feeling all gloomy because her emo personality apparently rubbed off on me,0,sadness
i was feeling alone,0,sadness
ive always heard choose one feauture to play up eyes or lips then tone down the other feautures and i love this rule i feel envious of selena here she is soo pretty she has lovely dark hair and great eyes she can wear such a wide colour range,3,anger
i keep forgetting but shouldnt is no matter what happens i should not hesitate or feel too ashamed to come back to allah and get back on my feet,0,sadness
i should feel bothered that she was spying but i wasn t,3,anger
i feel he should have been punished,0,sadness
im feeling more festive,1,joy
i feel rather superior but not in this case,1,joy
i want to make is this final one when we feel abused at these writers faking it we rupture the reader writer relationship,0,sadness
i am happy to report that i was able to get miles in with minimal pain i just iced it afterwards and im feeling ok,1,joy
i feel like an abused puppy dog,0,sadness
im feeling really stupid and more than a bit panicky but i phone the doctors and they see me straight away,0,sadness
i think im entitled to feeling a little triumphant,1,joy
i ride because it makes me feel peaceful and alive,1,joy
i feel so repressed with this one now,0,sadness
i returned home feeling determined disturbed disgusted and devoted,1,joy
i just ran by feel and i m glad i didn t look because i probably would have freaked out which happened a little later on in the race,1,joy
i am officially feeling festive,1,joy
i feel pretty weird blogging about deodorant but im a bit of a deodorant snob and find it really hard to find a good one,4,fear
i cant help but feel so burdened,0,sadness
i feel very blessed to call them mom and dad,1,joy
i just tell you that the feeling of a skid is not pleasant,1,joy
i am being selfish but i feel like me trying to make him horny is redundant because he is always horny and i feel like he should try harder to make me horny,2,love
i dont care how churchy or cheesy i sound right now its such a truth i feel in my heart that im so convinced its him i cant make this stuff up on my own,1,joy
i can control is me and if people feel that i wronged them i will try my best to fix it but some people you cant make happy,3,anger
i don t feel there is enough information out there for people like him to encourage them and prove that university is not the only way to be successful,1,joy
i feel im rather innocent in that respect,1,joy
i would imagine someone to have achieved much more yet i feel no desire to reach out towards the greedy hands and caretakers and give them my sand from the hourglass of mine,3,anger
i feel lethargic and getting pressure between my eyes and i just rfttttttttttsjiowefmklldkavsvdsbtwrsbdvfocxfibjxrklrgrmvaeridubneosdvfrwfd okay stressing doesnt help at all it makes it worse so im trying to be calm,0,sadness
i didn t really know many other ill people but nowadays i do and i m so glad that i do knowing other people in a similar position people who truly get how you feel is a wonderful thing,1,joy
i don t know how i feel about all this how i feel about my place in it if i think that my work is more or less sincere than other gen xers and so on,1,joy
i worry about all of the time ive been spending on the computer and about how i feel so distracted by the party,3,anger
im actually going to try again this month because i had a lot of my mind in june and i think that led to me feeling a bit lethargic so fingers crossed ill do better this time,0,sadness
im still feeling annoyed though,3,anger
i feel irritable as well,3,anger
i was feeling overwhelmed,4,fear
i just stayed there letting myself feel a little melancholy,0,sadness
i am feeling a bit crappy it is not as bad as it was two weeks ago,0,sadness
i feel too disillusioned to hope for anything,0,sadness
i tried going raw vegan for two weeks and it made me feel awful,0,sadness
i feel so pissed of for the fact that i am not that talented and creative as many others designers are,3,anger
i mean i feel my happiness and self worth are determined largely by others which is of course not true,1,joy
i felt like i had went so far now it feels like my world was shaken just the other day,4,fear
i was feeling a little awkward about seeing some folks,0,sadness
i am way behind with my work on the fantasy novel and i feel very frustrated,3,anger
i feel selfish and self indulgent,3,anger
i told myself that i was feeling lethargic and tired that i had other things to do like wasting time on facebook that i needed to eat blah blah blah,0,sadness
i have one toe that is starting to feel kind of numb,0,sadness
i have about pairs of heeled shoes that i hardly ever wear i love the look of heels they always make me feel quite elegant but i just cant bear the thought of not being able to really relax when i wear them,1,joy
i do not feel remorseful and ask for forgiveness when i know ive done something wrong,0,sadness
i feel generous prizes for all finalists too,1,joy
i feel a sweet sense of optimism touched with anxiety about the coming days,1,joy
i feel strange putting a review in this post so ill keep it brief,4,fear
i feel satisfied only with details and small parts,1,joy
i feel treasured,2,love
i feel like i should go for a run to expend all this idiotic energy but iv decided to do some homework now instead and store the energy for a social event im going to this evening,0,sadness
i show my temper to my parents i feel very regretful for hurting them,0,sadness
listening to my roommate boasting about her new clothes,3,anger
i feel like a reluctant queen tasked to rule over a nation of miscreants who are exactly like me,4,fear
i was going to cry at one point could feel a lump in my throat but managed to stop it as i was more distracted by the thought of getting all my vows right,3,anger
i feel is a lousy diagnostician,0,sadness
i have to go out into the fields and sometimes if i feel more adventurous than usual right into the woods near my home,1,joy
i lauper s that starts with the line time after time which she would sing going down the memory lane and feeling nostalgic,2,love
i feel like there is a violent war going on in my stomach,3,anger
i hate not feeling useful,1,joy
i just hate to feel unhappy emotions,0,sadness
i feel like im being punished because of it,0,sadness
i feel perfect with you comments img src http sadlovequotesforhim,1,joy
i dont i feel amazed,4,fear
i feel a little skeptical but what have i got to lose,4,fear
i feel energised invigorated and alive once again,1,joy
i cant tell you the last time i have woken up feeling like i slept well,1,joy
i had the love of my life in nathan been in love and shit and here was travis and i felt hardly anything and im sitting here feeling doomed that i would never again find someone who would give me that spark,0,sadness
i feel like a frightened little child more than anyone could ever know,4,fear
i didn t allow myself to feel the emotional depths of my sorrow,0,sadness
i feel all glad not being with you,1,joy
i had the most amazing run this morning and im feeling so determined these past few days,1,joy
i started to feel butterflies in my stomach and my body starting to get hot,2,love
i may heighten crucial concerns pertaining to expatriates predominantly budgetary but also during the areas i always really feel could be useful and or important or perhaps fascinating,1,joy
i was feeling deprived because we did our traveling in june but we still have one weekend getaway planned for the middle of the month as well as the free concert every tuesday and a few other random outings,0,sadness
i didnt feel cheated or deprived,0,sadness
i feel like when i was a kid it was constantly impressed upon me how awesome ants are,4,fear
i know its been months but i still feel envious of my friends who are having their school holidays,3,anger
i mean it is exhausting to feel bad all the time,0,sadness
i was feeling cold and wet most of the time,3,anger
when my close friend was involved in an accident and passed away instantly he had gone to buy a new car and had asked me to wait at his home so that i could see his new car,0,sadness
im feeling discontent or too comfortable because there is always something i should be working on in my spiritual life,0,sadness
i feel empty again,0,sadness
i feel another violent daydream coming up and i bet it has something to do with me getting my hands on a saint just costume,3,anger
ive been taking i keep feeling lethargic everyday unlike when i was pregnant with my previous boys,0,sadness
i feel is defective,0,sadness
i feel that god sends us some distractions just to see how determined we are to reach our goals,1,joy
i were discussing on freedom and economic growth in global civil society i cudnt help but feeling amazed our frens in da philippines dat they r happy maintain basic living condition without rapid development as long as their freedom is not being touched,4,fear
i feel so dirty in you i crash cars br style background color white color font family georgia times new roman times serif font size px line height,0,sadness
i know what happened might still feel real feel dangerous but i don t plan on going anywhere any time soon,3,anger
i also don t know why is the reason of this freaky feeling that disturb my funny mood it should be but it don t,4,fear
i get on the bike temperature is good no wind ya not until turning around and the first feels fabulous mph average i am thinking oh yes going for today and it may just be easy,1,joy
i was already going to feel giggly about it,1,joy
im not feeling very glamorous at the moment to sat the least,1,joy
i reckon this is fair enough yes the queen is their monarch but they are so geographically removed from her and her presence that i appreciate that many australians may feel more loyal to their country and own communities than to the queen herself,2,love
i was feeling defeated again and super overwhelmed i stopped and realized that this is just a demanding season for me,0,sadness
i had been taught very young that i had deserved what i got that what i was feeling was unimportant overemotional and attention seeking,0,sadness
i am just feeling shitty right now,0,sadness
i feel sad donna summer dead at a href http jtwoo,0,sadness
ill tell you what its about as soon as im sure then well talk about how you can purchase it without feeling that youre in any way supporting me or what i do,1,joy
i guess the bottom line is i feel like damaged goods and i m not sure how to fix that or if it is even fixable,0,sadness
i was sitting here feeling defeated,0,sadness
i will admit that some days i yell some days i dont want to get out of bed some days i cuss and freak out even some days i dont even really want to talk to anyone because i feel a little numb and im afraid people will know that im not ok,0,sadness
im so excited but at the same time i feel a little nervous,4,fear
im tired unhappy feeling listless unmotivated exhausted,0,sadness
i have been feeling very insincere,3,anger
i know it is so disgusting horrifying i feel so dirty,0,sadness
i want to not feel shy with them i want to have fun with them,4,fear
ive always longed to feel the beloved tenderness from a father,2,love
i feel i m getting distracted and not real,3,anger
i know this is love and i feel it there i whisper something so sincere exactly what you want to hear,1,joy
i did feel sympathy for him and liked him more by the end of the story however i dont feel that enough time was spent on his turn around,2,love
i have a pit in my stomach feeling disappointed,0,sadness
i was feeling quite embarrassed and quite a wee crowd had gathered outside the bank,0,sadness
im not yet feeling terrified of failing i honestly feel like im overconfident right now because i believe that ive done my best,4,fear
i feel empty a href http mohdashif,0,sadness
i told him i was feeling unloved and underappreciated by the kids,0,sadness
i sometimes feel hated but i am not it is all in my head,3,anger
i still post them because a i feel neglectful if i dont do anything on a site at least every once in awhile and b,0,sadness
i have a feeling your heart will be happy that you did,1,joy
i actually feel frightened of people here right now,4,fear
i feel like throughout my life to this point in time i can say that ive fucked quite a few people,3,anger
i may notice that you feel aggravated or joyful or whatever it is that youre feeling,3,anger
i embrace the joy of others and encourage people to read this blog only if they feel somehow enriched or entertained by it,1,joy
i feel about mcraven at ut not sure div class g plusone data size medium data href http wilcfry,1,joy
i love being an author and feel that ultimately that will be my one career but all these other jobs are fabulous experiences that bring a lot to my writing,1,joy
i am this evening having had a brilliant night fantastic run and feeling jolly darn good,1,joy
i did not feel frightened just frustrated that i wanted to go back to sleep but felt there were unfinished tasks i needed to attend to there wasn t other than to edit two articles on freud s dream of irma s injection which were near completion and have subsequently been posted on this blog,4,fear
i feel sorry to hear your story,0,sadness
i want to help each of them feel special she said,1,joy
i personally feel amazed that i have managed to connect with such amazingly talented and creative people through this little world of dance,4,fear
i hardly feel like i had a weekend if i dont get fucked up,3,anger
i feel divine whenever i captured a moment smiled silently saving all the details to my treasure chest that i fill only with memories that i knew will only happened once in my lifespan,1,joy
im sitting here feeling very disheartened,0,sadness
i feel like a dumb blonde she mumbled not realizing that alli was standing right next to her she desperately hoped she hadn t heard her say that,0,sadness
ive been feeling ignored,0,sadness
i sometimes feel nostalgic happy restless angry all at the same time,2,love
i feel so dull when you re not around,0,sadness
i feel cooler just looking at these gorgeous rooms,1,joy
i kind of feel it how people appreciate this sense of not being entertained,1,joy
i dont know what next year will hold for me and my free author promotion but for now i feel pretty special to be a part of a writing community where my author friends trust me with some of their most precious possessions,1,joy
i feel smart though,1,joy
i came across this picture of a diy twiggy candle holder and now im feeling all festive and creative,1,joy
i am a boy i like girls they are pretty and i like it when they smile at me but it makes me feel funny,4,fear
i feel virtuous because i walked to and from the library which is almost a mile away and the temp was,1,joy
im feeling like a tortured teen i decided to pile on the neon which was the shizz in my day,4,fear
i may trust my partner to look after me and my needs and those of our relationship i feel threatened because they arent in control of the situation and obviously neither am i,4,fear
i am currently feeling i wouldnt surprised if its flipped again,4,fear
i was feeling rather smug about being a black toenail virgin despite having run for a little over years now,1,joy
i feel like i have less time for stuff since i got super depressed and never wanna do much,1,joy
i am feeling a little bit hostile towards my ex today,3,anger
i feel kind of dumb for saying this but i was just upset at how much strength i lost during the last few months,0,sadness
i finally got tired of feeling like no matter how smart or well educated or determined i was i was never going to get ahead in vancouver,1,joy
i could feel the gloomy london fog and the oppressive tropical heat even though i was on vacation in oregon,0,sadness
i just cant seem to hold myself back when it comes to feeling i wish i could be heartless if just to keep the pain away sigh whatever here i am being fucking emo all over my live journal,3,anger
i feel so safe hearing them and knowing hows their day like and all,1,joy
i do know the next time im having a glass of red wine im tossing a big ol ice cube in it and if im feeling really rebellious i may not even swirl the glass or sniff it and i recommend you try the same thing,3,anger
i have to admit that i was beginning to feel pretty smug,1,joy
i feel tortured here,3,anger
im also feeling gracious and i want to bless you with a few more old tried and true family recipes,2,love
i couldnt help feel infuriated when i had left the building,3,anger
im feeling really agitated for some reason i think its coz im confused,3,anger
i am feeling lousy recently,0,sadness
i feel like a rockette and i also feel like im glad its over,1,joy
i feel uptight love had to show me one thing i was so right,4,fear
i feel that the world expects one to be a productive individual on sunny days so i resist and tend to be more productive on rainy days,1,joy
i really enjoyed giving my class one because i knew all the answers and got to feel clever all day and two because it you don t often get a chance to play with these sort of things in training sessions and it was nice to spend time with everyone as new groups came through throughout the day,1,joy
i learnt to never talk about feelings when ive had a drink because it gets messy,0,sadness
i know i feel a sense of obligation to be loyal to the us canada and taiwan depending on whether or not you think the last is a country,2,love
i know that in the feeling lonely isolated teary states i have many that stand with me,0,sadness
i feel rejected by someone i love and this has caused me great heartache and pain,0,sadness
i swear is releasing my neighbors inner crazy weve had cops called on our block like out of days this week im feeling inspired,1,joy
i have to start my journey to these cities in the morning i feel it will be a pleasant journey i am planning to enjoy moments of it especially with my fb friend,1,joy
i feel convinced my twins would declare the same,1,joy
im feeling very determined,1,joy
i feel good about the choices i made in terms of our readings,1,joy
i feel mellow and shit i swear you got that touch swear they ain t stopping us swear there ain t nothing above girl give me some love yeah yeah yeah x,1,joy
i visited the psychologist all those years ago i really took to heart what he said about not closing myself up and letting others know when i feel uncomfortable etc,4,fear
im unhappy i feel irritated by everything and i yell,3,anger
i just am so tired of feeling lonely and yet when someone comes along who can take away that feeling i run away,0,sadness
im feeling extremely blessed to be pregnant,1,joy
i cant blame anything or anyone but myself and ive spent the day feeling miserable crying again whenever i remember realizing it was all my fault,0,sadness
i may be fighting a very weak argument but i feel that it is important that people do not lose the ability to listen to a true album,1,joy
i feel the divine feminine playing out last night also by giving her heart yet not to just all in the universe but to the divine masculine gods to help wake and heal him,1,joy
i ought not come for i stipulation them to feel sorrowful for their skeered rupees which they re assert to the field but i will console for i allusion massou to live,0,sadness
i see her frustration and sadness and hear her anger at my puters invasion in her life and then the pride of financial independence feels pretty lame,0,sadness
i wanted to do something different today and that feeling was inside of me so intensely strong,1,joy
i feel so sorrowful so dejected the words ring through my head i am so damn affected by everything you say and all that you do why can t i let go i want to be happy too,0,sadness
i can t help but feel considerate towards others,1,joy
i feel thankful happy and blessed and these are good feelings,1,joy
i go to the church service not youth i feel like im hated and i know im not the only one,3,anger
i mean im actually feeling productive in the area of quilting and sewing but havent felt lik,1,joy
i feel ashamed that you would forget that and forget us,0,sadness
i feel so excited cause that means i get to skip classes,1,joy
i feel is a valuable reason was the alone time that debra and i had driving to woodston camp kansas assemblies of god family camp,1,joy
im feeling adventurous and fiesty i stop comparing myself to everyone,1,joy
i really shut myself off a lot at the end of my pregnancy when i was feeling even more irritable and anxious so maybe now i need to bounce back from that and get back to normal again,3,anger
i have a feeling they were delicious,1,joy
i was just wondering if that is common and why some girls feel the need to seem less intelligent than they really are,1,joy
i feel ungrateful and i know i feel ungrateful and i hate myself for feeling ungrateful hellip and yet i don t get that last bit,0,sadness
i couldn t help but feel slightly intimidated,4,fear
i feel safer so i didnt have that horrible panicky feeling like i used to after nightmares in the old place but i couldnt get back to sleep,0,sadness
i definitely feel like i don t have a spot assured he said but didn t seem too stressed about spring training,1,joy
i feel like i need to officially address this because it is just so fucking dumb,0,sadness
i feel like im making all the effort and i cant be bothered with it anymore,3,anger
i feel compassion for them and understand why they feel insecure,4,fear
i don t like sharing i do that on twitter but because i feel it s a vain thing to do,0,sadness
i went by on wednesday feeling slightly regretful that i didnt try to haggle,0,sadness
i just wasnt feeling it so i willfully broke my routine,0,sadness
i honestly feel rejected,0,sadness
i try to describe my experience in words it feels like trying to shove tender little baby feet into high tops that are too small for them,2,love
i feel that he wasn t making the effort to see me i blamed it on an over active imagination,0,sadness
i was feeling good until i saw the flop,1,joy
i is feeling particularly hostile shell say no red shirt today nickey,3,anger
i feel lethargic slogging through work outs and finishing each evening with popcorn and a glass of pinot gris,0,sadness
i feel hated but i don t care,3,anger
i feel less stressed driving a hard route than being the passenger,0,sadness
i miss feeling pretty and delicate,2,love
i was telling obbie last night i feel like a terrible christian,0,sadness
i was feeling more than a little apprehensive as i was traveling on an emergency issued passport kindly supplied by the british consulate in los angeles a week ago,4,fear
i feel really strange without my bangs and sometimes i want just to cut my hair,4,fear
i barely even feel like explaining the weird history of shadow dancer the not really console port of the arcade sequel to shinobi even though there was already a console sequel to shinobi thats a totally different game the revenge of shinobi,4,fear
i feel honored to have those books on my shelves,1,joy
i feel that he is ungrateful for having an opportunity to breathe the air when so many others didn t have the chances he has had,0,sadness
i will scream or cry when theres too many ppl but i feel insecure and wanted hide from them and i will sweat a lot,4,fear
i am an infp a very strong introverted feeling person you could say i am passionately emotional about even the most insignificant of things,0,sadness
i needed to clear my head he tells him and sighs when he feels gentle fingers in his hair,2,love
i want to make this a daily thing i have to wash my hair every single day and that s a hassle for someone like me who has super curly hair that s a bit of a pain to straighten but when i walk out of that class i feel so good,1,joy
i would even say are important as far as how my significant other feels about anything and that the rest have been ludicrous,0,sadness
i love but these are just a few that i ve been thinking of lately feel free to comment tell me i am an idiot or whatever,1,joy
i feel overly distracted so tabby and i started again working on the paths and the routes we have here through the woods down to the big creek and around the former second meadow,3,anger
i feel fighter move in me and i am amazed at the way he and my tummy is growing so quickly,4,fear
i watched her tears fell i really feel so heartbroken,0,sadness
i know that my issues questions feelings etc are going to be resolved,1,joy
i must comment that i believe medications are life saving in many situations but i also feel that it is important to report the full story,1,joy
i feel like i need to do something to change this vicious cycle of being good and letting cravings drive me to madness and binging,3,anger
i prefer to sit in the large room at the back with its wooden floor and upholstered chairs which has a timeless feel in summer a gentle breeze blows through the floral curtains as you savour your large piece of cake or perhaps some of their famous a href http en,2,love
i spent most of that game feeling unsure about where i needed to be what i should be doing and just mostly feeling completely lost,4,fear
i feel lucky to know what its like to revel in the freedom and wide open spaces that being by the sea affords,1,joy
i feel like a greedy easily pound overweight american,3,anger
i also feel disappointed in his mother gertrude,0,sadness
i feel humiliated at her apartment i came here to this family i feel stuckin this life and go the hell i do not want to be more present in my life,0,sadness
i feel slightly like a traitor admitting that i really liked the new place,2,love
im facing the consequences of my little fall yesterday all day and night yesterday i could feel every little muscle in my back slowly knotting up in protest at the unkind treatment they have received,3,anger
i knew i was going to look at the mess and feel guilty for not pushing myself to get it taken care of,0,sadness
i was feeling really awful by afternoon,0,sadness
i miss feeling like im cute enough to be considered to be taken home,1,joy
i feel lost and discombobulated i lose the drive to write,0,sadness
i wanna go to work feeling bouncy and happy,1,joy
i feel sometimes like i want to say things that i am sure will offend,1,joy
im just feel alone,0,sadness
i am full of feeling not empty,0,sadness
i feel you are being wronged i will back you,3,anger
ive learned not to depend on nor expect my body to perform but rather keep a flexible hope expectation that i can fulfill my duties despite how i feel im thankful that most people around me have been understanding and flexible right along with me,1,joy
i feel kinda mellow though i think that time of the month is going to turn me into a raging bitch i had my moments last night when i felt totally angry and just like cranky and really restless,1,joy
i think i m a bit better today although i still feel like i ve been run over by a truck and the cough is being remarkably stubborn particularly when i try to speak,3,anger
i recognize most of the frequent posters and never feel unwelcome to a thread,0,sadness
i went blonde i was feeling adventurous and a little lost in who i was as a person,1,joy
i cant stop feeling delighted with myself,1,joy
i have finished reading i am feeling so insecure,4,fear
i feel like a horrible person a href http bryangregorylewis,0,sadness
i can go off to blogland for a bit and get out any thoughts or feelings i want or dream and look at pretty pictures and then step back into my reality,1,joy
i feel sorry for the poor guy who were told to leave by female passenger when they accidentally sit on area for women,0,sadness
i feel like a doll which has been abused,0,sadness
i started feeling hopeless in regards to my health,0,sadness
i dunnno i just feel sorta discontent but im tired and stuff i just wanna go to bed,0,sadness
i really enjoy the tone and feeling of the piece i wonder whether it would have been more successful had it been stretched out over a few days rather than just one,1,joy
i had been feeling suspicious all day,4,fear
i only get to see master on the weekends i feel that i am only a submissive with him during the weekends,0,sadness
i think like all australians i know the image so well it will be interesting to see how i feel when were there and yes lovely kay we are going to view it at sunrise,2,love
i did not enjoy the feeling of the naughty kid who knew better,2,love
i feel so dismayed because i still have loads in miniature terms of weird pink clay left and didnt know what to do with it,0,sadness
i am feeling shaky all day too,4,fear
i was feeling nervous my hands felt shaky my heart was pounding,4,fear
i mean genuinely appreciate and show him how happy it made you when he did x and that it made you feel y he will want to keep doing things to make you happy,1,joy
i a bad person for feeling burdened by our relationship,0,sadness
i talked to him i tried not to ask about how he was feeling i was convinced that everyone would be asking him the same things and he was probably a bit sick of always talking about it,1,joy
when an alcoholic stood dribbling over a food counter,3,anger
i still have feelings after we broke up,0,sadness
i don t dispute that the theory has some applications i just feel that it is universalized too often and is especially abused in a culture that is accustomed to being able to control circumstances and produce a desired outcome hmmm what culture could i be referring to,0,sadness
i feel when that imperfection is shamed coerced or mocked,0,sadness
i finally realise the feeling of being hated and its after effects are so big,0,sadness
i do know how you feel if you re little apprehensive about offering your gold jewelry for your minimal more cash so i am gonna share what i found with regards to the process of selling gold jewellery for some revenue,4,fear
im feeling disillusioned with buying cheap mass produced clothes,0,sadness
i feel terrible and sexist whenever im in a group of women and they start talking about dieting and my brain automatically drops the t,0,sadness
i feel so thankful i found this fantastic series to be added in my favorite series all the time,1,joy
i know suicide is selfish but right now i feel like i am worthless and that in the long run it would be better for everybody else,0,sadness
i feel will be warmly welcomed on any floor,1,joy
i feel that core of the song the melody should be respected as well as the lyrics but the rest can be should be changed,1,joy
i feel that defeated feeling it moves on and i start hearing whisperings of hope and what if s,0,sadness
i feel a lot of shame in not having many romantic relationships in the past,2,love
i was just ungrateful and selfish for wanting a life or wanting something more or at least feeling valued and respected,1,joy
i was feeling when nick broke up with me over,0,sadness
i diss a bag only when i m feeling grouchy because of the lack of any inspiration whatsoever when it comes to fug bags but today i m not grouchy and it still sets me of which means this is a big deal,3,anger
i have a feeling the dragon will be back again the reason he became what he is now is also to protect the demons from being despised or harmed by humans,3,anger
i feel like that would be pretty cool,1,joy
i wonder if they feel like i do sometimes that all the joy of what we do is no longer as joyful because now it s based on research methods keynotes comparisons and appearances,1,joy
i feel honored and humbled by this turn of events,1,joy
i get the feeling that hes not impressed with me,4,fear
at the hypocrisy of some of my friends,3,anger
i start to feel unsure,4,fear
i look down feeling alone and wantig to be that way,0,sadness
i still feel a dull ache most of the time even when not running,0,sadness
im feeling pretty good but once at the bus stop i start yawning,1,joy
i am feeling lousy right now,0,sadness
i resorted to yesterday the post peak day of illness when i was still housebound but feeling agitated and peckish for brew a href http pics,4,fear
i really feel guilty about them any more,0,sadness
i feel assured thankk god,1,joy
i feel helpless and depending on the people closest to you,4,fear
i have days weeks when i feel a little deprived,0,sadness
i feel angry and i feel sad,3,anger
i believe i manged to tone it down here while retaining just enough flourish to make the suit feel special,1,joy
i feel the shift towards casual gaming as a whole is hurting rpgs and jrpgs especially because rpgs aren t games that non gamers think of playing,1,joy
i feel so fucked up from what happened on thursday,3,anger
i feel fearless when i am right,1,joy
i feel dissatisfied with the advances we ve made rather than this team stinks,3,anger
i feel can be even more dangerous though because when youre pouring all time into ministry it can be accompanied with self righteousness or self satisfaction,3,anger
i began to feel agitated slightly dizzy amp very hungry,4,fear
i think about the fact that as i was leaving jordan hospital feeling triumphant at the completion of my last radiation there was a horror story unfolding two states away,1,joy
i started back at work i have to admit that ive been feeling a little overwhelmed,4,fear
i feel like an idiot for looking a bunch of keys that weren t there and i m getting frantic about nick not letting me in for forgetting my keys,4,fear
is voice as usual is perfect but is like you know yomis voice can do better and you kind of feel frustrated because this song is not the best and doesnt highlight yomis voice properly,3,anger
i forgive myself that i have accepted and allowed myself to feel tortured by a headache,3,anger
i really feel like trying to be cute every day,1,joy
i have been having a really hard time feeling hopeful about much over the last few months,1,joy
i feel like an ungrateful ass,0,sadness
i feel discouraged that im never going to get on a good schedule because another big life change is going to happen again,0,sadness
i don t want him to feel disrespected or unloved,0,sadness
i feel passionate about people particularly those i love admire and respect,1,joy
i usually just feel aggravated with the unprofessional attitude of the rest of the cast,3,anger
i remember feeling shocked that he had called me religious,4,fear
i always feel boosted spiritually but totally drained physically,0,sadness
i feel offended by that statement,3,anger
i feel very alone in part because everyone has there opinion of what is going on or not going on and sometimes i feel that if i challenge those people they will be upset with me,0,sadness
im feeling awfully proud of myself for sticking to it,1,joy
i found working out of detroit specialized in christian literature lol im feeling a little grouchy tonight,3,anger
im pretty sure everyone left feeling festive,1,joy
i feel vulnerable as i did very much yesterday i cant say i felt a strong sense of self worth but maybe according to brown i could get better at accepting those vulnerable imperfect aspects of myself,4,fear
i feel charming today and dont really want to be a part of what im supposed to be a part of tonight,1,joy
i get the feeling the oilers are hesitant to count on him again after he missed so much time a year ago,4,fear
i wondered if that should make me feel cool,1,joy
i go to pt i feel like a defective bum,0,sadness
i feel can be blamed on the music,0,sadness
i still feel so honored that my friend would ask me to join her in this part of her journey,1,joy
i feel convinced that i am on the brink of something amazing,1,joy
i feel completely listless,0,sadness
i feel really pretty with this makeup haha,1,joy
i see you i feel so helpless,0,sadness
i feel miserable and even more alone,0,sadness
i feel all the effort was worthwhile,1,joy
i think the most common one that everyone has experienced is that doom and gloom feeling where you just feel like something tragic just happened,0,sadness
im working on a new project and i feel so productive,1,joy
i feel like i am that damaged can of corn with the big dent on the side and the label half torn off at the grocery store that is off that everyone pushes to the side and no one buys,0,sadness
i feel lethargic and overheated all the time,0,sadness
i did feel that the ending was fairly rushed and didnt provide the closure i was looking for but regardless this was historical fiction at its finest,3,anger
i feel that it is important to write about what happened to heal and i am sure there are many out there who need to see how someone deals with it all to find the strength to heal as well,1,joy
i feel so selfish wanting him home his help getting the girls to bed,3,anger
i always feel a little sad when he goes as we sorta have a ren and stimpy theme about us oil and water gemini and scorpio soulmate friends,0,sadness
i feel really good about all of these schools though i know some are long shots,1,joy
i do know that i am feeling fabulous and having more energy then i have had in a long time even if my clothes are still a little snug,1,joy
i feel uncertain about,4,fear
i dont even know all i know is that i feel like im getting fucked from behind,3,anger
i feel really bothered,3,anger
i tried it naked gardening and it feels lovely to have the sun on your back and to feel the plants while you are working in the borders,2,love
i feel artistic because theres a ad for a really nice slr digital camera on the side of my webpage and thats the only reason,1,joy
i wasnt actually a registered conference goer well i was in one dealing with sexual abuse in the gay community that kind of awoken some feelings i had repressed for a long time,0,sadness
im looking forward to feeling hopeful instead of hopeless,1,joy
im feeling just pretty rich,1,joy
i feel more irritable,3,anger
i feel that i helped to bring some happiness into the life of my troubled friend and to this day the zz top logo keychain hangs in my room and wherever he is i know that he s doing just fine cheers man,0,sadness
i feel like a stubborn year old,3,anger
im feeling too jaded and bitter to even bother to do a google search at this time aka tltg or too lazy to google,0,sadness
i remember feeling absolutely devastated when i heard that peach wasn t actually there to give me cake,0,sadness
i was feeling stubborn so when my friend said that i had to come to her if i wanted a hug i said well come halfway but no so i just walked off and shes leaving today,3,anger
i don t know how i feel i should be bothered,3,anger
i struggled with feelings of guilt as i took very gentle care of myself during my recovery and sometimes even now,2,love
ive started to delve deep into myself and evaluate everything that has made me feel insecure or unworthy,4,fear
i was also feeling anxious around some of the people sitting in the waiting area,4,fear
i feel i am back to my innocent and carefree self,1,joy
i feel my hands being weaved with yours such delicate intimacy being shared by the hands of two people who shares so much secret for the world to be mystified,2,love
i still feel like im damaged goods and that affects everything that i do in my life,0,sadness
i feel like i havent been taking enough risks and im not respected by my teacher because of it,1,joy
i feel a bit more confident about my kicking in karate and my diagonal cuts in kendo though much work remains,1,joy
i would picture that rock hitting that frog and it s body being carried downstream and i would feel ashamed,0,sadness
im feeling well in front of the computer and in my theory for me computer are for healthy kids,1,joy
i could have been cooped up in a motel feeling very depressed and alone until my flight home,0,sadness
i couldn t get the feeling of those people s suffering out of my body,0,sadness
i just feel guilty that he died outside my window whilst i slept and did nothing to help him,0,sadness
i feel so stressed out with family problems,0,sadness
ive been feeling immensely overwhelmed,4,fear
im feeling how char had blamed me of doing a few weeks ago,0,sadness
im feeling playful already,1,joy
i think for myself i feel everyone is greedy but in their own little ways whether that is going for the good or bad way thats another issue because usually you link both together but right now im trying to separate both issue separately so we can see the sole topic more cleary,3,anger
i feel annoyed that those who bought tickets and sat through the screening could even find distraction with such offensive scenes and sounds flashed before them,3,anger
i think even as christians our trust and assurance in the lord is weak when we feel the most helpless,4,fear
i feel relaxed merson said,1,joy
i feel strongly that this year the lord is calling me to grow in discipline this year and to be faithful with things he has put in front of me,2,love
i feel books are a vital aspect to our lives and will be for generations to come and this type of media will never diminish because of the enjoyment it beings to humans,1,joy
i see a family of swans i feel joyful and peaceful and blessed,1,joy
i didn t sleep well last night and i woke up feeling to borrow a wonderful phrase from a book i read rough as a badger s arse,1,joy
i was supremely happy i hear the first few notes or bars of the song and i feel the emotions and smell the fragrance of that happy time,1,joy
i feel excited for this episode,1,joy
i don t feel devastated,0,sadness
i think that however nice these people are they make you feel paranoid that you are doing something wrong,4,fear
i have to admit im not feeling thankful today wh,1,joy
i feel like im not welcomed here i just dont like blend in or something,1,joy
i was thankful for a slow sunday because i was not feeling so hot,2,love
i think that we must continue to seek each other s good even as we feel offended and to always look for ways to go lower and walk in the humility that jesus walked in,3,anger
i would love to hear from you so feel free to add your comments or to send me an email info wolfiewolfgang,1,joy
i went through everything you all have too and am feeling fantastic right now,1,joy
i list them out i feel pretty lame whining,0,sadness
i feel like half the time i just dont show affection and interest to anyone outside my little circle of comfort where a sincere response is guaranteed,1,joy
i just cant contain my joy but right now i feel troubled,0,sadness
i feel like doing or not doing its mind numbingly dull to debate the nuances of the women this and men that model,0,sadness
i feel paranoid like we just stepped into a private club where everyone knows each other and we are standing out like nudists at a suit convention,4,fear
i mean my feelings are always sincere i just think part of me tends to repress certain things in order to somehow lessen the blow that will eventually hit when the relationship ends,1,joy
i wanted was to feel accepted by you,1,joy
i find myself still feeling curious when i log into sl,4,fear
i feel glad and enthusiastic about the point of sand snorkeling,1,joy
i have a feeling that most of you have yet to hear about this tragic incident in our world history,0,sadness
i have this feeling whenever i write a song and if i think that the song has legs enough to be popular or for people to really respond to it i get this feeling,1,joy
i feel so discouraged and lose my sense of inspiration to keep going especially when i see people who do not give their best for the good of pb,0,sadness
i can sit here and say its a warm feeling that overcomes you and you feel reassured but that isnt good enough,1,joy
i feel so deeply honoured to be able to offer these activations and i have made extra times available for sessions after the full moon next week as we move into the dark moon and then build up to the eclipse a natural time of bringing what needs to be examined to the surface of our lives,1,joy
ive been feeling myself with a fake sense of purpose,0,sadness
ive just been told that i should feel more remorseful about the whole thing and that i should hang my head low for a long while because im pond scum,0,sadness
i kind of messed up the tips on the left hand but its a bit harder to stamp backwards and upside down but i feel that it still looks pretty cute or should i say delicate to me,1,joy
i talk a lot about feeling isolated,0,sadness
i was feeling pissed then,3,anger
i still feel like i am waiting in vain for your love,0,sadness
i feel like everything about me is defective and wrong and needs to be changed but when i change it the new thing is wrong too because its mine and therefore it must be wrong,0,sadness
i am feeling better though i still feel like passing out or tossing my cookies if im up for too long but theres definitely a light at the end of this tunnel,1,joy
i feel like doing something productive on this,1,joy
i spread my arms wide feeling the cold wind rushing past me feeling the rain hitting me and,3,anger
im feeling cool showing skin and feel like a woman should,1,joy
i feel like each kid left school this year with at least three pieces they were really proud of,1,joy
i have not seen any change in my appearance but i feel more energetic i am sure this is just mental,1,joy
ive grown as a mother and treasure my role in this family now whereas i used to second guess myself a lot and feel very unsure of my maternal skills,4,fear
i feel hesitant to tell them the truth about leaving the house to get the toy,4,fear
i didnt feel the need to photograph every temple or frantically scramble through sites in a vain effort to see it all or meticulously record every meal eaten over the course of ten days,0,sadness
i was so full and the great flavors helped keep me from feeling deprived,0,sadness
i end up feeling very rushed and exhausted by the time we sit down to eat and i don t take the time to really think about what i am thankful for much less take time express that to god,3,anger
i don t feel like i was deprived by not being able to,0,sadness
i feel homesick and it doesn,0,sadness
ive been cleaning the apartment trying to get life back in order after vacation and holiday mayhem and instead of feeling grumpy about it like i usually would i am feeling overwhelmingly blessed,3,anger
i feel like i cant do anything productive while hes home,1,joy
i take the offense that is most frightening to me when i am feeling the most vulnerable in close relationships with others and i draw that offense and all my frightful vulnerability into the love of god into the mercy seat that fills me full,4,fear
ive been feeling wonderful and am now enjoying little karate chops inside my abdomen on a regular basis that make my heart spin circles of joy,1,joy
i feel just a bit grouchy,3,anger
i feel groggy and want to crawl back into be with my cat and my book,0,sadness
i feel horny i feel horny anyone wanna see me,2,love
im feeling generous this morning i will share them with you,2,love
i feel hurt upset or angry about something,0,sadness
i am feeling a little dull this morning because we had a winetasting at our apartment yesterday to choose the wines for our wedding,0,sadness
i guess i made her feel unwelcome though i honestly didnt mean to,0,sadness
i feel i have no hope of supporting a family and purchasing a house in vancouver,2,love
i decide to take ill still feel ive resolved a win win situation,1,joy
i also feel less inhibited about interacting with them,0,sadness
i gained admission immediately after college so i feel i m of the privileged ones,1,joy
i haven t seen that side of him for a couple of years now that hes on some medications may be depression is genetic and thats why i feel so shitty all the time,0,sadness
i understand and feel for her pain neferet remains my most hated character in the house of night,3,anger
i just want the best for that boy maybe i can really stop feeling like im a heartless bitch,3,anger
i loved them more than anyone else and if i wanted them to feel valued and appreciated then i ought to give them better treatment than random dinner company right,1,joy
i would put them and their feelings before mine which is why i said it is mad,3,anger
when i found out that i had passed the last two exams by a margin of three marks,1,joy
i can t feel saddened or that i should just stop caring,2,love
im not sure i can go back to aussie festivals that make me appalled at the youth of today and make me feel glad to be old er and way more sensible,1,joy
i remember something about the artwork i spent hours with in school i feel smart and worthy,1,joy
i kuribayashi i had the feeling that had we met i would have liked him,2,love
i love it so much it adds just the right about of edge when im feeling rebellious,3,anger
i woke up feeling distraught,4,fear
i won t do any weights till i feel more lively,1,joy
i shall just sleep feeling pissed psssh,3,anger
i feel badly enough about myself and everything thats going on and some of these people that are supposed to be helping me arent particularly sympathetic,2,love
i asked how does the long grass feel he said this long grass feels lovely,2,love
i want to stop taking it one day but also feel terrified that lots of feelings of anxiety panic will come flooding back,4,fear
i could see that when i am angry with my coworker i am also in a moment where i do not trust the other person s intentions i do not feel respected or appreciated by that person,1,joy
i watch my friends going through changes and i feel envious,3,anger
im feeling glad that we got that first show out of the way and its in the rear view mirror,1,joy
i feel pretty blank right now and thats good,0,sadness
i really like it i feel so nostalgic watching decade as i remember a lot of the hesei kamen riders,2,love
i do find myself feeling anxious seeing what everyone else is doing and feeling that i am not up to part with my peers and or i am stagnate,4,fear
i believe most teenage girls feel like when they are influenced by the popular crowd and just want to fit in,1,joy
i have been feeling pleased with myself for being really healthy this pregnancy,1,joy
i feel miserable just reading about americas heat wave and i live in the always hot middle east,0,sadness
i began to kiss her again she slowly started lifting her head and feel suspicious,4,fear
i wiggle my toes to feel the cool sheets across my skin bringing awareness back into my body as i descend down from a dream state back into my bed,1,joy
i created my how to paint an owl e course with the intention of sharing the simple shape templates that i use to start my own owls so that others could easily create their own and not feel afraid to start on a blank canvas,4,fear
i can t help but feel appreciative of artists who produce such quality work,1,joy
i feel sooooooooper vain taking pics of myself for the last hour,0,sadness
i have to be honest with a grandmother that passed away at i dread the idea that if i die young i wont get to do all of these things i really feel passionate about,2,love
i feel distraught as ever,4,fear
i feel the wrapping of the gift is almost as important as the gift itself,1,joy
im feeling awkward every time i start a photoshoot,0,sadness
i am unable to conclude what kind of person i consider myself i can say feeling guilty and uncertain helps me to realize some of my flaws so hopefully i can move forward in my life to think about situations and my words more thoroughly before acting,0,sadness
i feel stupid dumb and unwanted,0,sadness
im still feeling needy and what my human family cannot possibly give me i am looking elsewhere,0,sadness
i don t recommend carrying around handfuls of gold jewelry in your backpacks or having it on your person i do think that a few key pieces of fun jewelry are necessary to keep you looking and feeling cute on the road,1,joy
i couldnt help feeling charmed and amused,1,joy
i have come to a place in my life where i feel having a romantic partner is unnecessary,2,love
i feel like an idiotic twat for some of the things i have written in the past and for some of the things i have advertised having done,0,sadness
day i received my te score and acceptance into my chosen course,1,joy
i was feeling really frantic i knew i had to find james there too,4,fear
ive just come back from work and now im not in again saturday so im going to spend my time playing some games and tidying up the flat a bit its nice to just feel relaxed and in control for a change,1,joy
im always open to suggestions so please feel free to email me,1,joy
i found that the price of staying and feeling gorgeous has sky rocketed so i decided to take my own personal experiences and use them to give fellow students and other people on a budget a helping hand,1,joy
i feel that the video was a clever harsh striking and much needed parody satire on the current state of hip hop,1,joy
i am totally enamoured with this dress it is so flowy and lovely perfect for a warm summer day it feels really romantic and springy and i am so so excited to show you all,2,love
i have good camwhore skill thanks to instagram and pudding which is anotehr super popular social apps to post all your vain picture without feeling vain because others will do the same so ftw,0,sadness
i have started this journal because i feel like a bunch of unfortunate and seemingly random things happen to me and i would like to keep track of them,0,sadness
when the paramilitary was sent to the unza and it started using tear gas and started intimidating the students without any provocation,3,anger
i know other musicians who feel punished for being gone nagged guilt tripped,0,sadness
i am so pissed now lol screaming silently baby sleep beside me well thats that and tody is another day and i feel like being petty,3,anger
