text,label,label_desc,translation,MetricX24_Raw,MetricX24_Scaled_BATAYAN
i fallen in a dark place i feel like i always been this way how do i look on the brighter side of thing how do i get thru being miserable everyday i feel like if i m in a place too long i get depressed n sad i m constantly on the run no one understands me i feel i keep alot to my self i feel like i m exploding i feel there s no hope i wan na stay in a bed n not get up or go out or do anything anymore how do i cope what do i do i wan na feel normal i wan na shake the feeling i don t wan na be medicated i need the cure of another human being actually caring about my wellness i need a therapist but i can find help so i m here looking for help,0,sadness,"Nbgksak ako s isang mdim na lugar, prg lgi n kng ganito. Pno ko mkikita ang ms mliwanag na pnig ng mga bgy? Pno ako mkaklusot sa araw-araw na pghirap? Prg kpag mtlgl ako s isang lugar, nlngkot at nbgbgo ako. Lgi akong tmtkas, wlng nkakaunda sa akin. Prg mrrlng itinatago ako sa aking sbr, prg paputok na ako. Prg",1.219353199005127,95.12258720397948
"Just a vent. Starting new medication so I believe that is the trigger to this paralyzing anxiety, as my old coping mechanisms do not seem to be working, like they normally do. Oh well this too shall pass. Anxiety attacks suck",0,sadness,"bsta pglabas lng ng sm ng loob. Nagsisimula kng uminom ng bgo gmot kaya srpo ito ang dhln ng nakakprng anxity na narrmdmn ko, dhil ang dti kong prwn ng pahwk dito ay tila hndi n gmgna gaya ng dti. Ah, bhalna na, ito rn ay mgllh. Ang mga anxity attacks ay tlng nakknis.",0.1424945592880249,99.4300217628479
i was devestated would be a grave disservice to my feelings as i can never recall being quite so heartbroken again in my life,0,sadness,"Lubos kng nasiraan ng loob, at sbhn nlng na ""devastate"" ay isang malaking kawlan ng pggaalang sa aking nrmdaman dahil hindi ko na mmlt na mrmdaman ang gntong sakit ng puso muli sa buhay ko.",-0.2553678750991821,100.0
"My depression has made it so that trying to finish everything before I start college in the fall extremely difficult. I have been having so much anxiety about finishing forms and the like that I have been putting them off, especially since I am having trouble doing them because I do not understand what to do. I had to submit a picture of my driver's license to the tuitions office by June 30th. I did not know there was a deadline and missed it, so I will not be considered for in state tuition meaning I will be paying thousands more. I really do not know what to do. I am crying because I am such an idiot and now I am going to have to pay more when I can hardly afford tuition in the first place. I submitted it anyways in hopes they will maybe accept it but I doubt it. I cannot believe I did this. I really fucked up.",0,sadness,"Ang depresyon ko ang dahilan kung bakt nkahirap tpusin ang lahat b4 mgsimula ang kolehiyo sa tgls. Npakdami kong kaba tg patapsing ng mga papeles at iba pa kaya invasin ko sila, lalo na dahil nhihirapan akong gawin dhil hindi ko alm kung ano ang dapat gawin. Klnngn kong i-submit ang larawan ng aking driver's license sa tanggapan ng pamantasan b4 Hunyo 30, hindi ko alm na my deadline at nmss ko ito,",1.251373529434204,94.99450588226318
tw for self harm abuse and suicide for the past year i ve suffered with severe depression from family genetics and other issue a a young kid death wasn t really my first thought it just kind of started appearing after a bit when i wa in middle school my close friend sexually assaulted and abused me for a year and a half they also psychologically manipulated me and abused me in way that i m shocked they got away with i have made around failed suicide attempt in my life time only one ha been severe enough to end up in a hospital because i told people but realistically there s several more that i should have been taken to a hospital for a they probably fucked up some stuff internally i form really strong and probably toxic bond with people to the point where if i think i will be left i try so hard to keep them around that it can be overbearing i ve gone to therapy since i wa in elementary school and i ve done dbt and cbt intensively i have definitely gotten better but the fact that any time someone leaf me i feel so distraught that killing myself feel like the only option my partner and i broke up at the end of january and it ha more or le destroyed me i lost my virginity to them and the breakup came out of the blue they said we could start talking again when they felt like it so i have left them alone i wa being weird about saying hi so i tried to do that some more and i wa feeling better about moving on and staying friend in the future i really haven t been feeling better i still wanted to die but i wa managing it pretty well on monday at midnight they sent a text saying they wanted to give me closure and that they never actually wanted any sort of relationship after and oops sorry about the confusion i m not sure why they sent that we haven t spoken in almost month there ha been no communication and i only told two people how i wa secretly hoping thing could be patched up everyone else who asked i had just said hopefully we can remain friend in the future i know not everyone want to stay friend but they were the one who proposed it that sent me on a spiral i broke month of self harm ripped off my fingernail in stress and haven t eaten correctly since realistically if this is going to be my response to every breakup or conflict how can i keep living like this i don t want to end my own life since a th failed attempt would be embarrassing but i also don t want to be here anymore everyone tell me that in a few month i get to move to my dream town so it ll be fine but really i don t care about that i can t handle the pain now and knowing i ll have to have it possibly many more time is excruciating i feel like i could have been a success story but realistically if it s been so long and i ve only barely gotten better then what s the point i m trying my hardest to find reason to live right now but i don t have much to care about,0,sadness,"Para sa sarili kong pinsala, pang-aabuso, at pagpapakamatay sa nakalipas na isang taon, nagdusa ako ng malubhang depresyon mula sa genetika ng pamilya at iba pang mga isyu. Bilang isang batang bata, ang kamatayan ay hindi talaga ang aking unang iniisip, ito ay parang unti-unting lumitaw pagkatapos ng ilang panahon nang ako ay nasa paaralang sekondarya, ang aking malapit na kaibigan ay sekswal na nag-abuso at nag-abuso sa akin nang isang ta",1.2807035446166992,94.8771858215332
"every day is harder and harder and I am not sure how much more i can take. I am trying so hard to just fucking get up in the morning and sometimes i cannot even do that. I am forgetting to eat, staying up till 3 am, i havnt showered in 3 fucking days, i just want things to feel ok again but nothing ever does. I am in therapy and I am on antidepressants which are working bc I am def better than i used to be but nothing seems worth it anymore. i just want to fucking die. i want to die",0,sadness,"araw-arw mhirap, d ko alm kng magkano p tiisin. Pinilit bumngon umaga, minsan d kaya. Klumtan kumain, gising alas tres, d naligo tatlong araw, gusto maayos lhat, wl nggbago. Nkikpag-usap thrpst, kumakain gmot depresyon, tumutulong, mbuti kysa dati.",1.291400909423828,94.83439636230467
i think i m royally screwed up and heading down a one way street to crazy town but because i ve recently come to realize that things about my past affect how i am today even when i don t realize it and even when i don t feel damaged,0,sadness,"Akla ko lubos nabigo, tnggo s isang dn patungo pagkabliw. Kmnt lng nptnt nng mga bgy ttg sa aking nkaaraan kkapekto skn nwn, hnd ko nmalamn, hnd ko nraramdman lng pinsala.",-0.2787435054779053,100.0
life is so much pain and it get worse every year everytime i make a step forward life fuck me stepps back i just wish i could do it now today i don t even care anymore that my mom will be sad i never asked to be born in the first place should i do it end my life end this pain,0,sadness,"ang byf ay pno ng skt lgl mlal ng btaon, bta hakbang na akng gnawa, pblk ako sa smla. sna mgwa ko na t, hndi ko na iniisip ang klngktan ng akng ina. hndi ako hlmg na islng, dpat ko bang gnawin t, wakasan ang byf ko, tspn ang skt na t.",1.1439746618270874,95.42410135269164
"I need it but I do not want it.. idk what to do about it.I was on a funeral recently and it just broke me even more.The consistent pain I feel is something that is slowly getting worse and harder to ignore/work withAnd yet at the same time I am too scared to just end it or seek helpI know online tests are not really perfect or whatever but no matter what tests how many questions or how many tests it always comes down to severe depression, anxiety disorders and borderline.. I do not know what to do anymore I want to break free of this body and this shit show of a life.The last time I stood on my balcony at night I walked up to the railing and just thought how it would feel to finally jump mid thought I just broke down and grabbed that railing as hard as I could and started crying cuz I could not do it.Everything is going down a shit hole. I started with self harm again even though it is just scratching or using a screwdriver really hard.I just do not want to be here anymore. I do not even live at home but I want to run away somewhere nice... I do not even need a life there I just want to run away to a nice place and maybe end it or just chill I cannot even decide between that.. I am so fucking broken I need help, but...",0,sadness,"kailangan ko ito nmn ayw ko nito... dko alm kung ano gagawin. ngpunta ako s isang libing kmyln at lgn ito nagpabagsak sakin. ang patuloy na sakit nramdaman ko ay unti-unting lmlala at mas hrap balewalain o harapin. nmn sa parehong oras, natatakot akong tapusin ito o hngi ng tulong. alm kong d perpekto ang mga online na pagsusulit, ngunit anuman ang pagsusulit, gaano man karami ang mga",1.2947397232055664,94.82104110717772
"Okay, I do not know where to start and it is going to be pretty unorganised. And I cannot completely express myself, so most of it is going to end up in my mind again ig, I not sure.I am introvert, antisocial, athiest , logical etc and this personality was not expected by my parents and people around me. they always have been forcing me to change my personality. I want to explain them so hard and with that rage , you know , so that they feel it ig , that let me be what I want and instead of scolding me everyday , shouting and wasting your time , just do not force me to change my personality. I can understand why they want to do that , people here , all neighbours , judge a lot, and they are going to make your life harder in a society if you are not what they wanted, and I have to pretend , which is not enough and always end up getting teased by those extroverts. I want to tell them idgaf about you , I do not want to talk to you, but I cannot.Most of the times especially at the night when I am about to sleep, I start reviewing my day and explain to myself and correct what mistakes people around me made , how stupidly wrong they were , it is not like I am correct, but I do not even have a chance of debate and those people are always wrong. Their comments are always homophobic , sexist, illogical , and it is also about me sometimes, which are generally misleading and wrong, even of my parents , they scold me for wrong reasons most of the time and the explanation I have , which might have / will change their mind ends up in my mind.it is not just about home , even in school , I am so shy , I am not able to answer anything or justify myself and end up getting scolded for reasons I was not supposed to.Some people might say just speak what is on your mind , how hard is it? , Damn it is hard for me , and I am not sure why , everytime I take a long breath to talk , I end up exhaling it and not talk anything. I seriously forget words , it is like blood instead of rushing to my brain, is rushing to my legs and arms and asking me for flight than fight. So most of the times I am like , I cannot do anything now , I do not care , I will just move on, but at night I realise how it is going to affect my life and I am like why did not I do that, why did not I say that and get depressed everytime. I am sure that I am going to struggle my entire life and end up destroying opportunities and just imagine how my life would have been better. I am lonely , never been in a relationship and have few online friends which is another source of depression and there are more things . Sorry if I have been just repeating topics also it was not as interesting and thank you if you read all of this . Idk why am I sharing this , idc about upvotes, It is just like when I am explaining about how wrong people were about the concepts , to myself, which does makes me somewhat happy ig ,but I end up in depression again , bc that is not going to happen. It always ends up in my mind.",0,sadness,"Sige, hndi ko alm kung saan mgsimul at mgiging medyo hindi org. ito. At hndi ko lubos msalin ang akng sarili, kaya karmn ay babalik sa akng ispan ulit siguro, hndi ko sigurado. Ako ay introvert, antisocial, atheist, lohikal atbp., at hndi inaasahan ng akng mga magulang at mga tao sa paligid ko ang ganitong personalidad. Lagi silang nagpupilit na bguhin ang akng pagkatao. Gusto kong ipaliwanag",1.028647780418396,95.88540887832642
i can t cope with being alone again why am i so envious of my closest friend being happy with others while i am here by myself heartbroken and given delusion that i have an actual special relationship with her you told me that i wa your closest friend but why don t you treat me like one why do you look happier when you re with others why do you always make me look like a fool when i show my affection but appreciate any other person when they show theirs i ve always helped you at you at your lowest but why did you give up on me at my lowest there s so much that i want to ask her but i would look pathetic if i do you always tell me in person that i am important to you but why don t you want to spend time with me like the way we used to how can i get used to being alone again it s like i m being choked then allowed to breathe for a second just to get choked again right after my envy won t let me go i still want her i am still hoping i could fix this i want to be happy too but now nobody care if i show sadness i ll be seen a weak why do others get loved and have dependable people with them while i am left alone trying to find answer from people that are lonely too may i ask how can i depend on solely myself again i need to learn how i opened myself too much and now i feel like a husk with everything taken out from me i would not commit suicide but i have no fear of death now if it mean taking away these thought away from me once and for all,0,sadness,"hndi ko kng harapn ngng-iisa mli. bkit ako nkarupok ngg ngg sa kng pinakmlpt n kbg n masaya kmpas ng iba hmb i, ng-isa, nasakt, nbghni sa pnniwala na my spsyal rlnn kmi sa knya. sbi mo sa kin na ako ng yr pinakmlpt n kbg, nngit hindi mo ako tratuhin bls isa? bkit mas masaya ka kpag kmpas mo ng iba? b",1.3964475393295288,94.41420984268188
"TW. suicide, death Unintentionally. Backstory, I have been on SSRIs for almost 2 years and never skipped a dose. Yesterday however was the first time. I was feeling relatively normal that morning, but as I went out with friends in the afternoon, I remember feeling... a bit glum. I totally forgot I have not taken my meds, so I thought it was just one of those off days. All I can think of that time when I was with them, however, was I felt out of place. My friends were not even talking to me that I felt even more miserable. Granted that anyone would feel the same, I chalked it up to me being timid and not engaging in the conversation. But on that afternoon, I just felt like I was intruding on a somewhat closed space that I was not allowed in. My laughter felt forced and I was not enjoying myself. I almost wanted to cry that my best friend was a little awkward around me that I knew something was wrong and it was because me. I felt like I was a defective pos and that I deserve what I am feeling because I am sick and I am never getting better. I cried that night and thought of committing suicide again. I had tons of suicidal thoughts when my dog got sick and died (I cannot handle grief very much) and it has been 3 months since then. Last night was so downright depressing, I felt like someone died in my family again. I live alone and I cannot trust myself to make decisions when I am horribly depressed, so I decided to go to sleep to maybe cleanse the feelings away. This morning, my family called and asked me what I was doing. They asked if I took my meds. I counted the ones that were left, and knew right then: yesterday, I did not. I got scolded for a while, but it was okay. I took my meds then and placebo or not, I feel a lot better. But still, I kind of realize that I might forever be on SSRIs. A day of not being on it just does things to my brain that I cannot explain. TLDR. Skipped my meds accidentally, got too depressed I wanted to commit suicide. Reminded to take them the next day, felt better (placebo or not, who knows). do not skip your meds, kids. I skipped a dose of antidepressants and it was horrible.",0,sadness,"Nakalimutan kong kumain ng gamot ko kahapon, at dahil doon, sobrang nalungkot ako at nais kong magpakamatay. Naalala nila ako kinabukasan na uminom ng gamot, at kahit placebo man o hindi, mas mabuti na ako. Huwag kalimutan ang inyong gamot, mga bata. Nakalimutan ko ang isang dosis ng antidepressant at sobrang masama iyon.

Revised: nkalimutan k kumain ng gmot ko khap, dhil dn, sobrang lungkot ako, na",0.2217287421226501,99.1130850315094
"Things do not happen for me. I am so tired of being a loser. How the fuck do i suck at everything so much? Is my life just going to be a grind to make things get going for me, only that nothing is going for me no matter how hard i try.",0,sadness,"Hindi nngyary ang mga bya para sakin. Npdg na ako sa pgng ysa talo. Pano ako gnito kbilis na nbigo sa lht? Mggng pghiprap ba ang bya ko ppr gumana ang mga bya para sakin, kundi wala nmng nngyry kahit gno ako mgsikap?",0.1869918704032898,99.25203251838684
i didnt want to feel humiliated and was beginning to regret my decision to stay,0,sadness,ayw kong mrdamn ang khihiyan t nagsisimula nang pgssisihan ang akng desisyon na mnti.,-0.2851315140724182,100.0
i feel like i have to pay a fee for my broke heart,0,sadness,prng mbyd dw ng pgpglng ng isang nsrng pso.,-0.3079160451889038,100.0
pikuprogram it s still jojo the depression hit me again like a truck,0,sadness,"pikuprgm, ndyan p rin si Jojo, bbalik lng dprs n q prang trak na tumma.",1.1631087064743042,95.34756517410278
i feel horrible they wrote again and again personifying an act they were not the cause of it was their progeny who should be genuflecting at her the wronged woman s feet,0,sadness,"napakasakit, paulit-ulit nla isinulat prang sln ang may sala, sntnla hindi sln ang dhln. Dapat pala ang lrng anak hngi ng tawad s bbag nasakt.",0.8622605800628662,96.55095767974854
i ran out of ativan and have been waiting for my refill i also didn t understand the danger of taking it until now i can t really remember how long of a period i wa taking it i ve been prescribed 0 which i take of them every night to fall asleep i am sure i have had break because once my prescription run out i normally take some herbal stuff my question is i am day without ativan do i just quit cold turkey or keep taking it goal is not to be taking ativan anymore,0,sadness,"Nauubos na ang ativan ko, naghihintay refill. Hindi lubos na naunawaan panganib nito. Hindi matandaan kung gaano katagal kinuha. Inireseta 0 kinukuha bawat gabi matulog. Sigurado may pagkakataon tumigil dahil reseta nauubos, gumagamit herbal. Katanungan ko, araw wala ativan",1.1723601818084717,95.31055927276611
i remember feeling so lonely as a child in my room even though i had a lot of toys to keep me occupied,0,sadness,nalala ko ang pakiramdam ng pagngiisa noong bta pa ako sa aking slid kht mn rami akng lruan pprntnng abala ako.,0.9204568266868592,96.31817269325256
i am year old and 9 pound and for the past few day i ve been having this weird chest pain it s right in the center of my chest kind of lower tho like in between my breast and it feel like a dull ache discomfort feeling it s not burning at all and doesn t hurt a lot but it feel strange like a little ache with some tightness it only last le than a minute but happens about three time a day it happens when i m sitting down and it happened this morning when i wa laying in bed about to get up i suffer from bad health anxiety and am scared that this is angina based on what i ve heard about it and there is something wrong with my heart i had holter monitor and ecg s in the past that came out normal but im scared thing changed from there this keep happening and i m so scared,0,sadness,"20 yrs old, 9lbs, past few dys, feel strnge chest pain. Mid chest, lowr, btwn ribs, faint, uncomfy. Nt burning, nt v painful, jst odd, smll hardness. Lasting only a few mins.


Modified: 20yrs, 9lbs, past f w dys, strnge chest pain. Mid-chest, lowr, btwn ribs, faint, uncomfy. Nt burning, nt v painful, jst odd, smll hardness. Lasts few mins.",1.0801628828048706,95.67934846878052
anyone else get so distracted by so much around you that you just put off everything i ve been taking zoloft and literally since i ve taken it i ve been so unorganized it s hard for me to keep my room clean i have a bunch of appointment i have to make but keep forgetting to i have a credit card that i need to start using to build my credit but i haven t even read on it yet or gotten it activated i wan na travel and do all of this stuff i ve just been so tired i have so much to keep up with and the anxiety make me nervous to even go to appointment i need to go to the g i doc the breast cancer doc the dentist the gyno all of this stuff i need help getting organized i used to be so organized and now i feel like i m not at all,0,sadness,"myron bng iba ndistract s sobra s paligid kaya inwan ln lahat? Mlnng uminom ako ng Zoloft, tlga ndi na ako maayos. Hrp pntlihing mlns ang kwrto ko, mrami akong aptmnt na dapat gawin pero nkakalimutan ko. My crddt card kng dapat gamitin pr sa my crddt rtng pero ndi ko pa nabsa o na-activate. Gst kong mglakbay at gwn ln tto pero sobrng pagd. Mrami akong dapat",1.158448338508606,95.36620664596558
depression wont find me anymore http t co mj w9psbln,0,sadness,hndi n ak mahapn ng depresyon. https://t.co/mjw9psbln,1.1535613536834717,95.38575458526611
i feel so helpless yet so motivated to do something,0,sadness,naramdamn kng lubos n walang mgwa ngunit puno ng pagnnsys na gumawa ng sng bgy.,0.4088650941848755,98.3645396232605
everytime i think of any sort of injury or blood i feel so faint and almost puke how can i stop this feeling and calm myself down doe anyone else get this no graphic story please,0,sadness,"Tuwing iniisip ko ang anumang uri ng sugat o dugo, nararamdaman kong parang malulunod at halos mawalan ng gana. Paano ko matatapos itong pakiramdman at mapakalma ang sarili ko? Mayroon bang iba na nakakaranas nito? Walang bastos na kwento, pakiusap.",1.249751091003418,95.00099563598631
"So embarrassed to say, everything is going wrong mentally, libido has now gone down loads and yesterday I lost an erection (I am hoping it is just due to how hot it was as I was dripping in sweat and I was alone) . Utterly embarrassed, ashamed and a joke of a man. Literally close to tears because of how low I have felt and this has tipped the iceberg.Not on any meds btw Having depressed feelings, now lost my libido. Nothing is going right",0,sadness,"Napakahiya kong sabihin, lht ay ml sa aking ispn, bmbn hst ang aking gna at kpn ay nwl n ako ng ereksiyon (sny dhl lng sa init dhl pwss na pwss ako at ngis). Lbus akong nhhiya, ngsssi at prang biro n lng ako bilang lkl. halos umyk na ako dhl sa kabbn ng aking pkramdam at to ang nbgsk ng lht. Hindi ako ggmgt ng gmot, my mga nrrmdaman akong",0.2117978036403656,99.15280878543854
god i feel so constantly out of place i feel like i m always being bothered and anxious i hate it i just want to be alone i would give anything if i could do online again i just feel so anxious and sad at school even with my own friend i just would give anything if i could be by myself i hate it so bad it s so cold and desolate,0,sadness,"DIyOS ko, lg ag kong nadrama na hindi nabagay, prg lg akong inaistorbo at kinakabahan, ayoko nito, gusto ko lng mag-isa, kht ano'y ibibigay ko kung mkakabalik ako sa pag-aaral online, sobrang kinakabahan at malungkot ako sa paaralan kht kasama ko ang mga kaibigan ko, kht ano'y ibibigay ko kung makapag-iisa lng ako, ayoko nito ng sobra, sobrang lamig at walang buhay.",1.1679871082305908,95.32805156707764
I went to sleep at a reasonable time and slept for almost nine hours. I was actually happy. We took a walk on the beach. I had no fear of the future for once.Then I came home this evening. It all came crashing down on me. I cannot sleep. I want to cry but I cannot. I want to scream at the world but I do not want to wake the people in the next room since they are the ones letting me live here (probably best to be civil towards them lol).Guess I will just... I do not know. I visited a friend for a night.,0,sadness,"natulog ako ng maaga at nakatulog ng halos 9hrs. Talagang masaya ako noon. Naglakad kami sa dalampasigan. Wala akong takot sa hinaharap. Pagdating ko pauwi ngayong gabi, lahat ay bumagsak sa akin. Hindi ako makatulog. Gusto kong umiyak pero hindi ko kaya. Gusto kong sumigaw sa mundo pero ayaw kong gisingin ang mga tao sa tabi dahil sila ang nagpapahintulot sa akin na manirahan dito.",0.2401092052459716,99.03956317901611
i crossed the line targeting the developer more than the game and hurting feelings that didn t need to be hurt,0,sadness,"tinwid ko ng ln, ntwn sa pg-atk sa devlr kysa sa lro, t nasaktng mga dmndmn ng hindi dpt msktn.",0.8745508193969727,96.50179672241212
"it is really easy, I have a lot of love to give but none to myself. If I do not love another it will be wasted. So I spend it all on others so maybe they will love me back and in turn I will feel loved. I cannot do it, I have tried this self love business. Self love is not easy as I have never been loved, not by the ones that were suppose to love me. They sparked this fire of self hate in me when I was a young child. Their hurtful words have become my own. It is not their voices I hear anymore but my mine, god she is a bitch a right fucking cow. Loud and mean always got something smart to say. I tried saying something nice to myself but it sounds strange and really fake. So I am on rollercoaster of always healing, but never healing. The good days are scarce and the bad days feel like a long winter night and I am locked out of the house. I feel so alone in this. I close my eyes and think if bear it all if I hold on for a little longer, maybe I will be saved. Maybe who knows I will be among the lucky ones who is plucked from the crowd by a saviour. Oh god even writing that did not make me believe it. How can you truly love someone else if you cannot even love yourself?",0,sadness,"Talagang madali yon, maraming pagmamahal ang mbibigay ko ngunit wala sa akin. Kung hindi ko mmamhalin ang iba, sayang yon. Kaya ggugol ko lhat sa kanila sana mhalin nila ako pabalik at sa gayon ay mramdaman ko ang pagmamahal. Hindi ko kaya, subukan ko na ang pagmamahal sa sarili. Hindi madali ang pagmamahal sa sarili dahil hindi ako mmahal, hindi ng mga dapat sana ay mmahal sa akin. Nag-udyok sila ng apoy ng pagkapoot.",1.2260764837265017,95.095694065094
i have this sort of feeling like an emotional undercurrent that im waking up in a sort of spiritual inner heart kind of way,0,sadness,"mayroon k ganitong pkiramdam, prang emosiynl na ln na ngigising ako s isang uri ng spirutwl na pag-unawa s aking puso.",0.8976990580558777,96.40920376777648
hi everyone i m new to this sub and am just seeking advice support this weekend i entered into a huge depressive episode after not having one for many month i struggle with depression anxiety and ocd but it s been getting better a i ve built a routine and stuff like that this week though i had some personal issue one of which wa feeling heartbroken by a very manipulative ex and trying to get myself out of that rut the other is having to move back to my college town i am from a large city that i feel very much at home in and at college i have literally no friend and hate the small town where it s located it feel toxic for me and i never know what to do with myself i never go out and mostly just sleep to pas time today i had a particularly hard time going back cried my eye out began to feel this raw sense of loneliness and longing had trouble saying goodbye to family etc with my anxiety i also struggle with being worried that my family will die before we see each other next which is a whole other issue but it doe complicate thing can anyone help and provide some advice i do go to therapy and am not open to taking medication right now mostly i m just wondering what people do when they feel these profoundly heavy episode since it s been a while for me what is your go to activity how do you take care of yourself and get back on your foot any tip for detoxing from the internet social medium i think this might trigger me to think about my ex and stuff thank you and sending love to all,0,sadness,"kusta s inyng lht, bgo lng ako dto s sub n ghahanap lng ng pyao t sporta. Ngang weekend n to, nranasan ko ng isang lkg depressive episode mtapos hindi mrnasan ito nang mryng buwan. Naghihirap ako sa depresyon, anxiety, t OCD, ngunit unti-unting gumaling dahil sa itinatag kong rutina at iba pa. Ngunit ngayong linggo, nranasan ko ng ilang prsonl na prblma, isa na rito ang pagkabigo dahil sa isang na",1.1237953901290894,95.50481843948364
my spouse say they are a highly sensitive person based on some reading that they have done they re also a mental health professional so they may not be jumping to conclusion too soon but i have some concern they have a lot of mood swing low self esteem and self confidence when they re not working they re almost always doom scrolling on instagram they have no interest in outdoor activity and they re also easily affected by the issue of client they see a a part of their job i see all this and tell them that they may need to see a therapist themselves because i had similar symptom and got mental health help myself but i m almost always met with a snappy response saying that they re just highly sensitive and don t see the need for therapy thought anyone,0,sadness,"Sinbi ng akng aswa na sl ay sgtng mataas sng sensibilidad baty s ln nabsa nla, at dhil sl rn s prfesyonal s kalusgng ngsip, bka hndi sl agd mg-cndclde ng mga bgy-bgy. Ngt may mga alrnhn ako dhil mldas silang mgkrrn ng pgbgbgo ng emosyn, mbang pagphvla sa srf at tlw sa sr. Kpag hndi sl ngtrbaho, h",1.2303078174591064,95.07876873016356
i figure that if i do enough radio appearances it increases the chance that i ll get good at it someday but in anticipation it feels as though i m doomed to the eternal repetition of the futile,0,sadness,"akala ko, kung mgkakaroon ako ng sapat na mga pgttanghal sa radyo, tataas ang tsansa na magaling ako noon o kaya'y sa hinarap, ngunit habang inaasahan ito, parang nabibilanggo ako sa walang hanggang pag-ulit ng walang kabuluhan.",0.3821999430656433,98.47120022773744
Idek what the F to fo anymore I randomly start crying throughout the day and I am always in bed. I get 10 sec of happiness each day randomly and that is it. Any advice? I wake up sad everyday and I HATE IT,0,sadness,Hindi ko alm kung ano ang gagawin ko. Bgl akong umyyk sa bng araw at lgi akong nkakulong sa kama. My 10 sndo lng akong nraramdaman ang sy araw-araw at yon na yon. May payo ka ba? Gmgsising ako na malungkot araw-araw at AYAW KO NIYAN.,0.1895689666271209,99.24172413349152
Just know you are not alone. Thinking of all of you. Keep fighting guys To anybody feeling like complete shit today,0,sadness,"alm mo lng na hndi ka ng-isa. iniisip kita lht. mgpatuloy sa paglban, mga kaibigan. para sa sinumang nrarmdaman ang gntong kalungkot nwn.",0.1442930102348327,99.42282795906068
i cant help but feel somehow he was punished in heather mills divorce settlement he is he does have a good sense of hum,0,sadness,"nd ko mpigln ng pkiramdm n s paghihiwalay nya k Heather Mills, prang sya ng pinarusahan. Ttoo nm, my mbtng sntido ng hmrr sya.",0.8897366523742676,96.44105339050292
i feel like my heart broke telling my children a href http twitter,0,sadness,prng nbgs ang pso ko nng sbin s mg anak.,1.3765000104904177,94.49399995803832
"I do not even know where to start.. Or even what to say, I am that overwhelmed by what I have been feeling the past 2 weeks, I am at my lowest point I have ever been, cannot go 10 minutes without crying, cannot get out of bed, cannot sleep (averaging 2-3 hours a day, with sedatives from my psychiatrist), I just want this damn pain to end, I cannot keep living like this, I do not have the power to keep putting that damn fake smile on, and there is not one person I have in my whole life I can talk to about this, they do not understand how frustrating and agonizing it is living like this, and the only person that made me fell wanted, ever, does not want anything to do with me anymore, and I do not blame her, I am too much even for myself, I should not even try to be in a relationship, I am not well enough, or at all, and after countless therapy sessions and pills, I do not think I will ever be.I do not want to end it, but living like this.. Man.. I do not wish this on my worst enemy Wish this would end",0,sadness,"hndi ko alm kung saan mgsimula... O kahit ano pang sbsbn, sobrang nababalot ako ng naramdaman ko sa nakalipas na dalawang lgo, nasa pinakmababang punto ako na naranasan ko, hndi ko kyng mag-isa nang sampung minuto nang hndi umiiyak, hndi ko kyng bngon sa kama, hndi ko kyng mtlog (avg ng dalawa hanggang tatlong oras kada araw, kasama ang sedatives mula sa aking psychiatrist), gusto ko lng itong sakit na ito ay matapos na",1.0244157314300537,95.9023370742798
"I have been on various antidepressants for over a decade now (since i was 13) and cannot remember what a life without them ever feels like. i have diagnosed GAD and depression and have only recently started considering the negative effects that medication may be contributing to my life: chronic fatigue, lack of excitement or motivation, lowered libido etc...over this entire time I have been in therapy (CBT, talk therapy, somatic) and have accrued some new skills.I am incredibly intrigued by what i could be like without medication but am also absolutely terrified about what that could look like given my diagnosis and family history.what have your experiences been going off medication and instead using natural or lifestyle changes to deal with your diagnosed mental illness? what is your experience being unmedicated after being on anti depressants?",0,sadness,"mtagl ko ng gnmit ng brtng gmot pr sd prsyon hgt sng dkdda na (mlnng ako y 13) t nd k na mtnndn kng nno ng pkrms ng byf nang wl y. Myrn kng tngrngd GAD t prsyon t kmkln lng k lng ngsmng islng-alangng ng mga ngtv epekto ng mgt s kng byf: tlmak ng pgdd, kkulngn ng klg o mtbn,",0.9599393010139464,96.1602427959442
i hope to make blood clots feel unwelcome in my body in any way possible as one of my new years resolutions,0,sadness,sana mbsn ko ng dgo na mgkakaroon ng clots sa akng katawan bilang isa sa akng resolusyon ngayong taon.,0.8843953013420105,96.46241879463196
"cut onions so that i could get some tears out, since i cannot seem to cry and she would a single tear even though i feel like I am on the verge of crying for hours each day. it worked though, for the first few tears. but then nothing :( hit a new low recently",0,sadness,"pinutol ko mga sibuyas para maiyak kasi d ko mailabas luha ko at siya umiiyak kahit isang luha lang kahit nararamdaman kong nasa bingit pag-iyak araw-araw. Nagtrabaho ito unang luha, pero wala pagkatapos. Nakarating ako bagong mababang punto kamakailan.",0.8394310474395752,96.6422758102417
"It has been three years, three years of daily job hunting. I have applied everywhere, tried everything, been at countless job interviews, answered to a gargantuan number of job calls, and still I am here, unemployed. I have graduated a few hours ago, and now I am curled in bed sobbing my heart out.My lease expires on 31 July. Within three days I have to leave this flat and I have nowhere to go. I will be forced to go back to my abusive mother's place, next door with my rapist, on the other side of the country, hours away from my fianc. I cannot express in words the amount of pain, fear, and despair that I am feeling.I have suffered from a severe form of depression since childhood. I have been increasingly better after moving away from that place. It has been a slow, difficult path, but I was betterbetter for real. And now, everything feels like it was just a taste of the freedom and the happiness I will never achieve.I proposed to my fianc on the first of January, just a few minutes after midnight. I have never felt so much at peace as when he said, ""you already know that it is a yes!"". he is not a very affectionate person, but earlier he saw me in this state and tightly held me. He asked me to tell him what I feel, and I just replied, ""like I am slowly walking towards my end"".All of this because I cannot find a job, a whatever job, just a job. I applied everywhere, and in the end, no one ever wants to hire me. I feel undesiderable, useless, and pathetic. Am I just a waste of space? Am I just a waste of life? I cannot go back to my previous life. I cannot keep surviving in hell after tasting how it is outside of it. My heart is slowing shattering again, and I cannot hold it together anymore. Nobody wants to hire me and I feel like I am slowing dying of heartbreak... quite literally",0,sadness,"3 tn, 3 tn ng pang-araw-araw na paghahanap trabaho. Nag-apply q sa lahat ng dko, subok q lahat, nakasali q sa napakaraming panayam, sumagot q sa napakaraming tawag trabaho, at gayunpaman, nandito pa rin ako, walang trabaho. Kamakailan lang ako nakatapos, at ngayon ay nakakurba ako sa kama at umiiyak ng malakas. Magtatapos ang aking",1.1124709844589231,95.5501160621643
i am a celebrity or politician i can hire a bodyguard who carries a gun and i don t have to apologize explain or feel embarrassed about this choice,0,sadness,"bilang kilalang psonality o politiko, mka-empleyo ng bodyguard w/ baril. d kailngng humingi ng paumanhin, magpaliwanag, o mkaramdam ng hiya sa pagpipilian ko.",1.4217092990875244,94.3131628036499
i ve had depression for a long a i can remember really some day i m sad for absolutely no reason that s how today started now i m in my head and i m more depressed than i ve been in a very long time i hardly ever cry i haven t cried in probably month i m cry right now i m fucking sobbing like a lil bitch my boyfriend is in jail not sure how long month idk i live in our house with our year old he s my sister kid but i have custody my best friend ha depression and her boyfriend struggle with drug and she work a very full time job she doesn t reply much to me anymore i m not mad at her i know her life it very tough and she struggle with depression a well i m just sad because she s my go to person and now i m lucky if i get a reply i m 0 day clean from fentanyl so the chemical in my brain probably aren t in the greatest shape i miss my other best friend i saved all of our video and picture she wa my best friend from around 0 0 i wa in a very toxic relationship and she constantly tried to break u up rightfully so once i finally broke up with him the girl and i we fine we were great one night we went to a party and then the next day i went home and wrote her a long text telling her she wa toxic towards her boyfriend we got into a huge fight then they started stupid rumor about me trying to get with her bf wasn t true then i went 00 step too far i got with this new guy who wa total gang gang and a snow addict at the time i knew a window in her house wa broke and could always open while she wa at school my new man and his friend robbed her house and by rob i mean only took the bong and weed that wa one of the biggest mistake of my life the whole time it happened i sat at home have an anxiety attack because i wanted to tell my man nevermind but i didn t want him to think le of me how fucking cool of me i have a very guilty conscience and i m empathetic a fuck i ended up telling her the truth she already knew she s not stupid i knew she wanted to kill me the moment i confessed to her face a week later i ended up giving her 00 00 to make up for what wa taken i hoped she would want to continue our friendship but it wa over i don t blame her i wa the toxic one all along i needed to do deep soul searching well now it s 0 and that happened year ago i still think about her everyday i miss her more than ever i love her soul and that s rare to find i ve been looking at all our old video picture that i saved to my eye only on snapchat i have hundred of snap of u my point is if anyone is actually still reading do i try to message her on facebook or should i just be happy that she wa apart of my life did i forever ruin what could have been i feel like i m just getting through everyday not living i m prescribed very strong sleeping med i m tempted to take a couple but i won t i m tempted to walk to the gas station and drink my sorrow away but that ll only make thing worse i could go across the street and sit on the swing in the park but it s dark now i m just babbling on about nothing i feel like it s the loneliness talking,0,sadness,"may dpn n ako ng tagal n panahon, matagal ko n hindi naalala. Minsan, malungkot ako ng walang dahilan, gnun ang simula ng araw na ito. Ngayon, nasa aking isipan ako at mas dpd ako kysa dati. Bhrang ako umiyak, hindi ako umiyak sa loob ng isang buwan mrphl. Ngayon ako umiiyak, umiiyak ako ng husto prang isang maliit na babae. Ang aking bf ay nasa bilangguan, hindi ko alam kung gaano katagal",1.2387850284576416,95.04485988616943
i have depression and things just started getting better but today i felt so bad you know they feeling in the pit of you heart that your a worthless failure,0,sadness,"m dypsn ako t unti-unting gmlng lht ngunit nwn, sobrang msma pkrmsdm ko, alm mo 'yung pkrmsdm sa gitna ng dibdib na prang wla kng hlg, isang nbgnng tao.",0.9133853316307068,96.34645867347716
hi everyone i find myself in a sad situation and i can t really seem to be able to find a way out or support so i thought i could write about it here i m 0 and moved to study abroad month ago i love college and i love what i do i am fairly aware i am privileged in more way than one and that i should be happy about it but it s not enough when i left i tried my best to leave everything behind a much a i could because i know i will never live in my home country again and that s sort of the goal anyways a someone who ha generalized anxiety overall i am also aware that this wa a very big step in itself i have been struggling with depression and anxiety that also take toll on my physical health from time to time since i moved but everything got worse a few week ago i had a week long break from university and i forced myself not to go home so i can be more accustomed to living here the problem wa that i barely went out for week being too anxious to do so and also my neighbour and friend wa also visiting her home country i felt very alone and isolated now i started college again and i realise every day how stupid that wa and i m stuck on wanting to turn back time which i know is impossible i cry every day i wish to go home and i have major problem performing at university i honestly don t know what to do i feel hopeless and alone if anyone ha any advice i would really appreciate it thank you,0,sadness,"Kusta sa inyo, nkakharap ako ng malungkot na sitwasyon, d ko mhanap ang paraan palabas o suporta kaya nisip kong isulat ito d2. Dwa bwn na ako sa ibang bansa p mag-aral. Mahal ko ang kolehiyo at ang ginagawa ko. Alam kong pribilehiyo ang sitwasyon ko at dapat akong masaya, ngunit hindi sapat iyon. Nang umalis ako, pinilit kong iwan ang lahat ng naiwan ko dahil alam kong hindi na ako babalik sa aking bayan at iyon.",1.1290899515151978,95.4836401939392
i see a lot of people dealing with mental health issue being so hard on the self i know it s a hard time but please never bring yourself down your only human it s normal to experience these emotion please start being kind to yourself it will help so much,0,sadness,"Nakikta ko mrami ng tao na nhhrapn sa mga isyu ng klsgan ng isip na sobrang hrap sa kanila. Alam kong hrap ang pnwn ngayon, pero sana hwag kyng mpababa ng loob, kyoy tao lmn, normal lmn mrnasan ang mga emosyong ito. Mgsimula na kyng mgng mbt sa inyng sarili, mkakatulong ito ng mlki.",1.1864875555038452,95.25404977798462
I do not know what to do please help How do you deal with constantly feeling nothing at all? i am just overwhelmed,0,sadness,"nd ko alm ng gwin, pkiusap tlgn nyo ako. pnao b hrpin ng pkiramdm n wala k ngrrmdm? Na-ovrwhelm lng ako.",0.913299798965454,96.34680080413818
i wa on lexapro 0mg for over a year and it worked amazingly and went off of it with my doctor s approval i had brain zap and dizziness for like week and then got hit by a truck with physical anxiety symptom i wa off for week total some symptom were the same a why i started it in the first place like head pressure racing heart and a lot of trouble sleeping i wa a wreck before lexapro with constant panic attack and physical anxiety but i got new symptom of forehead and face numbness with tingling and burning sensation which i haven t had before i ve been back on lexapro for and half week and the symptom that are driving me crazy are the face numbness and tingling it s been ongoing for week i spoke to my doctor and am seeing a neurologist i m scared this is a rebound withdrawal affect of stopping lexapro and that it s never going to go away i hope it s just anxiety i can t focus on anything feeling like i have this constant burning and numbness i m seriously freaking out and i hope it go away,0,sadness,"nasa lexapro 0mg ako ng mahigt isang taon, gumagana ito kahanga-hanga, tumigil d2 sa pahintulot dr. nkakaranas ako brain zap, pagkahilo isang linggo, tsaka nabangga trak, pisikal sintomas pagkabalisa. nasa off ako ng isang linggo, ilang sintomas pareho dahilan ako nagsimula nito, tulad presyon ulo, mabilis tibok puso, maraming prblm pag",1.1212118864059448,95.51515245437622
Starting to become that clich attention starved girl...on the internet praying to make some type of connection with another human being because I cannot be ALONE with these thoughts anymore :( always searching for validation,0,sadness,"Nagsisimula n gng 'yon clichÃ©, atensyon-na-gusto-ng-bata sa int, nananalangin n makahanap ng kht anong koneksyon sa ibang tao dhil hindi ko na kyng MAG-ISA sa mga iniisip na ito :( lgi akong naghahanap ng pagsang-ayon.",0.1856354773044586,99.25745809078217
"I want my old self back I have had countless changes in my life and came in terms with at some point....but I myself changed, a lot. Not in a good way. That's what I'll never recover from.

I wasn't the best with emotions of people that time but atleast I was happy and functional. I have tied my worth to a lot of things which I no longer have. That, made me question worth relentlessly. I think everyone deserves to be happy despite everything in life, but I can't say it to myself. All conditions are different for myself. I deserve to starve if I don't do well, I deserve to not meet anyone if I messed up somewhere, I deserve to be treated like shit. 

It took me a while to realise how I came to accept being treated badly by people. I am ""working on myself"" but will I ever be able to get my old self back? No. I'm stuck with a version of myself who cares about everything except herself and it fucking sucks.",0,sadness,"gust kong bbalik dti kong swa. mrami ngbabago nnaransan ko sa buhay t tinanggap ko n ilang punto... kng ako mismo ay nagbago, nlng laki. d sa magandang paraan. yn ang hndi ko mtawaran.

Nln, hndi ako magaling sa pag-unawa sa damdamin ng iba kng kht papaano ay masaya t gumagana ako. Iklnbit ko ang aking halaga sa mrami bagay na wl na ako nwn. yn ang nagpapa tanong sa akin ng",0.3088048100471496,98.7647807598114
i am not sure if this is the right place for it but last friday one of my classmate told me jokingly to jump out of a window she ha been doing that joke for over a month i ve had it up to here so i said i d blow my head off on the weekend i tried to hurt myself and went to the emergency room on monday they prescribed me some lexapro and i went home relieved that i finally got some help half an hour after i returned home cop stormed my apartment saying they received a hint from the school that i wa gon na hurt myself and they searched my whole apartment for a gun which i don t have so they obv didn t find one and restrained me they then took me to the same hospital i wa at just half an hour ago and i spoke to the psychiatrist there again who told the police i am not a threat to myself or someone else so they let me go again during that they took my phone and it ran out of battery and i didn t have access to it for like hour or more during that time two of my classmate messaged me asking why i blocked them and they attacked me not knowing my phone ran out of battery and that s why i didn t answer they then blocked me and i explained to them on instagram what happened and they read it but didn t care apparently my classmate apparently told our headmaster they were worried and then he called the police i am getting the proper help from all of my teacher and my headmaster and i have an appointment with our school psychiatrist soon it s just that this whole police incident ha left me panicking and cry when i see a police officer car and everytime someone with heavy boot walk on my apartment floor i sit up thinking the police will come back again i also can t sleep properly and can t distract myself because i keep having horrible flashback of the scene when the police stormed in which leaf me breaking down it left me broken traumatized overwhelmed and desperate because i don t know what to do on top of that my classmate all blocked me are ignoring me and not even looking at me talking about being worried and not even one person asked me if i wa alright or how i wa doing i am considering going back to the emergency room and talking to the same psychiatrist from before but it s not really an emergency you know sorry if this text is long i am just overwhelmed and don t know what to do anymore all i know is i am traumatized a fuck and broken what should i do someone please assure me that everything is gon na be okay because at this point all my hope ha left me,0,sadness,"Hindi ko sigurado kung tama ba itong lugar para dito, pero noong nakaraang Biyernes, biro ng isa kong kaklase na tumalon ako sa bintana. Ginagawa niya itong biro nang mahigit isang buwan na, kaya't sinabi kong papatayin ko ang sarili ko sa weekend. Sinubukan kong saktan ang aking sarili at pumunta sa emergency room noong Lunes. Inireseta nila sa akin ang ilang Lexapro at umuwi ako, nakahinga ng maluwag dahil sa wakas ay nakakuha ako ng tulong.",1.1502306461334229,95.39907741546632
Why is it allowed if I ever kill my self for someone to post it in the internet but dead children and child porn is not allowed? What the fck is this shit. I do not get how hospitals protect young kids by putting a screen between them and the other patients. Apparently children deserve protection but adults are trash. As soon as you are 18 you have to live like a hobo Why cannot I see dead children on gore websites????,0,sadness,Bakit pinapayagan kung ako'y magpapakamatay para i-post ng iba sa internet ngunit hindi pinapayagan ang mga patay na bata at child porn? Ano ba itong kalokohan? Hindi ko maintindihan kung paano pinoprotektahan ng mga ospital ang mga bata sa pamamagitan ng paglalagay ng screen sa pagitan nila at ng ibang pasyente. Parang karapat-dapat protektahan ang mga bata ngunit itinuturing na basura ang mga matanda. Kaagad kang kailangang mabuhay tulad ng isang tamb,0.2816154360771179,98.87353825569151
"No motivation. No inspirations. No work, I do not want to work, if I get a job I will not be able to hold it down. All I want to do is sleep and I regret waking up everyday. I am sorry I am a disappointment, I should not have been born. it is hard getting up everyday",0,sadness,"wlang mstvn. wlang insprsn. wlang trabaho, ayw kong mgtrbaho, kng mkakahanp ako ng trabaho hndi ko kaya. gusto ko lng mtlng at ngssisi ako gngising araw-araw. psnsya na, ako'y kbgwn, hndi sana ako ipinanganak. mhrp gngising araw-araw.",1.286280632019043,94.85487747192384
i am satisfied with the final installment and feeling a bit melancholy,0,sadness,"masaya ako sa huling bayad, medyo malungkot.",-0.3114451766014099,100.0
"I have spent the last three years recovering from a major depressive episode. I am finally off medication and it feels kind of like a layer of bubblewrap has been taken off. It has also brought on some unresolved trauma. I thought these were feelings of the past that I had gotten over, but I guess not. I am scared of talking to my family about this because they would be worried just not sure where to turn Just need someone to talk to",0,sadness,"Tatlong taon na akng nagpapagalng mula sa isang mlubhng depresyon. Ngyn ay wala n akng gmot at prang tnnggal ang isang lyr ng bubblewrap. Ngt ito rn ay ndult ng ilang hindi pa nalts na trauma. Akla ko'y mga dmdmn ng nkasaraan na ntapos ko na, ngunit tila hindi. Ntatkot akng kaupnn ang aking pamilya tgnt ito dhil mag-aalala sila, hindi ko lng alm kung sn ako pptnta. Klngan ko",0.8262904286384583,96.69483828544617
"I am just some bitter asshole.Gunna be 20 soon and what I have to show for it? Fuck all, wasted childhood no friends no romantic relationships fucking nothing. Wish I could consent to being born because I feel like I was thrust into this shit unwillingly. I never wanted to live. Gunna go to sleep",0,sadness,"Ako lng isang masm na bbo. Malp nang mg-20 at ano ang aking mpkhtang maipakita? Wala, syng n pagkabata wlng kbgwn walang rsln sa pg-ibig, wala tlga. Sng pwede akong mgbigay ng pahntlt na islnh dahil prang plt akong bnbn sa gnltng klgytn nang hnd ko gstn mgmpyr. Hnd ko gstn mbyhv. Mtulng na ako.",0.1828618645668029,99.2685525417328
"I was doing so well for so long. I was on top of the world for months, even shitty things were not getting me down like they used to (spiralling). Everything for the first time in a while was working out for me; had my life back on track, felt normal for a while. Ran out of money for my meds so I had to stop taking them. Obviously big mistake but even then felt fine for a month or so. Now shit started to fall apart; the constant anxiety came back, lost a job I was really trying my hardest in and the boss who fired me just confirmed everything I have my depression and anxiety has been telling me for years. Now I am back to feeling like no matter how hard I ever fucking try I am never going to be good enough. Always going to be a freak, I try so hard to fit in and I just cannot. I have tried being myself and then I say weird shit. I try mirroring their personality and then myself slips through and they think I am freak again I just know it. People ignore me when I speak, I am the only one ever trying to arrange things to see my friends. I just cannot ever do things right and I am so so tired of constantly getting myself through the day pushing it all to the back of my mind and then I am alone at night and alls I want to do is just cry and hurt myself. And it makes me feel so weak because a normal person would be over a bad firing by now. A normal person would not have to try so hard to be liked. And I have no one to tell bcus everytime I do I regret it an hour later and they care for a day and then they of course have to get back to their lives bcus I am a grown ass adult and should know how to do these things on my own. Even the benzos do not help with the attacks anymore. I am just so tired.Where do I go from here? Was doing so well for so long",0,sadness,"Matagal akng ngng mbt, nasa tk tk ng mnda ako ng mga bwn, kht ng mga msng bgy ay hindi n ak bnbaba gaya nnn (na bmbgsak). Sa unang pagkakataon sa mahabang panahon, lht ay gmn para skn; nkablk ak sa trng lnds ng byf, at nrmdmn kong nrml ak ng ilng panahon. Nauubusan na ak ng pera para sa gamtk kykailangan kong tumigil sa pag-inom nito. Siyempre",1.2174878120422363,95.13004875183104
"I hate this phrase People always jump to say, ÃÂ¢Ã¢ÂÂ¬ÃÂsuicide isnÃÂ¢Ã¢ÂÂ¬Ã¢ÂÂ¢t the answer,ÃÂ¢Ã¢ÂÂ¬ÃÂ but then they never tell you what the answer actually is. Like, okay I didnÃÂ¢Ã¢ÂÂ¬Ã¢ÂÂ¢t commit, what happens now? Do I sh? Do I just live life like this? What the fuck am I meant to do now?",0,sadness,"ayw ko sa kasbhn na ito. Lgs silang nagmmdli na sbn, ""Hindi ang pagpkmatay ang sgot,"" pero hindi nila sbsbn kung ano nga ba ang tunay na sgot. Prng, sige, hindi ako nagpkmatay, ano nwn? Mgpatuloy ba ako sa gnito? Ano ba tlga ang dapat kong gwn nwn?",0.2971200048923492,98.8115199804306
"I have been depressed since I was 7. Major trauma does that to you. And I have tried to commit suicide 7 times: 3 before I was 10, 4 after. But I am 'high-functioning.' I can do the things people expect me to do: get good grades, win competitions, act happy (and sometimes even *be* happy). But I cannot get myself to brush my teeth, take a shower, change my clothes, or care about my personal hygiene when no one is watching. I am still depressed, and I have been diagnosed with depression.So, here is my problem: my parents do not believe me. They say I am faking it, that it gets better, or that this is normal and everyone goes through it. So, I cannot take meds (I am 17). How do I convince them that this is *a problem*. That I am depressed, not because people will pay attention, but because *I am*? And, since most people I know just disregard my depression and say the same things as my parents, I am starting to not believe myself. Am I faking it? Maybe I am Faking It",0,sadness,"mla nng ako'y 7 tyng glng, nllumby na ako. Mlkg trm ang ngdlt nito. At pt ng beses ko nng snbykn ng pagpkmatay: trl bgo ako mg-10, ptr pghb. Ngt k oy ""hgh-fntnng."" Kya kong gwn ng mga nsahn ng mga tao: mgkrrn ng mgngbd mrka, mnlo sa mga plgshn, t kumls na msya (t mnsn cht",1.159386157989502,95.362455368042
hello i ll try to keep this brief i grew up in an abusive household and came to study in the u to get away from that last semester i wa assaulted my therapist say i might have some sadness and depression and i know i do but my main concern is how since starting college i literally even if my life depended on it can not focus on work i don t know if this is due to lack of motivation due to depression or some attention issue i think it might be a combination i m going to hopkins this summer for an internship and plan to see a psychiatrist there who can diagnose me any idea what kind of psychologist i should look for,0,sadness,"kusta, subkng mkli t. Lgki ako s isang my-abuso na tahanan at pnta s U.S. pr mklkyo doon. Nng nakaraang semestre, slkdy ako. Sabi ng aking therapist, baka my klungkutan at depresyon ako, at alm kong totoo n, pero ang aking pangunahing alalahanin ay kung bakt mula nang mg-aral sa kolehiyo, kht na ang buhay ko ang nksalalay, hindi ako mkpg-focus sa aking trabaho.",1.2486015558242798,95.00559377670288
Sometimes I feel like a sociopath. There will be moments I laugh or get mad. But I barely cry and I do not feel this love that people claim to feel in a relationship. I know I used to have that love feeling and I know I used to cry. But it feels hard to feel those things and I almost have to force it to put on an act. it is a constant struggle to appear normal to others and I am slowly losing my patience with myself. Am I losing my emotions? Emotions,0,sadness,"mnsn, prang sociopath ako. my mga sndl ktwa o mgagtlt. pero halos hndi ako umyyk at hndi ko nraramdmn ang pg-ibig na snsbi ng mga tao sa isang rlsyn. alm kong nwn ay nraramdmn ko yn at alm kong nwn ay umyyk ako. pero prang hrp na mrndmn ang mga yn at halos kailangan kong pltin pr magmklng totoo. ptly na pkpglaban pr magmklng nrml sa iba at",0.2020066678524017,99.1919733285904
"My boyfriend is a cop, we live in sweeden where cops got high authority. My boyfriend is abusive, he harrases me infront of everybody and will not let me goHe forces sex, anal sex which led me to hospital many times when I am asleep he just goes in, I lost sleep for days, most of the days i wake up with sexual acts done on meHe hits me all the time for the slightest disagreement, or if i want to go out with my friends he goes enraged giving me black eyes every now and thenHe burnt my father's memory which led me to fight him and tried to punch him because the pictures of me and my father are my only memories of us and my beautiful childhood, but he always hits me back harder breaking my foot once bending my wrists. And knocks me out i cannot do anything to hurt him he is 4 times my size and always threatens to cut my hair and eyebrowsI tried contacting the local police but i ended up being punished for it he kept me locked in my room not letting me go to bathroom embarrassing myself in thereI cannot do anything, I am poor and i have nobody, the only friend i have now is my phone.I do not know what to do with my life or how to get rid of him because i have nowhere else to go. Maybe suiciding in a painless way would really help. If you redditors got any ideas please share them, i could not find any solutions online. 18f, scared of my boyfriend, i need help",0,sadness,pauwi n q.,1.2273486852645874,95.09060525894164
"When I started my depression in October 2020, I was in a relationship where I could not be listening or understood. My partner put me more guilt even when I thought everything was my fault and I was shit. He sees me a patient more than a person or his gf. At home, everyone disrespect me or point out everything I do. It got worse when my partner decide to end things. The guilt was there and still. My friends was not really there for me. I really thought that they were given a false empathy. It makes me a the edge. The only reason that I could not kill myself was my parents. I do not want to hurt them but the feeling to be the worst it is still there. it is hard when the only support that you have it is your psy. I came from a culture where talking about seeing the psy it is because you are crazy. it is so difficult to open to someone and see the false empathy. I feel sad, empty and exhausted. it is hard...",0,sadness,"ang ating relasyon.

Revised: Ngn mgsimla ng akng dpn noong Oktubre 2020, nasa relasyon ako kn saan hindi ako nkikng o ntndhan. Pgdramdm pa ako ng kasnhn kahit akla ko'y lhat ay akng kslann at ako'y bsr. Nktyang ako bng pasyente kysa tao o knya kasnhn. Sa bahay, lhat ay hindi ako nrespeto o pgnmasdan ang lhat ng akng ginawa. Lng lum",1.2414608001708984,95.0341567993164
"i hate myself i really hate myself so much, like iÃÂ¢Ã¢ÂÂ¬Ã¢ÂÂ¢m basically the worstÃÂ¢Ã¢ÂÂ¬ÃÂ¦ itÃÂ¢Ã¢ÂÂ¬Ã¢ÂÂ¢s impossible for me to even keep friends they always end up hating me like why canÃÂ¢Ã¢ÂÂ¬Ã¢ÂÂ¢t i just be normal like everyone else? my mind just spirals making me think about stuff i donÃÂ¢Ã¢ÂÂ¬Ã¢ÂÂ¢t want to and making me more and more depressed which then ends up making people i talk to hate me which then makes everything even worse like whatÃÂ¢Ã¢ÂÂ¬Ã¢ÂÂ¢s even the point of my existence",0,sadness,"ayw ko s sarili ko, tlga ayw ko na sobra, prang ako ang pinakmsma... Hindi ko kyng pntnhin ang mga kbygn, lgi silang ngglt sakin, bkit hindi ako mrng normal tld ng iba? Ang sip ko ay ng-ulit ng mga byng ayw kong ispin at gnwa akong ms at ms lngkt, at ito nmn ang ngppskt s mga ksap ko, at ms lllr ang lahat, ano nga ba ang slbi ng aking pg-iral?",0.2442075610160827,99.02316975593568
one of my latest ruminations is that nobody could ever hate me as much as i hate myself. what does this do for me? absolutely nothing. but it feels like an absolute truth. a perverse truth,0,sadness,is sa aking mga pinakbng pagninilay ay wla mk kakaglt sa akin hgt ang aking pgkpoot sa sarili. Ano ang bunga nito sa akin? Wla. Ngunit prang gn ap na katotohanan ito. Isng blkt na katotohanan.,0.8312453031539917,96.67501878738403
i feel like im being punished because of it,0,sadness,prng prshn ako dkt d2.,-0.3042943477630615,100.0
"It s almost funny how everything can become so tastless all of a sudden and all what you can feel is agony , you become dull to all emotions and still you have to keep that smile you have to act normal because you know that no one can change shit all they can do is feel sorry for you wich only increases the agony because you know that they are all either actors or too stupid to feel their suffering . It s almost funny how everything can become so tastless all of a sudden",0,sadness,"halos nakakataw kung pano lht ng bgy ay mgng wlang lsng nbgln at nraramdaman mo lng ay sakit, naging blg ka sa lht ng emosyon at kailangan mo p rin panatilihin ngiti, kailangan mong kumilos nrml dahil alm mong walang mkabago ng hwt ano, ang kaya nilng gawin ay mgpakita ng awa sa iyo na lalo lamang ngdaragdag ng sakit dahil alm mong lht sila ay mga artista o masyadong bobo upang maramdaman ang",0.2331708371639251,99.0673166513443
i turn feeling ridiculously awkward and very self conscious to face zayne,0,sadness,naramdman kng sobrng awkrd t npakasnstib sa harap ni Zayne.,0.3343493640422821,98.66260254383089
You can check my post there i explained whole story. I am in very bad situation still I feel ashamed to ask for help from parents .,0,sadness,"mry mng tgnan lng post d, pln ko roon ang bng kwnto. sklnw nsa hrp na stwsyon, pnd n hngi ng tlng sa mg plgnt.",0.124508798122406,99.50196480751038
i regret it because i feel shitty that i cant enjoy things if im alone i ended up seeing my brother afterwards who was in baltimore with his new girlfriend and wanted to see me as well as introduce me to her,0,sadness,"nkakaregre kasi prang msm ang pakiramdam ko na hindi ko kaya mag-enjoy ng mga bagay kung mag-isa ako. Ngrn na rin na nakita ko kapatid ko pagkatapos, na nasa Baltimore kasama ng kanyang bagong nobya at gustong makita ako at ipakilala ako sa kanya.",0.3352622985839844,98.65895080566406
"I am 16, I previously had suicidal thoughts and fantasies but I no longer have them. I have had low self esteem, self image issues, and depression in general for years now. I drink alcohol to help cope with my issues which does work. I think the thoughts went away because I am more interested in a relationship even tho I have never had a girlfriend. But could the thoughts ever return out of nowhere? I no longer have suicidal thoughts but will they come back?",0,sadness,"Labindalawang taong gulang ako, dati ay mayroon akong mga ideya at pangarap na magpakamatay ngunit wala na iyon ngayon. Matagal ko nang naranasan ang mababang pagtingin sa sarili, mga problema sa imahe ng sarili, at depresyon pangkalahatan. Umiminom ako ng alak upang makatulong sa paghawak sa aking mga problema at ito ay gumagana. Sa palagay ko nawala ang mga iniisip dahil mas interesado ako sa isang relasyon kahit na hindi pa ako nakakaroon ng nobya. Ngunit",1.3250300884246826,94.69987964630128
"I hate this i hate this i hate this i hate thisI hate myself I hate myself I hate myself I hate myselfI wish i could just die already or get the energy to end it alli do not know how much longer i can keep myself distracted from everythingi hope i do not wake upwhy am i even herei do not deserve love or carebut i wish for it anyways like a selfish idioti have not slept all night and I am just so tired but cannot sleepschool is coming next week but i have no motivation to try anymorei feel so lost and isolatedmy own bed no longer feels comfortable to me anymorei cannot cry either so everything is building up and i feel i may go insane bc of itim tired of being told to pray to god to feel better, to talk to a priest, or to just stop worrying and thinking negative thoughtsi do not even want to get better anymorethese dark thoughts comfort me nowfantasizing abt the things i would do brings me some kind of comforti wish i could crywhy am i like thissuch a dissapointmenteveryone despises meppl just put up with me but i know that they would be happier without meim sick of pretending and telling myself and everyone ill be finei will not be fineand I am honestly fine with thatim starting to not care abt what i might do to myselfi just hope it comes soonsorry for the long rant and if you read all of this then I am really sorry for wasting your time I am so tired",0,sadness,ayw ko nito ayw ko nito ayw ko nito ayw ko nitoAyw ko s sarili ko ayw ko s sarili ko ayw ko s sarili ko ayw ko s sarili koGusto kong mmatay na o mkuha ang lkas para mtapos na lhatHindi ko alm kung gnao pa ktlg kaya kong lmttn ang lhatSana hindi na ako mgisingBakit ako ndito pa?Hindi ako krpt-dapat s pgmmhal o pg-aalgaPero gusto ko pa rin yn kahit na prang slsyo at b,1.0256165266036987,95.8975338935852
"Idk I have been depressed for a long time, like I remember being depressed when I was 12 and I am 23 now. At one point I was really going to kill myself but now I think about suicide but I do not seriously want to kill myself anymore. The thing is though I often wish I would have when I actually had the motivation/will to do it. Ever regret not killing yourself",0,sadness,"hnd ko alm, mgal ko ng naramdman ang dprs, prang noong 12 taong glng pa ako ay ndrm ko na ito at ngyn ay 23 na ako. May pagkaktn na tlgang gsto mgpakamatay pero ngyn ay iniisip ko ang pagpapakamatay ngunit hnd ko na tlg seryosohin ang pagpapakamatay. Ang prblm lng ay mldls kong nais na ngawa ko noong my mtivs/klwbn pa akong gawin ito. M",0.2201113104820251,99.1195547580719
i feel like a low life mooching off everyone,0,sadness,parang isang wlang slbi k nakatira sa utng ng iba.,0.3567600548267364,98.57295978069304
"Why am I so happy now? Last week I was planning on ending it all being serious.

But I woke up today and just felt happy, IÃÂ¢Ã¢ÂÂ¬Ã¢ÂÂ¢ve been smiling all day for no reason itÃÂ¢Ã¢ÂÂ¬Ã¢ÂÂ¢s like depression but in reverse 

Keep in mind nothing changed same ole same ole

Is there any reason for this?

Thanks",0,sadness,"bakit ako sobrang masaya nwn? Nl wknd, sryoso akong ngplano wakasan lht. Ngunit ng mgising ako nwn, nrmdm ko lng ang sy, at ngumiti ako bng araw nang w/o dhlan, prang depresyon pero pabaliktad. Tndn, wl nmg ngbago, prho pa rin lht. May dhln kaya nito? Salamat.",0.2778027355670929,98.88878905773164
"I have had suicidal thoughts since I was 7. I am 21 now. Things were relatively okay and then I got basically addicted to MDMA. For about 4 months everything was going really, really fast and I was intensely happy. I could not slow down and I made a bunch of decisions that I now look back on with deep, bitter regret. It was like a manic episode. it is hard to tell if the drugs just dug up bipolar I was not aware of or it was a direct result of them. My Dad has bipolar. I look back at that time and it is a giant nuclear bomb in my life.Now it is like there is a dark cloud in my brain. It felt like MDMA had cured my depression.But really I just went nuts.Now I do not want to live. I really, just do not want to be alive. I cannot imagine a future where I am happy. I cannot imagine a career that will make me happy. I picture slicing my wrists in the bath tub or hanging myself for about 80% of my waking time. I am trying everything. Therapy. The gym. Seeing friends. I have taken a semester off uni so I do not actually ruin everything. I just want to die.I used to have many goals and dreams. Now they have faded away into nothingness. Have I just ruined my brain forever? what have I done",0,sadness,"Mayroon akong mga iniisip na magpakamatay mula noong ako ay 7 taong gulang. Ngayon ay 21 na ako. Mabuti naman ang lahat at saka ako naging adik sa MDMA. Sa loob ng apat na buwan, lahat ay mabilis at sobrang saya ko. Hindi ako makapagpahinga at nagawa ko ang maraming desisyon na ngayon ay pinagsisisihan ko nang malalim at mapait. Parang isang manic episode iyon. Mahirap sabihin kung ang droga ay naglabas lamang ng bipolar na hindi ko alam o",0.1660442054271698,99.33582317829132
"ÃÂ¢ÃÂÃÂ¤ÃÂ¯ÃÂ¸ÃÂ This group makes me realize that we all suffer the human conditionÃÂ¢Ã¢ÂÂ¬ÃÂ¦ Never feel alone, millions of people are going through the exact same thoughts as you. PLEASE do not feel like the odd one out. My moms dad and brother committed suicideÃÂ¢Ã¢ÂÂ¬ÃÂ¦ they missed out on kids, grandkids, weddings, holidays, family vacations, belly laughs, ect. Pain in life is guaranteed, but so are good moments. Everything, and I mean everything gets better in time, one day you will look back and the things that matter to you now wonÃÂ¢Ã¢ÂÂ¬Ã¢ÂÂ¢t even cross your mind. You can and WILL get out of this dark hole. Be patient with yourself, forgive yourself. You can heal and your life can be better than what it is now ÃÂ¢ÃÂÃÂ¤ÃÂ¯ÃÂ¸ÃÂ  I know it does not seem like it, and I know you will roll your eyes, flip over in bed and indulge in your depression, but day by day it will lift. Get fresh air, feel the sunshine, sit by the beach or in nature. Talk to a loved one or friend. Write in a journal. Eat something you like and take a nice hot shower and put on your favorite show. Keep going",0,sadness,"Ang grupo n t ay pkitang tlaga n tlgang lahat ay nakakaranas ng kalagyan ng tao. Hwag kailanman mramdam na ngisa, milyun-milyong tao ang nakakaranas ng prhong mga iniisip mo. HINDI PO kayo dapat mramdam na kakaiba. Ang lolo at kapatid ng aking ina ay nagpakamatay na wala sila sa mga anak.",0.2669954001903534,98.9320183992386
i feel rather pathetic,0,sadness,naramdaman k medyo kaawaawa.,-0.2883444130420685,100.0
"I (19M) dated a girl two times a few days ago and she told me this, i maybe asked her many times if i can kiss her, if she was comfortable, if she was ok going to x place etc... She told me she has much fun with me, that i am really nice to her... It hurts she is my first kiss i want to be her kitten i am a submissive guy and all girls rejected me i have been depressed for 6 years, holding hands, hugging with her etc is the unique thing that makes me feel good it is the best sensation ever, it is my fault all this? should i change? it is bad wanting to please your girl in everything and treat her as a goddess? it hurts She told me she do not know if she wants to be with someone that is so ""attentive to her""",0,sadness,"Sinabi niya na gusto niya akong mahalin, mahalin ako bilang lalaki at hindi bilang pusa.

ako (19M) dnted babae 2x, sinabi nya baka paulit-ulit kong tinanong pwede halikan, komportable ba siya, okay pumunta lugar X... sinabi nya masaya sya kasama ko, mabait ako... nasasaktan ako, sya unang halik ko, gusto kong maging pusa nya, submissive ako, lahat babae tumanggi, depressed. Sinabi nya mahalin ako bilang lalaki hindi",1.2409619092941284,95.03615236282349
im quite sore today and physically just feeling exhausted and burnt out,0,sadness,medyo mskit ang katawan ko ngyn at pisikal na pgod at nbobulkn na ako.,1.4590357542037964,94.1638569831848
"I have always taken away anything good from myself. I had feelings for someone for the first time. We talked for months on ig and never met cuz there is a distance. I slowly got insecure. Fast actually. I was experiencing my first psychosis too and did not know. So that does not help. The first time i had an outburst i remember thinking after that it was almost like I wanted him to reject me. (But I do not) It was that hard to believe. Everytime I showed that I had concerns about wether he feels the same for me. He would not say much even if i was straight up asking him and then he would talk to me the next day like i was not a NUT. When i get like this i continue to sabotage myself being insecure makes me more insecure. I think it was just all that was left and then i woke up from the psychosis and shits just been heavier and while depressed i decided to ruin shit some more. (I always wonder why he kept talking to me) by removing him as a follower that did it. I fucked it up. I want to change tho. I want to get better. I want stop destroying things that are good for me and all of my chances at living nice and enjoy things without feeling guilty especially if it is for my growth and improving my mental health. And if i fuck it up but i do not want it to be i want to try and unfuck it and have courage. And I am fine with some not liking me but honestly not him not because I do al this stuff to ruin my life, unconsciously, consciously, psychotic feeling the best I ever have or depressed. Maybe i just want to fight for something this time and take responsibilty. His existence like watching his ig stories made me genuinely happy even on days we did not talk. I look up to him as a person. Like after a night out enjoying myself i felt weird and guilty the next day even though i did everything right I was told, and I watched his story and it just give me this feeling that there is hope for me. I could take care of myself someday and feel happy and not worry and not be concerned with much else but myself and what I love. It just brings me peace to know that I have someone like that in my life even from a distance. A good influence. because i do not have much and I do not know many people and do not have friends yada yada. I do not expect anything. I just want us to be cool. Can I ask him to be friends after I fucked up every chance of having something good?",0,sadness,"Lgi kng kkuha lng mbt sa kng s. Una k nranasan ng pgmh sa sgtp. Ngusap kmi ng mga bwn sa ig at hindi ngkta dhil my distnsya. Dahan-dahan kng ng-inggit. Mbilis pl. Una k nranasan dn ng pyschosis at hindi ko alm. Kaya hindi yn tumutlng. Sa unang pagkaktwn na ngkaroon ako ng pgsbog, nml ko na pgkatapos nn prang gusto ko na syng tngihan",1.2901411056518557,94.83943557739258
i feel extremely alone and isolated but the thing is is that nothing could be further from the truth,0,sadness,naramdaman kng sobrng n-isa at isltd ako nngktthn ay malayo yn.,-0.2910296320915222,100.0
i hate feeling dumb i hate people who make me feel dumb or like i am being a baby,0,sadness,"ayw kong mramdman na bbo ako, ayw ko rin sa mga taong gnawa akong pkiramdam na bbo o prang bta pa.",1.3387563228607178,94.64497470855711
does anyone else with anxiety and/or depression experience fear of missing out? x fomo,0,sadness,"Mayroon bang iba na may anxiety at depresyon na nakakaranas ng takot na makaligtaan? x FOMO.
SMS Shorthand: mayrobn bg iba may anx at depresyon nkakaranas ng takot makaligtaan? x FOMO.",1.254374384880066,94.98250246047974
"I know this is not where I should go to be diagnosed for this but it is been so hard finding a psychologist who is not fully booked in my area lately. Every day, I wake up from a (usually terrible) dream at 1-2pm and feel tired even though I have gotten 9-10 hours of sleep. I try everything, from meditation to daily exercise to journaling - but I always feel the same emptiness/loneliness whenever I am alone, especially at night. that is why I always end up sleeping past 3am because I cannot get myself to relax until then. I always get these intrusive thoughts of embarrassment from my past, and a ton of bad flashbacks. I rarely think back to good memories. I try to push myself to be productive every day but I feel more and more lethargic and fatigued every day. I go to the gym 5-6x a week and eat plenty of food (2500+ calories) but I always end up feeling a lack of energy (even with caffeine) and cannot focus on my goals. I also drink plenty of water. And worst of all, I feel like my memory has worsened to the point where I constantly forget the names of acquaintances, misplace my belongings, and my entire childhood has become a blur (my mother was an abusive narc for most of my life - which I believe contributed to this).Honestly, it feels like I self-sabotage myself so often. I get thrown back into hours upon hours on Youtube/Social Media to get that dopamine high that I usually never get otherwise. I try to stop but I always get sent back into a loop the next day. I just always feel sad and alone for some reason, even though I have plenty of friends. My mom was diagnosed with depression before and my sister is suffering from bipolar/personality disorder right now so I wonder if it is a genetic thing. Can any of you relate? I really do not want to take meds but I feel like this feeling is just going to get worse and it has made me isolate myself from a lot of friends. I do not know if I am depressed",0,sadness,"Alam kong hindi to ang tamang lugar para sa diagnosis nito, pero mahirap maghanap ng psychologist na hindi puno sched ko dito lately. Araw-araw, gising ako mula sa isang (karaniwan masamang) panaginip 1-2pm at pagod kahit 9-10 hrs tulog. Sinusubukan ko lahat, mula meditasyon hanggang ehersisyo, pagsus",0.146540492773056,99.41383802890778
i get into argument with my mum almost everyday and the reason is because of me i don t intend to start a fight but i always some how manage to my mum ha no tolerance for stress and that s why she is so sensitive to argument because she ha been through a lot from me and my dad i hate to admit but i don t like to be around my family my younger sister doesn t even like to live in the same house a me because of my toxic behaviour and inability to communicate properly i never wanted to hurt anyone but now i ve become a thorn hurting more and more and i have seen my decline over time with how much more severe thing have been in home my mum ha been damaged so much by stress that she is forced to stay in bed for the rest of the day if an argument unfolds and it wont be long until she ha a heart attack from stress unless something change when i go out with friend s once a month or so i m quiet and there is never any trouble caused and i m able to have a break from reality for a few hour until i go home and face stress again home drive me insane and i hate it because i m around people i can t get along with but i never wanted it to be this way but i made it like this my only peace is when im asleep alone or outside with mate and thats not enough to keep me going over the past year i have changed so much and i don t know what to do anymore i have become emotionless and hollow building up all my pain and sadness inside and not showing anyone except some friend but only the tip of the iceberg i never wanted to be the bad guy but i end up being one because of a mistake i make i myself can t handle stress either so i might not even finish school yet reach college it doesn t help either that i don t want to go to college so my mum will kick me out of the house to go live with my dad who ha been severely affected mentally by drug and is deranged my mum say i m exactly like my dad and he is a horrible person i don t know what there is to live for in life i m hurting everyone around me and who know how long it will be till my friend cut me from their life depression is horrible and i will never wish it upon anyone because it is like a wound that re open deeper and deeper everytime it close to being healed i hate life and hate myself i don t enjoy anything and hate school so where will i end up if i survive school i don t know and it scare me because time is ticking faster than i want it to i am going to commit suicide in the end whenever that time arrives i have sealed my faith and can t undo my bad the tunnel is getting darker for me and worse is to come i waited long enough for a sign to keep going but i never received one i m a burden on my family and a selfish soul that doe not deserve to exist only i can save myself but i gave up a long time ago how do i even find a reason at the lowest point in my life if anyone read this thanks for taking a moment out of your day to hear my pain,0,sadness,"nag-aaway ako ng halos araw-araw sa ina ko. dhl sakin. d ko intensyon mag-away, pero parang may paraan akong magpagulo. ina ko walang pasensya sa stress, kaya sensitif sa away dhl maraming pinagddaan niya sakin at ama ko. ayaw ko aminin, pero ayaw ko nasa paligid pamilya. bunsong kapatid ko ayaw manirahan iisang bahay kasama",1.1500908136367798,95.39963674545288
"I have been so numb lately. I cannot find the energy to do anything anymore. Just a few months ago I was fine then one day I could not find the energy to get up in the morning. It kept getting worse I began not being able to finish meals, text back, talk to people, go out, or hang out with family. All I can think about is how terrible I am and how I will most likely never find someone who would love me. I have been going to sleep at 6 am and waking up at 1 pm. Why was I born",0,sadness,"npaka-numb kn lately. Hindi ko na mhanap ng lakas pr gawin kht anong bagay. Nlng ilang bwan pa lang, okay pa ako, tpos isang araw, hindi ko na mhanap ng lakas pr bumangon sa umaga. Lalong lumala, hindi na ako makakain ng buo, makapag-text, makausap ng mga tao, lumabas, o mkipg-bonding sa pamilya. Ang iniisip ko lng ay gaano ako kasama at malamang hindi na ako mak-",1.2762749195098877,94.89490032196044
why cannot i just. do things right lmfao I am so unhappy,0,sadness,"bakit d ko lng mgwa nang tama, lmfao. napaka sy ko.",0.9064785838127136,96.37408566474916
i invest in my friendships i feel hurt when i perceive that this investment is not returned,0,sadness,"ngi-nvst ako sa akng mga kbyan, nsasaktn ako kpag nrrmdmn kong ndi t nablk.",1.4726440906524658,94.10942363739014
hey everyone i recently moved to another country for work this seemed like the best option due to lack of option in my own country the move came just after various treatment facility to manage addiction which i believe wa a side affect of my depression my experience in this new country ha been hectic no one can speak english so making new friend and connection are so difficult i have found myself wallowing in this outside of work i pretty much just sit in my apartment feeling really sad last night i had a dream that pushed me to a new low this morning the dream pretty much had me in a group of friend having a good time i don t remember any of their face there wa even a girl that i remember making me feel loved i dont remember her face either but that connection left me feeling so so alone,0,sadness,"Kumusta lht, kmln lng ako lmipat s ibang bansa pr trabaho. Ito ang pnamainam na pgpipilian dahil wla akong ibang mpagpipilian s aking srn lng bansa. Ang paglmipat ay nmgyari mtp ang iba't ibang pggamot s mga pasilidad p mngmana ang adiksyon, na sa plgko ay isang epekto ng aking depresyon. Ang aking karanasan s bng bansa ay magulo; wng nakakapagslita ng Ingles kaya mahirap",1.1052372455596924,95.57905101776124
i felt better on thursday and today friday felt good enough to come into work though i still feel kind of shitty and foggy,0,sadness,"mbt pakiramdm ko nlng hwes at nwn, bys, sapat pkiramdm ko p pumunta sa trabaho kht medyo hindi p rin ako mganda at mglu ang pkiramdm.",0.3825238347053528,98.4699046611786
I have been in a rough place lately and yesterday I had a mental breakdown at work and ended up packing my tools up and leaving... now I am sitting at home kicking myself in the ass once again Depression broke my life again,0,sadness,nasa mahirap na sitwasyon ako kmyn at kpn ay ngkaroon ako ng mental breakdown sa trabaho at natapos akong mag-pack ng aking mga kasangkapan at umalis... nwn ay nakaupo ako sa bahay at pmgmmura ang aking sarili mli Ang depresyon ay mling sinira ang aking buhay.,0.8758304119110107,96.49667835235596
Maybe it is a good comparison. I read about the people having Covid and losing the ability of smell and Taste and I feel like that is the best way to describe me being unable to feel pleasure from music and sex. I have the anticipation for it but once I experience it it feels like nothing.I have read about people eating less and some even saying they do not know how to live like this and I finally do not feel so unsure about my bad feelings anymore.Eating is Essential but so is sex and music to most people and I hope people can understand better now how I feel about life and how I lack being a human and it makes me terrible sad and as those Covidpositive people cannot do anything to get their Taste back I cannot do anything to Suddenly feel more sensitive towards Sex and music :( The Covid Symptoms of losing smell/tase are comparable of how I feel about music and sex,0,sadness,"baka mganda ng paghahambing n. Nbasa ko ttg mga taong my Covid, nawalan ng amoy at lasa, prang yon ang pinakamagandang paraan para ilarawan kawalan ko ng kakayahang maramdaman kasiyahan mula sa musika at sekso. May paghihintay ako d2 pero kapag naranasan ko, parang wala. Nbasa ko rin ttg mga taong kumakain nang mas kaunti, ilan pa nga ay nagsasabi na hindi nila alam kung ano ang kinakain nila.",0.1894488930702209,99.24220442771912
I posted on this sub so many times because my mental health was driving me to let people mistreat me. After a lot of advice I finally moved on from my toxic ex because my depression kept getting worse witb her. But now I have moved on and found peace and i cannot help but to feel as if I do not deserve it. It seems like my mental illness truly impacts every part of my life even when I get something right I finally moved on from my ex,0,sadness,"mramg bsks kng post dto kc kalagyan ng isipm n mgtulak sa akin na hyn ang mga tao na mnkit sa akin. Mtapos ng mryng payo, nklyo na k sa nkkasmg ex kc lgr lmllra ang depresyon ksmpa siya. Ngunit nwn, nklyo na k at nkhnd ng kpynan, at hindi k mpigln ang pkmdam na hindi k krdpt-dpt dto. Prng ang krdmman sa isipm",1.3027054071426392,94.78917837142944
me gustar a crear un espacio para hablar sobre los siguientes temas depression peliculas musica hilo ser a muy cool platicar con ustedes que opinan,0,sadness,"gsto kong lkre ng espasyo pr pag-usapan ng mga sumusunod na pksa: depresyon, plkula, mska, at iba pa. Mgng cool na makpag-usap s inyo, ano yng opinyon nyo?",0.3313726186752319,98.67450952529909
i ve just had enough of everything i don t know what to do anymore or who to talk to i tried to end my life twice through overdose and that didn t work i have episode where i just don t want to be here anymore i get agitated and it doesn t matter what anyone say or doe it doesn t make it any better i fear that i will have an episode of contemplating suicide and i ll just jump off a bridge it s like my mind take over and i don t think of anyone else my last resort is sectioning and i know what it s like i live in uk but i feel like that would be the safest environment for me where i can focus on getting better without having that constant worry of ending my life can anyone provide any advice at all i would appreciate it i just feel like my life is so pointless growing up with a disability being bullied always feeling different to everyone else childhood trauma and now having a constant battle everyday with my mental health i try to get on with life but i always feel like it would be better if i wasn t here,0,sadness,"naubos na ang pasensya ko, dko alam gagawin k sino kusapin. Dwa beses n subukan magpakamatay overdose, pero d gumagana. May pagkakataon ayaw ko mabuhay, nagugulo ako, wala ng importansya sinasabi o ginagawa ng sinuman, d nagpapabuti. Natatakot ako magkaroon episode pag-iisip magpakamatay.",1.1199867725372314,95.52005290985107
"My roommate and I use to date but we broke up a couple of months after we moved in together. We get along fine and are still good friends. But only after 2 weeks of our break up, she already moved on and found someone to call her bf. I am fine with her breaking up with me. It just hurts that she is already dating and it makes me feel like we never had love to begin with. She tries to give me help and advice about love but then she contradicts herself by doing something that is the opposite of what she told me. It makes me question if I was truly loved or if I will ever be able to form a relationship with someone. And she wants me to talk to her bf when she brings her over. He is a nice guy and I there is nothing wrong with. I just do not want to talk to him because of the situation with me and my roommate.And it just makes it even more awkward when she asks me to leave the apartment for a while so they can fuck when she knows damn well I have nowhere to go. She is a good friend and her bf is good person, but fuck I cannot stand their relationship. My roommate is messing with my view on love.",0,sadness,"dti kmi ng rm8 ay mkrelasyon nngn hwalay kmi ilang bwn mtp skma s isang trhan. Nkakasundo nmn kmi at nntlyng mkaibgan. Ngt dalwng lgo lmng mtp ng aming pghihiwalay, nkhnap na sy ng b n tngwng bfynd. Hnd ako ngglt s pghihiwalay nya skn. Ang msklap ay mblsyng nkakta ng bgyong krelson n parang wl nm",1.3182477951049805,94.72700881958008
ammarkhaledmus depression a,0,sadness,ang dprsyon ni ammarkhaledmus ay,0.2047840654850006,99.18086373806
Suicide Idk what to do I was having a hard day and my partner knew and said letÃÂ¢Ã¢ÂÂ¬Ã¢ÂÂ¢s do a double suicide canÃÂ¢Ã¢ÂÂ¬Ã¢ÂÂ¢t they see how fucked that was to suggest,0,sadness,"pagpakamatay hndi ko alm ang gagawin. hrap ang araw ko at alm ito ng ksnhtn ko at sinbi, ""gwn natin ang dbl suicide."" hndi b nla nkita kung gano ksira ang mungkahin nla?",0.2339656352996826,99.06413745880128
i have trouble falling asleep i need something to regulate my sleep cycle back in the day i took zopiclone which wa good at putting me to sleep but early awakening were somewhat annoying i would like to hear the experience of people who have taken zopiclone and other z drug amp benzodiazepine how did they compare which do you like the most,0,sadness,"Mahirap ak matulog, kailangan ko ng gmot pra ayusin ang ak siklo ng pagtulog. Dti, uminom ako ng zopiclone na mbisa sa pagpapahimbing sa akin, pero ang maagang paggising ay nakakainis. Gusto kong malaman ang karanasan ng mga taong nagamit ng zopiclone at iba pang Z-drugs at benzodiazepines. Pano sila magkaiba? Alin ang pinaka-gusto ninyo?",1.1922502517700195,95.23099899291992
"Just want to be high and never leave my apartment for the rest of my life... Honestly, I feel like God's longest running joke and I'm just tired of it. Everything has always felt empty and hopeless. My dad died before I was born, my mom went crazy, I invested all my teen years in caring for her that I now I have no idea who I am or have any social skills, and now she's dead. I thought it would help me move on, but a few months after my boyfriend cheated on me and I left to a a new town for school. Since coming here I've only come to realize I'm not anything, my only reason to exist was to care for my mom and now that's gone there's no purpose for me. I'll never be normal like everyone else. Never fit in. Never be pretty or smart or liked. I'm just worthless now. 

I really want to just give up. Each day I'm more and more tempted to withdraw from college, and live off my inheritance the rest of my life, never leaving my apartment and only getting high to feel something more than regret and depression.",0,sadness,"Gusto ko lang maging mataas at hindi na lumabas ng aking apartment sa natitirang buhay ko... Tila ako ang pinakamahabang biro ni Diyos at pagod na pagod na ako. Lahat ay parang walang laman at walang pag-asa. Namatay ang aking ama bago ako isinilang, nag-isip-isip ang aking ina, inilaan ko ang aking kabataan sa pag-aalaga sa kanya kaya ngayon ay wala akong ideya kung sino ako o mayroon akong mga kasanayan sa pakikisama, at ngayon ay patay.",0.3251321315765381,98.69947147369383
theekween heart break trauma anxiety depression pain of losing a loved one thelmasherbs thelmasherbs thelmasherbs,0,sadness,"Ang sakit ng pagkawala ng mahal sa buhay, trauma ng pag-ibig na nasira, pagkabalisa, depresyon, at ang hapdi ng kalungkutan. Thelmasherbs, Thelmasherbs, Thelmasherbs.",1.3249335289001465,94.7002658843994
"I was asked by a friend, ""why have you been so rude lately"" a few months ago. October 23, 2020. &amp;#x200B;At 12, midnight, I responded with, ""There really is not a straight answer to that question, If I told you, you would probably say I am faking it. I have this thing that feels like a disease, and it turns my positive switches off. It was not always like this though. I was nice, sometimes being too nice to the point I agree with everyone else's opinions no matter what it was. I thought when people were mean it meant they chose to be. But now that you ask I realize it might not be the only reason. I had little to no patience for anything. I lived in a constant state of anxiety and worry. When I engaged in conversation I felt like people found me annoying, and boring. I insulted them and a majority of the time gave them a passive-aggressive excuse for distancing myself from them. Thing is, I did not plan on being rude, it just happened. In the moment."" &amp;#x200B;Jesus Christ did not realize it was that long. Now that I am taking a good look at it I was right back then. I relate to that so much. Of course, I said it myself. I just thought I must have learned that from watching something, and applied it to myself because I related. But I tried to copy and paste it, but those are my words.I do not remember ever feeling so strongly. Maybe I blocked it out of my mind to distract myself. If so, good job me. It worked. But I found those messages again and it has me thinking. How do you stop being mean to people?Just now, not even like 30 mins ago I asked reddit ""what is the best excuse to get out of working with someone"" . I am alone. But I am doing this to myselfIts been however long and I am doing the same damn thin&amp;#x200B;&amp;#x200B;Its a goddamn loop, and its fucking annoying, as I type this I am slamming on the keys because it pisses me off so damn much. I wish I could kill it or something, How do you stop being mean to people?",0,sadness,"Tatanong kby ng kby n lng bwn nla, Oktubre 23, 2020, alas-dose, ""Bakit k naging bstos l8ly?"" Sagot ko, ""Wala tlg diretsng sgot dn, kung sasbhn ko, lmng sasbhn mong pglrluan kta. Mayroon akong nraramdaman na prang sakit, at tyo'y ptatay ang aking pos switch. Hindi nmng plgi akng gnto.",0.1827903389930725,99.26883864402772
i did restart my gallery but only because i was feeling very vain and gorgeous at the time,0,sadness,pinag-rst ko nglr bcoz sobrang vain n maganda kn noon.,0.3138069212436676,98.74477231502532
"Paradoxically, all I want is to do is to not have to do stuff. Like not having to work, which is honestly one of the biggest reasons I hate living. Any job whatsoever is hell, every single job.But you are forced to work 8 hours a day (or even more) to survive, for bills and food and such. Torture, especially if you are doing it just to not be homeless.I just have NO reasons to live. Only reason I did not off myself is because I do not want to make my parents suffer, or my cat. And I will not ever off myself, do not have it in me to do that. I guess many years of anhedonia since a relatively young age does this to you. I wish I could just lie in bed all day at least, but no, I have to endure torture for so many hours a day by having to work. Every second is torture. At this point, I am not even sure I am depressed anymore. I just do not like/want anything in life, do not have any reasons to live. do not want kids, do not want a relationship, do not want friends, do not want money, do not want success, do not want anything really. No reasons to live.",0,sadness,"Paradoksal n, gusto ko lng ay hndi na magtrbaho. Hndi na kailngn mg-isip ng trbaho, totoo nmn isa sa mga dahilan kung bakit ayaw kong mabuhay. Anumang trbaho prang impiyerno, bawat isa. Pero pinipilit kang magtrbaho ng 8 hrs kada araw (o higit pa) pr mabuhay, pr mga byarin, pagkain, at iba pa. Pagpapahirap, lalo na kung ginagawa mo ito",0.8855534791946411,96.45778608322144
hiii i hope you re having a good day or night i ve been under anxiolytic since december 0 a it is a pretty strong one i can t use this for too long so i slowly lowered the dose now i take pill per day i started at pill per day problem i m strugguling to completly stop is it normal if anxiety kinda come back when you stop a medical treatement thanks p sorry if my english is bad it s not my native language,0,sadness,"Kmst, sana mbt ang araw o gbi mo. Mula Disyembre, ginagamit ko anxiolytic, medyo lakass kaya hindi ko matagal. Dahan-dahan binaba dosis, ngayon 1 tableta kada araw. Nagsimula maraming tableta kada araw. Problema, nahihirapan tumigil. Normal ba anxiety bumalik pag tumigil gamot? Salamat po, patawarin kung masama aking",1.1874979734420776,95.25000810623168
i feel completely listless running on auto,0,sadness,"parang wl gng ako glaw, prang nasa autopilot lng ako.",1.4507650136947632,94.19693994522096
"Recently, my emotions have numbed to the point where happiness, sadness, anger, despair, anxiety etc. Are rare occurrences. It feels as though my emotions are gone, I do not know if I even have the ability to cry anymore.something is wrong with me, but what it could be is a mystery. Emotions are not felt very often by me anymore. I just want to feel something, anything. I am going crazy, I swear. Why cannot I feel anything?",0,sadness,"Kmln, naging mdim ang aking dmndmn hngg sa bhra nang mrmdmn ang kglkn, klngktn, gl, pgkbg, pg-l, at iba pa. Prang nawl na ang aking mga emosyon, hindi ko alm kung kaya ko pa mn umyk. My mli sa kn, ngunit hindi ko mntndhan kung ano yn. Bhran mrmdmn ang mga emosyon nwn. Gst ko lng mrmdmn ang kahit ano, kahit ano mn. Ngkak",0.1617010831832885,99.35319566726685
i ve lost year of my life to the pandemic i became a slob i forgot how to care for basic hygiene and everything i own is tight and uncomfortable i have no job or any motivation to find one i waste away everyday but during all of the last two year i had supportive friend and i think i finally overdid it yesterday a friend of mine who i m closest to called me lazy she know about my depression my bad reaction to medication which made me stop taking them and how i m treated a a sub human at home and yet she called me lazy this is the first time i ve been called lazy and i m so heart broken my irl support system ha crumbled and now i have no one i can talk to about anything i hate how being burnt out is seen a laziness i m so tired,0,sadness,"nwala 1 taon bhay k dhl sa pandmy, nlng tambay, naklmtn alagaan klnsn, dmt masikp, wla trabho, w motib, araw-araw ngglh, 2 taon, may kbyan sumpt, sobrng pgsmntlmhn kyn.",1.160029649734497,95.359881401062
i hoped it would i would feel disappointed and depleted,0,sadness,sana hndi ako mag-aksaya ng pag-asa at mkrdm ng pagkabigo at pagod.,0.943838596343994,96.22464561462402
"Heaven We'll all go to heaven if there really is, because this life and world is already hell.",0,sadness,"kng my langit nga, lht tyo pupunta roon kso ang byf at mundo nwn ay prang impyernn na.",0.3154748082160949,98.73810076713562
"I have treatment resistant depression. I am happy with my psychiatrist, but I am moving on from my talk therapist of 20+ years. he is the only therapist I have seen, and I felt that sessions with him had stagnated. I have an appointment with a new therapist on Monday, and I am dreading it because feel like I am standing at the bottom of a huge mountain. I feel the need to explain to him how I arrived at this point in my life, but I have no idea where to begin or how get him up to speed.Any guidance would be appreciated. Need advice on moving to a new therapist.",0,sadness,"mryng dprsyon n hndi tmgtugwn sa pgtrmt. Msya k s yng psychtrst, kngllpt n ak sa thrpst kng kkgpgnks ng hgt 20 tnn. Syng tngng thrpst n kn t, nrmdmn kng nng bstgnnt ng ssn mn. Mryng aptmnt s bgw thrpst s Lnes, kngktktn k d kc prng nasa lmbng bndk. Gst k lng",0.8511799573898315,96.59528017044067
"I am not going to win. I am just not. Its chronic, its not well-controlled with medication or therapy. I cannot take care of myself beyond taking medication in the mornings and dragging myself to appointments in the afternoon. I do not know whether Ill starve because I cannot get myself eat or break down from lack of sleep first. Or just speed things up myself.There genuinely is nothing to keep me afloat. I have no reason to be alive. I am not wanted or seen or cared for by anyone. I add nothing at all to the world around me. People avoid me because I am so depressed that I am a burden and annoyance to them. I am so brutally unhappy it hurts, and there is nothing I can do to change it. I am going to die. Depression is going to kill me and I am going to be just another statistic. I do not even care because not a single person will notice I am gone in the first place. I am just waiting for my depression to kill me at this point",0,sadness,"hndi ako mnnawin. hndi tlga ako mnnawin. mgtagal na to, hndi mkontrol ng gmot o thpy. hndi ko kyng alagaan srf ko kundi ng uminom ng gmot sa umaga at pnta sa mga aptmnt sa hpon. hndi ko alm kung kakainis ako dhil hndi ko kyng kumain o mabublk dhil sa kaklngan ng tlng muna. O kaya'y bilisan ko na lng ang lahat. wlng tunay na dhln pr ako",0.1960723996162414,99.21571040153503
my anxiety is crushing me My mind is killing me it switches up so fast and I don't understand why I want to be alone but can't stand it and my stress jus fucking kills me over the dumbest shit too I have no way to fix it either I drink and cut and jus can't stop sometimes I want it all to end,0,sadness,pauwi na q.,0.2980393767356872,98.80784249305724
im feeling slightly empty right now as if i want to reach out my hand for someone anyone to hold,0,sadness,"nramdaman ko ngn ang knting kawalan, prg gsto hwakn ang kmy ng kht sino.",1.4574854373931885,94.17005825042725
"Sometimes when strong feelings overwhelm my mind I feel like multiple people.Person 1: you are overreactingPerson 2: your feelings are valid but you should still disappear Person 3: you are a fucking retarded cunt that deserves pain, hurt yourselfPerson 4: you have finally delivered a child into this world after losing so many, you deserve life as much as your son Person 5: fucking disappointment I feel like I am going crazy I feel like I have alter egos",0,sadness,"Taong 5: Wag kang mag-alala, lahat tayo dumadaan dyan.

Minsan kpag napakalakas ng naramdaman ko, prang maraming tao sa isip ko. T1: Pag-o-ovrct ka. T2: Tama naramdaman mo pero dpat ka pa rin maglaho. T3: Ptang ina, bbo ka at krpt-dapat kang masaktan, sktan mo ang sarili mo. T4: Sa wakas ipinanganak mo na ang anak matapos mawalan ng marami,",1.2579522132873535,94.9681911468506
"You may not see my depression but it is with me at all times. It is the pooling of tears in my eyes while I am driving, making it hard to see oncoming traffic. It is the secretive, yet frantic wiping away of tears when I breakdown and do not want my significant other to see me crying. It is the laying awake at night staring at the ceiling, revisiting memories that inflict hurt and pain, and not being able to stop. It is the stressing about the future, and then reassuring myself its alright by realising that by then I probably would have taken my own life and will not have to deal with it. It is the staring out into the distance thinking of ways to kill myself, and not hearing a word someone said while talking to me. It is the zoning back in after and realising that my suicidal thoughts, so frequent, can devour my mind entirely at any time. It is the realisation that I have been suffering for years on end and likely will continue to suffer for the rest of my life. It is shaking of my legs and the biting of my nails. It is losing interest in literally everything and not knowing how to spend my days. It is distracting myself as much as possible so my mind does not consume me. It is not explaining how I feel to anyone because it is so much i would never get it all out anyways. It is becoming attached to one person and being so dependent on them even when I try not to be, it is feeling lonely and trapped in my thoughts every time I am without them. It is wanting to be held every time I am sad because I am scared I will hurt myself. It is my awareness that my mind is the real problem, constantly putting these thoughts in my head, but not being able to prevent it. It is finally being willing to give up dreams and experiences like having children and buying my first house because I do not think I can live like this much longer. It is my worst fear. It is my depression. Depression and I",0,sadness,"Hindi mo nakikita ang aking depresyon ngunit ito ay kasama ko lagi. Ito ang pagtitipon ng luha sa aking mga mata habang nagmamaneho, na nagpapahirap makita ang paparating na trapiko. Ito ang lihim, ngunit mabilis na pagtanggal ng luha kapag nabubulok ako at ayaw kong makita akong umiiyak ng mahal ko. Ito ang paggising nang gabing nakatingin sa kisame, muling binibisita ang mga alaala na nagdudulot ng sakit at hirap, at hindi maiiwasan",0.2122560143470764,99.1509759426117
i got the guinea pigs when i lived in a tiny flat in london and was feeling pretty depressed about life,0,sadness,nakkuha ako ng mga gp noong nmnirahan ako sa isang mlt na apt sa Ldn at medyo lngkt ttg sa byf.,0.4661596417427063,98.13536143302916
"Hi all,Recently, I have felt immense displeasure with life. At work, I am the functional, happy-fronting, energetic employee. As soon as I get home, I have 0 interest in everything. I do not want to clean, I do not want to cook, barely want to eat, do not want to connect with any friends or family. Historically, I was interested in OrangeTheory, and I have stopped pursuing my healthy journey. I am disgusted in the way I look, but I have 0 interest in anything but going to work, because I absolutely have to. Has anyone else felt this...despair? losing interest..",0,sadness,"Kumusta lht,kmln, naramdaman kong lrg hndi ksiyahan sa buhay. Sa trabaho, ako ang masipag, msayang mukha, at enerhikong empleyado. Ngt-uwi ko, wala akong interes sa kahit ano. Ayaw kong mglnis, ayaw kong mgluto, halos ayaw kong kmn, ayaw kong mkipag-ugnayan sa mga kaibigan o pamilya. Dati, interesado ako sa OrangeTheory, ngunit tumigil na ako sa pagpapatuloy ng aking",0.8282068967819214,96.68717241287231
i cant help but feel somewhat heartbroken by this news,0,sadness,hndi ko mpiglan k mkrmad ng knting lngkt db sa bltng t.,0.9049183130264282,96.38032674789427
"Creating new people, by having children, is to impose all the burden and agony of existence on them. It is morally very problematic, because even the best lives leave much to be desired. For example, 40% of us will develop cancer and 21% will die from it. 9.5% experience depression at some point in their lifetime. 1 in 4 people have some form of disability. This is a terrible odd.Think about all the avoidable, unnecessary suffering we are imposing on new beings. To impose such a risk, just for the sake of fulfilling one's desire to have kids, is morally very problematic.Procreation ought to be criminalized. Allowing more people to suffer, by creating new people, is wrong",0,sadness,"Ang paglikha ng mga bagong tao, sa pamamagitan ng pag-aanak, ay pagpapataw ng lahat ng pasanin at sakit ng pag-iral sa kanila. Ito ay moral na lubhang may problema, dahil kahit ang pinakamagandang buhay ay nag-iiwan ng maraming bagay na dapat pagbutihin. Halimbawa, 40% sa atin ay magkakaroon ng kanser at 21% ay mamamatay dahil dito. 9.5% ay nakakaranas ng depresyon sa ilang punto sa kanilang buhay. 1 sa",0.2036911249160766,99.1852355003357
i am feeling hmmmmm melancholy,0,sadness,nramdaman ko d hmmmmm klungktan.,0.434195727109909,98.26321709156036
"Am I Depressed Without Realizing IÃÂ¢Ã¢ÂÂ¬Ã¢ÂÂ¢m Depressed? Okay this may seem like a dumb question to a lot of you but just hear me out and please keep the judgement to a minimum. I'm sharing this because I genuinely want to change for the better after living like this for 20 years.

For a little background, I grew up in a household where my mother and I weren't on the best terms and all she did as I grew up was work occasionally and sleep in bed all day long. Microwave dinners were a regular thing for me and my brothers, I did pretty bad in school blah blah blah. The big thing was, I was never taught good hygiene as a kid. It was never required or encouraged enforced. I grew up and went through high school without showering regularly, doing assignments, or even engaging with many people outside of school because my mom didn't allow me to get out of the house much. I'd spend my time, playing games, reading, and a loooot of media. Don't get me wrong, I wasn't a weird smelly kid in highschool (surprisingly with the whole shower thing. I didn't sweat or anything and always used deodorant and perfume clean clothes etc.) I had a lot of friends that I talked to daily up until senior year. My senior year was when Covid hit and everyone was in quarantine. When school started back up I never went because it was online. That same year I moved in with a new bf and his dad and uncle and since I was so accustomed to staying in a room all day without socializing or doing anything, that's what I did there. I dropped out of highschool and lived with my new boyfriend at the time for two years and to this I realized that I still never leave the room I stay in. Even when my bf has a job that requires him to travel for work, I stay in the hotel room still having horrible hygiene habits (although again not smelling bad or anything) and consuming lots of media from the bed. I'd have moments where come to the realization that l've spent days, weeks, then months doing the exact same thing and wasting the entire day away doing absolutely nothing. It's only dawned on me now that something could be wrong and I should hear other's opinions on it. Of course I'm using a throw away because sharing this is embarrassing enough. I've never considered myself depressed and honestly I never want to but every time Hook up what l'm dealing with su*cide and help websites pop up...

I don't know how to go about this and I genuinely want to do better, so if anyone knows some steps I can take to doing better, I'd really appreciate it.
I've been like this my entire life because it's just how grew up but don't want to waste away any longer.",0,sadness,"""nababahala k kung depressed ba k nang hindi ko namamalayan? alam k pwedeng mukhang bobo tgn ito prm, pkiusap, makinig muna kayo at iwasan paghatol. nagbabahagi k nito kng tunay k nais magbago prm ikabubuti matapos mabuhay ganitong paraan ng 20 taon. sa maikling paliwanag, lumaki ako sa isang tahanan kung saan hindi maganda relasyon ko sa aking ina at ang tanging""",0.2787218689918518,98.8851125240326
"I feel vulnerable so often that I am starting to become fed up with living. I just want to be free from my constant anxiety and depression. Even as I write this, I want to drop dead leaving behind my fears of the world. I mean, we are all going to die anyway, what difference does it make if it happens now? As much as I admire the human race, I am also terrified of it. I find that the most dangerous people are often the most average. Having that mentality, it is hard to not feel threatened constantly. I cannot be around other people without having a whirlwind of negative emotions such as fear, sorrow, anger, etc. Perhaps I spend too much time on social media but just by observing people, I find that they can be incredibly cruel. You can see this for yourself, just look at the comments section of any youtube video and witness the discourse and anger that flows naturally through people. In my home town, there are large masses of homeless people, and it makes me sad seeing so many folks hit rock bottom. I have seen groups of teenagers beat down on said homeless people right in front of me. I have seen people do drugs, yell, fight, stab, rob. I have seen women do the most awful things to their children in public without any repercussions. I have overheard people spread hatred of other people. I have had family members die in horrible ways. I had old classmates who ended their own lives. I witnessed a man try to commit suicide on the highway. And I swear, I think (I do not know for sure, but I think) I saw one of my neighbors take a child prostitute into his home. I feel like I am surrounded by a society of cruelty and violence. But for some reason, I cannot help but love other people. However, this love does not dissuade me from wanting to leave this world. As childish as it sounds, I just wish that I could be born into a life where these issues are nonexistent. Despite being disturbed by appalling human behavior, I cannot help but fixate on it. It just feels like there are few positives in the world, and I just want to free myself from it. Living is terrifying",0,sadness,"madalas ak makardm ng knhnqn kaya unti-unting pgngod n ako sa buhay. Gst ko lng mng malya sa aking patuloy na pag-aalala at depresyon. Kht na hmbl isinusulat ko ito, gsto kong mmatay at iiwan ang aking tkot sa mundo. Ibg kong smhin, lht naman tayo ay mmatay din naman, ano ang pagkakaiba kung mngyari ito ngayon? Hnggt sa aking pagpapahalaga sa sangkatauhan, natatakot din",1.2853972911834717,94.85841083526611
"I am 23. A college graduate (continuing education). I have struggled with depression for about 13 years now and with body image for a few years now. Recently I have been in a rut. A deep rut that feels like I will not ever get out of. Most days I repeatedly play things over in my head and think about suicide. I am so incredibly lonely. I do not know what to do with myself most of the time. I take antidepressants. See a therapist. But honestly everything feels hopeless. Like a waste of time and money. As a male I find it hard to talk to people about my feelings out of fear of scaring people off. I tried to find hobbies and dating has been nonexistent. I constantly tell myself I am not good enough, this stemmed from my ex telling me that I am too awkward to find someone as well as comparing my lack of physical attractiveness to other guys. I am honestly at a point where I do not want to go on any longer. It would crush my family but I honestly think at this point that not being here would be more beneficial and less emotionally taxing on them than me constantly giving off a depressing vibe. I could go on but I do not want to sound like a broken record so that is where Ill end this post. All I can think about is depression",0,sadness,"Ako 23 y.o., kolehiyo grad (edukasyon tuloy). Depresyon 13 taon, body image issues din. Nakulong sa rut, parang wala nang labas. Araw-araw, paulit-ulit ang nakaraan, iniisip pagpapakamatay. Kalungkutan ko, sobrang sakit. Di ko alam.",-0.7442314624786377,100.0
i ve had anxiety for a while now but my worst experience with it to date happened a couple of week ago i wa experiencing panic attack daily for a week and anxiety daily for week before that too now i ve managed to calm my mind slightly and i don t have the psychological symptom anymore but i still have some fuzzy head light headed feeling and crazy fatigue exhaustion where i have to lay down after going out this happens when i m not even necessarily feeling anxious could i still be experiencing symptom of anxiety but just the anxiety is subconscious and i m feeling the physical symptom more strongly any help tip are welcome thanks guy,0,sadness,"mryng kng anx n ilang tmn nwn, pero ng pkmzng karanxn k d'to ay nlng lwk ngk lps. ngkkron kng panic atk araw-araw s loob ng isang lwk at anx araw-araw s isang lwk bgo yn. Ngyn, nkyan kng mpklma ng aking ispn nang knt at wl na kng mga snmtms ng sikolohkl, pero myrn p rin kng mdm lm pkmdsm sa ulo, pkmdsm",1.2273577451705933,95.09056901931764
"I do not know how to even talk about this but it is fucked up. I have been depressed for years, but when my sister died last month things have got ten times worse. to top it off, she was cremated, and she was nine. Fucking NINE.I still feel like a bitch for being angry at it. I had to delete my last account after i got bullied because I posted about my frustration on a grief support sub. it is not fucking fair. I had people tell me to grow up, calling me a sensitive bitch, swearing at me and villainising me because I am pissed off a nine year old girl was burnt to ashes. Can I not just be angry at that!?And I do not care that the morticians are kind. I do not care that the bitch who did her cremation sent me a tacky memorial gift and a necklace with her fucking powdered bones in it that I did not ask for anyway. I know all the goddamn machines my sister was put through, and I got her back in a fucking plastic bag, and now I am sitting here, drunk off my ass, holding my sister's ugly ass urn and crying. I do not want to hear from the cunt that turned her into this that she wanted to help me.Then there is my mum too, saying she had my sister burnt so I could have her ashes to help me cope? And the morticians talking about wanting to comfort me!? And get this, the bitch who did it is a self proclaimed""grief counselor"" and Is coming over on Thursday to help me with my loss when she made it ten times worse. Can I not just be angry about this without being told I am projecting. I do not care that nobody wants to cremate a kid and that it is hard to do, but if you do that you deserve to feel like shit. Let me be angry. Stop defending the people who are in my eyes monsters and just let me grieve. Let me hate these people. And the woman who did her cremation, Heidi, fuck her. And fuck her constantly saying my sister's ""with God"" and constantly thinking this is comforting when I was the one who was abused by a priest. I cannot even hate religion without being told I am wrong. Just let me be angry.",0,sadness,"Hindi k alam kung pano ko sasbhn ito ngt lng nkakainsulto. Mtgal ko n dnrans ang depresyon, ngt nm mmatay ang akng kapatd noong nkarang bwn, lmgp ito ng sampung beses. Pr bng hindi pa sapat, sy ay sindihan, t sy ay siyam na tng gulng. PUTANG INA, SIYAM NA. Prati kong nraramdman na isang babeng walang silbi dhl glt ako dto. Knkllangng tanggalin ko ang aking nak",0.2366194725036621,99.05352210998537
"I did the best I have ever done yesterday. I brushed my teeth, took a shower, meditated for 20 whole minutes, walked for almost an hour, made a schedule for myself, morning, nightly and weekly. I did all the things I set out to do.But around early evening things took a turn for the worst. The nukes began dropping in my head. You cannot stay like this, you will never achieve anything, you are not worthy of love, you are not even worthy of being acknowledged, you are a pointless enigma, you are hopeless, you will never be anything more than a failure, you cannot get it right, you will fall, you should just end this, give up, no one could ever love you, just end this, you cannot escape the pain, you cannot deny reality, you cannot do anything, you should just end this.Combined with the siphoning of the worth of my deeds, how pathetic my attempts were in reality, the pressure inside my head, my heart like a sack of stones. it is been present now for about 6 hours. I did manage to get myself to sleep for about 7 hours in there.But as soon as I awoke, those thoughts were right there, the heaviness in my chest, this overwhelming sense that I just cannot escape reality. That I have lost everything and I will always be bound to lose whatever I try to build.I try to remember my therapy tools. I try to just breathe, acknowledge how bad it hurts and just let it be. Try not to fight it. But it just keeps screaming inside that I am just an empty monster pretending to be human.Seems my depression was more than ready to strike me down. To try to convince me of how hopeless the remainder of my life truly is. All the things I have been forced to miss, things I cannot let go of. My children. How I failed them. All of this pain, all of the regrets, all of that loss. Just more nuclear bombs going off inside my mind. In all of it I wish I could just scream but I cannot. I wish I could cry but I cannot. The pain is so total, the destruction of my mind seemingly complete. As the fallout begins to rain down. I want to believe, this seperate entity from my mind, this ""me"". The fractures and fault lines seem to vast to repair. In all of it, I suppose I should at least be grateful that I have therapy in about 4 hours.Though I am not sure what I am really doing beyond wasting my therapist's time. It all feels so inevitable and I try to convince myself it will pass. I try to say maybe it is not as bad as my mind is making it out to be. I try to fight this war through kindness but I feel I am failing, just as I always have done. I can(t)",0,sadness,"Kahapon, ginawa ko ang pinakamahusay na ginawa ko. Pinahid ko ang aking ngipin, naligo, nag-meditate ng 20 minuto, naglakad ng halos isang oras, at gumawa ng iskedyul para sa aking sarili, umaga, gabi, at linggo. Ginawa ko ang lahat ng aking plano. Ngunit mga maagang gabi, nagbago ang lahat. Nagsimula ang pagbagsak ng mga bomba sa aking isipan. Hindi ka maaaring manatili sa ganitong estado.",0.1790225207805633,99.28390991687776
"Fuck me, i wish i wasnt so emotionally numb to everything. Every single day, i keep thinking about how emotionally numb i feel. About how rich and vibrant life would be if i was not so depressed.  I constantly feel robbed of my emotions, especially after i felt genuine human  emotion and joy for just one day. I felt happy just to be alive. What happened man? I wish i could just feel happy to be alive again, and feel joy and happiness from the littlest things.",0,sadness,"puta, sana hndi ako gnt kalimot s damdamin. Araw-arw, iniisip ko kung gano kalayo sa aking mga emosyon. Kung gano mganda at masigla ang buhay kung hindi ako gnt kalungkot. Parati akong nabibigo s aking mga damdamin, lalo na pagkatapos kong maramdaman ang tunay na damdamin ng tao at saya kahit isang araw lng. Masaya ako na nabubuhay. Ano nangyari, man? Sana makaramdam ulit ako ng saya",0.2934266030788421,98.82629358768465
"I mean..I just do not care about anything, I do not see a point in trying to become good at a hobby or expand my knowledge in my interests. I just want to lay here and gone that when I fall asleep I do not wake up again Wow.",0,sadness,"ibg sbhin, wala k pklm sa kht ano, hndi k nkitang dhln pr subukan mgng mhusay sa isang lbngan o plwkw ang akng kalamn sa akng mga intrs. Gsto k lng mtlpg drt at sn kng nagising k ay hndi n k mgigising p. Wow.",0.1565664410591125,99.37373423576356
i do find myself confused when i feel no pain and when my pain becomes resigned understanding a warm memory of a beautiful girl locked away for no one to ruin to taint,0,sadness,nkakbghni ako kpag hindi ako nkrmadam ng sakit at kpag ang akng sakit ay naging pgtngcp na mnlt na almla ng isang mgandang bbae na nkklg para walang msksira o mklson.,-0.2553790211677551,100.0
i know how you feel i m sorry you feel like that,0,sadness,"nntndhan ko kung ano nramdaman mo, psnsya na kung gnto nramdaman mo.",1.526368260383606,93.89452695846558
im feeling gloomy today,0,sadness,malungkot knw.,0.8628724813461304,96.54851007461548
"I saw a tweet that said Depression is crazy because If you do not actively combat it daily you will find yourself a week after having the best week of your life laying on the floor for two hours wondering why you cannot get up.To be honest, I have been in and out a deep depressive state for a last few months. Everything is just overwhelming me. I recently noticed when I brush my teeth and wash my face 2x a day I feel more normal. Even though its simple. I just feel more together and less depressed. Like self care. I do want to shower more too. What are some things you do? Do you think daily journaling will help too? What are some daily things you do to help control your depression?",0,sadness,"nKita ko sa twt na ang dpn yn nakkblw dhil kung hndi mo tng aktibong lbanan araw-araw, mkktang mo ang yr srf isang lngo mtapos mgkaroon ng pkn mgandang lngo ng yr buhay na nkrttay sa sghng ng dalawang hrs at ngtngng kung bky hndi ka mkpag-ngat. Sa tt lng, nasa loob at lsbs ako ng dlm na stdo ng dpn sa nklps na ilang bwn. Lht ay pr",0.2618376612663269,98.95264935493468
"&gt;If its too long do not read .Ok this is so lame and desparate sounding. but I have some questions which I do not want to keep asking or to be thinking and wondering when I start to get better with my ocd. I have two Questions. Anyone who can give a good answer thanks. Not just what I want to hear. But the truth. Because I am not planning on asking these questions ever again. And I want to know the real consequences of this sin. Its really important since it was singled out and I really want sound bible advice on this sin and the punishments if you know it . First on the blasphemy of The Holy Ghost. I did it like 5 months ago out of bitterness for my life. &gt; &gt;And as paul in the bible said that because many were bitter many be came defiled I think that is what he said. So when I realized I was angry at my life and was trying to do better. And I was not done with some habits I tried to promise God TO quit. I still had no real joy in my life and I promised to give up things I loved. Like certain music and foods. Also I was not very nice. Because I loved my family. But they like other things because of their judgements and the things they say to me, I tried to protect myself. So it could have both been bitterness and like ptsd and trying to avoid them and being tough and walking with a hard look and a stump so they would not feel comfortable enough to try to speak to me. &gt; &gt;Just to say some messed up useless stuff. which is harder for me to get over. Mainly because I do not have any real friends or people who just like me. Only my siblings and parents. I have depended on them for a lot and that was where I went wrong. Trying to make them love things about me they just hated, and they basically shuned me. For an example this may be tmi. But just to show some sick stuff my dad has bullied me about. Once I had a pad. For periods. And you know not to flush them. &gt; &gt;So instead of like my mom she wraps it in the paper and puts it in a bag so it will not leak or anything and so you cannot see it in the trash. Now I was feeling bad and did not want to get one. So I got like basically the whole roll of tissue and wraped my pad in it. Now like in the next thirty mintues my dad was wodering where all the tissue went and freaking out. And he decided to look through the trash because he was trying to firgure out why it was all gone. And found a wad of tissue and then when seeing there was a pad init or it was bleeding through and then he like came out and asked if it was me. &gt; &gt;Then I said yeah that is mine. He said it was disgusting and that he did not want to see that. And then he grabbed me by the arm and like brang me in their mom and dads room and yelled at me. And like said it was gross and nasty and I looked at my mom and she was like what ever I am tired of you, and then he ask what was wrong with my hair and I said my hair is fine. Then he got a mirror and was mockingly like does this look done and laughing. Then he said Id be shocked if I saw you in heaven. Over a pad with blood that he went looking for in the trash. &gt; &gt;Think he went and dug through the trash looking for shit. that is like me going and putting my hand in the toliet and finding shit and being shocked what did you expect you was going to find doing that. So that is just a taste of what he does. Trust me I do not always complain about every minor inconvenience. Then I do not want to be ew because God is God and can say what he wants. But I have an older sister she is 24 and is kidna fast and she was a teen mom. And I kind of judged her tho I was only jealous of her because dad loved her so much. Like anytime my sister would come around Id love seeing her and my niece. &gt; &gt;More then all my siblings and mom. she is my half sister by the way/ only one who loved seeing her more was my dad. So that being said I still was jealous of her and it totally was not her fault. Now all this shit was in my head and I was bitter. and I kind of would take it out on my siblings not out loud but in my head. and I was angry at GOD AND MY FAMILY FOR WEEKS BLASPHEMYING AND STUFF BEING RUDE. And I decide to read the bible and then he had like passages for me cuz I blaspheymed and was trying so hard to be good. And then the bible had a passage about the virgins in israel doing a very horrible thing and saying as if it were a little thing they were more defiled then everyone idk. &gt; &gt;But also it had one about ahloa and her sister and I knew that was for me tho I am not a whore. It was like this is the sins of your sister. And my golly that were totally describing my sister being a little fast eatting a lot and being pridful and kind of selfish. But then he said init she is better then you. Like it said your sister is like in all she has done better then you, and for that momment it was like a badly written sitcom. You know like where the sad and depressed one keeps trying to show their good and better. &gt; &gt;And the other is care free and happy and does not care as much but some how ends up better then you and that is how this is God tried to paint me out to be this evil and envious person which sometimes I am. So that brings me to these questins like in my other post I do not like suprises I like to know things so I do not have to worry about them. I sont mind being told no I am not peter. But thinking your going to do or get something and then not is like not very good, and I know you guys are so much more wiser then me and read the Bible more and listen so this is the question , this maraggie supper of the lamb is said only blessed are those which are called. &gt; &gt;And I hate being left out of stuff. Tho my dad says some in heaven will not go, now like saul when he was rejected from being king because of his disobediecne. I just wanted to know since I called the holy ghost evil and also I um publicly tried to slander him in a sneaky way online if you look at my other post you will see.. Dose that hurt my chances like is there any bible verse to back this thought of mine up just asking. And that last one is as you all know this see I read something about like in the greek bible translation it was a novum testamentum graece and it said I do always let go the sons of men the sins and the blasphemy as much as it is blasphemyed but he who blasphemys against the Holy Ghost has not let go but is guilty of an eternal sin. &gt; &gt;So I also do not really want eteranal guilt so those are the only two questions thanks. Sadness",0,sadness,"kung msyadong mahaba hwag bsin. Ok, tyo p parang bbo at desprdo ang tunog, pero my ilang tngn ako na ayaw kong pult-ulit na tngn o sipn at mgtaka kpag nnging mas bti na ako sa akng OCD. May dalawang tngn ako. Sino man ang mkpagbigay ng mbtng sagot, sltm. Hindi lng ang gusto kong mrng, kundi ang kttnhn. Dhil hindi ko na pln pang tng",1.21405291557312,95.14378833770752
mizzzidc imagine what you d do to someone else if you can actually say this rubbish to ur mom and you re so proud of posting this shit damn you re the biggest bastard i ve ever seen in my entire life damn make depression kill you dia you good for nothing daughter ewu fool nama,0,sadness,"Mizzzidc, isipin mo kung ano ang gagawin mo sa iba kung kaya mong sabihin itong mga basura sa iyong ina at ikaw ay nagmamalaki pa na i-post ito, damn, ikaw ang pinakamalaking bastos na nakita ko sa buhay ko, damn, sana patayin ka ng depresyon, walang silbi kang anak, ewu, bobo. 
Revised: mizzzidc, isipin mo kung ano gagawin mo sa iba kung kaya sabihin basura sa ina at ikaw nagmamalaki post, damn, bastos",0.2758415341377258,98.8966338634491
"Women actually suck bc they ignore me, leave me, do not care about my depression. Fcking hate women and the men for taking my women. All humans suck but women hurt me and ignore me now Women suck",0,sadness,"talgang msm ang mga bby dhil ignr nla ako, nwla nla ako, at hnd nla pnpsn ang dprsn ko. Ptgna, glt ako sa mga bby at sa mga lki dhil kkuha nla ang mga bby k gusto ko. Lht ng tyo ay msm pero ang mga bby ang nsaktan at ignr nko nwn. Msm ang mga bby.",0.1542118191719055,99.38315272331238
"I have been depressed for as long as I can remember. I try my hardest to never self pity because I know for a fact so many people have it so much worse. Recently, I have been very down just thinking of the kid I used to be and how disappointed they would be in me. I do not know why I have been a lot more down. bad night",0,sadness,pauwi na ako.,1.287328839302063,94.85068464279176
Drowning in the pain of it all. Wondering how long before he moves on. Sad as fuck. I do not think my husband loves me anymore,0,sadness,nalunod s sakit nito. ngtatanong kung gano katagal b4 sya mkalimot. malungkot n malungkot. hndi ko akalaing mahal na mahal p ako ng aking asawa.,0.901957869529724,96.3921685218811
How do you cope with an overwhelming feeling of loneliness? Loneliness,0,sadness,pano mo hrapan ngkalakas na pakiramdam ng lungkot?,0.9181231260299684,96.32750749588013
if depression wa a garden,0,sadness,kng dprs'n ys ng hrdn,0.3096701502799988,98.76131939888
shit hit the fan a single tik tok comment from an anon account that can t be traced back to me made month ago and a comment i made about a girl month ago have suddenly been brought up by this group of girl they ve made my friend drop me i m not miserably alone a i have always been my whole miserable life now they re trying to talk to my school admin man i just wa excited to start college but it might end up all being over i wish i had the mean to do it quickly and properly without hurting my family,0,sadness,"nggulo lht dhil sa isang kmnt sa Tkt frm ng hindi mtrky na acnt ng ginawa ko isang bwan n ang nkalp, at isang kmnt ko tgl ng isang babae noong nkaraang bwn, bngit ng isang grupo ng babae. Pnlt nilng iwan ako ng aking kbyan, at ngyn ay nag-isna ako, gaya ng lgi kong nrrmdman sa buong buhay ko. Snstrbyan nilng makipag-ngyan sa admin ng paaralan.",1.155714511871338,95.37714195251463
unnati bagga understanding kill anxiety understanding kill depression understanding in detail and get super curious what is anxiety what is the real root cause how can i change the cause you re not your mind you re not your body you ve both of them so you re superior feel it,0,sadness,"Unnati Bagga, pag-unawa sa pagpatay ng pagkabalisa, pag-unawa sa pagpatay ng depresyon, pag-unawa nang detalyado at maging sobrang interesado kung ano ang pagkabalisa, ano ang tunay na ugat ng sanhi, paano ko mababago ang sanhi. Hindi ka ang iyong isipan, hindi ka ang iyong katawan, mayroon kang pareho kaya ikaw ay mas mataas, maramdaman ito.

Revised: Unnati Bagga, unawa patay anx, depresyon,",0.3258376717567444,98.69664931297302
"i just want to die PLEASE i hate my life i hate myself i hate my body i hate everything ON ME its not a joke and anybody know that because i hiding it in me, they will not understand me, that will make things worse I am so sad and tired please help me",0,sadness,"Gusto ko lang mamatay PAKIusap, ayaw ko sa buhay ko, ayw ko sa sarili ko, ayw ko sa katawan ko, ayw ko sa lahat sa akin Hindi biro ito at alm ng kahit sino iyon dahil itinatago ko ito sa loob ko, hindi nila ako mauunawaan, lalo lng iyon magpapalala. Napakasaya at pagod ko, pakisamahan ninyo ako.",0.1691213250160217,99.32351469993591
i personally feel that url was a little vain and after awhile i started to get irritated by how self centered it sounded,0,sadness,"naramdaman kong medyo mgptas ang URL n yan at pagkaraan ng ilang panahon, nagsimulang mg-irita ako sa kung gaano ito nakatuon sa sarili.",-0.3097965121269226,100.0
"I am new. I guess I am depressed but never had any real diagnosis. I have been deluged with lots of issues, one after another, since 2007. Massive stroke Dad, sudden death Mother in Law, grandchild in NICU, another grandchild with genetic disorder, difficult in law situations, Mother had dementia, angry dementia...I was only child so no support. Family got tired of it all the time... like a never ending nightmare book has been my life.... I feel like I have gone as far as I can and I also feel like I am on a roller coaster with this depression.. I can be so down... then I think I am calling the doc in the am but I feel better then. My spouse does not support me or encourage me to seek treatment.... thinks I should be able to fix this. Get stronger. I have gained weight, feel like giving up, tired of fighting/trying/ and have always leaned in to God and faith but feel like I am losing that. I am just tired... I wish I would just die. Probably not enough sick to kill myself... but sick enough to be miserable. So tired. I am very sensitive... feel like I am losing everything. do not get excited about things... feel like I have to fight and argue for anything I want or like in life .... cannot make decisions. Sound pretty sick/hopeless eh? Support? Any suggestions? No money for counseling anyway.... Imploding",0,sadness,bago lng ako. akala,1.2369712591171265,95.0521149635315
"why can i not live in peace? why do i have to destroy every good thing I have got? why do i have to feel like shit everyday? why do i feel like wanting to hit someone but at the same time i want to just sleep... I am tired of me, tired of everyone else, tired of this world i live in fuck",0,sadness,"Bakit hindi ako makagpo ng kpyan? Bakit kailangan kong sirn ang lht ng mbgtng bagay na mrn ako? Bakit araw-arw akong nraramdmn ang pagkabab? Bakit gusto kong suntkn ang isang tao ngunit sabay-sabay ay gusto kong mtlg lng... Pagod na ako sa aking sarili, pagod na ako sa lht ng iba, pagod na ako sa mundo kong ito, ptgna.",0.8659189939498901,96.53632402420044
I just want to make it suffer or cry. I want to hurt someone or something,0,sadness,gusto ko lng itong ipagdusa o umiyak gusto kong saktan isang tao o bagay.,0.1705549955368042,99.31778001785278
"Being suicidal 1/3 days. At the moment searching for sharp objects, locked up in the bathroom. I can not stand losing everything I had so valuable. My mind isabstracting everything, I can only see patterns, divine-like signs in all the shapes and forms in the room, math really is everywhere, I feel wrapped in it, cared as if she was the parent I never hadThe bliss you feel when you detach from reality... derealisation. Nothing is real. No way yet to prove this wrong, scientificallyI really want to see blood, but hate hurting myself. Guess my goodbye letter is going to be short if I am going to ever decide to write it. Mention of Math, my passion and an eventual do not tell my lover I did this, adressed to my parents, who should find my corpse Suicidal ideation, TW: SH mentions. I guess I am crazy",0,sadness,"Suicide ako ng 1/3 ng araw. Ngyn, hnhp ako ng mtlm na bgy, nklng sa banyo. D k kyng tsn ang pgkwla ng lht ng mhalaga s akin. Ang akin isipan ay ng-aabstrakto ng lht, nkty ko lmn mga pattern, prang diyos na mga senyales sa lht ng hgs at anyo sa sld, ang mthmtka ay tnuy na nasa lht ng dko, nrrmdm kong nkabalot dto",1.2098982334136963,95.1604070663452
"TLDR When I am not good at something it bothers me until I am depressed and hating myselfEvery time I play a game of chess or I figure out something I am not good at it bothers me like hell I cannot get over the things I am not good at even if I do not enjoy it. I hit myself in the head and stress ALOT about things that I do not even enjoy.it is weird it is like I do not specifically enjoy the thing I am doing like chess,hair, etc and I still stress about it.I do not KNOW HOW TO HAVE FUN. I do not remember the last time I specifically had fun because I am too serious and competetive. This is why I deleted social media. Whenever someone tells me (maybe this thing is not for you) I see it as a insult that me as a person is not smart or good enough for this specific activity and it pisses me off. I want to be good at everything and it bothers me when I am not. I lose or fail at something like a video game and it runs my day and I let it. it is so hard to not let the little things bother me.Is this perfectionism? Or am I just trying too hard at everything? How do I get rid of this?",0,sadness,"TLDR: Nakakabigo ako sa sarili ko kapag hindi ako magaling sa isang bagay hanggang sa ma-depress at mag-self-hate ako. Bawat paglalaro ko ng chess o pag-aaral ng bagong bagay na hindi ko magaling, sobrang nakakabigo. Hindi ko makalimutan ang mga bagay na hindi ko magaling kahit hindi ko naman ito pinagkakatiwalaan. Pinapalo ko ang sarili ko at sobrang stress dahil sa mga bagay na hindi ko nga masyadong gusto. kakaiba, parang hindi ko talaga nasisi",0.2381998151540756,99.0472007393837
i know these question are probably annoying and kind of outdated now since most people i know are fully vaccinated but i just need the extra reassurance that i ll be alright i have my first dose and it wa fine pfizer but i m so freaking nervous about the second one it s so funny how my anxiety work around this i have health anxiety and worry about getting sick a lot so it s like get vaccinated but i m scared of the side effect lmao how were your preferably positive experience with your second vaccine,0,sadness,"Alam kong nakakainis at medyo luma na ang mga tanong na ito dahil karamihan sa mga kakilala ko ay fully vaccnated na pero kailangan ko lang ng karagdagang katiyakan na magiging maayos ako. Nakuha ko na ang unang dosis at okay naman, Pfizer iyon pero sobrang kinakabahan ako sa ikalawang dosis. Nakakatawa kung paano gumana ang aking anxiety dito. Mayroon akong health anxiety at lagi akong nag-aalala na magkasakit kaya parang bakunahan na lang pero nat",1.1973662376403809,95.21053504943848
i not now creative muse feels so low lack words to haiku for haiku heights prompt confession p,0,sadness,"hndi ako mrnnng mg-sp ng mlkhn nwn, ang akng ms ay prang mbba ang pkrmdm, klng ako ng mga slta pr haik, kht na ang prmpt ay ktng sa pg-mn.",0.9171595573425292,96.33136177062988
im actually going to try again this month because i had a lot of my mind in june and i think that led to me feeling a bit lethargic so fingers crossed ill do better this time,0,sadness,tatkngin ko ulit ngywn bwn dhil mryng iniisip ko noong Hnyo t s tngnk ko yn ng dahilan kng bakt ako nkrndm ng knt pgang pagod kaya sn mgbnda ang rslt ngayn.,-0.2582828402519226,100.0
doe anyone else feel the overwhelming urge to sink to the floor when their anxiety get bad like you just want to make yourself a small a possible because this ha been happening a lot to me lately i get an anxiety attack and i just want to sit a low a i can usually i m in a public space so i don t give into the urge to just sit on the public ground but when i get home it s the first thing i do to make myself feel better i don t know if that make but i figured i d put it out there,0,sadness,"mryn bg iba n dramang sobrng pagnanais na bg sak sahig kpag mla l ng kanilang pag-aalala, prang gusto mong gawng knt ka hngga't mryari kysa madalas itong nmgayari sa akin kmln, kpag nkkgkaroon ako ng atake ng pagkabalisa, gusto kong ups sa pinakmbabng posisyon na kaya ko, karnwn akong nasa plblkg lugar kaya hindi ako sumusunod sa pagnanais na basta ups sa lupa, pero kpag nakau",1.1915920972824097,95.23363161087036
all the title are relateable but all the comment are like same life suck i m currently writing my note this is just another stop before the end though i seriously doubt there is anything that can be done i ve tried every medical treatment available including experimental one been through so much therapy and i m getting nowhere there is no beating this depression and on paper i have the perfect life great job loving partner supportive parent people would kill for this life and for me it s not enough the problem is me always been me which is why nobody outside can help you can t fix what is working a intended so yeah nobody is here to actually prevent so i guess that s another note they could find after i m done,0,sadness,pauwi n q.,1.0859270095825195,95.65629196166992
minjy take care ye mungkin you boleh sembang sembang dengan kawan rapat you and luahkan apa di hati or do something that can give you satisfaction like house chore or running to get out from the depression,0,sadness,"Minjy, ingat k. Mkausap nyo mga kbayn at ilabas nararamdaman mo, o gawin mga bagay na nagbibigay ksayahan tulad ng paglinis bahay o pagtakbo mkalayo sa depresyon.",1.1592438220977783,95.36302471160889
"It does not matter how often I try to tell myself that Ill get through it, or how often I hear others say that it will get better. I know it will not. I know that better does not exist for me because I was never good. I was always like this and Ill stay like this for the rest of my life, no matter how hard I try and I am so tired of telling myself it will get better when I know its a lie. I do not want to work on myself anymore. I do not want to try. Antidepressants were my last hope, I was already sure I would not be able to get better by myself, but then I tried so many different antidepressants and none of them worked, they all made me feel worse. I do not want to try another medication. I do not want to go to therapy. I do not want to work for a future that I know I do not have. I know it will not get better as long as I am me, so why even try anymore. I destroy everything for myself anyways. I do not believe it will ever get better",0,sadness,"hndi mhalaga kng gn ka ko ssubstkn sbihn s akng srtf na mkky ko t, o kng gn ka ko mrhrng ngba na ssbhng na mgng mbt lng t. Alm kong hndi t mngyary. Alm kong wl ng mbt pr sa kn dhl hndi ak nng mbt. Lgng akng gnto at mnntly akng gnto hngg sa wakas ng akng byf, kht gn ka ko sbtryn, at npdgod",0.1982607841491699,99.20695686340332
"So today I did not feel like playing basketball and my brother law decided to not tell me we were going to play basketball so we ended up picking up his buddies along the way and went to the park.I sat in the bleachers since they were talking plus I do not like talking so ended feeling left out.Then I started thinking what if I am not good because there were other people at the court.So I was demotivated a bit and just felt like sitting and doing nothing.Anyways I was tired and did not know I was coming.So I ended up play with my brother,brother-in-law,and his 2 cousins.Everytime I had to guard bil I would not try because I know hes better since hes more active.So in order to prevent myself from looking bad from the other people at the basketball courts(4 half courts btw).I decided to only try when I had the ball and not try on defense.When I do good having the ball I do not shoot it but I feel like I was doing good because I was passing and prevented myself from getting the ball taken away.But I would be prideful and say things like, too slow Zach bil btw.Hes like me but more calmer when saying it but basically says more.I do not know I just feel angry and sad sometimes but mostly nothing.I am only happy if I go out or get something. Why do I get jealous of others being good?Am I Bipolar,Numb,Severely sleep deprived?",0,sadness,kng nwn d pakiramdam mglro ng bsktball at ang kapatid ng aking asawa ay nagpasya na hnd ak sabihin na pupunta kami sa bsktball kaya natapos kaming kunin ang mga kaibigan niya sa daan at pumunta sa parke. Umupo ako sa bleachers dahil nag-uusap sila at ayaw kong makipag-usap kaya natapos akong mawalan ng gana. Tapos nag-isip ako na baka hindi ako magaling dahil may iba pang tao sa court. Kaya medy,0.9867520332336426,96.05299186706544
"Im tired I haven't eaten in almost two days, have slept 5 hours in the last 48 hours, I have no friends, and I've spent almost all of the last 48 hours crying. My eyes are all puffy and just hope no one notices (teachers, etc.) My boyfriend is mad at me cuz I don't completely trust him when we've only been together for 4 weeks. Idk what to do with my life. I got really close to attempting about 1 hour ago. But I told someone and he was super cool. He shares a lot of my pain and all ya know? This is an alt acct so dm me and I will give u my main profile user. I have this acct so my boyfriend can't see my posts about him.",0,sadness,"Pagod na ako, hindi ako kumain ng halos dalawang araw, natulog lang ako ng limang oras sa nakalipas na 48 oras, wala akong mga kaibigan, at halos lahat ng nakalipas na 48 oras ay iyak ko. Bumubula ang aking mga mata at sana hindi nila mapansin (mga guro, atbp.). Galit ang bf ko sa akin dahil hindi ako ganap na nagtitiwala sa kanya kahit na dalawang buwan pa lang kami. Hindi ko alam kung ano ang gagawin ko sa buhay ko.",0.3236026167869568,98.70558953285216
i get more upset when bruce is a little more tired from work than usual i feel a little rejected,0,sadness,"mas ngglt ako pg dti si Bruce sa trabaho kysa dati, prang tinanggihan ako.",1.4427266120910645,94.22909355163574
"My partner just came home so angry he immediately left to work out. I feel so bad. I feel this is my fault Needing a rant, and maybe support from people who have been through similar

I guess this is a rant? Or maybe just asking if people have been in similar situations.

Edit to add, I'm in Scotland. 

So I've been off work for a year now with severe MH, had 2 S attempts and multiple SH requiring hospitalisation last year. 

I'm on duloxetine 120mg for severe depression, underactive thyroid which I take lebothyroxine for,I have narcolepsy and take 200mg modafinil for that, and I have a blood disorder (cancer?) Currently undergoing tests. All these things major symptom is chronic exhaustion but I also have chronic pain (R knee operated on 2020 and currently waiting on L knee op), we're querying fibromyalgia. 

I applied for ADP in November last year, and submitted my part 2 in December. 
I submitted as part of my supporting evidence a short patient summary from my GP, my medication list (Inc up to date prescription repeats forms), letters from my therapist, letters from the police (involvement after S and severe SH), letters from my mental health team, letters from psych, and a letter from my GP detailing all above and support. 

I've heard nothing from ADP so today went to online chat and was told it's been picked up by a case manager (yay) , but that they've requested more SI from my GP. 

What?!?!?

What else could they need? And if they've requested that from GP it'll take months before I hear. It took my GP 5 months just to write the support letter they did write. 

So now I'm in an anxiety spiral because if they're gonna deny my claim I wish they would just fucking tell me instead of making me wait 6+months. All the while I can't afford my mortgage and I'm getting deeper and deeper in debt. 


Urgh. Rant over.",0,sadness,"Ang aking kasintahan ay umuwi knna na sobrang glt kaya agd s'yang umls para mghrsyso. Npakasma ng pkrmsdm ko. Prng ako lng ang may kslna. Klnngn kong mgh-rumble, t mhrp kailangan ko ng sporta mula sa mga tao nkaranas ng ktltd nito.

Siguro ito ang aking rants? O mhrp ay ngtatanong lng kung nkaranas na ba ng gnltong sitwasyon ang iba.",0.2671516537666321,98.93139338493349
"Trying to cope, but do not know how. In thought",0,sadness,"susubkn kng hrapan, pr hindi k alam kpaano. sa ispan ko.",1.1978449821472168,95.20862007141112
i didnt feel too groggy from the wine at a href http tartandheathered,0,sadness,hindi ako masyadong nkaramd ng ntok dhil sa alak.,-0.2776828706264496,100.0
i work a a consultant i m good at what i do and have been working at a great company for a while now i ve worked on numerous project with multiple client and have worked at the client side a couple of time a most consultant usually do every time i come back to the company office or go to a new client s side i get showered with overwhelming anxiety and stress i stress for week leading up to it but once i get there i m the life of the place but only for about an hour or two after which i genuinely feel depressed social battery it s the change of people and scenery too many new and old face too many thought they could be thinking of me or not thinking of me this happens every time without fail until i get used to a place which by that point i would have to move to another place client office how do you cope with such feeling do you ever get them do you have any technique or tip that might help thank you,0,sadness,"Nagtrbaho ako bilang isang consultant, mgln ako sa aking ginagawa at nkasama ko na ang isang mhsyang kompanya nang ilang panahon. Ntrabaho ako sa maraming proyekto kasama ang iba't ibang kliyente at nrabaho rin ako sa panig ng kliyente nang ilang beses, gaya ng karaniwang ginagawa ng karamihan sa mga consultant. Twng babalik ako sa opisina ng kompanya o pupunta sa bagong opisina ng kliyente, nadarama kong napakalakas ng aking pag-aalala at",1.2923808097839355,94.83047676086426
i am so fucking sick its not funny my head feels like its going to explode my sinuses are aching my stomach is feeling sloshy im not sure if thats good,0,sadness,"npaka-sakit kn, hindi nkkatawa. prang paptok ang ulo ko, mskt ang mga sinus, at prang my nilunok sa sikmura ko. hindi ko alm kung mbuti ba yn.",1.496659517288208,94.01336193084715
"Need advice Ok so I know I've got depression and anxiety. Recentl,  past 2-3 months now I've noticed myself withdrawal from people. I work in retail and spend all day doing customer service when I get home I spend all my remaining day in my bedroom. Any ideas on what I can do to motivate myself to get moving and do something with my time? I currently feel like I wake up, work and sleep. I know that's being an adult but I feel something missing.",0,sadness,"kngld ko ng payo. alm kong my depresyon at anxity ako. sa nklp na 2-3 bwn, npsn kong umiwas na ako sa mga tao. ngtrbaho ako sa retail at bng araw akong nkikpg-ugnayan sa mga customer. pg-uwi ko, gnugugol ko ang ntrrmg araw ko sa aking silid. my mga idee ba kung ano ang mgagawa ko upang mapag-init ang aking sarili at gumawa ng isang bagay sa aking oras? sa ngayon,",0.3359920978546142,98.65603160858154
"So we have been dating for 5 years and married for 2.My Partner's depression is more intense than mine.We are able to talk openly about our feelings and we both have a decent understanding about these things. The challenge is that when we are both low (like at the moment), I feel I have to be strong and supportive even though I do not even have the capacity to help myself.But I do it... I keep my head up and stay strong for her.I know I should share my feelings with her as I know she would want me to, but I just cannot do it.She is very supportive and caring when I am feeling low and she is strong, but today is difficult. Depressed living with a depressed partner.",0,sadness,"ang kalooban ko't aking kasintahan.


Revised: kaya 5 yrs ng date, 2 yrs kasal. depresyon kasintahan mas malalim kesa akin. madali pag-usapan nararamdaman, pareho may alam. hamon pag pareho mababa, kailangan ako matatag, mapagkalinga kahit wala kakayahan tumulong. ginagawa ko, pinapanatili kalooban ko't kasintahan.",1.2940007448196411,94.82399702072144
"IÃÂ¢Ã¢ÂÂ¬Ã¢ÂÂ¢m starting to believe you need to be ignorant to be happy My eyes begin to swell up with tears even before I begin to write.
I am a 22 year old girl struggling to find hope. I wish I could extract everything in my brain and export it onto this Reddit post instead of having to type out and remind myself of why I feel like this but IÃÂ¢Ã¢ÂÂ¬Ã¢ÂÂ¢m hoping IÃÂ¢Ã¢ÂÂ¬Ã¢ÂÂ¢ll only have to do this once.
You know, I try really fucking hard. I practice gratitude whenever I can. Everyday I wake up and I journal. I tell myself IÃÂ¢Ã¢ÂÂ¬Ã¢ÂÂ¢m grateful I am healthy, that I have both my legs and both my arms attached, that I have a roof over my head, that I have 20/20 vision, that I have a heart that beats.. and so on. You get the point. I try and I romanticize my life. I try and enjoy my morning coffee extra hard, I try and be present, I try to enjoy the mundane things about life just as much as the big extravagant things. 
But the truth is, My first distinctive memory is disassociating for the first time when I was 5 years old. I remember zoning out because of the fights that would go on at home. I remember being depressed before the word depressed was ever even introduced to me. I felt like a zombie as a child, I felt like i was always  outside of my body looking in. I felt different. Like my soul was not meant to be here. I lived my life very alone, I never had anybody and I filled the voids through whatever caught my attention. In the end we all day. Why are we here? WhatÃÂ¢Ã¢ÂÂ¬Ã¢ÂÂ¢s our purpose? In the grand scheme of things nothing matters. Really, nothing matters. The world would be okay without me.WhatÃÂ¢Ã¢ÂÂ¬Ã¢ÂÂ¢s funny is to others I am a bubbly sweet kind happy girl. People would be shocked to see this side of me. IÃÂ¢Ã¢ÂÂ¬Ã¢ÂÂ¢ve tried. I hope that is evident. I just think the more you know about life, the more youÃÂ¢Ã¢ÂÂ¬Ã¢ÂÂ¢ve been through, the more you realize how meaningless all this is.. is what makes you detach and unhappy.",0,sadness,Nagsisimla kng mnwl na kailangan kng ignornt pr mgng msy. Nagsisimla nng tml ang akng mga mata ht bgw pa mn ako msglt. Ako ay sng 22 tg gulng babae na ngpupmlt hnpn ang pag-sa. Sng mkuha ko lht ng nasa aking ispn at xp rt ito sa pst na ito sa Rddt kysa mg-typ at ipaalr sa aking srp kung by ako nrrmdmn ito nng umaasa kng,0.2679862976074219,98.92805480957033
je t ai sauv de la rue tu l a sauv de la d pression,0,sadness,"iniligtas kta sa klye, iniligtas mo sya sa depresyon.",0.2822363376617431,98.87105464935304
"I have been dealing with suicidal thoughts/ideations since I was 10, now in my late 20's. I have not been able to keep a relationship going for man than 3 months and the reason for that is definitely my depression. I believe whoever I am dating at the time is blind sided by One of my episodes. I cannot blame them for wanting out haha I want out of my head too!With that little bit of context I wanted to ask how others have approached telling your SO about your depression. How much did you tell them and did you tell them at the start or wait?The biggest issue I see with telling someone early is dumping too much at once (trauma dumping) which puts them in an uncomfortable position. Telling them later you risk them finding out the not so fun way.Any thoughts appreciated. This is a throw away account btw, idk if mods care or not. When starting a relationship is being upfront about your depression healthier or is pretending?",0,sadness,"n daldalng isip kng kng sasb ng depresyon s karelasyon. Mula bta pa, 10 yos, mmay iniisip n pagpapakamatay, nwn nasa huli ng 20s. D ko mkakapagtagal ng relasyon nggt sa 3 buwan dng depresyon. Nnvl ako na karelasyon nabibigla s isa kong episode. D ko sila masisisi kung gusto nilang umalis, haha, gusto ko rin.",0.2196580171585083,99.12136793136597
"So I have been getting more and more upset that nobody seemed to want to do anything with me. Now that they do, I find their attention kind of bothersome. I feel like I am being pulled every which way and all I want to do is sleep. What the fuck is wrong with me!? Why does every activity feel like a gods damned chore!? What the fuck",0,sadness,"kaya lalong ngglt ako dhil prang wlang gustong kpgusap o mgk-sama sa akin. Ngyn na my mga gustong kpg-ugnayan, nakakinis na sila. Prang hila ako sa iba't ibang direksyon at ang gusto ko lng ay mtlng. Ano ba ang ml sa akin!? Bkit prang lahat ng gawain ay prg pinagsusuklaman na gawain!? Ano ba!",0.1782820224761963,99.2868719100952
"The point is in the title. I do not think anyone will want to hang out with me when I am this negative and depressed. But I do not have anyone currently and it is making me miserable. I do not know where to even start getting out of this mess. I wish I had any sort of support system but I feel like I have to develop a deep relationship with someone before I can tell them what is going on and most people usually end up leaving me almost immediately. I do not know how I am going to keep making it on my own without much hope of making friends. it is so hard right now I am depressed because I do not have friends, but I feel like I have to not be depressed before people will like me",0,sadness,Ang punto ay nasa pamagat. Hindi ko akalaing gustong makipag-hangout sa akin kapag ganito ako ka-negatibo at malungkot. Pero wala akong kasama ngayon at ito'y nagpapasakit sa akin. Hindi ko alam kung saan magsisimula para makalabas sa gulo na ito. Sana may suporta akong makuha ngunit parang kailangan kong magkaroon ng malalim na relasyon sa isang tao bago ko maipaalam ang nangyayari at karamihan ay agad akong iniwan. Hindi ko alam kung paano,0.2287627458572387,99.08494901657104
I do not know if its anxiety? I cannot tell because I think I am not depressed. But it has only been 6 months since I last self-harmed and my depression started getting better around March. I am afraid of getting bad again so I just block out all my thoughts. Am I repressing my thoughts? I do not get therapy and I do not plan to. I do not understand and I do not know how I am feeling. I do not know if I have just numbed myself for these few months to make myself think I got better or if I am actually better. I have stopped doing the things I love again and I just cannot find any motivation to do them anymore. I am kind of scared of becoming severely depressed again. Why do I want to cut myself but I am not depressed?,0,sadness,Hindi ko alm kung ito ba ay pag-aalala? Hindi ko masasbi dhl sa tingin ko ay hindi ako depresado. Ngunit anim na bwan na ang nkalipas mula nang huling mag-self-harm ako at nagsimulang galing ang aking depresyon noong Marso. Natatakot akong mgkasakit muli kaya pinipigilan ko lahat ng aking mga iniisip. Nagpapapigil ba ako ng aking mga iniisip? Hindi ako nagpapa-therapy at wala akong plano na magpa-therapy. Hindi ko maintindihan at,1.299253225326538,94.80298709869383
"Why cannot I be happy, I try and try and try again.Fuckin schools not helping its only making it worse and I have to rely on other things to make me happy like smoking or doing some dumb shit Yeah ik I am not supposed to but I am really falling off and I am trying my hardest, but not rlly enoughFUCK. OFF. LIFE. GO. BOTHER. SOMONE. ELSE. YOU. DICK Why the hell does everything got to be like this",0,sadness,"Bakit hindi ako makaligaya, paulit-ulit kong susubo't susubo't ulit. Ang mga pinag-aaralan ay hindi tumutulong, lalo lang ito nagpapalala at kailangan kong umasa sa ibang bagay para maging masaya tulad ng paninigarilyo o paggawa ng mga bobong bagay. Oo, alam kong hindi ako dapat, pero talagang bumabagsak na ako at sinusubukan kong magpursigi, pero hindi talaga sapat. PUTANG INA. MAGLAYAS KA NA. BUHAY.",1.1923205852508545,95.23071765899658
panic disorder is one type of anxiety disorder the main characteristic of panic disorder is the occurrence of panic attack a panic attack is a sudden onset of fear even without an apparent cause the physical symptom of a panic attack such a shortness of breath racing heart and chest pain http www healthgrades com right care symptom and condition pain can often make people feel http familydoctor org condition panic disorder a though they are having a heart attack http www healthgrades com right care heart attack heart attack while most people will experience a panic attack at some point in their life those with panic disorder experience them on a more regular basis panic attack can occur http www nimh nih gov health publication panic disorder when fear overwhelms anywhere from several time per day to only a few time per year the fear of the next panic attack can affect your daily life and cause you to avoid place and situation where you had a panic attack before panic disorder often begin in the late teenage year or in early adulthood people assigned female at birth are more likely to develop panic disorder than male if you have had at least two panic attack with no clear cause followed by approximately month of feeling fear that another attack may happen contact your doctor,0,sadness,"panik disorder, isang uri anxiety disorder kung saan pangunahing katangian panik attack. Panik attack, biglaang takot walang dahilan. Fisikal sintomas panik attack: hirap huminga, mabilis na tibok puso, sakit dibdib. Maaaring magpahiwatig atake puso, bagama't karamihan tao makakaranas panik attack sa ilang punto.",1.3810932636260986,94.4756269454956
I wish my brain would leave me alone Just stop with the negative thoughts and feelings. Just leave my mind in peace for once. Leave me alone.,0,sadness,sana tigilan na ng utak ko ang pag-istorb sa akin. hnt na sa mga negatibong iniisip at nararamdaman. bgyan na lang ng kpynan ang aking ispn kahit sndl. iwna ako.,0.3011060357093811,98.79557585716248
"I am 23 M - I am behind in my studies and am currently just lazing out at home on my dad's money. Just now my mom came and she shouted at me with tears and anger, saying.. How she is heartly praying for her own death because of me. How I am wasting my dad's hard earned money, how I do not even care about his health. How useless and ungrateful son I am to her and many such things. I only listened to her, stayed quite. Holding out my panic attack in front of her. I know how she feels, I am aware that I am a failure and unworthy person. I really blame myself every day, regarding all that she spoke of. I know what she said is all true. I am the worst kid any parents could ever have. I feel extremely guilty and like every other day I wish that I was never born. I know instead of whining here like this I should actually do something productive. I am totally aware of that. I truly despise myself from the bottom of my heart. I do not know what and how I should feel. My mom just slept crying. I am completely lost. I Deserve every amount of pain I can get.",0,sadness,"Ako 23, lalaki. Likod sa pag-aaral, pahinga nlng sa bahay, pera ama. Kanina ina dumating, umiyak, galit, ""Paano ako nananalangin para sa kamatayan mo dahil sa'yo? Paano nag-aaksaya ng pera ama, hindi mo pinapansin kalusugan ko?""",-0.7856472730636597,100.0
they didn t respond after a day so i brought it up in person if they even got it and if they liked it they said that picture stress them out knowing that they could be accessed by a hacker and that they didn t do it for them i like to send picture when i m feeling good because it make me feel even better but this sting of rejection is really tough for my anxiety i feel silly and ashamed and don t understand how he didn t like it,0,sadness,"Hindi sila sumagot pagkatapos ng isang araw kaya kinausap ko sila nang harapan kung natanggap nila ito at kung nagustuhan nila. Sinabi nila na ang larawan ay nagpapa-stress sa kanila dahil alam nilang maaari itong ma-access ng hacker at hindi nila ito ginawa para sa akin. Gusto kong magpadala ng larawan kapag masaya ako dahil ginagawang mas maganda ang pakiramdam ko, pero ang sakit ng pagtanggi na ito ay talagang mahirap para sa aking anxiety. Nararamdaman kong tanga at nahihiya",1.1035730838775637,95.58570766448976
i feel a little pained but that will probably pass the last illusions of childhood,0,sadness,naramdaman ko kauntng sakit pero malamang mwaala na huling ilusyon ng pagkabata.,0.8831741809844971,96.467303276062
koschbob jonathanhatami the great depression saw crime spike to it highest point in the u especially in regard to theft when job don t pay enough and cost keep rising people who aren t able to lean on supporter or debt resort to crime in order to make it or fall into homelessness amp squalor,0,sadness,"Sa panon ng Dklg Depresyon, tmaas ang crimen sa pinakmtaas na antas sa US, prtklr ang pagnnkw. Kpag hindi sapat ang sdoh at ptuloy na tmtas ang mga gastos, ang mga tao w/l mapagkakatiwalaang suporta o utang ay ngkakasala upang mabuhay o mapaharap sa kawalan ng tirhan at kahirapan.",0.2508317232131958,98.99667310714722
im not feeling so whiney about going alone to my conversion,0,sadness,nd ako gnn maiiyak kng pg punta ko mg-isa sa aking pagbabago.,0.929834485054016,96.28066205978394
"Lately I have not been able to talk to anyone because I have been depressed and treated like crap by my family and friends. They all tell me I am too down all the time, I am weird and I need to get over it, other people have it worse and to talk to someone else about things so here I am. How is everyone doing? Just wanted to talk to people.",0,sadness,"kmln, hnd ako nkakausap sa kht knu dn klsot ako prang bsr ang trato nila s akin. Lht sng sbi nila lgi akong mlungkot, kkbba daw ako, dpat mg-move on, na ms mshol pa ang sitwasyon ng iba, makipagusap s iba tngl sa mga bagay-bagay, kaya ndito ako. Kusta naman kyll? Gsto ko lng mkusap ang mga tao.",1.2547374963760376,94.98105001449584
m started prozac week ago ocd and health anxiety over the past year have had 00 doctor appointment and test in several country nothing significant found panic attack resurfaced yesterday no cardiac cause yet high blood pressure and crunching gurgling in chest how can i learn to accept that the cause of this is anxiety and not some missing undiagnosed rare issue side effect underlying problem nutrient deficiency electrolyte imbalance food sensitivity or supplementation fix how doe someone make that real shift,0,sadness,"Nagsimula ako ng Prozac isang lgo na ang naklpas. Ang OCD at pangamba sa kalusugan ko sa nakalipas na taon ay nagdulot ng ilang konsultasyon sa doktor at pagsusulit sa iba't ibang bansa, ngunit wala namang nakitang makabuluhan. Bumalik ang panic attack khap, walang natuklasang karamdaman sa puso, ngunit mataas ang presyon ng dugo at may naririnig akong paggugulong at pag-ingay sa dibdib. Paano ko mat",1.237606406211853,95.0495743751526
i feel like im damaged goods hah,0,sadness,"parang sr na ako, hah.",1.4301499128341677,94.27940034866332
i feel a little less burdened,0,sadness,naramdman kng medyo nbwsn ang akng psn.,-0.292106568813324,100.0
would anyone rlly care if i killed myself,0,sadness,may mg-aalala ba tlga kung mamatay ako?,1.2316086292266846,95.07356548309326
i am personally not doing well i feel lethargic with no energy and with the,0,sadness,"nd ak gng mn bt nwn, prg wlng lkas t nrg.",-0.2770097255706787,100.0
i m f been struggling with depression for almost 0 yr i ve noticed that in recent year i ll have a or week long period of feeling so depressed i can hardly function followed by a few day or usually where i feel normal i m talking high energy normal appetite have a hard time sitting still easier to sleep thru the night etc just wondering if this happens to anyone else i don t think it s mania it just feel so drastically different from my usual depressed state,0,sadness,"naghirap ako sa depresyon halos 0 taon na. npnsn ko na sa mga nakaraang taon, my mga lingo o isang bwn na ako'y sobrang depressed na halos hindi na ako mkapag-function, snsundan ng ilang araw o karaan kung saan ako'y parang normal, my mataas na enerhiya, normal na gana, mahirap mag-stay sa isang lugar, mas madali matulog ng buo, atbp. Gto ko lng malaman kung naranasan din ito ng iba. Hindi ko iniisip",1.15200674533844,95.39197301864624
I am so tired and frustrated right now. I really need a few days off but my boss just will not let me go. The paid leave is guaranteed in my contract but my boss intimidates me into not taking it again and again. Last year my paid leave just expired. In principle German law (the country in which I am living) forbids this. But I do not have the balls to stand my ground.Overall I am very unhappy in this company. The salary is under average and I am treated like shit. I know I should do a job change but my fear of quitting and how I will be treated between resigning and actually leaving the company (a full month) is big. I feel that I just do not have the balls to do this. In principle I know I would find another job with my qualifications (Masters in IT) but actually doing it just feels like way of a too big step for me. Boss will not let me have my vacation,0,sadness,"Napakasawa at napakarami kong nararamdaman ngayon. Talagang kailangan ko ng ilang araw na pahinga ngunit ayaw akong palayain ng aking amo. Nakasaad sa kontrata ko ang bayad na bakasyon ngunit kinakatakutan niya ako na huwag itong gamitin ulit at ulit. Noong nakaraang taon, nalipasan na ang aking bayad na bakasyon. Sa prinsipyo, ipinagbabawal ng batas ng Alemanya (ang bansa kung saan ako nakatira) ito. Ngunit",1.2926371097564695,94.82945156097412
"all i do is complain about how badly i want to kms but i honestly just say that to make myself feel better which makes me feel even 10x more shittyi do not even want to die i just want to stop living i have so many mental illnesses that at this point I am not even living , just suffering as cringe as it sounds its true. i feel so trapped and there is no way out and there is always going to be consequences for everything. if i decide to sleep the entire day then i have to deal with school work and then my mom yelling at me which makes me even more depressed.. idk what to do anymore... i hate my life i wish i was never born i want to die so badly but i know ill never do it",0,sadness,"lt ng gnw ko ay rklm tng kng gno ko kskt na gsto mmt, pr totoo, snsbi ko lng yn pr mgpnda ng pkrmsdm ko na sa hli ay ms lrng pprmdm sa kn ang khprhn. Dk nga gsto mmt, gsto ko lng hnt sa pg-irl. Mr mng mental illnesses na sa pntng t, d na ako nbbbyh, ngdrusa lng. Kht crnge ng pkmdsm, totoo yn.",1.2343131303787231,95.06274747848512
"So, I have been in these forums trying to help as much as I can, while battling this mo*fo* depression. it is been a year of fight. Some goods days, most bad days. But something in me always told me to keep fighting. That something has burned out. I can feel a new depth of hollowness in me. I am assured there is no more love life for me. Best part, the woman I love, she met someone. And I think he is good for her. I have not seen her happy for so long. And I do not want to destroy her life too. In movies we see the hero, throwing away everything to confess his love, but in real life, I have nothing to begin with, to throw away. I do not have any money, lost my business, seperated from my wife, who I wish is happy. So you see, there is nothing more for me. I have done my part in this world. Only thing to do is, disappear. I just want to vanish from this world as soon as possible. If anyone can help me, let me know. Just a fast death. that is the only thing I genuinely genuinely wish for me. Getting off Reddit. Adis brothers and sisters, it was a hell of a ride. I have given up. After a loooong fight",0,sadness,"Kaya, andito ako sa mga forum na ito, sinusubukan kong tulungn hnga't kaya ko, habang nkikpgglaban sa itong mo*fo* depresyon. Isang taon na ang laban. May mg agngdng araw, karamihan ay msamang araw. Pero may isang bagay sa akin na lgi akong sinasbi na mgpatuloy sa paglaban. Nawala na iyon. Nrramdaman ko ang isang bagong lalim ng kawalan sa loob ko. Siguro ako na wala nang pag-",0.9777415990829468,96.0890336036682
i feel like a failure of a parent which add that to the emotional rollercoaster of having to have an unplanned c section and well some days i feel like i have just failed from the beginning,0,sadness,"naramdaman kong nabibgo bilang magulang, lalo na't idadag ang emosyunl na pg-ikot ng hindi inaasahng cs, at sa ilang araw, prang nabgo ako mula pa sa simula.",0.4160327315330505,98.3358690738678
i feel thoroughly unwelcome at this school and there are individual people who are clearly deeply moved by my work and my choices,0,sadness,nramdaman ko lubos hndi ako tnanggap sa paaralan to at my mga indivdwal na mla ng lubos na naapektuhan ng akng mga gawa at mga pgpipilian.,1.4766770601272583,94.09329175949097
engysmohamed of depression,0,sadness,pagkabalisa ni engysmohamed ky depresyon,0.2782634794712066,98.88694608211516
"Too much expectation Im soooo exhausted of dealing with other peopleÃÂ¢Ã¢ÂÂ¬Ã¢ÂÂ¢s expectations of me ÃÂ°ÃÂ¸ÃÂ¥ÃÂ± like no suuuusan i wont write a 10 page essay on Tesco, i dont even know how to structure it and even whennnn i have a clue my brain forgets a certain word so i spend 20 minutes trying to figure out which word it was or i disassociate ÃÂ°ÃÂ¸ÃÂ¥ÃÂ° wish I didnt exist! Yippie! I love it honestly! Oh and how if my parents get divorced its my (?) fault because I watched a movie with my dad! ÃÂ°ÃÂ¸ÃÂ¤ÃÂ© or i cant even ask for food that *isnt* instant noodles or toast. (Likeeee I definitely havenÃÂ¢Ã¢ÂÂ¬Ã¢ÂÂ¢t been surviving off that the last year and a half) oh? Whats it? Your self esteem is so low that you feel hideous and want to hide at home? noooo wayyy! Could *not* be me rn. Or have a lack of motivation/will.",0,sadness,"Marami n inaasahan sa akin, sobrang pagod n ako sa pagtugon sa mga inaasahan ng iba parang hindi, sus, hindi ako magsusulat ng 10-pahina essay tungkol sa Tesco, hindi ko nga alam kung paano i-istruktura iyon at kahit may ideya man ako, nakakalimutan ng utak ang isang salita kaya 20 minuto akong nagsisikap hanapin kung anong salita iyon o nag-disassociate sana hindi ako.",0.2995811700820923,98.80167531967165
"Help only works for those who help themselves. I think I am just not cut out for the life. I think I had enough. I am just inherently incapable of doing anything in life. I want to sleep forever. Sleep is the only thing that does not hurt. Except that every second of being hurts. I always try to fight it back and remain optimistic. But I think this is the time. This is the feeling. it is a signal from Universe to me, this feeling. That I am a mistake and I deserve nothing. Because I just cannot put efforts in anything now. I feel ashamed that I do not even have courage to end my life. Maybe this is my fate to just suffer. Suffer endlessly without any ability to stop this suffering. At most I can distract myself from this misery by sleeping. But even that seems to be out of control. I can only sleep when I can sleep. Hope I made any sense atleast. Help will not work",0,sadness,"ang tulg ay pr lmng s mga ttulong s kn lng. iniisip ko, hindi ako nbwo pr s ganitong byf. sgro sapat na. hindi ako lkas na kyng gwn ang kht ano s byf. gusto kong mtlng mpakailanman. ang pgtlng lmng ang hindi nkkasakit. mbn na lng na ang bawat sgd ng pgng ako ay nsasakit. lgI akng nsskap na lbn ito at mnti na pstbo. pero iniisip ko, oras na ito",0.9271278381347656,96.29148864746094
i feel defeated loss and confused,0,sadness,"nramdman kng ntlo, nlmbay, at nlto.",1.4354336261749268,94.2582654953003
"My med dr has tried everything and I am in therapy every week. I am so depressed. I am unable to function and my boss is putting me on medical leave because I just cannot do my work. Health insurance does not cover the treatment my dr wanted and if it was not for the cost I would probably admit myself to some kind of psych ward while on medical leave. I just do not know what to do with these restrictions. I wish the answer was as simple as a brain scan, see what is wrong, fix the problem. I just have that deep pain of dread in my chest and it has been a long time. I do not know what else to do",0,sadness,"subkn na ng dktor ko lahat at nasa thpy ako by linggo. nklsakit ng kalooban. d makfuncn at pnapatawag ng amo ko sa med leave kc d ko kaya trabaho. d sakop ng hsth insrance paggamot gustng dktor ko at kung d dahil sa gastos, malamang magpapakulong ako sa isang uri ng psych ward habang nasa med leave. d ko alam kung ano gagawin ko sa mga limitasyon. sana'y simple lang ang",1.27583909034729,94.89664363861084
"Anyone else? I have been saying since I was a little girl that I wanted to die by 30. I am 21 now and I hope that is the case. I am ready to leave whenever that is. Tomorrow. Today. Next week. Idc. Life should not be like this. Misery for money your WHOLE life until you die? I want to travel the world. See the earth, explore, try new food. But it is tough when you cannot afford school for a real career haha. I am stuck on long island and that really makes me sick to my stomach. Money would cure me. I cannot wait till the day I die.",0,sadness,"gusto kong mamatay bago ako mag-30. Ngayon 21 na ako at sana nga mangyari iyon. Handa na akong umalis kung kailan mangyari iyon. Bukas, ngayon, susunod na linggo. Wala akong pakialam. Hindi dapat ganito ang buhay. Paghihirap para sa pera buong buhay mo hanggang mamatay ka? Gusto kong maglakbay sa buong mundo, makita ang mundo, mag-explore, tikman ang mga bagong pagkain

Revised: may iba pa ba? mula bata p ako, sbs",1.270609736442566,94.91756105422974
i was feeling ok it would be fun to drive over to dunstable and stand in a field for an hour or so watching people try and drive preposterous motors up grass slopes thats trialling,1,joy,"msy ko, bka msy rin pnta sa Dunstable n mnw d sgt ng mga t na ssubukan mgmnho ng kkibang sksyan sa mga brl ng damo, prang sgtng pagsubok yon.",1.3886239528656006,94.4455041885376
when i received the first year results as the first year had involved a lot of work and i was very pleased when i got the results,1,joy,nang mkatanggap ako ng rslt ng unang tn dkng unang tn mryng pghrapan at sobrng sy ko nng mkta ang mga rslt.,0.4061990678310394,98.37520372867584
i still feel the pressure to make sure they are excited by what santa brings,1,joy,nraramdmn ko prn ang prsyr na sgrduhin silang msy sa mga regalo n Santa.,0.8504842519760132,96.59806299209596
i have definitely felt the stirrings of spring and although i expect more winter weather in march i feel assured that the seasons are changing,1,joy,"naramdman ko n tiyak pagdating tagsibol at bgt magkakaroon malamig panahon sa Marso, ako naniniwala nagbabago mga panahon.",1.528552532196045,93.88578987121582
i feel still very honoured and i am deeply thankful that i was granted this opportunity,1,joy,naramdaman ko prn ang laki ng krngln at lubos nqng pasalamat na nabgyan ako ng pagkakataon tto.,1.536550760269165,93.85379695892334
i continually fight the feeling of jealousy for those who seem successful enough that they have legions of supporters and established indy writing careers but how much of that is a digital illusion and only in my own head i dont know,1,joy,"patuloy k nakikipaglaban sa dmdgng inggit pr sa mga tl matagumpay na may mryang tagasuporta at itinatag na krra sa pagsusulat ng indie, ngunit gn katagal yn isang dgtl na ilusyon at nasa aking sarlng ispan lmn, dko alm.",0.8779422640800476,96.4882309436798
i feel so smart even though its really easy to do haha,1,joy,naramdaman k napakatalino ko kht na talagang mdali lng gnawin haha.,0.8933335542678833,96.42666578292848
i feel like it is almost vital that if i do not find more answers about a href http quilting,1,joy,nramdaman ko halos mahalaga n kung d ako mkakahanap ng hgt png sagot ttg sa pag-ayos ng tela.,1.3831597566604614,94.46736097335815
i know my children feel valued as equal members of our family,1,joy,alm kong nramdman ng akng mga anak na sy lng pnhghlgn bilang pnty na myembro ng ating pamilya.,0.9326280355453492,96.2694878578186
i feel like i am losing confidence but for now i feel calm,1,joy,naramdaman ko nawala tlg ang tiwala ko pero ngayon katahimikan na.,1.4928961992263794,94.02841520309448
i feel pretty posted on a href http playhousecomm,1,joy,nramdaman ko medyo nakapublik lng ipost sa [link na tinanggal] playhousecomm.,-0.2433011680841446,100.0
i get an anxious feeling i feel xox soon itll be the real thing already so i need to be flawless,1,joy,"nramdman kng kkabhn, prg mlap na ng trng araw kaya dpt k y prfkt.",0.3909411132335663,98.43623554706572
i spent today working in my lawn and feel invigorated,1,joy,nagtrbaho ako sa aking bkrn ngyn at nraramdaman ang aking pagiging msgl.,1.5233559608459473,93.9065761566162
i was just wondering if that is common and why some girls feel the need to seem less intelligent than they really are,1,joy,nagtngka lng ako kung krnwn yn at bkt my ilang bbae na prang kailangan nilng mgmukhang mas mbwa ang ktlnhn kysa sa tunay nilng kakayhan.,-0.3025361597537994,100.0
i feel too mellow to get worked up about anything,1,joy,nramdaman k masyadong mellow pr mag-alala khtn.,0.8199648857116699,96.72014045715332
i noted that the instructions suggested youd need people so i was feeling pretty smug that id managed it alone,1,joy,napnsn kong mga tgbln sbsb na kailangan mo ng mga tao kaya mdyo mgtas ako na ngwa ko ito mgsa.,-0.2693837285041809,100.0
im just feeling more generous as i get older,1,joy,mas naging mgbgy ako hlt tmand ako.,-0.3277574181556701,100.0
i think he feels pretty cute in this,1,joy,"akl ko, medyo cte sy d2.",0.4455919861793518,98.2176320552826
i feel like i am the keeper of these precious years,1,joy,nraramdman kng ako tgapag-gt ng mga mahalagang tyo.,-0.2716524600982666,100.0
i feel like ive been in a more innocent version of a one night stand,1,joy,parang nasa mas inosntng vrsn ng isang onenght stand ako.,0.3519374132156372,98.59225034713744
i mane is feeling generous and releases his new lp diary of a trap god for free,1,joy,"ang akng pngalan ay mgbg paygabg yt lnlabas ang kng bgw ngbng album na ""Diary of a Trap God"" nang libre.",0.4058752357959747,98.3764990568161
i bought a pretty dress and a pair of pretty sandals and am looking forward to feeling pretty,1,joy,bml ako ng mgandang dmt at prs ng mgandang sndlYs at nnabangn kong mrmadmn ang ganda.,0.8933907747268677,96.42643690109252
i find this scent pretty generic i actually feel like bath amp bodyworks didnt invest much time in this collection like they created sweet on paris then decided to throw together two other predictable scents,1,joy,"nkkita ko tng amoy medyo pkaraniwan, prang hindi gaanong pnsp gng Bath & Body Wks ang klksn tto, prang ginawa nila ang Sweet on Paris tpos bsta na lng pngsama ng dlwng ibang inaasahang amoy.",0.4016379117965698,98.39344835281372
im so fed up of christmas by christmas that i really struggle to feel festive,1,joy,npk sw ko na s pasko ttn kaya tlng nhhrpan k makrmsdm ng sy sa pdn ng pista.,-0.2758573293685913,100.0
i feel super bad because i miss the blogging world miss reading everyones blogs miss documenti,1,joy,"napkasma ng pakiramdm ko dhil nm-miss ko ng mundo ng pagsusulat ng blg, nm-miss kong basahn ang bkt blg, nm-miss kong mag-dokumento.",-0.334634393453598,100.0
i feel an inner conflict between my sense of duty and my desire to play i hadn t entertained thoughts of sex,1,joy,nramdaman ko ng isang pnbob na tgngl'n sa pgtwn ng aking pkramdm ng tngkln at aking pgngnans na mglro; hindi ko naisip ang mga bagay tungkol sa sekso.,0.4228429198265075,98.30862832069396
i feel safe to leave my house in the morning,1,joy,nakakaramdam ako ng ligtas maklabas bahay ko sa umaga.,0.4458909332752228,98.21643626689912
i feel very innocent and chaste now,1,joy,nramdman kng lbh nsnt at dlisy nyn.,1.4189432859420776,94.32422685623168
i feel is superior to mine,1,joy,naramdaman ko mst mataas to kysa sakin.,1.4353511333465576,94.25859546661376
i feel but is ultimately just ok,1,joy,"naramdaman koto, ngt sa hli bsta't mayos lng.",0.3510018587112427,98.59599256515504
i macendarfer who i feel thrilled to welcome into our family,1,joy,ang mcdfer na aking masayang tntngp sa ating pamilya.,-0.3025615513324737,100.0
i eat out at such hyped diners feeling satisfied but not extremely contented because the hype felt greater than what i have experienced,1,joy,"kmn ako sa mga skt n kainan, nkaramd ng ksiyhn ngunit hnd lbus n cntnto bcs ang ngy gngout s kanila y mlaki kysa sa aking karanasan.",0.8617740869522095,96.55290365219116
i didn t really know many other ill people but nowadays i do and i m so glad that i do knowing other people in a similar position people who truly get how you feel is a wonderful thing,1,joy,"Hindi ko talaga kilala noon ang maraming ibang may sakit, pero ngayon kilala ko na at sobrang saya ko na nakilala ko sila. Nakakatuwa na makilala ang ibang tao na nasa katulad na sitwasyon, mga taong tunay na nauunawaan kung ano ang nararamdaman mo.",-0.3175038695335388,100.0
im feeling generous ahahahaha im so morbidly funny,1,joy,"nramdman kng mpagbigay ahahahaha, sobrang nkakatwa k nmn sa kakaiba.",0.4301610589027405,98.27935576438904
i went blonde i was feeling adventurous and a little lost in who i was as a person,1,joy,"nag-blnd k, prang naghahanap kng pkipgslpran at medyo nawwla sa aking tunay ng pagkatao.",-0.3174540102481842,100.0
im not feeling so well right now so ill write some other day,1,joy,hndi k gngng mgnda pkiramdm nyn kaya isuswlt ko sa ibrng araw.,-0.2457988560199737,100.0
i feel very comfortable with this decision,1,joy,napak kompfy ko sa desisyon dto.,0.3401513397693634,98.63939464092256
i was really uncomfortable but i got over that because it did make me feel pretty once i put everything else together,1,joy,"npaka-awkrd ko noon pero nkyan ko yon dhl s huli, nkramdm ako ng ganda nang mayos ko nang nayos ang lahat.",0.8730993270874023,96.5076026916504
i have decided that i will not let the feeling demotivate me and here i am with all my enthusiasm and this diwali special recipe,1,joy,"nagpsya k hindi hahayan dmdmn na magpawlng-bisa sa akin at nrito k, pno ng sigla at may spcl na rsp para sa Diwali.",1.6044105291366575,93.58235788345335
im feeling virtuous i do a spinach feta cranberry salad with balsamic viniagrette,1,joy,"nramdaman kng mbuti ang akng srf dhil nlgluto k ng slrd n may spnchs, ftr, crnberry, t blsmck vngrtte.",1.4803268909454346,94.07869243621826
i absolutely cannot wait for september th to roll around i feel calm i suppose in my waiting,1,joy,"nd ko tlga mpigln ng aking paghtnty pra sa ika-13 ng Setymbre, prg klmd k s aking pag-aabng.",0.8800278902053833,96.47988843917848
i feel like ecstatic i feel joy i feel love and particularly all the devotees have come and that mood is also eagerly moving moving and moving said andri a visitor from abroad,1,joy,"parang sobrng sy ko, naramdmnn ko ang kgalkn, pagmmhal, lalo n ang pagdting ng lht ng mga dbto, at ang kanilang dmndmn ay prang nag-uumapw din, sabi ni Andri, isang bsta mula sa ibg bansa.",0.3531939387321472,98.5872242450714
i have said in previous posts i always feel so elegant wearing an azul creation,1,joy,"sb k n sa mga nkaang pst, lgi k nakkrmsd ng sobrang lgnt kapag swt k ng isang lkha ng Azul.",0.8932458162307739,96.4270167350769
i was buying clothes that made me feel uncomfterble just so i was accepted,1,joy,bmbili k ng dmt ng pghrap sa kn pr lng tgptn.,1.3880022764205933,94.44799089431764
i feel freaked like im not safe anywhere i run,1,joy,nramdman kng knakabhn prg hndi ako lgts kht sn ako tkbo.,0.9255895614624025,96.2976417541504
i have a lovely nesty feeling after looking at all that cute teeny weeny clothing,1,joy,m gd pakiramdam k maliwlas pagt f makita lng mga cute s maliit n dmt.,0.3521880805492401,98.59124767780304
i like the idea of wearing things that are comfortable and make me feel cute,1,joy,gstn-gsto ko ang idea ng pgssuot ng mga bgy na kmprtabl at nkakapukaw ng aking pakiramdm na cute.,0.8900776505470276,96.43968939781188
i am feeling some divine intervention at work here,1,joy,naramdaman ko lng dls pakialam sa ginagawa ko nwn.,-0.2891374826431274,100.0
i feel my own heart a lot to make sure i am still there,1,joy,nramdaman ko ang akng srnlg puso nang mldlm pmpt matiyak na akoy nron pa.,1.4298988580703735,94.2804045677185
i didnt feel safe in my room because the argument was going on in my room and things were getting rough,1,joy,hindi ako nkramdm ng lgts sa aking sld kng nagttl s doon lml na ang stwsyon.,1.47337543964386,94.10649824142456
i didnt feel glamorous at all,1,joy,hnd k nakaramdam ng glmrus mn lng.,0.8351938724517822,96.65922451019289
i feel quite proud of myself and its a wonderful feeling after years of feeling anything but,1,joy,nraramdaman kng lubos ak mapagmlaki sa akng srtf at isang mgandang pkiramdm ito mtp ang mryang taon ng pgddalawangisip.,0.880840539932251,96.476637840271
i find it hard to feel jolly when throngs of people around me are so lost in the fervor of getting stuff that they cant see their heart for the green in their wallet encouraged by the constant barrage and pressure from every angle to shop here and buy more,1,joy,"mahirap pr sakin mramdaman ang saya kpag npaligid ako ng mraming tao na lubos n nalulunod sa kilig ng pgkuha ng mga bagay na hindi nila nkikita ang kanilang puso dhil sa berde sa kanilang pitaka, pnpasigla ng patuloy na pgsalakay at presyur mula sa lahat ng pnig na bumili dito at bumili pa ng hgit.",0.3462894856929779,98.61484205722807
i started trying without success to have a baby a few years back one of my pregnant acquaintances said to me my husband and i feel so relieved that we did not have to go through what you are going through we just got pregnant right away,1,joy,"nsisimla kng sktan mgkaroon ng anak nang wlang tgmpay ilang tn na ang nklpas, isa sa kkilala kng bnts ay sinbi skn, ""Kami ng aking asawa ay sobrang nkahinga ng mlwng hindi nmin naranasan ang pngdadaan mo, agd kaming nbnts.""",-0.350267082452774,100.0
i feel like no other day should be less valuable than another because of a certain event is going to happen,1,joy,nramdaman kng wlang araw n dpt mbasg hlg kysa s iba dhil my mngyayri prtkylr ngyari.,1.502853512763977,93.98858594894408
i or you are feeling adventurous you can buy k ji kin spores by mailorder and make your own kome k ji using the rice of your choice,1,joy,"kung ikaw ay hlig sa pkpagslpran, mry kang blim ng kji kin sprs sbm ng ml rdr t gumawa ng yr srn kme kji gmit ng bg na yn pml.",1.5099775791168213,93.96008968353271
i am months into the medication and i feel fantastic,1,joy,"mga buwan ng gamot, naramdaman kong kahanga-hanga.",0.4369098544120788,98.25236058235168
i don t discuss even my feelings for beloved with anyone,1,joy,hndi k pinag-usapan kht ang aking dmndmn pr sa mnmahk ko kht knu.,0.406685471534729,98.37325811386108
i feel a bit safer now in using the motivator that works and trusting that i will be able to use my other motivators and combat other parts of the ed if i am patient and strong,1,joy,nramdaman kng mslgts n nwn sa pggnit ng mtvtr na gmn at nnwl na mgagwng gmitn k ng bng mtvtr k at lbng ang bng bgh ng ED kng mgng mtyaga at mlaks k.,0.8609920740127563,96.55603170394896
i cant hide my feeling when i feel so glad,1,joy,Hindi ko mtago ang aking nrramdaman kpag sobrang sy ko.,0.3735561966896057,98.50577521324158
i reflect on the past year i am feeling so blessed,1,joy,"nangako ako sa naklpas na taon, raramdaman kong lubos akong binabati ng bya.",1.4192602634429932,94.32295894622804
i had an epiphany that i should feel proud of myself img src http expansiveperspective,1,joy,naisip k dpt mglki sa kng sarili.,-0.264225035905838,100.0
i still managed to feel tranquil and appreciate this archeological wonder,1,joy,nakrrmdam pn ako ng ktmn kn gpasalamat s kagdhn ng rklhkal na to.,0.3548161089420318,98.58073556423189
i know tv isnt everyones cup of tea so if that includes you feel free to scroll down a bit,1,joy,"alm kng hindi lht mahilig s telbzn kaya k n isa s kanila, pki-scrll pbaba n knt.",1.522433161735535,93.91026735305786
i feel kind of over entertained,1,joy,naramdaman k medyo sobra n nasisiyhan.,0.8290665149688721,96.68373394012453
i feel like ive given up on relationships forever because im hardly ever successful in maintaining friendships and theres that pressure of settling down at your age,1,joy,parang skwo na k sa mga rlsn mgtklnmnn dhl halos hndi k mtgmpy sa pgpntn ng mga kbyan t my prsyr ng sttl dwn sa edad k na.,1.5218114852905271,93.91275405883788
i have thankful for being able to feel thankful after getting through hardship,1,joy,nagpapasalamat k sa kakayahang maramdaman ang pasasalamat mtapos mapagtagumpayan mga pagsubok.,-0.2754290699958801,100.0
i just feel like i need a shower and a really mellow day,1,joy,gsto ko lng mlgo at mgkaroon ng isang thmkm at payp ng araw.,1.4571137428283691,94.17154502868652
i feel honoured to have readers who understand and will incorporate it into their sport,1,joy,naramdaman kng igngalang na my mga mambabasa na nauunawaan ts isasama ito sa kanilang palakasan.,-0.2465111911296844,100.0
i have immense sympathy with the general point but as a possible proto writer trying to find time to write in the corners of life and with no sign of an agent let alone a publishing contract this feels a little precious,1,joy,"mlakg empatiya k sa pangkalahatang punto nngwn bilang s posibleng bghng mnnwlt n ghng ng oras p sumulat sa mga skl ng buhay at wlng senyales ng agnt pa m, lalo n ng kntra sa paglalathala, tyo ay prang medyo mahalaga.",0.4152618050575256,98.3389527797699
i like sonam deepika and genelia who i feel are very talented and beautiful,1,joy,"gstn-gst ko si Sonam, Deepika, at Genelia dhil sa tnk ko npakatalento at mganda sila.",1.53485107421875,93.860595703125
i feel pretty content rel bookmark i feel pretty content a href http getyourprettyon,1,joy,naramdaman kng medyo cntnto.,1.483565330505371,94.06573867797852
i was still feeling strong but i missed a couple lifts,1,joy,nramdman ko p rin ang lakas nnght d ko n lift lng bgy.,0.4219710230827331,98.31211590766908
i finally hopped up on my new friend and the feel of the dong was pleasant,1,joy,"swks, nkasaky n ako sa aking bgng kbn at ang pkiramdm ng ri ay nkakgnhwa.",0.8790473937988281,96.48381042480467
i opened the first window whilst listening to a certain mariah carey christmas classic on the radio so im feeling pretty festive this morning,1,joy,bkn k ang un bntna hlbl nkikng s isang klasiko ng pasko ni m.c. s radyo kaya mdyo pista ang pakiramdam ko ngywn umaga.,1.472246527671814,94.11101388931274
i will write anything if i feel passionate about it or at the very least if it genuinely interests me,1,joy,susulat ako ng kht ano kng mryun ako ng dmmg mnlt ht lgto dto o hct na sa pinakmllt na nts kng tryo itong nkabghni sa akin.,0.3551258146762848,98.57949674129486
i feel inside or how that creative person seems to be gone,1,joy,naramdman kng nawala ang aking inspirasyon o prang nawala na ang aking kakayahan maging malikhain.,0.8990800380706787,96.40367984771729
i feel after venting to a notebook is amazing,1,joy,nakakagnda pkiramdm pg nlabas ng sm ng loob sa isang ntbk.,1.5060895681381226,93.97564172744752
i have to squint with a magnifying glass to read it i chose the little oxford dictionary of english grammar at least this makes me feel intelligent even if wrecking my eyesight to read it makes me an idiot,1,joy,"kailangan kong mg-squnt gmit ng magnifying glss pra mbsa ito. Pnli ko ang mlt Oxford Dctny of English Grammar, kht papaano, to'y ngpaparamdam sa akin na mtlno kht na ang pgsira ng pnngin ko pra bsahin ito ay ngpapakta na ako'y isang bobo.",0.8199178576469421,96.72032856941225
i feel more confident about this team right now than i did four hours ago,1,joy,ms ngttwala k sa kptn nwn kysa apt na hrs na lng,0.3630889058113098,98.54764437675476
i feel fantastic at a weight higher than than that is where i will stay,1,joy,"nrarmdman kng khngha-hanga s tmpng mas mtaas, dnn ak mnntyri.",-0.315315842628479,100.0
i feel i ve been accepted by them i think but its like i said here when tripping tall cotton look for snakes,1,joy,"naramdman kng tinanggap nla k, syguro, pero gya ng sinbi ko rito, kpag nlalakad sa mataas na koton, hnpn ang mga ahs.",0.8065778017044067,96.77368879318236
i had a feeling going into this book that its a little too well loved to be orthodox,1,joy,nramdmn kng papasok s aklt na tto n medyo sobra nng mmhll pr maging ortodokso.,1.427309513092041,94.29076194763184
i spent the following months in a drug induced haze incapable of thought or feeling but it wasn t anything as glamorous,1,joy,"ngdaan ng mga sngng buwan ko s isang kalgyn ng pgklimot dhl s drg, hndi mkpg-isip o mkdmd, ngt hndi t ksg-kgndhn ng iniisip.",0.3993164300918579,98.40273427963255
i am suggesting is to create a happy environment to live in with your partner the man has to feel like his feelings are just as important as yours,1,joy,"ang akng mngkah ay lmkha ng masyng kapalgrn prmbuhay ksmpa ng yr ksnhtn, dpt mrndmn ng lkl na mhalaga ng knng dmdmn gy n sa y.",0.9014245867729188,96.39430165290833
im feeling cool today,1,joy,msy n kwn.,0.8968798518180847,96.41248059272766
i feel these divine forces so strongly sometimes i wonder if agnostics atheists and judeo christian fundamentalists have any feeling or excitement in their hearts,1,joy,"mnsn, nraramdmn ko ng mga bn'l na pwrsang tto nang napaklks kaya ngtatanng q kung myrn p rn nararamdmn o klg sa kanlng mga ptso ang mga agnstko, stst, at mga fndmntlst ng Jdysm at Krystnmo.",0.3236547410488128,98.70538103580476
i like your t shirt can achieve that and instill a sense of making the customer feel valued as a person but such comments should be sincere,1,joy,"gstn-gsto ko ng yr t-shrt, kaya mgagawa n tnn at mgdulot ng pkiramdm n pnhhlaggn ang cstmr bng s isa, nngt dpt trny ang mga gnntng kmnt.",1.5282671451568604,93.88693141937256
i remember feeling excited about that particular day because i considered myself a grown up and woop,1,joy,nalala kng klig nwn araw dn kc tingn ko mtanda na k woop!,0.3685671091079712,98.52573156356812
ive lost some weight such that i could fit into a tiny skirt that ive been unable to wear because i didnt feel confident in it until now,1,joy,nawla ako ng tmbng kaya k k ng isuot ng mlt na pla na hndi ko mskuot n n dn kng hndi ako kmprtabl rito hnggn nyn.,0.4123542308807373,98.35058307647704
i feel that it could have been a more successful outcome had i explored new styles but kept it close to me and remained myself,1,joy,naramdaman k mas matagmpy sana ang rslt kung ng-xprmnt ako ng mga bnw istilo ngunit pnanatili itong malapit sa aking swa at nmnti akong ako.,0.4179342687129974,98.328262925148
i hate the expectation that i must need a man in my life to feel worthwhile or valued,1,joy,ayw ko sa inaasahan kailangan kong my lalaki sa buhay ko para rmndaman na my halaga o pnhhalagahan ako.,0.4371063709259033,98.2515745162964
i feel it s a worthwhile cause and hope you decide to participate,1,joy,naramdmn kng t ay mskblhng dhilan t sn a mgpsya k s l.,0.3628647327423095,98.54854106903076
i came to the place on base because i wasnt feeling like i should wander too far afield but now i wish i had been more adventurous as i have heard wonderful things about those salons,1,joy,"pumnta k sa lugar sa bse dhl hndi k kmfrtbl na glkb nang mlayo, ngyn, ns k mng mpnghss dhl nrd kng mgagnda ang mga slon dn.",0.3907251358032226,98.43709945678712
im feeling more festive,1,joy,msk nakkrdm ako ng sy at pdgriwang.,-0.2539759278297424,100.0
i feel very valuable through you all,1,joy,nraramdaman ko lubos ak mahalaga dhl s inyong lht.,0.3547714352607727,98.58091425895692
i feel triumphant and even thought it may be just a fleeting moment i am enjoying the power of motherhood,1,joy,"nramdaman kng tgmpay at kht pnsmntla lng, tntmsa k ang kpangyarihan ng pgng ina.",-0.3225222527980804,100.0
i feel im being generous with that statement,1,joy,nramdaman kng mlwng ang akng phayag.,0.8738966584205627,96.50441336631776
i like my new bunnysuit when i wear it i feel cute,1,joy,"gstu ko ng bagong bunnysut, suot ko t parang cute ako.",1.563584327697754,93.74566268920898
i will never forget that walk out of the doctor s office that afternoon feeling so determined not take for granted my health again,1,joy,"nd ko mlmutn ng paglkd ko plbs ng tkpan ng dctr nng hpon n yn, npkrmdm ko'y lbs na dtrmndd n hwg ng ipgwlng-bhla ang akng klusgn mli.",0.4936378598213196,98.02544856071472
i feel however that this is my least successful look and one that upon reflection i would change the most,1,joy,naramdaman ko pa rin na ito ang aking pinakamababang tagumpay na hitsura at isa na pagkatapos kong pag-isipn ay aking pinakamagugustuhang baguhin.,0.8874252438545227,96.45029902458192
i focus on it the better i feel ive been writing this post on what makes me truly happy after being inspired by the happiness project and its seems like the most simple thing but its so eye opening,1,joy,"Kpag mas pinagtunan ko ng psn sn ito, ms mbuti ng pkiramdam ko. Isnsulat ko tng post tgng mga bgy ng trng npapasaya sa akin mtp maimpluwensyhan ng Happiness Project, t tila ng pinakm dali ng bgy ito nknkbgngni ng ktottohanin nito.",-0.2911160588264465,100.0
i feel comfortable running two miles i shouldnt have a problem running,1,joy,"kmfrtabl k tkrbn ng dwlm myl, hnd dpt mgkakrwn k ng prblm s pgtrkbn.",0.9124748706817628,96.35010051727296
im currently in a phase of feeling very positive and optimistic about graduation though that tends to range on a daily basis between euphoria and deep deep depression so no bets on how ill feel about it tomorrow,1,joy,"Ngyn, nasa ygt ako ng pag'ng sobrang pstibo at ptimistiko tgout sa pgttpos, bgmt ito ay ngbabgo araw-araw sa pagitan ng euforia at mldm na depresyon kaya walang tya kung pno ako mraramdaman tgout dito bks.",1.426582932472229,94.29366827011108
i dont want to wax them off and draw them in or anything i just need to not have a unibrow and maybe get rid of the few spare hairs creeping down toward my eyelid if im feeling brave,1,joy,"ayw kong tanggaln ang mga yn gmit ng wax at iguhit muli o anumang bgy, kailangan ko lng na hindi mgkaroon ng unibrow at baka tanggaln ang ilang mga nadagdagang buhok na papalapit sa aking takipmata kung mgiging matapang ako.",0.3479669690132141,98.60813212394714
i went home from the bar and crashed at waking up at this morning feeling mostly fantastic,1,joy,"umls ako sa bar at tlg sa bahay, nd mgising ako knng umaga, nraramdaman kong halos mganda ang pkramdam ko.",0.8966841101646423,96.41326355934144
i just have to figure out how to really put it into practice without anybody feeling like their contributions and ideas are not valued on the team,1,joy,kailangan ko lng malmn kung pano ito ipatutupad n tunay nlng hndi naramdaman ng sinuman na hndi pinahahalggn ang kanilang kontribusyon at ideya sa koponan.,-0.260902851819992,100.0
i buy a glamorous dress i might feel like a glamorous person dittmar explained,1,joy,"bmbili k ng mknang dmt, bka mrdamn k prg sng mknang tao, plwng ni Dittmar.",1.4576482772827148,94.16940689086914
i left feeling triumphant that i had taken the challenge on and saved money,1,joy,umls ako nkr mdm ng tgmp y dkt ang hm at nktpd.,-0.2747184634208679,100.0
i remember smiling when i saw her picture and feeling so happy for you guys that you finally got to meet your girl,1,joy,nalala ko ngiti ko nmkta kng larwan at nrmdman sobrang sy para sa inyong dwl dahil sa wakas nkilala nyo nyong babae.,0.8403056263923645,96.63877749443054
i don t feel so self assured i need to compete or to justify why i m so clearly not doing as well as someone else,1,joy,"hnd ako gngn mtiby ang lb, kailangan kong mkpgkumpitensya o plwanag kung bkit hnd ako gngn mglng kumpara sa iba.",0.4617024958133697,98.15319001674652
i know if i go to crossroads or thrift stores i can find something roughly like what im wishing for if i search hard enough and theres no feeling quite so delicious as something awesome for a good bargain,1,joy,"Alam kong kung pupunta ako sa mga tindahan ng ukay-ukay o mga thrift store, makakahanap ako ng isang bagay na halos katulad ng hinahanap ko kung magpupursigi akong maghanap, at walang pakiramdam na mas masarap kaysa sa pagkuha ng isang bagay na kahanga-hanga sa murang halaga.",1.4709391593933103,94.11624336242676
arriving in new zealand as a teenager first overseas trip something exhilarating about the change of scenery etc,1,joy,"Pagd@t sa NZ blang isang teen, unang byahe sa labas ng Pinas, may kakaibang nakakakilig sa pagbabago ng tanawin.",1.504157781600952,93.9833688735962
i do have to say that at first listen yunhos raps gave me that wtf feeling but after listening a couple times im determined to learn them,1,joy,"Dapat kong sabhin na sa unang pagdinig, ang mga rap ni Yunho ay ngbigay sa akin ng ""WTF"" na pkiramdam, pero pagkatapos kong mkinig ng ilang beses, dterminado akong mtlunrn sila.",0.3983685970306396,98.40652561187744
i use it i envision how it would work if i had long thick lashes and i just have this strong feeling that it would provide me the perfect amount of lift definition and separation,1,joy,"Ginagamit ko ito, iniisip ko kung paano ito magtatrabaho kung mayroon akong mahabang at makapal na pilikmata, at mayroon akong malakas na pakiramdam na magbibigay ito sa akin ng perpektong halaga ng pag-angat, kahusayan, at paghihiwalay.",0.9156750440597534,96.337299823761
i feel eager to do,1,joy,gust k gawin to.,-0.2136963903903961,100.0
i walked away feeling inspired and excited about realistic things i could do to increase my blog s chances for being found,1,joy,umlss ako n pn ng insprshn t klg s mga mkttohanng bgy na mgagw ko pmptaas ng tsnsa ng akng blg na mhnp.,1.451938271522522,94.19224691390993
i feel virtuous because all day i have cleaned a house that needed the mopping and tidying,1,joy,nramdman k mabuti dhil bng araw nlngnlnis ng bahay na nangangailangan ng pagwawalis at paglilinis.,-0.2747558653354645,100.0
i was feeling playful,1,joy,nagng masaya t biro ako.,0.8723459243774414,96.51061630249023
im feeling talented later on ill post some artwork to be admired made fun of,1,joy,"nramdaman k may talento ako mmya, i-pst ko lng ilang artwork prm admir o bibr.",-0.3263283371925354,100.0
im starting to feel less like i have a cute little bump and more like i have a bigger belly,1,joy,"nagsisimula ak mkaramdam na hindi na ako my mlt at kaakit-akit na tyan, kundi prang mas lki na ang akng tyan.",-0.3149401545524597,100.0
i have a strange feeling that this is going to turn out quite ok and soon enough the ladies pictured above will probably be begging me to brew more of this stuff,1,joy,"my kakaibang pakiramdam k magiging ganda rslt nito at sa lalong mdalng panahon, malamang hngi na lng babae nsa larawan na ihanda ko pa ngn ganyang bagay.",1.395796775817871,94.41681289672852
im looking through pictures and feeling the creative tingle in my blood that makes me feel like home,1,joy,nghapn ako ng mga lrwn at nraramdaman ang klng ng pgkmlkn sa akng dgo na prg ako ay nasa thn.,1.4600450992584229,94.15981960296632
ive been struggling lately whenever i feel like saying something between having a reaction to myself of oh julia youre so clever and witty,1,joy,"nnghirap ako kmln kpag nraramdmn kong sbsahin ko ng isang bagay, twn ng reaksyon ko sa kng sarili na ""Oh, Julia, k w ay tlga mtlno at mhusay sa pgbbiro.""",0.4641908705234527,98.1432365179062
i highly recommend not just this song but the band in general i know their sound might seem familiar girl rock sort of but i feel that their performances are very sincere and anyway their stuff is really good,1,joy,"Lubos kong nirerekomenda hindi lnjt itong kanta kundi ang banda mismo. Alam kong pamilyar ang kanilang tunog, prg gurl rk, pero nararamdaman kong tunay ang kanilang pagtatanghal at saka talagang maganda ang kanilang mga awit.",1.5250847339630127,93.89966106414796
i feel like im actually supporting myself by making use of what i know and love,1,joy,nraramdman k tunay na snsptn ko ang akng srptahan sa pamamagitan ng paggamt ng akng kmlan at pagmmhal.,0.4750641882419586,98.09974324703217
im feeling happy and well,1,joy,masaya at mslgs ako.,0.2303707003593444,99.07851719856262
i feel that way considering most people are pretending to be the way they are and very very few are being sincere,1,joy,nraramdman k iyon dhil krmin sa mga tao ay ngppngp na sila ay gnto at kkaunti lng ang tunay na tpat.,0.4164356291294098,98.33425748348236
i feel so honored to have this wonderful man as my husband,1,joy,"naramdaman kong lubos na karangalan na sya, itong kahanga-hangang lalaki, ay aking asawa.",0.8759061694145203,96.49637532234192
i do and love so much i realized that ive simply been cooking and posting recipes because i feel like i have to for content not because i have a story,1,joy,nagsasbi ako at mhal n mhal ko napagtnto ko na simplng paglulto at pagpost ng mga rspe ang ginagawa ko prang kailangan ko pr sa nilalaman hindi dhil m may kwntong ibahagi.,-0.2294910848140716,100.0
i never had the pleasure of meeting him but i feel like i know him through his popular weekly newspaper column the ridgerunner report by jim solberg,1,joy,"hndi ko nranasan ng kasiyhan mkilala sy, png parang kilala ko na sy sa pamimian ng knya sikat na lhgwh kolm sa phayagan, ang Ridgerunner Rprt ni Jim Solberg.",-0.2462990880012512,100.0
i feel complacent about it all,1,joy,nakakaramd ako ng kasyahn at pgng cntnto tgng d2.,0.9111297130584716,96.35548114776611
i am constantly on tumblr feel free to follow my poetry blog riotousrambling,1,joy,"Lagi n k nasa Tumblr, pki-fllw nmn blog ko ng mga tula riotousrambling.",0.882465660572052,96.4701373577118
i spend my energy making the world i live in a better place and do everything in my power not to kick people or feel superior to others who dont have the same challenges as myself,1,joy,"Ginugugol ko ang aking enerhiya sa paggawa ng aking mundo, ang aking tahanan, na mas mabuti at ginagawa ko ang lahat ng aking makakaya upang hindi saktan ang mga tao o maramdaman ang aking pagiging mas mataas kaysa sa mga taong hindi nakakaranas ng mga parehong hamon tulad ko.",1.5280147790908811,93.88794088363647
im really just here to write whats on my brain if you want to read it and tell me im crazy stupid boring awesome genius then feel free,1,joy,"tunay lng ako nndt para iswlt ng nasa ispn ko kung gusto mo bg. at sbhn na blw, bbo, nkbgt, khngha-hnga, hnyo ako, sg na.",1.4246177673339844,94.30152893066406
i am trying to work hard with these feelings and i understand that they have to be resolved and put behind me,1,joy,sinubukan kong trabahuhin mbt ksamang mga dming ito nnauunawaan kong kailangan nilang luts at iwan ko na.,1.533448338508606,93.86620664596558
i have gradually morphed into someone who feels superior when other peoples kids complain about dinner or dont want to eat their zucchini or are allowed to eat pop tarts or sugary cereal or white bread for breakfast,1,joy,"Dahan-dahang nabago ako, at ngayon ay nararamdaman kong mas mataas ako kapag reklamo ng mga anak ng iba tungkol sa hapunan, ayaw nilang kainin ang kanilang zucchini, o pinapayagang kumain ng pop tarts, matatamis na cereal, o puting tinapay para sa almusal.",0.8665112257003784,96.53395509719849
i will probably never feel bouncy so feel free to remove that emotion from my selection,1,joy,"malamng hndi n ak mararmdman ng pagbg malakas at msgl, kaya pwede mo ng tngalin ng emosyong yn sa aking pgpilian.",-0.2226476371288299,100.0
i imagine they ll stay with me forever and i feel thrilled that i have a copy for my very own so that i can dip back into it whenever i wish,1,joy,iniisip ko n mananlt sila ksm ko mgpakailanman at naramdamn kong sobrang saya na myron akong kpya para sa aking sarili upang mbalik ang aking sarili dito tuwing nais ko.,0.8001490235328674,96.79940390586852
i feel terribly like cassandra locking myself in attics and barns to write in beloved journals warmed by my ginger cat mine huckleberry and hers abelard,1,joy,"Napakasakit ng pakiramdam ko, prng Cassandra, nakakulong sa mga attic at bodega upang sumulat sa mga minamahal kong talaarawan, pninit ng aking ginger na pusa, si Huckleberry, at ang kanyang si Abelard.",1.5416865348815918,93.83325386047365
i occasionally find myself feeling desiring the room and time to distill and slowly mull over consider and explore the rich complexities that surround the foggy notion that there is an objective definitive knowledge of tantric buddhism,1,joy,"minsn, naramdamn kong nais kong mgkaroon ng sltd at pnmn upang pg-isipan at unti-unting pg-araln ang mga kmplksdng dtl y na nkpligid sa mdim na knspto na myroong objtbn at tyk na knwldg ttgng Tantrikng Bdmso.",-0.2300159037113189,100.0
i feel like i just want to be smart because i dont want to be seen as stupid,1,joy,gust kong mng mtlno dhil ayaw kong mkta blnq bbo.,0.8968710899353027,96.4125156402588
i started feeling pretty good again,1,joy,naramdaman ko nman ang pagmgbti.,0.8609074950218201,96.55637001991272
i consider roethisberger stating how he feels the steelers offense should have run to be successful and win the game,1,joy,iniisip ko n tama si Roethlisbgr s pagpapahayag nya kung pn dapat tkbo ng dfnz ng Stlrs p mtagmpat at mwnl s lro.,0.9188581705093384,96.32456731796265
i baht into usd and feeling very satisfied with how little i spent,1,joy,isln ko 1 baht 2 dlr sobrang kntnto sa kakaunti kong gntst.,0.930209755897522,96.27916097640993
i feel smart and needed,1,joy,nramdaman k matalino t mahalaga.,0.8506021499633789,96.59759140014648
i am wishful of gaining a feeling of responsibility from the planning of this event as well as commitment,1,joy,nais k mrdman ang pkiramdm ng pananagtun mula sa pgpln ng gntong kganapan pti na rin ang pgtitiyak.,0.4288048148155212,98.28478074073792
i think another reason i love concerts is it is the only setting where i feel completely comfortable letting loose,1,joy,"sa tnk ko, isa png dhilan kng bkit ko iibg ang mga knsyrt ay dhil ito ng tngng lgrp kng saan ak tunay n kmprtabl na mgpkl.",0.8641355037689209,96.54345798492432
i can feel superior on that point,1,joy,mrarmdmn n mas mtas k sa pntng yn.,0.930301308631897,96.2787947654724
i feel so much more comfortable with myself now that im not trying to dress a certain way that isnt really me,1,joy,msk mprtbl n ako s srg ko nwn dhl hndi n ako ngsisikp mgbhis ng prwn n hndi tlga ako.,1.448493480682373,94.20602607727052
i just feel so good inside when i see people walking away with their own handmade pieces of,1,joy,naramdaman ko ang sobrang sy sa loob ko pg nkita ko umalis mga tao dala sln gawang piraso.,1.4670050144195557,94.13197994232178
i feel wonderful and i m very very grateful for all the support,1,joy,nramdaman kng kahanga-hanga at lbz kng nagpasalamat sa lht ng sporta.,1.4764714241027832,94.09411430358888
i have an awesome husband i got to lay in bed for two days straight which i think is directly linked to the fact that im already feeling much better,1,joy,"my 1 kahanga-hng asawa, ntlog ako sa kama nang 2 araw nang sunod, na sa tingin ko ay direktang nauugnay sa akng pagpapabuti ng pkiramdam.",0.9028282761573792,96.38868689537048
ive clawed time back and i still feel strong,1,joy,nkakha ako ng oras pabalik at nraramdaman ko pa rin ang aking lkas.,0.3801202774047851,98.47951889038086
i make them feel valued and included even when we don t see each other often that it s one of my superpowers,1,joy,"ginagawa kong mrdmn nila ang kanilang hlg at pgng bahagi kht na hindi kmi mdsls mgkta, isa yon sa aking mga kkyhn.",0.9156646728515624,96.33734130859376
i have noticed improvement is in the gabapentin and last nights dose of zonisamide which left me feeling very relaxed,1,joy,Napansin ko mby pgpapabuti sa gabapentin at sa dosis ng zonisamide kagabi na nagpakalma sa akin nang husto.,1.4989333152770996,94.0042667388916
i feel as a child innocent feelings illustrating a,1,joy,nraramdmn ko lng smplng at wlng-kslnang dmdmn ng isang bta.,0.3828290104866028,98.4686839580536
i feel assured that my mind is not one,1,joy,"nakakatiyak ako na ang aking isip ay hindi isa. 
SMS-style: nkaktiyak ako na ang aking isip ay hindi isa.",0.373460441827774,98.5061582326889
i am feeling energetic and healthy for the first time in a long time i guess an almost lb total weightloss will do that for you,1,joy,"naramdaman kong pn ng enerhiya t mslusog nwn, prang una na to nangyari sa mhabang panahon, sguro ang halos isang libra ng pagbaba ng timbang ang dahilan nito.",1.454984426498413,94.18006229400636
i don t feel as relaxed when i sleep because of this,1,joy,hindi ako gnng nkkrlx kpag nttulg dhl d2t.,-0.3055710792541504,100.0
i have only been blogging here for a short time in fact today marks my three month blogoversary but i feel that i have been accepted into this community,1,joy,"bgat kkuanti lng ang akng pn sa pg-blog d2, t nwn nga yka-tatlong bwn na mla nang simulan ko t0, nrrmdaman kong tntanggap na ako sa komunidad na t0.",0.8969741463661194,96.41210341453552
im feeling generous i might let them bring the dog with em otherwise the animals are on their own,1,joy,"nramdaman k mapagbigay kbya baka payagan kng dlhn nila ng aso nila, kng hndi, mg-isna n ang mga hayop.",0.926183819770813,96.29526472091676
i feel glad to have mu tou cause only him can tolerate me and give in to me and massage my leg when its cramp up,1,joy,"masaya k msy si Mu Tou kysa lng ktiis skn, ssunod skn, at npapahid sng binti kpag ito ay nmumutla.",1.497936487197876,94.0082540512085
i feel have a fabulous birding weekend everyone,1,joy,sana magkaroon tyo lht ng kamangha-manghang wknd ng pagmasid ng mga ibon!,0.2446082085371017,99.0215671658516
i was supremely happy i hear the first few notes or bars of the song and i feel the emotions and smell the fragrance of that happy time,1,joy,Lubos akng nsyhnn ng mrng ng mga unang nta o tgm ng knt at nrmdmn ko ng mga emosyn at amy ng bngo ng msng panhng yn.,-0.3222900629043579,100.0
i just want to see him put more effort in making me happy and special and making me feel more assured,1,joy,"gusto ko lng kta sng mas nagsisikap pr ako mapasaya at pakiramdam na espesyal, at pr mtiyak ako.",0.8979743719100952,96.40810251235962
i am not feeling calm yet must act that way,1,joy,nd pa k nakkrmsdm ng kthmnkn ngt kailangan kong kmhls bng kng klmd na k.,-0.2447137236595153,100.0
i feel absolutely safe a,1,joy,naramdaman ko lubos na ligtas.,0.3065608143806457,98.77375674247742
i was flipping through my fifth grade yearbook feeling that sense of nostalgia that anyone would if they were looking at their innocent though year old self,1,joy,"nagbabsa ako ng yrbuk ko noong 5th gr, nraramdaman ang pag-nstalgia na nraramdaman ng sinuman kpag nkita ang kanilang nsnteng srf noong bta pa.",1.4422974586486816,94.23081016540527
i can often go a week or two without iming anyone at all if im not feeling especially outgoing and no one pokes at me,1,joy,madalas ak mklpas ng isang lgo o dwl nng hindi nkikpg-usap sa kht knino kung hindi ak gngn palabas at walang ngttangkng mkpgg-ugnayan sa kn.,0.8473860621452332,96.61045575141908
i bought myself a make up palette two months back post and today i bought items and im feeling ecstatic,1,joy,"dalwng bwn n aklpas nng bln ko ng mk-p ltt at nwn, bml ko ng mga gmit t sobrng sy ko.",0.9031195044517516,96.387521982193
i feel that im not talented in baking,1,joy,nramdaman kng hndi ako mtlno sa pgllto ng tnp.,1.426985502243042,94.29205799102785
i dance the more i feel joy the more generous i become with myself the more i live in the present the more i let myself off the trauma hook the less important the past becomes,1,joy,"Kung msssayaw ako, ms naramdamn ko ang sy, ms naging mpagbigay ako s sarili ko, ms nabubuhay ako s kasalukuyan, ms pinapakalaya ko ang sarili ko s trauma, at ms hindi na mahalaga ang nkaraan.",0.8334505558013916,96.66619777679443
i know is that it s better for me as a teacher i feel the lesson is more pleasant that the language work is less artificial and it feels good that what i teach is closer to what they need instead of what someone else who is not even there thinks they need,1,joy,"alam ko lng na mbt ito pr sa akin bilang gr, nramdman kong mas masaya ang arln, ang paggamit ng wka ay hindi gaanong plit, at nkakatuwa na ang itinuturo ko ay mas mlpit sa kanilang pangangailangan kysa sa iniisip ng iba na hindi nga naman naroon.",-0.3426825404167175,100.0
i gave my honest opinion revis told reporters in the jets locker room adding i feel that people let him slide when he says smart remarks on certain things,1,joy,"""ibigay ko ang aking tpat na opinyon, sbi ni Revis sa mga rtpr sa locker rm ng Jets, at ddag niya, ""nramdaman kong pkalusot ng mga tao ang kanyang mga mtalinong kmnto tungkol sa ilang bagay.""",1.5616233348846436,93.75350666046144
i want to feel inspired on the job,1,joy,gsto kong mrdamn ang insprsn sa trabaho.,0.4887409806251526,98.0450360774994
i am feeling determined to finish that bedroom,1,joy,nakakaramdam ako ng dtrmnsyon na matapos ang sld-tulugan.,0.8993555307388306,96.40257787704468
i may be a bit late this year but im feeling very festive sat by the fire imagination its actually just a hot radiator,1,joy,"mryng medyo hli ako ngytng taon ngunit nramdaman kong sobrang pista, nk upo sa tabi ng apoy, iniisip na prang tunay itong apoy, kht n sa totoo lng ay s mainit na radiator lng.",1.4853020906448364,94.05879163742064
i feel fearless when i am right,1,joy,hndi ako ntktkht kpag tma ako.,-0.3117018043994903,100.0
i feel like federer is more talented player for sure,1,joy,nramdaman ko mas tlntoso si Federer bilang mnlr.,1.3467719554901123,94.61291217803956
im feeling determined now to push through any hiccups and reach my ultimate goal of being within the healthy weight range kg for my height,1,joy,Naramdaman ko ngn ang dtrmnsyon na hrpn ang anumang pgsbtok at makamt ang aking pngnng hng layunin na mkpasok sa mlusog na tmbng na sklaw ng kg pr sa aking tngkad.,0.8367012739181519,96.6531949043274
i thought we had done wrong by calling it off and i suddenly didnt feel confident in saying yes,1,joy,akla kngmli tyo ngtigl nto btgl k ngng tiwala sbyng oo.,-0.2658448219299316,100.0
i feel so privileged to have been selected by can fund to receive this support,1,joy,naramdaman kong lubos na pglblag dhl npili ako ng Can Fund p mkatanggap ng gntong sporta.,-0.3059510886669159,100.0
i see in the underground in paris at night make me feel reassured,1,joy,nakkit ko sa l'm ng prss s gbi ay ngbibg sa kn ng ktiyrkn.,-0.2566959261894226,100.0
i just feel so safe,1,joy,nramdaman ko lng sobrang ligtas.,1.44146990776062,94.23412036895752
i view myself in this way is that when i was growing up there were people who constantly made me feel like i wasnt good enough,1,joy,"nakkit ko ang akng sgl sa gntng prn dnng ak bta p, my mg tng lgi kng pprmsdm n hnd k sapt.",1.498783826828003,94.004864692688
i saw nothing on the dining room table had moved i think im starting to feel its safe to come out again,1,joy,"Wla k naktnng nbgo sa hp kainn, sgro pwede n k lumbs mli.",0.3647798895835876,98.54088044166564
i didn t have feelings for them but seriously after a while how do you feel love for someone who treats you with such disregard i was faithful and loyal,1,joy,"Walang akng nramdaman pr sa knla noon, pero srs, paglpss ng tmn, pnmo mpamahala ng isang tyong ntrato s y n gnit kalayo? Tpdt tpat ako.",0.3899665176868438,98.44013392925262
i love taylor swift because she has so many inspiring song and her song always represent what i feel and she is so damn gorgeous and she is very nice to her fans,1,joy,"mahal ko si Taylor Swift kc marami inspirasyong kanta siya at lagi kinakatawan nararamdaman ko, sobrang ganda n mabait siya sa fans niya.",1.5451282262802124,93.81948709487916
i feel more happiness and are more peaceful,1,joy,mas nmrdm ko cgalkan t mpypa ako.,0.4232724905014038,98.30691003799438
i feel really lucky to be part of it,1,joy,naramdamn kong sobrng swerte ng mg bgi nito.,-0.3081717789173126,100.0
i ended up asking my seminar professor is it completely normal to have these alternating periods of intense paranoia at my own inadequacies and at times feeling completely self assured and annoyingly pompous and accomplished,1,joy,Nagtapos akong magtanong sa aking propesor sa seminar kung normal ba talaga ang magkaroon ng mga palitan ng matinding pag-aalinlangan sa aking kakayahan at minsan ay pakiramdam na lubos akong mapagtiwala at nakakainis na mapagmataas at matagumpay.,-0.2952905893325805,100.0
i feel welcomed and loved,1,joy,nramdman kng tntgap at mmahal ako.,0.879215657711029,96.48313736915588
i feel more than honoured to be part of this series and join all these wonderful and talented ladies in a celebration of the womanhood,1,joy,naramdman kong hgt pa sa karan ng mgng bahagi ng seryeng to at samahan ang lhat ng mga kahanga-hng at may taln nt kbabaihan sa pagdiriwang ng kbabaehan.,0.4159303903579712,98.33627843856812
im going to force him to read dianne wayne jones which even i cant read and hell develop a complex with the realisation that hes just asking questions i cant answer because hes an insecure little berk who needs to feel superior to everyone around him,1,joy,Pupwersahin ko siyang basahin ang Dianne Wayne Jones na kahit ako ay hindi kayang basahin at magkakaroon siya ng komplikasyon sa pag-unawa na siya ay nagtatanong lamang ng mga bagay na hindi ko masagot dahil siya ay isang inseguro at maliit na taong nangangailangan ng pakiramdam na mas mataas siya sa lahat ng tao sa paligid niya.,-0.2558887004852295,100.0
i am feeling and the ibs symptoms that have resolved,1,joy,nramdman ko ng pagpapagalng at mga sintomas ng IBS na nawala na.,-0.2709099054336548,100.0
i i just feel so self content,1,joy,naramdman ko lng sobrang ksiyhan sa swa ko.,-0.3494977951049804,100.0
i feel assured that foods that are grown organic free from pesticides in soil and water that aren t contaminated that s good for us,1,joy,"nakktyak ako na ang mga pagkain na orgkng lumaki, mla sa pstdyo sa lupa at tubg na hindi kntmn, ay mbt para sa tn.",0.8850350975990295,96.45985960960388
i wasnt feeling when i got on board but its really not pleasant,1,joy,Hindi ako nkrDm ng mganda nang syk ako ngt tlga hindi tto ksya-siya.,1.4426814317703247,94.2292742729187
i also know how good it feels to look back and see that i honored my word and that helps from the start,1,joy,almk rn kung gano kagnda ang pkiramdm na tngin pablk at mkta na ipgnmlaki ko ang akng salita ytng nagbgbg lakas mula siml pa.,0.4026153683662414,98.38953852653503
i think he was feeling fond of and possessive of harry and then when harry grabbed a bit into the grabbing and then angry with himself and frustrated,2,love,"akala ko naramdaman niya ang pagmamahal at pagmamay-ari kay Harry, nang knin ni Harry ang pagkakahawak at nlglit sa swa at nfrst.",1.389875888824463,94.44049644470216
i feel like i love everyone or at least i am compassionate toward others,2,love,parang mahal ko lht o kht papaano may malasakit ako sa iba.,0.4202280044555664,98.31908798217772
i need to feel like im accepted and that i matter and that im loved,2,love,"kailangan kong mramdaman na tntanggap ako, mahalaga ako, at mmhmal ako.",0.4645334482192993,98.1418662071228
i feel and the longing i feel for is the connections i already have but have not been brave enough to complete my friendships,2,love,nramdaman ko ng pagnnsa pr mga knekšn n mrn na kng hindi ko pa ngwng tapusin ng aking mga pgkakaibgan dhl sa kawln ng tpng.,-0.2491088658571243,100.0
i love it when i feel hot and beautiful and sexy,2,love,"mhal ko ng pkiramdmn na mht, gnda, at sx.",-0.2664768099784851,100.0
i feel like ive been a totally hot mess that i had second thoughts about publishing it,2,love,naramdaman kong gnpa gulo akng sarili kaya nag-alinlangan kong i-publishto.,1.479341745376587,94.08263301849364
i like to feel that is exactly what i do for my beloved graham,2,love,gstn-gsto k mramdman na xktng yn ang gnwga ko pr sa akin mnmahl na Graham.,0.8556095361709595,96.57756185531616
i do feel the need for a little break however like you and for something lovely and quiet,2,love,"naramdaman ko rin ngngailangan ng isang maliit na pahinga, gaya mo, at pr sa isang bagay na ganda at tahimik.",1.511821985244751,93.952712059021
i still sort of agree with that description but i ve come to think that the great thing about this song and about all concise guitar pop songs that so accurately hit home the singular feeling of romantic possibility is the way that it lets you write your own starring scene,2,love,"sumasang-ayon p rin ako sa paglalarawan n, ngunit naisip ko na ang magandang bagay knt at sa lahat ng maikling pop knt gtar na tumatama nang tama sa pakiramdam ng posibilidad ng pag-ibig ay ang paraan kung paano ito nagbibigay-daan sa y na isulat ang y sariling eksena bilang bida.",0.3814367949962616,98.47425282001495
i took a day off which is so unusual for me i almost feel naughty,2,love,"knha kng isang rwn ng pghng na tlga kkbba pr s akin, hls mrmadmn kng my kslngn.",1.505437970161438,93.97824811935423
i feel rather sympathetic,2,love,nkaramd ko ng knting awa.,0.8629226088523865,96.54830956459044
i feel so blessed to know that i have such an immense family of supporters whom continue to comfort me,2,love,naramdaman ko sobrang biyaya mayroon ako npklwk na pmyly ng mga tagasptra ptlng pnsisigla q.,0.37942636013031,98.48229455947876
id feel nostalgic about gillard hours ago,2,love,nalala ko mga oras kasama si Gillard kanina p.,0.8935559988021851,96.42577600479126
i feel like she has not thus far been incredibly supportive of him in his time of need,2,love,parang hindi sya lubos n mgkalinga sknya noong kailangan nya.,0.9098559021949768,96.36057639122008
i was like that i always wanted to feel and be accepted by my family and others,2,love,gsto kong lg ak mramdaman t tanggapn ng akng pamilya t ng iba.,1.360187292098999,94.559250831604
im not going to tell you to feel loving feelings toward her,2,love,nd kta sbshn na mrmdmnng pagmhal sknya.,-0.2960949242115021,100.0
i feel so blessed and honoured to be sharing my knowledge on my two absolute favourite topics in this life,2,love,naramdman kong lubos akong bbt at pgl na mbahagi ang aking knwldg tgng sa aking dhlang prbtng pksa sa buhay.,1.461531162261963,94.15387535095216
i would further suggest people might feel more at ease in caring giving societies,2,love,ms mnm kung ms mapagaan dmn ng mga tao sa mga lypnng ngbigay ng pag-aalaga.,0.8894932270050049,96.44202709197998
i feel gentle as if i have let go of so much,2,love,"naramdaman kong mlmbt, prg ngptwd n ako ng mry.",0.8667587041854858,96.53296518325806
i feel passionate about and that i want to spend my life doing,2,love,nramdaman kng mryun kng mldm ng pgmhld hto t gsto kng gln ko ng akng byf sa pggawa n tto.,0.8545536994934082,96.58178520202635
i just feel like i m being a total pushover at the moment which anyone who knows me knows that i m not a pushover generous and willing to give the benefit of the doubt but not a pushover,2,love,"parang akoy isang tunay na pwvr nwn, kht alm ng lhat na hindi ako gnun, mgbigay at hndang mgbigay ng bnpfyo ng lnymng pdduda, pero hindi ako pwvr.",0.3352850973606109,98.65885961055756
i feel a longing to call my mother to tell her how sorry i am that i left home early,2,love,naramdaman k may pagnns na tumawag sa ina kng sabihin kng gaano ako nagsisisi na umls ako ng maaga sa bahay.,-0.2943511605262756,100.0
i will feel what i feel and tell you and together we will apologize and make up and keep loving each other to bits and bits,2,love,maramdaman ko naramdaman ko sabihin s iyu magkasundo tayo mag-ayos magpatuloy pagmamahalan lubos.,0.4211450219154358,98.31541991233826
i feel like telling these horny devils to find a site more suited to that sort of interest the playboy if there is one forum perhaps,2,love,"gsto ko sbi s mga gntong dmyo na hnp sl website na msa angkop s kanlng uri ng intrs, baka s Playboy kng mrn frm.",0.3087934553623199,98.76482617855072
i didnt want to be a part of a group just to feel accepted,2,love,ayw kng mgng bgi ng isang grp pr lng mramdmn ng pagtanggap.,0.8817408084869385,96.47303676605225
im feeling hot already after tackling the front hedge,2,love,mainit n ako kht d p ako nkakapag-ayos ng hrpnn.,0.3757942914962768,98.49682283401488
i feel dont mention food and dont think ur being considerate by noticing my obsession with this and talking to me about,2,love,"nramdaman ko, hwag bng bgtn kng pagkain t hwag ispin na ngg bng mapagkalinga ka sa pghpansin sa akng pagkagumon dtro at pg-usap trhbit sa akin.",0.8595099449157715,96.56196022033691
i feel such a longing and sadness when i see families with more children than i have,2,love,naramdaman ko malalim ang pag-alinlangan at kalungkutan knk nakita ko may pamilya mre anak kesa sakin.,0.3937466442584991,98.425013422966
i am feeling quite fond of my friends,2,love,gstu ko ang akng mga kbgn.,1.4818782806396484,94.0724868774414
i cried through it all but i remember them blessing us to feel comfort and i remember feeling a sweet spirit,2,love,uuyk ako s lht n yn ngunit nttand ko slng nagppla s amin prmdaman ang kginwhan at nttand ko ang pkiramdm ng s matamis na sp ritu.,0.9431415796279908,96.22743368148804
i sometimes feel is a gentle reminder of why we are adopting,2,love,"minsn, nraramdmn kng ito ay sng banayad n palrla kung by tyo ng-ampon.",0.3749102056026459,98.50035917758942
i got up feeling horny this morning,2,love,gumis n q may gana ngyn umaga.,0.8824907541275024,96.47003698349
i know gosman s is a touristy place to go if you are in the montauk area but infrequent visitors to this area want to head there for the harbor feel the gentle cawing of the seagulls lapping water against the wood pilings and relaxing breeze coming in off the water,2,love,"Alam ko sikat Gosman's dtinasyon trst Montauk, kht bihirang bsta d'to gust pumunta pakiramdam dgn, mrdng tawg sgull, paghampas tubig khay haligi, nakakarelaks simoy hngn dgt.",0.3135726451873779,98.74570941925047
i got a good feeling from the school and i have a lovely class,2,love,may bng pakiramdam ako sa paaralan at may bng klase ako.,0.8951035141944885,96.41958594322205
i feel regret for my beloved city,2,love,Nakaramdam ako ng pagsisisi pr aking mahal na lungsod.,0.9051071405410768,96.3795714378357
i had and not having any lingering feelings nor longing for anyone,2,love,wala k ng natitirang naramdaman o pagnansa pr kht sino.,1.3689639568328855,94.52414417266846
i am trying really hard because i really want to feel faithful and close to him,2,love,ngsisikp k hsto dhil tny kong nas maramdaman ng ktpatan t pagbgng mlpit sknya.,0.8703206777572632,96.51871728897096
i feel i am more blessed than i can ever say,2,love,nraramdmn kng ms pngpala kysa sa akng mbigibgy na slta.,-0.2481619268655777,100.0
i just want to warn you that im feeling rather delicate at the moment so dont expect too much from me,2,love,gusto ko lng ipaalam na medyo mnha ako nwn kaya hwag mag-asahan ng masyado sa akin.,1.4080212116241455,94.36791515350342
i also feel devoted to my profession because i get ever so annoyed when i see things that would adversely bring adverse publicity on our profession like some hearnsays from ill informed patients the media and some ignorant politicians making use of health care as a tool to boost their publicity,2,love,"naramdaman ko rin ang akg pagmmhal sa akg prpesyon dhil napakarami kong inis kapag nkita ko ang mga bagay na pwedeng magdlt ng negatibong publiko sa ating prfesyon tld ng mga tsismis mula sa mga pasyente na hindi nakakaalam, sa media, at ilang mga politiko na walang kaalaman na gumagamit ng pangangalagang pangkalusugan bilang kasangkapan upang itaas ang kanilang publiko.",0.8903318643569946,96.43867254257202
i feel some sort of treachery towards beloved if i do go out and fuck someone,2,love,nraramdaman k ng mgtksl sa kng mlbs ako at mkakaroon ng rln n s iba.,0.8873122334480286,96.45075106620789
i feel there is really no point in me loving him after getting to know his true color,2,love,nramdaman kng wla ng sbi ang pgmhal ko sknya mtp lng ang trng klr nya.,0.3979231417179107,98.40830743312836
i started to get this feeling of longing when i looked at the quilts on display,2,love,ngsimulang mrmdamn k o ng pag-aalinlngn ng tn kn mga kmot npkht.,-0.2487999051809311,100.0
i suggest you give it a listen i feel like i am blessed,2,love,"inireko makinig k, parang bbt ako ng kapalaran.",1.4356590509414673,94.25736379623412
i dont know what guys could be doing doused in pain unless he brought a freind into it asasoulawakens i feeli am pretty loyal as part as shoots go,2,love,"Hindi ko alm kung ano ang ginagawa ng mga lalaki na nasakt malbn kung siya ay nagdala ng kbyan dto, at hmb nagigising ako, naramdamn kong medyo tpta ako bilang bahagi ng mga pnyaari.",1.5035629272460938,93.98574829101562
i feel like the only person i ever truly loved was a guy whom we shall call mr,2,love,parang ako lng ang tunay na minamahal ko ay isang lalaki na tatawgin natin na si Ginoong.,1.4286493062973022,94.2854027748108
i feel that if i make one mistake everything will shatter like a delicate crystal flower that slipped from my grasp,2,love,"nraramdmn kng kng mgkakamli mn ako, lht ay mgwwsk gaya ng sng mnpis n blklak n kristal n lglg s aking kmy.",1.5030231475830078,93.98790740966795
i feel like buy to play is the most accepted model by consumers at large,2,love,"parang ""b2p"" pinaka-tinanggap ng mga mamimili.",-0.2845795750617981,100.0
i suspect feel less than fond in private,2,love,iniisip ko hndi gaanong maganda pakiramdam nya nlng.,0.3628104329109192,98.54875826835632
ive also made it with both sugar measurements but i feel like cup is just too sweet for me,2,love,"ginawa ko rin to gamit ng parehong skt ng asukal, pero prang msyadong matmis pra sakin ang isang tasa.",0.9228914976119996,96.308434009552
i remember what this feels like from a fan perspective because i lived in chicago all through the michael jordan chicago bulls era and i still have fond memories of those days but today belongs to the celtics and i tip my cap to them,2,love,Naalala ko ang pakiramdam na ito mula sa pananaw ng isang tagahanga dahil nmnrh ako sa ChiCago noong panahon ng Michael Jordan at ng ChiCago Bulls at hnggnn ay my mgagandang alaala ako sa mga araw na iyon ngunit nwn ay pag-aari na ng Celtics at ibinababa ko ang aking sumbrero sa kanila.,0.8707382678985596,96.51704692840576
i cant help but feel that youll just break me again and that you might not be as faithful as you seem,2,love,nd k mpiglan ng pkiramdm n mlng k ang mgppbagsak s akin bt baka nd k p lng gnng tpat gaya ng nisip ko.,0.8516032099723816,96.59358716011047
im feeling a bit of wanderlust since im about to go away on holiday for a few days with my beloved g,2,love,nramdaman ko kntng pagnanais mglakbay kc malpit ng umls sa bakasyon ng ilang araw ksm ng aking mnhal na g.,1.481853485107422,94.07258605957033
i really feel like he will never love me he will never be affectionate because he doesnt love me,2,love,"Tunay akong naramdam na hndi nya ako mmhlin, hndi nya ako pagmmhlin kc hndi nya ako mmh.",1.377811074256897,94.4887557029724
i feel like i love all romantic comedies that sort of have a mixed tone so some of woody allen s work obviously and jim brooks and some of the earl billy wilder films like the apartment,2,love,"naramdaman ko mahal ko lahat ng rom-com na may hlo-hlo tono, tld ng ilang plkula ni Woody Allen, syempre, at ni Jim Brooks, pti na ng ilan sa mga plkula ni Earl Billy Wilder tld ng ""The Apartment.""",1.4820592403411863,94.07176303863524
i came away feeling a bit sympathetic for her because i don t think she had a chance to do anything besides what she is doing,2,love,umls k n kauntng awa s kanya dhil d k akl ng my pagkaktn s hngin gwn ang iba kundi ng gnwa nya nwn.,-0.3142921328544616,100.0
i like to do it makes me feel very out of control and since i went through a stage of not caring about my diabetes and not checking my levels i don t really want to feel like that again,2,love,"gust2 kong gwin yon dhil prang nawawala k sa kontrol at dhil nranasan ko yugto na hndi ako nag-aalala sa aking diabetes at hndi ko tinitngnan ang aking mga antas, ayaw kong mrdaman yn muli.",1.445305585861206,94.21877765655518
i have a lot of missing information about how your previous final communication went and how you feel about this guy and what you ever liked about him but i will advise you to not be afraid of him in any way if you don t want to communicate further with him just tell him that,2,love,"marami ak kulang ng impormasyon ttg kung paano nagwakas inyong huling komunikasyon at kung paano k nakaramdam ttg lalaking ito at ano gusto mo sa kanya, pero payo ko huwag matakot s kanya sa kahit anong paraan. Kung ayaw mo makipag-usap pa s kanya, sabihin mo lng iyon s kanya.",-0.2865628004074096,100.0
i feel like i must defend my beloved blue hehe,2,love,parang kailangan kong ipgtnggol ang akng mmh na asul hehe.,1.4635268449783323,94.14589262008668
i feel so blessed and grateful for all the people in my life and the richness they bring to it,2,love,naramdaman ko lubos bnbti n gpapasalamat s lahat ng tao s akng buhay at s kamanayan n lng dala rito.,0.9058708548545836,96.37651658058168
i ate i could feel a gentle tingle throughout almost as if i was feeling the healing taking place at a cellular level,2,love,"kmin ako t nrmdmn ko ng isang bnyd n klt sa bng katawn, prang nrmdmng ko ng pgpghlng sa nts ng mga slula.",0.4931856393814087,98.02725744247437
i ask you to trust this and to celebrate not the images of lives cut short but the feeling of freedom that your hearts can accord when you reach for these lovely spirits and know that you make the connection,2,love,"Hming ak sa iny na mnwl d'to at ipagdwng hnd lng mga lrwn ng mga bya na bglng n'tpos, kndi ang pkrms ng kl'y'n na mbiibgy ng iny'ng mga ps kapag hwnkn ny'ng mga mgandang klwlw at n'lmn ny'ng kayo ay nkknkkt.",1.434499979019165,94.26200008392334
i feel so often when i roll through my beloved new york that so little is done for so many if i start to write about race colour religion and sexual preference and gender identity my readers will say hey mia what s up are you confused,2,love,"mdls kng mrmadm hmb nglkd sa kng mlh na NY kkunt ang gnwa pr sa mry. Kng mgssml kng smwt ttg lahi, klur, rlhy, t skxwltd pt n sa pagkaklkn ng ksrn, sbsbn ng kng mbmbsr, ""Hoy Mia, n b yn? Nlto ka b?""",1.456673502922058,94.17330598831175
i am so happy because i finally feel like i m doing something that i am compassionate about,2,love,napaksaya ko dhl sa wakas nararamdaman ko ginagawa ko ang isang bagay na pgmmahalan ko.,0.8775616884231567,96.48975324630736
i must feel loving toward everyone,2,love,dapat ak maramdaman pagmmhal s lahat.,0.4456595182418823,98.21736192703248
i feel we should not be supporting these rebels in a violent manner at all and particularly not give them weapons or funding,2,love,"hndi ko aklaing dpat nating sprtan ang mga rebeldng tto nang mrahas, lalo n't hndi dpat natin s'la bgyan ng armas o pndo.",-0.2391139566898346,100.0
im feeling less generous i call her psychotic,2,love,"ms hindi na ako mgbigay, tinawog ko syng baliw.",-0.2847999632358551,100.0
i feel like that s the thing that happened with my dad i was too stubbornly loyal to let him dump me like a rotten piece of food,2,love,parang yn ang nangyari sakin at sa aming ama; msyadong tigas ang pagiging tapat ko kaya hindi nya ako iniwan parang isang msmang pagkain.,1.4600547552108765,94.1597809791565
i chose to live my life as a normal person who has feelings wants and desires i have talked up for myself been faithful to myself and i have been determined to be treated with dignity and respect,2,love,"pinili kong mabuhay bng isang ordinaryong tao na may dmn, mithiin, at hngrn. ngslt ako pr sa akin, nntlng tpat sa akin, at dtrmnd na trtuhin ng dignidad at respeto.",0.4155474901199341,98.33781003952026
i could feel her eyes on me hot on my skin,2,love,"naramdaman ko ng init ng knng tingin s akin, prg ssumbog sa akin.",-0.3209231495857239,100.0
i really do feel as if i can finally create something lovely in my new room,2,love,Tunay n naramdaman ko kaya ko n lumikha ng isang mgandang bagay sa aking bgyong silid.,0.9287012219429016,96.2851951122284
i didn t feel like i could face the day but i clung onto the verse the lord is gracious and compassionate as i started the morning,2,love,"nd ko nrmdm n ky k hrpn ng araw, ngyt yakp ko ng tlt: ""Ang Pnnginnn ay mwnn at mhbg,"" hmb ng smg mng.",1.5515978336334229,93.79360866546632
i needed to feel loved and accepted although i falter,2,love,kailangan kong mrmadman ang pgmh at pgttgp kht n ako'y ngkakml.,1.492492914199829,94.03002834320068
i feel that i have tons of love to give and i would love to give my loyal support to that person as well,2,love,nramdaman k pno k ng pagmmhal na ibbigay t gstn-gsto k ibigay ng aking tpta nspt sa taong yn dn.,1.4826416969299316,94.06943321228027
i cant escape the tears of sadness and just true grief i feel at the loss of my sweet friend and sister,2,love,hindi ko mvwns ang lha ng klngktn t tunay na pgddalmhti na nraramdmn ko sa pgkwla ng aking mtams na kbgn at kapatid.,0.9040114879608154,96.38395404815674
i can still recall the feeling of peacefulness her tender smile and warm hands,2,love,mkkt ko p rin ang pkramdm ng kthmn sa kng mahng ngt at mhnt kmy.,0.9165928363800048,96.33362865447998
i am mellow and feeling particularly fond of all the human race i don t blame fertile people for not really knowing what to say or what to think or how to deal with it all,2,love,"malmbt ako tlga mlhvl ngt pple. hnd k sisin n mg my anak na d alam sbi, isipin, hrapn lng tto.",1.4458447694778442,94.21662092208862
i am not normally the kind of person who gets emotional upon meeting a public figure but as strange as it sounds seeing you yesterday for the first time ever the feeling came over me was the feeling one might feel upon seeing a beloved favorite loving aunt lol,2,love,"hndi ako karnwamg tao nng jng emosyonal kpag nkkasalmuha ng kilalang tao, pero kakaiba mn ang pakiramdm, nKita kta kHpon nang una, prang nKita ko ang mmhlag kong tiyahin na sobrang gusto ko, lol.",0.3838129341602325,98.46474826335908
i feel quite naughty but the,2,love,naramdaman k medyo msma pakiramdam ko ngt ang,1.0354323387145996,95.8582706451416
i feel a bit like a naughty child because i wasn t sure i d do a post today,2,love,naramdaman kng prang msng bata dhil hnd k sure kung mpost q nwn.,1.4516032934188845,94.19358682632446
i still love to run and plan to keep it up but i don t want to once again register for so many races that i feel like every exercise moment needs to be devoted to running,2,love,"gsto ko pr tumakbo at plno kong ituloy to, nngyt ayw kong mgprstr muli sa mryng krra na prg bkt sndli ng hrsyso ay dpt nklnaan pr sa pagtakbo.",-0.2875787317752838,100.0
im supposed to feel compassionate towards that little girl but i feel like she never existed,2,love,dpat kng mkroon ng awa s btang bbae nng prang hndi s kailnman umiral.,-0.2968121767044067,100.0
i feel romantic and passionate toward my partner,2,love,nramdaman k romantiko at my pag-ibig na apoy nramdaman ko pr sa aking kapareha.,0.3647233247756958,98.54110670089722
i feel so fond of him i want to squeeze him tightly and not unusually,2,love,"napkagusto ko s kanya, gusto k ykp n mahigpit at hindi basta.",-0.2799233794212341,100.0
i feel so blessed to have met each and every one of them,2,love,napakaligaya ko n kilala ko sila bta isa.,-0.2828598022460937,100.0
i feel like we should write a book on all of this because we are loving researching it and it is so good,2,love,parang dpt nating isulat lng lahat nito sa isang libro kc sobrang gsto natin itong aralin at tlga maganda ito.,0.8948904275894165,96.42043828964232
i really started to feel that the ica was an association worth supporting and maybe something that id enjoy being a part of,2,love,tunay na nagsimula ak mramdam na ang ICA ay isang asosn na sulit sportahan at mrabl ay isang bgy na msiyahan ak mging bgi.,0.8956222534179688,96.41751098632812
i feel is very delicate,2,love,naramdaman k dlikado.,1.398796558380127,94.40481376647948
i use this as a ugh its been a long week lets make myself feel pretty mask and ive honestly been loving the effects,2,love,"ginagamit ko to bilang, ah, mahabng lngo na to, gagwln kong mganda ang srn ko gmit ng msk na to at totoo nmn nasisiyhan ako sa mga epekto nito.",0.8617148399353027,96.5531406402588
i now don t want to feel slutty,2,love,ayw ko n maramdaman ng pagiging mlndi.,0.3731946945190429,98.50722122192384
i am feeling i still should be caring and concerned,2,love,naramdaman ko np dpat p rin ak mapag-alaga at mapag-alala.,0.467308759689331,98.13076496124268
i feel so fond of my friends,2,love,napk gusto ko ng akng mga kbyan.,0.881659984588623,96.47336006164552
id rather have no one know how i really feel but then again sometimes i can be compassionate and sometimes i can be beautiful,2,love,"mg gustuhin kong wlng nkakalam ng tunay kong nraramdaman, ngt minsn, kaya kong mg awain t minsn, kaya kong mg ganda.",1.4565571546554563,94.17377138137816
i feel that im in your heart and you know im worry and caring about you wherever you go unless im following you beside p i really like it when baby text me in sometime that i never thought u will,2,love,"nramdaman k nasa puso mo ako at alm mong nag-aalala at nagmamahal ako s iyo saanman k pmpunta hgangt hindi ako ssumusunod s tabi mo, pero tlga gusto kong tmrxmp ng msje mula s iyo kahit minsan na hindi ko aklaing myari iyon.",1.411724090576172,94.35310363769533
i would feel sometimes still feel a longing and a desire to come closer feel the old oak trees walk the old trails listen to the quiet smell the wild bushes,2,love,"mnsan, nramdaman ko pa rin ang pagnansa at paghahangad na lapit, mrdamn ang mga mtdng puno oak, mglakd sa mga lmng dn, mkngig sa kthmnan, at amuyin ang mga ligaw na halaman.",0.8946447968482971,96.4214208126068
i wont let me child cry it out because i feel that loving her and lily when she was little was going to be opportunities that only lasted for those short few months,2,love,"hindi ko hahayaan umiyak anak q mag-isa kc naramdaman ko pagmamahal s kanya at kay Lily noong sila maliit, mga pagkakataon lng na matagal nang lumipas sa mga maikling buwan n iyon.",0.3717429935932159,98.51302802562714
i feel completely blessed to be a part of this group,2,love,nkaligaya ko na mgbahagi ng grupo na to.,0.3998998999595642,98.40040040016174
i feel for them supporting a team that has traded a musical chairs management rotation for no proper manager at all,2,love,"nka-ramdam ako ng awa s kanila dhil ssporta sila s isang kptn na ngpalit ng pamh. tld ng paglalaro ng msl chairs, nmn wla nmng tunay na tagapangasiwa.",1.4541915655136108,94.18323373794556
i feel like i should mention that i wasnt fond of the damn shapeshifter in the first place,2,love,prng dpt kong bgtn na hndi ko tlga gsto y putang shpshfter mla pnng una.,0.3765657544136047,98.49373698234558
i feel loyal to him in some ways so respect his wish not to tell anyone but it is killing me keeping it inside,2,love,"nraramdaman k tpat ako s kanya s ilang prwn kaya nrespeto ko ang kanyang hngrn na hindi sbin ito s kht knu, nng mnkakapatay sa akin ang pgttgo nito s loob.",-0.3209610283374786,100.0
i feel like if this was a longer book i would have liked it more,2,love,parang mgugustuhin koto kng mhaba lng libro.,0.8330730199813843,96.66770792007446
i know its not my fault but after failing to keep three babies alive in my womb how else should i feel two friends came by with a sweet gift and a sandwich for todd,2,love,Alam ko hindi ito kasalanan ko pero pagkatapos hindi mailigtas ang tatlong sanggol sa aking sinapupunan paano pa ako hindi mararamdaman ang ganitong sakit? Dalawang kaibigan dumalaw may matamis na regalo at isang sandwich para kay Todd.,1.5076481103897097,93.96940755844116
i will pay a month for months and feel shame every time i grill a hot dog from that point on,2,love,babayarN ko ng isang bwn pr mga bwn at mramdaman ang khihiyan twng mg-grillng ako ng htdg mula nwn.,1.4397168159484863,94.24113273620604
i can still remember what it was like to be a teenager and that giddy feeling of amazement when the hot looking boy you like although we didn t use the term hot back then actually likes you back,2,love,"tatanda ko p ang kilig nng lalaki gsto mo, kahit hindi pa ""hot"" noon, gusto rin niya k.",0.9083924889564514,96.3664300441742
i honestly don t think it s possible for me to feel romantic love at this point,2,love,tpat kng hindi ko iniisip na pslble pr sa akin na mrdaman ng pag-ibig sa rmantikng prn ngayon.,0.3633854985237121,98.54645800590517
i imagine that in the end it might feel like you do about not fully loving,2,love,"iniisip ko na sa huli, baka prang nmramdaman mo kng tngg sa hindi gn ap na pagmamahal.",1.442183256149292,94.23126697540285
im feeling a little tender in my wood works,2,love,may knting skt ako s mga ksukanw.,0.3469240665435791,98.61230373382568
i feel like i am single handedly supporting the cupcake industry,2,love,prng ako lng ng iisa ngp trbo ng indstria ng cpck.,1.4688494205474854,94.12460231781006
i miss him and for me the fact that i have that feeling of longing to be with him again is actually a blessing,2,love,"nmms ko sy at pr sa akin, pkiramd mn tng pagnansa mk smb siya mli ay s bya.",0.8415008187294006,96.6339967250824
i feel like he had a really gentle hand on the recording process,2,love,parang nkabait ng kmy nya sa prsos ng pagr-rcrd.,0.374946266412735,98.50021493434906
i feel slightly naughty holding this cd seeing as it doesnt officially release until tuesday,2,love,naramdaman ko medyo msma pakiramdmn ko habang hwk ko itong CD kc hindi pa ito opisyal n ilalabas hngg Martes.,-0.3158125877380371,100.0
i cant decide how i feel about some of the supporting roles particularly the girlfriend and alfred molina both quite funny but were they one dimensional caricatures or legitimate characters simply overshadowed by a fantastic lead,2,love,"Hindi ko mapagdesisyunan kung ano ang nararamdaman ko tungkol sa ilang mga pangalawang papel, partikular na ang nobya at si Alfred Molina. Parehong nakakatawa, ngunit sila ba ay isang-dimensilyong karikatura o tunay na karakter na simpleng nalilimitahan ng isang kahanga-hangang pangunahing tauhan?",1.460989236831665,94.15604305267334
i pray that they will continue to be giving confident happy god fearing and feel loved,2,love,"nnlnngn k q ptlw sln mgn mgptwlsa, msysa, mtatkt k s dyos, t mrmdm nng pgmmlh.",0.8727990984916687,96.50880360603333
i was starting to feel somewhat sympathetic toward ms finke,2,love,nagsisimula ak magkaroon ng kntng awa kay Ms. Finke.,0.851850152015686,96.59259939193726
i will put my hand on his scar covered chest and feel that half of a heart beating oh its in there beating and feel the sweet rhythm and remind him that we are not alone,2,love,"Ilalagay ko ang kamay ko sa dibdib niyang may sugat, at mararamdaman ang pagtibok ng kalahati ng puso. Oh, naririto iyon, tumitibok, at mararamdaman ang matamis na ritmo, at ipaalala sa kanya na hindi kami nag-iisa.",0.3582435548305511,98.5670257806778
im feeling that longing urge to create something again,2,love,nramdaman ko ang mtdng pagnanais na lmkha muli ng isang bagay.,1.5311012268066406,93.87559509277344
i can sink into the stillness to feel the gentle hum of that light there is pleasure in contrast,2,love,mry kng lmdbg s kthmn kn prmdmng lng lmny n hmg ng lght; my ksyhyn s pgkdb.,0.9262963533401488,96.2948145866394
i guess fiction powers along on good emotions versus bad emotions there wouldnt be much excitement if all the feelings between the characters were sweet and harmonious,2,love,Siguro ang kathang-isip umunlad mgandang emosyon kaysa masamang emosyon; hindi magkakaroon ng maraming kilig kung lahat ng damdamin sa pagitan ng mga tauhan ay matamis at maayos.,1.498884916305542,94.00446033477785
i am a passionate obama supporter but as a woman i feel twinges of guilt at times about the fact that i am not supporting the first woman with a real shot at the presidency,2,love,"ak syng msigasig na tagsuporta ni Obama ngunit bilang isang babae, nraramdaman ko minsan ang mga kirot ng pagkakasala dhil hindi ako sumusptra sa unang babae na may tunay na pagkakataon sa pagkapangulo.",0.9277073740959167,96.28917050361632
i didn t feel like she was totally supportive,2,love,hindi ko nrmdmn na gnmp siya sumsporta.,1.3692057132720947,94.52317714691162
i really wish i had the courage to drag a blade across my skin i wish i could do it i wish i could see the blood and feel that sweet release as it starts to pour out of my flesh and down my body,2,love,Tunay kong nais na mayroon akong lakas ng loob na ihila ang isang talim sa aking balat. Nais kong magawa iyon. Nais kong makita ang dugo at maramdaman ang matamis na kalayaan habang ito ay nagsisimula nang tumulo mula sa aking laman at bumaba sa aking katawan.,1.4315829277038574,94.27366828918456
i have a feeling its the kind of thing logan would have admired and hes the last person on earth would have ever betrayed that trust,2,love,myroon kng pkiramdam na ito ng uri ng bagay na papurihin ni Logan at sya ng huling tao sa mundo na mgttksil ng ganitong twala.,-0.3006137907505035,100.0
i suppose my own truth needs to be shared i havent been feeling very faithful lately ive dwelled more in doubt and uncertainty than i have in faith,2,love,"sa tingin ko, kailangan ko ibhgi ang akng sarlng ktotnhn. hndi ako gngnaninwla kmln, ms maraming pag-alnlangn at kawln ng ktykn ang akng nraramdmn kysa pananmpalataya.",0.4048472642898559,98.38061094284058
i feel that i know god is real and that he is loving if i feel that i have air tight reasons for such notions what kind of sense would it make to blame him for the misfortunes that befall us when in fact jesus warns that will have tribulation in the world,2,love,"nraramdaman kong totoo ang Diyos at mpagmahal siya, at kung my matibay kong dhln pr mga paniniwala kong ito, bkit ko siya sisihin sa mga pagsubok n ating kinakhrp, lalo n't sinabi ni Hesus na mgkakaroon tayo ng mga pagdurusa sa mundo.",0.4255170226097107,98.29793190956116
im the type who doesnt use a moisturizer as my skin is too oily so this product is designed to contain a ton of moisturizing ingredients that will make my skin feel lovely without oils,2,love,Ako ay hlig sa mga prdukto na hindi nglalmng mztrzr cr ang aking blt ay mdls mamntka kaya ng prdkto n t ay dsnyso upang mglaman ng mryng scpng na ngpplmbt na mgppgdng sa aking blt nang hindi ngddlt ng ls.,0.3474736213684082,98.61010551452635
i am all fluffed up with girly stuff like feeling all treasured and stuff,2,love,puno ako ng girly thngs tld ng pgng mahal spcl.,0.8264853954315186,96.69405841827393
i have only felt it after a half marathon so i can only imagine that it feels twice as sweet for a full marathon especially the boston marathon,2,love,"nramdaman ko t lng pgtp n kalahating mratn kaya mry kng skn na ms mgng mtams t nang dlwng bs s pr sa isang bng mratn, lalo n ang Boston Marathon.",-0.2868149876594543,100.0
i want the girl i love to feel loved and be loved,2,love,gusto k mrdmn ng bbyg mmh ko na mhl sy at mhl sy.,1.3621766567230225,94.55129337310792
i use a small p size amount or p if im feeling generous and massage the milk into my skin in little sections and if i feel an area needs more then i can apply more,2,love,"Gumagamit ako ng kaunting halaga ng p size o p kung masaya ako, pinamumasahe ang gatas sa aking balat sa maliit na seksyon. Kung nararamdaman kong kailangan ng isang lugar ng higit pa, maaari akong maglagay ng higit pa.",0.90035080909729,96.39859676361084
i feel oddly nostalgic for those early days when we were all still figuring things out,2,love,nramdaman k kakaiba ng akng pag-nostalgia pr mga unang araw n tyo'y lhat ng sisimula pa lmg mag-unawa.,1.4510498046875,94.19580078125
i love how the smells can make you feel so nostalgic,2,love,mahal ko kng pnao mga amoy n gppaalala s nakaraan.,1.4737482070922852,94.10500717163086
i may not have been posting actively but fortunately i keep a camera pen and notebook where ever i go so whenever i feel very passionate about something i write or take many photos,2,love,"mAaring hindi ako aktvng ngpo-pst, ngt sa kbtng palad, lgi kong dla ang isang cmra pn at ntbk saanmn ako pmpnta kaya kpag nrrmdamn kong lbos akong nsisiyhan sa isang bgy, smsulat o kmkkuha ako ng mryang ltrato.",0.971692681312561,96.11322927474976
i feel passionate about,2,love,nraramdmn kng myrn kng mlpm n pgmmhl s.,0.906777322292328,96.37289071083067
i am always feeling hot i am hot to the touch,2,love,"lgi akong mnit, kt sa pahwk.",0.8571960926055908,96.57121562957764
i am just feeling that i really want to treat my parents nicely and i did it somehow as for him i need to be more generous as don t get jealous easily rawr i am a person with strong possession,2,love,"gusto ko lng mramdaman na tlga gusto ko pkitunguhan nang mbuti ang aking mga magulang at ngawa ko yon sa isang paraan. Para s kanya, kailangan kong mgng mas mpagbigay at hwag mdaling mag-inggit. Rawr, ako ay isang tao mmay malakas na pagmamay-ari.",-0.2979632616043091,100.0
im feeling a little romantic,2,love,naramdaman ko ang kntng pagr-romantiko.,-0.2484667003154754,100.0
i also loved the feeling of that gentle rippling through the body when i floated in water it was a bonus having friends with pools growing up in australia,2,love,"gustung gusto ko rin ang pakiramdm ng mahng pagagos sa katawn kapag lumutng ako sa tubg, isang karagdagn kasiyhan dhil my mga kaibgan akong my mga pool noong lgruki sa Australia.",0.322397768497467,98.71040892601012
i definitely feel like hot stuff strutting down the road in it a href http,2,love,tyk nramdman kng mht at mgnda hmbl ngllkd s klsda dto.,0.3948755264282226,98.42049789428712
i visit cantina i leave feeling that the food is lovely but not always worth the price,2,love,pupunta ako sa cantina umuuwi na prang ang pagkain masarap kng hindi palaging sulit presyo.,-0.340046226978302,100.0
i was a kid in bellingham worried about acne getting my first kiss and maybe copping a feel somewhere on a sweet girl i wished would notice me,2,love,"Bata pa ako nwn sa Bellingham, ng-aalala kng acne, sa unang halik, at baka mhawakan hnd ng isang mgandang babae na sana'y mapansin ako.",0.8654536008834839,96.53818559646606
im not feeling too hot this week so it has been a minor struggle but im pushing through and trying to smile my way through it,2,love,"hindi gng maganda pakiramdam ngyng linggo kaya medyo hrap, pero ptuloy nagpupursigi nngumiti kht papaano.",0.8909776210784912,96.43608951568604
i know theres a saying tell someone how you feel because things can change in the blink of an eye or something along those lines but although thats sweet and all and while its easy to say things like that its really not easy to say it to that person,2,love,"Almk kng my ksbhnn na sbhn mo s sng tnw kng ano ng rrmdmn mo dhil prng mgbgo ng llht s sng glp r ktltd nito, nnght kht n mtmts yon t hmbl mdli sbhn ng mga gntng bgy, nd hnd nmnn rlly mdli sbhn ito s tng iyon.",0.873003363609314,96.50798654556274
i make new friends in the process i dont feel too slutty lol,2,love,"gmwg k ng mga bng kbyan sa prsos, ndi ako msyad ngrdmng mldy, lol.",0.3858299851417541,98.45668005943298
i hear the name i feel loved,2,love,"nrinig ko ngalan, nramdman kng mahal ako.",1.5356919765472412,93.85723209381104
i felt towards my dad growing up i think it eerily parallels how i feel towards romantic interests now,2,love,"ang nramdaman ko noon kay tatay habang lumlaki ako, sa tingin ko ay kakaiba ngunit ktlng nramdaman ko nwn sa mga tao gusto ko romantically.",1.4759831428527832,94.09606742858888
i feel affectionate toward the friends ive made online and admire their spirits and talents,2,love,naramdaman k may pagmamahal ako sa mga kaibigan kong nkilala online at hinahangaan ko lng kalooban at talento.,-0.2921426892280578,100.0
i can really spend some time wit him soon and feel loved again,2,love,mrr k tlga gugulin lng oras kspmya sa lmadl mdm n mdm muli.,1.4785774946212769,94.08569002151488
i feel love by sweet little arms wrapped around my legs wet kisses on my face and soft round cheeks on my lips,2,love,"naramdaman ko ng pag-ibig sa pamamagitan ng mga mtams na ltl na bsg nkkyap sa aking mga bti, mga basa-basa at mghbl na hlks sa aking mkha, at mlambt at blong na pgni sa aking mga lbi.",1.590282917022705,93.63886833190918
i feel i have no hope of supporting a family and purchasing a house in vancouver,2,love,nramdaman kng wla k pag-asa na mpagbigyan ng isang pamilya tbli ng bahay sa Vancouver.,-0.2802812755107879,100.0
i was put on a less powerful pain med drip but i didnt feel out of control so i liked that drug better,2,love,inlgy ako sa mas mhna p gamot lbn sa sakit nng hindi ako nkrmadm ng pgkwla ng kntrl kaya ms gusto ko ng gamot n yn.,-0.3032164871692657,100.0
i feel so blessed to be apart of it,2,love,naramdaman kong sobrng biygya na mg bghgi nito.,-0.2975353002548218,100.0
i feel like they take time to care for their flowers and are wonderfully loyal to their hive,2,love,naramdaman kng pinaglaln nila ng panahon ang pag-aalga sa kanilang mga blkmk at lbs na tpat sa kanilang pugad.,0.3419339656829834,98.63226413726808
is eyes its questionable whether shes feeling gracious today,2,love,ndi mlw kung sy ay nakrdam ng mglnng nwn.,-0.2384279668331146,100.0
im excited and i feel like this is a project that i can be passionate about and totally immerse myself in,2,love,masaya k0 at prng ito ay isang prkjt na kaya kong pg-isipn ng mdy damdmn at lbus n mglay ang akng srmi.,1.5244969129562378,93.90201234817503
i really do miss the feeling of loving someone deeply and having that someone to love you back,2,love,talagang nami-ms ko ng pakiramdam ng pagmamahal nang malalim s isang tao at ang pagmamahalan dn pabalik.,0.847771406173706,96.60891437530518
i was in sams angsty headspace jensens voice singing bon jovi was making me feel horny as hell,2,love,"nasa angsty hs spc ako, boses ni jensen ng bjv nagpapaparamdam ng sobrang init.",0.3494627475738525,98.6021490097046
i didn t like the first book should have stayed with my gut feeling on that one liked the second book pretty well third book was a little better and i hated the last book,2,love,"ayw ko sa unang libro sana'y pnkinggan ko ang aking hnala noon. gustung-gusto ko ang ikalawang libro, medyo ganda. ang ikatlong libro ay konti pang ganda, at ayw ko sa huling libro.",0.8592157363891602,96.56313705444336
i am feeling incredibly generous i will allow mike to spoon for about minutes and then i start panic breathing and he gets the idea and rolls over to his side of the bed,2,love,"naramdaman kng sobrang bt ko nwn, hahayn kong mg-spoon si Mike ng ilang min, tpos mgkakaroon ako ng panic brthing at maintndihan nya ang ibig kong sabihin at lipt sya sa knya tabi ng kama.",-0.3310128152370453,100.0
i really like it i feel so nostalgic watching decade as i remember a lot of the hesei kamen riders,2,love,"tlga gusto ko to, npakasaya n kkapng-nostalgia pnnoorin ng mga dkda k naaalala ko ang maraming Heisei Kamen Riders.",-0.3407967984676361,100.0
i personally feel you can call a guy slutty and matt,2,love,naramdaman kng prsnl na mka tawagng slutty ng lalaki at si matt.,0.8408197164535522,96.6367211341858
i was feeling very generous wild and crazy and we went through the drive through at steak and shake,2,love,"naramdman kng sobrang bt, blw, at gtom kaya pmpunta kmi sa drv-thru ng Steak n Shake.",1.4540114402770996,94.1839542388916
i feel my heart is in your hands your love is all that i demand so give me a chance to show you sweet romance a href http creativecommons,2,love,"naramdaman ko nasa iyang kamay ang akng puso, ang iyang pag-ibig lmn ang akng hinihingi, kaya bgyn mo ako ng pagkakataon ppr ipakita s'yo ang matamis na pag-ibig.",0.3677406907081604,98.52903723716736
i had to choose the sleek and smoother feel of the sweet revenge made drawing and handling the blaster a bit nicer,2,love,kailangan kong piliin ang mkinis at mas mkinis na pkiramdam ng swt revnge kaya mas naging mganda ang pagguhit at paghawak ng blaster.,1.4538813829421997,94.1844744682312
ive been feeling like i cant put a lot into this because hes not caring about it anyway,2,love,nramdaman kng hnd k msyadong mbigay ang akng lahat dhil hnd nmn s nagpapahalaga rito.,1.4830673933029177,94.06773042678832
i simply cannot imagine me feeling cleaning caring for a baby,2,love,nd ko tlga msiip na mramdman ko lng lns at pg-alaga s isang sgbl.,0.4640275239944458,98.14388990402222
i try to describe my experience in words it feels like trying to shove tender little baby feet into high tops that are too small for them,2,love,"susubukan k lng ilarawan karanasan s mga salita, parang pinipilit ipasok malambot maliit na paa ng sanggol s sapatos medyas na masyadong maliit pra s kanila.",-0.2534208297729492,100.0
i wanted to please him and make him feel accepted,2,love,gust kong mapasya sy at mramdaman nya ttnggap sya.,1.4143612384796145,94.34255504608154
i have no word to describe the feeling reply she said its been days today that i have been in such a lovely country india i never thought that anything like this can ever happen to me where everyone treated us so gracefully humbly and with so respect,2,love,"Wlang slta kng mbiibgy upang lrwan ng narrmdmn, sgto nya, arw-arw n tng naklpas na nasa gniting mgbng bansa, ng Inda, hndi ko aklng mgkakrwn ng gntng karanssn, kung saan lht ay ngpakta ng dklg pagglng, kahnhn, at pagpphlaga sa amin.",-0.3351919949054718,100.0
i just saw a post on one girls facebook page that said something to this effect im feelin horny,2,love,"nakta ko lng sa fb pg ng bby na my post n parang gnto: ""nramdaman kong mhit.""",1.407176494598389,94.37129402160645
im feeling generous lets make it a a href https www,2,love,"naramdaman k mapagbigay, gwin natin ito isang...",-0.1929970681667328,100.0
i began to feel sympathetic for khezef but i wasn t sure if i was right about him,2,love,nsgmng mgkaroon ako ng awa ky Khezef ngt hndi ko sguro kung tma ba ang akng paniniwala gt knya.,-0.3487387597560882,100.0
i am ever feeling nostalgic about the fireplace i will know that it is still on the property,2,love,"lagi k nakkrdm ng pagnstalya kng kusinilya, alm k ito nsa aryan pn.",0.3132496178150177,98.74700152873991
i feel hot irritated and tired,2,love,"naramdmn kng mnit, nnis, at pgdd.",0.842656672000885,96.62937331199646
ive been coughing for the past few days now and my stomach muscles are definitely feeling rather tender the sore throat is a new development as is the runny nose,2,love,ubo na ako n ilang araw n at tiyak naramdaman kong mahina kalamnan tyan. Bago sintomas sakit lalamunan ubo't laway.,1.513002872467041,93.94798851013184
i feel like any student response can tip the delicate balance of my psyche,2,love,naramdaman kong anumang tugon ng estudyante pwedeng magbalanse sa aking sensitibong kalooban.,0.376848042011261,98.49260783195496
i came home and enjoyed minutes in the garden feeling the lovely warm sunshine on my face,2,love,"umls ako pw, tnmsa lng mnito sa hdin, nraramdmn ang mgandang init ng araw sa aking mkha.",0.8656482696533203,96.53740692138672
i feel like life is an affectionate older sibling,2,love,parang kapatid ko mtl na mghm buhay.,0.8601469993591309,96.55941200256348
i am enjoying the month old puppy piddi and feeling the gentle breeze that floats through the cool inner chambers of the house,2,love,nasisiyahan k sa isang buwang gulang na tuta na si piddi at nararamdaman ang malumanay na simoy ng hangin na dumadaan sa malamig na loob ng bahay.,-0.2752735614776611,100.0
i have always prayed and hoped for the universality of a single faith and a complete unconditional and voluntary feeling of brotherhood among mankind a host of beloved children of one and only heavenly father,2,love,"Lagi kong ipinagdarasal at inaasam ang pagiging pandaigdig ng iisang pananampalataya at ganap na walang kundisyon at kusang-loob na pagmamahalan sa kapwa tao, isang malaking pamilya ng mga minamahal na anak ng iisang at tanging makalangit na Ama.",0.3173220753669739,98.7307116985321
i want all of my feelings rage and terror and longing to wash over me and fill me as the alternative is the dull anxiety of every day living,2,love,"gusto kong lhat ng aking dmndmn, glt, tkot, at pngnansa, ysmblng sa akin at pnuin ako, kysa mputlng kba ng pr-araw-araw ng pamumuhay.",0.9361334443092346,96.25546622276306
i am stone and even with only the cm thickness i do not get anywhere near to feeling the slats supporting the mattress except when i sit on the edge unsurprisingly,2,love,"'Ako bt at kht nm may kp na lng ng sntmetro, d ako nraramdaman ng mga tbl na spsrta sa km mlibn kpag nkaupo ako s gilid, d nakakglat.'",0.9566165208816528,96.1735339164734
i was feeling nostalgic about those days where i officially belonged to this city after getting married to shubhi in feb,2,love,nalala ko ang mga araw n'yn kung saan opisyal kng kablng sa lungsod n'to mtapos klsl kay Shubhi nng Pebrero.,0.8979194760322571,96.40832209587096
i only will uploading photos which i feel so sweet to share with all of you lovers,2,love,mag-upld lng ako ng mga lrn sobrng tms na gsto kong ibahagi s inyo lhat na mga mahal ko.,0.8895881772041321,96.44164729118349
i feel a hint of my beloved art nouveau era in this bracelet,2,love,nramdaman ko ng isang hlmyak ng aking mmh na pn ng Art Nouveau sa pulseras na ito.,0.270046055316925,98.9198157787323
i feel that i am neither of those two types i should be a sheep type of boyfriend that kind of person who is gentle likes to take care of people and of course hopes to be taken care of many times as well,2,love,"nramdaman kng hndi ako kblng sa alinmn sa dalwng uri, dpt akong mgng ktlkd ng tupa, isang taong mmo, hlg alagaan ng iba at sympre, umaasa rng alagaan dn sy n marmhng beses.",-0.2552255988121032,100.0
i feel like im loving them even more now that im working again i appreciate every snuggle and feeding just a little more since i miss so much when im gone,2,love,"naramdaman kong lalong umiibg ako s kanila ngyn na nagtrbho na ako, hgt kong pnhahalgahn ang bta yakp at pgpakin dn mas nm-mss ko sila kpag wala ako.",1.498140811920166,94.00743675231934
i feel like death think feeling like death will make me a more compassionate psychologist,2,love,"parang gsto ko n mamatay, akala ko kng mg-isip na parang mmmatay ako ay mgiging mas maawain na psychologist.",0.4266023337841034,98.2935906648636
i feel your presence beloved,2,love,"naramdaman ko ang yr presensya, mahal ko.",1.5476847887039185,93.80926084518433
i like him for who he is or i just like the feeling to be liked,2,love,gusto ko sya kung sino sya o gusto ko lng ang pkiramdm na gusto nya ako.,0.5261580944061279,97.89536762237547
i feel like im so fucking loyal i would never do that to my boyfriend so why am i settling for someone who doesnt have the same values,2,love,"naramdman k sobrng tpat k, hnd k gagwwn yn s bf ko kaya bakt k nggtitiis s isang taong wla rng ktlng halaga?",0.3532535135746002,98.5869859457016
i pay godaddy for the privellege of having a domain i feel im also supporting their efforts to get this bill that i vehemently oppose shoved through,2,love,"Nagbabayad ako sa GoDaddy para sa pribilehiyo ng pagmamay-ari ng isang domain, at nararamdaman kong sinusuportahan ko rin ang kanilang pagsisikap na ipasa ang batas na lubos kong kinokontra.",-0.3273032605648041,100.0
i thought it might and it makes my hair feel lovely and silky,2,love,akla k kaya pala ngng bg makinis at makintab ng akng buhok.,1.500802755355835,93.99678897857666
i feel horny i feel horny anyone wanna see me,2,love,"nraramdman kng mht ang ktawan ko, mht ang ktawan ko, my gsto mkta ako?",-0.2935772836208343,100.0
i feel absolutely loved,2,love,nramdman kong lubos na mhmh.,1.429714918136597,94.2811403274536
im already feeling nostalgic about the san antonio spurs golden state warriors series and it hasnt even ended yet,2,love,"Na-nostalgic na ako sa serye ng San Antonio Spurs at Golden Stte Warrors, at hindi pa nga ito natapos.",1.6156766414642334,93.53729343414308
i shy away from songs that talk about how i feel toward god or that maybe even talk about my faithful response toward god,2,love,ntkht k lngpts s mga wts ngt sb akng nrarmdmn ky D's o mhrb ly ngt sb akng pnanampalataya skanya.,0.4350239634513855,98.25990414619446
i feel that i need to be more generous with my offerings to them especially in hunting and fishing,2,love,naramdaman kailangan ko mg mgbigay s aking mga handog s kanila lalo na sa pangangaso at pangingisda.,1.4763470888137815,94.09461164474487
i feel the gentle press of the seed through the soil,2,love,nraramdman ko ng malmbt ng pndot ng bnh sa lupa.,1.5352122783660889,93.85915088653564
i feel like if i had a job worth caring about i wouldn t be so shifty,2,love,"kung my trbng slt lga, d sana ako gnto kbalisa.",0.4220824241638183,98.31167030334473
i can feel that gentle rhythm imprinted on my skin i vibrates up my arm my stomach clenches my legs squeeze i forget his own leg has somehow ended up between mine,2,love,"nramdaman ko lng mlamanay ritmo nkukit sa akin blt, kmklst ito sa aking braso, smskt ang aking tyan, nkkumom ang aking mga bti, nkaklmttn kong ang kng bti ay nasa pagitan ng akin.",-0.3105621635913849,100.0
i just feel like being selfish and really live my life,3,anger,gusto ko lng mgk sril t tunay n mbuhay buhay ko.,0.8843640089035034,96.462543964386
ive reserved the right to feel all stubborn and powerless about it,3,anger,iningtan ko ang krptn kong mrndmn ang lht ng pgng btgst at kawln ng kpwrhn tgln dito.,0.8559339046478271,96.57626438140868
i feel times less bitchy,3,anger,msknti ng pgng maarte ko nyn.,0.3437019884586334,98.62519204616548
i could give it away but im feeling greedy at the moment,3,anger,mry kong bgyn yt ngnrmdn kong skm nwn.,1.4878137111663818,94.04874515533449
i have been neglecting the feeling of people around me i was stubborn,3,anger,"ngppbya ako sa nraramdmn ng mga tao sa plgdn ko, mtgs ang ulo ko.",0.8644980788230896,96.54200768470764
i dont know who wrote the following little note but this is how i feel today if u r offended by the following posting then you obviously have not lived long enough to be compromised on how you act or believe,3,anger,"hndi k alam kung sino ng sumulat ng mlt na tlng tto ngunit gnto ang nrarmdaman ko ngyn. Kung maa-ffnd ka sa susunod na pst, lmng ay hindi k pa sapat na nabubuhay upang maimpluwensyahan ang yr kilos o paniniwala.",-0.3056120872497558,100.0
i ve been feeling a bit cranky with the kids this week cranky baby whiny year old demanding preschooler so i wanted to stop and remember how blessed i really am,3,anger,"nramdaman k medyo mngas ako s mga bta ngayong lngo, mngay na snggol, mte na isang taong glang, at nngngailangan na prschlcr kaya gusto kong hmpnto at alrhmnn kung gano ako bnbati.",0.7802960872650146,96.87881565093994
i cannot in good conscience encourage my young kids read stuff from someone i feel is so vile no matter how good it is,3,anger,hndi k mgagawa sa akng bdh na hkyatin ang akng mga btang bsn ang mga bgy mula s isang tyng nraramdaman kong lbhng msma kht gn kglng yon.,0.8694279193878174,96.52228832244872
i am happy to see that he is off with hopefully a good job but i can t help feel a little greedy,3,anger,"Masaya kng mkta na sya my trabaho na sana ay mganda, ngt hindi k mpigilan pkiramdam na knting mskasarili.",0.8989781141281128,96.40408754348756
i listen to dubstep when im feeling damn irritated,3,anger,nkikng ako ng dbstp kpag sobrang nnis ako.,1.394221305847168,94.42311477661131
i feel resentful and irritable,3,anger,naramdaman k may sm ng lb at nirrta.,-0.3243494033813476,100.0
i liked it all the same this one will take a few listening sessions to get a real feel theres a lot distortion in the songs which agitated me a bit but it caused me to do a little research on just what the creative force behind this unusual album,3,anger,gustung-gusto ko pa rin ito pero kakailanganin kong makinig nito nang ilang beses para makuha ang tunay na pakiramdam marami itong distortion sa mga kanta na medyo nag-irita sa akin pero ito ang nagtulak sa akin na mag-research tungkol sa tunay na likha ng kakaibang album na ito.,0.8420835733413696,96.63166570663452
i must have been feeling a little cranky about the,3,anger,siguro mdyo mn ungol k nwn.,0.3067480325698852,98.77300786972046
i feel so happily rebellious,3,anger,naramdman kng sobrang masaya at mpaghimagsik.,-0.2706419825553894,100.0
ive had a long road of that initially feeling like i was being rude for turning down food that was made brought for me and sometimes eating stuff because it was gluten free and looked delicious even if it maybe wasnt what i felt good about eating some really mediocre wedding cake for example,3,anger,"matlg ko n nranasan ng tngitong sitwasyon, n prang msm ng lbk ko kpag tmtangi s pgkain n nhnd p r s akin, t minsn kmkn ako kht hnd gluten-free t hnd nm nmn tlga gusto kong knin, tld ng sng medyo pngt wedding cake.",1.4976232051849363,94.00950717926024
i feel those feelings coming back all those hateful jealous paranoid feelings that used to torture me relentlessly,3,anger,"naramdaman ko ang pagbabalik ng mga damdaming yn, ang mga damdaming puno ng poot, inggit, at paranoiya na dati'y walang hmpay na nagpapahirap sa akin.",1.530595064163208,93.87761974334715
i no longer have that angst inside me the kind of yelping passion and feeling of being wronged or what have you that drove my initial connection to emo,3,anger,"Wala nko naramdaman na ganung pagkabalisa sa loob ko, ang uri ng matinding pagnanasa at pakiramd ng pagkukulang o ano pa man na nagtulak sa aking unang koneksyon sa emo.",1.4509648084640503,94.1961407661438
i really am feeling so impatient,3,anger,Talag hindi ko mpigln ang aking pagmmdli.,1.4650397300720217,94.13984107971191
i compare it to mine i feel irritated but i tried to be realistic to calm my self down,3,anger,"inihambing ko to sa akin, nraramdaman kong nainis ako ngt sinubukan kong maging makatwiran p mpakalma ang aking sarili.",0.4419357776641845,98.23225688934326
im feeling jealous just thinking of you all wrapped up all clean warm and soft,3,anger,"nggit kht n lng skn kta nkblot, lns, mnt, mlmbt.",0.8980188369750977,96.4079246520996
i guess i feel irritated when great music gets ignored even if it is necessary,3,anger,siguro naiirita ako kpag bblwala ng magandang musika kht mahalaga to.,0.9092039465904236,96.3631842136383
i must ask if my column makes you feel so hateful why do you keep logging on,3,anger,"Dpt kong tno kung ang akng klm ay ngpparamdm sa yo ng gnito galit, bky ka pa nglo-ln?",0.372395783662796,98.51041686534882
i am feeling impatient in so many ways but i am equally aware that it is important to learn all i can while im in this season,3,anger,naramdaman kong naging mpagbr0 ako s maraming paraan ngunit pantay dn ang akng kamalayan na mahalaga ang pag-aaral ng lhat ng mkakaya ko habang nasa panahon n ito ako.,1.4539254903793335,94.18429803848268
i hate talking about presents because i feel greedy,3,anger,ayw kong uspn ang mga regalo kc nadrmn kong mskasarili.,-0.306742399930954,100.0
i know all art animals are lame and i feel particularly violent about the crabs,3,anger,alm kng lht ng mga hyop s sng ay mhn at lr kng ngglt s mga almngo.,0.8834559321403503,96.4661762714386
i don t feel frustrated anymore from the fierce us media campaign against egypt because the more they attack us the more we know that we are on the right track,3,anger,"hndi n ak nabbahala sa mtindig kampnya ng US mdia laban sa Egypt dhil sa bkit pag-atak nila, lalong n tlman na nasa tmng landas tyo.",-0.3386448323726654,100.0
i understand that every memory is something precious and that i should cherish it but at the moment i feel disgusted at how i had become during that time of my life,3,anger,"ntndn ko na bkit alaala hlgp at dpt ngtan, ngnwn, nrrmdmn kng nabbtsd sa kung pno ako nng pnng hyn ng buhay ko.",0.9313589930534364,96.27456402778624
i feel frustrated about especially last night is not in doing all those things i actually enjoy them but in finding the time to do them,3,anger,naiinis ako lalo kagabi nd dahil s hindi ko nagagawa mga bagay gusto ko kundi dahil sa paghahanap ng oras para gawin yn.,0.9331101179122924,96.26755952835084
i just couldnt help feeling a little bit bitter towards his great big happy grin,3,anger,Hindi ko mpigilan ng maramdaman ng kaunting kptn sa kng malawak at msyang ngiti.,0.8431208729743958,96.62751650810242
i feel incredibly sarcastic right now,3,anger,npaka sarkstck kng pkiramdm nynw.,1.3999369144439695,94.40025234222412
i feel jealous with them why they can,3,anger,"niinggit ako s knla, bkit kaya sln?",1.4468121528625488,94.2127513885498
i am left feeling like the greedy bastard and i hate it,3,anger,"parang isang mskrili at skm na hyop ako, at ayw kong gnito.",0.8973685503005981,96.4105257987976
i feel myself getting agitated over something insignificant or feeling bored i m going to remember this quote,3,anger,"nramdaman kng ngglt ako s isang bgy n walang kblhnn o nakakbgot, ttndn ko itong qoute.",0.4215421378612518,98.313831448555
i know its only the beginning of and im already feeling fucked,3,anger,alm kng ty simula pa lmog t ak naramdman n nabablw.,1.3999866247177124,94.40005350112916
i feel tortured by something,3,anger,nasaktan ako ng isang byahe.,0.4195377230644226,98.32184910774232
i am feeling a little sarcastic today,3,anger,medjo sarkastiko pakiramdam ko nwn.,0.8531365394592285,96.58745384216309
i was a touch pissed off that janine appears to have totally forgotten my birthday i feel a sarcastic comment in her card next week to make up for it,3,anger,naglt k nlng kc mkn ganap n klmntn ni jnne ng akng karnvn. nsip sk slt s krd s susnng lngo sng sarkstko pngungusap bng pmpggn.,1.5077327489852903,93.96906900405884
i can t fit in in beirut where i have the nagging feeling that i m in a heartless place,3,anger,"Hindi ako mkapsok s Beirut, kn saan ako ay may pllt-plt na pakiramdm na nasa isang wlng-puso kong lugar.",-0.2274766713380813,100.0
i have a bad feeling that i am going to get very aggravated again tomorrow,3,anger,may masamang pkiramdam kng mggng sobrang gltt ulit bks.,0.8555582165718079,96.57776713371275
i also feel aggravated i have an embarassing reason i dont want to go home yet i dreaded coming here and now im dreading leaving here,3,anger,"naramdaman ko rin ang pag-aksaya, my kahihiyang dahilan kung bakit ayaw kong umuwi pa, kinatatakutan ko ang pagdating dito at ngayon ay natatakot akong umalis.",0.9037448167800904,96.38502073287964
i feel pride that i don t have to buy a roll of quarters from the bodega on the corner and this feeling is the only thing that keeps me from being irate that our laundry room is oddly devoid of coin changer machines,3,anger,"naramdaman ko pagmamalaki na hindi na kailangan bumili rol barya bodega sulok, pakiramdam tanging nagpapapigil magalit aming silid-laba kakaiba walang makina palit-barya.",0.333064317703247,98.667742729187
ive been feeling jealous lately of bloggers going off to author readings and book si,3,anger,naramdaman ko kmaln nggit sa mga blgger npunta sa mga pagbasa ng mga akda t mga book signing.,0.3283120393753052,98.68675184249878
i feel not heartless because my heart hurts so i still feel it i feel so much pain,3,anger,"nramdaman ko ng sakit kaya hndi ako wlang puso, nramdaman koto, at napakaraming sakit ang aking ndarama.",0.4189967811107635,98.32401287555696
i was feeling rebellious so i ate it,3,anger,ng-rblde ako kaya knin ko yn.,0.4222413897514343,98.31103444099426
i know what it feels like to face irate customers,3,anger,alm ko kung pano ang pkiramdm na hrpin ang mga gltt nm cstmr.,0.3561262786388397,98.57549488544464
i says pressing his torso against siwons and bringing their faces close enough that he can feel siwons agitated breath,3,anger,sinbi nya habang pinipiga dibdib nya kay Siwon papalapit mukha nila hngg maramdaman nya mabilis gulo paghinga nya.,0.3721553981304168,98.51137840747832
i feel so cranky right now,3,anger,npk-sungit k nwn.,0.3679863214492798,98.52805471420288
i forgive myself that i have accepted and allowed myself to feel tortured by a headache,3,anger,pataw ko s akng slt dhl tntkp at pnyagan kong mrdm n pagdurusa ng pnakit ng ulo.,-0.288440465927124,100.0
im starting to not buy the whole everything happens for a reason bit or god has a plan b c i feel that god is love and theres no way that he would torture me and other women like weve been tortured dealing w fertility issues,3,anger,"ngsisimla k hndi mnvl sa ""lnth ngnyry ay my dhln"" o ""my pln lng Dyos"" kc nraramdmn kng Dyos ay pg-bg at hndi nya mgpphrp skn at s ibang kbabhyn tld ng ating pngdgna sa mga syu ng pgka-frtyl.",0.3355478048324585,98.65780878067017
i feel so rude saying i ll get back to you cause shes so nice and needs me but i d prefer to work in a href http www,3,anger,"Nararamdaman kong bastos sabihin na babalik ako dahil siya ay napakabait at nangangailangan sa akin, pero mas gusto kong magtrabaho sa www. 
Output: naramdaman kong bsts sbn na bablk k dhil sy napakbtayt nangangailangan s akin, pero m gusto kong mgtrbaho s www.",-0.235008880496025,100.0
i generally don t eat a lot of junk it is mostly stress eating but as i become more comfortable with the child care i am feeling less stressed and eating less junk,3,anger,"karaniwan, hnd ako kmkain ng maraming jnk fd. kadalasan, strss eating ako pero habang msk nakakakomportable ako sa pag-aalaga ng bata, nararamdaman kong msk kaunti ang strss ko at msk kaunti rin ang jnk fd na kinakain ko.",0.8329081535339355,96.66836738586426
i feel so mad i feel so angry i feel so callous so lost confused again i feel so cheap so used unfaithful let s start over let s start over let s start over,3,anger,"npkglt ko, npklungkt ko, prang wlang mlaskt, nwawla nnlto ulit. Prng mra n ginamit, hndi mpagkaktlwan. Simulan tn muli, simulan tn muli, simulan tn muli.",1.5078762769699097,93.96849489212036
i could genuinely connect and enjoy instead of withdrawing and feeling resentful,3,anger,mrr kng tunay mg-ugnayan n mag-enjoy kesa umatras n magdamdam ng sm ng loob.,1.444708228111267,94.22116708755492
a certain friend tried to push me off a seat in a very violent way for no apparent reason it may be that he was excited about something,3,anger,"Isang kbg ko ay snbykn akong tlk n glkas mla frm sng pwn nlng wl mrln dhn, mhrbl ay sy ay nssiyn sa sng bng.",0.9084867238998412,96.36605310440063
i feel so wronged but what can i do,3,anger,naramdaman ko lubos nagkulang kng ano magagawa ko?,0.8935288786888123,96.42588448524477
i feel a violent tug at my eye socket,3,anger,nramdaman k may mlakas na pghila sa akng eyebow.,0.3049629330635071,98.78014826774596
i feel disgusted when need to act cute like the actions of gwiyomi,3,anger,nraramdman kng ssaakit ang akng sikmura kpag kailangan kong kumls na prang cute gya ng mga kilos sa gwiyomi.,0.402713418006897,98.3891463279724
i am not even italian but i feel outraged by the stupidity of ppl on this blog,3,anger,"nd hndi k kahit kailnman Italo, pero nramdaman kong galt dhl s ktnghn ng mga tao s blog n t.",1.4107143878936768,94.3571424484253
i am very stubborn but i feel like if i am going to be stubborn it should be in a manner that is going to help me,3,anger,"akO y npk-mtigas ng ulo nngn rramdmn kng mtigas kO, dpt tO ay s prang mkktulong s akin.",0.8544886112213135,96.58204555511476
i feel utterly disgusted that they would look at me in such a way but the thing continues,3,anger,"nkapsklam k na tingn nila kn gnun, pero ptrly p rin ngyayri.",0.3609446287155151,98.55622148513794
i feel like karen is being far too greedy pushy demanding on all fronts,3,anger,"parang sobrng skm, palaging ngpupush, t mahigtp ang khilingan ni Karen s lhat ng bgy.",1.5138397216796875,93.94464111328124
i wrong to feel so aggravated,3,anger,mali b na mrdamn kng ganto klngkot?,0.8876411318778992,96.4494354724884
i feel that spitting on somebody is the most vicious kind of disrespect that you can do he said,3,anger,"naramdaman ko ang pag-ubo sa isang tao ay pinakamasamang kawalan respeto, sabi niya.",0.3970326781272888,98.41186928749084
i want to be irreplaceable and until i find the person who makes me feel that way than i think id rather stay single because if im not your number than whats the point i refuse to be just something you settle for maybe im just stubborn but its how i feel so idrc,3,anger,"gust kong mg hndi mapapalitan hngng hndi ko mahanap tng magpaparamdam s akin ng gto, mspipiliin kong mntl na single kc kng hindi ako yr una, ano pa ang slbi? Ayw kong mg isang bagay na yr pagkukunwari lmn. Baka matigas ang ulo ko, pero gnto ang nararamdaman ko kaya wala akong pakialam.",0.8682608604431152,96.52695655822754
im feeling really hateful and disgruntled about my job but i sure hope i dont lose it for being late,3,anger,"napaka skt at nkainis ng trbaho ko ngyn, pero sana hndi ako mwaln ng trbaho dhil sa pagkaantala.",1.4608159065246582,94.15673637390135
i just go into these modes where i want to write then feel disgusted and do not what to write at all,3,anger,"minsn, nalpsn ako ng gntng estado kung saan gusto kong slt, pero pagkatapos ay nraramdmn kong ayw ko nang slt at nabbstso ako.",0.8474385738372803,96.61024570465088
i guess the mild pain had made me feel even more impatient to just get on with it,3,anger,suguro ang bnyad na skt ay ngpbls sa aking pgng mgpbr0 t mtpn na t0.,1.485426902770996,94.05829238891602
i feel that we are heading for an abyss that has been created by the greedy the too greedy and the far too greedy,3,anger,"naramdaman kong ptrgo tayo s isang abismo ng mga skm, ng mga lbs na skm, at ng mga npk lbs na skm.",0.3878099322319031,98.4487602710724
i am feeling very bitter about it all,3,anger,nkapk sla ng pkiramdam ko tgout dito.,0.8655449151992798,96.53782033920288
i hate being so hungry and weak that i feel stubborn and dont want to do anything productive,3,anger,ayw kong mgbng sobrang gtom t mahina n parang mtgas ang ulo t ayw gumawa ng kht anong prduktibo.,0.4140733778476715,98.34370648860931
i must say though i have been feeling pretty violent,3,anger,"dpt kng sabihin, kht n naramdaman kong medyo agrsbo.",0.2976279258728027,98.8094882965088
im feeling particularly dangerous a chocolate cookie,3,anger,"naramdaman kng medyo mapanganib nwn, isang tsokolateng biskwit.",0.3380717933177948,98.64771282672882
i was down feeling greedy and depressed,3,anger,"nalumbay ako, ndrm ang ksmn at depresyon.",1.4237916469573977,94.3048334121704
i have an overwhelming feeling of sadness that there are people in this world that are so hateful,3,anger,naramdaman k lng maldp ang kalungktan dhil my mga tao sa mundo na lbh mskasarili.,0.4429459571838379,98.22821617126463
i cant help but feel that if i hadnt had been so selfish then i could have sheltered you from feeling this way now,3,anger,"hindi kpgnn pakiramd nm kung hndi ako naging mskarili n, sana'y nbygn kta ng prtkysn mla s nraramdmn mn ngayun.",1.4846079349517822,94.06156826019289
i feel fucked,3,anger,nramdaman k nabigo k.,1.4248332977294922,94.30066680908205
i feel so pissed off over an old friend and some friends,3,anger,napainis ko s isang mtdng kaibigan at ilang mga kaibigan.,0.3860390782356262,98.4558436870575
i guess im just feeling a little rebellious,3,anger,"siguro, medyo rblde lng ako nwn.",0.3919609785079956,98.43215608596802
i feel more and more dissatisfied with each passing weekend,3,anger,lalong lmlm akng kwan ng ksya sa bch nklips na wknd.,1.4481382369995115,94.20744705200195
i pray that the eyes that read this the minds that comprehend this and the hearts that feel this will not be offended,3,anger,"nanalangn k na mga mata babasa, mga isipan unawain, mga puso maramdaman, d magagalit.",0.3503489196300506,98.5986043214798
when a very close friend with whom i have a very intimate and bodily relationship he had a girlfriend started to avoid me and didnt want to talk to me any more,3,anger,"nang mgkaroon ng gf ang akng malapit na kaibigan na mayroon akong malalim at pisikal na relasyon, sya ay nagsimulang iwasan ako at ayaw nang kpagusap.",0.4517348706722259,98.1930605173111
i feel offended that youre offended way but in the oh crap there i go offending people again way,3,anger,"Nasasaktan ako na nasaktan ka, pero sa paraang ""ay naku, nandito nman ako, nagkakasala sa iba"" na paraan.",-0.3101237118244171,100.0
i perform a submarine cartwheel before i feel a violent tug on my ankle as my board gets hauled towards the beach,3,anger,nagsasagawa ako ng isang submarn cartwl bgo mramdam ang isang mlaks na pghila sa aking bnty hila ang aking brd ptwgo sa baybayn.,1.3997135162353516,94.4011459350586
im feeling pretty rebellious right now because im writing this is my engineering class,3,anger,nraramdmn kng medyo rblde nwn dhil snsulat kto sa kls sa engngrng.,0.8401948809623718,96.63922047615053
i feel like i should rely entirelly on gods word yet i am impatient to wait,3,anger,naramdaman kng dpt k ganap na umsa sa slta ng diyos nngn mgmdl ako maghnta.,-0.3025787472724914,100.0
i sometimes feel i am being stubborn not out of spite but rather in spite of myself,3,anger,"mn san, nramdaman kng mtigas ang ulo k hindi dhl sa sm ng lb, kundi htg na lbn sa aking srmi.",0.8694344758987427,96.52226209640504
i wake up ill feel really really mad,3,anger,"kapag ngigising ako, sobrang glt ko tlga.",0.8407815098762512,96.636873960495
im feeling more fucked up than ive ever had and its nothing to do with my school work,3,anger,"mas msm ang pkiramdm ko nyn kysa dati, wla tng knlamn sng mga gawn q sa paaralan.",0.8628813624382019,96.5484745502472
i dont and i feel so god damn selfish for continuing to hurt myself all the time,3,anger,"Hindi ako magagawa iyon at nararamdaman kong sobrang sakim dhil patuloy akong nasasaktan.
Output: hndi ako mgagawa yn at naramdamn kong sobrang skm dhil patuloy akong nasaktan.",0.8913558721542358,96.43457651138306
i know i am not alone when i say i often feel rushed,3,anger,alm kong hindi ako nag-isa kpag sbsbi kong madalas k mkrdm ng pagmamdali.,1.4834158420562744,94.0663366317749
i didn t feel rushed to finish millions of things and i was able to focus on each task separately,3,anger,nd ak nadrmang pnplt tapusin ang myln-mylng bgt at nkatun n k sa bch gwn nang hwalay.,0.8674333095550537,96.5302667617798
i tend to feel a bit cranky when i ve gone for a few days without making art,3,anger,mdalas akong mg-fng cranky kpag ilang araw n hindi ako gmw ng sining.,1.490575075149536,94.03769969940186
i straight away started to feel my blood boil anger coming over me and that very nerve getting agitated,3,anger,agd k naramdaman ang glt na smasbgb sa akng dgo at akng nrbiyos ay mgng mgulo.,0.9006578922271729,96.39736843109132
i feel you see there is always the possibility that someone might laugh or feel disgusted and it is easier for her too to express her feelings about a story and not about her boyfriend,3,anger,"ntndh kta, mby posibilidad n mtawa o mkrdm ng pg-dsgust ng iba, t ms dli rin pr sa knya n ilahad ang kng dmndmn tgng sa kwnto kysa sa kng bfnd.",-0.3001258373260498,100.0
i feel like i am kinda being bitchy to alot of people but whatever,3,anger,parang mdyo mhrt ako s mraming tao pero bhaln na.,0.7656015157699585,96.93759393692017
i feel like im the mad hatter rather than alice,3,anger,parang si Mad Hatter ako kysa kay Alice.,-0.3715322911739349,100.0
i could feel this way but i honestly believe that he was and is a very violent and dangerous man,3,anger,"maari kng mrmadmto, nngn tpat k ngninbwa na sya y sgp-mngnhb at mhrhs na lkl nnn t gnwn.",1.4209989309310913,94.31600427627563
i feel like im not as stubborn,3,anger,prang hndi na kasing tigas ul.,1.4255605936050415,94.29775762557983
i was about to feel insulted and show opportunity the finger then the door when it presented the prize two weeks in italy,3,anger,malpit n akong mglt at pkit sa pagkaktan ang aking dlr at ang pinto nang pkitto ng gantimpala: dwd lingg sa Itlya.,1.423079252243042,94.30768299102785
i feel too rushed,3,anger,nramdaman kong sobrng bilis ng lht.,0.3744601011276245,98.5021595954895
i think i was right to feel insulted,3,anger,akla k tama mag-isip nasakt ang aming dmdmn.,-0.310350626707077,100.0
i was feeling resentful enough to want to write about it here which means i need to work on look getting my hackles raised when others judge me,3,anger,"nramdaman ko ng sama ng lb kaya gsto kong isulat ito d2, ibig sbn kailangan kong pgtbhin ang pgtkntl sa akin kpag hinuhusgahan ako ng iba.",1.53917133808136,93.84331464767456
i feel bothered at the fact that some of us have been given so many chances but i don t see the least bit of appreciation and utter gratefulness downright from their souls,3,anger,Nakakabigo pr sa akin na lng ilan sa atin binigyan ng maraming pagkakataon ngunit hindi ko nkita kahit anong pagpapahalaga at tunay na pasasalamat mula sa kanilang mga kaluluwa.,-0.260782241821289,100.0
i havent gotten them yet because i still resent paying dollars for a procedure that wasnt fully successful and since i wore glasses for years i feel ive been tortured enough,3,anger,"hindi ko pa slnatanggap dhil naiinis p rin ako s pagbabayad ng dlr pr isang pamaraan na hindi gn ap na matagumpay at dhil nsuot ako ng salamin nang mryang taon, prang pinaghirapan na ako nang husto.",0.939312756061554,96.24274897575378
i always had a feeling of being in shape and became increasingly frustrated with the daily accumulation of body fat elusive,3,anger,Lagi akong nkaramdman na nasa mbuting kondisyon ngunit lalong ngglt dhil sa plit-ulit na pagdami ng taba sa katawan na tlgang hndi maiiwasan.,0.3945052921772003,98.4219788312912
i know its easy to twist things to create an explanation and im still not sure i have one but it did help me to feel a little less mad,3,anger,alm kng mdli i-twist ng mga bgy pr magkaroon ng plngn at hnd p rin ako srguro kung myrn ako nng mnkatulong ito pr mrndmng kng kunti nang hndi glt.,0.4031507968902588,98.38739681243896
i can never fall in love with anyone because my feelings make me too dangerous,3,anger,Hindi ako mka k hnp ng pg-ibig sa kht sino dhil ang akng dmnmn ay gnwa akong msyadong mpngn.,0.3938499689102173,98.42460012435912
i have this nagging feeling that i fucked everything up on the first try,3,anger,mron kng nkakinis na pakiramdmn na pgbgo ko ang lht sa unang pagkakataon.,0.4296838343143463,98.2812646627426
i feel rude feel free to grab the seat next to me,3,anger,"nramdaman k bastos, pki-khuh n lng ng upuan s tabi k kung gsto mo.",-0.3407199084758758,100.0
i must not allow myself to judge the character of others and or dwell on feelings of having been wronged lest i develop serenity stealing resentments,3,anger,hndi dpt ako mgapahintlt na hsgahan ang ktr ng iba o mg-isip nang mgalg ttg sa mga nramdmn kong pgkllng pprdi hndi ako mgkaroon ng mga sm ng lb na gnaankaw ng aking kt.,0.8431092500686646,96.62756299972534
i was years old at one time knowing my dad wasnt coming home and its the worst feeling i have ever felt and ive hated you since and it wont ever change,3,anger,"no0n, bta p ak0 nng mlaman kng hnd na uwI ang akng amA, t yn ng pnakmsmng pkrmdm n rnsn k0, t mula no0n ay nglt k0 s iy0 u nd hnd na yn mgbbg0.",1.4743893146514893,94.10244274139404
i am sitting here feeling a bit grumpy moanday blues anyone else feeling this way too,3,anger,"nkaupo ako rito n medyo mngol, Mondy blues, my iba pa bng gnto d nramdaman?",0.8846687078475952,96.46132516860962
sometime back another girl who was in terms with my exboyfriend came to shout at me at twelve midnight it was because she thought i was still interested in the boy,3,anger,"noong kn, isang babae na noon kykgn sa ex-bf ko pumunta n sumigaw sa akin ng hatinggabi kse akala nya interesado p rin ako sa lalaki.",0.4979230165481567,98.00830793380736
i established a rule with my comp that we don t end planning session at the end of the day until we resolve all conflicts or any feelings of anger or anything that bothered one of us to each other and fix whatever it was,3,anger,itatg ko ang isang ptrakan sa akng kompnya na hnd ttapos ng ssn ng pglpn sa dulo ng araw hngg s lnws tn lng ng lht ng mga altan o anumng dmndamin ng galt o anumng bgy na ng-abl sa isa sa tng isa't isa at ysng ang anumng yn.,1.4217402935028076,94.31303882598876
im feeling selfish enough to start this lovely scarf for myself,3,anger,nramdaman kng mkasrli sapat p smpl'n tng bng scarf pr s'kng s'l.,-0.2892873287200928,100.0
i worry that he s feeling resentful for doing woman s work,3,anger,nag-aalala k na sya nkramdam ng sm ng loob dhil ginagawa ng babae ang trabaho.,1.4038417339324951,94.38463306427002
i feel about this totally and completely pissed angry sad disappointed and absolutely furious at tough mudder the biggest rip off on planet earth,3,anger,"Napakainis, napakalungkot, sobrang glt ako ky Tough Mudder, pinakamalaking panloloko sa mundo.",0.8732631802558899,96.50694727897644
i can feel the cold of winter,3,anger,nramdman ko lng ng tglmig.,0.4541254341602325,98.18349826335908
i write what i feel if you get annoyed and sick of this simply close the tab,3,anger,"sumulat ako ng akng naramdamn; kung mpktuhan at mgaglt ka dito, basta isara mo n lng ang tab.",1.4533675909042358,94.18652963638306
i can t shake the feeling of being fundamentally dissatisfied with my selection in the democratic primaries,3,anger,nd ko mhls ng pkrmsn lng akng hindi nsnhn sa akng pgpili sa mga prmaryng dmokrtko.,-0.2576431035995483,100.0
i think of what dharavi means for mumbai and the country if you keep the annual turnovers aside for a while i feel agitated,3,anger,"iniisip ko kung ano d ibig sabihin ng Dharavi pr sa Mumbai t sa bansa kung itatago muna natin ang taunang kita, n nararamdaman kong nagagalit ako.",-0.2423177063465118,100.0
ive been hearing about too many things happening back i singapore and it gets me feeling irritated and depressed about not being able to be there,3,anger,narirng ko ang mryng nngyayri sa sgpr at t ay ngppskt at ngppdprs s akin dhl nd ako mkakpgpnt rn.,-0.2681228518486023,100.0
i feel we are getting into dangerous territory when we simply ignore the parts of the constitution we don t want to follow or create extra constitutional bureaucracies,3,anger,naramdaman kng papasok tyo sa mpnganib na tritoryo kpag basta-bsta tng iiwasan ang mga bahgi ng konstitusyon na ayaw nating sundin o lmkha ng mga ekstra-konstitusyonal na burukrasya.,1.5002717971801758,93.9989128112793
i feel i am quite mad,3,anger,naramdman k medyo bwlw n ak.,0.3827102482318878,98.46915900707243
i felt out of control i hated myself for feeling it then felt more out of control hated myself for hating that i hated it and it just got worse until i was walking to work in a haze trying to not curl up on the pavement and just,3,anger,"Naramdaman kong wala akong kontrol, kinamumuhian ko ang sarili ko dahil nararamdaman ko ito, saka lalong nawalan ng kontrol, kinamumuhian ko ang pagkapoot ko na kinamumuhian ko ito, at lalong lumala hanggang sa naglalakad ako papunta sa trabaho sa isang kalabuan, sinusubukan kong hindi mag-ikot sa semento at basta magpahinga na lang.",0.4859026968479156,98.05638921260834
i feel stressed i tend to scrapbook and make cards,3,anger,nakakstress kaya madls kong gawa scrapbook at mga card.,0.3742948472499847,98.50282061100006
i feel like a heartless and feelingless i know don t have this word daughter teenager,3,anger,"prng wlng pst at dmmsn ako, alm kng hindi ako gntong uri ng anak, isang teen.",-0.2355434000492096,100.0
i have to confess to feeling quite angry when i read some of the negative reviews of uses for boys some of which are basically victim blaming and slut shaming,3,anger,"kailangan ko aminin na medyo nglt ako ng basahin ko ilan ng negatibong rev tungkol s ""Uses for Boys,"" kung saan ilan tlg nagpapahirap sa biktima at nagsasabing sisihin ang babae.",-0.2536386847496032,100.0
i really shut myself off a lot at the end of my pregnancy when i was feeling even more irritable and anxious so maybe now i need to bounce back from that and get back to normal again,3,anger,talgang ng-isa ako n husto sa huli ng pagbubuntis ko nang mslng mslng maselan at kinakabahan ako kaya mrphl nwn kailangan kong bumalik sa dati at maging normal muli.,-0.3112322688102722,100.0
i feel like i meet the most subtly obnoxious annoying people in the universe,3,anger,parang nkakasalamuha ko lng mga pinaka-subtly obnoxious n nakakainis na tao sa sansinukob.,0.3491447567939758,98.6034209728241
i don t want to cry either because i know she ll think i feel tortured having to eat the black part of the rice,3,anger,ayw k rin umyk kc alm kong akala nya pnhirapan q sa pagkain ng itim na bg.,0.4275017976760864,98.28999280929564
i dont think that happens a lot so i feel insanely cranky when i couldnt get an ear immediately,3,anger,Hindi ko akl mgari yon kaya sobrang galit ako kpag hindi ako agd nakakausap.,0.8636043071746826,96.54558277130128
i feel irritated and helpless,3,anger,nramdman kn nainis wla mkagawa.,1.4103275537490845,94.35868978500366
i don t feel stressed,3,anger,hindi k nakkr d ng strss.,1.4819231033325195,94.07230758666992
i feel like i am being obnoxious by posting every three seconds,3,anger,parang ngiging maingay ako kpag npost ako twg 3 sndo.,0.8734235167503357,96.50630593299866
i love the feeling of the cold nipping at my nose while im in warm clothes,3,anger,gstn gsto ko ng pkiramdm ng lmig nhp sa akng ilng hmbl nkswt ako ng mht n dmt.,0.9110000133514404,96.35599994659424
i have noticed my own increasing frustration with what i feel to be petty artificially created drama,3,anger,nkita ko ang akng srnlg lmlng pagkabigo s kung ano ng nararmdmn k maliit at gwa-gwa lng na drama.,0.8665335178375244,96.5338659286499
i know we create our own destiny but do you ever feel resentful for the way your life turned out,3,anger,"alm kng tyo ang gawa ng ating srn lng tdhn, pero mnsan b nraramdmn mong my sm ng lb sa prn ng pag-unlad ng yur bhf?",-0.3009887933731079,100.0
i feel morally outraged and furious more often than i d like,3,anger,mdalas k mrdmnn ang moral na gt at pt kysa sa gusto ko.,1.395228385925293,94.41908645629884
ive test tried dropping it and nothing happened which is supposed to be if something happened to my phone i would feel so fucked up,3,anger,"subok ko n ihulog t wala nmng npn, dpt kung my mngyri sa tel ko, sobrang masaklap yn.",0.8689155578613281,96.52433776855467
i feel disgusted that any criminal justice system in the st century could know the full details of it all and deny it to be named as abusive,3,anger,"nkakaumay na sa ika-21 siglo, ang anumang systema ng hstisya sa crimen ay nakakaalam ng lahat ng detalye ngunit itinatanggi itong abusado.",1.495144605636597,94.0194215774536
i keep seeing facebook updates of friends who get to go and i am feeling rather envious,3,anger,Lagi k nakikita sa Fb ang mga upd8 ng mga kby n kapt at nararamdaman kong medyo nggt.,1.4818592071533203,94.07256317138672
i don t know if i should be feeling this way because it would seem greedy and not nice to expect someone to splurge on the spur of the moment just because i asked,3,anger,hndi ko alm kung dpat ba ako mrdmman ito dhil prang skm at hndi mganda ang mg-asng ggastos ng lki n bigln dhl lng sa aking khilingan.,0.8568336963653564,96.57266521453856
i know there are days in which you feel distracted,3,anger,alm k may mga araw n naramdaman mong nababalisa.,0.4166761338710785,98.33329546451569
i do feel envious of those with kids at certain moments,3,anger,"mnsn, nramdman kng mnggt sa mga my anak.",0.3728866577148437,98.50845336914062
i feel slightly more agitated,3,anger,nraramdman kng medyo mgagalit,-0.2457840889692306,100.0
i feel like this was such a rude comment and im glad that t,3,anger,naramdman kng bstos kmmt at masaya q...,0.9037611484527588,96.38495540618896
i still did not really feel like myself and i kind of hated these pictures but i am soooo glad we took them,3,anger,nd ko prn tunay na naramdamn ang akng sarili t medyo ayw ko s mga larawng ito nguni sobrang sy ko na knunan natin sila.,0.4103747010231018,98.3585011959076
i feel like theres a dangerous chance that im pulling a don quixote on this blinding rushing at the windmill that is my eventual marriage or future child,3,anger,"prng my panganb na lki ngng b Don Quixote ako, na mbilis na tmtkbo pnto sa windmill na syng aking kasl o hnharap na anak.",0.8694398403167725,96.52224063873292
i don t feel bothered about it getting credit equals getting debt and i have no interest in doing that again,3,anger,"hindi ako nababhala kng to, pantay kkuha ng kredto at utng, wla akong intrs na ulitin yon.",0.4036653935909271,98.38533842563628
i experience all my normal moods feel annoyed when my year old whines or my baby wants to be held while im making dinner but i no longer feel consumed by these emotions,3,anger,"naramdaman ko pa rin ang aking mga normal na emosyon, nagagalit kpag umiiyak ang akng isang taong gulang o gustong yakapin ako ng akng sanggol habang nagluluto ako, ngunit hindi na ako lubos na nasakop ng mga damdaming ito.",-0.2921599745750427,100.0
i didnt even have time to feel jealous i was so busy pinning her pictures and writing down a href http nanashi,3,anger,"Wala akng pnhn p mag-nggt, bln akng i-pn lng mga lwrn nya t swlt ng lnk n yn.",1.4171093702316284,94.33156251907349
i don t feel greedy of worldly things so it s not a big deal,3,anger,hndi ako mkasrli s mga bgy-bgy s mundo kaya hnd yon sglng bgy.,0.4198852777481079,98.32045888900755
discovering a good friend had lied to me,3,anger,pagtuklas na isang mbtg kaibgan ay ngsngl sa akin,0.872165322303772,96.51133871078493
i truly feel i am irate,3,anger,Tunay kng glt.,0.2791727781295776,98.88330888748168
i do not feel like i am hostile toward others just that i fail to be nice to them,3,anger,"nd ko nmramdman na kaway ng iba, kndi hnd ko lng ngagawa mg bht sa kanila.",0.4310240745544433,98.27590370178224
i was feeling a bit annoyed but it didnt really affect me very much,3,anger,nramdman ko ng kauntng ins pero hnd mn lt nkaafkto sa kin.,0.8423143625259399,96.63074254989624
i feel jealous becasue i wanted that kind of love the true connection between two souls and i wanted that,3,anger,"naramdaman k mainggit dhil gusto ko rin ng ganitong uri ng pag-ibig, ang tunay na koneksyon ng dalawang kaluluwa, gusto ko rin yon.",-0.3029425144195556,100.0
i still do a little floor workout because otherwise i feel antsy or cranky,3,anger,"nagagawa ko pa rin kaunting ehersisyo sahig dhil kung hndi, naramdaman kong mglulo o masungit.",0.8760530948638916,96.49578762054443
i feel that is why she suddenly got mad at mom,3,anger,naramdman ko kaya sya bglng nglt kay nanay.,0.4440564513206482,98.2237741947174
i feel just insulted,3,anger,naramdamn kng nasaktan ang akng dmndmn.,0.4364625811576843,98.25414967536926
i never want to be rude even when i feel someone has been rude to me and even then i don t want to i feel like i need to like if i don t crush the offender thoroughly i will be left in tears in front of everyone because i am so sensitive,3,anger,"Ayaw kong mging bstos kht nrmdamn kong bstos dn ng isang tao skn, t kht nn ayaw ko prn. Prng kailangan kong prng kng hindi ko lubs na srn ng ngkasla, iyak k sa harap ng lhat dhil sobrang snstibo ko.",1.3966716527938845,94.41331338882446
i feel annoyed at the fact that i m three weeks out of chemotherapy and i m getting annoying pinching niggles in my back,3,anger,naiinis ako dhil tatlong lgo n akng klpas sa kemo t nararamdaman ko ang nakakainis na pamumugmok sa likod ko.,0.8973019123077393,96.41079235076904
i is feeling particularly hostile shell say no red shirt today nickey,3,anger,"gusto kng mng-ngy nwn, ssbhn kng ""wlng prlng dmt nwn, Nickey.""",-0.2081077992916107,100.0
i could vocalize my feelings here i would put in a sarcastic great,3,anger,"kung mry kong lhd ang mkng dmndmn dto, isms ko ng sng mlisyosng ""npakgnd.""",0.7697409987449646,96.92103600502014
i walk away feeling dissatisfied like i ve waited for my caffeine hit only to get a decaf,3,anger,"umls k ng hnsyhn, prang nghntwy ako ng akng cfne fkx pero nkkh lng ako ng dcff.",1.4390032291412354,94.24398708343506
i know the environment i live in we all smile and politely wave but i have my moments of feeling absolutely appalled at how shortsighted people can be,3,anger,"alm kng kapaligiran kn ak nakatira, lht tyo ngumiti at mgalang na bmati, ngunit my mga sandali ak lubos n nababahala sa kung gn kabulag pananaw ng mga tao.",1.5691348314285278,93.72346067428587
i keep feel irritated,3,anger,lgi ak nakkrdr d ng pr-rta.,0.8613213300704956,96.55471467971802
i feel frustrated lonely or am having a hard time i think of elf and regain my strength lets spend together you guys and the other member for sure,3,anger,"Naiinis, nag-iisa, o nahihirapan ako kapag iniisip ko ang Elf, bumibilis ang aking lakas. Magkasama tayo, ikaw, ako, at ang ibang miyembro, tiyak na magiging masaya.",1.4724071025848389,94.11037158966064
i could go on further but i feel like i ve tortured you enough for one day,3,anger,mry akng mgtply pa ngkt rmndmn kn sapat na ng pagppahhrp ko sa yn pr sa isang araw.,0.8683222532272339,96.52671098709106
i feel agitated about it,3,anger,naramdman k nababhala k tto.,1.4615116119384766,94.1539535522461
i feel like i shouldnt have even bothered,3,anger,prng hndi k dpat pnagalaban.,0.8332898616790771,96.66684055328368
i feel so fucked like everyday of my life,3,anger,"parang araw-arw, nababliw na ako.",0.4062102437019348,98.37515902519226
i began to feel a cranky feeling of why the hell do i do what i do,3,anger,ngsmng mrdm n ko ng isang mngy na dmdmn ng bakt b ako gnwga ng mga gnwga ko.,0.4105654060840606,98.35773837566376
i feel jealous on sumthg tat i thk of,3,anger,nraramdmn kng mgnggt s isang byng n isip ko.,0.3748982548713684,98.50040698051453
i feel so violent but im a paper tiger,3,anger,naramdaman kong sobrang agresibo pero akoy isang papel tigre.,0.3913299441337585,98.43468022346497
i am feeling cranky today is due to me not getting enough sleep due to the unexpected long outing yesterday night,3,anger,masungit ako nwn kc d nakatulog sapt kagabi dhl sa hindi inaasahang mahabang lakad kpn ng gbi.,0.4746794104576111,98.10128235816956
i feel the sting of pain from its teeth but im angered,3,anger,"naramdaman ko ang sakit ng kagat nito, ngunit nagagalit ako.",0.8578356504440308,96.56865739822388
i feeling stressed,3,anger,strsd nmn.,0.8777766227722168,96.48889350891112
im feeling slightly irritable but generally level headed and actually not in a bad mood,3,anger,"naramdaman ko kaunting pag-irita, pero pangkalahatan mahinahon, hindi masama pakiramdam ko.",-0.273716390132904,100.0
i feel greedy but too idealistic what is it to expect she would want you to talk to me your proported best friend that she might be happy you have me,3,anger,"naramdaman kng mskasrlI nnght lbis na idealista, ano kA asahan, na gusto n hng kspn kT, ng yr tntrng pinakmhusay kbg, na baka msyA sy na mayroon kng kmpnyo mo.",0.3822081089019775,98.47116756439208
i feel shafted or greedy,3,anger,nraramdmn kng nlklko o skm.,0.2612534463405609,98.95498621463776
i was feeling so angry so upset that i just want to run away,3,anger,"napa init ng galt ko, napa sakit ng nararamdaman ko kaya gusto ko n tkas.",0.9209486246109008,96.3162055015564
i am back at home feeling irritable about that since ive been looking forward to the party all week,3,anger,"umwi k nramdman ng-rtra dhl s nangyri, dhl bng lwko nghtwy s party.",1.5247206687927246,93.9011173248291
i definitely feel that my poems are in conversation with nature poetry but in the way that a rebellious activist might be in conversation with a government official,3,anger,"tiyak k ng nasa uspn ang akng mga tula sa mga tula kng kln, nng paraang rblndng aktbsta ng nkikpg-usap sa isang opisyal ng gobyerno.",0.9440546035766602,96.22378158569336
i feel that cold breeze,3,anger,naramdaman ko lng malamig na hangin.,0.3800025880336761,98.4799896478653
i am your friend then why do i sometime feel so insulted around you,3,anger,"akoy yr kbygn, bkt ky mnsan ndrmn k nssktn ng dmdmn snyo?",0.4638897776603699,98.14444088935852
i sort of suspected i was going to feel resentful and not really show my best side,3,anger,Naisip ko baka magdamdam ako at hindi ko pkipakita ang aking pinakamagandang panig.,1.4589778184890747,94.1640887260437
i miss time with my husband and not feeling rushed to get back home to relieve our caregiver,3,anger,nmms ko or s kmya at d nrmdm dn pagmamdli umuwi p lptn caregiver.,1.4921972751617432,94.03121089935304
i feel but i m trying to be stubborn and ignorant at the same time so that i can keep going,3,anger,naramdaman ko pero susubukan kong mg mtigas ang ulo wla alm nang sabay p maturutuloy ko.,0.8757493495941162,96.49700260162354
i am so pissed now lol screaming silently baby sleep beside me well thats that and tody is another day and i feel like being petty,3,anger,"glt na glt n ako nwn lol thmk nm ssgw, nttlng ang bby s tabi ko, eh gnun na nga, t bks ys sng bnw araw t prng gsto kong mg mghignty.",-0.3065601587295532,100.0
i hate all shopping when i feel rushed by hoards of people,3,anger,ayw kong bmil ng kht ano kpag nramdaman kong pnpilit ako ng mryng tao.,0.4036817252635956,98.38527309894562
i didnt feel as obnoxious as before when i didnt feel like doing anything but sulk,3,anger,Hindi k nrmdm n ksing-m rte nn hndi k gust ng gwa ng kht ano kundi mg-pn ng sm ng lb.,-0.2739368081092834,100.0
i still feel so irritable every day,3,anger,prt ak ngrmdman ng pkbls n araw-araw.,0.8580539226531982,96.5677843093872
i feel angered and firey,3,anger,naramdaman kng galt at mnit ang ulo.,0.3384437263011932,98.64622509479524
i hurt your feelings or angered you with my last rant im sorry,3,anger,"nasakt k iyang damdmin o nglt k sa hlng psgw, ptwd.",-0.3182355463504791,100.0
i feel that the thighs are being stubborn and not going away at the same rate as stomach arms or butt,3,anger,"naramdaman ko ng mga hita ytgs at hndi nwl ng prhas na bls gaya ng tyan, braso, o pwtt.",0.8886624574661255,96.4453501701355
i usually just feel aggravated with the unprofessional attitude of the rest of the cast,3,anger,krnwn lng kngglt sa kawalan ng profsyonalismo ng iba psta.,-0.3837806582450866,100.0
i get angry at myself when i feel bitter,3,anger,nagalgt ako s sarili ko kpag nraramdmn kong mpit.,-0.3240538835525512,100.0
when an alcoholic stood dribbling over a food counter,3,anger,nng sng adik sa lk ay nglalakad n parang lsng s ibabw ng cntr ng pagkain.,-0.3873732686042785,100.0
i range has always been giving you feel reluctant to select your spray for anyone who are to select and exposed variants,4,fear,ang rng ay lging ngbibigay s yo ng pakiramdmn na hndi ka srguro sa pgil ng yr spr4y para sa sinuman na pmpili at m-expose sa iba't ibang brsyon.,1.4611343145370483,94.1554627418518
i feel strange with it because it started to be sale,4,fear,nakakakb ito dhil nngsmg-sl.,0.3243253231048584,98.70269870758057
i was left feeling slightly intimidated and overwhelmed,4,fear,ndm kng medyo knkbn hn nabghni.,1.5021934509277344,93.99122619628906
i found myself feeling inhibited and shushing her quite a lot,4,fear,nakaramdam ako ng pagmgnt at mdalas sy pinipigilan.,0.8705184459686279,96.51792621612547
i bought a virtually fat free thousand islands and feeling very impressed with myself hold large quantities of this substance on the leaves of lettuce and cucumber with my friend but it will be total sugar becomes if you do not burn fat,4,fear,"bmil ako ng thsnd islnds na halos wlang taba at sobrang ngmlamalki sa srf kng nlagay ako ng lkg halaga nto sa dhn ng lttc at cucumber kasama ang aking kbgyn, pero mgng pr puro asukal ito kung hindi mo msunog ang taba.",0.3194813728332519,98.722074508667
i was working at a certain place and everyday after work dad would come to pick me up one day he did not come,4,fear,"nagtrbaho ako noon s isang lugar, araw-araw pagkatapos ng trabaho, pupunta si papa para kumin ako. isang araw, hindi sya dumating.",0.9103008508682252,96.3587965965271
i feel shy at the fact that i love these inanimate things,4,fear,nhihiya ako sa kttnhn ng mahal ko ng mga bgy na wlng buhay.,0.8858185410499573,96.45672583580016
i am feeling terrified anxious excited and apprehensive among a million other things,4,fear,"nkataKOt, knkakbhn, nsasbIk, n g-alnlnngn kO, ksmA ng isang milyong iba pang dmdmn.",0.4540551900863647,98.18377923965454
i mentioned in that post the colors are very pretty but they feel very uncomfortable on the eyes,4,fear,sabi ko sa post na mga kulay gnda nmn kairita sa mata.,0.8828075528144836,96.46876978874208
i feel strongly it could be helping people and doing what i am unsure of but it isn t within the us,4,fear,malakas ang akng paniniwala na ito ay pwedeng tumutulong sa mga tao at ginagawa ang di ko sigurado pero hindi ito nasa loob ng US.,0.8687003254890442,96.52519869804382
i trust my kids however i feel helpless enough in here over so many things and i m upset at the lack of respect for the few little things i asked them not to do,4,fear,"naniniwala ako sa aking mga anak ngunit naramdaman kong walang magawa sa loob ng maraming bagay at naiinis ako sa kawalan ng paggalang sa ilang maliit na bagay na hindi ko sila pinapayagan gawin.
Revised: naninwala ako sa mga anak kng wlang mgawa sa maraming bagay, naiinis ako sa kawalan ng paggalang sa ilang maliit na bagay na hindi ko pinapayagan gawin.",-0.2729834020137787,100.0
i feel surprised and disturbed actually,4,fear,nkkgulat n kkbahala nga pala.,0.3722491562366485,98.5110033750534
i do actually feel frightened having seen what my mother went through in her treatment for a malignant melonoma,4,fear,tlng natakot ako nmkta ang pgdnaan ng aking ina sa kanyang pgtmt pr malubhng mlnoma.,0.8948456048965454,96.42061758041382
i dont know why but i feel uncomfortable in front of people who flaunt their strength or their accomplishments,4,fear,"nd ko alm kung bkit, pero nhhiya ako s mga taong ipinakita ang kanilang lkas o tgmp.",0.8739809989929199,96.50407600402832
i feel like amazing x men compensated enough to earn it a out of,4,fear,parang nraramdmn kong ang mga Amazing X-Men ay sapat n nabayrn pr dht.,-0.2597025036811828,100.0
i am just waking up with not nearly enough sleep and feeling dazed,4,fear,"gising lng ako, klng sa tlog at prang nlligaw ang isp.",1.5106596946716309,93.95736122131348
i know i can do it and in fact that i will but i feel terrified that the stories won t be as good as they could be and that any readers that i can actually convince to buy the book will read it and hate it and never want to read anything by me again,4,fear,"alam kong kaya ko to at katunayan gagawin ko, pero natatakot ako na hindi maganda kwento gaya dapat, baka mambabasa na bumili libro, basahin at magalit, hindi na gustong basa akda ko muli.",0.8990234732627869,96.40390610694884
i could feel my body start to shake with nervous anticipation,4,fear,naramdaman kng ngsisimula n makita-kitang ang aktn dhl sa kaba at pag-asang mgngyap ang lahat.,0.893925666809082,96.42429733276369
im back with another skincare review well actually i feel reluctant to make a review of sectret key snail egf repairing gel cream because i even stopped using it switched back to my second jar of a href http sparkleapple,4,fear,"Bumalik ako sa isa pang pagsusuri ng pangangalaga sa balat, eh sa totoo lang ay nahihilo akong gumawa ng pagsusuri kng Sectret Key Snail EGF Repairing Gel Cream kc kahit tumigil na ako sa gamit nito at bumalik sa aking pangalawang bote ng a href http sparkleapple.",-0.3396645784378052,100.0
i still feel so amazed knowing i stood right in front of jason,4,fear,parang hindi pa r makpaniwala na nkatayo ako hrpan ni Jason.,-0.2975973784923553,100.0
i haven t seen her since they broke up but now i m in this class and she is here waving at me so i go and sit next to her and get out my stuff and talk to her but i feel really strange about it because she cheated on my friend which i really should have mentioned before,4,fear,"Hindi ko siya nakita simula nang maghiwalay sila, pero ngayon nasa klase ako at siya ay nandito na kumakaway sa akin kaya lumapit ako at umupo sa tabi niya, kinuha ang gamit ko at nag-usap kami, pero nararamdaman kong kakaiba ito dahil siya ang nagtaksil sa kaibigan ko na dapat sana'y nabanggit ko na noon. 

Revised: hindi ko sya nKita simula ng hiwalay sila, pero nyan cls ako at sya nandto kaway sa akin kaya lapit ako",1.50407075881958,93.98371696472168
i don t feel like i m being pressured to do anything and i don t feel like making love to my husband has any connection to the assaults and rapes,4,fear,"hnd ako ndrmng pnlpllt ngwng bgy, t hnd ko nrmdm dn my knlnmn ng pgmhvl sa ky asw sa mga png-aabuso t pnggagahasa.",0.9217904806137084,96.31283807754517
i devote this blog to her and pray with her for peace in the world especially when we feel frightened by religious violence,4,fear,"iniukol ko blog n2 kanya, nanalangin cya kpayan sa mundo, lalo n natatakot relihiyosong karahasan.",0.8690894842147827,96.52364206314088
i have the power to make another do what i want but in reality feel threatened and desire to control this other person so i am not a href https eqafe,4,fear,my kkyahng gwn n iba n sundn ang kgustuhan ko nng sa katotohanan ndrmang pagbnta n ndns na kontroln ang iba tao kaya hindi ako.,-0.213992029428482,100.0
i usually feel suspicious and guilty about this considering how little i do during my work day,4,fear,"krnwn ak ng pr-alnngn at pagkakasla kng dto, lalo na sa kaknti kong gnw sa rwn ng akng trbho.",0.8632035255432129,96.54718589782716
i feel a bit uncertain really shes a nice girl and good friend material,4,fear,"nramdaman ko ang knting pag-aalngngn, totoo nm, mbait sya at mdbang kaibigan.",0.4761790037155151,98.09528398513794
i feel very distraught tonight,4,fear,napakskit ng pakiramdam ko ngy gabi.,0.8943278789520264,96.4226884841919
i feel so highly intimidated that i get flustered and cant form my words not even in english with her,4,fear,"npaktaas ng akng kkatakutan kyaa nhhiyang-hiya ako at hnd ko mbibigay ang akng mga slta, kht sa Ingls, ksmpa sy.",0.4220626652240753,98.3117493391037
i feel incredibly nervous about it,4,fear,napakalab ko tlga kng d2.,-0.3022175133228302,100.0
ive been feeling distressed,4,fear,nkakramdam k ng pagkabalisa.,1.436492681503296,94.25402927398682
i remember feeling shocked and somewhat embarrassed that the adf unity rite i was consecrated in was so much about me,4,fear,nala ko ang pagkagulat at kaunting hiya na naramdaman ko dhil ang adf unity rite kung saan ako inokonsekro y napakalakas tglt sa akin.,0.833214521408081,96.66714191436768
i am very fascinated by it and don t feel so uptight by the many challenges life has because of it,4,fear,napak ganda n t hindi n ako gng nababahala sa mga hm ng buhay dahil d2.,0.3817619085311889,98.47295236587524
i feel like the town loner with all of the things i ll need that day in a suspicious bag,4,fear,"prng isang tyong nag-isa sa byn ako, d lht ng knln ko sa araw na yn sa isang khn-hnalang bg.",0.9148561954498292,96.34057521820068
i was grateful for each and every one but it still made me feel funny,4,fear,nagpapasalamat k s bti nngkt prmdam p rin k kba.,1.4345159530639648,94.26193618774414
i sit here to write i start to dig out my feelings and i think that i am afraid to accept the possibility that he might not make it,4,fear,"Nkaupo ako rito ppr slt, ngsisimla ak lnglb sng ak dmdmn, t iniisip k nkataot k tngp n psibilidad n baka nd na sya gmlng.",0.9112896919250488,96.3548412322998
i was already feeling kind of frantic and upset because im spending another year in that god forsaken school,4,fear,npk panic at glt ko na kc isa p ng taon k mapabilang s gnyng pngkapt ng bya na paaralan.,0.8578541278839111,96.56858348846436
i had a go at it it said i was feeling paranoid lol,4,fear,"subok ko na, sby nya prang my paranoiac ako, lol.",0.9576997756958008,96.1692008972168
i think i was feeling vulnerable due to the stress of having to buy a new sewing machine and printer,4,fear,akla ko naramdaman k mahina dhl s stres ng paghahanap ng bgo makina pantahi at prntr.,0.2945287823677063,98.82188487052916
i had thought but i feel scared and somewhat trepidatious nervous and sad,4,fear,"Naisip ko nng, natatakot mdyo knakabhan, nag-aalala mlungkot ako.",0.4623525738716125,98.15058970451356
i feel like in spite of having so many amazing things to be thankful for life is just one big demanding wave after wave and i m being tossed around like a rag doll,4,fear,"parang htg mrami dpt ikaglg sa byf, prng isang mlkg aln lng ang byf na ptlw na dmtng at ako ay prng isang mnka na itinptn-tpon.",1.497145414352417,94.01141834259032
i feel very socially anxious around these ladies,4,fear,npaka skt ng aking sosh pagkabalisa sa mga kababaihan t.,0.380868136882782,98.47652745246889
i admire makes me feel amazed at my life,4,fear,ang pag-aakma nya ay ngpakita sakin ng buhay ko kahanga-hanga.,1.4382731914520264,94.2469072341919
im pretty sure of is this feeling inside me of being terrified,4,fear,"tyak koto ang naramdamn ko, tkot sskp sakin.",1.461747169494629,94.15301132202148
i like to finish on a positive note that whenever i feel a bit fearful or down i can just remember something nice about me and rich and it cheers me up,4,fear,"gstu kong mtpz s pstibong tala na kht kailn my tkot o pgkbgo, maaalala ko ng isang mgandang bagay krt s akin at k Rich at ty nagppsy sa akin.",0.3253870904445648,98.69845163822174
i began training in january or at least mentally preparing myself to train and can remember specifically feeling apprehensive about the running a spring marathon,4,fear,nagsml a mag-ensayo noong Enero o htp papaano ay naghahanda n mental pr sa pag-ensayo at mtatnd ko n prtclr na naramdaman ang pag-aalala kng pagtakbo ng isang maraton sa tagsibol.,0.8352932929992676,96.65882682800292
i left the talk feeling nervous that we had taken the brief in the wrong sense but we were in a situation where we had already invested to much time into the project that there was no going back,4,fear,"umls ako sa tlkn yn kkabhn dhil baka mli ang ating pag-unsa sa briefing, ngunit nasa sitwasyon na tayo kung saan npkaraming oras na ang inln natin sa prkyto kaya wlang pagbablk-tnw.",-0.3094222545623779,100.0
i visited the psychologist all those years ago i really took to heart what he said about not closing myself up and letting others know when i feel uncomfortable etc,4,fear,"pnt ako s sikologo noon, mtg ang nklpas, tlg nka tanggap k s puso ang sbi niya kng hndi pagsasara ng srtf at pagpapaalam s iba kpag hndi ako kmfrtbl, atbp.",-0.2665024399757385,100.0
i got contact lenses the other day and am trying to get used to them i feel like my face looks really weird without glasses and its so strange when i see myself from a distance,4,fear,nkakuh ako ng cntct lns kmln at snsbyan kong mg-adjst. prng kkab ng itsura ng mk ko ng wlang slmn at kkab rin ang pkiramdm kpag nkkita ko ang srf ko mula sa mlayo.,1.4815462827682495,94.073814868927
i do not see but could feel that she is someone i am very reluctant to let go,4,fear,ndk nkit knngn rramdmn k sy isang tng ayw k hyng mwl.,0.9311069250106812,96.27557229995728
i am at work today in my new job still feels really strange tbh but i m sure i ll soon settle in,4,fear,"ndito ako sa trabaho nwn sa aking bgw trabaho, kakaiba prn ang pakiramdam tbh pero sigurado ako mllmpasan ko rin ito.",1.4568800926208496,94.1724796295166
i can t get past is that feeling when a friend walks out of your life and you re unsure why that feeling of not being valued or important enough,4,fear,"hindi ko mlmta ang pkiramdm kpag ulis ang isang kbyan sa byf mo at hindi mo alm kung bkt, ang pkiramdm na hindi ka pnhlahgyn o sapat na mhalaga.",1.5597188472747805,93.76112461090088
i sit down to author this letter i feel a little surprised that an entire year has already passed us by,4,fear,"nang maupo ako p isulat ang lhm nt, nrmdmn k medyo nglt na sng bng tn ay nklps na.",0.4249608814716339,98.30015647411346
i feel a bit tortured right now,4,fear,naramdaman k medyo pnhihirapan nyo nwn.,-0.2387450188398361,100.0
i guess i feel insecure and anxious,4,fear,"sguro, nmramdmn kng hndi ako sguro at knkabhn.",-0.2890382409095764,100.0
i have only taken three rolls shots so far and really i have been feeling my way with a very strange camera a lightmeter and the long forgotten thought processes of slow photography,4,fear,"tatlong rl shts lng kinunan ko ntn at totoo, naramdamn ko pa landas ko gamit kakaibang kamera, lightmter, at prksong pag-isip sa mabagal na pagkuha ng larawan.",-0.2977827787399292,100.0
i first held my scotty i knew i was in love with my high priced bundle of joy but i couldnt help feeling apprehensive about what the time to come holds,4,fear,"nng una kong hwnkn ang akng Scotty, alm kng mmhll ko na ng akng mhlgng kagamitan, nght d ko mpigln ng pg-llnla kng mga drng ng araw.",-0.18777596950531,100.0
im still feeling a little shaken,4,fear,parang medyo nabagbag pa rin ako.,-0.3425770998001098,100.0
i feel so nervous about being around people being with someone,4,fear,"napakakaba q kpag nasa paligid ng mga tao, lalo na kpag kasama ko ang isang tao.",-0.2729155421257019,100.0
i feel uptight my day is complete when hes around i feel so right a little nervs i dream about what we can do date and all the things we can pursue wedding i always dream that your mine very day min,4,fear,pauwi n q.,0.4230717122554779,98.30771315097807
i think maybe the person gives a fake hope just because he doesnt want to show his feeling just because he is to afraid about the girl reactions,4,fear,Siguro iniisip nya na bigyan lng ng pekeng pag-asa dhil ayaw nya ipakita ang tunay nyang nararamdaman dhil natatakot sya sa reaksyon ng babae.,-0.2624005079269409,100.0
i feel wimpy for complaining about taking credits this semester because i know people who took credits regularly but man this sucks,4,fear,naramdaman kng mhn ang loob k dhil ngrreklamo kng kng pagkuha ng mga kredito ngayong smstr dhil alam kng my mga taong reglar na nag-aaral pero tlga mahirap ito.,0.4792208075523376,98.08311676979064
i am normally better at avoiding the expensive pre packaged products when i go to waitrose but i was still feeling a bit shaken up from the parking issues so bought some extra bits to calm my nerves,4,fear,"karnwn k mas mhsy sa pg-iwss sa mga mhalng pr-pkgd n prdkto kpag pmpnta ako sa Waitrose, pero dahil mdyo nbgl pa ako sa mga prbma sa paradhan, bmil ako ng ilang krgdng bagay para mapaklma ang akng mga nrbyos.",-0.2784857153892517,100.0
i understand the feeling so i wouldnt be shocked,4,fear,ntndhan ko ng rmdman kaya hnd ako mgugulat.,0.4357213079929352,98.25711476802826
i am already feeling frantic,4,fear,nanngngng ng kba.,0.5237540602684021,97.9049837589264
i cannot describe to you the feeling of frantic alarm that overtook me,4,fear,hndi k kyng lrw n s yo ng bglng tkot t pg-aaln na smblng s kn.,-0.2883251309394836,100.0
i suppose he feels badly because he was a bit skeptical of her pain over the last few months shes had a hyperchondria and exaggeration habit in the past though he never openly questioned her about it,4,fear,"siguro nraramdaman niya ang pagsisisi dhil medyo nag-aalngngn siya sa sakit niya sa nakalipas na ilang bwn, dhil myroon siyang ugali ng pagiging hypochondriac at pagpapakalat ng mga bagay sa nakaraan, bgtm't hindi niya ito bukas na tinanong.",0.374620258808136,98.50151896476746
im by no means huge however as im only i find that any extra weight at all makes me feel very uncomfortable in myself as well as my clothes,4,fear,"hindi ako sobrang laki, pero dahil sa tangkad ko, kahit kaunting dagdag timbang hirap na sa akin, pakiramdam at damit.",0.8737336993217468,96.505065202713
i am not a regular member of this group meaning that i do not follow whats going on very often and also i feel a bit shy in budding in when i do not have much to say but today i have a request for you people,4,fear,"hndi ako reglrmmbr ng grp kyahndi ako mdalas sumnod sa mga nngyayri at mdyo nhhihiya rin akng mgbigay ng pnyn kung wl n akng msyadng sasbhn, pero nwn may khilingn ako s inyo.",0.9239499568939208,96.30420017242432
i feel quite uncertain that the art i create and my personal brand of creative living are what im here to contribute,4,fear,hindi ko srguro kung ang mga sining na akng ginawa at akng psonal na paraan ng pamumuhay na may kaugnay sa pagkamalikhain ang akng kontribusyon dto.,0.4487545788288116,98.20498168468475
i feel so insecure when we figt,4,fear,nahihiya kn pag nag-away tayo.,-0.3191505670547485,100.0
i was tossing and turning and feeling very anxious about the fact that i was not doing this work that i felt needed to be done,4,fear,ng-ikot-ikot k sa kamt sbrng knkbnh dhil nd ko gnwa ng trabahng nrrmdng kng kailngn gwn.,-0.3116896152496338,100.0
i feel intimidated by other girls acne getting rid of pimples,4,fear,"natakot kng m-intimidate ng mga babae m acne, lalo n sa pagtanggal ng mga pimple.",1.5395861864089966,93.841655254364
i learned a lot from this little project if youre ever feeling intimidated by a diy project just go for it,4,fear,"marami akng ntutn sa mlt n prkytk t. kng mnsn k nghh hya sa s diy prjct, basta gwn mn.",0.7942686676979065,96.82292532920836
i read the book and feel like i am travelling those journeys sometimes i am amazed sometimes i cry sometimes i laugh sometimes i yearn for what is written sometimes i remember my friends my family and the deceased and realise there is so much to do for them,4,fear,"nabasa ko ang aklat prg naglalakbay ako s mga karanasan n'yon minsan akng nagtataka, minsan umiiyak, minsan tatawa, minsan nagnanais ng mga nakasulat, minsan naaalala ko ang mga kaibigan, pamilya, at mga yumao at napagtanto na marami pang dapat gawin pr' kanila.",0.409135639667511,98.36345744132996
during the last academic year ie just before the closure,4,fear,"noong karaan taon ng akdm, b4 pagsara.",1.45256507396698,94.18973970413208
i feel so uncomfortable about the word hero,4,fear,"npkakwli ng sltng ""byani"" pr sa akin.",0.3082994222640991,98.7668023109436
i will confess to you i have had moments of feeling overwhelmed and ill admit being a bit melancholy,4,fear,"kakasalita k s i, my mga sndli ak nadrma ang pgd at ilalbas ko rn totoo na medyo mlngkot ako.",0.4016464054584503,98.3934143781662
im not as mad and upset as i was on day but i feel scared now,4,fear,hndi n ako gngng gltt t nssktn gy n lng unang araw pero nwn ay nttkot ako.,0.9349451065063475,96.2602195739746
ive also discovered that because i feel less agitated by caffeine and cravings this coping method is unnecessary huge,4,fear,"nTuklasn kn rin na dhl ms hndi n ak nababagbng ng kp at mga pngnnsa, hndi n kailangan ng prang ito ng pghawak sa prblma, na tlgng lki ang epekto nito.",0.8544617891311646,96.58215284347534
i do find myself feeling distraught about getting older and stressed about the impending responsibilities that are to ensue i am generally content with only a little bit of repressed anger that makes it s appearance only when it s instigated,4,fear,"nkakaramdam k ng pagkabalisa kht sa pagtanda n stress dhl sa mga paparating na responsibilidad. Sa pangkalahatan kntento k, ngunit my kaunting nakapigilang galit n lumalabas lng kpag pinoprovoke.",0.3830997347831726,98.46760106086732
ive ever invented hail ember and flake are probably the three that are the most me so this story feels especially vulnerable,4,fear,"ang mga imbensyon kong hl, ember, at flk ang mrahl mga tlo na pklp sa akin kaya kwntng ito ay nrrmdng kong lgn hna at mpngnkb.",-0.3397280871868133,100.0
i start feeling anxious again,4,fear,nagsisimula k makara.dm ng kaba muli.,1.4435713291168213,94.22571468353271
i tell myself that whenever i feel hesitant to start muay thai,4,fear,sinbi ko sking sarili na tuwing nhilo ako sa pagsisimula ng Muay Thai.,1.3743211030960083,94.50271558761597
i feel funny telling you about my name change anyway gracias por todo,4,fear,"nakakakb sby sa yo ng pagbabg ng pangalan ko, pr salmt sa lht.",0.356118381023407,98.57552647590636
i do however feel myself feeling a bit reluctant,4,fear,naramdaman ko rin ang kaunting pag-alinlangan.,1.4490883350372314,94.20364665985107
i just feel so helpless i know deke s going to die and i can t do a fuckin thing about it,4,fear,"prng wla kng mgagawa, alm kng mmty si Deke at hndi ko kyng pgl.",1.4754345417022705,94.09826183319092
i go on these walks with my mother in the evenings i feel this frantic anxious energy from her as if shes losing her daughter and doesnt know how to win her back,4,fear,"naglalakad kmi ng ina ko sa gabi, raramdaman ko ang kng mabilis at nag-aalalang enerhiya prang nawawala ang anak nya at hindi alam kung paano sya mababalik.",1.4932410717010498,94.0270357131958
i let my fingers stroke across his chest to his heart marveling at the feel of him terrified that this is a step too far,4,fear,"pinahran ko ng dlr ang dbdib nya hngg sa puso, nmngh sa pkramdam nya, ntktkot na baka ito ay s hkb na msyadong lyo.",0.8773080110549927,96.49076795578004
i can t help but feeling weird when opening every closet in an apartment that somebody s still living in so i didn t,4,fear,nd ko mpigl n pkiramdm kkaiba kpag bnbkwn ko ng bch aparador s isang apt mtyra p. kaya nd ko gvn.,0.9040366411209106,96.38385343551636
i feel skeptical about the sustainability of that,4,fear,nag-aalngn ako sa kakayahng mgtgal ng gnun.,0.3711110055446625,98.51555597782136
ive been reading again and feeling pleasantly surprised to find my reading list contained four similar books a fine chance to compare and contrast differ,4,fear,"ngbabasa ulit ako at nkakatuwa ako mkitng apt sa aking lstan ng mga babasahin ay mkatulad, bngandang pagkakataon p ihambing at ilapat lng kanilang mga pagkakaiba.",0.378297746181488,98.48680901527403
i had the feeling he didnt and he actually seemed impressed with me or i should say my work and my range of skills,4,fear,"nmndm kng hindi nya yn ginawa t lkla nga sya ay nbgha ni sa kn, o mhrl sa mkng trabh at sklw ng mkng kakyhan.",-0.2244169265031814,100.0
i feel my heart shaky all the time now,4,fear,nramdaman kng aalimpungat ang akng pso lagi na nwn.,1.434516668319702,94.2619333267212
i wish it was a more comforting feeling but instead it feels strange like living the memories of someone else or maybe having woken up from a long dream or a long sleep years and finding that the trees around you have grown taller,4,fear,"sana mks komportable pakiramdam, kkaiba t, prang nabubuhay s alaala ng iba o bka gising na mla ng mahabang panaginip o matagal na pagtulog taon-taon at nakikita na ang mga puno sa paligid ay lumaki na.",1.467220425605774,94.1311182975769
i somehow feel more vulnerable without it,4,fear,naramdaman k mas mhina ako ng wala yon.,0.3978314399719238,98.4086742401123
i was feeling anxious about my yoga homework,4,fear,kinakbhn ako tgng sa akng tdng-arl sa yga.,1.4681748151779177,94.12730073928832
i would not feel hesitant in using the medical system again if needed,4,fear,hndi ako mg-aalngn na gmit muli ng sistm ng mdk kung kailangan.,-0.2979763746261596,100.0
i feel a strange connection to them a familiarity that most of the time i link to ancestral memory,4,fear,"nraramdman k ng kakaibng knkxn sa knla, isang pamilyrtd na kadalasng inuugnuy sa alaala ng mga nnuno.",-0.3125377297401428,100.0
i like to do things that leave others feeling surprised and delighted,4,fear,gstn gsto kong gwn ang mga bgy na gpysa at gpndk s iba.,1.5192171335220337,93.92313146591188
i ini i feel strange,4,fear,naramdaman k kakaiba.,0.4382957816123962,98.24681687355042
i feel shaken open as though my heart were broken into and there are no words to speak,4,fear,"nramdaman kng nabablt ng pgkablgla, prng nabasg ang prt ko t wala k masabi.",0.8649536371231079,96.54018545150755
id like to be less afraid to say how i really feel less afraid to travel,4,fear,"Gst kng mg bng mas hndi nkata'kt na sbnng tny kng nraramdmn, mas hndi nkata'kt na glkb.",0.9090942740440368,96.36362290382384
i feel absolutely amazed at the unfolding story of my life,4,fear,lubos k nmngha sa ngbbunyng kwnt ng akng buhay.,0.3073490262031555,98.77060389518738
i am feeling shaky and weak,4,fear,naramdman k medyo mahina at hindi matibay.,0.3624847531318664,98.55006098747252
i pray that each of you who is hurting or feeling afraid tonight finds peace and soon,4,fear,nnlangn k q ang bta sa nyo na nsktan o ntkt kng gabi ay mhnp kpypaan t agd.,0.3530778884887695,98.58768844604492
i feel a strange sensation course through my limbs,4,fear,nramdaman k may kakaibang pkiramdman na dmdly sa aking mga limbs.,0.8958435654640198,96.41662573814392
im not sure how i feel im shocked honestly,4,fear,"hndi k sguro kung ano ng rmdaman ko, ttoo nmn kng nlgulat.",1.432011365890503,94.271954536438
im not yet feeling terrified of failing i honestly feel like im overconfident right now because i believe that ive done my best,4,fear,"hndi p ako ntakot mbigo, totoo nmn, prang sobrang kumpiyansa ako nwn dahil nniniwala ako n ginawa ko na ang lht ng mkakaya ko.",-0.3140440583229065,100.0
i think my hair is feeling confused,4,fear,akla ko ngkakamli ng bhuk ko.,1.451796293258667,94.19281482696532
im going to be honest with you i feel distraught,4,fear,"mgiging tpat ako s iyu, nramdaman kong mlngkot at nbabahala.",1.391036033630371,94.43585586547852
i just feel more vulnerable than other people,4,fear,mas ndrm k mahina at mdalng msktan kysa s iba.,0.9208762049674988,96.31649518013
im feeling that kind of feeling when you are confused yet like bleh,4,fear,"naramdaman ko 'yung pkiramdman ng gugulhann ka pr parang ""bleh"" lng.",0.9334086775779724,96.26636528968812
i feel intimidated to go there again at that time for fear it will happen again,4,fear,ntakot k bumalik doon sa panhng yon dhil baka mngyari ulit yn.,1.4346272945404053,94.26149082183838
i feel unprotected if i do though,4,fear,"kung gagw mn yn, prang hindi ako prtktado.",0.4626546800136566,98.14938127994536
i feel the self pressured expectation to keep up to date with our family events so in order to assuage the guilt here we go,4,fear,"nramdaman k ang prsyr n pnbob na inaasahan k mkasby sa mga pgyari ng pmya kaya ppr mawala ang pagkakasla, eto n k.",0.8480041027069092,96.60798358917236
i feel weird knowing mine died when i wasn t around,4,fear,nakakab kaba isipin na mtay sy ng wala ako rn.,1.3902243375778198,94.43910264968872
im feeling a combination of terrified and relieved,4,fear,takot nka relax ako sa parehong oras.,0.356356531381607,98.57457387447356
i have already said i am one of many feeling threatened and attacked by the government and media of today and have had to look outside my own small life,4,fear,sinbi ko na isa ako s mrami na ndrm ang pagbnta at pag-tke mula sa pmhlaan at midya ngyn at kailangan kong tngin s ls ng aking mlt na byf.,-0.2666942179203033,100.0
i feel suddenly startled catch my breath and think it could be any day,4,fear,"nraramdmn kng bgla kng knbhn, hmhnto ng akng pgghng at nisip n prng anumng araw na yn.",-0.2416131496429443,100.0
i was feeling extremely agitated after coming home from china,4,fear,napaka init ng amng dmdmn ng umuwi ako mla s Tsina.,-0.2969958186149597,100.0
i feel really overwhelmed with mine,4,fear,nkasobra k ng naramdaman sa k.,0.8806428909301758,96.4774284362793
i go shopping now i feel reluctant to buy things like that even though its really hard to resist the temptation,4,fear,"pupnta ako sa tindhn ngayn, pero nhilo ak bml ng mga bgy n in ght mhrp tlng pgln ang tsk.",1.4375836849212646,94.24966526031494
i watch her silently feeling dazed from my memory loss,4,fear,"tinitngn ko sya n ghimik, prg nbghni dhl sa akng pgkwla ng alaala.",0.398787260055542,98.40485095977785
i feel compassion for them and understand why they feel insecure,4,fear,nakramdam ako ng aw sa knla t nauunawaan ko kng by sil nag-aalnlangan.,-0.3175289034843445,100.0
i feel i was intimidated by the college and people at home,4,fear,naramdman k kinakbh ako dhil sa kolehiyo t mga tao sa bahay.,0.4476463496685028,98.209414601326
i realized this weekend that i am feeling somewhat apprehensive about this surgery,4,fear,npgtnto ko ngaywn wknd na mdyo knkbahn ako tgng s oprsyon na tto.,0.8407332897186279,96.63706684112547
i feeling shy,4,fear,nhhiya ako.,-0.3319371938705444,100.0
i hurt and feel suspicious and definitely get angry,4,fear,"nasakt ako, may pdda, t tiyak n naggllt ako.",1.519911766052246,93.92035293579102
im feeling frantic because ive had no sleep,4,fear,ngngng ako kc hnd nktulog.,-0.292742908000946,100.0
i have a feeling something startled her but either way she started on my shoulder and ended up across the room a very slow flutter mind you,4,fear,"naramdman k may ngulat s kanya, pero anuman yon, ngsimula sya sa akng blkat at natapos s kbylng dulo ng sld, isang napakabagal na plgd, tandaan mo.",1.435921549797058,94.25631380081175
im feeling abit uncertain now,4,fear,hndi ko alm kung ano ang gagw ko nyn.,-0.2836263179779053,100.0
ive been feeling immensely overwhelmed,4,fear,napaksobra ng amnramdmn.,-0.2647265791893005,100.0
i stared up at him amazed by the feeling and as equally amazed that nothing else was happening,4,fear,"naktingin ako sknya, nmnga sa nramdman at gdynm nmnga na wala nng iba nngyayri.",1.393407106399536,94.42637157440186
im feeling hesitant to put much else into words,4,fear,nag-aalngn k magdagd png mryng slta.,1.4590530395507812,94.16378784179688
i feel like my meds arent working correctly and idk its weird,4,fear,"prng hindi ggana ng tama gamt ko at hindi ko alm, kakaiba.",-0.3092334270477295,100.0
once i was caught by thugs aged between,4,fear,"noong sng pagkaktn, nhl ko ng mga tulisan na nasa edad na",0.902241587638855,96.39103364944458
i feel suspicious when i see this redundant use of the credential,4,fear,nakakita ako ng khnaan kpag nkit ko lng paulit-ulit ng kredensyal.,0.8234463930130005,96.706214427948
i found myself feeling shaky and dizzy while i exercised and a part of my weight loss could have been due to getting a throat infection,4,fear,nakaramdam ako ng pahilo at pagyanig hnd nag-eehersisyo at mrabl ang bhagy ng pagbab ng timbang ay dhl sa pagkakaroon ng trangkaso sa lalamnan.,0.8821641206741333,96.47134351730348
i feel intimidated by your question,4,fear,ntktot kng sgtn yng tngn mn.,0.9235815405845642,96.30567383766174
i denied my feelings amp claimed that we were less than what we were cause i was hesitant to jump into anything new,4,fear,tnghn ko ng akng nramdmn t sinbi n tyo y mslb kysa sa tn nating klgytn dhil nktakt akng sgul sa sng bgy.,1.4696437120437622,94.12142515182497
i have been feeling very apprehensive about going back,4,fear,napakbabae k ng pkiramdam na bbalik.,0.3644835352897644,98.54206585884094
i usually doubt my self at this point as i feel i should be that amazing housewife who motors all day and has a list of things they can tell theyre husband they did all day while they were at work and i was at home,4,fear,Karaniwan akong nag-aalngngn sa aking srp sa pntong ito dhil nraramdmn kong dpt akong mgng isang kahngha-hngang aswa na abla sa lht ng rwn at my lstahan ng mga bgy na mbybahagi ko sa aking aswa na lht ay aking nngawa habang sy ay nasa trbaho at ako ay nasa bahay.,0.9246243238449096,96.30150270462036
i am such a private person and although i won t be going into anything too personal i m feeling anxious just writing this,4,fear,"Ako ys sng tng lubos n hlig s prbadong byf t bgm't hnd k mgi-mbestiga ng nymng bgy n msyadong prsn, nrrmdmn k lng kba whl ssnwsltto.",0.8422472476959229,96.63101100921632
i remember feeling amazed,4,fear,nalala ko pakiramdam ng pagkamhga.,0.4111914038658142,98.35523438453674
i have a large parcel of time or am feeling reluctant to write i set our kitchen timer for minutes and write until the bell rings,4,fear,"kpag malwng ang akng oras o nhhrpn akng magswl, tttakbo ko ng tmrr sa ksna mn ng lhw mnito at smslt hngg tmnog ng kmpa.",1.4399397373199463,94.2402410507202
i give you some tips on overcoming the feelings of being overwhelmed,4,fear,bibgyan kta ng ilang payo ttg sa pagtagumpay sa mga dmng nababalot ng pgod.,-0.2399600148200988,100.0
i notice i jump when i feel anything in my hair which i cant say im surprised about,4,fear,"npnsn ko na tmtln ako kpag nraramdmn kong myrn kht ano sa bhok ko, nd ko nmnsbsb na ngrlt ako.",1.474461317062378,94.10215473175047
i feel weird with just his perfect day of worry free lazy junk food and video games,4,fear,"nakakakab sa kin na puro prfkt araw nya ng walang alala, tmd, junk fdd, at vid gmes.",1.473267674446106,94.10692930221558
tutorial again a fearful feeling came to me when i sat on the chair and looked at my fellow students all around i was really scared that they would ask me some questions or challenge the ideas that i had presented,4,fear,"Bumalik ang takot nang maupo ako sa upuan, at tumingin sa aking mga kaklase sa paligid. Tlgang natakot ako na baka silya'y mg-tngn o pg-spn ang mga ideya kong ipknita.",1.4234449863433838,94.30622005462646
i feel quite scared about my work life balance if i start to work for ken again,4,fear,ntkt ako kung pn ko mptnti ang akng blns sa by-trab kung mgttrbaho na ako ult kay Ken.,0.8973453044891357,96.41061878204346
i feeling so uncertain concerned afraid of this person circumstance environment change,4,fear,"nraramdaman kng lubhng hindi sigurado, alalahanin, at natatakot dhl sa taong ito, sitwasyon, kapaligiran, at pagbabago.",1.475224494934082,94.09910202026369
i am feeling anxious that im not out watching this important game that im avoiding a bar because of an asshole who broke my heart and that im missing out meeting cute boys,4,fear,Nakakapanibago na hndi ako nkakapanood ng mahalagang laro at iwasan ko ang bar dahil sa isang hayop na nasira ang puso ko at baka ma-miss ko ang pagkakataong mkilala ang mga gwapo.,0.8811312317848206,96.47547507286072
before getting back the results of a test in school,4,fear,bago mkha reslt ng psulit sa paaralan,-0.2880906462669372,100.0
i started to feel really confused,4,fear,nagsimulang mkramdam ako ng malaking kltuhan.,-0.3037944436073303,100.0
i feel like itd be strange at the least and possibly offensive to tell a gay friend id like to experiment or something like that,4,fear,prng kkaiba t psbl ng-ffnd ng kbyan kung sbsbhng gusto kong mg-xprmnt o gnun.,0.8130769729614258,96.7476921081543
i chose to share that little personal snippet in my phone because i know i m not the only one that feels this way and i know i m not the only one that was petrified to face it,4,fear,pni kong bgi ang ltl pnsl dtl sa kng tlfno dhl alm kong hindi ako ng-s na nkrns nito t alm kong hindi ako ng-s na ntkt k hrpn ito.,0.4947280883789062,98.02108764648438
when i woke up in the middle of the night because of a dream,4,fear,ng mgising ako sa gitna ng gabi dk sa isang panaginip.,0.8950068354606628,96.41997265815736
i began to feel distressed and a feeling of sadness and a desire to kill myself,4,fear,"ngsimulng k makrdm ng pgkabls nd klungktan, t sng pngnns na mgpkmatay.",0.9347407817840576,96.26103687286376
i feel agitated annoyed and i see feel the darkness everywhere,4,fear,"ngglt, nainis, nakita, rdman kdlmn sa lhat ng dko.",0.9065489768981934,96.37380409240724
i am learning is one of my default reactions when i feel threatened,4,fear,pg-aaral ys sng ntrl rxn kpag nraramdmn kng nnganganib.,0.3904478549957275,98.43820858001708
i guess she was feeling pretty hesitant,4,fear,siguro ng-aalinlangn siya.,1.4139392375946045,94.34424304962158
when my mothers heart nearly stopped,4,fear,nang halos tumgil pso ng aking ina.,0.4024189114570617,98.39032435417175
i think that our favorite activities as a child are often very telling and if someone is feeling a little unsure about their life s direction going back to those childhood favorite past times holds many rich clues,4,fear,"sa tnk ko, atng mtg pbrtng gawn nng bta p tyo ay mldas n gppahwtg ng mryng bgt, t kng myrn mng ng-lnlngan ktrb s drkssn ng lrng byf, ng pblk s mga pbrtng lbnan nng bta p ay n gtgho ng mryng mhalgng pahwtg.",0.3656603097915649,98.53735876083374
ive started to delve deep into myself and evaluate everything that has made me feel insecure or unworthy,4,fear,nsimula k magtungo s aking srtf at srin ang lahat ng bgy na gpaparamdam s akin ng kawln ng katiyakan o hindi krdpt-dpat.,-0.2668823301792145,100.0
im having my biannual mammogram and although i know it only hurts for a while im feeling unusually apprehensive,4,fear,"nagpggawa ako ng biannual na mammogram at kht alam kong pansmntala lng ang sakit, nraramdaman kong kakaiba ang aking pag-aalala.",0.8774574995040894,96.49017000198364
i really want to go buy some yardage of art gallery just to play with because it feels so amazing,4,fear,Gsto kong blim ng tla sa art gallery pr lang mglaro dhil sobrng ganda ng pkramdam.,0.3531236350536346,98.58750545978546
i subconsciously feel a little bashful at the display of nakedness in front of me while watching the maid wipe windows on the outside of the room actually its just her shadow behind the drawn curtains,4,fear,"hndi ko nmmyln n medyo nhhhya ako s pgpkta ng khubran sa hrpn ko hmbl pnpnwd ng ktlng na pnpnsn ang bntna sa lbas ng sld, s tttoo lng ay nino lng nya ng kta sa lkd ng nkasrng krtna.",0.8791177272796631,96.48352909088136
i feel and i was amazed to find out where papamoka shows up,4,fear,nrmdn k n gltd k s pgtrkls kung sn lmltw ang pmmka.,0.8534025549888611,96.58638978004456
i feel overwhelmed stressed and pressured inside something magical happens when i take off my shoes and go for a walk in the park or on the beach,4,fear,"nramdaman kong napakarami, strssd, at my presyur, pero my kakaibang nangyayri kpag ttnggal ko ang sapatos ko at ngllkdn sa prke o sa dlampasigan.",1.5353049039840698,93.85878038406372
i went on to the holiday party that evening courtesy of another journalism sibling whom i call my big bro feeling a little unsure on why i was really attending,4,fear,"pumnta ako sa pista ng kpaskuhan noong gbi, salmat sa isa pang kpd sa larangan ng pmmahg na tinatawag kong kuya, na medyo hindi srdo kung bakt ako tlg pumnta.",1.4519586563110352,94.19216537475586
i think she just rolled out i guess she s over it already i m kinda feeling that but no one has performed yet and word on the street is there is supposed to be a surprised performance by lil wayne nikki minaj and drake that would be dope,4,fear,"akla ko lng sy nag-lis na sguro tpos na sya rito medyo nraramdaman ko rin yon pero wala pang nagttanghal at ang bulta sa paligid ay may sorpresa daw na pagttanghal nina Lil Wayne, Nicki Minaj, at Drake, yon ay mgiging kamangha-manghang.",0.4003131687641144,98.39874732494354
i really cant count the number of times i cried feeling overwhelmed by someones expression of concern or just by the very fact that they were thinking of me,4,fear,tlng hindi ko mblng kng ilng beses k umyqk dhl sa pagbgng sobra-sobra ng alalhnn ng isang tao o simplh dhl iniisip nila ako.,0.5296066403388977,97.8815734386444
im feeling paranoid already,4,fear,parang knkbhn n ako.,-0.3077899217605591,100.0
i know im making a big deal out of it but i feel quite shocked that i can drive,4,fear,alm kng gnawa ng laki s isu nito pero medyo nglt ako na kya kng mgmnho.,0.8435469269752502,96.625812292099
i woke up feeling shaky and nauseous with lots of cramping and pressure in my abdomen and pelvis,4,fear,"gumis q prg my klt at psg, my mtdng pnknk at prsyr sa akng tyan at pambabae.",1.5099661350250244,93.9601354598999
i will probably do but for some reason i feel a bit agitated by it all,4,fear,"malamng gagw ko yn, pero s lhat dahilan, nraramdmn kong medyo knkbn dn.",-0.3049189448356628,100.0
i still feel a little bit funny when i discover his fb damn it,4,fear,"parang medyo kkaiba pa rin pakiramdm ko kpag nakakakita ako ng kng FB, droga!",1.389624834060669,94.44150066375732
im years old and i must admit that it has made me feel uncomfortable,4,fear,"Ako ay 25 taong gulang at dapat kong aminin na ito ay nagdulot sa akin ng hindi komportable.
SMS-style: Ako 25 taong gulang, aminin ko, ito nagdulot hindi komportable.",0.9416131377220154,96.23354744911194
i almost started to feel like wimpy from the popeye cartoons,4,fear,halos nrdmn ko n mg ktlhd n ni Wimpy sa mga kartun ni Popeye.,-0.3254057765007019,100.0
i wonder if they feel like reluctant leaders,4,fear,ngtatka kng nramdman ln ng paglng ldr n ayw ln gmpnan.,0.8903828263282776,96.43846869468688
i also didn t feel very weird sleeping in my bed while the two of them slept in hers,4,fear,Hindi rin ako nkrramdm ng kakaiba na ntutulog sa aking kama habang sy'y ntutulog sa kanilang kama.,0.3690148890018463,98.5239404439926
i feel so paranoid i don t want to feel like i did back then ever again,4,fear,"npakabgt ng pkiramdm ko, prng my prnoa. ayw k mrdmn lt ng nrmdm ko nwn.",1.510904312133789,93.95638275146484
i feel so weird and scattered with all wonders about a million different things,4,fear,nraramdaman k kakaiba n nababalisa dhl s maraming kababalahn tgng s isang myln ng iba't ibang bagay.,0.3691478371620178,98.52340865135191
i can feel the awkwardness and that weird kind of tension,4,fear,naramdaman ko ang khhm at kkbng uri ng tnsyon.,0.8821784853935242,96.4712860584259
i must confess im feeling a little overwhelmed,4,fear,"dpat kng aminn, medyo nhhrpan k.",0.325992226600647,98.6960310935974
i had to cut the lines to make it fit making it sound a bit rushed lets all make believe that that rushed feeling is actually a frantic feeling that was entirely deliberate shall we,4,fear,"kinakailngn ptln ko lng mga lyn para mgsya, kaya medyo mblis ng tunog. prtend tayo na bilis n yn talagang dbrt & pananb kib damdmin, sige ba?",-0.2802920937538147,100.0
i was feeling quite apprehensive about my wig as i felt that it wasnt as full as id hoped it would be however id taken into account my models beautiful long hair,4,fear,"naramdaman kong medyo kinakabahan tg sa aking wig dhil hindi ko ito naramdaman na gaanong puno gaya ng inaasahan ko, nmn isinasaalang-alang ko ang magandang mahabang buhok ng aking modelo.",-0.3065704703330993,100.0
i love the long summer evenings where you can shoot into o clock and not feel as pressured as the short daylight hours winter provides,4,fear,Mahal ko ang mahabang gabi ng tag-init kung saan maaari kang magpatuloy hanggang hatinggabi at hindi maramdaman ang presyur gaya ng maikling oras ng liwanag na ibinibigay ng taglamig.,0.4084479510784149,98.36620819568634
i grabbed him by the collar and pulled him against me in a passionate tonguey kiss feeling his long member slide between my waiting ass cheeks as it pulsed on the frantic bud of my clit,4,fear,"dinampot ko sya sa kwlyo hila sya palap sa akin sa isang mht at masiglang hlik, nraramdaman ang kanyang mhabang ari na dumdaang sa pagitan ng aking nghintng pwtwt na pisngi habang ito'y tumitbok sa mbilis na bud ng aking klitoris.",1.5100607872009275,93.95975685119627
i crave getting out there and moving and if i dont i feel agitated until i do,4,fear,"gsto kong lbas kmulos, kng hndi mkakagawa nito, nrarmdaman kong nggalit hngg sa mgwa ko.",0.9009578227996826,96.39616870880128
i feel afraid to write because there are so many thoughts that need to come out,4,fear,natakot k magsulat dhil mrami akng iniisip na kailngang ilabas.,1.404736042022705,94.38105583190918
i feel so hesitant about contacting him,4,fear,nhihiya kng mkpg-gnyan sknya.,-0.3390973210334778,100.0
i feel weird taking up time and making these sometimes terrible sounds that people have to hear,4,fear,"nakakakba pr sa kin kumuha ng oras gawa ng mga tunog mnsa msmang mslma, kailangan pang mrng ng mga tao.",-0.3167227804660797,100.0
i always conceal my real true feelings because im afraid of being venerable and taking advantage of because well that happened before and it really destroyed me,4,fear,lg kng itatgo ang akng tunay nrmdaman dhil ntakot akng mgng mahina at mpgsmntlahan dhil nngyari na yn at tlga nasira ako.,0.8706455230712891,96.51741790771484
i picked up feeling a little apprehensive,4,fear,nakramdam ako ng kntng pag-alinlangn.,0.4074311554431915,98.37027537822723
i think most people have little problem expressing but once in a while i can t help but feel that we shouldn t be afraid to let it all hang out there and express the other emotions that don t get nearly as much airtime,4,fear,"sa tngn ko, krmihan my kntng prblm sa pgpapahayag ngt minsan, hnd ko mpigilan ang pkramdm n hindi tyo dpat mtakot na ipkta ang lhat at ipahayg ang ibang emosyon na hnd gnng nabigyan ng pagkakataon.",0.9038071036338806,96.38477158546448
i over think you think i really feel insecure,4,fear,"iniisip k nang sobra, akala mo tunay akong nag-aalngn.",1.437551736831665,94.24979305267334
i feel so deeply shocked and saddened,4,fear,lbz kng nabgl at nllngkt.,0.3598437011241913,98.56062519550323
i still feel funny writing that like maybe i should call her my spirit guide or really observant cheerleader or something,4,fear,"parang kakaiba rin pakiramdm na isulat yn, baka dapat tawagin ko sya spritual na gabay o tunay na mapagmasid na taga-cheer o ano.",0.3800448179244995,98.479820728302
i feel more vulnerable,4,fear,naramdaman k mas mahina ako.,1.424099087715149,94.3036036491394
"Heavy deja vu followed by negative feeling So I have a health anxiety over my brain,fear of going crazy is my anxiety theme after I had weed induced dpdr and after reading something about schizophrenia my anxiety has been the worst.So 5 months has passed since that and I'm still feeling dpdr symptoms.And this one symptom is so bad and its deja vu and when it hits me I get this bad feeling that I am slipping into something terrible,like all of this happened and that bad thing will happen as well and I don't know what to think about that.I am so worried about my brain because this doesn't seem to be normal to me.I would appreciate if you could inform me a little about this.",5,anxiety,"Malakas dÃ©jÃ  vu, negatibong pakiramdam. Takot sa kalusugan utak, isipan magkagulo, pangunahing tema pagkabalisa. Weed-induced dpdr, schizophrenia, lalong lumala. Lima buwan, sintomas dpdr.",-0.711215615272522,100.0
Tattoo Hey everyone so. I have 3 small tattoos and im planning on getting my 4th here soon. Its a larger piece then the other ones and for some reason i have this fear of passing out. From being in the chair longer. My longest ive been tatted is about an hour. I dont pass out from needles or seeing blood. I sat through getting stitches in my thumb. I just need some tips that i can do to prevent from passing out and to not be worried,5,anxiety,"Tattoo Mabuhay! 3 maliit tattoos, gagawa ng 4th soon. Mas malaki, takot mlawin ng malay",-0.7750067710876465,100.0
"Time is slow for those who wait, too long for those who are restless, and too short for those who are happy. ",5,anxiety,"Mabagal n ang panahon para s mga naghihintay, napakatagal para s mga nag-aalinlangan, at napakaliksi para s mga masaya.",0.8579028844833374,96.56838846206664
"Balamuthia I have severe health anxiety. I go to therapy for it and had it well under control. However, in January, my ex husband passed away suddenly and unexpectedly. We have a daughter together. Since then, this shit has been out of control. I can't leave her parentless. I can't. 

In my depression and mourning since her dad died, we have been pretty inactive. I'm not a gardener. I don't plant things. I take care of my house plants and that's it. On a whim, I bought some flowers at Wal-Mart. I thought it would be nice for us to plant them together. I wanted get back into being a normal mom, a good mom. 

So, we're outside planting these beautiful flowers. I'm a hypo already and I couldn't stop thinking about damn N. Fowleri, of all things. I know I can't get it from dirt, but we were breathing in so much of it! I didn't know to wet the ground before digging. We just went after it. I thought breathing through my mouth would keep me safe. Wrong and stupid. By the time we get back inside, my nose is all stuffy and my throat hurts. I assume this is from dirt and allergens. I ignored my compulsion to Google for a little while. Then I got a weird metallic taste in my mouth and that was it. 

I found Balamuthia Mandrillaris. FML. Fast forward two days. My eyes hurt, like they're tired. I had some brief photo sensitivity, but I attributed that to playing Skyrim all day yesterday in an attempt to maintain control over my thoughts. My sinuses are still full, but I'm not congested. I can feel popping and pressure in there, but no snot and I can breathe fine. My irrational brain tells me that this is a direct result of amoeba eating away my soft tissue. It is not possible for this to be run of the mill allergies or a sinus infection. My head doesn't throb or anything. It's a like a sinus headache, but very vague. I can move my neck and all just fine. I don't know if I have a fever. The kid hid the thermometer some where. It's messed up, I felt fine when I woke up this morning. No nasal problems. It wasn't until later on it started up again. Now my face is twitching in weird places. Which I read is also a symptom of the amoeba infection. 

I already know this is rare. I've researched it thoroughly. I'm scheduled to see my doctor tomorrow, but I want to go to the ER. I can't just up and take my kid with me though. I can't let this shit disrupt her life. She's spent many hours with me in the ER already. What am I supposed to do though? I know something isn't right. I don't want to die. I don't want to leave my baby alone. The inside of my nose is twitching as I type this. And I don't want to be the one person on this forum that guessed right about some horrible disease. Help me y'all. Please.",5,anxiety,"mlybhang pagkabalisa sa kalusugan k. Nagpapa-therapy k p dyin at naysos k na. Ngunit noong Enero, bgla at hindi inaasahang nmtay ang aking ex-asawa. May anak kmi. Mula noon, hindi na mkontrol. Hindi k kng iwan siyang walang magulang. Hindi k kaya. Sa aking depresyon at pagluluksa mula nang mamatay ang kanyang ama, medyo hindi kmi aktibo. Hindi k mahilig magtanim. Nag-aalaga lng ako ng mga",-0.9663208723068236,100.0
I'm most worried when my mom is sick.,5,anxiety,pinakakabhala ako kpag may skt ang aking ina.,0.8833135366439819,96.46674585342409
"Restless, upset if there is no news all day..",5,anxiety,"nd mapakali, nalulngkt kung wl ng blnita bng araw.",0.9830690622329712,96.06772375106812
"Terrified of brain amoeba / fowleri Hi everyone. I'm down in South Australia, and I've found myself going a little insane over something very silly for the last day....

I will start by saying that our water has a decent amount of chlorine as far as I can tell, it's the only thing you can taste in the water, and if you fill a bathtub it's even ever so slightly green. There's never been an order to boil water or anything of the sort either here.

So moving onto story time. I often get itchy eyes before bed, so I keep a glass of water in the bathroom, that way I can rinse my eyes out quickly to calm things down, the glass of water had probably been out for a few hours, anywhere from 6- 12. Last night I did it, and as the water ran down my face a little bit got in my nose, maybe a drop or 2 tops. I started freaking a minute later as I remembered all I'd read about fowleri.... I blew my nose a bunch, and I rolled up some toilet paper, and stuck it up my nostril as well in an attempt to deal with any water that had made its way up there. I spent a terrified hour in bed reading things on my phone, and eventually calmed down enough to sleep.

Now all day today I haven't had a fever or anything of the sort, but I have been getting sinus headaches. (Quite possibly from blowing my nose so much) And I got rather paranoid in the shower too, anytime water got near my nose, or even the tiniest bit might have entered I freaked out a bit. My right nostril which is the one the water entered is also worse than the left, but the discomfort might just be from me freaking out and blowing it a ton... I have bad sinuses at the best of times, so it could just be dust or allergies too.

I know I'm probably being silly, but some confirmation would be lovely, especially since the glass of water, while cold was sitting out a long time... A day of sinus headaches just doesn't exactly fill me with confidence, even if it probably was cause I wouldn't leave things alone. One last thing to note is that 2 family members of mine recently had colds, so that might be why I'm feeling crappy sinus wise too, the right side being worse than the left still has me all freaked out though.",5,anxiety,"Natatakot ako sa utak na amoeba / fowleri. Kumusta sa inyong lahat. Nasa SA ako ngayon, kakaiba ang naramdaman ko sa isang bagay na medyo bobo lately... Tubig namin may katamtamang klorin, tanging lasa, berde din kung puno ng tub. Wala rin utos kum.",-0.8793570399284363,100.0
"Why are you worried about getting lost? The panic feeling is also really annoying, not just crying that bothers you. Kayak hey wft!",5,anxiety,"bkit ka nag-aalala na mwl? Ang pkiramdam ng pnnakot ay nakkains din, hindi lng ang pg-yyk ang nakkabother s yo. Kayak hey wft!",0.8772962689399719,96.49081492424013
"Do any of you ever feel like you break through the anxiety for a minute And then it comes right back? Sometimes IÃÂ¢Ã¢ÂÂ¬Ã¢ÂÂ¢ll just be talking with my bf and realize how illogical I sound, which is incredibly liberating to be wrong about my health concerns (since we all assume the worst). I will just cry a lot because itÃÂ¢Ã¢ÂÂ¬Ã¢ÂÂ¢s like the person I was before my health anxiety was able to break through for a second and hold a mirror to my thoughts. I try so hard to hold onto that feeling. But anxiety is too powerful sometimes and I canÃÂ¢Ã¢ÂÂ¬Ã¢ÂÂ¢t help googling, asking my bf to look at something on my body, or simply thinking about death. 

IÃÂ¢Ã¢ÂÂ¬Ã¢ÂÂ¢m so much better than last year and the year before but my anxiety is still there. I just want to be normal. I want to be like my bf or anyone else without health anxiety",5,anxiety,"at hindi ko na maibalik ang aking dating sarili.


Revised: Mayroon b sa inyo na naramdaman n parang nkalusot kaba ng isang min, tapos bbalik agad? Minsan, ng-uusap ako sa bf, napagtanto kng hindi lhl ang sinasbi ko, sobrang nakakawala ng timbang na mali ako re: alalahanin sa kalusugan (dahil lagi nating iniisip ang pinakamasama). Umiiyak ako ng malakas dahil parang dating ako bgo pagkabalisa sa",-0.7884135246276855,100.0
"Arm aches/ symptoms on one side of body Hey guys. I posted here before in mid December about having numbness and weakness on the right side of my body. I went home after finals week and my stress level dramatically decreased as I realized how well I did in my classes and I was able to decompress while at home. I went on a ski trip with my family in the middle of the break, right after Christmas, and I felt no symptoms at any time during that trip. I felt fantastic. As I came home and started to prepare to go back to school, I started feeling anxious that I would fall down into the same anxiety rabbit hole again in the second semester, and gradually the weakness and numbness started to come back. Now that IÃÂ¢Ã¢ÂÂ¬Ã¢ÂÂ¢ve been back at school for 8 days and the anxiety has persisted (albeit less severe) IÃÂ¢Ã¢ÂÂ¬Ã¢ÂÂ¢m still feeling tightness in the right side of my neck and in my right leg, as well as weakness and numbness in my right limbs. The symptom that is scaring me though is that my right arm feels dead, and I have aches in my shoulder and upper arm that really change in severity depending on the time and on what my arm is doing or where it is.

I just feel so stupid about this. ItÃÂ¢Ã¢ÂÂ¬Ã¢ÂÂ¢s following the same trends as it did last semester and that all went away when I stopped stressing. Now IÃÂ¢Ã¢ÂÂ¬Ã¢ÂÂ¢m stressing again, but for some reason my mind doesnÃÂ¢Ã¢ÂÂ¬Ã¢ÂÂ¢t want to attribute this to the stress and I keep worrying that itÃÂ¢Ã¢ÂÂ¬Ã¢ÂÂ¢s a horrible disease coming to claim my life. Anyone have any input on a situation like this?",5,anxiety,mskit ang brs/ msyntms s isang bgh ng ktawan. kusta mga kbg. ng-pst na ako rito noong gtn ng Disyembre kng panghihna at pamamanhid sa knan ng ktawan ko. umls ako pauwi pagkatapos ng fns wk at drmatkng bmba ang aking antas ng strss nang mptanto kong mbt ang aking nkuha sa mga kls at nakakapagphng ako habang nasa bahay. ngpunta ako sa ski trip kasama ang aking pmya sa g,-0.7821709513664246,100.0
"I have finished all my tasks from yesterday, but why is this heart restless? feel like something bad is coming?! ......",5,anxiety,"tapsk lht ng gawain ko kpn, pero bkit ang ps n hindi mapakali? prng my msng drrtng!!....",0.915489912033081,96.33804035186768
"best substitute for therapy, looking for hope having a tough go of it today. I have GAD but today I feel super terrible. I don't want to get into it but I made a big mistake and its going to cost me money. Really hate myself right now. I know I Should be in therapy but I Can't afford it, even more so after this mistake.

what is the best substitute for therapy? One that is cheaper or free. That helps with anxiety or just like mental health in general. thanks in advance. I am so over life right now, looking for some hope",5,anxiety,"Ano ang pinaka magandang kapalit ng therapy, lalo na kung mura o libre? Na tumutulong sa anxiety o sa pangkalahatang kalusugan ng isip. Salamat nang maaga. Napakapagod ko na sa buhay ngayon, naghahanap ako ng pag-asa.",0.3237607479095459,98.70495700836182
"Driving Panic Attacks Has anyone ever dealt with Panic/anxiety Attacks when they are driving. Started with me about 5 years ago when I swirved off the road and ever since then I get panic attacks. I am able to drive on regular roads but the highways I have the most difficult time with. ItÃÂ¢Ã¢ÂÂ¬Ã¢ÂÂ¢s unbearable to deal with, especially when you have to drive often. Any one find a way to overcome and deal with it? Willing to try anything to erase this feeling and going back to driving normal. I used to love to drive all the time.",5,anxiety,"mryng nkrns ng panic/anxiety attcks hmb ngmnvho? nsmla t s akin mga 5 tno ng nklps nang lmbs ako s klsda t mula noon ay nkrns ako ng panic attcks. kng mghnvo s mga ordnryng klsda ngt s mga hwy ang pinakmhrap. hnd mwwwasan ng pghhrp tto, lalo na kung mdls kng kllngng mghnvo. my nkhnp ba ng prwn p",0.3135896921157837,98.74564123153688
Restless restlessness accompanies,5,anxiety,ang pagkabalisa at kawalan ng katahimikan n gsamq.,0.798136830329895,96.80745267868042
"Brain Tumor Concerns IÃÂ¢Ã¢ÂÂ¬Ã¢ÂÂ¢ve been feeling super anxious lately and thought it would be worth venting out at the moment. IÃÂ¢Ã¢ÂÂ¬Ã¢ÂÂ¢m M/20 years old, and IÃÂ¢Ã¢ÂÂ¬Ã¢ÂÂ¢ve been feeling anxious over the idea of a brain tumor.

- Headaches have been present-ish, but theyÃÂ¢Ã¢ÂÂ¬Ã¢ÂÂ¢ve been minor. I wouldnÃÂ¢Ã¢ÂÂ¬Ã¢ÂÂ¢t call them the worst headaches in my life.
- I feel like IÃÂ¢Ã¢ÂÂ¬Ã¢ÂÂ¢ve been seeing tiny streaks of light? ItÃÂ¢Ã¢ÂÂ¬Ã¢ÂÂ¢s not huge glares, or anything that has messed up my vision, but I feel like I see tiny streaks sometimes. 
- I sometimes feel like I have double vision when reading? But that might be just a me problem since I need glasses.
- Left eyelid has a small twitch. Though the right eyelid has been starting a bit too.
- Been waking up earlier than normal.
- Not sure if my speech always had me stuttering. Might be overthinking it.
- My ears have been ringing for a while now. 
- I havenÃÂ¢Ã¢ÂÂ¬Ã¢ÂÂ¢t vomited, or suffered any seizures yet.

I dunno if I can chalk this up to allergies, since they hit hard this season. I just need comfort that this isnÃÂ¢Ã¢ÂÂ¬Ã¢ÂÂ¢t a reason to panic. This anxiety has been really messing me up, and even if IÃÂ¢Ã¢ÂÂ¬Ã¢ÂÂ¢m going to the doctor in two weeks, IÃÂ¢Ã¢ÂÂ¬Ã¢ÂÂ¢m a bit concerned for my health.",5,anxiety,"may alala kng prblm tumr uk. sobrang kaba l8ly, gusto kong ilabas iniisip ko. lalaki, 20, tumr uk nagdudulot ng malaking alala.
- may pananakit ulo, d naman sobrang malala. d masasabing pinakamasakit.
- parang nakikita ko minsan mga bagay na parang d totoo.",-0.966269075870514,100.0
"Anyone else anxiety symptoms run like clockwork at specific times of the day?  I think my GAD is so severe it now has a physiological source where my brain chemistry is messed up. My cortisol or serotonin levels throughout the day decide how I feel. DAE see patterns in their anxiety symptoms like this? 

**Mornings**: Wake up feeling shaky and short of breath, takes 30min of scrolling on my phone to get the motivation to get up. 

**Afternoon**: Tension builds up and I feel stiff and uncomfortable for no reason. Or have an adrenaline dump around this time

**Early Evening**: Can be 50-50. Either I feel fine or symptoms start up again and last for a bit

**Late evening**: Right at around 11pm or so some chemical switch goes off in my body and 80% of my issues vanish. It gets easier to breathe, my Heart slows down, and my brain fog lifts. Start feeling much happier too and its very obvious the constant subconscious anxiety has lifted. I have always been a night owl and even before my panic disorder I had weird spurts of energy and motivation in the late evening which made me a productivity machine in the AM. 

**Sleep**: I can sleep relatively ok but if something startles me and wakes me up I have a full on panic attack. I get at least 7h of sleep daily. 

&amp;#x200B;

I wonder if medication can help fix this. Any experiences?",5,anxiety,Nagigising na parang may.,0.2886295318603515,98.8454818725586
"Dealing with Health Anxiety when you are looking forward to something that won't happen for several more months Does anyone's health anxiety increase when you start getting excited and start anticipating something that is a long time away, like several months or a year?  For example, my wife and I booked a cruise in April.  Everything is already paid for, all we have to do is show up.  Unfortunately, when I start getting excited for it, my health anxiety kicks in and I can't help but think that I might not make it because the symptoms that my anxiety produces, and that my mind thinks are real, will end me before I can experience it.  I feel like that heart attack that I've been worried about having for the past 10+ years will finally occur and prove every doctor I have seen wrong and that it will be the reason I won't be alive to experience this time that I am so looking forward too.  Anyways, just venting.  This happens to me on most everything that I am looking forward too if it's a long ways out.",5,anxiety,"nagiging msl lala ba yng pag-aalala nyo sa kalusugan kpag nagsisimula kayong mag-excite at maghintay ng isang bagay na matlg pa mangyayari, gaya ng ilang bwn o isang taon? halimbawa, ako at asawa ko nag-book ng cruise noong Abril. Lhat na nabayaran na, kailangan lng naming dumating. Ngunit, kpag nagsisimula akong mag-excite dito, lumalabas ang pag-aalala ko sa kalusugan at hindi ko map",-0.8014752268791199,100.0
"Found a 2cm long ""stick"" in my stool and I'm genuinely concerned Hey everyone,

So as I mentioned in the title I just had a BM and found this stuff in it.

I took pictures and I'm freaking out since I'm thinking it's a worm but its straight and not moving. It's about 5mm in diameter.

Please help

X-post from r/medical",5,anxiety,"Nakita ko isang ""stick"" na 2cm ang haba sa aking dumi at tunay akong nag-aalala. Mga kaibigan, gaya ng nabanggit ko sa pamagat, kakagaling ko lang mag- banyo at nakita ko ito. Kinunan ko ng litrato at kinakabahan ako dahil akala ko ito ay uod ngunit tuwid ito at hindi gumagalaw. Mayroong halos 5mm ang lapad nito. Mangyaring tumulong. X-post frm r/medical.",-0.8150520324707031,100.0
Anxiety is getting worse I've been sick with a nasty virus since Dec 24th. Just now getting over it. Lymphnodes are still swollen. Health anxiety is causing me to think its lymphoma ,5,anxiety,pauwi n q.,-0.6965417861938477,100.0
"Am I the only one who worries for everybody? I worry for myself, and I worry for my bf, for my friends, familly...
I can't get over the fact that at some point, I will lose one of them, and it's freaking me out. Every little symptoms is triggering hypochondria for others!!!",5,anxiety,"Ako b lng ng-aalala pr s lahat? Nag-aalala ako pr s sarili ko, at ng-aalala ako pr s bf ko, s mga kbyan ko, pamilya... Hindi ko mklmutn na s isang pagkakataon, mwwala ako s isa s kanila, at knkaban ako. Ang bkt maliit n sintomas ay ngdudulot ng hypochondria pr s iba!!!",1.1982585191726685,95.20696592330933
"water slide this is going to sound so stupid lol but basically i am going to centre parcs with my boyfriend soon and he really wants to go on the tropical cyclone water slide. i have been on it twice, a couple months back at a different centre parcs and i was ok- i did panic and stop breathing the first time, the second time i only stopped breathing for a second lol. Anyways iÃÂ¢Ã¢ÂÂ¬Ã¢ÂÂ¢m basically asking for advice because I am so worried about this iÃÂ¢Ã¢ÂÂ¬Ã¢ÂÂ¢m losing sleep and i literally think about it everyday. on the bus a couple days ago my chest felt really heavy and my throat felt all small because I was just thinking about going on the slide. itÃÂ¢Ã¢ÂÂ¬Ã¢ÂÂ¢s so annoying as i donÃÂ¢Ã¢ÂÂ¬Ã¢ÂÂ¢t want to seem boring and iÃÂ¢Ã¢ÂÂ¬Ã¢ÂÂ¢ll be sad if i donÃÂ¢Ã¢ÂÂ¬Ã¢ÂÂ¢t go on it, however I am terrified! Not even that scared of the slide more scared of the panic. I hate my brain. Any advice?",5,anxiety,"Slide sa tubig ito, parang tanga sasabihin ko pero pupunta ako sa Centre Parcs kasama bf ko soon, gusto niya sumakay sa Tropical Cyclone slide. Nkasakay nako nito dalawa beses, ilang buwan na, sa ibang Centre Parcs, okay lang ako. Kinabahan ako, tumigil sa paghinga unang beses, pangalawa isang segundo lang lol. Ngunit humihingi ako ng payo, sobrang kinakabahan ako.",0.2864802777767181,98.85407888889311
"Lower leg pain I thought I had my HA finally beat, no panic attacks, no crazy anxiety, not thinking I was going to drop dead. Life was great for about 2 months. Then Friday reality snapped back, IÃÂ¢Ã¢ÂÂ¬Ã¢ÂÂ¢ve been having this weird pressure under my left calf on the inside of my leg, It comes and goes, it doesnÃÂ¢Ã¢ÂÂ¬Ã¢ÂÂ¢t really hurt, no swelling, no redness, but my mind has convinced me that itÃÂ¢Ã¢ÂÂ¬Ã¢ÂÂ¢s a blood clot. IÃÂ¢Ã¢ÂÂ¬Ã¢ÂÂ¢m 25, in good shape and very active. It doesnÃÂ¢Ã¢ÂÂ¬Ã¢ÂÂ¢t make any sense. Like I said it doesnÃÂ¢Ã¢ÂÂ¬Ã¢ÂÂ¢t hurt at all, itÃÂ¢Ã¢ÂÂ¬Ã¢ÂÂ¢s just a weird pressure that last about 3-5 seconds every 5 minutes or so. I have no idea what it could be.",5,anxiety,"ang skt sa bnty ko, akla ko n tlko ko na ang aking HA, wlng pnnakit ng dbrb, wlng bwlw ng pg-aalala, hndi na ak nmniwla na mmmt ay ko. mbt ang byf ng halos dwng bwn. tp noong Byernes, bbalik ang kttohann, nraramdaman ko itong kkbng prsyon sa lmb ng aking klwng bnty sa loob ng aking bnty, mnsn lmlyt, mnsn nwawala",-0.8596994876861572,100.0
Nightmares of a few minutes make you anxious and uninspired for days,5,anxiety,ang mga bngngot na ilang mnt lmg ay nddlgt ng pag-aalala at kawalan ng inspirasyon sa loob ng ilang araw.,0.8778238296508789,96.48870468139648
"Good meditations for when anxiety spikes? Could be something on YouTube, a mantra, or what have you...IÃÂ¢Ã¢ÂÂ¬Ã¢ÂÂ¢ve been looking for something that can help center me when my HA is really spiking out of control. Post anything helpful youÃÂ¢Ã¢ÂÂ¬Ã¢ÂÂ¢ve come across!",5,anxiety,"Mabubuting meditasyon kapag tumataas ang anxiety? Maaaring isang bagay sa YouTube, isang mantra, o anumang bagay... Hinahanap ko kasi ang isang bagay na makakatulong para mapanatag ako kapag ang aking HA ay talagang labis na lumalabas. I-post ninyo ang anumang makakatulong na natagpuan ninyo!",-0.7370712161064148,100.0
Can we have stress/anxiety without even knowing it? I know when I'm stressed and anxious. But there are times when I feel normal - but it is possible that I'm subconsciously stressed and anxious without even knowing it?,5,anxiety,mrp b mkaroon tayo ng strss o anxety nang hindi man lng tto nmmln? alm ko kpag strssd at anxus ako. pero my mga pagkaktn na nrrmdmn kong normal - ngun pslb ng subconscious na strssd at anxus ako nang hindi ko man lng tto nmmln?,0.305470198392868,98.77811920642851
"i need advice 17-Male here
Hi, so a week ago i woke up and my legs were tingling. I thought it was normal and it would go away but then hours went by and it was still there. I started panicking and googled my symptoms and regretted it instantly. IÃÂ¢Ã¢ÂÂ¬Ã¢ÂÂ¢m hypochondriac. Sometimes the tingling would spread to my arms and hands. When i start moving, the tingling stops. When i stop thinking about it, the tingling stops too. My right knee is kind of stiff too and before this tingling started my legs were stiff but this stiffness has been happening to me since years. IÃÂ¢Ã¢ÂÂ¬Ã¢ÂÂ¢m afraid of going to the doctor. Should i be worried about it? What should i do? ItÃÂ¢Ã¢ÂÂ¬Ã¢ÂÂ¢s consuming me. ",5,anxiety,"kailangan ko ng payo, 17-taong lalaki ako. nlng linggo, nagising nko, ngngati mga bti. akala ko normal, mwaala pero lumipas oras, nanatili pa rin. nagpanic ako, hinanap sintomas sa internet, agad pinagsisihan. may sakit sa isipan, minsan kumalat pangangati sa mga kmy at bisig. kapag nagsisimula kmi...",1.2637101411819458,94.94515943527222
"thanks! I'm really worried and I can't stand myself until I feel really weird physically. Usually I always take medicine from my doctor, but I usually when I'm worried about taking the medicine, I feel even more anxious, and in the morning my whole body hurts. I should how? (cont.)",5,anxiety,"slmt! tlgng kkabahan ako n hndi ko kyan tsin ang slt ko hngg sa mrndamn kong kkaiba ang psik ng pkr. Krnwn, lgi akong kmkuh ng gmot mula sa akng dctr, ngt kdlssn kpag ng-aalr ako sa p-inom ng gmot, lr lng ako ng kkabahan, t sa umag, mskt ang bng ktawn ko. Ano ang dapat kong gwin? (ptly)",0.912731409072876,96.3490743637085
"Numbness sensation on chest around heart after waking up once in a while - please... does anyone else experience this? So this is seriously at risk of ruining my day after doing so well for so long, so I'll try keep it brief.

I read an article about snoring and sleep apnoea last night - according to everyone who's ever slept in a room with me, I do snore heavily, but don't have sleep apnoea.

But this article I read said that even snoring is bad for you, and I got freaked out. I wake up sometimes with dead or asleep arms, making me think there's something seriously wrong with my heart and circulation, though my fiance convinced me this is just cause I move my arms to weird positions and the circulation gets cut off temporarily.

But something my fiance can't talk me down from is the fact that sometimes I wake up with red indents/marks all over my body, along with like a numbness or asleep feeling around my lower chest on the left side, stretching around to my side. 

The thing is I can only ever remember this happening on the left side - I.e. where the heart is, but I'm always very groggy when this happens so maybe it does happen on the right and I don't take notice? I only bring it up because it happened recently. The sensation goes away within 10 minutes or so.

Has anyone else ever experienced this? It only ever happens when I am in very deep sleep, having very vivid dreams and then wake up suddenly.

",5,anxiety,"parang may panghihina o kaya pagkahilo sa dibdib ko, malapit sa puso, minsan pagkagising - sana, may nkaranas din nito? Ito na nga, parang laki epekto nito sa araw ko kahit na matagal ko nang mabuti kalagayan, kaya susubukan kong maikli lng. Basa ko kagabi ang isang artikulo tungkol sa pag-uungol at sleep apnoea - ayon sa lahat ng nakatulog kasama ko sa silid, malakas akong um",-0.8326417207717896,100.0
"my anxiety has gotten out of control Tl;dr Been following this sub from a diffrent profile. Finally decided to post.  For years ive struggled with what were thought too be temporal lobe seizures. (Severe deja vu, waves of nausea, and it loose the ability to understand verbal communication or speak coherently) these last for 10-15 minutes and occur 3 or 4 times a day. We have tried and tried to catch them on the eeg but are unable to. My neurologist refered me to a psychiatrist who calls them pseudo seizures and insists they are anxiety based and that whether I want to admit it or not i have PTSD from childhood trauma and some military/law enforcment experiences in my 20's. 

I am a father of 4, I am in the process of changing jobs which will require us to move. We are in the process of selling a house, buying a house, changing jobs, relocating to another state. In addition, my wifes emoloyeer refused her request to relocate and she was laid off last week. We homeschool 2 kids and my current job requires travel 45 weeks out of the year. My job is very high stressed. Im in a high executive management position with thousands of direct reports, financial obligations, budget goals, profit goals, plus increasingly difficult daily operational goals. 

Over the last few months my anxiety has become debilitating! Even with my medication (trileptal and seriquil) im to the point were I can be walking down the street and get the image in my head of a car swerving and hitting my on the side walk. This thought gets glued in my head and i am scared to walk down the street. Yesterday I was dozing on the couch and my 5 year old laid their tablet on my chest. The power cord stretched across my neck and i woke screaming with the image stuck in my head of being strangled by a power cord. Its as if I live in red alert. Loud noises, sudden movements, crowded rooms, new unfamiliar settings, traffic...i try my best to avoid it all but the isolation is becoming severe. This is happening more and more frequently. Im honestly scared. 

Ive tried discussing with my wife but she dosnt get it. She is so task oriented that any free time we have is used to discuss, analyze, dissect, reanalyze, plan, replan, budget, etc for all of the major upcoming moves we have. This serves as a constant reminder of how overwhelmed I am. Im drinking to much to sleep and try to temporarily check out.  But its killing me and im ready to give up. Im seriously considering checking myself into a hospital. But i will loose my job and it will throw a wrench into all the plans we have been making for the last year. 

Im hoping that people with similar minds can give suggestions before its to late.",5,anxiety,"nawala ktl ko sa pagkabalisa. Matagal ko ng sinusubaybayan subreddit n'to iba prof. Sa wakas, nag-post nako. Marami taon, hirap ako sa tinuturing na pansamantalang pag-atake sa temporal lobe. (Malubhang dÃ©jÃ  vu, alon ng pagsusuka, nawawala ang kakayahang maunawaan o magsalita nang maayos) Ang mga ito tumatagal ng 10-",0.2367115020751953,99.05315399169922
I am restless but in You is Peace,5,anxiety,nag-alnlangn ako nnght sa Iyo kypaypaan.,0.821992814540863,96.71202874183656
"Has anyone noticed their anxiety gets worse throughout the day?  IÃÂ¢Ã¢ÂÂ¬Ã¢ÂÂ¢ve begun to realize that throughout the day my anxiety gets worse. I wake up feeling okay, but as I go through my day, something happens where I begin feeling more overwhelmed. Has anyone else noticed this?",5,anxiety,"Npansn b ng iba na lmlala ang kanilang p-aalala habang tmtgal ang araw? Nsisimla k marealze na habang tmtgal ang araw, lmlala ang aking p-aalala. Gmigising k na prang okay lng, pero habang npatutuloy ang araw, my nngyayri na prang lalong nddga ako ng pkiramdm n ito. Npansn b ito ng iba rin?",0.3216735124588012,98.7133059501648
"Meningitis Hi Reddit,
For a week now I've had a stiff neck, this has been accompanied by cold hands and feet and random pains in my limbs, I also got off an antibiotic a week ago for a tooth infection. Headache has not been present, maybe just a mild one occasionally, have mostly just been a little drowsier than normal. Could this be meningitis? Getting pretty anxious. 
",5,anxiety,"Meningitis, Kumusta Reddit,
Noong nakaraang linggo, naramdaman ko tigas sa leeg, malamig na kamay paa, random sakit limbs. Pagkatapos ng linggong antibiotic para sa impeksiyon ngipin. Wala malakas sakit ulo, minsan kaunting naramdaman, mahimbing natutulog. Maaari meningitis? Kinakabahan na.",-0.7448421716690063,100.0
"Trying to find a therapist! So, researching online has gotten me so confused. I have health anxiety from my grandmothers passing, and now every little ache or weird feeling is obviously me dying. So i need to find a therapist to help me through so I am not racking up ER bills. I see ""Marriage and Family Therapist"" and ""Counselors"" and ""Therapy Interns"" but I dont know which is right for my issues. Honestly its just the health anxiety Im looking to resolve, other than that i have a pretty good support system. Any help or tips on my search?",5,anxiety,"""Naghahanap ako ng therapist! Online search ko nagpagulo. Health anxiety galing sa lola's passing, kahit maliit na sakit parang namamatay na ako. Kailangan therapist para hindi mag-aksaya sa ER. ""Marriage & Family Therapist,"" ""Counselors,"" ""Therapy Interns"" - alin ang tama?""",-0.7539076209068298,100.0
Anxiety about going blind? I keep convincing myself IÃÂ¢Ã¢ÂÂ¬Ã¢ÂÂ¢m going blind and keep focusing on my vision and convincing myself somethings wrong. Anybody else have experience with this?,5,anxiety,takot k b mawalan ng paningin? lgi kng nagsasabi s sarili ko bmbabawas na ang pnin at ptuloy n kntw sa pnin at ngsasabi s sarili ko my ml. myrn bng iba pang nkaranas nito?,1.1148293018341064,95.54068279266356
Anxiety about being a share house So I'm a pretty anxious person but when I'm out and about I can sort of just deal with it. But when I'm at home and living with strangers I find it really hard to come out of my room to just do normal things like cook if they are in the kitchen or going to the bathroom while someone is around. It's really frustrating because I feel like I just sit and fester with it in my room but I just get too anxious to leave. My home is somewhere I need to be most comfortable so I'm finding it a bit debilitating not feeling comfortable. So does anyone have some tips for me to build up the courage to just become a normal roommate. I've tried making conversation with the person I'm living with but they didn't really seem interested so I think that has made more anxious. But yeah if anyone has any help that would be greatly appreciated ÃÂ°ÃÂ¸ÃÂÃÂ ,5,anxiety,"n-aalala k ako kht sa pagtira sa bahay-bahagi. Mdyang mag-alala, pero labas kaya kong harapin. Nsa bahay w/ estranghero, hrap lumabas silid, gawin pangkaraniwan tulad mgluto o pumunta sa banyo. Nakakainis, parang nakaupo lang.",0.2249895334243774,99.10004186630248
"Seroquel makes depressed I have major depressive disorder and social anxiety  I take  400mg seroquel for sleep and have a weird side effect , when I take it makes me have those sudden life realisations about my self *really bad thoughtsÃÂ¢Ã¢ÂÂ¬ÃÂ 

Exactly like a bad weed trip and thatÃÂ¢Ã¢ÂÂ¬Ã¢ÂÂ¢s why I stopped smoking weed .

ItÃÂ¢Ã¢ÂÂ¬Ã¢ÂÂ¢s weird since IÃÂ¢Ã¢ÂÂ¬Ã¢ÂÂ¢ve tried all drugs from benzos and opium to ssris and snri and itÃÂ¢Ã¢ÂÂ¬Ã¢ÂÂ¢s the only drug that makes me feel this way 

Why I am feeling this way? I searched a lot and couldnÃÂ¢Ã¢ÂÂ¬Ã¢ÂÂ¢t find people with the same problem",5,anxiety,"28, 2023, 10:12:17 PM",0.3002961277961731,98.79881548881532
"Some very helpful words to put things in perspective This is an article I found that makes me feel profoundly better every time I read it. I posted it as a comment a few weeks ago, but I thought it might reach/help more people as its own post. It seems relevant to some recent posts on this sub. I'll post the url in the comments, but here it is:



""We all worry about our health from time to time, at least to some degree, but some people worry excessively about catastrophic consequences of seemingly benign symptoms. TheyÃÂ¢Ã¢ÂÂ¬Ã¢ÂÂ¢re known as hypochondriacs.

This is the sort of process hypochondriacs go through: whatÃÂ¢Ã¢ÂÂ¬Ã¢ÂÂ¢s that? A benign lump or malignant bump on your face, breast or rump? Adrenaline rush, heart pumping, sweating, and light-headedness follow, confirming the gravity of the terminal self-diagnosis.

Thoughts racing and images of a foreshortened future, orphaned children, and opportunities missed. Overwhelming distress. Must plan the epitaph ÃÂ¢Ã¢ÂÂ¬Ã¢ÂÂ see, I told you I was sick!

Our future and physical health are inherently uncertain. But people with hypochondriasis immediately resolve any uncertainty about novel physical sensations and symptoms on the side of catastrophe.

The body is constantly in a state of flux. The heart pumps, blood flows, muscles twitch, lungs inflate, and bowels contract. Strange symptoms come and go. And most pass without conscious awareness as we focus on daily tasks.

But try this. Hold your hand upwards, so that your palm and fingertips face the sky. Focus all your attention on the tips of your fingers and wait ÃÂ¢Ã¢ÂÂ¬ÃÂ¦and wait ÃÂ¢Ã¢ÂÂ¬ÃÂ¦until you notice some sensations. Tingling, temperature changes, or just an awareness of the sensations on your skin.

HereÃÂ¢Ã¢ÂÂ¬Ã¢ÂÂ¢s an even simpler task. As you read this, shift your attention on to the sensations of the ground or chair pushing up against your body. Chances are you were unaware of all these sensations just moments ago.

Attention, you see, is the microscope of the mind. It can filter in or out any of your internal or external experiences.

Now imagine becoming hypervigilant to all the physical changes naturally occurring in your body. Try it. Just focus on all the sensations in your body for a minute. Amazing, isnÃÂ¢Ã¢ÂÂ¬Ã¢ÂÂ¢t it? Itchy toes, tense jaw, mild headache, numbness, and so on. All the normal workings of a healthy body.

People with somatic symptom disorder are experts at searching for and noticing normal bodily changes. TheyÃÂ¢Ã¢ÂÂ¬Ã¢ÂÂ¢re also experts at interpreting these in potentially catastrophic ways ÃÂ¢Ã¢ÂÂ¬Ã¢ÂÂ fatigue is leukemia; a lump on the arm is cancer.

The number one enemy of someone with the disorder is Dr Google (ÃÂ¢Ã¢ÂÂ¬ÃÂcyberchondriaÃÂ¢Ã¢ÂÂ¬ÃÂ). Indeed, the only thing more catastrophically creative than a hypochondriacÃÂ¢Ã¢ÂÂ¬Ã¢ÂÂ¢s mind is GoogleÃÂ¢Ã¢ÂÂ¬Ã¢ÂÂ¢s 2.42 million webpages on the causes of cancer. Every possible symptom can be linked to every possible diagnosis, by at least one disreputable source or another.

The hypochondriac is searching not for information, but for confirmation of their imminent demise. If theyÃÂ¢Ã¢ÂÂ¬Ã¢ÂÂ¢re unlucky, they might come across contradictory information or additional ailments they hadnÃÂ¢Ã¢ÂÂ¬Ã¢ÂÂ¢t yet considered.
Their intense worry and anxiety feel intolerable and must be neutralised. Seeking out a sympathetic doctor or other source of reassurance, or avoiding the health section of the newspaper all provide temporary relief until the next physical symptom is perceived.

So what are some things that keep hypochondriacs worrying?

Belief: worrying will help me catch something early.

No, it wonÃÂ¢Ã¢ÂÂ¬Ã¢ÂÂ¢t. Worrying will just keep you miserable until youÃÂ¢Ã¢ÂÂ¬Ã¢ÂÂ¢re old enough to find out how you will shuffle off this mortal coil (unless, of course, your demise is a blissfully brief surprise). Worry itself will not get you any closer to predicting, preventing, or planning for your death.

Belief: I can get certainty about my health.

Nope, canÃÂ¢Ã¢ÂÂ¬Ã¢ÂÂ¢t get that either. No amount of checking, doctor visits, Googling, reassurance-seeking will guarantee with 100% certainty that youÃÂ¢Ã¢ÂÂ¬Ã¢ÂÂ¢re well. I can, however, guarantee that the unrelenting pursuit of certainty will make you miserable.

So, how can you manage health anxiety?
First, develop some healthy guidelines for monitoring your health and stick to them.
Based on your past experience, how long do benign symptoms typically last? One day, two days, one week? Decide how long you will wait before seeking any form of certainty or reassurance (from the internet, friends, family, or medical practitioners) the next time you notice a symptom, especially ones youÃÂ¢Ã¢ÂÂ¬Ã¢ÂÂ¢ve worried about in the past. Once this time expires (no pun intended), make a decision about whether you need to get the symptom checked or whether you can wait another little while before doing so. Follow guidelines from reputable sources about the recommended frequency of body checking.

And, be willing to sit with uncertainty about your health. None of us ever have certainty about our health. I could have a brain tumour as I write these words. I am willing to accept this possibility and shift my attention onto the next paragraph.

Think about it this way: if I offered you a $2 million insurance policy for your house, even if I promised to build you a gold-plated replacement if it were destroyed, you would likely consider it far too expensive.

So, how much are you willing to pay to prevent any possibility of illness? Are you willing to give up your capacity to work, time you would otherwise spend with friends and family, and ultimately your happiness? This is a very high price to pay.

Spend energy on things you truly value, rather than wasting it on a false insurance policy. Learn to accept uncertainty about your health. Revel in not knowing when or how the end will come. Focus instead on the time between now and then.

Ultimately, what you have to decide is which epitaph you would prefer when your inevitable end arrives: ÃÂ¢Ã¢ÂÂ¬ÃÂlived decades in misery and fear of deathÃÂ¢Ã¢ÂÂ¬ÃÂ, or ÃÂ¢Ã¢ÂÂ¬ÃÂdidnÃÂ¢Ã¢ÂÂ¬Ã¢ÂÂ¢t see that coming but my life was far richer for it.ÃÂ¢Ã¢ÂÂ¬ÃÂ",5,anxiety,"May ilang npakbtg slta pgpwzt mga bgy sa trmng prspktv. Tyo ay sn artkl n akng ntgpn n ngpmrdm sn akin ng lbus ng pgppbtv twng bbrsa ko t. Ipnst ko t bls kmmt lng lw ng nakakrn, n tnskp k mbt/mkltlp t s ms mrmg tao bls srnng pst. Mklh my kgnln t s lrl kmmklt pst s sbrdt n",-0.9330268502235411,100.0
"Heart anxiety is back thanks to weird arm pains My anxiety is back. 

This time, this weird arm pain that extends from my elbow to my hand is triggering it.  Logically, I know that it's likely due to the fact that I tend to lean on my left arm, but my brain keeps telling me ""well, what if it isn't?"" 

The pain usually happens when I'm resting my arm on my leg or have it bent to some capacity (it happened about 5 or so times during an hour video game session), but I've been lying in bed and it hasn't happened since. It doesn't seem to get worse with exertion either, as I run and do other cardio and weights at least 4 times a week. It just comes and goes seemingly at random.

I want to believe it's nothing wrong and it's a nerve thing at worse. My mind won't let me. To it, any arm pain like this is impending doom. I just wish I could shake this feeling.",5,anxiety,"nbalik kba ps sa kaba dhil sa kkbng skt sa braso. Nbalik kba. Ngyn, kkbng skt sa braso nmng umabot mula siko hngg kamay n gngpapalala n. Lgkal kalamn dhil sa ugali ko umasa sa klwang braso, kng utak ptlng sng sbi, ""Ano kng hndi?""",-0.746397852897644,100.0
"Zoloft side effects Took 50mg of Zoloft for the first time about 40 hours ago, and have been feeling extreme brain fog and derealization yesterday and today, and also I feel extremely fatigued and sleepy. I only took one pill but I was wondering if anyone knows how long would it take for these side effects to disappear?",5,anxiety,"Nag-take ako ng 50mg ng Zoloft kahapon, mga 40 hrs na ang nakalipas, at mula kahapon hngn nwn ay nraramdaman kong sobrang uhaw sa utak at prang hindi totoo ang paligid, pati na rin sobrang pagod at antok. Isang lang kinain kong gamot pero gusto kong malaman kung gaano katagal maglalaho ang mga epektong ito.",0.3317019939422607,98.67319202423096
"I hate getting anxiety attacks over small shit. so, just a second ago my phone stopped randomly working. I could open apps but couldnÃÂ¢Ã¢ÂÂ¬Ã¢ÂÂ¢t scroll or do anything once I was in the app.

I got super anxious and was at the verge of TEARS because Im a fucking idiot that was like 
ÃÂ¢Ã¢ÂÂ¬ÃÂoh god now my phones not working now I need to save up money so I can buy a new phone because this phone will never work again!!!ÃÂ¢Ã¢ÂÂ¬ÃÂ

I hate that I get scared for such small things, cause IÃÂ¢Ã¢ÂÂ¬Ã¢ÂÂ¢m tired of getting anxiety attacks over my charger not working for half a second, thinking IÃÂ¢Ã¢ÂÂ¬Ã¢ÂÂ¢ve dropped my keys only to find out theyÃÂ¢Ã¢ÂÂ¬Ã¢ÂÂ¢re in my back pocket or something.

ItÃÂ¢Ã¢ÂÂ¬Ã¢ÂÂ¢s horrible and I want it to stop, right now.",5,anxiety,"ayw kong mkgron ng anx attacks dhl s mlt na bgy. Knina lng, bglng tmgil ang telp ko sa paggana. Mka-opn ako ng apps pero d mka-scroll o mkapaggawa ng hngn kpag nasa loob n ako ng app. Nging sobrang kinakabahan ako at halos umiyak dhl prang tanga ako na ng-iisip ng, ""Oh diyos ko, nd gumagana ang telp ko, kailangan kong mag-ipon para bumili ng",0.2780202031135559,98.88791918754578
"Weird Heart Symptoms I noticed that whenever I stretch or move around in my seat my heart rate jumps from around 70 to over 100 for about 5 seconds, then drops back down. IÃÂ¢Ã¢ÂÂ¬Ã¢ÂÂ¢ve also been having this weird feeling in my chest sometimes when i breathe, and lots of mucus in my nose that has blood in it, even if I didnÃÂ¢Ã¢ÂÂ¬Ã¢ÂÂ¢t have a bloody nose. I also have been hearing blood rushing and ringing in my right ear, especially when itÃÂ¢Ã¢ÂÂ¬Ã¢ÂÂ¢s quiet and iÃÂ¢Ã¢ÂÂ¬Ã¢ÂÂ¢m leaning or bending over. IÃÂ¢Ã¢ÂÂ¬Ã¢ÂÂ¢m not sure whatÃÂ¢Ã¢ÂÂ¬Ã¢ÂÂ¢s wrong with me but I really am scared about my heart, even though iÃÂ¢Ã¢ÂÂ¬Ã¢ÂÂ¢m only 19 iÃÂ¢Ã¢ÂÂ¬Ã¢ÂÂ¢m scared it could be a blood clot in my neck or something. I also wheeze sometimes when I exhale and feel mucus in my chest when i laugh ",5,anxiety,"kakaiba ang naramdaman ko sa pso ko, kpag kmkilos ako o ng-a-jst sa aking pwesto, tmtas ang tbok ng pso ko mula sa halos 70 hngg mahigt 100 s loob ng 5 sndo, saka bmbaba ulit. Msn din, my kakaibang pkiramdm sa dibdib ko kpag hmhinga ako, at mrami akong lway s ilng na my dugo kahit hindi ako ng-ubo ng dugo. Nrhrng ko",-0.8094562888145447,100.0
"Random nosebleed (21F) IÃÂ¢Ã¢ÂÂ¬Ã¢ÂÂ¢ve been having random nosebleeds in the past 3 weeks. ItÃÂ¢Ã¢ÂÂ¬Ã¢ÂÂ¢s happened 3 times for different lengths of time. But itÃÂ¢Ã¢ÂÂ¬Ã¢ÂÂ¢s never enough blood that iÃÂ¢Ã¢ÂÂ¬Ã¢ÂÂ¢ll need to put a tampon or something in my nose. i just blow it a few times and itÃÂ¢Ã¢ÂÂ¬Ã¢ÂÂ¢s usually fine. 
the last time i had nosebleeds was probably in middle school. could this be a sign of something serious ? ",5,anxiety,mga rndm na pagdurugo sa ilong (21 y.o. babae) nkakaroon ako ng mga rndm na pagdurugo sa ilong sa nakalipas na 3 linggo. nyari na ito 3x sa iba't ibang tagal. pero hindi sapat ang dugo para kailangan kong ilagay tampon o anuman sa ilong. pinupunasan ko lng ito ng ilang beses at karaniwan nang maayos na. huling pagkakataon na nagkaroon ako ng pagdurugo 3 days,1.2956840991973877,94.81726360321044
"Flu Fear! Oh boy. It's DEFINITELY that time of the year. The time of year to search all over the internet for articles on flu statistics and reading through the sad cases of people who were killed by it, and subsequently, sending yourself into a spiral of anxiety when you remember the fact that you did not get your flu shot this year.

I've never gotten the flu. I haven't gotten the shot in a few years too, I believe. My doctor asked me if I wanted it a few months ago, but I foolishly said no at the time because I was in a rush to leave. Boy, do I regret it now.
I go back to college in about 2 weeks, and I am stressed. I suppose it's not too late to go get it, but that doesn't quell my anxiety over the fact it's only 10% effective anyway. Jeez.

TLDR; I'm afraid I'm going to be one of those rare cases of someone dying of the flu. I need to stop reading. 
I'm hoping for some solidarity here. Does anyone else have this fear, especially considering this season is supposedly very bad?

",5,anxiety,"takot sa flu! oh boy. tyk na panahon n. panahun para mg-srch sa net ng mga artkl bht flu at basahin ang mga malungkot na kaso ng mga taong namatay dahil dito, at saka mag-panic ka dahil nakalimutan mong magpabakuna laban sa flu ngayong taon. hndi pa ako nagkakasakit ng flu. hndi rin ako nagpabakuna sa loob ng ilang taon, siguro. tanung ako ng doktor ko kung",-0.9021010398864746,100.0
"Lately I'm feeling scared & very anxious thinking about the day for tomorrow's work inspector . Honestly, I'm really scared because I'm not very close to friends, I'm afraid I can't, I'm afraid to disappoint, and if I suddenly remember I cry",5,anxiety,"kmln, nakatakot c sobrang kinabahan ako s pag-isip ng araw ng inspeksyon ng trabaho bkas. Totoo, kinabahan ako dhil hindi ako malapit sa mga kaibigan, nakatakot akong hindi ko kaya, nakatakot akong magdisappoint, at kung bigla akong matandaan ay umiiyak ako.",0.8829772472381592,96.46809101104736
"Advice? Life's become quite hard worrying about heart attacks I'm 19, 6'1 and about 75kg. I've drank loads of energy drinks in my life and I'm a bit lethargic, I don't do anything deliberately to exercise. But I'm not fat and I don't eat too badly and whatever. No family history of heart attacks at all that I know of, just a lot of cancer. But the past 5 months, literally every day I worry I'm having a heart attack. Whenever I get a bit of chest pain I sieze up and think ""Right, this is it"". And I was never a worrier before this, I'm a really confident person, don't mind getting up on a stage at all. Yet I spend a lot of my days worried shitless about heart attacks now. I went to hospital a few months ago and had a lot of tests done and they said they'd found nothing wrong with me. I had an ECG (I think it's called EKG in America?), blood test, chest x-ray, ultrasound in my belly, obviously the doc checked me out with a stethoscope, and they couldn't find anything wrong. Yet the worry didn't go away. Over Christmas it got really bad, I got scared just walking down the stairs thinking it'd kill me. I do get chest pain and I do think it's real and probably happens worse/more frequently to me than most people, but it's probably just indigestion or something, right? I do eat quite a lot of spicy food and I like fizzy drinks. I don't worry much about other things like cancer, I don't worry about them as much as I should. I just worry about heart attacks and suddenly dying. I always feel uncomfortable in my torso and I'm not sure if there's something wrong the doctors haven't found or if if's purely anxiety. I'm not prone to heart conditions or to anxiety, which came first? Which one is real? I feel a pain in my chest and I get a shooting pain down my left arm fairly often, isn't it natural for me to worry about that? I might have a heart condition that's only detectable when I move around and walk and get the heart going a bit more.

Dunno why I worry about silly shit I can't control. All I know is I have to walk 20 minutes to class this morning and I know the whole time I'm gunna be having mini panic attacks thinking any second I'm going to die. I'm not going to die, right?

Tl;dr I'm not at risk of heart attack but I worry about it a lot because I get a lot of chest pain. Doctors can't find anything wrong with me. I'm not usually an anxious person but I worry about this more than I probably should. How do I cope? What's wrong with me?",5,anxiety,"Payo? Napakahirap ng buhay dahil sa pag-aalala ko tungkol sa atake sa puso. Ako ay 19 taong gulang, 6'1 ang taas at mga 75kg ang timbang. Marami akong nainom na energy drinks sa buhay ko at medyo lethargic ako, hindi ako kusang nag-eehersisyo. Pero hindi ako mataba at hindi rin masyadong masama ang aking kinakain. Walang kasaysayan ng atake sa puso sa aking pamilya na alam ko, puro kanser lang",-0.864140510559082,100.0
Scared to death of some wierd symptoms. Greetings. I have extreme health anxeity. For some time i have had troubles with floaters that looked like spiderweb. Recently these past weeks i have also noticed stars in my eyes. They seem to appear randomly and they also move with my eyes similar to floaters. They appear for some seconds then they disapear. I wen't to the eye doctor and he told me that i had PVD or occular migraine. He also told me that my right pupil was smaller then the left one so he called some neurologist and he did some tests but there was nothing wrong with them. But right now im starting to belive that he was wrong and that i have some super rare eye disease or maybe a brain tumor. Should i go back to the doctor or should i take his word that it is nothing serious?,5,anxiety,"Natatakot na ako sa mga kakaibang sintomas. Kumusta. Mayroon akong malubhang pagkabalisa tungkol sa kalusugan. Sa loob ng ilang panahon, mayroon akong problema sa mga floaters na parang lambat ng ahas. Kamakailan lamang, sa nakalipas na mga linggo, napansin ko rin ang mga bituin sa aking mga mata. Parang lumilitaw sila nang basta-basta at kumikilos din sila kasama ng aking mga mata katulad ng mga floaters. Lumilitaw sila nang ilang segundo bago mawala",-0.8173826932907104,100.0
Gotta love anxiety. My hypochondria has actually been in check for the last few months because IÃÂ¢Ã¢ÂÂ¬Ã¢ÂÂ¢ve been so busy and had no time to even think about anything besides school/work. As of lately life has been incredibly stressful and I ended up getting the flu. Due to the stress it caused my period to be late which stressed me even more. Then all the sudden I got a minor ache in my groin area where *i think* the lymph nodes are located. I thought I felt it swollen but couldnÃÂ¢Ã¢ÂÂ¬Ã¢ÂÂ¢t really tell as I was pushing pretty hard to feel something that IÃÂ¢Ã¢ÂÂ¬Ã¢ÂÂ¢m sure my anxiety was/is causing. Anyone have experience with swollen lymph nodes in the groin area? When theyÃÂ¢Ã¢ÂÂ¬Ã¢ÂÂ¢re swollen is it clear and unquestionable that they are? ItÃÂ¢Ã¢ÂÂ¬Ã¢ÂÂ¢s only the left side IÃÂ¢Ã¢ÂÂ¬Ã¢ÂÂ¢m experiencing it. I noticed if IÃÂ¢Ã¢ÂÂ¬Ã¢ÂÂ¢m occupied I donÃÂ¢Ã¢ÂÂ¬Ã¢ÂÂ¢t have any kind of ache. Stupid anxiety. If I could go to the doctor I would. It would ease my fear. But unfortunately money is tight and insurance doesnÃÂ¢Ã¢ÂÂ¬Ã¢ÂÂ¢t come cheap.,5,anxiety,"Dapat mhlln ng pagkabalisa. Ang aking hipocondriya yt lng nasa kontrol sa nakalipas na ilang bwn dahil sobrang abala ako at wala akong oras na isipin ang kht ano mlbn sa paaralan/trabaho. Ngunit kamakailan, ang buhay ay naging napakastres at nagkasakit ako ng trangkaso. Dhl sa stress, naantala ang aking regla na nagdulot pa ng hgt na stress. Tapos bigla akong nakaramdam ng kaunting sakit sa aking lugar ng kili-kili kung",-0.8001353740692139,100.0
"Drawing light pain in right testicle Hi,

I sometimes get a (light) drawing pain in the right testicle. It doesn't hurt a lot but it makes me really nervous sometimes.
It would help me to understand where this may come from.

The right one also sometimes slides into my groin during intercourse or ejaculation. It comes back out rather easily, but is really uncomfortable. Is this normal? Can it be related to the light pain?",5,anxiety,"minsan, naramdaman ko ng isa (mg) na panakit parang hinihila sa kanan balano. d masyadong masakit pero minsan alalahanin ko. gusto ko unawaan kung saan nanggagaling. kanan balano minsan lumipat kili-kili habang nagtatalik o pag-ejaculate. mabilis bumalik pero nakakabingi. normal ba? pwede ba ito may",-0.7861703634262085,100.0
"Absolutely terrified and think I have cancer. I know I shouldn't be posting this but I have gotten myself into such a state. I can't stop crying and hyperventilating, I feel sick, I can't sleep, the list is endless. In February I got a letter from my doctor telling me my urine sample contained a small amount of blood which was not due to infection and I would need to be investigated. Said urine sample was taken about 3 or 4 days after my period ended. I still haven't gone back to the doctor out of fear of being told I have something serious.

However on Tuesday 12th March, I went to the toilet and noticed a significant amount of blood in my pee and I was extremely frightened. My period is due this week however it still hasn't arrived for some odd reason. I'm definitely not pregnant and surely blood in my urine isn't normal. I was hoping this was just spotting due to hormones but I doubt I am that lucky. I'm shaking as I type this. What if it's kidney, bladder, ovarian, or any other cancer? Isn't this the warning sign? I really don't want to die, I've finally found happiness and I'm doing well in life it's just NOT FAIR!!!

&amp;#x200B;

Please tell me blood in urine doesn't always mean cancer???",5,anxiety,"sobrang ntakot ako, akala ko may kanser na ako. alm kng d p dapat i-post to pero sobrang estado ko na. hndi mapakali sa pag-iyak at pag-hyperventilate, naramdamn kong may sakit ako, hndi makatulog, ang dami pang iba. noong Pebrero, n-tangap ko ang sulat mula sa doktor ko na nagsasbi na urine sample ko may kaunting dugo, hindi dahil sa impeksiyon at kailangan akong imbestigahan. ang urine sample",-0.8801789283752441,100.0
"I'm afraid to have any tests done so I don't go to the doctor Hi, things aren't going well  


I don't know if this is health anxiety related but I have a problem with having any tests done. Where it's not health anxiety is that I know I don't live a healthy lifestyle. My cholesterol was 230 in 2015. I haven't been tested since. I couldn't deal with a diagnosis. I barely make it day to day with my depression and yet I've already diagnosed myself with type 2 diabetes, sleep apnea, Grave's disease, sometimes bowel OR colon cancer (sometimes I have bloody stool), a permanent heart defect that I'm convinced I have from taking too much immodium (poor man's methadone) back when I was addicted to opiates. I honestly think I'm dying and I'm only 30. But even though I've been diagnosed with generalized anxiety disorder, I am sure I have most of those things because my body is slowly turning itself on me.  


But I think I'd rather die than be diagnosed with anything. I know that sounds insane but I've battled mental health and then later addiction for most of my life. I don't have enough to live for if I have some terrible disease. There would be no real support network. So I don't want a diagnosis if I know I'd rather die than have to deal with it. :-(",5,anxiety,"nkatawng mpagpgawa ng snglt, kaya d ako pmpunta s dktor. Kusta, d maganda ang klgn ko. D ko alm kung to ay mklmng s pagkabalisa tnggl sa khlsn, ngun mayro'n akong prblm s pagpapagawa ng snglt. Kung saan d to pagkabalisa tnggl sa khlsn, alm kong d ako nabubuhay sa mslusog na pamumuhay. Ang aking kolesterol ay 230 noong 20",-0.829772412776947,100.0
Hi there Anyone up or available? I'm just not doing good right now my anxiety has me feeling like i can't breath and making me feel like my throat is gonna close (yea wierd) I know,5,anxiety,"Kumusta? May gising ba? Hindi ko maganda pakiramdam, anx ay parang hindi ako makahinga, parang sasara lalamunan. Alam ko.",0.3014808297157287,98.79407668113708
It's so restless work,5,anxiety,napkgd ng trbho tto.,0.933672308921814,96.26531076431274
"HereÃÂ¢Ã¢ÂÂ¬Ã¢ÂÂ¢s my story (LONG) Hey, IÃÂ¢Ã¢ÂÂ¬Ã¢ÂÂ¢ve been suffering from health anxiety for years now (4-6yrs). IÃÂ¢Ã¢ÂÂ¬Ã¢ÂÂ¢m 18 now. It all started with me having a tight throat feeling which I have because of GERD (I didnÃÂ¢Ã¢ÂÂ¬Ã¢ÂÂ¢t know at that time), and I searched it up on google and all my symptoms matched thyroid cancer, etc. I got panic attacks, laying in bed for hours searching on google at age 13.  It became so bad that I never went outside. I used to either tell my friends IÃÂ¢Ã¢ÂÂ¬Ã¢ÂÂ¢m sick, or just talk to them over the phone to something. 2014 is when I developed my first real disease, called Visual Snow, symptoms are where you are tiny dots over your vision, like pixels. Luckily IÃÂ¢Ã¢ÂÂ¬Ã¢ÂÂ¢ve managed to ignore that and accepted it as a part of me. 

At age 16 I dropped out of high school because I was unable to wake up in the morning and get ready. Since I dropped out of high school I developed BDD (Body Dysmorphia). It became so bad that I never went out in daylight. I checked the mirrors every 30 minutes, hated my face, etc.  Now IÃÂ¢Ã¢ÂÂ¬Ã¢ÂÂ¢m 18 and have noticed 4 months ago that my tongue twitches in the mirror (fasciculations). I even read ALS patients never feel their twitches in the tongue. Just like me. At this point, I take it as it is. My life will just be anxiety, diseases, problems etc.",5,anxiety,"Ito ang aking kwento. Kumusta, nagdurusa na ako sa pangamba sa kalusugan nang maraming taon na (4-6 taon). Ngayon ay 18 na ako. Nagsimula ito nang may nararamdaman akong tigas sa lalamunan na sanhi ng GERD (hindi ko pa alam noon), at hinanap ko ito sa Google at lahat ng aking sintomas ay tumutugma sa kanser sa thyroid, at iba pa. Nagkaroon ako ng panic attacks, nakaupo sa kama nang maraming oras na

Revised: Ito",1.3740376234054563,94.50384950637816
"Best meds for physical symptoms? My main issues with my anxiety are the physical symptoms I experienceÃÂ¢Ã¢ÂÂ¬ÃÂ¦ brain fog, chest pains, rapid heart rate, and just an overall feeling of dread. They seem to come on randomly with no obvious mental trigger. I wish there were some mental triggers so that I could address them, but that just doesnÃÂ¢Ã¢ÂÂ¬Ã¢ÂÂ¢t seem to be the case.

Anyway, anyone in a similar boat who has found some medication that works for them? I know everyone reacts differently, but would love to hear your thoughts.",5,anxiety,"Anong pinakamabisang gamot para sa pisikal na sintomas? Ang pangunahing problema ko sa aking anxiety ay ang mga pisikal na sintomas na nararamdaman ko... ulap sa utak, sakit sa dibdib, mabilis na tibok ng puso, at pangkalahatang pakiramdam ng takot. Parang bigla na lang sila lumilitaw nang walang malinaw na mental na sanhi. Sana may mga mental na sanhi para maresolba ko sila, pero tila hindi iyon ang kaso.",0.3248752355575561,98.70049905776978
Seems like every time I want to sleep I'm worried like I can't sleep,5,anxiety,"prng twng gsto kng mtlpg, ng-aalala k na baka hndi k mktulog.",0.9556601047515868,96.17735958099364
"One nostril starting to swell up This started yesterday morning. I had dreams of having a sinus infection and one nostril has been clogged ever since. It doesnt change from one side to the other like typical congestion. 

Ive used some oxymethoziline and zicam but the top part of my nostril is still clogged. It feels like somethings stuck in there. Ive used my neti pot 3-4 times since then but nothing comes out. No mucus, no pressure just a nagging swelling.

Is this just a common cold coming on? Nasal Polyps? I really dont wanna go see an ENT because I just saw one 3-4 months ago for allergies and they said my sinuses were healthy.

If I lift up my nose and look inside it seems like the top of my nostril is more swollen on one side then the other.",5,anxiety,Mayroon akong sakit sa ilong at parang may nakakabit doon.,-0.7958019375801086,100.0
"How often do you take benzos? I am not able to function without it I am only able to focus when I take 5mg Valium. I am then able to drive and work again. 
I only take it once or twice a week but I am thinking about upping it a little cause itÃÂ¢Ã¢ÂÂ¬Ã¢ÂÂ¢s the only time i can be productive and get out of my mess.",5,anxiety,pauwi n q.,0.2734908163547516,98.906036734581
Anjir worried I was too much,5,anxiety,"ayoko, ntkt kot sobrn ako.",0.8895692825317383,96.44172286987305
"Anticipatory anxiety ruined my chance at a vacation. I'm so tired of trying to fly and failing. 28M.

I've had a lifelong fear of flying that feel well-prepared to take head-on, especially the fear I've had around taxiing and takeoff. I've flown before, but it's gotten harder to get through the process without running out of the airport dizzy, panicked and overwhelmed by guilt in the past few years.

Specifically, I took a program called SOAR designed to help fearful flyers manage their fight/flight responses around takeoff and aviophobia, or *fears when the plane is in the air.* I felt confident in the last few weeks that I could do this. 

But as I lay on my side writing this, I realize I was completely unprepared for the anticipatory anxiety ahead of the flight.

I woke up at 4 am this morning in a cold sweat. My extremities were numb. I couldn't get a 10-minute patch of sleep in without my stomach seemingly twisting into knots. The last 17 hours has been a waking nightmare of existing in a moderate to strong panic attack state. My appetite is nonexistent. I'm barely able to drink water. Every nerve in my body is screaming at me to tell my friends that I can't go on the spring break trip we planned.

It's crazy, I'm a grad student and I have never felt as tired as I do now just spending this day holding myself back from tears and a full breakdown. 

I'm so tired that a beach doesn't sound nice right now. I just want to curl up in my bedroom with no direct sunlight, to sleep, to cry, to indulge in self-hatred for having a response this extreme to something so commonplace in life for a lot of people. A vacation is the one thing I need right now, but trying to take one via flying has destroyed me. I'm lucky that I had nothing to do today, because it was not going to get done. 

I don't know if this thread is a message in a bottle, but it helps to get it out. If anyone has been in a similar situation, I'd love to hear it.

I still want to fly, deaparately. It's one of the big things keeping me from living my life on my terms. But having to spend almost 48 hours in utter hell is not worth it.",5,anxiety,"ang pangamba b4 lumipad syra na akng bakasyon. napagod n subukan lumipad, nabigo. 28yrs old ako. matagal ko nang kinatatakutan paglipad, pero hnd ako titigil. lalo na takot sa taxi at takeoff. naglipad na ako, pero mahirap makalusot w/o nahihilo, pumiglas, napapagod.",0.2038955092430114,99.18441796302795
"Dr. Ravishankar Polisetty | Top Ayurvedic Doctor in India ## [Dr. Ravishankar Polisetty | Top Ayurvedic Doctor in India](http://drravishankarpolisetty.com/)

**Dr. Ravishankar Polisetty** is one of the **Top Ayurvedic Doctor in India****.** A Cardiovascular Surgeon cum NaturopathDr. Ravishankar Polisetty developed many advanced methodologies through an integrative approach to manage diseases like IHD, arthritis, allergies, asthma, calculi in various organs and some forms of cancer.

For appointment  
Visit our website:- [http://drravishankarpolisetty.com/](http://drravishankarpolisetty.com/)",5,anxiety,"si Dr. Ravishankar Polisetty isa nangungunang Ayurvedic Dr sa India. Bilang Cv Surgeon & Naturopath, bumuo Dr. Ravishankar Polisetty ng maraming advanced methodologies thru integrative approach 2 manage sakit tulad IHD, arthritis, allergies, asthma, calculi sa iba't ibang organo & ilang anyo ng kanser. Para sa appointment, bisitahin website: [http://drravishankarpolisetty.com/](http://dr",-0.7739036083221436,100.0
"Weird rash Ugh. I've been really good about my health anxiety lately, but now I get random rashes. I showed my doctor pictures of them last month, and he said they were vascular rashes, and to just call and make an appointment if they happen again. I made an appointment for today, but I'm nervous. They're such weird rashes. I thought they were something with my cycle because the last two times I got them, it was while I was on my period. But I got it again today, and I'm not on my period, so idk what's going on. I went to the allergist a few months ago and don't have food or environmental allergies, so idk what else there is. ",5,anxiety,"kakaibang pantal Ugh. Pag-aalaga sa kalusugan ko nmn mabuti, pero ngayon rashes. Ipinakita ko sa doktor pic noong nakaraang buwan, vascular rashes daw. Tawagan lng kung mangyayari ulit. Nag-schedule ako ng appointment ngayon, kinakabahan ako. Napaka kakaibang pantal. Akala ko kinalaman sa sik",-0.7799558639526367,100.0
"I have really bad door anxiety! It's not about being scared I didn't lock the door or something, I'm just really scared of opening doors the wrong way or turning a key the wrong way in front of people or pushing instead of pulling and viceversa, it's honestly debilitating because i feel like I'm gonna die everytime I have to open a door. I wondered if anyone else has the same problem and how to fix it if possible.",5,anxiety,"talagang mlybhng pgkblxsa ako s pgbbks ng pnto! hndi dhl nktakt kot hndi ko to nkasra o ano, kundi dhl sobrang nktakt akong mgbks ng pnto nang mli o mg-kt ng ssi nang mli s hrpn ng mga tao o pilitn ang pghila o kblgtran, ttoo n nga nkakbg n parang mmty ako twng kailangan kong bksn ang pnto. Ngtntng ako kung my iba pang",0.2590532600879669,98.96378695964812
"Why do I feel weak and sick all the time? Freaking out for a month now. Bloodwork/uralysis results: https://imgur.com/a/divyBwV

**Please click on the images and expand them before claiming they are too blurry to read.  Thank you.**

Bilirubin was elevated, but he said it was just Gilbert's syndrome?  He is my new family doctor (Canada).  Old family doctor would have done all sorts of clinical examination (feeling abdomen for things, listening to abdomen with stethoscope, neurological testing etc.), but new doctor barely looks at me.

Daily fatigue began last March, improved somewhat in September, then worsened again in January.  I've been experiencing the following symptoms for the past month+:

* Muscle weakness - hands and legs feel shaky and uncoordinated, worried I'm going to drop glasses when I pick them up to drink, legs shake while I'm walking up and down stairs, etc.  Worsens with exertion.
* Left hand feels weaker than right, and sometimes has pins and needles sensation.
* Extreme drowsiness
* Brain fog
* Flushing in legs, chest, head, and what feels like rapid temperature fluctuations from cold to warm.
* Lower left abdominal pain and discomfort.
* Nausea and dizziness
* Feel very hungry much of the time, often shortly after eating.  Gnawing feeling of hunger.
* Seem to never gain weight despite eating 4 meals a day.
* Mild urine retention due to tight bladder neck (began 2+ years ago, diagnosed via cystoscopy in November)
* Infrequent sharp pain near anus/rectum
* Very twitchy eyelids - Initially it was only my right eyelid, but now my left eyelid twitches as well as eyebrow and upper cheek on right side.

Stool is mostly normal, but:

* Undigested bits of food in stool
* Feel like bowels aren't completely voided, but can't push the rest out.  Feeling goes away after wiping.
* Stool sometimes broken up into large chunks instead of one long stool
* Stool sometimes thin and stringy

Symptoms can be up and down, but mostly down, and seem to correlate with food on some level, although I can't figure out any meaningful pattern.  I am unsure which symptoms are connected and which are not.  The fatigue and weakness worsens with exertion, even just going for walks, making exercise difficult.  

I am a 30 year old male.  I weigh 120-125lbs, and height is 5""6.  I haven't had alcohol in over 4 years, and I've never been a heavy drinker.  I eat reasonably healthy meals, and still maintain a reasonably high appetite in spite of these symptoms.

Most distressing symptom by far is the fatigue and weakness.  Can barely keep eyes open sometimes, and it can feel like I'm tied to a ball and chain.

I had an ultrasound and liver workup, in addition to the bloodwork above, which were apparently normal.

Doctor believes I have somatic issues related to anxiety and refuses to do additional testing or refer me to any specialist.  I cannot find a new doctor, because there is an extremely long waiting list for family doctors.  While I begged him for more investigation he practically sat there laughing at me and told me to go find another doctor if I wasn't happy.

I am worried, and my quality of life is suffering.  Should I just keep going to the hospital until they agree to investigate?  What should I do?",5,anxiety,"bakit ako lgi nkka-ramdam ng kahnan at skt? nag-aalala na ako ng isang buwan na. Resulta ng pagsusuri ng dugo/uralysis: https://imgur.com/a/divyBwV. Mangyaring i-click ang mga larawan at palawakin ito bago sabihin na masyadong malabo basahin. Salamat. Mataas ang bilirubin, pero sinabi niya na dahil lang sa Gilbert's syndrome? Siya ang aking bagong doktor ng pamilya (Canada). Ang dating",-0.8433570265769958,100.0
"Prescribed Propranolol(Inderal) So I was prescribed this medication a few weeks ago to go with my mirtazapine for anxiety and my irregular heart rate. Has anyone taking this medication seen a change in their menstrual cycle? IÃÂ¢Ã¢ÂÂ¬Ã¢ÂÂ¢ve been clockwork every 29-31 days for years. Currently 5 days late, took a test, negative. That medication is the only thing I changed, and my pharmacist said it typically doesnÃÂ¢Ã¢ÂÂ¬Ã¢ÂÂ¢t cause that. I feel like IÃÂ¢Ã¢ÂÂ¬Ã¢ÂÂ¢m the only one whoÃÂ¢Ã¢ÂÂ¬Ã¢ÂÂ¢s had this issue ÃÂ°ÃÂ¸ÃÂÃ¢ÂÂ¦thank you!",5,anxiety,"inres sa akin propranolol (Inderal) lng lwgo p ng mirtzapine pr pagkabalisa at hindi reg tibok ng puso. nakita na b pagbabago sa menstrual cycle ng mga gumagamit nito? matagal ko na reg tuwing 29-31 araw. ngayon 5 araw late, nagpa-test negatibo. tngin nabago gamot to, at sinabi",0.2550753951072693,98.97969841957092
My dog got Lepto and now IÃÂ¢Ã¢ÂÂ¬Ã¢ÂÂ¢m afraid I will have it. My dog contracted Lepto infection or WeilÃÂ¢Ã¢ÂÂ¬Ã¢ÂÂ¢s disease and IÃÂ¢Ã¢ÂÂ¬Ã¢ÂÂ¢m so worried about my dog because itÃÂ¢Ã¢ÂÂ¬Ã¢ÂÂ¢s life threatening to him. The vet told me she has an obligation to tell me it could be transferred to humans. I looked up the symptoms and I donÃÂ¢Ã¢ÂÂ¬Ã¢ÂÂ¢t have them but I am still nervous. Last time I had my blood checked I passed out and I am really nervous to do it again. I am pretty sure I donÃÂ¢Ã¢ÂÂ¬Ã¢ÂÂ¢t have it because I donÃÂ¢Ã¢ÂÂ¬Ã¢ÂÂ¢t have the symptoms (which says a lot for someone who has health anxiety).,5,anxiety,"nagkasakit ng Lepto, ang aso ko, at ngayon, natatakot ako na mahawa rin ako. Lepto infection o Weil's disease ang aso ko, at lubos akong nag-aalala dahil nakamamatay ito sa kanya. Sinabi ng beterinaryo na may obligasyon siyang sabihin sa akin na ito ay maaaring maipasa sa tao. Tiningnan ko ang mga sintomas at wala akong nararamdaman ngunit nananatiling kinakabahan ako. Noong huling pagkakataon na pinag-aralan ang aking dugo,",-0.8884367942810059,100.0
"How do we know that it is SVT rather than VTach? Very rarely, I will have these 5 to 10-minute episode of sudden high heart rate, above 180. I learned that this is may be SVT.  I have already seen a cardiologist and she did all sorts of tests and concluded my heart is structurally normal and there is no worry. But no test has ever been able to catch these rare ""racing heart"" issue of mine. I have had these since I was a kid, decades ago. And I do have them every couple of months or sometimes there will be 1 or 2 years between ""attacks"". No other symptoms except the racing heart which feels like it's ""lightly beating"" so fast (I once counted up to 200+ bpm). On Holter the ""worst"" they caught was a few isolated PACs.

&amp;#x200B;

Now I have been reading about VTach and this seems to be dangerous kind of arrythmia because there is a chance if can go to Vfib. Yeah, we anxiety sufferers are a hypochondriac bunch.

&amp;#x200B;

So how do I know what I have all along is NOT VT? Now I am so afraid to be left alone and so afraid of those attacks whereas before I learned about VT, I did not mind them too much as my cardiologist assured me I am okay. But now, I am always thinking what if these are SUSTAINED VT rather than a more benign tachycardia??",5,anxiety,"Paano natin malamnan na SVT ito at hindi VTach? Napakbihirang, minsan 5-10 min episode ng biglang mataas na tibok ng puso, higit sa 180. Natutunan ko pwedeng SVT. Nakita cardiologist, nagsagawa ng pagsusulit, normal puso ko, walang dapat ipag-alala. Walang pagsusulit nakakakuha ng",1.2653881311416626,94.93844747543336
"Mental Health Community for Men [https://www.reddit.com/r/TheMensCooperative/](https://www.reddit.com/r/TheMensCooperative/)

&amp;#x200B;

I have started this community for men dealing with loneliness, depression, anxiety. I will be sharing services people can access and also building a group where people can just talk to others in the same situation. 

&amp;#x200B;",5,anxiety,"Nagsimula ako ng komunidad para sa mga lalaki na nakakaranas ng kalungkutan, depresyon, at pag-aalala. Bbgy ko ang mga sbisyo ma-access ng mga tao at itatayo rin ang isang grupo kung saan mkipg-usap ang mga tao sa iba na nasa parehong sitwasyon.",-0.7284939289093018,100.0
Can you graduate with an anxiety disorder? Any success stories? I am struggling.,5,anxiety,mkapagtapos k bg may krdaman sa pagkabalisa? my kwentng tagumpay ba? nhhirap ako.,0.2857535779476166,98.85698568820952
Pain in front of neck? Thyroid? Cancer? IÃÂ¢Ã¢ÂÂ¬Ã¢ÂÂ¢m legitimately freaking out. I have no health insurance and wonÃÂ¢Ã¢ÂÂ¬Ã¢ÂÂ¢t for a couple months and I woke up this morning and noticed it hurt to bend my neck upwards. And I pressed where your thyroid is. Where I would have an AdamÃÂ¢Ã¢ÂÂ¬Ã¢ÂÂ¢s apple if I were a guy and it hurt so bad. ItÃÂ¢Ã¢ÂÂ¬Ã¢ÂÂ¢s extremely tender and sore and every position I can feel it. Almost like itÃÂ¢Ã¢ÂÂ¬Ã¢ÂÂ¢s tight. I canÃÂ¢Ã¢ÂÂ¬Ã¢ÂÂ¢t tell if thereÃÂ¢Ã¢ÂÂ¬Ã¢ÂÂ¢s a lump or anything but the pain scares me. It really is sore and like a 6 on pain scale. Everything IÃÂ¢Ã¢ÂÂ¬Ã¢ÂÂ¢ve read is saying get it checked it out and could be cancerous. I donÃÂ¢Ã¢ÂÂ¬Ã¢ÂÂ¢t know what to do or what to think. HavenÃÂ¢Ã¢ÂÂ¬Ã¢ÂÂ¢t had a health scare in over a year and now I canÃÂ¢Ã¢ÂÂ¬Ã¢ÂÂ¢t even function. ,5,anxiety,"masakit bg leeg ko sa hrp? Thyro? Kanser? Ntatakot n ako ng totoo. Wlang hsth insurence ako nwn at wla rn sa susunod na ilang bwn, at nang magising ako knina, naramdaman kong masakit ang pag-ikot ng leeg ko pataas. Pinisil ko ang lugar ng thyro ko, kung saan sana may Adam's apple kung lalaki ako, at sobrang sakit. Napa-sensitive at masakit, nararamdaman ko ito sa lahat ng posisyon",-0.8592749834060669,100.0
"Feeling Sick triggers anxiety and depression I have been finally getting better after starting therapy and the new med. However, my whole family is sick and I finally got sick after a 2 weeks of being surrounded by them. 

My anxiety has increased and my mood is worse, been feeling like I am going to relapse and get back to the old anxious and depressed me, but deep down I know I won't relapse. I did notice it is only in the morning and it only has been happening this week. 

Is it normal to feel more anxious and have more depressed thoughts when you are sick.",5,anxiety,"Ang pagkaskit ay nagdldlt ng pgkabalisa at depresyon. Nggng mayos na ako pagkatapos mgsimula ng thrp at bgw gamot. Ngunit, ang bng pamilya ko ay may sakit at ako rin ay ngkaskit matapos ang dhlang linggo ng pgng paligid nila. Lalong tumaas ang aking pgkabalisa at mas masama ang aking pakiramdam, prang babalik ako sa dati kong anxious at depressed na sarili, ngunit sa aking kaloob-looban alam kong hindi ako",0.2568370699882507,98.972651720047
"pea sized lump on groin area? iÃÂ¢Ã¢ÂÂ¬Ã¢ÂÂ¢m a 20 year old female, and just now i noticed a pea sized lump on my groin (the ÃÂ¢Ã¢ÂÂ¬ÃÂcrease areaÃÂ¢Ã¢ÂÂ¬ÃÂ where my thigh and lady parts meet). it isnÃÂ¢Ã¢ÂÂ¬Ã¢ÂÂ¢t painful nor itchy, however it is a little firm. i am sure that it just appeared today.

googling the symptoms are only giving me vague and ambiguous answers. does anybody know if this could be serious?",5,anxiety,"Maliit na bukol s kili-kili? Babae 20, npsn ko knina maliit na bukol s kili-kili (sulyap hita babae). Dtl masakit, medyo matigas. Sigurado lumitaw lng ngayon. Ggl sgn ng malabo.",1.2682204246520996,94.9271183013916
"I canÃÂ¢Ã¢ÂÂ¬Ã¢ÂÂ¢t even vent to my friends and family anymore because theyÃÂ¢Ã¢ÂÂ¬Ã¢ÂÂ¢ll definitely think IÃÂ¢Ã¢ÂÂ¬Ã¢ÂÂ¢m crazy :( I have terrible anxiety from exams. Especially after the exam is over, I make scenarios in my head like IÃÂ¢Ã¢ÂÂ¬Ã¢ÂÂ¢m going to fail or get accused of cheating by the monitor because they told me to stop talking twice. This time, I forgot to write down the time I came back from the bathroom (they have this paper we have to write when we left and came back from the room). Usually they write the time after we give ID but this time for some reason we had to do it all. I did write down the time I got out but I didnÃÂ¢Ã¢ÂÂ¬Ã¢ÂÂ¢t write down the time I came back (left twice and yup forgot twice). Usually we donÃÂ¢Ã¢ÂÂ¬Ã¢ÂÂ¢t have to do this so thatÃÂ¢Ã¢ÂÂ¬Ã¢ÂÂ¢s why I forgot. IÃÂ¢Ã¢ÂÂ¬Ã¢ÂÂ¢m worried this might get me in trouble because thereÃÂ¢Ã¢ÂÂ¬Ã¢ÂÂ¢s no way they can know the time I actually came back to the exam roomÃÂ¢Ã¢ÂÂ¬ÃÂ¦ ugh I know itÃÂ¢Ã¢ÂÂ¬Ã¢ÂÂ¢s dumb but dammit if they notice this it might actually get me in trouble ÃÂ°ÃÂ¸ÃÂ¤ÃÂ¦ÃÂ°ÃÂ¸ÃÂÃÂ»ÃÂ¢Ã¢ÂÂ¬ÃÂÃÂ¢Ã¢ÂÂ¢Ã¢ÂÂ¬ÃÂ¯ÃÂ¸ÃÂÃÂ°ÃÂ¸ÃÂ¤ÃÂ¦ÃÂ°ÃÂ¸ÃÂÃÂ»ÃÂ¢Ã¢ÂÂ¬ÃÂÃÂ¢Ã¢ÂÂ¢Ã¢ÂÂ¬ÃÂ¯ÃÂ¸ÃÂÃÂ°ÃÂ¸ÃÂ¤ÃÂ¦ÃÂ°ÃÂ¸ÃÂÃÂ»ÃÂ¢Ã¢ÂÂ¬ÃÂÃÂ¢Ã¢ÂÂ¢Ã¢ÂÂ¬ÃÂ¯ÃÂ¸ÃÂ",5,anxiety,"hindi ko na kng kyng ilabas ang aking nramdaman sa mga kbygan at pmya ko dhl tkyk silang aklng bwlw na ako :( npakaskt ng aking kba dhl sa mga pgssulit. Lalo n pagkatapos ng pgssulit, iniisip ko ang mga stwasyon na baka mbgo ako o mksuhan ng pg-chating ng tga-bnty dhl dwlng beses akong sbihan na tmgil sa pg-uusap. Ngyn, nklmttn",0.2263470888137817,99.09461164474487
"Can't stop worrying of the flu/pneumonia? Every time I wake up in the middle of the night, it feels like I'm in a nightmare where a world exists that little kids and children are randomly dying of the flu. It breaks me heart and of course since i have this bad sore throat and coughs I'm convinced I have pneumonia now. Does anyone else have this problem of taking what other people have and making it yours? It'd just scare to think since everyone gets the flu so it'd not like it's rare or anything, that's the scariest part. Anyway I'm going to try to close my eyes and pretend I'm in a different place ",5,anxiety,"hnd maawat pag-aalala ko s trngkaso/pneumonia? twng gising ako sa gitna ng gabi, prang nasa masamang panaginip ako kung saan umiiral ang isang mundo kung saan mga bta ay biglang namatay dahil s trngkaso. Nakakabigat sa puso ko at syempre dhil mayroon akong mskit na lalamunan at ubo, naniwala akong mayroon na akong pneumonia. Mayroon bang iba pang nakakaranas ng gntong prblma na kinuku",-0.6639424562454224,100.0
"Ridiculously anxious about my teeth itÃÂ¢Ã¢ÂÂ¬Ã¢ÂÂ¢s making me miserable. Hi everyone. This is my first post here. IÃÂ¢Ã¢ÂÂ¬Ã¢ÂÂ¢ve had health anxiety for around 3 years now but have only just joined reddit and thought IÃÂ¢Ã¢ÂÂ¬Ã¢ÂÂ¢d search to see if such a subreddit exists and it does. 

So yeah, IÃÂ¢Ã¢ÂÂ¬Ã¢ÂÂ¢ve had HA for 3 years. It was severely bad 3 years ago, I had a lot of stress going on but I managed to get it under control. I used to be so bad, any pain or symptom I panicked and I canÃÂ¢Ã¢ÂÂ¬Ã¢ÂÂ¢t even count the amount of times I called 999 or 111 (IÃÂ¢Ã¢ÂÂ¬Ã¢ÂÂ¢m in the UK) and had ambulances come out for me. I was at the doctors almost 3 times a week. 

Everything has been fine until recently, under a lot of stress again. A lot of uncertainty in my life and may have to uproot and leave my home (for like the 15th time in the past 3 years). Ever since the stress, the HA has crept back in. Right now, IÃÂ¢Ã¢ÂÂ¬Ã¢ÂÂ¢m petrified and convinced that IÃÂ¢Ã¢ÂÂ¬Ã¢ÂÂ¢m going to lose my two front teeth. 

I havenÃÂ¢Ã¢ÂÂ¬Ã¢ÂÂ¢t been to see a dentist in the last 5 years since they gave me 2 fillings and I had such excruciating pain afterwards for a few months whenever I drank or ate something too hot or cold I had awful pain up the side of my face. Something as simple as changing my tooth paste fixed it and I havenÃÂ¢Ã¢ÂÂ¬Ã¢ÂÂ¢t had it since. But I havenÃÂ¢Ã¢ÂÂ¬Ã¢ÂÂ¢t been in 5 years and I think that itself is what scares me. IÃÂ¢Ã¢ÂÂ¬Ã¢ÂÂ¢m not even registered at a dentist, IÃÂ¢Ã¢ÂÂ¬Ã¢ÂÂ¢m going to call round tomorrow morning to register. 

My problem is, I am convinced that my 2 front teeth wobble. Well not wobble, but they definitely move if I hold onto the tooth with my thumb and index finger and try to move each tooth. I can ever see it in the mirror (I think). ItÃÂ¢Ã¢ÂÂ¬Ã¢ÂÂ¢s only slight and itÃÂ¢Ã¢ÂÂ¬Ã¢ÂÂ¢s not wobbling or twisting or anything like that. But thatÃÂ¢Ã¢ÂÂ¬Ã¢ÂÂ¢s enough to have convinced me that IÃÂ¢Ã¢ÂÂ¬Ã¢ÂÂ¢m doomed and my teeth will fall out.  I smoke so I think thatÃÂ¢Ã¢ÂÂ¬Ã¢ÂÂ¢s contributing to the fear. Plus I suffer from depression so I havenÃÂ¢Ã¢ÂÂ¬Ã¢ÂÂ¢t brushed as often as I should because I neglect myself. 

Has anyone else had any similar issues in relation to anxiety about their teeth? Are teeth supposed to move if you try to move them with your fingers? I did a google search (awful I know, I promised myself I would stop doing this) and all the results were about gum disease or forums where people put as the header ÃÂ¢Ã¢ÂÂ¬ÃÂI lost my front teeth!ÃÂ¢Ã¢ÂÂ¬Ã¢ÂÂ¢ So thatÃÂ¢Ã¢ÂÂ¬Ã¢ÂÂ¢s terrified me even more. 

My gums seem fine, they donÃÂ¢Ã¢ÂÂ¬Ã¢ÂÂ¢t hurt, they arenÃÂ¢Ã¢ÂÂ¬Ã¢ÂÂ¢t red. They bleed when I brush sometimes but thatÃÂ¢Ã¢ÂÂ¬Ã¢ÂÂ¢s when im really rough at brushing. If IÃÂ¢Ã¢ÂÂ¬Ã¢ÂÂ¢m gentle and brush properly, no blood. IÃÂ¢Ã¢ÂÂ¬Ã¢ÂÂ¢m so terrified IÃÂ¢Ã¢ÂÂ¬Ã¢ÂÂ¢m already acting like theyÃÂ¢Ã¢ÂÂ¬Ã¢ÂÂ¢ve fallen out. Ive even been thinking that I wish they would just fall out at least then I could be like okay, so now I need to get this sorted. But the whole worrying that it might happen is a nightmare. IÃÂ¢Ã¢ÂÂ¬Ã¢ÂÂ¢ve been spending the past week either crying uncontrollably or sleeping so I donÃÂ¢Ã¢ÂÂ¬Ã¢ÂÂ¢t have to think about it. That is of course unless I have a dream where my teeth fall out which I dream about quite frequently. 

Sorry that this is so long. IÃÂ¢Ã¢ÂÂ¬Ã¢ÂÂ¢ve never really spoken about my HA before. Nobody ever seemed to get it and my doctor is in no way supportive or understanding, just acts like IÃÂ¢Ã¢ÂÂ¬Ã¢ÂÂ¢m annoying them. My family donÃÂ¢Ã¢ÂÂ¬Ã¢ÂÂ¢t get it either. My mum actually told me I was deranged when I was in the middle of an intense panic attack a few years back. 

Thank you all for reading. I hope that everyone is well. Any responses will be greatly appreciated. ",5,anxiety,"sobrng knakabhan ako sa ngpn, prang ndrusa n ako. kusta sa inyng lht. to ang unang post dto. mayroon akong hlth anx my tatlong yn na, pero ngayon lng ako sumali sa reddit n naisip kong hnpn kung my gntong subreddit at mrn pala. Kaya oo, myroon akong HA ng tatlong yn. napaka-seryoso nito noong tatlong yn na ang nakalipas, maraming stress ang aking pinagdadaanan pero napagtagumpayan kong kontrol",-0.8511002063751221,100.0
"I can't remember a day when I wasn't worried about dying... Hi all:

I'm a 26yo male that's been suffering from health anxiety for pretty much ever it seems. I've run the gauntlet of tests, doctor visits, and scans with my results always coming back negative, yet I'm never satisfied. I always have this sneaking suspicion I'm the 0.1% that is sick and doctors cannot diagnose.

For the past 2.5 years I've had a swollen lymph node ~1cm on the side of my neck, and lower on my neck I can feel multiple squishy, tinier lymph nodes. I've had ultrasounds many times, and even a biopsy for a swollen node in my groin that came back negative for anything strange. Today I found a swelling in my armpit and now I'm in crisis mode once again.

Every day with this feels like a battle; I must constantly convince myself that I'm healthy when deep down, part of me believes I'm not. Every time I think I've made progress it all comes rushing back in like the tide and I'm completely derailed again. I'm so fed up with this and it's clearly no way to live. I never think about the future at all because I can't picture lasting long enough to have a future.

I know this is kind of a rambling wall of text, I just needed to get this out somewhere because everyone I talk to in my personal life just tells me what to do to feel better. To change my thoughts, to eat healthier, to be more active, yet when these thoughts occur it's like I'm completely overwhelmed and I don't feel like I have a choice.

I guess that's it.",5,anxiety,"Hindi ko mtatndn ng isang araw na hindi ako nag-aalala sa pgkamatay... Kumusta sa inyong lahat: Ako ay isang 26 taong gulang na lalaki na nagdurusa mula sa pangamba sa kalusugan halos magpakailanman. Nagpunta na ako sa iba't ibang pagsusulit, konsultasyon sa doktor, at mga pag-scan kung saan ang mga resulta ko ay palaging bumalik na negatibo, ngunit hindi ako kailanman nasiyahan. Lagi akong may kakaibang hinala",-0.7372924089431763,100.0
"Anxiety over oral cancer A little over a week ago I noticed that I was having some pain in my mouth when eating so I looked to see that I have what looks like a bit of red bump/lump in the upper back corner. I've been brushing and rinsing it out with mouth wash for almost a week and while it feels like it's gotten somewhat better it still hasn't gone away and still have this kinda heavy like feeling on the side of my mouth.

I'm starting to now have anxiety it could be something more serious like oral cancer. I do brush and rinse regularly and smoked smoked socially, but quit earlier this year. I'm only in my early twenties so the chance of it being something serious isn't likely, but it's still freaking me out. I would go to a dentist, but I am at college in a really small town and there isn't one here as far as I know and I don't know if a regular doctor would be able to do much. Has anyone else ever had anything like this?",5,anxiety,"nag-aalala k kng sa posibl kanser bibig. Ng isang linggo, npsn ko my sakit bibig ko kpag kumakain kaya tngn ko at nkit ko my pulang bukol likod itaas. Pinpunasan ko ito at nlalagyan mouthwash halos isang linggo at kahit medyo gumanda pakiramdam, hindi pa rin nawawala at my mabigat pakiramdam pa rin sa gilid bibig ko. Nagsisimula akong",-0.8310031890869141,100.0
"I feel so restless, why?",5,anxiety,bkit ako gnto kblnsa?,0.8769361972808838,96.49225521087646
Taking 4 year expired Fish Oil Hi. By mistake I took one capsule of expired fish oil that expired in sept 2014. IÃÂ¢Ã¢ÂÂ¬Ã¢ÂÂ¢ve done some research online and am now extremely terrified. What will I come to expect and when should I seek medical help?,5,anxiety,n-inom k ng isang kpsla ng isda lngs xp d nby 2014 dhl sa pagkakamali. n-rsch ako ln at nwn sobrang natatakot n k. Ano dapat kong inaasahan at kailan humingi ng tulong medikal?,-0.6979691982269287,100.0
"C19 I was just wondering if anyone is paranoid about C19?

I am still masking up, trying to keep my distance and washing and anti-baccing my hands like its going out of fashion.",5,anxiety,"Ngttaka lng ako kung myron b ng-aalala pa kng C19?  Ptlng sgt suot maskara, sbyang mntn distansya, n glns at nag-abtng kmy ko prang uso na to.",0.3472962975502014,98.6108148097992
"So does anyone else have, like, anxiety nightmares? IÃÂ¢Ã¢ÂÂ¬Ã¢ÂÂ¢m not sure what to call them but theyÃÂ¢Ã¢ÂÂ¬Ã¢ÂÂ¢re like nightmares but itÃÂ¢Ã¢ÂÂ¬Ã¢ÂÂ¢s not spooky scary or someone dying nightmare itÃÂ¢Ã¢ÂÂ¬Ã¢ÂÂ¢s just you in an uncomfortable situation and you have a complete anxiety attack and everyone judges you for it and insults you for being weak and all your insecurities are multiplied 

I get these kinda often and IÃÂ¢Ã¢ÂÂ¬Ã¢ÂÂ¢m genuinely curious if itÃÂ¢Ã¢ÂÂ¬Ã¢ÂÂ¢s normal or an anxiety thing or if itÃÂ¢Ã¢ÂÂ¬Ã¢ÂÂ¢s abnormal",5,anxiety,"mryng bng iba nkaranas ng mga panaginip na pno ng pgkabalisa? Dko alm kung pano tawagin pero prang mga bangungot pero hindi yung nakatakot o my namamatay, kundi ikaw lng nasa isang hindi komportableng sitwasyon at my ganap na atake ng pgkabalisa, at lht ay humuhusga at naninirang puri sa iyo dahil sa kahinaan mo, at lht ng iyong mga kahinaan ay lumalaki. Madalas akong nkaranas nito",0.3020226061344147,98.79190957546234
"I am in a phase where I am worried about the future, but we must leave positive thinking and trust everything to God while trying and praying for the best results.",5,anxiety,"Nasa yugto ako nwn na nag-aalala kng knbkasan, kundi dpt tng mnlt sa postiv pg-iisip at ipagtwla ang lht kay Diyos habang snsbyan at nnnlnngn prang pinakamagandang rsulta.",0.8734573125839233,96.5061707496643
restless restlessness haunts self,5,anxiety,ang pagkabalisa c kawalan ng katahimikan ym sirs sa sarili.,0.8515568971633911,96.59377241134644
"Is it me or is it the T? This is something i have noticed on the T and as much as i am grateful for it, the imposter in me is asking questions. 

Today is my ÃÂ¢Ã¢ÂÂ¬ÃÂlets be anxious about absolutely everythingÃÂ¢Ã¢ÂÂ¬ÃÂ day. So, we are on the subway and no one sat beside me. Like i said. Super grateful cuz i hate people in my ÃÂ¢Ã¢ÂÂ¬ÃÂsafe spaceÃÂ¢Ã¢ÂÂ¬Ã¢ÂÂ¢ but i also am offended that no one sat beside me? Like what kinda hypocrisy is this. Is it the same for everyone? Ugh idk.",5,anxiety,"Ako b o ang T? Ito ay isang bagay na npnsn ko sa T at kht na ngpasalamat ako dito, ang impostor sa akin ay ngtatanong.

Ngayon ay ang aking ""mg-alala tayo tungkol sa lahat ng bagay"" na araw. Kaya, nasa subway tayo at walang umupo sa tabi ko. Tulad ng sinabi ko, sobrang ngpasalamat ako kasi ayaw ko ng tao sa aking ""safe space"" pero naiinis din ako na walang umupo sa tabi ko? Ano bang uri ng pagkiling ito? Pareho",0.2627565860748291,98.94897365570068
"How do I know if it's pneumonia,asthma,or spring allergy? Context:about 5 weeks ago I was spraying an air freshner  in my room and ever since, It started feeling harder to breath and have some chest tightness,but no coughing or anything,I went to the doctor 2 weeks ago(3 weeks after the air refresher thing happened) he checked if there's wheezing in my chest but he said it was normal and he also did a pulse oximeter test and it mine is normal as well, he didn't do a chest x-ray. But now 2 weeks later I still have difficulty breathing and I sneeze pretty much every day(no runny or itchy nose) and I still don't cough,so I'm leaning more towards spring allergy or asthma(even though I never had asthma).so not sure what to do and I'm having anxiety attacks because of it.",5,anxiety,"pano ko malalamn kung pneumonia, asthma, o allergy sa tagsibol yn ko?",-0.8173843622207642,100.0
"I'm hesitant to get a diagnosis So, I've reached the point when I amassed enough courage to ask for an appointment with a psychiatrist. I've done therapy for about 5 years and never was brave enough to ask my therapist if I had either anxiety or depression. But 5 months ago I started with chronic tensional headaches - finished college and found two jobs, ended up very stressed, which I controlled after a neurologist prescribed me pregabalin. However, I've been struggling with other somatic symptoms that lead me to say, okay you waited too much, it's time to do it. Even though I hate the idea of being that self-diagnose person, I've been doing a lot of reflection and truly believe I have several symptoms of anxiety, perhaps social or general anxiety.

I will be seeing this doc (who was very recommended to me), and I fear judgment but much much more fear is if I get prescribed meds that mess me up worse. I know she's an outstanding professional, she has appropiately medicated my bf's niece for anxiety, and honestly doubt I'd need something ""strong"" but I'm so scared of start taking meds, I fear there's no turning back from it. I fear it changes me so badly that I have bad moments at my job in front of everyone, like crying or a panic attack, or that I make an embarrassment. I don't want to lose my job since it (there are two but the full time one) has helped me to get out of my lifeless and procrastination days. 

Haven't seen my therapist lately since she had a temporary license and now I'm also unsure if I should come back because she never made me a diagnosis. My general doctor told me to come back to therapy asap. 

Sorry for the long post - I'd like to know if someone relates to this or your experiences, but mostly if you know about meds and if I'm just panicking too much or maybe I just need to know this before meeting the psychiatrist.",5,anxiety,"nag-alngn ako magpa-dx kaya dumiyt ako sa puntong sapat na tapg ko humingi aptmnt sa psychiatrist. Nag-thry ako halos 5 taon, d naging matp ang tanungin therapist kung may anx o depress ako. Ngunit 5 bwn na, nagsimula akong magkaroon talamak tensyonal sakit ulo â natapos kolehiyo, nakahanap 2 trabaho, naging sobr",0.2809338569641113,98.87626457214355
"Anyone else have a fear of cancer? Not looking for reassurance because I know that's not going to help.  I guess I need to vent

A few years ago my friend died of ovarian cancer.  Ever since, I've had multiple phases where I've had an extreme fear of having some form of cancer.

Lung.  Colon. Throat.  Liver.  Stomach.  Ovarian.  Cervix.  Uterine.  Bladder.  Breast

Its like I jump from one to another.  Right now I'm having a bad fear of uterine or cervical based on symptoms I had.

This fear has caused me to have so many procedures done.  Colonoscopy, X-rays, pap smear and breast exam (granted those should be done on the regular), breast ultrasound, transvaginal ultrasound, etc.  

It's so freaking draining.  I'm so tired of feeling this way.  I just needed to vent.  Thanks for those who read this.  Can anyone else relate?",5,anxiety,"ilang taon na, kaibigan ko namatay ovarian cancer. Mula noon, natatakot ako magkaroon cancer. Baga. Colon. Lalamunan. Liver. Tiyan. Ovary. Serv.",-0.8610212802886963,100.0
"ShoulderÃÂ¢Ã¢ÂÂ¬Ã¢ÂÂ¢s going crazy. Hi.

My very first post here, but been reading it for a long time and have a quick question.

Lately, IÃÂ¢Ã¢ÂÂ¬Ã¢ÂÂ¢ve been dealing with a lot of your common symptoms, such as: headache, nausea, stomachache, shortness of breath, heart palpitations, numbness, random quick pains all over, etc..

But yesterday night I was laying in my bed and suddenly, completely out of blue, my left shoulder started to hurt. And it is very painful when touched. I can move my arm completely and itÃÂ¢Ã¢ÂÂ¬Ã¢ÂÂ¢s not painful. But when pressed or even just touched gently, it hurts. I havenÃÂ¢Ã¢ÂÂ¬Ã¢ÂÂ¢t injured it anywhere as I usually spend my days on my laptop working while layind down. And of course I started googling, constantly think about the pain and touch it every 5mins to make sure if the pain is still there. And now it feels like my arm is not painful, but has a weird sensation.

Also, read somewhere that anxiety can cause these random bone, muscle or joint pains all over the body. So was wondering if anyone else had this kind of pain or am I going insane?

Thank you and have a lovely day!",5,anxiety,"blk ko prg nkkgkaskit na. Kst.

1st pst k dto, pero mtlng binasa ko to at mbyls na tgn.

Kmln, nkxrns ako ng maraming krnwang sintomas, tld ng: sakit ng ulo, pgsuka, sakit ng tyan, hrap hmbga, pgtbk ng puso, pmanhid, at bglng mttinding sakit sa iba't ibang prte ng katawan, atbp.

Pero khap ng gbi habang nakakulong",-0.761341392993927,100.0
"Scared of Crohn's Disease I had a canker sore in my mouth two weeks ago, it has healed now but I just thought ""what if it comes back"". I have no idea if I have had this feeling for a long time but just now noticed it that I kinda feel like the roof of my mouth is burning and it stops when I don't pay attention to it. I have always had some problems with my stomach, they have gotten better in last two years (male, 19 y/o now). I have had a gastroscopy before but never gotten a colonoscopy because that makes me anxious. Gastroscopy showed that I have no reflux and everything looks good, biopsies from my duodenum came back normal, no coeliac disease or other diseases. I just can't stop worrying if I have an IBD and that is what is causing my mouth symptoms. Would Crohn's disease show on the biopsies taken from my duodenum? I just feel like it would be real unlikely because no-one in my family never have had an IBD and I don't smoke (Apparently smokers are twice as likely to develop Crohn's than non-smokers). ",5,anxiety,"natatakot ako s sakit na crohns. dalawang lgo na ang nkalipas ay m sugat s bibig ako, gumaling na ito ngunit naisip ko lng, ""ano kung bumalik ito?"". hndi ko alm kung matagal ko nang nararamdaman ito ngunit ngayon ko lng napansin na parang nasusunog ang bubong ng bibig ko at tumitigil kapag hindi ko ito pinapansin. lagi akong m prblma s tiyan, ngunit naging mas maayos ito sa nakalipas na dalawang taon.",-0.8531656861305237,100.0
"luvox and lithium? hi , im taking these two together. any experience with either ?? luvox seeems to be upsetting my gut.",5,anxiety,"Luvox at Li? Kumusta, ako tumatanggap ng dalawang gamot na ito. May karanasan ka sa alinman? Luvox parang gumagambala sa tiyan ko.",0.3197866678237915,98.72085332870483
"Fear of TIA To preface this I have a long history with hypochondria, I have for years and it was getting better but recently it's been worse. I haven't had the outbursts I used to have but I guess that's because I keep it to myself 

Basically after walking home today I sat down and watched my laptop on my bed as I usually do, and my mum called, but when speaking to her it felt like I couldn't get the right word out, constantly mixing up my words and such, and she was asking basic questions about the day 

Of course this lead to google and then the whole ""mini-stroke"" and it's just scary honestly. I didn't have any muscle weakness but I have a mild tension headache now (pretty sure it was brought on by the stress) 

I'm 16 if that helps. I know I'm making something out of probably nothing but that's just me ",5,anxiety,"nakatakot ako sa TIA. Una, matagal ko nang narxsn ang hyprchndria, unti-unting gmalng ito ngunit kmklan ay mas lml. Hindi na ako ngkakaroon ng mga pgsbog tld dti, mhrb l dht itinatgo ko na ito sa aking srf. Pagkatapos mglkd pauwi knina, naupo ako at nnood ng lptp ko sa km gaya ng dti, at tmgg ang aking n. Ngunit habang ng-uusap kami, prang hindi",-1.022708535194397,100.0
"It's a habit when you're already anxious, you're going to throw up",5,anxiety,"kpag n-anxious k, gawi mo skuka.",0.904293417930603,96.3828263282776
"Scared about temporal arteritis Adding to all the cancers and heart conditions I've been worried about, I just read about temporal arteritis and I'm worried about it too. I'm a 23 year old white male. For the past couple days I've had tenderness near my right temple only. There's no constant pain, but it hurts when I put mild to moderate pressure on a certain part of the bone behind/under the temple. I can feel a slight bump there but there's an essentially symmetrical one on the other side (with no tenderness with the same amount of pressure). I do have many other symptoms of temporal arteritis, including frequent headaches (although generally mild), tiredness in limbs, and general tiredness, but I've had all that for a long time and often can be traced to specific causes like poor sleeping habits and dehydration. I don't have any of the jaw pain or tiredness (any more so than I would normally get after chewing for a long time anyway), although sometimes my mouth does feel slightly stiff if I haven't opened it for a while. I do have a bad habit of clenching/grinding my teeth that I've had for most of my life, and I've had TMJ-associated pain before. I don't *think* I've had any vision loss, but sometimes I do find it harder to focus or I feel like I'm not seeing quite as well when I' tired so I can't say for sure. I don't have any other tender points on my scalp, just the right temple.",5,anxiety,"nkakot ako tgng temporal arteritis. Bukod skn kanser at sakit sa puso, nabasa ko rin tgng temporal arteritis at nag-aalala na rin ako dito. Ako 23 y.o. lalaki, sa nakalipas na ilang araw, nararamdaman ko ang pananakit malapit sa aking kanang templo. Walang patuloy na sakit, ngunit nasasakit kapag inilalagay ko ang malumanay hanggang katamtamang presyur sa isang partikular",-0.7430989742279053,100.0
why am i nervous,5,anxiety,bkit ako knkaban?,0.8590474128723145,96.56381034851074
"Why canÃÂ¢Ã¢ÂÂ¬Ã¢ÂÂ¢t I just do things My bf is going out with some friends tonight and I was too scared to ask if I could come along. Normally I would but recently he said he wanted some space so it doesnÃÂ¢Ã¢ÂÂ¬Ã¢ÂÂ¢t feel right asking him if I can tag along places anymore. HeÃÂ¢Ã¢ÂÂ¬Ã¢ÂÂ¢ll always say yes just to be nice. 

Then my friends call asking if we want to hang out with them and IÃÂ¢Ã¢ÂÂ¬Ã¢ÂÂ¢m like bf is already going out. At this point I freak out. Urgent social interaction and I would have to ask bf for a ride. No I donÃÂ¢Ã¢ÂÂ¬Ã¢ÂÂ¢t want to bother him. 

I feel stupid that I wanted to go out so bad. But when I was offered another chance to go out I declined because I was too scared of everything. 

I was too scared to ask to go with him

I was to scared to ask for a ride 

I was too scared to go to an unplanned social event

Tomorrow I have a planned social event and now I feel so insecure. It just feels like a cycle. Why canÃÂ¢Ã¢ÂÂ¬Ã¢ÂÂ¢t I just do these things?

EDIT: next day and I found out he got a ride for once since heÃÂ¢Ã¢ÂÂ¬Ã¢ÂÂ¢s always DD so I couldnÃÂ¢Ã¢ÂÂ¬Ã¢ÂÂ¢t have asked for a ride anyway. 

If I had asked for a ride I think it would have been worse because he would have felt pressured to drive me which again would not be great since he asked for space a while back. 

I was feeling like the call was a sign to go out and I didnÃÂ¢Ã¢ÂÂ¬Ã¢ÂÂ¢t. So I was feeling down on myself for choosing to miss out. But now that I know I probably could not have gotten a ride anyway somehow I feel better lmao 

Weird how that works isnÃÂ¢Ã¢ÂÂ¬Ã¢ÂÂ¢t it",5,anxiety,Bkit hindi ko lng mgawa ang mga bagay na ito? Ang bf ko ay pupunta ngy gabi kasama mga kbyan nya at natakot akong magtanong kung pwede akong sumama. Krmn ay gagawin ko yon ngunit kmkmln sinabi nya na gusto nya mgkaroon ng espasyo kaya hindi nararamdaman na tama na hingin sa kanya kung pwede akong sumama sa mga lugar. Lgi syang sasang-ayon para lng mging mabait. Tapos tumawag mga kbyan ko at nag,0.2474021911621093,99.01039123535156
"I have a doctors appointment tomorrow that IÃÂ¢Ã¢ÂÂ¬Ã¢ÂÂ¢ve rescheduled once already out of fear. I am petrified of getting bad news. HavenÃÂ¢Ã¢ÂÂ¬Ã¢ÂÂ¢t been myself all weekend out of fear. I have a (ladies stuff) doctors appointment tomorrow morning &amp; am terrified. IÃÂ¢Ã¢ÂÂ¬Ã¢ÂÂ¢ve rescheduled it once already out of fear but decided to bite the bullet &amp; actually go. ItÃÂ¢Ã¢ÂÂ¬Ã¢ÂÂ¢s been two years &amp; I just need an annual exam/check up. 

So what am I so afraid of? Because you hear these stories of women (or anyone) going for a checkup &amp; bam! cancer. Or having to have more tests taken &amp; play the two week before results waiting game. I donÃÂ¢Ã¢ÂÂ¬Ã¢ÂÂ¢t think my anxious mind could handle that. 

I feel deep down that it might turn out fine but my ÃÂ¢Ã¢ÂÂ¬ÃÂwhat ifÃÂ¢Ã¢ÂÂ¬ÃÂ thoughts keep finding ways to justify my fear and extreme anxiety over this. Which in turn, makes me fear the absolute worst case scenario. 

I just needed to vent. ",5,anxiety,pauwi n q.,-0.7534863948822021,100.0
"A positive mind and the danger of paper cuts [comedy] http://www.sssscomic.com/comicpages/831.jpg

Last panel just cracked me up. 

Full comic if you enjoy post apocalyptic zombies and norse magic: http://www.sssscomic.com/index.php",5,anxiety,"isng pstv ngpn at ngbrng pr prct [komed] http://www.sssscomic.com/comicpages/831.jpg

huling pnl talagang kakatwa.

bng kmxks kung gusto mo ng post apocalyptic zombies at Norse magic: http://www.sssscomic.com/index.php",-0.7538397312164307,100.0
"I have a ridiculous fear of HIV/AIDS Hey all,

I just want to get this on paper (well, you know what I mean) 

I just found this community today, and I just want to express my irrational fear of getting HIV/AIDS.
So, today I was doing laundry (university dorms) and I realised there was some face towels from another person in the wash after I washed my clothes.

I have a small cut on my hand and I for *god knows what reason* am afraid of getting HIV or full blown AIDS, because in my brain, I touched a facecloth of someone I don't know, and don't know their history (its a uni dorm so sexual activity is obviously bound to happen)




I sound so stupid but I *can't get rid of the thoughts*




Also, to add stupidity to this, I am **asexual** so that takes out a huge risk of getting it. I also don't do drugs.


How do I talk myself down out of this.",5,anxiety,"may kakaibang takot ako sa HIV/AIDS.

Revised:
may kakaibang tkot ako sa HIV/AIDS.",-0.7808157801628113,100.0
"Who else worries about other people too? Does anyone else worry about other people near them getting sick? I was visiting my parents over the holidays and I was worried about my mom. I don't think she goes to the doctor unless something is super wrong but I'm worried she has a brain tumor because she forgot some things I told her. She  is also a bit over weight and i was reading that women who are overweight have a higher risk of cancer.  I usually see her once a year since I live so far away and it feels like when I see her she is so much older... 

And this week I was worried I have colon cancer. I think it's because I ate a bunch of chick peas and so my stomach hurt. 

I can't stop my mind racing and thinking the worst. ",5,anxiety,Sino nag-aalala rin sa iba? May iba nag-aalala,-0.8759901523590088,100.0
Can I get the flu from this? I had the flu a month ago and never want to get it again. But I went to the RMV and took a vision test and had to put my whole face in the little box. All I can think is how many gross flu infested faces have touched it and I'm gonna get it again. I washed my face when I got home but I think it's too late.,5,anxiety,mry b k mgk skt ng trngkso dto? Ngrn k ng trngkso sng bwn ng nklp s pnd at ayw kong mlt p. Pero pnt q sa RMV at ngp-xmn ng pnngn at kailangan kong lgy ang bng mkh ko sa ltl kxn. Ang iniisip ko lng ay ilng mrrmng mkh na ngk skt ng trngkso ang hmwk drtn at bka mkha ko lt. Nghgs ako ng mkh nang,-0.7801899909973145,100.0
"Why can family members/friends never feel the lump, bump etc but you can? I never get this. IÃÂ¢Ã¢ÂÂ¬Ã¢ÂÂ¢ve had loads of fears of lumps, but no one can ever feel them but me.
But IÃÂ¢Ã¢ÂÂ¬Ã¢ÂÂ¢m not imagining them.

I donÃÂ¢Ã¢ÂÂ¬Ã¢ÂÂ¢t get it.
That ends up stressing me even more because no one can feel it despite it being there,
Does anyone get this?",5,anxiety,"bakit hindi mrdmng ng mga kmag-anak o kbg ang mga bk, pgtaas, atbp. ngunit mrdm mo? hindi ko mntndihan ito. mrami akng tkot sa mga bk, ngunit walang nkakaramdam sa kanila mlaban sa akin. Ngunit hindi ko sila iniisip. hindi ko mntndihan. ito ay nddlt ng hgt png strss dahil hindi nila mrdmman hct na naroon ito, my nkkaranas nito ba?",-0.8158321380615234,100.0
"IÃÂ¢Ã¢ÂÂ¬Ã¢ÂÂ¢m going to get cancer. I just know it. IÃÂ¢Ã¢ÂÂ¬Ã¢ÂÂ¢ll keep this short...

Found out my grandma has cancer through my mother. She told grandma not to freak out because she had the same thing last year and had it removed. Wait, what?! She didnÃÂ¢Ã¢ÂÂ¬Ã¢ÂÂ¢t tell me she had cancer. She just mentioned surgery. Now two women have had the exact same cancer...which means IÃÂ¢Ã¢ÂÂ¬Ã¢ÂÂ¢m probably going to get it too. Actually IÃÂ¢Ã¢ÂÂ¬Ã¢ÂÂ¢m like 100% sure I will because one of my greatest fears (aside from pregnancy) is to die by cancers hand. Oh and plot twist...not having children actually increases my risk. Awesome. ",5,anxiety,"Mkakasakit ako ng kanser. Alam ko na. Gwin kong mklto... Nalaman kong mmay kanser ang aking lola sa pamamagitan ng aking ina. Sinabi niya sa lola na hwag mag-panic dahil siya rin ay nagkaroon nito noong nakaraang taon at naalis na. Sandali, ano?! Hindi niya sinabi sa akin na may kanser siya. Nagbanggit lang siya ng operasyon. Ngayon dalawang babae ang nagkaroon ng parehong uri ng kanser...ibig sabihin, malamang na ako rin",-0.7791934609413147,100.0
"I feel like IÃÂ¢Ã¢ÂÂ¬Ã¢ÂÂ¢m dying please help Two nights ago I got the worst anxiety attack of my life after binge watching like 8 hours of game of thrones for the second day in a row. It was horrible, my legs were shaking violently, couldnÃÂ¢Ã¢ÂÂ¬Ã¢ÂÂ¢t feel my hands. IÃÂ¢Ã¢ÂÂ¬Ã¢ÂÂ¢m in a depressed spell from this panic attack. IÃÂ¢Ã¢ÂÂ¬Ã¢ÂÂ¢m feeling suicidal and disconnected. Now IÃÂ¢Ã¢ÂÂ¬Ã¢ÂÂ¢m scared I have multiple sclerosis cause my legs feel really heavy and my vision is wonky",5,anxiety,"prng nmmtay n ako, plsss tulungan nyo ako. Dwa gabi na, nranasan ko pinakamasamang atake ng anx sa buhay ko matapos manood ng 8 hrs ng Game of Thrones sunud-sunod sa loob ng 2 araw. Napakasama, nngas ang mga bti, d ko mramdam ang mga kmy. Nasasaktan ako dhil sa panic attack n ito prng nasa malalim na depresyon ako. Parang gusto ko nang mag",1.128450870513916,95.48619651794434
"Not sure what is real and whatÃÂ¢Ã¢ÂÂ¬Ã¢ÂÂ¢s not anymore Hey guys,

I am a 29 year old female with two kids ages 6 and 11, I have had this illness since I was around 6. It would be to the point I would make myself hyperventilate and my heart would go nuts and go to the emergency room, I would vomit all the time and be in serious pain. I had all sorts of tests and they were all negative. It died down a lot from ages 13-24 but since then itÃÂ¢Ã¢ÂÂ¬Ã¢ÂÂ¢s been getting worse. It didnÃÂ¢Ã¢ÂÂ¬Ã¢ÂÂ¢t help that for 3 weeks in 2016 I thought my symptoms of a bad headache, neck pain and double vision was just my anxiety but it turned out to actually be meningitis!!! I was in the hospital for 7 days. 

Now, every headache I freak out. Every rash I freak out. Stomach ache, palpitation, everything. IÃÂ¢Ã¢ÂÂ¬Ã¢ÂÂ¢ll be at the store sitting in front of the bp machine for 10 minutes. I carry around a thermometer if I feel hot I check my temperature. I google non stop. I look in the mirror and smile to make sure IÃÂ¢Ã¢ÂÂ¬Ã¢ÂÂ¢m not having a stroke. ItÃÂ¢Ã¢ÂÂ¬Ã¢ÂÂ¢s embarrassing and terrible!

Lately I have been losing my memory and getting panic attacks when the light changes from high to low. I have a red rash on my face I canÃÂ¢Ã¢ÂÂ¬Ã¢ÂÂ¢t get rid of. And I KNOW these arenÃÂ¢Ã¢ÂÂ¬Ã¢ÂÂ¢t made up. A least not my memory or rash. I go to an mri Wednesday to see if something actually is wrong. Please wish me luck as IÃÂ¢Ã¢ÂÂ¬Ã¢ÂÂ¢m already nervous enough!",5,anxiety,"Hindi ko na alm kung ano ang totoo at ano ang hndi na. Mga kaibigan, Ako ay babae 29 yrs old, may dalawang anak 6 & 11 yrs old. May sakit ako mula 6 yrs old. Umabot sa punto hyperventilate, puso baliw, pupunta ER, susuka paulit-ulit, sakit.",-0.9626493453979492,100.0
"Regretting a CBT challenge/ERP exposure. So I have emetophobia, OCD, an ED, health anxiety, basically everything.

I did a CBT challenge tonight, to eat 'outside' chicken, aka chicken not from inside my home that I've gotten a trusted person to cook for me.

I picked it the fuck apart. It looked absolutely fine. But I have convinced myself I have food poisoning from it, or some other illness.

I also happen to be in the refeeding process which makes me feel like crap when I eat, have been having menstrual GI symptoms, I have chronic constipation that I took Fybogel for (which always gives me a super loud tummy and gas) - so both of those things could be a contribution or cause of my stomach discomfort.

But wow I regret even challenging myself. I hate that I regret it, too.

I'm so scared. Looks like a night of worry and no sleep for me. Feels like all progress has gone out the window. ",5,anxiety,"npgtnto k ngsisi k sa hmon ng CBT/ERP xp. May emtophobia k, OCD, ED, & hlth anx, halos lht. Gnyo gabi, hmon CBT, kmin ng 'labas' na manok, ibig sabihin, manok hindi mula sa loob ng bahay ko na niluto ng isang pinagkakatiwalaang tao para sa akin. Pinaghiwalay ko ito nang husto. Mukhang perpekto naman. Pero pinaniwalaan ko ang aking sarili na may food",0.2400769591331482,99.0396921634674
"I'm not feeling very good this morning, I'm really worried ÃÂ¢Ã¢ÂÂ¬ÃÂ",5,anxiety,"hindi gng maganda pkiramdam ngayong umaga, talagang nag-aalala ako.",0.928415834903717,96.28633666038512
"Help me through this. Brain eating amoeba fear! :( I wash my face almost everyday with cleanser to get my makeup off. And, sometimes a little of the tap water goes up my nose.

I am freaking out because I have swollen glands in my neck right now. And, now that I read the actual symptoms of BAE I feel like I am getting them. All of a sudden I got weak and dizzy while ago when standing up.

This is scaring me!!! So much. Help please. Can you even get it from tap water? Cold tap water? ",5,anxiety,"tulong m s prob ko. ntkt ako s amoebang kmkn ng utk! :( araw-araw lng lb n makeup q gmit ng clnsr, minsan tubig sa ilng ko. kkabahan k dhil nm magma ang glndula s leeg ko. nw, binabasa ko tunay na sintomas ng BAE, parang naramdaman ko na. bgla pakiramdam mahina, dim ang paningin k.",-0.834750771522522,100.0
"If the guy is sick, the girl actually feels sick indirectly. He must be feeling restless and restless. :')",5,anxiety,"kung my skt ang lalaki, prang my skt din ang babae nang hndi drectang naapektuhan. sguro hndi sya mapakali at nag-aalala. :')",0.8748151063919067,96.50073957443236
confused and restless. This heart seems to die. When you change,5,anxiety,"nalit, hindi mapakali. prang nmmata ng puso ko. kpag nbago ka.",0.9213553071022034,96.3145787715912
"Problems with stomach and I feel like I'm about to fall apart... Recently, I began having problems with my stomach and I'm paranoid/panicking that they are something worse.  


I'm 20, Asian, overweight (195 at 5'11), and I'm worried that the symptoms I have are something really bad- abdominal pain, gas issues, constipation, diarrhea, and yellow, runny stool that I don't know where it came from.  


Has anyone have symptoms like this? Do they know where they came from and why? Is it a sign of something bad? Because I'm on the verge of panicking right now and need to know.",5,anxiety,"Prblma sa tyan ko, parang bubulok na. Kmya, prblma ulit, natatakot na mas malala. 20 yrs old, Asyano, sobra timbang (195 lbs sa 5'11""), sintomas ko (sakit tyan, gas, constipation, diarrhea, dumi dilaw, maluwag) - nababahala malubha.",-0.8285282254219055,100.0
"Constant twitching in my hand causing bad anxiety I was having a good week then this morning I woke up with twitching in my one hand that hasnÃÂ¢Ã¢ÂÂ¬Ã¢ÂÂ¢t stopped for two hours. Usually body twitches donÃÂ¢Ã¢ÂÂ¬Ã¢ÂÂ¢t set me off but IÃÂ¢Ã¢ÂÂ¬Ã¢ÂÂ¢ve never had them for this long in one spot. Anyone else experience this? IÃÂ¢Ã¢ÂÂ¬Ã¢ÂÂ¢m worried about it lasting all day, idk how IÃÂ¢Ã¢ÂÂ¬Ã¢ÂÂ¢ll get through it",5,anxiety,"Ang paulit-ulit na pagtigil ng kmn ko ay naging malaking alala. Nkakaroon ako ng mgandang linggo tpos ngayong umaga, nsgising ako na my pagtigil sa isang kmn ko na hindi hinto nang dalawang oras. Krmn, hindi ako nbabahala sa mga pagtigil ng katawan, pero hindi pa ako nkaranas na gnto katagal sa isang lugar. Myroon bang iba na nkarans nito? Ntatakot ako na magtagal ito.",-0.7792511582374573,100.0
"FYI... stay away from the Ask Reddit ÃÂ¢Ã¢ÂÂ¬ÃÂWhat was your ÃÂ¢Ã¢ÂÂ¬ÃÂi canÃÂ¢Ã¢ÂÂ¬Ã¢ÂÂ¢t believe this is happening right nowÃÂ¢Ã¢ÂÂ¬Ã¢ÂÂ¢ moment?ÃÂ¢Ã¢ÂÂ¬ÃÂ Thread I read it, and some of the responses. 




Some of the top comments are about people finding out they have cancer. 

now IÃÂ¢Ã¢ÂÂ¬Ã¢ÂÂ¢m terrified AGAIN that I have cancer. 

Stay away if you havenÃÂ¢Ã¢ÂÂ¬Ã¢ÂÂ¢t read it yet!",5,anxiety,"FYI... iwasan Ask Reddit ""hindi ko makapaniwala nangyayari ito ngayon"" thread. Nabasa ko, ilan tugon.  Nungungunang komento: mga taong nalaman may kanser. Ngayon natatakot ako mayroon akong kanser. Iwasan kung hindi mo pa nabasa.",-0.7952306866645813,100.0
"How To Destroy Fear Before It Destroys You &gt; Fear is the number one inhibitor of taking successful actions; and it is the number one instigator for taking destructive actions.

I was just listening to [a podcast](http://www.borntoprosper.com/how-to-destroy-fear/?ap_id=amandahayward) by Shane Krider and wanted to share here because I think it's relevant to the sub and listening to the podcasts has helped me start taking control of my thoughts and given me more confidence overall. I'm doing all the basics for my anxiety - eating well, exercising, meditation, medication - but this seems to be the icing on the cake for me! Really enjoying it.

Also, I just learned about the help button when posting on reddit and I'm loving all the different text formatting I can do! :P",5,anxiety,"[podcast](http://www.borntoprosper.com/how-to-destroy-fear/?ap_id=amandahayward) ni Shane Krider  > Takot, pangunahing hadlang sa matagumpay na kilos, nagtutulak sa mga nakasasakit na kilos.",-0.7447947859764099,100.0
"Am I going crazy? About 2 weeks ago I was walking home from the train station and suddenly felt like I wasnÃÂ¢Ã¢ÂÂ¬Ã¢ÂÂ¢t real and that everything around me including the world was fake as in IÃÂ¢Ã¢ÂÂ¬Ã¢ÂÂ¢m not alive or this isnÃÂ¢Ã¢ÂÂ¬Ã¢ÂÂ¢t real life. 

Naturally I freak out, have a huge panic attack and feel even weirder and more fake till I call someone to talk or calm my breathing. 

This has been happening every few days and IÃÂ¢Ã¢ÂÂ¬Ã¢ÂÂ¢m really scared that a) I might be psychotic or something, or b) I might be dying.

Please reply to this if you know what this is, IÃÂ¢Ã¢ÂÂ¬Ã¢ÂÂ¢m so frightened.",5,anxiety,"nkakabaliw na kaya ako? dlo linggo n, lakad pauwi stn tren, bgl naramdaman hndi ako totoo, lahat paligid, mundo, pekeng parang hndi buhay o hndi totoo. Kinabahan, panic attack, kakaiba pakiramdam, tumawag makausap/mapakalma.",0.2975805401802063,98.80967783927916
"The Rollercoaster ride of anxiety. Starts off slow, maybe you don't notice then eventually starts going up and no matter how hard I try to meditate, mindfulness and it slowly goes up until it peaks and I crash down.  Then I'm okay for a day, a week, and start climbing again. 

  It seems to go up and down and I'm on medication, in therapy, practice mindfullness and it always seems I take a step or 2 forward, then take a step or 2 back.   It's so frustrating",5,anxiety,"Ang pagsakay sa roller coaster ng pagkabalisa. Nagsisimula nang mabagal, baka hindi mo mapansin, tapos unti-unting umaakyat at kahit gaano ko pa subukang mag-meditate, mag-mindfulness, patuloy itong umaakyat hanggang sa maabot ang tuktok at saka ako bumagsak. Pagkatapos ay maayos ako ng isang araw, isang linggo, at saka muling umaakyat. Parang pababa-taas lng ito at kahit nasa gamot na ako, nasa therapy, at nags",0.2651562690734863,98.93937492370604
"A little worried, a lot of broth",5,anxiety,"konti ang pag-aalala, mrami ang sabaw.",0.8112843036651611,96.75486278533936
"Share your anxiety symptoms All of us sufferers have surely gone through some physical symptoms of anxiety before, I surely have, Ive dealt with the twitching the trouble swallowing the anxiety headaches and all kinds of other stuff but IÃÂ¢Ã¢ÂÂ¬Ã¢ÂÂ¢m a perfectly physically healthy person as reassured by multiple tests and doctors, just a major hypochondriac. what are some of the symptoms you have dealt with throughout the years and what are the ones you hate the most? ",5,anxiety,"Ibahagi nyo mga sintomas ng pagkabalisa. Tsk, mga taong nagdurusa, kilala nmin ang pisikal na sintomas nito. Ako rin, kinahaharap ko pagtitigil, hirap lunukin, pananakit ng ulo dahil sa pagkabalisa. Pero malusog ako pisikal, kumpirmado ng mga pagsusulit at doktor, malubhang hypochondriac lang.",-0.7701071500778198,100.0
"(Trigger Warning) Does anyone else get an anxiety attack whenÃÂ¢Ã¢ÂÂ¬ÃÂ¦ Is it just me? Anyone have advice on how to manage/ treat? Does anyone else have anxiety attacks over small things of repetitive nature? Like for example I can have a full on attack when my bf picks or pulls at his beard. Or when someone is tapping their fingers or legs. It seems like I get triggered by other peopleÃÂ¢Ã¢ÂÂ¬Ã¢ÂÂ¢s coping mechanisms. 

This has been extremely frustrating because my bf has this habit when he is anxious and not even realizing it and itÃÂ¢Ã¢ÂÂ¬Ã¢ÂÂ¢s causing my to have attacks and then I am zorped and on edge. And he is constantly on edge trying to look out for me. 

We are trying different things like closing doors, and both trying to be mindful but I would really like help on how to manage and treat it. Does anyone else share a similar experience? 

I am also currently in therapy and working on it but she doesnÃÂ¢Ã¢ÂÂ¬Ã¢ÂÂ¢t have any experience with this and am beginning to give up.",5,anxiety,"(Bwl: Trgwrng) Mayrn b ng iba na nkarns ng atake ng anxty kpag... Ako lng ba to? May payo kung pno to pmahalaan o gmutn? Mayrn b ng iba na nkarns ng atake ng anxty dhl sa mlt na bagay o plt-plt na kilos? Hlxmplo, mry akong kngrn ng ganap na atake kpag pnpitas o hnhgto ng bf ang kanyang bgote. O kpag my tao na tmta",0.2499421536922454,99.00023138523102
"Anxious about whether my dog bit the postman or not lol I'm scared my dog bit my postman when I'm not at home. My granny had dementia and by the looks of it opened the door for postman. Usually she slightly opens the door to not let the dog out but I'm scared she let him out.

My dog has never bit another person before and only barks at them. One time my uber came through the back and he only barked his head off him hut the uncertainty is killing me. As far as I know Australia doesn't kill dogs off first attempts but I'm still scared.",5,anxiety,"Kinakabahan ako kung nabitukan ba ng aso ko ang postman o hindi, lol. Natatakot ako na nabitukan ng aso ko ang postman habang wala ako sa bahay. May dementia ang lola ko at sa tingin ko, binuksan niya ang pinto para sa postman. Karaniwan siyang bahagyang binubuksan ang pinto para hindi makalabas ang aso, pero natatakot ako na binuksan niya ito nang lubusan. Hindi pa nagbabitok ang aso ko sa ibang tao at nag-aaway lang siya sa kanila. Minsan",0.2926777303218841,98.82928907871246
"I need such a small trigger and all hell breaks loose This sucks so much. Lately I need such a small trigger. So insignificant that I might now even notice it but turns out I did cause then suddenly I canÃÂ¢Ã¢ÂÂ¬Ã¢ÂÂ¢t breathe and start feeling dizzy and then the palpitations start. At this point deep breaths donÃÂ¢Ã¢ÂÂ¬Ã¢ÂÂ¢t seem to help. Overwhelming guilt over absolutely nothing consumes me. I hate, hate living like this.",5,anxiety,"Kailangan ko lng ng isang maliit na bagay na mg-trigger at lahat ay mgkakagulo. Npaka-sucks nito. Kamakailan, kailangan ko lng ng isang maliit na bagay na mg-trigger. Napakaliit na baka hindi ko man mapansin pero nangyari pala, at saka biglang hindi na ako makahinga, nahihilo, at saka nagsisimula ang palpitations. Sa puntong ito, ang malalim na paghinga ay tila hindi na tumutulong. Ang nakakabighani kong pagsisisi",0.2941761314868927,98.82329547405244
"Some positivity Coming up on a month on 50 mg of zoloft, and just over a month since the start of this anxiety thing. I'd say I'm 80% better. Almost all of the physical symptoms have subsided and the mental aspect has greatly improved. I've had small spikes here and there and my heart races like once a day for a few minutes, but I can see the light at the end of the tunnel! For those in a similar situation keep your chin up and keep going, it gets better ÃÂ°ÃÂ¸ÃÂÃ¢ÂÂ¬",5,anxiety,"May positibong balita. Malapit nang isang buwan mula nang simulan ang 50 mg ng zoloft, at halos isang buwan na rin mula nang magsimula ang aking pagkabalisa. Maaari kong sabihin na 80% na akong gumaling. halos lahat ng pisikal na sintomas ay nawala at ang mental aspect ay lubos na napabuti. May mga maliit na pagtaas minsan at ang puso ko ay mabilis na tumitibok ng isang beses sa isang araw nang ilang minuto, ngunit nakikita ko na ang liwan",0.3073342740535736,98.7706629037857
"Oops, why are you all cold, you keep getting nauseous, restless, your mouth is sour and cold, that's really not good",5,anxiety,"Ay, bkit ky lmng, lgi kyo nauhaw, hndi mpakli, mpit at lmng ang bibig, hndi mganda yn.",0.897727370262146,96.40909051895142
BY GOD I'M STILL WORRY.,5,anxiety,nawala pn ang kntnto ko sa diyos.,0.8009602427482605,96.79615902900696
"Feeling anxious like this, every time you want to work, you have to feel anxious and not calm",5,anxiety,"kgp gsto mo mgtrbho, lgi k nadrmang knkbnhn at hnd k nkkrlks.",0.8674206733703613,96.53031730651855
I had anxiety over filling out my SSI and SSDI forms and they denied me because I never sent them in I donÃÂ¢Ã¢ÂÂ¬Ã¢ÂÂ¢t even know why I had so much trouble filling out the forms. I know that I have enough documentation and support to at least get an interview and talk to SSA but I couldnÃÂ¢Ã¢ÂÂ¬Ã¢ÂÂ¢t do it. They called me and sent me reminder letters and I even had a hard time opening those letters. I only have myself to blame for getting denied.,5,anxiety,"Nag-aalala ako sa pagpuno ng aking mga form para sa SSI at SSDI, at tinanggihan nila ako dahil hindi ko sila ipinadala. Hindi ko nga alam kung bakit ako nahihirapan sa pagpuno ng mga form. Alam kong sapat ang aking mga dokumento at suporta para sa isang panayam at makausap ang SSA, ngunit hindi ko nagawa. Tumawag sila sa akin at nagpadala ng mga liham na paalala, at mahirap pa nga akong magbukas ng mga iyon. Ako lamang ang dapat sisihin sa",0.2844969630241394,98.86201214790344
"Afraid of Rat Biter Fever I have really terrible anxiety, panic disorder, and crippling health anxiety.




I got 2 pet rats from a breeder and they are babies so they are scared. They pooped on me and I used a tissue to remove one of the poos from the towel they were on in my lap. But later I was scratching my nose with the same tissue because I didn't realize that was the one I had used and now I'm worried that some germs passed through the mucus membranes or something.



My pets usually help me with my anxiety, not make it :( I can't focus and I am convincing myself I have all these symptoms that aren't really there",5,anxiety,"nktkht ako s Rat Biter Fvr. tlg ng napakalala ng pagkabalisa, panik dsrder, nakakpinsalang pagkabalisa sa kalusugan. Kumuha ako ng dalawang alagang daga mula sa isang breeder at sila ay mga sanggol kaya natatakot sila. Nagdumi sila sa akin at ginamit ko ang isang tissue para tanggalin ang isa sa dumi mula sa tuwalya kung saan sila nakaupo sa aking kandungan. Ngunit kalaunan ay kinuskos ko ang aking ilong gamit ang",-0.6786644458770752,100.0
"Actually you're a total badass Most people are mentally and emotionally sane, relatively at least. They might claim that the worry is all in your head, not understanding that your corporeal experience strongly suggests otherwise. They might tell you to think positive, because they don't have an inner voice that constantly gets drowned out by a huge stadium packed with negative objectors. They might take it rather personally when socializing is the very least thing you want to do, they could never imagine that them yapping on about their normal life drains your already depleted life-energy. Some of them might start all kinds of shit with you because they see you as a weak and opportune victim to unload their own shit towards, never realizing they're the real cowards.

Some of them might truly want to help you out and tell you get therapy asap, then you might see some random bureaucrat person completely devoid of empathy struggling to stay awake while you pour you heart of desperately looking for some kind of assistance. Assistance that usually comes in form of dubious drugs that only work at a hefty price by the way So they advice you to go see some private expensive experts, unaware of the fact that your wallets suffers with you. They like to imply that you just chill the f out and relax. Because they don't have that intrusive, horrible, horrible, horrible, encompassing, joy-devouring, soul-obliterating, sucking, painful, torturous, uneasy pit of dread stuck right in their stomach with racing thoughts to boot. Perhaps they'll make sly remarks on how you need to just grow up, after all, they don't know how's it's like to think like an adult while emotionally reacting like a little fragile child scared to death.

They might say go the gym or be physically active and get some endorphins running. To be fair, is actually solid advice if you can muster the strength to go there. Off course they have their problems too, the difference however is that your problem is you and how that you contaminate every aspect of your life. The point is, according to some of 'them' you're just a loser, useless, lazy, afraid, a waste of space, a failure with nothing to show for in life. They are so much better than you and intentionally or not they make you buy their version of you.

However. It's just opinions from judgemental people at the end of the day. I don't want to you to waste any energy on harboring any resentment, envy or anger towards anybody, they just don't understand. How could they know the truth. Perhaps even you don't the truth about yourself, so I'm going to say it, just in case.

You simply being here and keeping on makes you a tough as nails. A warrior that fights hordes of demons every day. Bravery is defined by the will to face fear, you have fear stuffed in your face all the time. You may suffer endless anxiety, but you as a matter of fact are courageous by the definition of the word. Doing your best to just keep going, that's it. It's not some lofty motivational speech, just a cold fact.

It may not help you any bit to read this, but I for one will not let it be unsaid. Anxiety is bad enough in itself, so rather than feeling shame in addition you have earned the right to have pride in yourself. My intention is for you to keep that in mind on your darkest days, because I know very well what it's like to suffer anxiety while having your character measured by factors out of your control.",5,anxiety,"ng mga problema.

Revised: talagang 1 tunay na bayani ka. karamihan nasa tamang pag-isip, kahit papaano. msyo sabihin pag-aalala nasa isip mo, d nila nauunawaan pisikal na karanasan mo malakas nagpapahiwatig kabaligtaran. msyo payuhan mag-isip positibo, wala silang panloob na tinig nalulunod sa malaking estadio ng mga problema.",0.2440926432609558,99.02362942695618
"Always make sure my room is tidy in case I have to call 911 I live my life thinking that I'm gonna have to call 911 because something's gonna happen to me so I make sure my bedroom or whatever is clean so they can come get me and not judge me over the tidiness of my room.
Does anyone else do this? I feel like it's become ridiculous at this point honestly.",5,anxiety,"Lagi kong pinapanatili ang aking silid na maayos baka kailangan kong tumawag ng 911. Nabubuhay ako sa paniniwalang kailangan kong tumawag ng 911 dahil baka may mangyari sa akin kaya siguradong malinis ang aking silid o kahit saan para mahanap nila ako at hindi ako husgahan dahil sa kalat ng aking silid. Mayroon bang iba pang gumagawa nito? Parang naging kabaliwan na ito sa punto, totoo naman. 

Revised: Lg kng pnpt",1.2399601936340332,95.04015922546388
"Lung cancer worries IÃÂ¢Ã¢ÂÂ¬Ã¢ÂÂ¢m 23 female and so worried I have lung cancer. Suddenly had a chesty dough since last week and also got back pain. IÃÂ¢Ã¢ÂÂ¬Ã¢ÂÂ¢ve been getting breathless for the last couple of months. 
IÃÂ¢Ã¢ÂÂ¬Ã¢ÂÂ¢ve been feeling rubbish for a few months, had sinus issues, post nasal drip, headaches, and I feel like I constantly have depersonalisation/derealisation. I just canÃÂ¢Ã¢ÂÂ¬Ã¢ÂÂ¢t seem to shake my worries, IÃÂ¢Ã¢ÂÂ¬Ã¢ÂÂ¢ve been to the doctors loads and had blood tests which were all normal and they just say itÃÂ¢Ã¢ÂÂ¬Ã¢ÂÂ¢s anxiety. I just feel like rubbish every single day. ",5,anxiety,"nlalng ak kng knsr sb. 23 y.o. babae, sobrng kinakabahan baka mmay knsr sb. Bglag ubo, dibdib nmanhid, likod sakit sng linggo. Ilang bwn, hirap huminga. Hindi maganda kalagayan mla buwan, sinus prblm.",-0.7997242212295532,100.0
"IÃÂ¢Ã¢ÂÂ¬Ã¢ÂÂ¢M [23F] FREAKING THE FUCK OUT -All last week was getting headaches and I never get headaches or have allergies 
-Friday and Saturday when sitting down for a while and would stand up my head would feel very heavy, got dizzy and dull pain enough to make we wince.
-Monday morning woke up sucking from my throat a decent amount of blood mixed with my mucus. 
-Constantly since Monday morning sucking up either bright red blood streaked all through mucus or just straight up like dime to penny sized black blood clots in mucus. Seriously every couple of minutes sucking it up. Occasionally will stop for 30 minutes or so but always starts up again
-Havent been sick or coughing or had nose bleeds
-Went to doctor on Tuesday they sent me for blood work which still isnÃÂ¢Ã¢ÂÂ¬Ã¢ÂÂ¢t ready, referred me to and ENT. Saw them today they put a scope down up my nose and down my throat didnÃÂ¢Ã¢ÂÂ¬Ã¢ÂÂ¢t see anything ordered an XRay of chest and MRI of my brain. X-ray wonÃÂ¢Ã¢ÂÂ¬Ã¢ÂÂ¢t be ready for 24-48 hours and MRI people arenÃÂ¢Ã¢ÂÂ¬Ã¢ÂÂ¢t even calling me schedule until Monday. Going on four fucking days of spitting up dime to penny sized blood clots and IÃÂ¢Ã¢ÂÂ¬Ã¢ÂÂ¢m just sitting around here probably fucking dying while I wait on all these tests. 
-Did ease up a bit today just smaller bits of bright red and dark black blood throughout the day towards end of day started to turn more brown than red or black and I started to feel better until I just spit up a huge black clot. WHATS HAPPENING ",5,anxiety,"nngngg ng sobra -blkng wng lnggo y m skt ng ulo ako nd hndi ako mdling mgkaskt ng ulo o mgkaroon ng lrhya
-Bynes nd Sbdo, kpag nkpo ako ng ilang sndli nd tyo, mbgat ang ulo ko, nhilo nd my pnnakit n sapat ppg mg-iwas ako.
-Lnes ng mg, ngsng ako my dgo na hlo sa lw ko.
-Smla Lnes ng mg, ptlw akong hm",1.1198623180389404,95.52055072784424
"Hepatitis b test result? I recently took a blood test and my result for hepatitis b was indeterminate. Is there a chance that I donÃÂ¢Ã¢ÂÂ¬Ã¢ÂÂ¢t have it? If I got vaccinated as a child, what are my chances of getting it?",5,anxiety,"Resulta ng pagsusulit Hepatitis B? Kamakailan check up dugo ko, resulta Hepatitis B hindi tiyak. Posibleng wala akong Hepatitis B? Kung nabakunahan bata, posibilidad mahawa?",1.1749969720840454,95.30001211166382
"What's your story/experience of successfully getting out of your comfort zone while having anxiety? 
I still try to do everything even thought I'm dealing with anxiety this month (the feeling of impending doom) and the last step for now is to return to my part time job since I've been on holidays.

So I would like to hear what stuff were you guys scared of doing but still did it and are proud? (It can literally be anything)ÃÂ°ÃÂ¸Ã¢ÂÂ¢Ã¢ÂÂ",5,anxiety,Ano ang ky kwento o karanasan sa matagumpay na paglabas sa comfort zone habang nkakaranas ng anx? Patuloy pa rin akong nagsisikap gawin lahat kahit nkikipaglaban ako sa anx ngayong buwan (ang pakiramdam ng paparating na kapahamakan) at ang huling hakbang ngayon ay bumalik sa part-time trabaho dahil nasa bakasyon ako. Gusto kong marinig kung ano mga bagay natakot gawin ngunit ginawa pa rin at ipin,0.2594847679138183,98.96206092834473
"Worried about Smoke So I never smoked and always thought that was that, but lately IÃÂ¢Ã¢ÂÂ¬Ã¢ÂÂ¢ve been reading about the dangers of second hand smoke.

Where I live EVERYONE smokes. Go for a coffee? ItÃÂ¢Ã¢ÂÂ¬Ã¢ÂÂ¢s in your face. Go to the bars? Clothes smell like smoke. Walk on the street? SMOKE!

IÃÂ¢Ã¢ÂÂ¬Ã¢ÂÂ¢m freaking out. I know itÃÂ¢Ã¢ÂÂ¬Ã¢ÂÂ¢s not as bad as me smoking, and for years there were no smoking laws (remember non smoking sections on airplanes?) and most people were fine.

But IÃÂ¢Ã¢ÂÂ¬Ã¢ÂÂ¢m convinced IÃÂ¢Ã¢ÂÂ¬Ã¢ÂÂ¢m doomed to COPD or lung cancer, especially since I have asthma. Though my asthma is well contained.",5,anxiety,"Nag-aalala ko kng usk kaya hindi ako kailanman nnggryo at lgi kong iniisip n natapos n yn, ngunit kmkln lng ay nababasa ko ng mga panganib ng scondhand smke. Sa aking tirhan, LAHAT ay nnggryo. Pumunta ka ba pr kape? nasa hrpan mo na yn. Pumunta ka ba s mga bar? Amoy usk ang dmit. Maglakad ka sa klye? USOK! Kinakabahan ako. Alam kong hindi t kasing",-0.9703556895256042,100.0
UNDERSTANDING FEEL FEELINGÃÂÃÂ«,5,anxiety,PAG-UNAW NG DMN,0.949460744857788,96.20215702056883
"Are SSRI side effects dose dependent? For example, is one more likely to experience side effects the higher the dose or the bigger the increase in dose?",5,anxiety,"Nakdpend ba ang mga fkt ng SSRI sa ds? Hmb, ms lmng bang mrnasn ang mga fkt habang tmtaas ang ds o qg ms lki ang pgtaas ng ds?",0.3368113040924072,98.65275478363036
"asking someone to repeat themselves is anxiety inducing so today i went to get my nose pierced. the guy piercing my nose spoke at a low volume at times, so it was hard to hear what he was saying to me. there were two instances where i felt very anxious after asking him to repeat himself.

first he said something to me while i was signing something. i said ÃÂ¢Ã¢ÂÂ¬ÃÂhmm?ÃÂ¢Ã¢ÂÂ¬ÃÂ and stared at me for a few seconds before saying nevermind. from that moment on, i was anxious, thinking about him talking more and me not being able to hear him.

he did end up talking again. he asked me which side i wanted the piercing on. i said ÃÂ¢Ã¢ÂÂ¬ÃÂhmmÃÂ¢Ã¢ÂÂ¬ÃÂ three times because i just couldnÃÂ¢Ã¢ÂÂ¬Ã¢ÂÂ¢t hear him. he stared at me for a few seconds before saying it one more time, slowly and in a seemingly annoyed tone. 

i was so ready to leave the shop. he said to come back if i had any issues with my piercing.. i really hope i donÃÂ¢Ã¢ÂÂ¬Ã¢ÂÂ¢t have any. iÃÂ¢Ã¢ÂÂ¬Ã¢ÂÂ¢m already thinking about me not being able to hear him again and him staring me down while looking annoyed.

i really feel like i annoyed the guy but i didnÃÂ¢Ã¢ÂÂ¬Ã¢ÂÂ¢t mean to. i just couldnÃÂ¢Ã¢ÂÂ¬Ã¢ÂÂ¢t hear him well at times. this happened at 3pm. itÃÂ¢Ã¢ÂÂ¬Ã¢ÂÂ¢s 1am rn and itÃÂ¢Ã¢ÂÂ¬Ã¢ÂÂ¢s still bothering me..",5,anxiety,"nindudulot ng kaba ang pagpapaulit ng isang tao kaya nwn ay pgriyrsa ko ang aking ilong. Ang lalaki na pmpiyrse sa aking ilong ay mnsan ay ngsasalita sa mbng tono kaya hrap mrng ang sbsbi niya sa akin. May dwa ng pagkakataon na npakakaba ko mtp sya hngin ulitin.

Una, sbi niya ang isang bagay habang ako ay ngpipirma. Sbi ko ""hmm?"" at tntgnan niya ako nang ilang sndo bago",0.2855251431465149,98.85789942741394
Hospitals Anyone been in the mental hospital for just anxiety and depression? Like panic attacks. Thanks,5,anxiety,osptal. myn karanas ng pag-stay sa mental hosp dlng sa anxity & depressn? Tld ng panic atks. Salamat.,0.3327333331108093,98.66906666755676
"The anxiety seasons have started ItÃÂ¢Ã¢ÂÂ¬Ã¢ÂÂ¢s gotten hot where I live meaning itÃÂ¢Ã¢ÂÂ¬Ã¢ÂÂ¢s officially Spring meaning itÃÂ¢Ã¢ÂÂ¬Ã¢ÂÂ¢s officially anxiety season, wooo! 

It is currently 4:30 AM, itÃÂ¢Ã¢ÂÂ¬Ã¢ÂÂ¢s too hot for me to sleep, and the heat is giving me anxiety. The air conditioning is *SUPPOSED* to be on, but itÃÂ¢Ã¢ÂÂ¬Ã¢ÂÂ¢s been broken in this room for like a year and my mom refuses to admit itÃÂ¢Ã¢ÂÂ¬Ã¢ÂÂ¢s broken, saying that itÃÂ¢Ã¢ÂÂ¬Ã¢ÂÂ¢s just cause the room is over the garage. Which I KNOW isnÃÂ¢Ã¢ÂÂ¬Ã¢ÂÂ¢t true because IÃÂ¢Ã¢ÂÂ¬Ã¢ÂÂ¢d still be able to at least HEAR or FEEL the air conditioning running but it DOESNT. 

ItÃÂ¢Ã¢ÂÂ¬Ã¢ÂÂ¢s kinda funny (not really, but if I donÃÂ¢Ã¢ÂÂ¬Ã¢ÂÂ¢t laugh I WILL have a mental breakdown) that Spring and Summer are the worst for my anxiety when almost everyone else (*cough* neurotypicals *cough*) tend to LOVE those seasons. Ass that to the list of im just weird I guess lol",5,anxiety,"Nagsimla na ang pn ng pag-aalala. Nging mainit na sa akng tirhan, ibig sabihin opisyal nang tagsibol, ibig sabihin opisyal nang pn ng pag-aalala, wooo!

Alas-otse at kalahati ng umaga na, masyadong mainit para matulog, at ang init ay nagdudulot sa akin ng pag-aalala. Dapat sana ay naka-on ang aircon, pero nasira na ito sa silid na ito nang halos isang taon at ayaw aminin",0.2915334403514862,98.83386623859406
"STOP I'M GAMAU ANXIETY, GUNDAH GULANA AGAIN",5,anxiety,"HALT! NAG-ATAK ANG ANXIETY Q, GUMIGILA AT NAG-AALIPUSTA NA ML.",0.7948682308197021,96.8205270767212
"Why is it that every time I do my job I'm always restless, I'm so dizzy, it's so hard I can't focus, please",5,anxiety,"bkit lgi ako ngng mglu, nhilo, at nhhrap mg-concntr kpag ginagawa ko ang akng trbaho, pkiusap?",0.9040179252624512,96.3839282989502
"Self diagnosis past 4 months I thought I would just list all the diseases/problems I've convinced myself I've had the past few months. Multiple trips to the Dr, multiple blood tests - everything coming back clear. 

Diabetes, HIV, throat/tongue/mouth cancer, MS, lupus, overactive thyroid and sjogrens syndrome. 

Yup, it's been a tough few months, I've lost so much sleep thinking about how I'm going to tell my friends and family, will I have to move back home to die? But I'm so young, this is so unfair? 

I'm still struggling, but for the past week I've stopped googling and honestly, it has helped. I still get the thoughts and worries, but by not googling they do not manifest in my mind as much. 

My doctor has diagnosed me with something though, and that something is anxiety. I think it's important to remember that anxiety does have LOADS of physical symptoms (over 100!) and can affect people in different ways. A website I find useful (I know, no googling but this is different, right) is; https://www.anxietycentre.com/anxiety-symptoms.shtml 

I've been lurking on this sub for the past month or so, and can really relate to posts here on a daily basis. It's somewhat comforting to know you're not alone with these crazy thoughts. 

If anyone is struggling and wants someone to talk to, my DMs are open ÃÂ°ÃÂ¸ÃÂÃÂ have a great week everybody. 
Oh, and drink water.",5,anxiety,"sa nakalps na apat na bwn, ngsasagawa ako ng sldgms at nisip kong lst ang lht ng skt/prblm na aking pnniwalaan na mrn ako sa nakaraan mga bwn. Mryng pgbsta sa dktor, mryng psgusr ng dug - lht ay bbalik na klaro.

Dbt, HIV, kanser sa llmnn/dla/bbg, MS, lupus, sobra-sobrang aktv thyroid at sjogrens syndrm.

Oo, hrp",-0.7882792949676514,100.0
"Sending love to the sub Someone I love dearly is going through a particularly brutal bout of HA right now and itÃÂ¢Ã¢ÂÂ¬Ã¢ÂÂ¢s so hard for me to sit back and watch him suffer while being powerless to help him. He canÃÂ¢Ã¢ÂÂ¬Ã¢ÂÂ¢t even come on this sub because there are too many triggers for him. Keep fighting the good fight my friends. You may feel alone out there at times, but know that there are people who care about you. DonÃÂ¢Ã¢ÂÂ¬Ã¢ÂÂ¢t give up!",5,anxiety,"ipinapadala ko ang pagmamahal ko sa mga miyembro ng subreddit. mhal kong tao ddaanan sa malupit na pag-atake ng HA ngayon, hirap manatili at manood habang siya nagdurusa, wala akong magawa tulungan siya. d makakasali dito, maraming trigger. magpatuloy laban, mga kaibigan. maaari maramdaman nag-iisa minsan, ngunit",1.2558822631835938,94.97647094726562
"Thyroid cancer? Lymphoma? Random infection? I'm a 21 year old male.

 20 days ago I started feeling pain in the lower right part of my throat right above my collarbone. Halfway through the week I noticed a lump was there and made an appointment with my doctor. Doctor sent me for an ultrasound and found a 3cm lump in my neck but couldn't make out what exactly it was, so I was sent for a CT scan. The CT scan results showed that this tumor was near a muscle and lymph node. It looked suspicious to her and she also saw 2 other minor swollen lymph nodes so she referred me to a much better hospital (Vanderbilt) so that they could do their own tests. 

That was 12 days ago. This past Friday I had a fine needle biopsy done on the lump and got the results back yesterday. Apparently cancer wasn't detected and bacteria wasn't either but I did see something about 2+ polys. The test was essentially inconclusive but whatever it was it looked ""infectious"" and ""something on the uncommon side"", according to my doctor. 

My doctor was going to prescribe me Augmentin but since I am allergic I was prescribed Clindamycin. He wants to try me on that for a week and see if it helps. However, the day after the biopsy was done I have started experiencing slight pain right under my adam's apple when I yawn or look down. Seems like there is a bump there too. I let my doctor know this yesterday but he still wants to go through with the antibiotic for a week to see if anything changes. 

I don't really notice any other symptoms. I think my mouth has been a bit more dry as of late but nothing crazy. I was pretty worried early on but started to get over it until this other lump showed up. Wouldn't the CT scan from just over a week ago detected this new lump? I feel like I should be relieved that they didn't find anything malignant but I'm also worried that maybe they missed it or didn't get a proper reading. I have all the trust in the world in this hospital but my nerves are getting the best of me. Sorry if this is kind of all over the place. ",5,anxiety,"kanser thyrd? lymphoma? rdm impeksiyon? ako 21 lalaki.

Dalawampung araw na, sakit ilbm kanan lalamunan, itaas collarbone. Gitna linggo, napanu bukól, aptmnt doktor. Ipinadala ultrasound, natagpuan 3cm bukól leeg.",-0.8426019549369812,100.0
"Yay. A new thing to worry about. Tonight while taking a drink I swallowed wrong &amp; am convinced I aspirated some into my lungs. Spent the last 15 minutes Googling &amp; am now worried I will end up with aspiration pneumonia. 
It is always something. Always. ",5,anxiety,"Uy. isa pang dahilan pr mag-alala. knina hmbl uminom, ml ang paglunok ko at sguro nkpasok ang likido sa baga ko. Gngol ko ang nklp ng 15 minuto sa paghahanap sa Google at nwn ay ntatakot akong mgkaroon ng pneumonia dhl sa paglunok ng likido. Lgi na lng my prblma. Lgi.",-0.7537322044372559,100.0
"I don't know if it's anxiety anymore or it's part of feeling normal I have been on medication for 6 months due to repeated panic attacks that left me unable to leave the house and as a consequence, losing work and studies. Two months ago I went back to school and the truth is I'm not so bad, but these days I feel a pressure in my chest and some nausea that I felt before when I was very anxious. Is it normal or am I feeling anxious again? I take 100mg of Sertraline.",5,anxiety,"hindi ko alm kung ito na ba ay pagkabalisa o bgi na ng pkiramdam na normal. Nsa gamot na ako ng anim na bwan dhil sa paulit-ulit na pag-atake ng panikang nag-iwan sa akin na hindi mkalais sa bahay at bunga nito, nawalan ako ng trabaho at pag-aaral. Dalawang bwan na ang nakalipas ay bbalik ako sa paaralan at totoo, hindi naman ako masyadong msa, ngunit kamakailan ay nraramdaman ko ang presyur",0.288555234670639,98.84577906131744
"Anxiety Causing Excessive Urination Hello everyone, i was diagnosed with General Anxiety Disorder at age 7. Im able to manage most of the symptoms with natural remedies except one which is excessive urination. SSRIs &amp; Anxiety Meds do not help if anything they make it worse. Im now 27 and still suffering from the symptom. I have no physical illnesses and have seem numerous doctors and specalist and theyve said that everything is normal. It has recently started interferring with work and im now at risk of being fired from my job because they can not accommodate, even though i have a doctors note, they said the excessive restroom trips are causing business interruptions. I cant go to amusement parks, concerts, long road trips or hiking/walking trails because ill have the sensation of needing to go pee. Most of the time when i do go nothing really comes out...Does anyone else suffer from this or has suffered from it or have any solutions??",5,anxiety,"'Pagkabalisa > labisng pg-ihi. Kumusta sa inyo, 7 yrs old nako diagnosed GAD. Nakapamahala ng sintomas gamit natural na lunas, maliban sa pg-ihi. SSRIs, anx gamot hindi tumutulong, minsan lala pa. Ngayon 27, patu'",0.2303703427314758,99.0785186290741
"I just want to pass, there are so many obstacles ÃÂÃÂ« I'm so tired guyssss I want to rest for a while but I can't seem nervou",5,anxiety,"Gusto ko lng pms, mrami n hdbg. Pgd na ako, gys, gsto kong mghnga sglt pero prng hndi ko kaya, knkabhn ako.",0.965291142463684,96.13883543014526
Is anyone else scared that they are going to ban tiktok? It scares me that they're thinking of banning tiktok. Tiktok has been one of the only things that can calm down my anxiety and make me not stressed.,5,anxiety,nttkot ba iba na ibbwl ang TikTok? knkaban ako n iniisip nilng i-ban TikTok. Isng nkakatulong sakin para mapawi ng aking pgkabalisa at hindi mg stressed.,0.3469449877738952,98.61222004890442
"Scared of health problems while flying I'm a 30 yo fm, always have had health anxiety since I was a child. Specific fears of flying and having a heart attack or not being able to breath because of Increased pressure and less oxygen ÃÂ°ÃÂ¸ÃÂÃÂ«I cause myself anxiety and I start to yawn and panic to get a satisfying breath. Scared I'll suffocate or have a heart attack.  Flight is tomorrow and scared ",5,anxiety,"natatakot ako sa mga prob sa kalusugan habang lumilipad. 30 taong lalaki, kaba sa kalusugan mula bata. Takot sa paglipad, atake sa puso, hirap huminga dahil presyon at kakulangan oxygen. Nagdudulot kaba, yawn, panic para makuha kasi.",-0.7715716361999512,100.0
"guys, do you have the same cake as me? I like being scared but I don't know what to worry about :((",5,anxiety,"mgs gys, my prhng cke b kyo ktlkd ko? gsto kong mtkot pr hindi ko alm kung ano ng dpt kbahala :((",0.8582339882850647,96.56706404685974
"Heart Failure? Male 17

&amp;#x200B;

About 6 months ago i had my first panic attack. This was accompanied with palpitations and i was shaking very bad. I thought i was having a heart attack. I conitnued having these panic attacks but I understood that I wasn't having one heart attack every day so I tried convincing myself it was anxiety. I went to see a doctor after a while just to make sure nothing was wrong with me and I got a referal to the hospital to have a 24h EKG taken. I did and they noticed some ""extra-beats"". My heart rate was also pretty high for short periods during these 24 hours for unexplained reasons. I assume anxiety. I recently got another referal to a cardiologist and I am going to do a lot of different tests to make sure that nothing is wrong. I got the referal to the cardiologist 2 weeks ago but I haven't recieved a letter, phone call or anything. So who knows how long it will take? I recently started having a cough. It feels like theres some wet thing stuck in my throat and I clear my throat all the time. I can sometimes feel it in my lungs as well. This accompanied with shortness of breath. Now I have managed, thanks to the help of Dr. Google, to diagnose myself with Congestive Heart Failure. Has anyone else experienced anything similar? I am starting to lose patience.",5,anxiety,"m skt n pgkbgo ng puso? Lalaki, 17 tyo.

Mga 6 bwan na, naranasan ko unang panic attack. Kasama palpitations, sobrang pagyanig. Akala ko heart attack. Patuloy panic attacks, pero naiintindihan ko hindi heart attack araw-araw kaya sinubukan kong hikayatin anxiety. Pumunta ako sa doktor pagkatapos ilang",-0.8069522380828857,100.0
"Can't sleep tonight, why are you so restless?",5,anxiety,"nd ako mkatlg ngyn gbi, bkit k gnun kblisa?",0.97236430644989,96.11054277420044
"Worried about colon cancer again. Ugh. Hi,

So IÃÂ¢Ã¢ÂÂ¬Ã¢ÂÂ¢ve been away for a while from this sub trying to sort myself out. I had a massive colon cancer scare end of 2017/ beginning of 2018 which subsided after numerous tests at doctors. However, IÃÂ¢Ã¢ÂÂ¬Ã¢ÂÂ¢ve recently started worrying again - I use the toilet about 3 times a day. Have urgency to go. Sometimes have flat stools - worried itÃÂ¢Ã¢ÂÂ¬Ã¢ÂÂ¢s colon cancer and IÃÂ¢Ã¢ÂÂ¬Ã¢ÂÂ¢ve had it for 18+ months :/

",5,anxiety,"n-aalng muli kng kanser s colon. Ugh. Kusta,

Lng nawla s subreddit n tnghaysusubkng ayusin kng s. Nlng 2017/sng 2018, nranxsa kng lkg takt s kanser s colon n hmn mtp ng mg dr. Nlt, kmkl nng nagsisimlng mag-alala muli - pmpunta ako s banyo mg tlr beses s isang araw. May",-0.8244149088859558,100.0
"tbtb restless, tf is wrong with meh?",5,anxiety,"nakkbingi khtmkn, ano bng ml sa kn?",0.8515675663948059,96.59372973442078
Always feeling like I'm going to die. Due to my anxiety and insomnia I always feel like crap. I find myself a smart woman and yet I feel like I'm really sick and will die from this. The weird and constant thought of having cancer through my body. Nothing proofs that this is true and I'm strong enough to not call my doctor every day. But I feel horribly tired and scared all the time. I don't understand why I can tell myself that I'm fine but my body somehow just doesn't believe it. I want my life back. ,5,anxiety,"Lagi akong nakakaramdam na mamamatay na ako. Dahil sa aking pag-aalala at kawalan ng tulog, lagi akong nakakaramdam ng pagkabulok. Nakikita ko ang aking sarili bilang isang matalinong babae, ngunit nararamdaman kong talagang may sakit ako at mamamatay dahil dito. Ang kakaiba at patuloy na pag-iisip na may kanser sa aking katawan. Walang patunay na totoo ito at sapat na lakas ako upang hindi tumawag sa aking doktor araw-araw.",-0.837537407875061,100.0
"Oral cancer fears It's been at least weeks since I've noticed it, but who knows how long it's actually been there. I'm not even sure how to describe the location. It's not on the hard palate but kind of in between that and the hard part of the gums on the inner side of teeth.

If you take your tongue and reach it as far back as you can even past the final molar on top, that's where it is.ÃÂÃÂ 

Anyways, I felt with my tongue recently that there was a small lump. If I look in my mouth, there is no sore or anything. But I can feel it with my tongue and finger. I just touched it with my hand again and I believe it is movable as well but I'm not 100 percent on that. It doesn't currently hurt to the touch but weeks ago, it was tender when I would use my finger.ÃÂÃÂ 

I can't get it looked at until February 5th, and my health anxiety was doing so well for about a year now, but now I'm freaking out and it's affecting my sleep amongst other things.",5,anxiety,"Ntatk t k sa psblng kanser sa bibig. Nkita ko n ito mga ilang lgo na, pero hndi ko alm kung gn ktlgal na ito. Hndi ko nga srguro kung pno ilrwan ang lokasyon nito. Hndi ito nasa hrd plt, kundi prang nasa pgitan nito at ng mtigas na bhag ng glgid sa loob ng ngp. Kung ittlk mo ang dla mo hngga't kaya mo, ht ng lmsp sa hlg molar sa ts, doon ito mtatgp.",-1.0578879117965698,100.0
"Heart feels like it's beating too hard Hello. I've been sick for the past week or so (I think it's the flu), and I'm on the tail end of it. Just earlier today I started having some discomfort in my chest and so I've been trying to avoid using those muscles too much. I just woke up ~10 minutes ago, and my heart was beating 80 times per minute, and way harder than normal. it's now 20 minutes since I woke up, and it's going back down closer to normal. This has happened to me only a few times in the past year, and I'm worried it might be something serious.",5,anxiety,parang mabls at mlakas ng tibk ng puso ko.,-0.842563271522522,100.0
"Just feel so overwhelmed over ultrasound. Pleas talk to me. Long story short is that i went to the DRs to get routine bloodwork done after stressing for a month, i also had her check my thyroid and hormones because after having irregular periods and feeling anxious i figured that hormones had to be it. My blood work came back fine except my testosterone was high. I started having a work up done on my ovaries and kidneys to check for tumors. My friend is a nurse at the office i was at and had the ultrasound tech check my kidneys extra well even tho it wasnÃÂ¢Ã¢ÂÂ¬Ã¢ÂÂ¢t a dedicated test for them because she knew i was afraid of a adrenal tumor. The tech couldnÃÂ¢Ã¢ÂÂ¬Ã¢ÂÂ¢t find anything and said if there was something there she would of seen it...but that wasnÃÂ¢Ã¢ÂÂ¬Ã¢ÂÂ¢t good enough of a answer for me. 

I have to go back for a kidney bladder ultrasound and IÃÂ¢Ã¢ÂÂ¬Ã¢ÂÂ¢m spiraling out of control because i feel like THATS when theyÃÂ¢Ã¢ÂÂ¬Ã¢ÂÂ¢re going to find something. I canÃÂ¢Ã¢ÂÂ¬Ã¢ÂÂ¢t take it. I feel like my life is unbelievably overwhelming now and IÃÂ¢Ã¢ÂÂ¬Ã¢ÂÂ¢m too scared to go back to have the ultrasound. Please...anybody. An ultrasound tech or nurse or anyone with a similar experience. Please help me. I donÃÂ¢Ã¢ÂÂ¬Ã¢ÂÂ¢t want to live like this. ",5,anxiety,"nkakovrwhelm k lng dhl sa ultrasound. pk smhan mo. mkl kwnto, pnta ako sa doktor pr routine bloodwrk mtp magstress ng isang bwn. pngck ko rin ang aking thyroid at hormones dhl pagkatapos ng irregular periods at pagiging anxious, akla ko hormones ang dahilan. normal ang resulta ng aking bloodwrk maliban sa mataas ang testosterone ko. nagsimula akong magpa-check ng aking ovaries at kidneys pr mga tumor. kaibigan kong nurse sa opisina ay",-0.8216078877449036,100.0
"(TW: mention of suicidal behaviour) anyone with health anxiety who used to suicidal or still is even? A little long, TLDR at end.

I donÃÂ¢Ã¢ÂÂ¬Ã¢ÂÂ¢t have many people to talk about health anxiety with as I donÃÂ¢Ã¢ÂÂ¬Ã¢ÂÂ¢t know many people in my real life who deal with it. Or at least who are open about dealing with it.

A few years ago I got diagnosed with Somatic Symptom Anxiety after I went to the hospital with chest pain and difficulty breathing but it turned out to be a result of weeks of severe anxiety and stress building up and manifesting in some physical symptoms which at that point I didnÃÂ¢Ã¢ÂÂ¬Ã¢ÂÂ¢t even know could happen. I was paired up with a free psychologist from the hospital who dealt with SSA but unfortunately I really didnÃÂ¢Ã¢ÂÂ¬Ã¢ÂÂ¢t like him and at the time didnÃÂ¢Ã¢ÂÂ¬Ã¢ÂÂ¢t respect my diagnosis either. I felt discouraged that I had went to the hospital with real symptoms and worry (my dad has a sudden cardiac arrest in his sleep due to a genetic heart condition - they have not found it in me yet - but we still keep a close eye on my heart) so in a way I didnÃÂ¢Ã¢ÂÂ¬Ã¢ÂÂ¢t feel validated and thought they werenÃÂ¢Ã¢ÂÂ¬Ã¢ÂÂ¢t understanding me. It took me over a year to finally accept it and realize that I do get very anxious around the thought of loosing health and death.

A few months after all this I started university and was set up with the counsellor there. They turned out to be great and very helpful. Anyway, they really helped me dive into myself and get some better understanding of my anxiety. They also helped me realize something which is why IÃÂ¢Ã¢ÂÂ¬Ã¢ÂÂ¢m making this post. 

I had been suicidal for as long as I can remember. IÃÂ¢Ã¢ÂÂ¬Ã¢ÂÂ¢m currently 27 but when I was about 7-24 I remember constantly thinking about suicide. I always had a plan. I had attempted it a few times as a teen but wasnÃÂ¢Ã¢ÂÂ¬Ã¢ÂÂ¢t successful. Luckily I was able to get help and turn my life around and start to actually value life. I still had some times where I thought my life is so hard or this is it or my life is getting so disastrous that I should just end it. Now I find myself valuing life, enjoying being alive, and worrying about death/losing my health. I used to be so at peace with the thought of dying and saw it as an escape. And now it absolutely terrifies me to the point it affects my day to day life. 

I sometimes still have suicidal thoughts that cross my mind but IÃÂ¢Ã¢ÂÂ¬Ã¢ÂÂ¢m in a good place in my life and truly believe that I have put it past me for now. Sometimes I worry if something big or tragic happens in my life IÃÂ¢Ã¢ÂÂ¬Ã¢ÂÂ¢ll be back to feeling that way but currently IÃÂ¢Ã¢ÂÂ¬Ã¢ÂÂ¢m good. 

During the time I was suicidal I never did anything that has caused permanent damage (as far as I can tell so far), but I definitely wasnÃÂ¢Ã¢ÂÂ¬Ã¢ÂÂ¢t living a healthy lifestyle. IÃÂ¢Ã¢ÂÂ¬Ã¢ÂÂ¢ve struggled with addiction and substance abuse that I have recently gotten a hold on but know it could be too late for some damages the substances can do (mostly alcohol) but I am trying my best to live healthily and make sure my body has what it needs to recover. I think this fuels my health anxiety too. 

I will obsess over a symptom and convince myself this is it. Oh youÃÂ¢Ã¢ÂÂ¬Ã¢ÂÂ¢re finally enjoying life? Well too bad, itÃÂ¢Ã¢ÂÂ¬Ã¢ÂÂ¢s soon over. 
 
I know mental health and illness is complicated , everyoneÃÂ¢Ã¢ÂÂ¬Ã¢ÂÂ¢s different, they often intertwine, and more. But IÃÂ¢Ã¢ÂÂ¬Ã¢ÂÂ¢m curious to know if anyone else has similar thoughts about this or any really.

Thank you for taking the time to read and consider this.

*TLDR*: Was suicidal as a younger person, seems to be gone now, but since I am enjoying life and feeling guilt about how I used to life I feel it just fuels and fuels my health anxiety. Wondering if anyone has similar experiences to share?",5,anxiety,"mayron b nakakaalam dito na may health anx at dati/kasalukuyang ng-iisip ng pagpapakamatay? mahabang kwento, tl;dr sa dulo. di ako marami makakausap tungkol sa health anx kasi hindi ko kilala maraming tao sa tunay kong buhay na nakakaranas nito. o kahit sino bukas sa pag-uusap tungkol dito. ilang taon na ang nakalipas, n-diagnose ako ng somatic symp anx matapos pumunta sa ospital dahil sa sakit",-0.7658339142799377,100.0
"I donÃÂ¢Ã¢ÂÂ¬Ã¢ÂÂ¢t understand why my sickness wonÃÂ¢Ã¢ÂÂ¬Ã¢ÂÂ¢t go away. IÃÂ¢Ã¢ÂÂ¬Ã¢ÂÂ¢m starting to think I might have neck or throat cancer. Two months ago I went to the doctor due to a cough and a caught up stuffy head IÃÂ¢Ã¢ÂÂ¬Ã¢ÂÂ¢ve had for literally 2-3 months straight. The doctor gave me decongestants and antibiotics to tackle infections. 1 month later I still have the cough, and I developed really bad mouth ulcers which made it extremely difficult to eat or even talk, along with a lump developing under my jaw which was supposedly a swollen lymph node. I got a blood test taken. I also had constant tiredness. 

I got acid reflux then in between all of this which I also got medicine for. ItÃÂ¢Ã¢ÂÂ¬Ã¢ÂÂ¢s cured now.

I got prescribed medicine again and I got rid of the ulcers and the soreness in my mouth. The lump under my jaw disappeared, and my blood tests said I was perfectly fine, but I still donÃÂ¢Ã¢ÂÂ¬Ã¢ÂÂ¢t feel right. Another lump has just grown on the right side of my neck this time, and my cough and stuffy head is STILL effecting me. IÃÂ¢Ã¢ÂÂ¬Ã¢ÂÂ¢m really starting to worry that this might be something very serious. Why canÃÂ¢Ã¢ÂÂ¬Ã¢ÂÂ¢t I just become fully healthy? ItÃÂ¢Ã¢ÂÂ¬Ã¢ÂÂ¢s been months, almost 4 months now. IÃÂ¢Ã¢ÂÂ¬Ã¢ÂÂ¢m going back to the doc again on Friday and this time IÃÂ¢Ã¢ÂÂ¬Ã¢ÂÂ¢m going to tell her my concerns. ",5,anxiety,"sa lalamunan ko.

Revised: hndi ko mntndh kn bkit nd nwawala skt ko. ngsisimla n k mag-isip n baka my kanser s leeg o lalamunan. dhlwng bwn nklpas ay pntg ako s dctr dhl s ubo t sipon nd nwawala nlng halos 2-3 bwn. bngyan ako ng dctr ng dcongestants t antibiotics pr sk impk. isang bwn mtpn yn, nntlr pn ang",-0.8346618413925171,100.0
"Obsessive googling of symptoms hi,
I'm pretty new to posting but I've struggled with health anxiety for about 18 months now. Thought I got on top of it, but I think I was spending my time worrying about other stuff...anyway.
My first obsession was a brain tumour but now it's liver cancer, because on saturday I went out and got drunk and now I'm obsessed I've lost all alcohol tolerance which could be a symptom. As soon as I read that (on some shitty health forum) my left side started hurting and I'm convinced I'm yellow now.
How do I stop the constant cycle of needing reassurance/worrying about symptoms appearing before they have?
Desperately trying to rationalise (I drank about 8 measures of gin, usually that wouldn't affect me as much as it did and I'd eaten...so clearly I'm stressing tf out).",5,anxiety,"Obsesibong paghahanap ng mga sintomas sa Ggle, kmusta,
Bguhan pa ako sa pagpost ngunit nagdurusa na ako sa pangamba sa kalusugan nang halos 18 bwan. Akala ko na nkntrl ko na ito, ngunit sa palagay ko, nakatuon lang ako sa pag-aalala tungkol sa iba pang bagay...kht papaano.
Ang unang aking pag-aalinlangan ay tungkol sa tumor sa utak ngunit ngayon ay kanser sa atay, dhil noong Sabado ay lu",-0.7796413898468018,100.0
"Anxiety over living in an apartment IÃÂ¢Ã¢ÂÂ¬Ã¢ÂÂ¢m going to have to live in an apartment when I start school, and IÃÂ¢Ã¢ÂÂ¬Ã¢ÂÂ¢m scared about noises, whether it is them being too loud or me being too loud. IÃÂ¢Ã¢ÂÂ¬Ã¢ÂÂ¢m scared that someone will accidentally shoot a gun and it will go through the wall and hit me while IÃÂ¢Ã¢ÂÂ¬Ã¢ÂÂ¢m sleeping or something. IÃÂ¢Ã¢ÂÂ¬Ã¢ÂÂ¢m scared the building will collapse on top of me. IÃÂ¢Ã¢ÂÂ¬Ã¢ÂÂ¢m scared that one apartment will start a fire and burn down the building while my pet is inside. I have a lot of fears over this and it is making me not want to go to school. I canÃÂ¢Ã¢ÂÂ¬Ã¢ÂÂ¢t afford to rent a house though unless I have roommates, which I donÃÂ¢Ã¢ÂÂ¬Ã¢ÂÂ¢t want. ItÃÂ¢Ã¢ÂÂ¬Ã¢ÂÂ¢s been stressing me out a lot.",5,anxiety,"nabahala ako sa pagtira sa apt dhil papasok na ako sa paaralan, natatakot ako sa ingay, kung malakas sila o ako. Natatakot akong barilin ng aksidente at dumaan sa dingding habang natutulog ako. Natatakot akong bumagsak ang gusali sa akin. Natatakot akong magsimula ng sunog ang isang apt at sunugin ang buong gusali habang nasa loob ang aking alagang hayop. Marami akong takot tungkol dito at hindi na ako gustong pumasok sa paaralan.",0.2983176112174988,98.80672955513
"Heart problems please help ÃÂ°ÃÂ¸ÃÂÃ¢ÂÂ So iv been having on and off trouble breathing and a racing heart/palpitations for about a month now. I was supposed to have a blood test but I had a panic attack but I had an ECG done and have heard nothing back so I'm guessing it came back OK? 

I'm still getting random palpitations and a racing heart that seems to come and go and I'm so terrified I have something seriously wrong with me. They can come and go at any time of the day at random I'm so scared but apparently ECGs can pick up all sorts of problems?

Anyone experience symptoms like these for this long? I'm always tempted to rush the the hospital ÃÂ°ÃÂ¸ÃÂÃÂ¢ ",5,anxiety,"prblm s puso, plsa tulg. Ngang sng buwan, rrnasan ko hrap hng at mbilis tk ng puso/palpitasyon n paulit-ulit. Dpat sana chck ng dugo ako, ngng kyun ng panic attack, nngn gawa ako ng ECG, wl pang balita, kaya nisip ko okay nmn?

Patuloy prn kko rsnas ng rndm palpitations at mbilis tk ng puso, prang ltwt at mwl, sobrang",-0.771531343460083,100.0
"Hands falling asleep. Past few days, IÃÂ¢Ã¢ÂÂ¬Ã¢ÂÂ¢ve woken up in the night with my hands tingly and asleep, where I have had to shake my fingers to wake them up. And if I try to fall asleep, I can feel light tingles in my hands. It hasnÃÂ¢Ã¢ÂÂ¬Ã¢ÂÂ¢t been throughout the day, at least not that I have noticed, but I was wondering if anyone else has had symptoms like this?",5,anxiety,"Ang mga kamay ko ay parang natutulog. Sa nakalipas na ilang araw, nagigising ako sa gabi na parang may kirot at parang natutulog ang aking mga kamay, kaya kailangan kong igalaw ang aking mga daliri para magising sila. At kapag sinusubukan kong matulog muli, nararamdaman ko ang bahagyang kirot sa aking mga kamay. Hindi ito nangyayari buong araw, hindi ko man lang napansin, pero nagtatanong ako kung mayroon bang iba na nakaranas",0.3234963417053222,98.70601463317873
"PSA for anxiety symptoms I often see people posting on here, ""Is ....... a symptom of anxiety"" The answer is 99 outta a hundred, YES! My anxiety has given me the weirdest aches &amp; pains fron a non stop fluttering eye, to hot or cold sweats, pins &amp; needles, stabbing pains, all the way to i can't breathe or feeling I'm about to die of a heart attack or the old, ""this isn't real life"". When are brains are overloaded with stress hormones it goes berserk. As I've learned to accept my symptoms as a part of my anxiety &amp; not fight or repress them, it's alot easier to manage.""Anxiety will not kill me"" is my mantra. I know its hard but don't hold on to every little feeling in your body it only magnify the feeling. My anxiety is more mental now when it comes which while tricky is infinitely easier then feeling I'm gonna die 10 times a day. What's your weirdest or scariest symptom? Let's normalise the abnormal &amp; all feel a bit better .",5,anxiety,"Paalala: sintoma pagkabalisa. Madalas post dito, ""Ba't ....... sintomas pagkabalisa?"" Sagot: 99 sa 100, OO! Pagkabalisa ko bigay kakaibang pananakit, sakit mula hindi tumitigil pagtibok mata, mainit/malamig pawis, pamumulaklak, pananakit, hininga nawawala.",0.236615777015686,99.05353689193726
Anxiety and headaches I've had a headache for 6 days and my doctor said today that it's most likley anxiety and stress but I feel like it has to be something worse like an anyersum or stroke. But my dad is saying I need to believe the doctor but it's so hard too it just feels like im dying.,5,anxiety,"ang akng skt ng ulo ytgl ng 6 araw at sb ng akng doktor nwn na lmng ay dhil sa pag-aalr at strss, nng prang my ms lbhng dhln tl d aneurysm o strk. Ngt sinbs ng akng am na dpt akng mnwl sa doktor, nng mhrp gwn, prang nmmatay n ak.",0.3174699544906616,98.73012018203735
"Panic Attacks Hi, 

I've been having very bad anxiety attacks lately. I've been taking valium and it's helped but doesn't eliminate it. I've never had it sooooo bad. I also take olanzapine. I'm in the gym trying to push it away but I want to run home and take a valium. However, I only have a few tablets left. I'm really struggling on what to do.

Anyone else feel the same or have been in a similar place?",5,anxiety,"mgs atk ng panik, kusta, anxiety attacks ko sryoso nwn. tk valium, nlngt hndi nawala ganap. hndi n nranasan kasing sryoso. tk din olanzapine. nasa gym n, susubukan kng klmtyn, gusto umuwi kumuha valium. kakaunti n gmot. hirap malaman gagawin.",0.3050388097763061,98.77984476089478
"Cannabis Carts are publicly known to have pesticides in them recently and I just found out I really hope IÃÂ¢Ã¢ÂÂ¬Ã¢ÂÂ¢m in the right place for this
IÃÂ¢Ã¢ÂÂ¬Ã¢ÂÂ¢m a 20 year old male 6ÃÂ¢Ã¢ÂÂ¬Ã¢ÂÂ¢2ÃÂ¢Ã¢ÂÂ¬ÃÂ 140lbs and I have smoked no less than 3 and no more than 6 grams of the cartridge brands in question in the last 3 months. I have been having occasional random (brief) pains in various places on my chest and stomach. My left arm also has felt ÃÂ¢Ã¢ÂÂ¬ÃÂtinglyÃÂ¢Ã¢ÂÂ¬ÃÂ but hasnÃÂ¢Ã¢ÂÂ¬Ã¢ÂÂ¢t actually gone to sleep. These symptoms have been going on for 2 weeks. I have thrown away the cart (as of yesterday) but I keep reading and seeing stuff about heated pesticides being like ÃÂ¢Ã¢ÂÂ¬ÃÂnazi gasÃÂ¢Ã¢ÂÂ¬ÃÂ and I have been dealthy afraid of whats going to happen to me. I canÃÂ¢Ã¢ÂÂ¬Ã¢ÂÂ¢t tell my family because they donÃÂ¢Ã¢ÂÂ¬Ã¢ÂÂ¢t know I smoke anymore (after getting in trouble 3 years ago and ÃÂ¢Ã¢ÂÂ¬ÃÂstoppingÃÂ¢Ã¢ÂÂ¬ÃÂ. KARMA right) I donÃÂ¢Ã¢ÂÂ¬Ã¢ÂÂ¢t really know what my question is, IÃÂ¢Ã¢ÂÂ¬Ã¢ÂÂ¢m just unable to focus on my schoolwork or home life because IÃÂ¢Ã¢ÂÂ¬Ã¢ÂÂ¢m constantly thinking about my body and listening for a warning bell that this is gonna be the pain that sends me to the hospital. Can I detox without going to a doctor and be okay??",5,anxiety,"kilala na sa publiko na may pestisidyo ang Cannabis Carts, nalaman ko lng, sana nasa tamang lugar ako dto. ako 20 taong lalaki, 6'2"", 140lbs, nsunog ng 3-6 gramo ng Cannabis Carts brand sa nakalipas na 3 buwan. may paminsan-minsang sakit.",-0.9680290222167968,100.0
"Why is it that if there are a lot of people talking in front of the house, there are too many motorbikes that pass by, the feeling is immediately restless, afraid, gt",5,anxiety,"bakt kpag mrami ng tao ng-uusap sa frnt ng bahay at mrami ring mtrsiklo ng dmdan, agd na nraramdaman ang kaba at tkot?",0.959786891937256,96.16085243225098
"Worried after burning non-stick pan? I was heating up a non-stick frying pan earlier and left it on high for about 10 minutes after forgetting about it. It started smoking, I realized what was going on, and I grabbed the pan and ran it under water. I turned on a fan and went about my business for another 10 minutes in the slightly smokey room.

Suddenly I became anxious and looked up if this could be harmful and found several articles about something called polymer fever? I definitely have a bit of a scratchy throat and feel kind of weird but I don't know if I'm just imagining it.",5,anxiety,"Nag-aalala ako matapos masunog ang aking pang-prito na hindi nag-dikit? Kanina, pinainit ko ang isang pang-prito na hindi nag-dikit at iniwan ito sa mataas na init nang halos 10 minuto dahil nakalimutan ko. Nagsimula itong usok, napagtanto ko ang nangyayari, at kinuha ko ang kawali at inilagay ito sa ilalim ng tubig. Pinagbuksan ko ang isang tagahinga at nagpatuloy sa aking gawain nang halos 1",-0.8100556135177612,100.0
"Sudden severe head and neck pain...should I worry? I was laying in bed when I felt a really weird painful feeling in my neck. It was almost like a stretching feeling. Then the pain moved up to the back right of my head. Now it feels like thereÃÂ¢Ã¢ÂÂ¬Ã¢ÂÂ¢s some pressure back there, as well as in my neck. IÃÂ¢Ã¢ÂÂ¬Ã¢ÂÂ¢m also feeling a bit dizzy and shaky. IÃÂ¢Ã¢ÂÂ¬Ã¢ÂÂ¢m really worried that I tore an artery or something. ",5,anxiety,"Bglag kn rmdmn ang mtndng skt sa ulo t lgg...dpt b kng mgl-alala? Nkhga k sa kma nng rmdmn kng kakaibng pnnakit sa lgg, prng hnhla. Tp umaktng skt sa lkdb ng knng ulo k. Ngyn prng my presyur doon t sa lgg k rn. Nrrmdm k rin ang ktng pghlo t pygn. Tlgng ntktr k na npnit k ng isang ug t",-0.9115652441978456,100.0
"Boyfriend got water up nose when kayaking in river. IÃÂ¢Ã¢ÂÂ¬Ã¢ÂÂ¢m worried about brain eating amoeba, of course. So this is what happened:
(ItÃÂ¢Ã¢ÂÂ¬Ã¢ÂÂ¢s summer here at the moment, weÃÂ¢Ã¢ÂÂ¬Ã¢ÂÂ¢re from Aus)
BF was kayaking, came across a fast-flowing current and flipped his kayak. He was pulled quickly to the surface by his life jacket. 
Got some water up his nose. 
He told me about it. 
IÃÂ¢Ã¢ÂÂ¬Ã¢ÂÂ¢m silently panicking and dreaming out thinking that heÃÂ¢Ã¢ÂÂ¬Ã¢ÂÂ¢s going to die. 
Here is a bit more extra information about the situation:
- water was fast flowing
- water was unpleasantly cold
- we have looked at the water from said river under the microscope before for unrelated reasons and could barely find any bacteria let alone amoeba 
- he has had water go up his nose as a child in a still, warmer dam (so badly that it went all the way into his throat) and it didnÃÂ¢Ã¢ÂÂ¬Ã¢ÂÂ¢t affect him. 
And I know that itÃÂ¢Ã¢ÂÂ¬Ã¢ÂÂ¢s extremely rare for an infection to occur, but thatÃÂ¢Ã¢ÂÂ¬Ã¢ÂÂ¢s not going to stop me from worrying for the next 15 days. 
I need help. What should I do?
",5,anxiety,"Nkuha ng bf ko tubig sa ilng nya knd kayak sa ilog. Syempre, kkabahan ako amoeba kumakain ng utak. Ito nangyari:
(Init nwn dito sa Aus)
Kayak sya, nsalubong mabilis agos, nabaligtad kayak nya. Mabilis hinila pabalik sa ibabaw life jacket nya.
Nkuha nya tubig sa ilng nya.
Sabi nya ito sa",-0.8174976110458374,100.0
"How often do you get anxiety symptoms? Hey i was wondering how often can you get anxiety symptoms, hourly? Once a day? Once a weak? Ive been having this issue but my doctors keep telling me is just anxiety, and i get this every hour of the days

Lightheaded, Extreme hunger, shortness of breath, vomiting or nausea, my arms start to feel light like feathers or a weird feeling not tingling tho, hot flashes, heart rises, etc, tho my heart doesnt rise constantly only when my symptoms get bad and i get worried, i check my blood sugar and everytime this happens is at 95 mg/dl ive told this to my doc but he keeps telling me is just anxiety, like i said this happens everyhour all the symptoms everyday for a year now and it doesnt go away until i drink juice or sugary stuff but he said that thats my coping mechanism lol, i find out after a long time im insulin resistant but i dont know if this could be the cause. What are your symptoms of anxiety?",5,anxiety,"Gaano kadalas nk karanas ng anx sintomas? Tnka ko gaano kadalas mo mararanas anx sintomas, bkit oras? Isang beses sa isang araw? Isang beses sa isang linggo? Nk karanas ako nito, dktor ko sinasabi simpleng anx, nararamdaman ko ito bkit oras ng araw. Parang maliligo, matinding gutom, hirap huminga, pagsusuka o pagkahilo.",0.2436980903148651,99.02520763874054
"Story About the time my teacher made me stand up to show my red face to show the class when I was emmbaressed So it was my biology class and it was one of those classes where I had none of freinds in and was extremely uncomfortable every lesson because alot of the time we were made to answer questions infront of the class or have to find partners and obviously me being awkward and with social anxiety I never j never had a partner.

And because of this I always would get a red face from embarrasment and I guess she took notice because the time we we learning about why the face goes red she decided to ask me a question about it knowing my face would go red and once it did she said ""oh look it's happening now"" which obviously made it 10x worse and she littarly made me stand up and face the class it was one of the worst days of my school life.

In her defence she was older and I doubt she evain knew how painful that was for me to do that but yeah just a random story I doubt anyone read this far lol.",5,anxiety,"kwnt ng pagkakataon na pinaupo ng guro ko para ipakita pulang mukha ko sa klase. Nasa bio klase noon, isa sa mga klase na wala akong mga kaibigan. Lubhang hindi komportable sa bawat aralin dahil pinipilit kaming sumagot sa harapan o maghanap ng kapareha. Dhil sa pagiging nahihiya at social anxiety, hindi ako kailanman.",0.2935006022453308,98.82599759101868
sleep anxiety doe anyone else ever get so worried that theyÃÂ¢Ã¢ÂÂ¬Ã¢ÂÂ¢re going to die in their sleep that they stay up all night or is that just me ÃÂ°ÃÂ¸ÃÂÃ¢ÂÂ¦,5,anxiety,"ntktk ak mtlgg, mryun bng bba ngnito rn, na sobrng knkbnhn n bka mmmaty hmbl nttlgg ky hndi s l nktlg ng bng gbi o ak lng b ito?",0.3205573856830597,98.71777045726776
"More visible veins in my hands/feet than usual, paranoid about it Noticed yesterday that there seemed to be more visibile veins in my hands and feet, especially while they were facing the ground. I know veins would fill with blood because of gravity, but like I said, a lot more visible than normal and more bulged out.

Don't have any pain, no tingling or weakness or anything, skin hasn't changed color, they're certainly not misshapen like varicose veins... But just seeing them has me freaked out, especially a couple thick ones near my ankle bone. It's been extremely distracting, staving off panic every time I notice them.... ",5,anxiety,"mkkita ng mga ugts sa kmy at paa nwn kmpra dati, kkabahan ako dito. Npsn ko kpn na prang mas mryng mkikita ugts sa kmy at paa, lalo n kpag nkhrp sa lupa. Alam kong mppuno ng dugo ang ugts dahil sa grbidad, pero gaya ng sbi ko, mas mryng mkikita kysa dati at mas ttasa. Walang sakit, walang pamumula o kahinaan o anumang iba, hindi nagbago",-0.8936769962310791,100.0
"Why is it, every time you want to do something, you get nervous..",5,anxiety,"bkit nga ba, twng gsto mong gawin sng bgy, knakbhn ka?",0.8410464525222778,96.63581418991087
"Depression or fear of it? Hi guys, this is the first time I post in this subreddit, so, let's get started!  
   
For about two weeks I have been feeling very frightened about the idea of ÃÂ¢Ã¢ÂÂ¬Ã¢ÂÂ¹ÃÂ¢Ã¢ÂÂ¬Ã¢ÂÂ¹being depressed, also because this anxiety is accompanied by a kind of weight that I feel inside my chest and that accompanies me all the days. 

I haven't lost interest in activities or in socializing, but when I am at home alone I start to think and look on the internet for symptoms and feelings about depression, and end up feeling scared, anguished and sad with this feeling of heavy head and the impossibility of thinking positive.

What do you think, is it all the fault of anxiety and hypochondria that have been with me for years, or is it the beginning of a depressive phase? ",5,anxiety,"depresyon o tkot dito? kmusta mga kbyan, unang beses kong mpo-pst dito sa sub na ito, kaya, simulan n natin!

Noong mga nakaraang dlwng linggo, nararamdaman kong napakalakas ng tkot ko sa idea ng pgng depresado, lalo na dahil ang pangamba kong ito ay kasabay ng isang uri ng bigat na nararamdaman ko sa dibdib ko na sumusunod sa akin araw-araw.

Hindi ako nawalan ng interes sa mga gawain o",1.2637224197387695,94.94511032104492
"Any of you severely nearsighted with anxiety over future eye problems? I am severely myopic which I know is a risk factor for retinal detachment. My mom had a retinal detachment which is when a huge fear kicked in. My number one fear is going blind. I wish I never found out about the risks...I just always went about my life knowing I had bad eyes but itÃÂ¢Ã¢ÂÂ¬Ã¢ÂÂ¢s all I ever knew and never had concerns. I canÃÂ¢Ã¢ÂÂ¬Ã¢ÂÂ¢t seem to turn the fear off now- seriously making myself ill. Was wondering if anyone else experienced anything like this, or is currently! ",5,anxiety,"mro ba s inyo na mlbh ang pgn at nag-aalala kng pblm sa mata sa hinaharap? Ako mlbh myopic, alm kng ito panganib 4 retinal dtachmnt. Ang ina ko nranasan retinal dtachmnt kaya d'n nsimula takot ko. Ang pinakamalaking takot ko ay mwaln ng pgn. Sana hndi ko nalmn ang mga panganib... Lagi ko lng tinatahak ang buhay ko na alm kong msma ang pgn ko ngunit iyon lng ang",1.2652254104614258,94.9390983581543
"Anxiety about my appearance separates my life in two sides  Hello! Today, I (18M) fully realized that I cannot function properly as a human being, unless I'm directly seeking acceptance in others. This translates to me not showering, not brushing my teeth, not shaving, not even washing my hands when no one is going to see that I am clean and ""normal"".

  
 I recently started college, I've been making friends and generally having a great time, this, if u look at it from the outside. 

  
 Inside my head, I just cannot get the sense out of my mind that someone is going to think less of me and criticize me physically, because of my clothes, my face, my hair, because I have a gray shadow even after just 30 minutes of shaving, because somehow I smell bad, etc. I have crippling anxiety just thinking about someone criticizing my looks in their heads (And don't let me start with my personality), basically all this converts into me having a sort of ""Double life"".

  
When I need to go outside, I do all the work I can possibly do to try and look nice, smell good and be a nice person. But the moment I'm in my home, my mind unconsciously switches to a gross side, I don't take care of myself in any way type or form, suddenly I am mean, lazy, antisocial and want to die once again. The cycle repeats day after day, I've been trying to make myself go to the gym and eat better for months now, but my body just doesn't respond, every fiber of my mind tells me that I can't do anything right, I will always be kinda ugly, kinda fat, and kinda gross, so why bother trying?

  
Maybe nothing of this makes any sense, sorry, english is not my first language and i'm just trying to cope somehow",5,anxiety,ang pmba ko kng akng itsura hyt hti sa akng buhay sa dalawang pnig.,0.2756592035293579,98.89736318588255
crazy feeling anxiety attack iÃÂ¢Ã¢ÂÂ¬Ã¢ÂÂ¢ve had a couple anxiety attacks recently that really freaked me out they start in the middle of the night and most the time from me becoming super aware of my teeth then i spiral and have incoherent thoughts or like the same sentence just playing over and over in my head words stop making sense and my body feels like a machine i become hyper aware of my breathing and it doesnÃÂ¢Ã¢ÂÂ¬Ã¢ÂÂ¢t feel right when it first happened i swear a past out and got transported to a astral plane or something like some tool album cover shit recently have been feeling like nothing is really real and just a result of chemical reactions in my brain yfm has anyone else felt this way too,5,anxiety,"Nakakapanibagong pakiramdam, parang atake ng anxiety. Nagkaroon ako ng ilang atake ng anxiety kamakailan na talagang kinabahan ako. Nagsisimula sila sa gitna ng gabi at karamihan sa oras ay dahil sa pagiging sobrang kamalayan ko sa aking mga ngipin, saka ako bumabagsak at may mga hindi maunawaang iniisip o parang parehong pangungusap na paulit-ulit na tumutunog sa aking ulo. Nawawala ang kahulugan ng mga salita",0.2985695600509643,98.80572175979614
"Crippling dry heaving panic attacks Whenever i have any ÃÂ¢Ã¢ÂÂ¬ÃÂeventÃÂ¢Ã¢ÂÂ¬ÃÂ i get insane rising anxiety leading to it. Anything like public presentation, job interview, doctor appt, or even going to a friends house party or ÃÂ¢Ã¢ÂÂ¬ÃÂgoing outÃÂ¢Ã¢ÂÂ¬ÃÂ (haha i rarely)

Days before ill start preparing , night before i can barely sleep. I can feel adrenaline increasing 24-48 hours. I get EXTREMELY alert.

The day of i wake up i cant eat anything. Cant even drink more than a few sips of water.

The hours leading up i begin HARD coughing and dry heaving. To the point ill damage my throat and it gets sore. I never actually throw up but this has been happening so long i just dont eat to be safe. Still i get uncontrollable gagging. Like i actually think i gave myself a hernia. Im talking violent gagging until i see stars, floaters and lights in my eyes, heart racing, chest muscles / stomach strained and hurting from the none stop gagging and heaving and coughing.

Then right when i walk into the ÃÂ¢Ã¢ÂÂ¬ÃÂeventÃÂ¢Ã¢ÂÂ¬ÃÂ its all gone. 

Im still nervous but my mind tends to blank out and i disassociate a lot. This really fucks up technical job interviews because i totally blank out. A pure calm bliss blank state.

AFTER, i go home a complete weight is lifted off me. Im STARVING now. Extremely low anxiety, relaxed, rest state. Eating a ton because i probably have been eating 500-1000cals the last few days. 

I really wasnt built for this life. I need to go live in some mountains or something 

Anyone else have anything similar to share? 

Thanks for reading lol",5,anxiety,"Nakakapanghihina ang mga pag-atake ng pananabik na may kasamang matinding pagsusuka. Kapag mayroon akong anumang ""pangyayari,"" nararamdaman kong tumataas ang aking pagkabalisa nang husto bago ito mangyari. Anuman iyon, tulad ng pagtatanghal sa publiko, panayam para sa trabaho, pagbisita sa doktor, o kahit na pumunta sa bahay ng kaibigan para sa partido o ""labas"" (haha, bihira naman akong lumabas).",0.2735964059829712,98.90561437606812
"I'm confused, I'm not feeling good lately. Every time I want to sleep, I always feel restless",5,anxiety,"nalit0 ako, ndi ko nrrmdaman ng aking pgbng mbuti kmlkn. twng gusto kong mtlng, lgi akong nkakrramdam ng hndi mpakali.",0.878624677658081,96.48550128936768
"Anyone get constant goosebumps from anxiety? Hey so this is a pretty weird situation I'm in, but I've only just realized that my recently turned severe anxiety could possibly have a connection to me getting goosebumps all the time. First, I get a bad full body chill from high stress and boom, my skin is goosebumpified for the entire day. It's just a weird symptom that I wonder anyone else had.",5,anxiety,"may nkakaranas ba ng prl-prlt na klt dhil sa pag-aalala? eh, medyo kakaiba ang sitwasyon ko ngayon, pero ngayon ko lng napagtanto na baka my klnmn ang aking mtdng pag-aalala sa prl-prlt kong klt. una, nraramdaman kong lmng ang bng katawan ko dhil sa mtas na stress at bng nagkakaroon ako ng klt sa bng araw. kakaiba lng itong sintomas na baka nranasan dn ng iba.",0.3230756819248199,98.70769727230072
"Health anxiety is affecting my relationships IÃÂ¢Ã¢ÂÂ¬Ã¢ÂÂ¢ve been a ÃÂ¢Ã¢ÂÂ¬ÃÂworrierÃÂ¢Ã¢ÂÂ¬ÃÂ for all my life about everything. Health anxiety is just a part of it. Now IÃÂ¢Ã¢ÂÂ¬Ã¢ÂÂ¢ve come to the point where itÃÂ¢Ã¢ÂÂ¬Ã¢ÂÂ¢s starting to negatively affect my relationships especially with my partner. The worst of it being that i got drunk, lost memory for a bit, became convinced that i was taken advantage of and contracted an STD and created a weird situation in my relationship. There was no indication that this had happened, other than a minor cold that i was sure was a symptom of a disease.

Understandably he is upset and i felt guilty. It was awful and weÃÂ¢Ã¢ÂÂ¬Ã¢ÂÂ¢re still in the middle of it. This has to serve as a wake up call that my life is so negatively affected by all this. IÃÂ¢Ã¢ÂÂ¬Ã¢ÂÂ¢ve been festering at home all evening not being able to do anything but worry. My head is in pieces. All iÃÂ¢Ã¢ÂÂ¬Ã¢ÂÂ¢ve managed is to use reddit as an occasional distraction. I need help, i feel like iÃÂ¢Ã¢ÂÂ¬Ã¢ÂÂ¢m lost in this. 

The point of my post was to hear success stories of others overcoming these fears and honestly to just find some hope and support. ",5,anxiety,"ang pangamba sa kalusugan ay nakakaapekto sa akng mga relasyon. mgmula noong bata pa ako, isang ""mangangamba"" na ako sa lahat ng bagay. ang pangamba sa kalusugan ay bahagi lmn nito. ngyn, narating ko ang punto kung saan ito ay nagsisimulang negatibong makaapekto sa akng mga relasyon, lalo na sa akng kapareha. ang pinakamasama ay nangyari nang nainom ako, nawala ang akng alaala nang sandali, at nani",1.2254915237426758,95.0980339050293
"I don't know why, after every Eid prayer, I suddenly feel restless, it's not clear in the end, I'm not in the mood for friendship or what people usually do on Eid :(",5,anxiety,"hindi ko alm bkit, pagkatapos ng bkit panalangin sa Eid, bigla ako nramdaman ang pagkabalisa, hindi mlw kung bkit, hindi ako nsa tamang pakiramdam para mkpagkaibigan o sa mga ginagawa ng tao sa Eid :(",0.8045796751976013,96.7816812992096
"how do i calm down when i get anxious while studying? due to mental health i've been slightly struggling with uni studies lately. part of why i'm mentally not doing well is because i've grown up with a rather abusive father and one of the things that he's really forced on me has been to do well in studies, like that's just something that's been going on since i started school

so this brings me to how extremely anxious i get while studying which usually is at home. it can take a while or it can take a few minutes but majority of the times i get so extremely anxious or just straight up have a panic attack in the middle of it. the part that causes this isn't that 'if i don't study well enough and pass this or that exam i'll struggle even more with uni' but 'if i don't study well enough and pass this or that exam i'll en up in trouble by my dad'

ultimately i know it's always gonna be 'study for your own sake, not anyone else's' but after growing up with a father that's so abusive in so many ways, it's hard to not make that association and just break out until i can't even focus on studying

so my question is, making that association or not, does anyone have any advice on how i at the very least can calm down or put myself at ease when this happens while studying?",5,anxiety,"pno k makapagphng kpag knkbn hn habang ng-arl? Dhl sa klsugan ng sp, medyo nhhrpn k mag-arl sa kolyo kmakln. Isa sa dhyln kng bkit d h n mays klwban ay dhl lrg ako sa isang am na medyo bsdo at isa sa mga byng kng ipnlht sa kn ay mgtgmpay sa pag-arl, prang yn lng hng inaasahan mula ng pmsok ako sa prl.

Kaya",0.2924968898296356,98.83001244068146
"Testicular cancer About a year ago I noticed a lump on top of my testicle. Two urologist vists later. I was told he's 99% sure it's appendicitis of the teste because there's no blood flow it the lump. My concern is that it's cancer because that testicle is larger and thicker then my other and it occasionally becomes very sore after masterbation, thoughts?

Edit: it should also be noted I'm 18 years old ",5,anxiety,"noong kn taon, npsn kong my bk sa tsas ng aking tstikl. mtp dwng knsltasyon sa urologo, sbi nila na 99% sguro silang appndistis ng tstikl ito dhil wla ng dugong dmdaloy sa bk. Ang aking alalahanin ay baka ito ay kanser dhil ms lki at ms mkpal ang tstikl na ito kmpra sa isa pa at mnsan ay sobrang sakit pagkatapos ng msturbasyon, ano ang inyong palagay?",-1.0291497707366943,100.0
"Masturbated too much 2 weeks ago It was hard to properly explain what is wrong right now in just the title, so hopefully this whole post isnÃÂ¢Ã¢ÂÂ¬Ã¢ÂÂ¢t too graphic. About 2 weeks ago I masturbated dry way too much and I injured myself, and my ejaculate was slightly pink and i had groin pain. I rested and put ice in my groin area that night, and a week later I felt better. I ejaculated again and it looked fine, but there was a weird piece of something, it looked kind of like old dry blood, it was dark red and tiny. It happened again recently, about another week apart, and now IÃÂ¢Ã¢ÂÂ¬Ã¢ÂÂ¢m freaking out. Did I injure myself really badly? Should I see a professional? Or just wait longer than I am again to heal properly? I canÃÂ¢Ã¢ÂÂ¬Ã¢ÂÂ¢t find anything like this online, so IÃÂ¢Ã¢ÂÂ¬Ã¢ÂÂ¢m freaking out. Please help.",5,anxiety,"nag-masturb8 sobrang 2 wks na. hrap ipaliwanag kung ano mali sa titl lng, sana d masyadong bastos post na ito. 2 wks na, sobrang masturbatn w/o likido, nasugatan ako, likido ko bahagyang rosas, sakit sa kili-kili. pahinga, yelo sa kili-kili, isang",-0.7405746579170227,100.0
Any good YouTubers that talk about their experiences with anxiety? I've been trying to find YouTubers who talk about anxiety and things they may have done to help them. I just think it would be nice to find someone who shares similar experiences so I feel like I'm not crazy all the time lol. Anyone got anything? Thanks!,5,anxiety,"kilala bg magandang YouTuber ngkukuwento karanasan pagkabalisa?  hngp YouTuber usap pagkabalisa, mga bagay matulungan sila. gusto hnd mkaramdam baliw, lol. alam channel? salamat!",0.3407329320907593,98.63706827163696
"Doubling up on Ibuprofen and Aspirin/Acetaminophen? Well, I should start this by saying I have a history of headaches near the front and sides of my head(I'm not sure what exactly caused it and I'm considering seeing a doctor about it but that's not the point of this post), and yesterday I had one of these horrible headaches. I took 600mg of Ibuprofen for it and about 12 hours later 500 mg or Acetaminophen and Aspirin(Also 130 mg of Caffeine but I doubt that'd have an effect).

&amp;#x200B;

Upon waking up today I had the same headache as yesterday and I took my medicine I take every morning which is too much to list but they don't interfere with either, but I also took the 500 mg or Acetaminophen and Aspirin. About 10 minutes later the headache was still horrible(It was so bad that I forgot I took the medicine) and I took 600mg of Ibuprofen.

&amp;#x200B;

While I generally try not to double up(or triple up because Acetaminophen and Aspirin in one pill??) and generally limit myself to 400mg of Ibuprofen every 6 hours at least with some cases like yesterday and today where my headaches are generally bad, I will go up to 600 mg and possibly even 800 mg if the original 600 mg of Ibuprofen didn't work after an hour. I really try to avoid this because I've had some stomach issues when I take too much that will go away after taking a normal dose for a while. Even when just taking 200 mg of Ibuprofen I try not to take Aspirin at the same time but I forgot about it because that's just how much pain I was in.

&amp;#x200B;

I most likely have a migraine and combined with sinuses and bad weather outside it can cause these headaches. Luckily the medicine has helped quite a bit but I know they can have side effects and shouldn't be taken together very often(especially in the doses I took them)

&amp;#x200B;

The point of this post is I want to make sure I'm not in immediate danger of anything for taking 500mg of Acetaminophen and Aspirin with 600 mg of Ibuprofen at once(Not asking for the future, I don't plan on taking that much I just want to make sure I'm safe) 

&amp;#x200B;

TL;DR:

 I forgot I took 500 mg of Acetaminophen and Aspirin in 2 pills(same pain killer) because of my headache and just waking up and then took 600 mg of Ibuprofen about 10 minutes later and I just want to make sure I'm not at risk for doing this once.

&amp;#x200B;

Don't plan on doubling up like this in the future and it was a mistake of me being in so much pain combined with being tired from just waking up.",5,anxiety,"Pinagdugtong ko ba ang Ibuprofen at Aspirin/Acetaminophen? Dapat kong simulan ito sa pamamagitan ng pagsasabi na may kasaysayan ako ng pananakit ng ulo sa harapan at gilid ng aking ulo (hindi ko sigurado kung ano ang eksaktong dahilan nito at isinasaalang-alang kong makita ang doktor tungkol dito ngunit hindi iyon ang punto ng post na ito), at kahapon ay naranasan ko isa sa mga nakakatakot na pananakit ng ulo. Ininom ko ang 600mg ng Ibuprofen",-0.820945143699646,100.0
Eye floaters... Anyone else deal with these? Can this be a symptom of anxiety? ,5,anxiety,mga fltr sa mata.. my iba pa b nkaranas nito? mry b sintomas ito ng anx?,-0.78096604347229,100.0
"Are my symptoms a result of anxiety or is my anxiety a result of symptoms of something thatÃÂ¢Ã¢ÂÂ¬Ã¢ÂÂ¢s killing me? ItÃÂ¢Ã¢ÂÂ¬Ã¢ÂÂ¢s safe to say I live my life with nearly constant anxiety, particularly when it comes to my health. IÃÂ¢Ã¢ÂÂ¬Ã¢ÂÂ¢m hyper aware of sensations and little pains that come and go in my body at any given time. My life is kind of miserable as a result. In the quiet moments during a conversation I can almost guarantee you thatÃÂ¢Ã¢ÂÂ¬Ã¢ÂÂ¢s what IÃÂ¢Ã¢ÂÂ¬Ã¢ÂÂ¢m thinking about. Whether or not the pain I just felt in my head or torso is a symptom of anxiety or do I have some sort of cancer thatÃÂ¢Ã¢ÂÂ¬Ã¢ÂÂ¢s eating me alive?Am I alone in this or am I just a crazy person? I hate to sound whiny, just thought IÃÂ¢Ã¢ÂÂ¬Ã¢ÂÂ¢d vent a bit. ",5,anxiety,"nagmumula ba ang aking mga sintomas sa pag-aalala o ang aking pag-aalala ay bunga ng mga sintomas ng isang bagay na pumatay sa akin? malinaw na nabubuhay ako sa buhay na halos palaging may pag-aalala, lalo na kapag tungkol sa aking kalusugan. napakabighani ko sa mga sensasyon at maliit na sakit na pumapasok at lumalabas sa aking katawan anumang oras. masakit ang aking buhay dahil dito. sa mga tahimik na sandali sa gitna ng usapan,",-0.9831682443618774,100.0
"Insomnia driving me crazy I always had sleep issues but it has been getting worse since December. I was on trazodone 100mg for a year, all of the sudden it stopped working. Tried increasing my dose, didn't help. I was put on ambien, made me do weird stuff. Next, I tried Lunesta but it didn't work. Melatonin doesn't work, zzzquil/benadryl doesn't work. 

It takes me forever to fall asleep and I wake up 2 hours later,  around the same time. Takes me a bit to fall back to sleep, just to wake up again. Last night I woke up around the same time but couldn't fall back to sleep. I'm worried something serious is causing my worsening insomnia, I read cancer causes insomnia and so can other diseases.

Now I'm scared I have some type of cancer or other serious disease. Makes me think this is why nothing seems to help me and why my trazodone stopped working. This is only going to make my insomnia worse..",5,anxiety,"Ang hirap ng pagtulog ko, parang walang solusyon.",-0.8040066957473755,100.0
Bowel or colon cancer? I am scared to death I have bowel or colon cancer I am 23 with a form of lynch syndrome I've been constipated for 3 weeks sometimes it will come out as hard pellets and sometimes it will be completely mushy I have noticed little black specks in the stool as well no real bright red blood no abdominal pain unless I eat then i get a bloated feeling sometimes I have to strain everytime I poop whether its soft or hard poop and I'm scared to death I have a colonoscopy scheduled in a couple weeks even though the gi didnt think I needed it but they say that alot because of my age ,5,anxiety,"Kanser sa bituka o colon? Takot kong patayin ako ng kanser sa bituka o colon. 23 y.o. may syndrme ni Lynch. Pagtatae 3 linggo, minsan mahirap lumabas, minsan malambot. Ntn maliit na itim na tuldok sa dumi, walang pulang dugo, walang sakit tiyan maliban pagkain saka namamaga.",-0.8719919919967651,100.0
"Been so anxious lately and now my friend is mad at me IÃÂ¢Ã¢ÂÂ¬Ã¢ÂÂ¢m currently in my second semester of college and lately my anxiety has been sky high. IÃÂ¢Ã¢ÂÂ¬Ã¢ÂÂ¢m currently on 2 medications buspirone + propranolol. My friend is aware of my anxiety and noticed that this week it has been particularly high. 

Anyways today I went a bit mute, I canÃÂ¢Ã¢ÂÂ¬Ã¢ÂÂ¢t find the energy to talk and itÃÂ¢Ã¢ÂÂ¬Ã¢ÂÂ¢s hard to communicate how IÃÂ¢Ã¢ÂÂ¬Ã¢ÂÂ¢m feeling. So today in lab, my friend was getting frustrated because she was hungry from not eating all day. And when lab was over, I kind of rushed out because I felt a panic attack going on. I went to the bathroom to put cold water on my face. She got angry at me, texting me saying ÃÂ¢Ã¢ÂÂ¬ÃÂwhere the fuck are you?ÃÂ¢Ã¢ÂÂ¬ÃÂ And when she found me she sat there with a look on her face. I told her she can go to the dining hall but instead she went back to the lab classroom and started to talk shit about me to our lab partner. So now IÃÂ¢Ã¢ÂÂ¬Ã¢ÂÂ¢m currently sitting here too afraid to even talk to anyone, I just wish I could get rid of this. I hate feeling this way and making everyone around me upset.",5,anxiety,"Npaka-anx n ko l8ly, nw kaibigan q galit s akin. 2nd sem na ko sa kolehiyo, anx ko sobrang taas. Nasa 2 gamot, buspirone & propranolol. Alam n kaibigan ko anx ko, napansin niya lalo tngtaas ngayong linggo. Anyway, nw medyo tahimik, wla akong lakas p magsalita, mahirap ipahayag nararamdaman ko.",0.3093120753765106,98.76275169849396
"Where can i buy pain pills online Legit and genuine site for prescription medications .
http://247onlinepharmastore.com",5,anxiety,saan ako mkkbili ng gmot prs sakit ln? lgtt at tunay na website prs reseta ng mga gmot. http://247onlinepharmastore.com,-0.8524999618530273,100.0
"Hows do you differentiate between imagined problems and real problems? (Long rant) Since I was probably 19/20 I have had a roller coaster of health anxiety. It all started with an actual kidney issue which later resolved itself and the only possible cause was ""stress"". Since then I have had a huge fear of STI's which led to my ultimate fear of cancer and warts caused by HPV (especially throat/mouth). I have always had some form of anxiety, when I was younger I'd pull out my eyelashes and scour my face for blemishes. I believe this has led to me being so hard on my self that I notice any imperfection. I have tonsil stones and while I stuck my finger down my throat I went past my tonsils this time ( gross I know) and I felt a bump, almost like a skin tag. This led to me feeling so panicked  I became physically ill  and left work early. Since then I've been googling and come to the conclusion that I can't keep doing this to myself. Normal people do not stick their fingers down their throat to find god knows what. Of course It's going to feel weird down there.

I understand this new thought will not pass immediately but how do you guys differentiate real vs imagined issues? How do you calm yourself down? I am at my wit's end, my gf is too. I'm sick of being withdrawn and lying to her about what's wrong. I'm sick of going down rabbits holes for hours on end. I'm sick of physically checking my self countless times. I'm just sick of it. Sometimes the only times I find any relief is when I am in actual distress from a confirmed ailment and that's just sad.",5,anxiety,"""Sa tingin ko, ito ay dahil sa aking pag-aaral ng mga gamot at pagbasa ng mga artikulo tungkol sa mga sakit. Nakakatakot talaga, pero kailangan kong harapin ang aking takot. Gusto kong maunawaan kung paano ko magiging malusog at malaya mula sa mga takot na ito.""


Revised: pano miba iniisip prbma sa tunay prbma? (mlahabng rklmo) s mga 19/20 ko pa, nrxn ko pag-ik",-0.7281158566474915,100.0
PSA: dont look at askreddit right now. Y'all know the drill. Huge thread of symptoms that will no doubt trigger your HA. Take care of yourself and try not to go over there. ,5,anxiety,PAALALA: Hwag tngin sa askreddit ngayn. Alam nyo na ang drll. Lg thread ng mga sintomas na tyk na mag-trigger ng inyong HA. Ingatan ang inyong srf at subkng hwag pnta doon.,-0.7902814745903015,100.0
"Scared my doc won't take me seriously Hi all, I'm a new here, I've had health anxiety for about 6 years, it comes and goes a couple of times a year for me but when I have an episode it's BAD, I'm talking like exacerbating my own physical symptoms by worrying, googling for hours until I'm convinced I'm going to die, hell even obsessing over my pets health and running them to the vets for every tiny thing, although that mostly started after my old kitty died of lymphoma.

Anyway so I'm really worried about going to the doctor next week that she's not going to take me seriously if I tell her I have health anxiety.  I think that I have PGAD, although granted my anxiety does seem to be making it way worse, I do have actual symptoms and reason to believe it.  I'm actually just kind of hoping it's all in my head but at the same time I'm worried that if I don't get tested and assessed for it it will turn out to be real and not just my anxiety ÃÂ°ÃÂ¸ÃÂÃÂ­ I hate that feeling of uncertainty ÃÂ°ÃÂ¸ÃÂÃÂ­",5,anxiety,"Natatakot akong hindi seryosohin ng doktor ko. Kumusta sa inyong lahat, bago lang ako dito. Mayroon akong health anxiety nang mga 6 taon, minsan lumalabas ito ng ilang beses sa isang taon, pero kapag may episode ako, MALALA, parang pinaglalaanan ko pa ang aking mga pisikal na sintomas dahil sa pag-aalala, naghahanap ng impormasyon sa internet nang maraming oras hanggang sa maniwala akong mamamatay na ako, pati na ang kalusugan ng aking mga alagang hayop",1.1301610469818115,95.47935581207275
"Cystic pimple between eyebrows For about a few weeks now, I've had an enormous pimple between my brows. It's roughly the size of a dime and it's really inflammed. No matter what acne treatment I apply on it it just keeps getting bigger. I have this huge anxiety it will just spread to my brain or something and kill me. I'm really in need of some help right now I haven't slept in days due to feeling like I'll die in my sleep over all this.",5,anxiety,"'myng sng malaking pmpl s pgitan ng akng mga kly na halos sng lwk ng naroroon. Ktb s lki ng sng brya at sobrang nmmaga. Anmn ng gmot s acn ng lplpt ko, lrng lmlki ito. Npkabg ng akng pngamba na ito y kmlt s akng utak o ky ptyn ako. Tnuy nngngailangan ako ng tulng nwn dhil hindi n ak nakktlg ng ilang araw dhil sa tkot",-0.7955236434936523,100.0
"Heat exhaustion symptoms ÃÂ¢Ã¢ÂÂ¬Ã¢ÂÂ 10 prevention tips *Summertime is a great time to get out and enjoy the weather, but itÃÂ¢Ã¢ÂÂ¬Ã¢ÂÂ¢s also important to be aware of the risks of heat exhaustion.*

[*https://negativestress.com/heat-exhaustion-symptoms-10-prevention-tips/*](https://negativestress.com/heat-exhaustion-symptoms-10-prevention-tips/)",6,stress,"Ang mga sintomas ng heat exhaustion - 10 payo sa pag-iwas *Maganda ang panahon sa tag-araw para lumabas at tangkilikin ang panahon, ngunit mahalaga ring maging alerto sa mga panganib ng heat exhaustion.*",0.3174075782299042,98.73036968708038
"(I see a therapist weekly.) I really don't want to give up on this, but i don't know how to feel better. Any help is appreciated.   --- tl;dr i have relationship doubts and anxiety/depression and I want to love my boyfriend but i'm not sure if I do.",6,stress,"Nkakkita ako ng thrpst lnggwn. Tlgang ayw kong skuko dto, pero hndi ko alm kung pano mgng masya. Lht ng tulng ay pnhlahggn. --- tl;dr may mga pag-alnlnngn ako sa relasyon at may anxity/depressyon at gusto kong mhaln ang bf ko pero hndi ko srguro kung mahal ko p siya.",-0.7635636329650879,100.0
"I do not know if I ought to, to be honest. I determined to quit drinking nine months ago, and have been sober seven weeks. But I never had any desire to quit grass, and I still don't. But I am in trauma therapy for the last four months, and my therapist has brought it up a number of times. She keeps saying it affects my motivation and depression, but it helps with bot the GAD and social anxiety.",6,stress,"Ngunit hindi ko alam kung dapat ba akong mag-quit, kung tapat ako. Nagpasya akong tumigil sa alak siyam na buwan na ang nakalipas, at pitong linggo nang hindi ako umiinom. Ngunit hindi ako kailanman nagkaroon ng hangarin na tumigil sa marijuana, at hindi pa rin ako. Ngunit nasa trauma therapy ako sa nakalipas na apat na buwan, at inusisa ito ng aking therapist nang maraming beses. Sinabi niya na nakakaapekto ito sa aking motibasyon",-0.8473169803619385,100.0
"Overworked, wedding planning and not sleeping So these past few weeks IÃÂ¢Ã¢ÂÂ¬Ã¢ÂÂ¢ve pretty much lost control over my emotions. IÃÂ¢Ã¢ÂÂ¬Ã¢ÂÂ¢m in a constant state of confusion and stress but I also feel like a zombie. 

My job is the main source of this. ItÃÂ¢Ã¢ÂÂ¬Ã¢ÂÂ¢s hard to explain but IÃÂ¢Ã¢ÂÂ¬Ã¢ÂÂ¢ll give it a go. This is a temporary job that was supposed to last from March 2021-September 2021, but it has gotten extended multiple times and now our end date is set for February 2022. I work for a company that is contracted through to state to do Covid vaccinations. Our team does only mobile clinics and I am in charge of logistics. This means I am in charge of the vaccine storage, supplies storage, supply packing, supply chain, receiving vaccine shipments, keeping inventory and such. I am the only person who does this job at our location. I am required to get each team ready and pack supplies and vaccine before the clinic and to return everything once the teams return. This schedule has been ruining my sleep. For instance, Wednesday I will finish work at 9:30pm. I will be back at work Thursday at 5:30am, but I wonÃÂ¢Ã¢ÂÂ¬Ã¢ÂÂ¢t be done with work until 10pm, all to be back at work again at 5am Friday morning. IÃÂ¢Ã¢ÂÂ¬Ã¢ÂÂ¢m working 6 days a week, not getting more than 5 hours of sleep on the average. 

Oh and IÃÂ¢Ã¢ÂÂ¬Ã¢ÂÂ¢m getting married in less than 3 weeks. IÃÂ¢Ã¢ÂÂ¬Ã¢ÂÂ¢m constantly forgetting things, my performance at work is struggling and my mental state is awful. I tried to get out of a moving car on the highway the other night. IÃÂ¢Ã¢ÂÂ¬Ã¢ÂÂ¢ve cried everyday the past week. IÃÂ¢Ã¢ÂÂ¬Ã¢ÂÂ¢m angry, irrational and miserable. IÃÂ¢Ã¢ÂÂ¬Ã¢ÂÂ¢m barely eating, IÃÂ¢Ã¢ÂÂ¬Ã¢ÂÂ¢m averaging 10000 steps a day and still gaining weight. My family and my partner have begged me to take a day off. But if I take a day off it wonÃÂ¢Ã¢ÂÂ¬Ã¢ÂÂ¢t actually be a day off. Nobody else knows how to do my job in total. Whenever IÃÂ¢Ã¢ÂÂ¬Ã¢ÂÂ¢ve taken off before it always means more stress when I return, or theyÃÂ¢Ã¢ÂÂ¬Ã¢ÂÂ¢ll just contact me while IÃÂ¢Ã¢ÂÂ¬Ã¢ÂÂ¢m off, because they donÃÂ¢Ã¢ÂÂ¬Ã¢ÂÂ¢t know what to do especially if itÃÂ¢Ã¢ÂÂ¬Ã¢ÂÂ¢s an unplanned absence. 

I am hoping to take the entire week of my wedding off and I need to train my boss before that happens. He doesnÃÂ¢Ã¢ÂÂ¬Ã¢ÂÂ¢t know how to do my job at all and he said he is covering for my wedding. Do I follow my familysÃÂ¢Ã¢ÂÂ¬Ã¢ÂÂ¢ advice and call in sick for a day or just stick it out for the next 2 weeks and hope I donÃÂ¢Ã¢ÂÂ¬Ã¢ÂÂ¢t end up dead?",6,stress,"pagod n pagod, plnng ksl, d nakakltg, mga nakaraang lngo parang nawala kntrl emosi. lgi nalilto stressed, parang zmbie. trabaho dahilan, mahirap ipaliwanag, susubukan. pansamantalang trabaho, Marso 2021-Setyembre 2021, pero pinahaba ulit.",0.2654340267181396,98.93826389312744
"It's not really safe for me to be driving. I can't even function enough to do the grocery shopping. Sometimes it goes into an actual panic attack, but not too often. My husband has recently banned me from going anywhere alone unless absolutely necessary (like to work). Is this something a service dog would be helpful for?",6,stress,"hindi tlga ligtas p4ra sakin mghnho. hndi ko nga kaya hngit mg-grocery shpping. mnsan, nkkrn ako ng tunay panic attack, pero hndi naman mdalas. bwal n ako lmbas mg-isa ng aking asawa mlibn kung tlga kailangan (tlad ng pmpnta sa trbho). mkakatulong kaya isang srvsyo dog p4rto?",-0.7077714204788208,100.0
"I just told them I had too much anxiety and breaking up with my boyfriend made me really depressed. And that I didn't know what I'm going to do, maybe I'll find a job. So now I just stay home and go on my computer all day. I leave the house maybe twice a week. I have constant feelings about being useless and that I'd be better off dead.",6,stress,pauwi n q.,-0.8600412607192993,100.0
"My girlfriend does have PTSD. She said that she thought that I might have it because of an incident that occurred in 2014. You can read about it in my post history but basically I was placed on an involuntary psychiatric hold for pretty much no reason, the therapists responsible for it just covered themselves up and lied about it. It greatly affected me. I would definitely consider it to be a traumatic event, not just because of the actual events that transpired and the conditions of the hospital (which are pretty bad) but also just the huge betrayal of trust.",6,stress,"m PSTD nga ang gf ko. Sby nla akala d nmn ako dhil sa isang insidente n 2014. Mra mo p basahin sa histry ng mga post kng sa madaling sabi, inilagay ako sa hindi-pahintulot na pag-alis sa psych ward nang walang dahilan, mga therapist n responsable ay nagtago lgn at nagsinungaling tungkol d2to. Laki ang epekto nito sa akin. Tiyak kong maituturing itong isang traumatikong pangyayari, hindi l",-0.7650477886199951,100.0
"How about that? No this isn't just some edgy teen, oh I hate my dad, I have every reason to hate him, for what he has done, and continues to purposely do to me and my family. For nearly killing me, for scarring us all to the point I can't even meet a nice person, or have any friends, and not wonder whether they do or don't treat their family like a lump of sh**. Nobody needs, nor should they ever have to live the life I have been forced to live. Nobody should have to call the police because they don't feel safe within their own home.",6,stress,"ano kaya in? hindi bsta drama ng kabataan, ""ayaw ko sa tatay ko,"" may dahilan q magalit, dahil sa mga ginawa niya, patuloy pa rin ginagawa sa akin at pamilya. halos pinatay niya ako, iniwan kami sugat hindi ko makalimutan, hngg sa hindi ko na kayang makipagkaibigan o makipag-ugnayan sa mabuting tao nang hindi nag-aalala kung paano nila tratuhin ang",-0.8202950954437256,100.0
"my abuser is in my family, and i am in the process of healing but every family reunion/holiday i must see my abuser causing me to enter panic attacks, constant crying, and flashbacks, causing an uproar to what could make me so ""troubled"" I am afraid of coming out to my family in case of being removed for my family forever and damaging relationships. I have younger family members i am trying to protect so i feel alot of weight on my shoulders when i am having a bad PTSD episode around my abuser and my younger family members.",6,stress,"ang taga-abuso ko nsa pamilya ko, sa proseso ng pagpapagaling, pero sa mga pagtitipon/kapistahan, kailangan kong makita sya, nagdudulot ng sakit dibdib, pag-iyak, alaala, gulo, kaya ako ""problema."" Natatakot akong lumabas dahil baka maalis ako magpakailanman, masira ang mga.",-0.7740657329559326,100.0
"Work, kids, wedding, in-lawsÃÂ¢Ã¢ÂÂ¬ÃÂ¦ ItÃÂ¢Ã¢ÂÂ¬Ã¢ÂÂ¢s all getting to me really bad. IÃÂ¢Ã¢ÂÂ¬Ã¢ÂÂ¢m an author and writing has always been my stress outlet and lately itÃÂ¢Ã¢ÂÂ¬Ã¢ÂÂ¢s like I canÃÂ¢Ã¢ÂÂ¬Ã¢ÂÂ¢t write enough to keep the stress off me, itÃÂ¢Ã¢ÂÂ¬Ã¢ÂÂ¢s gotten to the point where I canÃÂ¢Ã¢ÂÂ¬Ã¢ÂÂ¢t get comfy and IÃÂ¢Ã¢ÂÂ¬Ã¢ÂÂ¢m just anxious and feel like shit. Normally I just kinda deal with my stress when I have time but the way itÃÂ¢Ã¢ÂÂ¬Ã¢ÂÂ¢s making my stomach feel and how week my legs are, itÃÂ¢Ã¢ÂÂ¬Ã¢ÂÂ¢s making it impossible to help with my kids and IÃÂ¢Ã¢ÂÂ¬Ã¢ÂÂ¢m really irritable and itÃÂ¢Ã¢ÂÂ¬Ã¢ÂÂ¢s now effecting my partner. WeÃÂ¢Ã¢ÂÂ¬Ã¢ÂÂ¢re trying to move out of the in-laws on a single income with 2 kids (6 months and 3 years old) while I work a new job that I just started last month which I love but itÃÂ¢Ã¢ÂÂ¬Ã¢ÂÂ¢s all getting to me really bad. I eat way too much and make myself feel like shit, me feeling like shit makes me anxious which nukes my appetite and then I canÃÂ¢Ã¢ÂÂ¬Ã¢ÂÂ¢t eat at all and then I feel sick because I canÃÂ¢Ã¢ÂÂ¬Ã¢ÂÂ¢t eat. I dunno if itÃÂ¢Ã¢ÂÂ¬Ã¢ÂÂ¢s my diet or what but this is getting really difficultÃÂ¢Ã¢ÂÂ¬ÃÂ¦",6,stress,"trabaho, anak, kasal, pamilya asawa... lahat epekto sa akin malala. ako manunulat, pagsusulat paraan kalma stress, pero ngayon parang hnd kaya magsulat sapat alis stress, umabot pto hnd relax lagi alala parang wala gana buhay. karaniwan, handle stress may oras, pero ngayon...",0.2707931995391845,98.91682720184326
"Looking for participants to use a mobile app designed for students Hi dear students in this group,

I have designed a mobile app based on research that can help you focus on priorities instead of ""short-term"" distractions in a motivational way!

Try it for free; you will never regret it!

I need your help to use it and evaluate it in 4 weeks. Your participation is highly appreciated.

https://surveys.dal.ca/opinio/s?s=71795

For more info, read the following Recruitment notice

Study Title:ÃÂÃÂ Evaluation of a Persuasive Mobile Application for Prompting Time Management BehaviourÃÂÃÂ  If you are a student (part-time or full-time) enrolled in a degree program in a higher education institution, 18 years or older, and able to access a smartphone device,ÃÂÃÂ you are invited to evaluate the effectiveness of a persuasive app. The app aims to persuade students to be more organized towards their tasks and study spaces.ÃÂÃÂ ÃÂÃÂ 

First,ÃÂÃÂ you will be asked to give consent to do the study and respond to pre-survey questions (take 20-25 mins), which consist of demographics questions, questions of your preference for organization toward your tasks and study space, level of perceived ability to control your time, and stress level. After answering the pre-survey questions and providing your email address, you will see a link to the app. By clicking the link, you will be able to download the app on your device.ÃÂÃÂ ÃÂÃÂ 

Second, you will use the app daily by adding your daily tasks and organizing them based on their importance/urgency, marking them as complete, and engaging in social community features over four weeks. The app will send you notifications to emphasize the benefits of adhering to organizational acts and encourage you to minimize physical clutter in order to create a better-organized study space.ÃÂÃÂ ÃÂÃÂ 

At the end of the study, you will be asked to respond to the post-survey questions (take 20-25 mins), which is the same pre-survey question, including your experiences and perceived persuasiveness towards the app. The interview will be optional. There will be a question that asks you if you want to be interviewed, and by choosing ÃÂ¢Ã¢ÂÂ¬ÃÂyes,ÃÂ¢Ã¢ÂÂ¬ÃÂ the researcher will communicate with you for an online interview which takes 15 mins. The interview will be audio recorded.ÃÂÃÂ ÃÂÃÂ 

Your participation is highly appreciated and is completely voluntary. All data will be treated confidential and for research purposes only. You will not be asked for any personal information other than your email to connect the pre survey, post survey, and the app usage.ÃÂÃÂ ÃÂÃÂ 

Compensation:ÃÂÃÂ ÃÂÃÂ  Participants will beÃÂÃÂ entered into a prize draw to win an Amazon C$25.00 gift card (8 winners).

If you face any difficulties downloading the app, please contact Mona Alhasani (Mona.alhasani@dal.ca). If you know people that may be interested in taking part in the study, please, send the link to them.ÃÂÃÂ ÃÂÃÂ 

This research study is being conducted by researchers at Dalhousie University,ÃÂÃÂ ÃÂÃÂ  Ms. Mona Alhasani ÃÂ¢Ã¢ÂÂ¬Ã¢ÂÂ Lead researcher Dr. Rita Orji ÃÂ¢Ã¢ÂÂ¬Ã¢ÂÂ Supervisor

To participate in the study, please click on the link:ÃÂÃÂ https://surveys.dal.ca/opinio/s?s=71795",6,stress,"nhnhap kmi ng mga klhng gagmit ng 1 mbl app dsnido pr studynt.

Mahal naming studynt s grupong ito,

Inln ang 1 mbl app batay sa panlksk na mkakatulong s inyo na tumun s mga pryoridad hlp n sa mga ""mklng"" pgllbk s 1 mtvsyon!

Subukan ito n libre; hindi kayo mgsisis!

Kailangan ko ng inyong tulng ppr gamit.",0.3137096762657165,98.74516129493712
"Sense of fear Have you ever felt a sense of fear that seemed to take over your body and mind, leaving you feeling helpless? Fear can be a paralyzing emotion, preventing us from moving forward in life. But what if there was something you could do about it? What if there were ways to get rid of the sense of fear?

In this article, we will explore practical tips and techniques for overcoming feelings of fear. Whether your fear is rooted in an event or situation from the past or stems from current worries and anxieties, these strategies may help you ease your fears so that they donÃÂ¢Ã¢ÂÂ¬Ã¢ÂÂ¢t control your life.

WeÃÂ¢Ã¢ÂÂ¬Ã¢ÂÂ¢ll discuss how to identify triggers, use self-talk to reframe thoughts, practice relaxation methods such as meditation and deep breathing exercises, reach out for support when needed, and more. So letÃÂ¢Ã¢ÂÂ¬Ã¢ÂÂ¢s dive into learning how to manage fear and gain peace of mind:

[https://beautyaal.com/get-rid-of-fear/](https://beautyaal.com/get-rid-of-fear/)",6,stress,"Naramdaman mo na ba ang tkut na parang sumasakp sa iyng katawan at isipan, ng nag-iiwan sa iy ng pakiramdam na walang mgwa? Ang tkut ay maaaring isang nakakparalyzing na emosyon, ng pumipigil sa atin na umusad sa buhay. Ngunit ano kung myroon kang mgwa tungkol dito? Ano kung my mga paraan upang maalis ang tkut?

Sa artkulong ito, tatalakayin natin ang mga praktikal na payo at teknik...",0.3298683166503906,98.68052673339844
"I have to talk to him and make nice, and pretend its ok, but I feel unsettled and on edge around him. I guess I don't know what to do, it's a complicated situation, and I feel that I'll never get the ""real talk"" I'd like to have with him, or any sort of apology. He seems rather narcissistic, not as bad as my own father, but enough to not want to admit his wrong doing and own up to it. Is this something I can get over on my own while still around him? Am I over exaggerating?",6,stress,"kailangan kong ksapn sy at maging mbait, at mgpgng p ok lng, pero hindi ako kmfrtbl at knkbn hng pn s paligid nya. Hindi ko sguro alm ang gagwn, hrp ang stwsn, at prang hindi ko mkkuha ang tunay na pag-usap na gusto ko o anumang pmhn frm sy. Prang my pka-nrcssstc sy, hindi gaanng msm ng aking ama, pero sapat na para hindi aminn ang kanyang pagkakmli at tgpn ito",-0.7377022504806519,100.0
"Can't stop being anxious 18y: I'll stop feeling extremely anxious all the time when I got accepted by a college
19y: I'll stop feeling extremely anxious all the time when I graduate 
22y: I'll stop feeling extremely anxious all the time when I get a job at my field
1 month later: I got a job at my field, but I'm still extremely anxious, feeling that It's not enough and I need to improve more

How can I apreciate my self-grown and stop being so demanding with myself?
If I keep going that way, I'll only stop being anxious when I'm dead.",6,stress,"Ngayon, kahit na may trabaho na ako, sobra pa rin akong nag-aalala.",0.2859113216400146,98.85635471343994
"We had an argument, then he started trying to break my phone by bending it. I intervened and begged him not to and he stopped short of breaking it. I was a domestic violence victim before in a previous relationship and I buried those memories, but this incident made me remember some of those memories and I feel traumatized and scared to be experiencing the same things again. I feel scared and I don't know if this would escalate into something worse. We don't have kids, and we've been married for a couple months.",6,stress,"nagkaron kmi ng away, s'ya subok sirain tlfn ko by baluktot. kinalangan q mkialam, humingi huwag, tumigil b4 masira. dati biktima karahasan tahanan sa nakaraang relasyon, inilibing alaala, pero insidente to nagpapaalala ilan, traumatiko, natatakot ulit maranasan.",-0.725292444229126,100.0
"But it hit close to home when my own parents have pressured me over the years to reconcile with my brother, angrily demanding how I'd handle their funerals, whether I'd insist on not going (I wouldn't. My brother was best man for our other brother's wedding, which I attended but declined being a bridesmaid, and kept a careful distance. Then I went home, drank an entire bottle of wine and cried while my husband comforted me). 2. I never would have known about my cousin's son if I hadn't been able to make the funeral yesterday.",6,stress,"Ngunit ito'y tma nang malpt sa puso ko nang plt ng aking sng mga gng sa loob ng maraming taon na mgkaayos ako sa aking kapatid, gl na ngtatanong kung pano ko hwkhan ang kanilang mga lbng, kung itatangi kong hwag pmpunta (Hindi ko gagawin. Ang kapatid ko ay ninong sa kasal ng aming ibang kapatid, na aking dinalaw ngunit tumanggi na maging maid of honor, at pinananatili ang maingat na distansya. Pagkatapos.


Revised",-1.0054051876068115,100.0
"He's not seeing a therapist or psych regularly, which we agreed that he needed to be doing if he was going off his meds. I'm just at this weird point with myself where I'm holding back this resentment and anger at him for not taking care of himself, even after I've explained to him how much it stresses me out and hurts me when he is not consistent with his self care and/or medication. Though things are as normal as they can be right now, I find myself getting angry when he asks me to promise to do specific things for him, like do my laundry (I'm a bit of a mess), because it just reminds me of how he wouldn't keep that promise yet he expects me to do things for him (even though they are rational requests I should take care of anyway). Well it still ended up being long, my apologies! What should I even do from here?",6,stress,"nd s nkakkonsulta ng thrpst r psychtrist nrgular, ng pinagsunduan n kailangan nyng gawin kng aalis s kng gamt. Nsa kkaibng punto nwn kng pinipigilan ko nglt at sm ng lb sa kanya dhil nd nya naalagaan ang kanyang srtf, kht na ipinaliwanag ko na kung gaano ako nabigtan at nasaktn kpg nd sya mttag sa kanyang pg-aalaga sa srtf at/o gamt. Bgtmnt",-0.7499661445617676,100.0
"I get anxious because I am worried about bad things that I think may happen in my life. Im worried about losing my job, my girlfriend might leave me for someone more funny, with a better job, that is more self confident etc. You think these things because you perceive yourself to have no value. I get so preoccupied with these worries and it constantly undermines my self esteem that it applies to other areas in your life, even everyday interactions, going to the store, these can be extremely stressful events. You're so unconfident in yourself that you have a million thoughts a second and constantly second guess yourself.",6,stress,"Nakakapanibago ako dhil nababahala ako sa mga masamang bagay na iniisip kong mg pwedeng mngyari sa buhay ko. Natatakot akong mawalan ng trabaho, baka iiwan ako ng gf ko para sa isang mas nakakatawa, may mas magandang trabaho, at mas may tiwala sa sarili. Iniisip mo ang mga bagay na ito dhil sa pakiramdam mong walang halaga. Napakarami kong iniisip tungkol sa mga alalahanin na ito at patuloy itong binabawasan",-0.7062646150588989,100.0
"For a while now, I have been getting very little sleep. Maybe an hour or two at the most every night. IÃÂ¢Ã¢ÂÂ¬Ã¢ÂÂ¢m exhausted throughout the day despite being at work surrounded by very enthusiastic people 6 days a week. Yet when i get home and IÃÂ¢Ã¢ÂÂ¬Ã¢ÂÂ¢m alone, I canÃÂ¢Ã¢ÂÂ¬Ã¢ÂÂ¢t sleep even though i am so tired. My worries and my stress is constantly nagging me.",6,stress,"Matagal ko nang hindi nakakatulog ng sapat. Siguro isang oras o dalawa lang kada gabi. Pagod ako buong araw kahit nasa trabaho ako kasama ng mga masiglang tao anim na araw sa isang linggo. Ngunit kapag nakauwi ako at nag-iisa, hindi ako makatulog kahit pagod na pagod na ako. Ang aking mga alalahanin at stress ay palagi akong binabagabag.",-0.8289451599121094,100.0
"Random Stress Attacks after Recovering from Stressful Periods I have these small random stress attacks after an extremely stressful time of my life (1-2 years). 

I think these are caused by random triggers and I do not know how to solve them.",6,stress,May mga maliit na biglaang atake ng stress ako pagkatapos ng isang napaka-stressful na panahon sa buhay ko (1-2 taon). Akala ko ito ay sanhi ng mga random na trigger at hindi ko alam kung paano ito malulutas.,0.3639771342277527,98.544091463089
"I live at my parents house, I don't have to pay bills, I don't have a job, I don't study, BUT I still feel stressed out and exhausted. Even without a job and responsibilities, I still have so many things that I have to do, or worry about. Why is life so stressful? What can I do about it? I have to work on my health. I have to make doctor appointments. I have to go to therapists. I have to maintain my friendships. I have to figure out which religion I'm going to follow (I believe in God but was grown up atheist, so religion is what I'm figuring out currently). I have to deal with friends that got mad at me, or are about to leave me. I have to deal with my mental issues. I have to fix my laptop and my phone. I have to figure out what career I wanna do in my life. I have to enjoy free time. And alot more things that I didnt think of right now.

I \*have to\* to so many things, that it drains all my energy and motivation. If I had a job, or was still studying, it would have been MUCH worse for me. Its the reason why I was forced to quit studying earlier this year.

I worry about so many things, and I have so many things on my to-do list, it is simply more than I can handle. This feels like a 168 hours per week job that never ends.

And yes, I do take free time to relax. I play videogames, I go outside for walks, and ofcourse I sleep. HOWEVER, I always feel guilty when forcing myself to have free time. ""I have so many things on my to-do list which is growing bigger every day, I should be working hard to prevent my to-do list from getting bigger right now, but I'm wasting my time on entertainment right now"". With this feeling in the back of my mind, I cannot really enjoy free time that I take (which feels like cheating, its like borrowing money because youre in big debt, but here I'm borrowing free time from the future because I'm in big debt) I cannot relax. No matter what I do. Whetner I'm working on my ""have to's"" or trying to relax with free time, I always feel like there is so much that I still have to do, and my motivation is completely 0.

My life has too many ""have to"" activities, which I cannot all do at the same time, but I always feel guilty about not working as hard as I could. On the other side, I completely have no motivation to work on anything.

My to-do list grows bigger every day, and it's making me insane.",6,stress,"Nakatira ako sa bahay ng aking mga magulang, hindi ako nagbabayad ng mga bayarin, wala akong trabaho, hindi ako nag-aaral, NGUNIT nararamdaman ko pa rin ang stress at pagod. Kahit wala akong trabaho at mga responsibilidad, marami pa ring bagay na kailangan kong gawin o alalahanin. Bakit ganito ka-stress ang buhay? Ano ang magagawa ko dito? Kailangan kong pagtuunan ang aking kalusugan. Kailangan kong mag-schedule ng mga appointment sa doktor.",0.2841196954250335,98.86352121829988
I lost a child because of this man and i went back for round 2? Am I nuts? Why am I so surprised i've come out looking like i've just had 10 round with Tyson? Advice please - anyone gone through a similar experience? What did you do?,6,stress,nawala k ng anak dhl s lalaking to btq ako pr sa ikalawang laban? bwlw ba k? bkit kngulat n parang ngkaroon k ng sampung laban k Tyson? payo nmn po - my nkrans na ba ng gnto? ano ngninyo?,-0.7959086894989014,100.0
"Hi, I'm a senior in high school, and I just turned 18. While at school one day, my mom collected some of my belongings and put them in a bag by the door, and then confiscated my house key, telling me I had to leave by the next morning. I have no where to go, no car, and no access to my savings. I have a part-time job, but it auto-deposits into a checking account that my dad has control over.",6,stress,"kusta, ako sr. hs stdnt, kahapon ipinagdiwng 18th bday. Isang araw sa skl, ina kinuha ilan gamit, inilagay sa bag malapit pinto, kinuha susi bahay, sinabi umalis bago umaga. Wala pupuntahan, wala sasakyan, wala access sa ipon. May part-time trabaho, ngunit awtomatik",-0.8027975559234619,100.0
"What If YouÃÂ¢Ã¢ÂÂ¬Ã¢ÂÂ¢re Doing Better Than You Think? ItÃÂ¢Ã¢ÂÂ¬Ã¢ÂÂ¢s not unusual for a person to think theyÃÂ¢Ã¢ÂÂ¬Ã¢ÂÂ¢re doing worse than they actually are. Some of us are pessimistic, others have limiting beliefs lurking: IÃÂ¢Ã¢ÂÂ¬Ã¢ÂÂ¢m not good enough, IÃÂ¢Ã¢ÂÂ¬Ã¢ÂÂ¢m not worthy ÃÂ¢Ã¢ÂÂ¬Ã¢ÂÂ progress is just luck, setbacks re-enforce limiting beliefs.

### Consider these positive signs:

ÃÂÃÂ· **You reflect on, and learn from, setbacks and errors.** You arrive at a balanced view of these and develop clear plans to learn and continue growing. People often repeat the same errors over and over, whether itÃÂ¢Ã¢ÂÂ¬Ã¢ÂÂ¢s overspending or choosing a partner. People have a strong tendency to repeat their behaviours. But you can choose to respond differently ÃÂ¢Ã¢ÂÂ¬Ã¢ÂÂ and achieve different outcomes

ÃÂÃÂ· **YouÃÂ¢Ã¢ÂÂ¬Ã¢ÂÂ¢re clear on what you want ÃÂ¢Ã¢ÂÂ¬Ã¢ÂÂ and why.** Knowing what you want is the second key step in getting it (knowing who and what you are is the first). Knowing what you want differentiates you from those who aimlessly floating through life.

ÃÂÃÂ· **You use time wisely.** We all have 168 hours each week and the choice on how to use them. You focus on what is important, within the context of who you are and what you have chosen to achieve. You have the habit of asking yourself what is the most effective thing you could be doing right now. 

ÃÂÃÂ· **YouÃÂ¢Ã¢ÂÂ¬Ã¢ÂÂ¢re making consistent progress.** Consistent progress is a great sign. Even when your goals feel far in the distance, regular progress ÃÂ¢Ã¢ÂÂ¬Ã¢ÂÂ driven by consistent effort and learning ÃÂ¢Ã¢ÂÂ¬Ã¢ÂÂ will get you there. As well as planning what more needs to be done, reflect on how far you have already come.

ÃÂÃÂ· **YouÃÂ¢Ã¢ÂÂ¬Ã¢ÂÂ¢re not alone.** There are many people are alone in the world. If youÃÂ¢Ã¢ÂÂ¬Ã¢ÂÂ¢re not alone, youÃÂ¢Ã¢ÂÂ¬Ã¢ÂÂ¢re doing better than many others.

ÃÂÃÂ· **YouÃÂ¢Ã¢ÂÂ¬Ã¢ÂÂ¢re committed.** You know who you are and what youÃÂ¢Ã¢ÂÂ¬Ã¢ÂÂ¢re about. Your goals are clear. They create meaning for you, value for others and legacy for the future. Great things happen when your purpose and your environment align.

ÃÂÃÂ· **You consider otherÃÂ¢Ã¢ÂÂ¬Ã¢ÂÂ¢s opinions.** You learn what is resourceful to you and discard what isnÃÂ¢Ã¢ÂÂ¬Ã¢ÂÂ¢t. You live your life, not theirs. 

ÃÂÃÂ· **You are grateful.** You regularly reflect on what has gone well and ÃÂ¢Ã¢ÂÂ¬Ã¢ÂÂ crucially ÃÂ¢Ã¢ÂÂ¬Ã¢ÂÂ on why it has gone well. You have skills and strengths you donÃÂ¢Ã¢ÂÂ¬Ã¢ÂÂ¢t even realise.

ÃÂÃÂ· **YouÃÂ¢Ã¢ÂÂ¬Ã¢ÂÂ¢re authentic.** You know you values and beliefs. You make your decisions and take your actions consistent with these.

When youÃÂ¢Ã¢ÂÂ¬Ã¢ÂÂ¢re clear on what you have chosen to accomplish, and youÃÂ¢Ã¢ÂÂ¬Ã¢ÂÂ¢re spending your time wisely, youÃÂ¢Ã¢ÂÂ¬Ã¢ÂÂ¢re doing well ÃÂ¢Ã¢ÂÂ¬Ã¢ÂÂ and better than most! This is true, even if the results have yet to reveal themselves.

**Genuine Desire + Effective Strategy + Consistent Persistence = Authentic Results**",6,stress,Isipin ang mga positibong aspeto ng sarili mo.,0.2147039473056793,99.14118421077728
"I have therapy sessions scheduled but at the moment, I'm currently looking for some advice and insights. The only time I feel 'comfortable in my own skin' is when I'm drunk and or stoned. I, in the past have been ridiculed for an effeminate walk, been erroneously suspected of being gay and I have an effate look. Perhaps this facial look is a projection of my despair and a subconscious psychosomatic cry for help. I'm in my late twenties and have yet to accomplish anything of significance.",6,stress,"Mayroon akong iskedyul ng mga therapy sesyon, nlng sa ngayon, hnhp ko ng payo at pananaw. Tng oras na kmplrtbl sa sariling balat ay kpag lsin o nkakainom ng drga. Nkn, tntya ako dhil sa lakad, akala nila bakla ako, mukha ko parang pagkabigo at hindi malay na psychosomatic call.",-0.8289663195610046,100.0
its been 9 months now for our marriage and she managed to sleep with me with lights off as i cant even think of sleeping with lights on. now she is pregnant and its 8 months. now she wants to keep lights on in the room which i cant sleep with lights. what should i do ? is that behavior of my wife normal ?,6,stress,"Siyam n buwan na ang nakalipas mula nang ikasal tayo at sya nakayanan na matulog kasama ako sa madirm na silid kc hindi ko kaya matulog sa may ilaw. Ngyn, buntis na sya at nasa ika-walong buwan na. Ngyn, gusto nya nang mag-iwan ng ilaw sa silid na hindi ko kaya matulog. Ano ang dapat kong gawin? Normal ba ang kilos ng aking asawa?",-0.8183215856552124,100.0
"So I got freaked out and cancelled again. Now IÃÂ¢Ã¢ÂÂ¬Ã¢ÂÂ¢m worried theyÃÂ¢Ã¢ÂÂ¬Ã¢ÂÂ¢ll find out about it later and send me to collections to damage my credit and ruin my life without me ever knowing. I hope this sounds crazy to everyone else as well because itÃÂ¢Ã¢ÂÂ¬Ã¢ÂÂ¢s eating me alive. Nothing helps at this point, not even medication. Why do I always do this?",6,stress,"kyah kinabahan ako at knselado ulit. Ngyn, natatakot akong malmn nila ito mya at ipadla ako sa mga clctn agncy pr sirain ang aking kredto at wsakin ang byf ko nang hindi ko man alm. Sna prg baliw lng ito sa iba dhil ito'y kumakain sa akin. Wla nang nakakatulong ngyn, kht gmot na. Bkit lgi akong gnto?",-0.8761259317398071,100.0
What's the worst part about being stressed constantly? We all obviously understand that stress isn't healthy. But each of us experiences stress differently. What's the worst part about being stressed for you?,6,stress,ano ang pinakamasamang epekto ng paulit-ulit na pagiging strsd? alm nmn natin na hindi maganda ang strss para sa kalusugan. pero iba-iba ang karanasan ng bawat isa sa strss. ano ang pinakamasamang nararamdaman mo kpag strsd ka?,0.323030412197113,98.70787835121156
"My memory goes, I panic, breakdown, rock back and forth, sit in closets. It sucks. But it's kind of relieving at the same time because while I'm broken I'm not choosing to be dramatic. I'm not just being manipulative. It's not my fault.",6,stress,"Nawawala ang aking alaala, nagpupanika ako, nabubulok, umiikot pabalik-balik, nakaupo sa mga aparador. Masakit. Pero medyo nakakagaan din dahil habang nabubulok ako, hindi ako pumipili na maging dramatiko. Hindi ako basta-basta mapanlinlang. Hindi ito kasalanan ko.

Revised: nawawala alaala, panik ako, nabubulok, umikot balik-balik, upo aparador. masakit. pero medyo gagaan kc",-0.8150195479393005,100.0
"Therefore, it should probably come as no surprise that I sprung the question of ""What exactly are we doing here?"". Well, that backfired, as he alluded to the fact he was too freshly out of a long term relationship and didn't want to commit yet (Jason had been single for more than a year and it was a 3 year relationship). I bit my tongue until it bled and told him that was okay because we had more friends in common by that point, despite saying I needed some direct space for a few weeks or more. Unfortunately, what followed could have not been more violent. Not the type of physical violence, but emotional tension and turmoil fueled by running into each other at social settings and by alcohol.",6,stress,"Kaya mrb hindi nkkgulat n tanung ko, ""Ano ng ginagawa natin dto?"". Ngunit, hindi maganda dhil binanggit nya na sya bng lumabas sa isang mtglang relasyon at ayaw pang mg-commit (trng taon ang kanilang relasyon at isang taon ng single si Jason). Pinigilan ko ang aking dila hngg sa magdurugo at sinabi kong okay lng dhil ms maraming kaibigan kaming magkasama noon, kahit na sinabi kong kailangan ko ng ilang linggo.",-0.8855907917022705,100.0
"There is so much I can't do because I don't drive and it has impacted my life in such a way that it feels like I am in my own personal prison. I have been to therapy but it doesn't seem to work. So I am asking, have any of you overcome this situation? How did you do it? Any advice?",6,stress,"marami akong hnd mgagawa dhil hindi ako nkakamaneho at ito ay nakapekto sa buhay ko n parang nakakulong ako sa sariling bilangguan. Pumunta na ako sa therapy pero tila hindi ito gumagana. Kaya't humihingi ako ng tulong, myroon ba sa inyo na nakalampas sa ganitong sitwasyon? Paano ninyo ito nagawa? May payo ba kayo?",-0.7862802147865295,100.0
"For some reason the niece decided to call us and basically tattle on the ex for how she was living drugs etc..... we kinda already know her situation. We have custody so it's not a huge deal. Well, he invited the niece we will call her Carla  and her bf to our home for a bbq.  Well, they never left, I don't even understand how it happened but it did . Well,  after major issues with the bf we finally were able to get rid of him.",6,stress,"may dhln m o wl, pamangkin n desisyon tumawag s amin, halos tsmis dng dating asawa kung paano ktirya, gamit droga atbp... alam nmin sitwasyon nya. myroon kmi kustodiya kaya hindi malaking prblma. Ngunit, inanyayahan pamangkin, tatawagin Carla, at bf nya s aming tahanan pr barbecue. Ngunit, hindi sila umalis, hindi ko nga maintndihan.",-0.9577449560165404,100.0
"Need help!! (19M) My visa interview is coming up soon, and it will be about studying in another country and it is very important decision that i made. My entire family is actually cheering for me to succeed. They aren't putting any pressure on me, so I can't say they are. But I feel stressed by myself. I am concerned that what if the visa officer rejects me? What will happen to the hopes of my well-wishers? These questions keep popping into my head, and I'm starting to feel stressed. I'm in desperate need of assistance, so I'm sharing my story here. What should I do to gain complete confidence and stop worrying about what might happen if?
Most of the time, I fail because I am concerned about the consequences of my failure rather than focusing on what i do.",6,stress,"(19M) I'm nervous about my visa interview for studying abroad, a very important decision I made. My whole family supports me to succeed, they don't pressure me, so I can't say they're giving pressure. But I myself am feeling stressed. I'm afraid the visa officer might reject me.

Revised SMS: kailangan ko ng tulong!! (19M) malapit visa intvw, pag-aaral sa labas, mahalagang desisyon. pamilya sumuporta, w/o presyur. ako lng stressed",0.3042226433753967,98.7831094264984
"School harassment IÃÂ¢Ã¢ÂÂ¬Ã¢ÂÂ¢ve been under so much stress from school because I have finals coming up and to make it all worse, all of my ÃÂ¢Ã¢ÂÂ¬ÃÂfriendsÃÂ¢Ã¢ÂÂ¬ÃÂ were actually just using me for money and to get things, and now that they know i donÃÂ¢Ã¢ÂÂ¬Ã¢ÂÂ¢t want to be friends with them, they are doing things like graffiti and putting my name on it, and spreading rumours about me, and on a few occasions even assaulting me, the rumours I can handle but the graffiti/vandalism can and mostly likely will get me in a lot of trouble, possible suspension and community service. I donÃÂ¢Ã¢ÂÂ¬Ã¢ÂÂ¢t feel safe going to school, I donÃÂ¢Ã¢ÂÂ¬Ã¢ÂÂ¢t feel safe in the places I should, and all of the stress added on my anxiety itÃÂ¢Ã¢ÂÂ¬Ã¢ÂÂ¢s just to much for me to handle.",6,stress,"Pag-abuso sa skl Napakastress ko sa skl kc papalapit na ang finals, at para lalong masira ang lahat, mga tinatawag kong ""kaibigan"" gumagamit lang pala sa akin para sa pera at mga bagay. Ngayon na alam nilang ayaw ko nang maging kaibigan nila, ginagawa nila mga bagay tulad ng paglalagay ng mga graffitti at pangalan ko doon, pagkalat ng tsismis, at minsan nag-",0.2909230589866638,98.83630776405334
"Ask a local representative for help? What are some steps I can take that I haven't yet? I'm scared, and so .... almost annoyed of dealing with this, he was served a protective order way back in October 2017. Also...how has he repeatedly had so much success with the police? It honestly baffles me, which is why I wonder whether he's paying them off (he told me he'd done this while we were together, although that could've been a fear tactic).",6,stress,"mgtanong b ako ng tulong sa isang kinatawan ng lokalidad? Ano pang hakbang m gwin na hindi ko pa ginawa? Ntatakot ako, halos mgagalit na sa paghawak nito, ipinagkaloob sa kanya ang proteksiyon noong Oktubre 2017. Bukod pa rito... paano niya paulit-ulit na nakakamit ang ganitong tagumpay sa pulisya? Talagang nakakabighani ito, kaya nagtatanong ako kung siya ba ay nagbab",-0.8358922600746155,100.0
"November 8 is the anniversary of when I was kidnapped and raped. The anniversaries are always hard on me, and this year is feeling extra hard. On Facebook a lot of my friends are celebrating their own or their kidsÃÂ¢Ã¢ÂÂ¬Ã¢ÂÂ¢ birthdays today, their wedding anniversaries, sharing memories of the awesome vacations they were on on this day last year, etc. I feel weird and alone in my trauma. ItÃÂ¢Ã¢ÂÂ¬Ã¢ÂÂ¢s not that I want anyone to have to join me in misery, but I guess IÃÂ¢Ã¢ÂÂ¬Ã¢ÂÂ¢m wondering if anyone else out there happens to be dealing with this at the same time as me.",6,stress,"Noyembre 8, anibersaryo ng araw na kinidnap at binastos ako. Mahirap lagi ang mga anibersaryo para sa akin, mas mahirap pa ngayong taon. Sa FB, marami kng kaibigan nagdiriwang ng kaarawan, anibersaryo ng kasal, nagbabahagi ng mga alaala ng bakasyon, mga kamangha-manghang pinuntahan nila noong araw na ito noong nakaraang taon.",-0.7928414344787598,100.0
"Losing hair due to stress Hello, I've been losing a lot of hair due to stress.
The more I lose the more stressed I become.
Are there any products out there to slow this down?
I'm a female if that changes anything
Thanks",6,stress,"mlubha ng pagkahulog ng akng buhok dhl sa strss. Llng lmlala ng strss ko hmng mas mryng buhok ng nawawala. May mga prdukto ba na mkatutulong pr mabagal ng pagkahulog na ito? Bbae ako, baka my klnlaan yn. Salamat.",0.3666093945503235,98.5335624217987
"He certainly had/has the ability to. The worst/best part of this story is that I am still with this prick, trying to get away safely. Best part is that my story may be horrifying enough to convince women in an early stage DV situation to run before it escalates to my story. After the 2nd severe incident, I called family who took me to the ER. Had lots of tests done.",6,stress,"tiyak mkkayahan s n/ngyn. pkmssma/pkmnda bg ng kwntng tto ay nsa akin p rin, snsubukan kong mlgya ng ligtas. mgandang bg my knkatkht ang kwnt ko p hkyatin ang mga kababaihan sa mg arg yugto ng DV na tkbs bago t lumala tln ng s akin. pagk ng ikalawang mlubhang insidente, tmawag ako sa aking pamilya na dln ako sa",-0.8267838954925537,100.0
"I had two friends attempt (no longer friends because one was a narcissist and the other was an abusive borderline) and both those attempts traumatized me. They made me so upset. I also was upset about the fake accusation about talking about rape porn. I keep thinking about my assault. It happened in public, at night time and it's almost like I can see how dark it is and how he forced himself upon me.",6,stress,"nagkaron ako ng 2 kbg n nagtngka (hndi n sila kbg dhil isa narsst at isa abusdng blrmn) at prhng pagtngka n dlt trauma. Nagpagalit sila ng hst. Nag-aalala rin ako sa pekeng akusasyon tungkol sa pag-uusap tungkol sa rape porn. Patuloy akong iniisip ang aking pag-atake. Nangyari ito sa publiko, sa gabi at parang nakikita ko kung gaano kadilim at",-0.7361092567443848,100.0
"We get no child support and are doing well financially without it and although he is supposed to pay, I leave it alone because he leaves us alone. Long story short, I didn't file or ask for supervised visitation, but that's what the courts ordered. He did that two or three times within a year and haven't heard from him since. This Friday for the first time in years I realized how much my life has changed and how happy I and my children are. Then, of course, I get the curve ball of this message on Saturday evening.",6,stress,"hndi kmi ttangap ng sporta pr sa mga bta at bht nmn ang aming kalagyan nlng w/o yn, at cht dpt sy mgbyad, hndi ko na pnug-usapan dhl iniwan n rin kmi. Sa mdalng salita, hndi ako ng-file o hngi ng pgangasiwaan na pagbisita, kng yn lng ng-utos ng korte. Gnwa n yn dlawa o trlng beses sa loob ng isang taon at hndi na kmi nak",-0.7668939828872681,100.0
"I'm sure that there are many people worse off than me in this kind of situation but I just can't stand this feeling anymore. I just want someone to choose me for once, instead of just being stuck with me. Unfortunately, I have no idea how this could happen.   --- TL;DR I don't want to feel lonely anymore but I have no idea how to fix myself.",6,stress,"sigurado ako n marami tao mas mahirap kalagyan kysa sakin s ganitong sitwasyon, pero hindi ko na kaya tiisin pakiramdam na ito. gusto ko lang piliin ako ng isang tao kahit minsan, sa halip na lagi akong nakakabit dito. nakakalungkot, wala akong ideya kung paano ito mangyayari. --- sa madaling salita, ayaw ko nang maramdaman kalungkutan, pero wala akong ideya kung paano ako mapapagaling.",-0.8279511332511902,100.0
"18 stressed to the breaking point Im going into university but they want grades i cannot achieve 

I have deadlines i cant breath from i am pushed and pushed to achieve them

I am in debt a large amount to family members

I encouraged family members to invest a lot into this crypto scheme and its all gone and i cant bring myself to tell them its gone

My past is catching up to me again and i am faced with consequences again

I am a degenerate with money and have 0 income looking for a job to pay off the debt but i am having no luck as i have no time atm because coursework

My friend recently ended her life on a phone call to me and i havent had time to even begin to processed it so im blocking it out

My family life is taking a tole

My father is getting bad with alzheimers and starting to forget me

My mental health is in a bipolar tornado spiral of shit

Friends around me are not people i want to be around anymore but i would have no one if i ditched them so i am forced to continue these dead friendships 

..........


Most days i push myself so hard and at the end i come home and scream to myself i just want to run away but cant. Any advice?",6,stress,"karmhnn sa mga araw, pnpltn kong mskp nang hsto at sa hli, pauwi k at smsgw sa kng sarili q gstu kong tkks ngunit nd ko kaya. my py ka ba?",0.2916507124900818,98.83339715003969
"I'm new to Reddit and have only really discussed my issues with trauma and PTSD with my partner and therapist, and I am struggling with the random dissociative cycles of derealization and depersonalization. And I'm so tired of it. I've been in therapy for half of my life. I write and also listen to music to help when I'm having issues, but it never feels like enough. So I started talking to myself (which I do under stress) and drinking and this was a piece of the conversation:",6,stress,"bago pa ako sa reddit, tlkng lng lng mga prbma ko trauma/ptsd s kapareha therapist, hirap sa random siklo dissociative derealization depersonalization. pagod na ako. matagal therapy, kalahati buhay ko na. sumulat, pakinggan musika tulong prbma, pero hindi sapat. kaya nag-usap sa sarili.",-0.807297945022583,100.0
"This has *obviously* created some crushing tension in the apartment, with no one really having to go other than work during the day. (We've all recently moved to the area and don't really have family/mutual friends to stay with.) Flash forward to last night...I'm asleep on the couch and she comes in at 1AM, blackout drunk, shakes me awake violently to tell me of the Tinder date she just got back from and how awful it was. But the guy she had sex with last night was pretty good, etc. This goes on and on, turns to threats of violence against me for uprooting and throwing her life into whack.",6,stress,"Ito ay malinaw na nagdulot ng malaking tensyon sa apartment, dahil wala talagang ibang pupuntahan kundi ang trabaho sa araw. (Kamakailan lamang kaming lahat ay lumipat sa lugar na ito at wala kaming pamilya o mga kaibigan na maaaring makasama.) Mabilis na lumipas ang gabi... Natutulog ako sa sofa at siya ay pumasok ng alas-otso ng gabi, lasing na lasing, at malakas na nagising sa akin upang sabihin ang tungkol sa Tinder date nya.",-0.7943047285079956,100.0
"I work as a security guard at a busy office building and everytime i make eye contact with my people  I can literally see them shuddering inside. It probably down to the fact I have an intense stare and tend to stare in people's too eyes long,but I don't know what  the social etiquette is ,what do you do when you're walking along a corridor and you bump into someone you just said hi to a few seconds ago, what do you do when you turn around and unintentionally lock eyes with a work colleague. Please someone help,teach my how to make normal eye contact in social situations. It's getting to the point now where work colleagues are going out their  way to avoid making eye contact with me. Please help",6,stress,"nagttrbaho ako bilang bnty sa isang abalang gsli ng opisna, tuwing nkikpgttgan ako sa mga kmpn, nkikta ko silang ltrl na nanggttg sa loob. sguro dhil sa akng mtdng tingn at my posibilidad na mtlng akq tmtg sa mga mata ng tao, ngunit dko alam ang tmg asal sa lipunan, ano ang gagawin mo kpag nlalakad ka sa isang krddr at nbngga mo ang isang taong iyong snslubng lng",-0.7306421399116516,100.0
"Back ground, me and my girl have been homeless independently for about a year and we've been together for six months now. We lived in Olympia Washington for a while and where trying to make it and eventually move out of the toxic town. I received about 3.5k$ worth of back pay EFC payments the state owed me and shortly after my girl's grandmother died and she wanted to make it to the funeral so we decided to make a road trip of it, get jobs in florida and be set. We figured the lower cost of living would offset the vastly lower minimum wage and we'd be fine. We both got jobs at her old workplace (Wendy's, never go to the Lakeland Highlands Wendy's so many healthcode violations btw) and worked for two months and got fired for bs reasons (I got trained wrong and wasn't told about 60% of my responsibilities by a guy who was on his phone 75% of the time and quit a week later, she overslept and no call no showed one day and got immediately taken off the schedule)",6,stress,"nwn pm, ako at ksintahan n g-isa nlng w/o tirahan n halos isang tn at mgkasama na kami ng anim na bwn. Natira kami sa Olympia, WA n ilang panahon at sinusubukan naming magtagumpay at makalayo sa mapanganib na bayan. Ntrp ko ang halos 3.5k dlyar na utang na bayad mula sa estado at ilang sandali pagkatapos ay nmtay ang lola ng ksintahan kaya gustong niya pumunta sa libing kaya nagpasya kaming",-1.077762484550476,100.0
"Participants needed Hi, IÃÂ¢Ã¢ÂÂ¬Ã¢ÂÂ¢m looking for participant to take part in my final year project at university. This study aims to identify and analyse 5 predictors of test anxiety (Continues Partial Attention, Self-Esteem, Inhibition, Updating and Switching) to expand on the understanding of test anxiety and better improve the wellbeing and academic achievement of students.

This study does not work through a phone or safari so you will need a laptop/ computer and google chrome/ Firefox for it to work.

The study will involve 3 short questionnaires measuring Test Anxiety, Continues Partial Attention and Self-Esteem. And 3 cognitive tasks to measure Inhibition, Updating and Switching. This study is expected to take between 25 - 30 minutes to complete.

If you are under the age of 18 or colour-blind you are unable to take part in this study.  
You will need access to a computer or laptop to run this study.

If you are interested in participation and would like more information about this study, please follow the link.

[https://sunduni.eu.qualtrics.com/jfe/form/SV\_eu2OxU64QxLI76S](https://sunduni.eu.qualtrics.com/jfe/form/SV_eu2OxU64QxLI76S?fbclid=IwAR23u41H3Eb7m3JGnON34teN0F66TvWWlBihc3IxQjUyNSlIlsJFZWsNJcg)",6,stress,"kailangan ng mga kalahok. kumusta, naghahanap ako ng mga kalahok pr my proyekto sa huling taon sa unibersidad. ang pag-aaral na ito ay naglalayong tukuyin at pag-aralan ang 5 prediktor ng test anx (CP Attention, Self-Esteem, Inhibition, Updating, Switching) upang palawakin pag-unawa sa test anx at mapabuti kapakanan at akademikong tagumpay ng mga mag-aaral.",0.3011273145675659,98.79549074172974
"How should I stop obsessing over songwriting? So I'm in a band, and as of right now we haven't made anything yet, but recently I've been really up for it about making music. As a result, I've been thinking, when I'm hanging about by myself, about what our music could sound like, and I'm pretty sure that's why I've got a headache right now. Like, a couple of hours ago I tried taking my mind off it by (for some reason) listening to one of my favourite albums and I couldn't even enjoy it because I was constantly thinking about what parts of it we should and shouldn't sound like.

I can't see this allowing me to write anything at all ever, so in short, what should I do? also happy christmas :)",6,stress,"pano ko ttp ang pag-aksaya ng oras sa pag-isip ng mga kanta? Nndito ako sa isang banda, at hnggang ngayon ay wala p tayo ginawa, pero kamakailan ay sobrang excited n ako sa paggawa ng musika. Dhil dito, lgi kong iniisip, kpag nag-iisa ako, kung ano ang tunog ng ating musika, at sigurado akong iyan ang dahilan ng aking sakit ng ulo ngayon. Halimbawa, ilang oras na ang nakalipas ay sinubukan kong limutin ito",0.3068578243255615,98.77256870269775
"I used to live with my fiance and her family. Her father is a massive, abusive brute. Kate has medical issues that cause seizures, and whenever she would have one, her father would stand over her, waiting for her to finish so he could berate her for it. He treated her like a seizure was a behavioral issue that just needed enough punishment to solve. Her whole family was pretty bad, honestly.",6,stress,"dati n nakatira k kasama nobya at pamilya nya. Ama nya abusadong hayop. Kate may prob sa kalusugan, may pag-atake, ama nya nakatayo sa ibabaw nya, naghihintay matapos para sisihin. Itinuring prob sa pag-uugali, kailangan parusa.",-0.7060562372207642,100.0
"How to stop stress? I have glaucoma in my family and I have a little bit too much pressure in my eyes according to a quick checkup. No idea has it done any damage, so I have an appointed test next month but I can't stop thinking that I'm gonna go blind before that",6,stress,"paano maiwasan stress? may glaucoma pamilya ko, mataas presyon mata ko, mabilis pagsusuri. hindi alam pinsala, naka-iskedyul pagsusulit nxt mnth, hindi mapigilan isipin baka bulag b4 iyon.",0.3185356557369232,98.72585737705232
I literally felt her lose interest in talking to me as I said that. She asked me some basic questions and then suggested that I go into walk-in counseling that my school offers because she doesn't want to waste MY time being there. I told her that it wasnt a waste of my time and that I'm here because I want to get better. This was only my second time meeting her and we never delved into any of the main issues that I was facing but she brushed me off so quickly all because I wasn't sobbing my eyes out or felf like committing suicide. She acknowledged the fact that I wanted to stay and talk about other things in therapy but she proceeding to rush me out.,6,stress,Naramdaman kong nawalan siya ng interes sa pag-uusap sa akin habang sinasabi ko iyon. Itinatanong niya ako ng mga simpleng tanong at saka nagmungkahi na pumasok ako sa walk-in counseling na inaalok ng aking paaralan dahil ayaw niyang sayangin ang AKING oras na naroon. Sinabi ko sa kanya na hindi iyon sayang ng aking oras at nandito ako dahil gusto kong gumaling. Ito lang ang aking ikalawang pagkakataon na makilala siya at hindi pa kami nakakapag-usap tungkol sa,-0.7974554896354675,100.0
"I only get it when I have a flashback or strong reaction to a trigger. I notice it sticks around even when I feel emotionally calm and can stick around for a long time after the trigger, like days or weeks. ItÃÂ¢Ã¢ÂÂ¬Ã¢ÂÂ¢s a new symptom I think. Also been having lots of nightmares again recently. Not sure what to do as IÃÂ¢Ã¢ÂÂ¬Ã¢ÂÂ¢m not currently in therapy, but I am waiting to be seen at a mental health clinic.",6,stress,"""Naiintndi ko t lng kpag mro'n akng pgblik-tnw o lkas na rxn sa isang npapaalala. Npansn ko na nmnltl t kht nramdaman kong emosy'l na klmd at pwedeng mnltng mtlng pagk't ng npapaalala, tl'd ng mga araw o lgo. Bg'w sintomas t sguro. Mrami rin akng mga msng panaginip kmlkn. Hindi ko alm kung ano ang gagwln d",-0.7521601915359497,100.0
"There's a TL;DR at the bottom for those who wanna get to the point this gets kinda lengthy. Hi, I'm 19 and this is my first time posting here and I'm hoping at least one person can relate. Before a few months ago I never had to deal with anxiety really, but out of nowhere it hit me like a truck. I guess what's been causing it is relationship issues, but mostly health anxiety. My first major mistake was googling symptoms I started having, not realizing that it was normal for anxiety to cause physical symptoms.",6,stress,"May TL;DR dn bxa, mahaba kc. Kumusta, 19 yrs old, 1st post. Sana may rlt. Dati, wla ng anxiety, bigla lng dumating, parang trak. Rltn prblms, hlt anxiety dn.",-0.746522068977356,100.0
"Head pressure, ear wooshing, stiff neck, and headache I already wrote a message to my Doctor, so rest assured I will get appropriate medical care. But I am wondering if anyone else ever goes through this? On a daily basis, and sadly due to mental health and living with family, I am very stressed... However, I also have a hobby that is my favorite hobby but also puts a lot of pressure on me, which is competitive gaming. I wouldn't say pressure, but... Concentration and adrenaline, etc. 

Almost every day, for... a long time now, longer than I even can think of, I have really weird head pressure. It's like a headache with a stiff neck and when I realize I am holding my breath, I take a deep breath and feel like I haven't breathed all day. Lately, it's been worse. Feeling almost sick or like I'd feel after crying AND I also have ear wooshing in my right ear, whenever there is silence. 

Does anyone else have this happen or know what this might be? I tried looking up what I'm going through and cannot really find anything, especially the head pressure. It's just a feeling of ""I don't feel right."" too... I am going to try to post this on an anxiety Reddit too, to see if anyone there might have a clue as well.",6,stress,"""panak. ulo, ungol tenga, leeg tigas, ulit ulo. isinulat ko dktor, hwag mag-alala, makakatanggap ako ng pangangalaga. pero naranasan n ba iba ganito? araw-araw, malungkot kalusugan isip, pamumuhay pamilya, stressed ako... mayroon din lib""",0.2673136293888092,98.93074548244476
Does anyone else experience parts of their PTSD this way? &#x200B; Is this truly avoidance or is this dissociation? I tried to do some digging and pin down what I am experiencing so I can communicate with my husband more effectively but it isn't something that seems to fit nicely into a box and so it has been confusing. Thank you.,6,stress,"mron b iba pang nkakaranas ng gntong paraan ng mga sintomas ng PTSD nila? Ito ba ay tunay na pg-iwas o paghihiwalay? Sinubukan kong maunawaan at tukuyin kung ano ang aking nararamdaman upang mas mahusay kong makapag-usap sa aking asawa, ngunit hindi ito bagay na madaling ilagay sa isang kahon kaya nakakabinging. salamat.",-0.7625832557678223,100.0
"I have complex ptsd due to past romantic relationships and some other various traumas in my life. (Also diagnosed bipolar, severe social/general anxiety, OCPD) Currently suffering symptoms that and messing with my healthy thought patterns and its tearing apart my current relationship. I am terribly upset because this is the first partner to really take me as I am (dark side and all) The paranoid feeling that things are going to end has made it almost inevitable.",6,stress,"ako sa kabila ng lahat ng aking mga problema.


Revised: may PTSD kumplikado dhil sa relasyon & trauma. Bipolar, sosyal/pangkalahatang pagkabalisa, OCPD. Sintomas gumagawa gulo sa isip, pambasag sa relasyon. Lubos nalulungkot, unang kasintahan tanggap ako.",-0.7699019908905029,100.0
I was just going to bail the next morning and not come back but I called the cops to come get me that night that how unsafe I felt. I feared for my life. Please people I need to get a job and some type of place to stay. In Florida. Shelters do more harm than good,6,stress,"pupunta s'na akng umlisk kinabkasan at hndi na bablk, pero tmwag ako sa plis pr kngn ako noong gabi dahil gnun klks ang aking nraramdman na hindi lgts. Ntatkdt ako pr s aking bhayf. Pklsp, mga tao, kailangan kong mghanap ng trbaho at trhan sa Florida. Ms nakakasma ang mga trhan kysa sa mganda.",-0.7473625540733337,100.0
"Reducing stress via gamified online controlled breathing exercise Hi everybody! I'm a Honours students studying Psychology at  the University of the Sunshine Coast, Australia.

This little study (less than 30 minutes) is part of my Thesis, and your participation will help me understand more about gamification and motivating people to exercise more in online mindfulness programs which in turn reduces stress and anxiety.

Thanks for your time!

[https://research.sc/participant/login/dynamic/6282B8CA-8646-4CAD-A5A3-C716E7BC19D8](https://research.sc/participant/login/dynamic/6282B8CA-8646-4CAD-A5A3-C716E7BC19D8)",6,stress,"pagbawas strss thru gamified online brthing xrscs cntrl. Kumusta sa inyo! Ako, psyc hons student sa UniSunshineCoast, Austraila. Smll study (<30min) 4 my thesis, ur partcipn wl hlpr me undrstnd gamification n motivatin ppl.",0.2926304340362549,98.82947826385498
"Extremely stressed, very low sleep, very worried, but not depressed at least So I started talking to a girl whos away right now. I have a date with her getting planned. She is in a different state right now though where as I am across the ocean, so a heavy time difference. Cant really talk to her because of this. In the next while, my work (military related) will be conducting 24 hr ops so I will be working at least 12 hour shifts. Found out I have to wait to advance my career this week, got ghosted when trying to buy a car, and lost 75% of the sleep I need to function. IÃÂ¢Ã¢ÂÂ¬Ã¢ÂÂ¢ve been functioning on 2 to 4 hours most days. Oh and, work was extra crazy in prep for me this week aswell.

ThatÃÂ¢Ã¢ÂÂ¬Ã¢ÂÂ¢s aside from the regular person stress ofc.

I need more sleep and to ÃÂ¢Ã¢ÂÂ¬ÃÂchillaxÃÂ¢Ã¢ÂÂ¬ÃÂ but in a weird twisted way, this has been an extremely entertaining week for me.

Any advice or ideas would be much appreciated however

Edit: call is healthy stress as you may, but maybe a little too much healthy stress",6,stress,"napaksstress, kulang tlgs, sobrang nag-aalala, pero d dprsd kht papaano. kaya nagsimula kpag-usap sb ng babae n nasa ibang lugar. may plano kming mag-date, pero sya nsa ibang estado, ako n kabilang dulo ng karagatan, kaya malaki pagkakaiba ng oras. hindi ko sya masyadong makontak dhl dito. sa susunod na mga araw, trabaho ko (kaugnay ng militar) ay magkakaroon ng",0.3125411868095398,98.74983525276184
"i cant keep up with anything and itÃÂ¢Ã¢ÂÂ¬Ã¢ÂÂ¢s taking both a physical and mental toll on me. everything just a jumbled mess right now and i canÃÂ¢Ã¢ÂÂ¬Ã¢ÂÂ¢t handle it. my cousin passing, school, being bullied for both my autism and abilities, my job, my diabetes, my parents, my friends, every single thing in my life is ruining me and i donÃÂ¢Ã¢ÂÂ¬Ã¢ÂÂ¢t know how to deal with it.

ive tried everything. i donÃÂ¢Ã¢ÂÂ¬Ã¢ÂÂ¢t know anymore. im only 15, and i donÃÂ¢Ã¢ÂÂ¬Ã¢ÂÂ¢t have hope for anything. its just all too much.",6,stress,"hndi kbybttn kht ano t oy nkakaapekt sa akng pskal t mntal n klusgn. Lht prg glnw n at hndi k n ky. Ang pgnwn ng aking pnsn, pg-lr, png-api dhl sa akng autism t kakyhn, trbho, dbts, mga mgulang, mga kbgwn, bkt bgy sa byf ko y sirsra sa kn t hndi k n alm kung pno hrpn ito. Sinbkn ko na",0.2940807938575744,98.8236768245697
"Anyone figured out stress yet? I'm a mid 30's man with a somewhat stressful job and feels like I can't keep stress under control. I have high BP and just the smallest thing sends me into a spiral. I try everything, meditation, exercise (have lost 50 pounds so far), yoga, eating healthy. I go to the doctor and I get that sense of ""impending doom"" and my BP goes through the roof. I feel 100% fine in the moment, I am chill and relaxed as a cucumber, but I Think subconsciously my body is freaking out? I assume this is stress. I know white coat syndrome is real, but when I go in the dr's office it happens without fail. and of course my BP reading is high. I just wish I could control my mind LOL. My dr. did tests to see if my cortisol levels are off, and they are perfect. Bloodwork is perfect.They did MRI's of my heart, probably a half dozen other tests to check if my heart is okay, and it is. Which tells me this is likely stress related BP. I am doing so well health wise, and with the weight loss I thought I'd see more progress in stress relief, but it is still happening and my BP still spikes due to stress. It's like my body is triggered ridiculously by it, and I wish there was a magic button to fix it. Is there anything you all do that maybe I could try that I am not trying? I have googled my a$$ off trying to find the solutions, but I feel they just say to ""manage stress"" and it's not that easy for some of us. I go for 1-2 walks a day, I exercise, I eat healthy and try to avoid inflammatory foods. I have been sleeping well, at least my fitness tracker says so. I do not know what else I could possibly do but I am hoping I can find that thing that works for me. Thank you all.",6,stress,"my nkhnd p slusyn sa strss? k oy lsng s gitna ng 30s w/ medyo nakakastress na trabaho at prang hindi ko mpgln ang strss. mataas ang prsyon ng dgo ko at kht mlt na bagay ay npdala sa akin sa isang spiral. sbk ko na ang lhat, meditasyon, hrsisyo (nwla na ako ng 50 lbs), yoga, at pgkain ng mlusog. pumunta ako sa doktor at nrrmdAug",0.2930250763893127,98.82789969444276
"I saw a professional for a psych evaluation and though there are no flashbacks or nightmares, I still am placed with the ptsd label. I know this isnÃÂ¢Ã¢ÂÂ¬Ã¢ÂÂ¢t something you just ÃÂ¢Ã¢ÂÂ¬ÃÂget overÃÂ¢Ã¢ÂÂ¬ÃÂ I just thought I moved on from my ÃÂ¢Ã¢ÂÂ¬ÃÂtraumaÃÂ¢Ã¢ÂÂ¬ÃÂ I watched a few episodes of bojack horseman and itÃÂ¢Ã¢ÂÂ¬Ã¢ÂÂ¢s thrown me into an episode of depression Idk IÃÂ¢Ã¢ÂÂ¬Ã¢ÂÂ¢m sad, IÃÂ¢Ã¢ÂÂ¬Ã¢ÂÂ¢m mad, I get irritable I have no idea what symptoms and triggers are for me, I just keep going because if I donÃÂ¢Ã¢ÂÂ¬Ã¢ÂÂ¢t IÃÂ¢Ã¢ÂÂ¬Ã¢ÂÂ¢ll stop and fall apart. IÃÂ¢Ã¢ÂÂ¬Ã¢ÂÂ¢m like a piece of glass being held together by masking tape. I wouldÃÂ¢Ã¢ÂÂ¬Ã¢ÂÂ¢ve rather been told IÃÂ¢Ã¢ÂÂ¬Ã¢ÂÂ¢m a sociopath/psychopath or a narcissist due to my severe apathy towards everything.",6,stress,"nKita kO ang isang prfsynl pr sgsuri ng sikolohiya at bgmt wala akng mga flsbck o mga bngngt, nlagy p rin ako sa lbl ng PTSD. Alm kng hindi tng isang bagay na basta-bsta ""mgtgmpy"", akl k nga'y nklgts na ako sa aking ""trma."" Nkpnwd kO ng lwr epsd ng Bojack Horseman at bbagsak ako nito sa isang epsd ng depresyon. Hindi kO alm, nlulgkt ako,",-0.7446790933609009,100.0
"I want something that would help with a small does of social anxiety and also prevent any future panic attacks, anyone have any good experience with other SSRI's ? * tl;dr.. Been on Lexapro for panic attacks and social anxiety for 6 months. Got all the bad side effects of Lexapro and it made me have a few moments of almost going ""insane"". I haven't had panic attacks since and my anxiety is maybe slightly better but it's not worth the cons. Anyone have stories of switching off Lexapro to something else that made them less anxious and more confident?",6,stress,"Gusto ko ng gamot na makakatulong sa kaunting social anxiety at maiiwasan ang mga panic attacks sa hinaharap, mayroon bang magandang karanasan sa ibang SSRI? * tl;dr.. Nasa Lexapro ako para sa panic attacks at social anxiety ng 6 buwan. Nakaranas ako ng lahat ng masamang epekto ng Lexapro at halos mag-isip ng ""siraulo"". Wala nang panic attacks mula noon at medyo nabawasan ang anxiety ko pero hindi sulit ang mga negatibong epekto. Mayroon bang kw",-0.756208062171936,100.0
"Having a hard time This is a vent to help myself de-stress? Lol! For the past 7 years, that I have lived in my current city, I have unfortunately moved from one lousy situation into the next, due to thinking it was a good idea to move in with friends to help out my crummy finances and needing cheaper rent. For the past almost 3 years due to the pandemic and other situations, I moved into a ÃÂ¢Ã¢ÂÂ¬ÃÂroomingÃÂ¢Ã¢ÂÂ¬ÃÂ type housing situation, which for the past 2 and a 1/2 years, me and my dog did have full use of a basement to ourselves. Last July, my company announced that they would be laying off around 40 people, myself included. What my stupid company didnÃÂ¢Ã¢ÂÂ¬Ã¢ÂÂ¢t bank on, was supply chain issues with getting key integral parts to operate equipment, so they kept delaying our end of work date for the past 12 months. When I found out that I was to be laid off  a year ago this July, I stupidly told the lady I rented my basement from about the news, but seeing how at the time, my company didnÃÂ¢Ã¢ÂÂ¬Ã¢ÂÂ¢t announce when our actual end date would be due to supply chain issues, she took it upon herself and ÃÂ¢Ã¢ÂÂ¬ÃÂguessedÃÂ¢Ã¢ÂÂ¬ÃÂ that my end date would be around May of this year and I will have been moved out, so, she went ahead and rented the basement out to a family of three. This was a major jerk move on her part. Seeing how I am really strapped for cash and couldnÃÂ¢Ã¢ÂÂ¬Ã¢ÂÂ¢t afford to get another apartment for me and my dog with not knowing when I would actually be moving out, she offered for me to move into her ÃÂ¢Ã¢ÂÂ¬ÃÂsunroomÃÂ¢Ã¢ÂÂ¬ÃÂ this past May, until my end date, and she she would move her mattress into her living room to sleep in. My company finally announced that our end of work date would be at the end August, this past May, and I unfortunately have to stay on working and living where I am due to those reasons. Seeing how this past year has been touch and go with NOT knowing when my company would announce this end of work date, and with not knowing when this opposed announcement would be happening, I thought it would be stupid to move somewhere else, and have to sign a lease for however long, so seeing how I live month to month here, I chose to stay. Since moving into her ÃÂ¢Ã¢ÂÂ¬ÃÂsunroom,ÃÂ¢Ã¢ÂÂ¬ÃÂ it has been a friken nightmare. She consistently picks on me and flat out accuses me of doing things that I havenÃÂ¢Ã¢ÂÂ¬Ã¢ÂÂ¢t done. I am not allowed to flush the toilet unless ÃÂ¢Ã¢ÂÂ¬ÃÂitÃÂ¢Ã¢ÂÂ¬Ã¢ÂÂ¢s brown,ÃÂ¢Ã¢ÂÂ¬ÃÂ she accused me of ÃÂ¢Ã¢ÂÂ¬ÃÂkillingÃÂ¢Ã¢ÂÂ¬ÃÂ her precious plant, I have to keep the sunroom door shut during the day so that the heat doesnÃÂ¢Ã¢ÂÂ¬Ã¢ÂÂ¢t come through the whole houseÃÂ¢Ã¢ÂÂ¬ÃÂ¦friken stupid stuff like that. She has gotten a bit too overly attached to my dog as well, and drops stubble ÃÂ¢Ã¢ÂÂ¬ÃÂhintsÃÂ¢Ã¢ÂÂ¬ÃÂ about how happy my dog is living here ÃÂ°ÃÂ¸ÃÂÃ¢ÂÂ my dog and I will be relocating to another province to attend school, so I can upgrade my current skills at the end of August. Just this past Wednesday, my friend, got word that she has to go work out of town this week, so she offered for me and my dog to go and stay at her place, to get away from the madness here and also mind her cat. When I told the lady this, she mentioned how this wouldnÃÂ¢Ã¢ÂÂ¬Ã¢ÂÂ¢t be a good idea and how it would disrupt my dogÃÂ¢Ã¢ÂÂ¬Ã¢ÂÂ¢s routine with living here and how it is probably super hot at my friendÃÂ¢Ã¢ÂÂ¬Ã¢ÂÂ¢s apartment (meanwhile she has no air conditioning here). The first night there wasnÃÂ¢Ã¢ÂÂ¬Ã¢ÂÂ¢t so good, because my dog was in unfamiliar area, and she was all nervous and panting a lot. My dog has done this many times before when camping, or going away for a holidayÃÂ¢Ã¢ÂÂ¬ÃÂ¦so I got her some ÃÂ¢Ã¢ÂÂ¬ÃÂcalmingÃÂ¢Ã¢ÂÂ¬ÃÂ spray to see if that would help. My dog and I came back to the house last night, because I have my car scheduled for servicing, and a garage which is literally 5 minutes away from the house, so instead of staying at my friendÃÂ¢Ã¢ÂÂ¬Ã¢ÂÂ¢s apartment, we came back here to sleep last night, for getting to the garage would be way easier in the morning. When we arrived back last night, the lady in question was like ÃÂ¢Ã¢ÂÂ¬ÃÂohhh she is so happy to be backÃÂ¢Ã¢ÂÂ¬ÃÂ of course she would, she is in familiar surroundingsÃÂ¢Ã¢ÂÂ¬ÃÂ¦however, seeing how weÃÂ¢Ã¢ÂÂ¬Ã¢ÂÂ¢ll be moving at the end of August and staying in hotels over night and other friendÃÂ¢Ã¢ÂÂ¬Ã¢ÂÂ¢s placesÃÂ¢Ã¢ÂÂ¬ÃÂ¦staying at my friendÃÂ¢Ã¢ÂÂ¬Ã¢ÂÂ¢s apartment is a good trial run. When I mentioned that to the ladyÃÂ¢Ã¢ÂÂ¬ÃÂ¦she munched up her face as if to say ÃÂ¢Ã¢ÂÂ¬ÃÂohÃÂ¢Ã¢ÂÂ¬ÃÂ¦I donÃÂ¢Ã¢ÂÂ¬Ã¢ÂÂ¢t like the sounds of this.ÃÂ¢Ã¢ÂÂ¬ÃÂ So, I am at the point with waiting for her to literally say to me ÃÂ¢Ã¢ÂÂ¬ÃÂwhy donÃÂ¢Ã¢ÂÂ¬Ã¢ÂÂ¢t you just leave your dog with meÃÂ¢Ã¢ÂÂ¬ÃÂ and that is when I will snap. Thanks to all who read my ventÃÂ¢Ã¢ÂÂ¬ÃÂ¦",6,stress,"mahirap n ako. Ito 4 d-stress, haha! 7 yrs dto, hindi p ma-escape sa bad sitw, paniniwala ko maganda mgtng kasama frnds, tulong sa pinansyal, mura renta. 3 yrs na pandemya.",0.2904468774795532,98.8382124900818
"Stress is insane and gives you so many grey hairs These last couple years have been extremely stressful for me and I am now 30 y/o and in 2 years, I went from 1-2 grey hairs in my beard to like 50. It is wild.",6,stress,"ang strss ay tlgng nkakablw at ngdlgt ng mryng kyumnggi sa bhok. ng lpst ng ln taon ay sobrng nkkpgd pr sa knw n 30 na k, s loob lng ng dwng taon, mula s 1-2 kyumnggi sa kng blbs ay nng hlos 50 na. tlng kakaiba.",0.3644235730171203,98.54230570793152
"Certain things will make me feel uncomfortable. as of recently she will jokingly play with my nipples, like suck on them or biting them if we are laying in bed and IÃÂ¢Ã¢ÂÂ¬Ã¢ÂÂ¢m shirtless. This makes very uncomfortable and I donÃÂ¢Ã¢ÂÂ¬Ã¢ÂÂ¢t like it at all. IÃÂ¢Ã¢ÂÂ¬Ã¢ÂÂ¢ll laugh and tell her to stop and that I donÃÂ¢Ã¢ÂÂ¬Ã¢ÂÂ¢t like the feeling of it. She will keep jokingly doing so and tell me stop being a baby or that she is just joking around.",6,stress,"m g bg nagpakaba skn. Kmln, br niya ak hndkn ang aking suso, gaya ng pagsuko o pagkagat dito kpag tayo ay nklng sa kama at ako ay wlng suot na dmt. Ito ay nagpakaba skn at hnd ko ito gusto. Tatawa ako at sasbhin sknya na tumigil at hnd ko gusto ang pakiramdam nito. Ptly siyang br-br itong ginagawa at sasbhin sa akin na tigilan ang pagiging bata o na",-0.7861974239349365,100.0
"I can afford it alone. He just has nowhere else to go. His wages are low, he relies on me for transportation. I actually have to leave my job during the day to drive him to work. It is tough on me to do that.",6,stress,"kaya ko naman to kayanin mag-isa. wala lng siyang pupuntahan pa. mababa sahod niya, ako nagbibigay kanya ng pamasahe. kailangan ko nga ihatid sya trabaho kaya minsan kailangan kong umalis trabaho ko araw. mahirap para akin iyon.",-0.7641998529434204,100.0
"Stress paralysis I am dealing with a lot of problems at the moment. All financial. 

How can I face the problems? And stop avoiding them. I do this because of anxiety and lack of finances to pay the bills. 

But I think I am hurting myself in the end. Any strategies around this paralysis?",6,stress,"Paralisis dn sa stress, mraming prblma ang knakaharap ko nwn, lht ay pnansyal. Pano ko hrpin ang mga ito at ihinto ang pag-iwas? Gngawa ko ito dn sa kaba at kakulangan ng pondo para sa mga bayarin. Ngtun sa huli, akala ko ay nasasaktan ko lmn ang aking sarili. May mga strtehiya ba para makalusot sa ganitong paralisis?",0.3386657536029815,98.64533698558807
"and ""how could you let me do this?"" Although my family and friends will never see this, I'm here to answer the question: ""why?"" It wasn't as simple as some of my friends may think. I didn't magically wake up one day and think ""You know what, I think I'll let my abuser walk me down the aisle."" It's taken 5 years for me just to sit across from him and have dinner without having a full blown panic attack.",6,stress,"""Paano mo pinayagan gawin ito?"" Bagama't hindi ko pamilya, kaibigan makakakita, nandito sagutin: ""bakit?"" Hindi basta gaya iniisip ilan kaibigan. Hindi biglang nagising, nag-isip ""Alam ko, hayaan ko manakit maglakad tabi ko altar."" Kinuha limang taon makasalubong siya, ku",-0.9039944410324096,100.0
"ThereÃÂ¢Ã¢ÂÂ¬Ã¢ÂÂ¢s a job I used to work atÃÂ¢Ã¢ÂÂ¬ÃÂ¦ ThereÃÂ¢Ã¢ÂÂ¬Ã¢ÂÂ¢s a job I used to work at. A friend put in a good word for me at the time, but they mustÃÂ¢Ã¢ÂÂ¬Ã¢ÂÂ¢ve realized I wasnÃÂ¢Ã¢ÂÂ¬Ã¢ÂÂ¢t up to their standards. I applied there again for this summer and they donÃÂ¢Ã¢ÂÂ¬Ã¢ÂÂ¢t want me back. 

My thoughts and emotions are telling me to do something devious as like an act of revenge. I donÃÂ¢Ã¢ÂÂ¬Ã¢ÂÂ¢t want to feel this way, but donÃÂ¢Ã¢ÂÂ¬Ã¢ÂÂ¢t they deserve to know what it means to give me the ÃÂ¢Ã¢ÂÂ¬ÃÂcold shoulder?ÃÂ¢Ã¢ÂÂ¬ÃÂ 

ThereÃÂ¢Ã¢ÂÂ¬Ã¢ÂÂ¢s so many things I want to say to them, post about them, make them regret they didnÃÂ¢Ã¢ÂÂ¬Ã¢ÂÂ¢t hire me back. How do I calm down?",6,stress,"my trbahng dti kong pnasukan... my trbahng dti kong pnasukan. inrreklamo ako ng isang kbygn nwn, pero siguro npagtanto nila na hndi ako umabot sa kanilang pamantayan. muli akong ng-ply doon ngayong tg-araw at ayw nila akong tngapin. ang aking mga iniisip at dmdmn ay nagsasbi sa akin na gumawa ng isang msng bng paghihiganti. ayw kong mrndmn ito, pero hndi ba sila k",0.311260461807251,98.754958152771
"Hi, I cannot think clearly today. I know I have to take care of myself, but its always been an issue. I do not shower, the last one was two months ago. I sleep in my clothes and wear them the next day. I do not was my hands, or face.",6,stress,"Kumusta, hndi ako mkpg-isip nang mlinaw ngyn. Alm kong dpt akong lgngn, pero plgi itong prblma. Hndi ako ng-eensayo, ang hln bgys ay dwlng bwn na lng nklps. Ntutulog ako sa dmt at isnsuot ko ulit knbksn. Hndi ko nllb ang kmy o mkh.",-0.880763828754425,100.0
"On top of that, I also haven't taken the ACT, because I didn't think I'd even consider college. I literally feel like I know nothing and am completely unprepared for the ACT no matter how much I study, because I never payed attention in my classes. More things stressing me out are politics and family. But, not as much as the school / job thing. And I haven't reached out to anyone to tell them how stressed I am, and I feel it seems so stupid, and I'm sorry.",6,stress,"bkod pr, hndi ko pn knha ang ACT dhl hndi ko akalaing aasahang pmsok sa kolehiyo. Prg wala akong alm at lubos akong hndi hnda pr sa ACT kht gn k mag-aral dhl hndi ako nkikinig sa klase. Ngddulot dn ng strss ang plika at pamilya, pero hnggt ang prbma sa pag-aaral o pagtatrabaho. At hndi ko pa nasabi sa kht knu kung gn k kabalisa, at pr",-0.8474946022033691,100.0
"Am I stressed? This year me and my family and I have been kicked out of our home, we're living with my stepmoms mom. My father has a stable job, and so do I, but they don't pay well. My stepmom, after 6 years, has had 2 jobs. One ended after 2 weeks last month, and she just started one recently. We have to find another place to live by the end of next month and we are no where near close to that. My hair is falling out (200-500 strands a day, I've started minoxidil) and I'm constantly fluctuating in weight gain and loss. I can't stop vaping because my body needs the nicotine but at the same time it's potentially making my hair loss worse. A while back I tried to talk  to them about the stress but they dismissed it as something but not stress. I'm not sure if what is happening to me is stress, or something entirely different so here I am

TL/DR am I stressed because family got kicked out and we have barely a chance at getting someplace new?",6,stress,"stressed ba ako? Nn taong to, ako at pamilya tinanggal sa tahanan, nakatira sa bahay tiyahin. Matatag trabaho ama, ako rin, pero sahod hindi maganda. Madrasta, matapos anim taon, dalawang trabaho na. Isa natapos dalawang linggo nakaraang buwan, isa simula kamakailan. Kailangan natin ma-",0.296219527721405,98.81512188911438
"I instantly thought of something I rarely think about, being molested in a pool locker room when I was 10. My heart started beating incredibly fast as I readied myself to tell them the thing I couldnÃÂ¢Ã¢ÂÂ¬Ã¢ÂÂ¢t even tell my family at the time. I started crying, something I havenÃÂ¢Ã¢ÂÂ¬Ã¢ÂÂ¢t done in years and something my friends have never seen me do. When it got to me, with my hand over my eyes all I could say was ÃÂ¢Ã¢ÂÂ¬ÃÂI donÃÂ¢Ã¢ÂÂ¬Ã¢ÂÂ¢t think I canÃÂ¢Ã¢ÂÂ¬ÃÂ. It felt like I was reliving what IÃÂ¢Ã¢ÂÂ¬Ã¢ÂÂ¢d gone through, like I could see it happening in front of me.",6,stress,"agd nisip kng isang bgy na hr kng ispin, ngkbastos s kin sa lkr rm ng pl noong k 10 taong glang. ngsimulang mbls na tmbay ang kng pso hbng nhanda kng srn s knla ng bgy na hndi ko mlang nasbi s kng pmy ln. ngsimulang uyk k, s bgy na hndi ko n gnawa s loob ng mryng taon at s bgy na hndi nkta ng kng kbg.",-0.8245919942855835,100.0
"Stress caused health issues. So all this started for me back at the end of January. I went to my dermatologist and had a biopsy done. I freak out for a about a week and test results came back clean. The. I went two weeks later because a scab grew on my chest. I got that check out and came back clean. During this time I was freaking out.. stress, worrying, and couldnÃÂ¢Ã¢ÂÂ¬Ã¢ÂÂ¢t sleep. All this lead to other health issues. I started to have pain in my lower back which shot through my entire body. It was until recently I started to get a burning sensation in my stomach. I went to my dr and he said it was due to stress. I got put on medication to take care of it hoping it worksÃÂ¢Ã¢ÂÂ¬ÃÂ¦ has anyone else gone through this before? All this happen under one month.",6,stress,"Ang strss ay ngdlt ng mga prblma sa klusgn. Kaya ngsmla lht t pr a kn nng hli ng Jnry. Pntg ako sa aking dermatlgst t ngpgawa ng bpsy. Ng-frk t ako ng halos s lnggo t ng rstlt ng pgsulit ay bmlk na mnlsn. Pgkatapos, pntg ako mli dlwang lnggo mtp s dbk lrg ang sgta sa aking dbdb. Png-chck ko yn t bmlk na mn",0.2997287809848785,98.80108487606049
"I had a mental breakdown at work and nearly lost my job This happened last Friday. I have always had an anxiety disorder and it has been worse with all the stress I have been under lately both at work as well as at home. I work for GM which everyone who don't work there knows as a good job, but in reality it has gone to shit. I was hired 16 years ago and was in the last group to get traditional pay, benefits, and a retirement plan so I can't find anything else that pays the same. Anyone hired after me is really fucked and there is a reason gm can't keep any of the new employees. I work in material handling and the company is working up towards outsourcing and cutting those jobs so they are cutting out full teams and overloading everyone that's left then telling us ""everything's going to change soon, just make it work for the next year"" I have some serious stuff going on at home that I don't want to get into and it just makes the work stress that much worse. On Friday I messed up, I knew I messed up and wasn't mad about getting written up or anything but the thing is, I spend 90% of my waking life (and my first ever anxiety attack was while I was asleep, I woke up thinking I was having a heart attack so probably my sleeping life also) feeling like something terrible is going to happen due to my anxiety. When I get in trouble, it felt like the end of the world. I took my break and paced around outside debating if I should call in my FMLA and leave work but when I came back something very small and stupid happened that set me off. I blew up on my group leader screaming at her that I can't fucking do this! Even though I hate GM she is the nicest lady and easily the best boss I have ever had and I feel like a complete scumbag. She tried to fire me and the union got it down to a suspension but I honestly couldn't feel worse if I had been fired. I'm so ashamed of myself for how I acted and have been in a deep depression for the last few days and haven't done much more than lay in bed crying. The worst part is that she thinks I did it because I was mad about the write up and thought I could bully her because she is a woman and week, apparently she has faced discrimination in previous jobs. I hate myself, I'm ashamed of myself, and even though I didn't get fired I feel like nothing will ever be ok again.",6,stress,"nkaron ako ng mental brkdwwn sa trabaho, halos mawalan ng trabaho. Ngrnpo ito noong nakaraang Biyernes. Lagi ako may anx disorder, lalong lumala dahil sa stress trabaho & bahay. Nagtrbaho ako sa GM, magandang trabaho, pero naging masama na. Na-hire ako 16 yrs ago, nasa huling",0.2522259354591369,98.99109625816344
"song that INSTANTLY reduces my stress hi. when i listen to this song my overthinking stops, heart rate goes down and i get a break from the stress i'm feeling at the moment.

[https://open.spotify.com/track/1UVgOlmTW3eSkCekVy5Pu9?si=024b311ba35f4130](https://open.spotify.com/track/1UVgOlmTW3eSkCekVy5Pu9?si=024b311ba35f4130)

wanted to share, maybe it works for someone else",6,stress,"awit agd nk kmbawas ng aking strss. kpag nknging ako nito, tmgil ang aking pg-ispng sobr, bmbaba ang tbk ng prso ko, at nkkh q ng phng ng mla frm strss na nraramdmn ko nwn. gsto kong bghgi, baka mktulog dn ito sa iba.",0.2677546143531799,98.92898154258728
"7) what if there arent enough houses for all the people in this world? ( yes..seriously)  we have never lost him, he has never been stung by a bee, we do not have the news on around him, nor has our house been broken into.However, he has heard grown ups out in public talking about the recent school shooting. He also gets night terrors and nightmares and is afraid to fall asleep sometimes.  how do I help him manage his anxiety in an age appropriate way?",6,stress,"ano kng hndi sapat mga bahay pr s'la tao sa mundo? (Oo, sryoso.) dmi nawala, d nasugatan pukyutan, d binubuksan blt sa paligid nya, d nasira bahay. nrin narin mga matanda publiko nag-uusap kamakailang pangyayari pagbaril skwela. karanasan takot gabi, masamang panaginip, natatakot siya.",-0.8147703409194946,100.0
"I am looking for any advice on how to cope being homless in Los Angeles and what sort of services there are out there to help. I am so determined on keeping my job, However, I feel I might not be able to if my check comes in late again and will be forced to spend the weekend on the streets. I have no valid high school diploma as I finished it in Australia and haven't been able to secure my GED due to the time limitations with working everyday and commuting between Compton and Glendale. I appreciate anybody taking the time to read this and welcome any advice. Thanks.",6,stress,"naghahanap ako ng payo kung pno makakaya ang pagiging walang tirahan sa Los Angeles at anong uri ng servisyo ang makakatulong. Nais kong panatilihin ang aking trabaho, ngunit natatakot akong baka hindi ko na kaya kung muli ay huli ang aking sahod at mapilitang magtawid ng weekend sa lansangan. Wala akong balidong diploma ng hayskul dahil natapos ko ito sa Australia at hindi pa ako nakakakuha ng GED dahil sa kakulangan ng oras dahil sa araw-",-0.7328904271125793,100.0
"In my mind I am in control of this, I donÃÂ¢Ã¢ÂÂ¬Ã¢ÂÂ¢t feel I ÃÂ¢Ã¢ÂÂ¬ÃÂhaveÃÂ¢Ã¢ÂÂ¬Ã¢ÂÂ¢ to try. I can get away. ItÃÂ¢Ã¢ÂÂ¬Ã¢ÂÂ¢s like IÃÂ¢Ã¢ÂÂ¬Ã¢ÂÂ¢m using drugs to escape but IÃÂ¢Ã¢ÂÂ¬Ã¢ÂÂ¢m not on drugs IÃÂ¢Ã¢ÂÂ¬Ã¢ÂÂ¢m just dissociating to a place I want to be. I feel that if I was forced to be in reality IÃÂ¢Ã¢ÂÂ¬Ã¢ÂÂ¢d be just as angry and terrified as a drug addict in rehab. I donÃÂ¢Ã¢ÂÂ¬Ã¢ÂÂ¢t know what to do.",6,stress,"Sa aking isipan, nasa kontrol ako nito, hindi ko nararamdaman na kailangan kong subukan. Makakalusot ako. Para bang gumagamit ako ng droga para makatakas ngunit hindi ako gumagamit ng droga, nag-aalis lang ako ng malay sa isang lugar na gusto kong makarating. Nararamdaman kong kung pipilitin akong bumalik sa katotohanan, magiging galit at natatakot ako gaya ng isang adik sa droga sa rehab. Hindi ko alam ang gagawin ko.",-0.88559490442276,100.0
"People pleasing sucks I hate when I have this constant need to make other people happy who couldn't give the slightest shit about me. Sometimes I would not be able to sleep or work until I know that they are happy knowing fully well that they won't do the same for me. I seem to feel like if I don't make everyone happy, I deserve all the negative things that come my way.",6,stress,pauwi n q.,0.3289896547794342,98.68404138088226
"Being a perfectionist I dislike the word perfectionist, I donÃÂ¢Ã¢ÂÂ¬Ã¢ÂÂ¢t think IÃÂ¢Ã¢ÂÂ¬Ã¢ÂÂ¢m better than anyone, but itÃÂ¢Ã¢ÂÂ¬Ã¢ÂÂ¢s what IÃÂ¢Ã¢ÂÂ¬Ã¢ÂÂ¢m called a lot.

I feel the need to do everything to the highest level. I start working on university essays weeks in advance and donÃÂ¢Ã¢ÂÂ¬Ã¢ÂÂ¢t submit them until the last minute and I still feel like I could of done better. I rewrite sentences multiple times because they donÃÂ¢Ã¢ÂÂ¬Ã¢ÂÂ¢t sound quite right. An essay that could take someone 3 hours takes me triple that.

ItÃÂ¢Ã¢ÂÂ¬Ã¢ÂÂ¢s the same at my job, if a customer interaction doesnÃÂ¢Ã¢ÂÂ¬Ã¢ÂÂ¢t go as well as I wanted it to itÃÂ¢Ã¢ÂÂ¬Ã¢ÂÂ¢s in the back of my head for days after. 

My whole life is dictated by this need. I donÃÂ¢Ã¢ÂÂ¬Ã¢ÂÂ¢t know how to let go of it, I want to be at peace.",6,stress,"Dhil ako prfksionsta, ayw ko sltng ""prfksionsta,"" hnd ko aklnng mbt kysa sa iba, ngt yon ang twg skn kadalasan. Nraramdmn kong kailangan kong gwn ang lahat sa pinakmtaas na antas. Ngsismla akong mgtrabaho sa mga syay ng unibrsidad nang ilang lwko nang maaga at hnd ko ito ipnpadala hng sa hln mnnto at nrarmdmn ko prn na kaya kong gaw",0.2879935503005981,98.8480257987976
"I have been abused mentally and physically by my step-father when being only 7 and it didn't stop until 12 when I moved to Britain and lived there to this day (17 yr now). Everyday I was told how worthless I was and was getting beat regularly. However I coped with it. At the start when I came to England, I was crying all the time, when I was called stupid, and idiot or was hit by a friend (A kind of a friendly abuse, you know when you just want to annoy your friends). Everyone thought I was just a crybaby, not knowing of my past.",6,stress,"dranas ko pang-aabuso, mntl at pisikal, tyo ko ng 7 taon, hnd hinto tl 12, lumipat Brtaina, nkatra knwn (17 na). Araw-araw, sinasabi n walang halaga, binabato. Naka-yayan ko. Dumating Engld, lagi umiiyak, lalo ng.",-0.8487964272499084,100.0
"Subjects needed for a study on treatment of Anxiety &amp;#x200B;

**Do you worry a lot?**

You may be eligible to participate in a study conducted by the Anxiety,

Stress, and Prolonged Grief Program at NYU Langone Health.

Eligible participants with Generalized Anxiety Disorder will be

randomized to an 8-week group intervention of Mindfulness-Based

Stress Reduction (MBSR) or stress education classes. Participation in

this study requires 10 study visits over 13-14 weeks plus one 3-month

follow up assessment as well as 8 or 9 MBSR or stress education

classes.

Participants will receive compensation for their time.

If you are a right-handed person, between the ages of 18-50, and are

interested in this study, please contact:

AnxietyStudy@nyulangone.org or 1-888-44-WORRY",6,stress,"**Kailangan kalahok pr pag-aaral paggamot Pagkabalisa?**

**Alala ka sobra?**

Maaaring karapat-dapat kang makilahok sa pag-aaral ng Anxiety, Stress, at Prolonged Grief Program sa NYU Langone Health.

Mga kalahok w/ Generalized Anxiety Disorder randyme sa 8-linggong grupo MBSR o edukasyon klase.",0.293059378862381,98.82776248455048
"A step-by-step Therapeutic Art Activity to help you tap into your Inner Peace by using your creativity, your breath and the power of art materials...  

[https://youtu.be/ozePVL9L2AA](https://youtu.be/ozePVL9L2AA)",6,stress,"Isang hakbang-hakbang na Aktibidad sa Terapiyang Sining upang matulungan kang maabot ang iyong Panloob na Kapayapaan gamit ang iyong pagkamalikhain, iyong paghinga, at ang kapangyarihan ng mga materyales sa sining...",0.3731132745742798,98.50754690170288
IÃÂ¢Ã¢ÂÂ¬Ã¢ÂÂ¢ve quit weed. IÃÂ¢Ã¢ÂÂ¬Ã¢ÂÂ¢ve started having nightmares again. IÃÂ¢Ã¢ÂÂ¬Ã¢ÂÂ¢ve been diagnosed with PTSD (finally) and am working very little to try to get through this all. Now IÃÂ¢Ã¢ÂÂ¬Ã¢ÂÂ¢ve gone no contact with my dad and Tim as well. Dad never really respected this (as he never agrees with my views about what I need) Sent an email to Tim last November informing him that I canÃÂ¢Ã¢ÂÂ¬Ã¢ÂÂ¢t be around him anymore.,6,stress,"iniwan ko na ang marijuana. nagsisimula na ako mgkaroon muli ng masamang panaginip. na-diagnose na ako ng PTSD (sa wakas) at nagtatrabaho lng ako nang kaunti upang harapin lahat ng ito. ngayon, wala na akong pakikipag-ugnayan sa aking ama at kay Tim. hindi talaga iginagalang ng aking ama ang aking desisyon (dahil hindi siya sumasang-ayon sa aking pananaw tungkol sa aking mga pangangailangan). nagpadala ako ng email kay",-0.8649070262908936,100.0
"School stress is getting worse Hi!
I just finished my second term today. I got my marks ÃÂ¢Ã¢ÂÂ¬Ã¢ÂÂ great, btw. But the school stress has impacted me so badly that even now, when IÃÂ¢Ã¢ÂÂ¬Ã¢ÂÂ¢ve gone into end of the term break, I feel like there is something to be done. There are no homework assignments, no projects, nothing to be done, but still. It got to the point where I stress about non-school stuff ÃÂ¢Ã¢ÂÂ¬Ã¢ÂÂ whether I showered or not, ate or not, read today or not; and sometimes, just stress, about literally nothing.
Maybe IÃÂ¢Ã¢ÂÂ¬Ã¢ÂÂ¢m writing this for validation, but I donÃÂ¢Ã¢ÂÂ¬Ã¢ÂÂ¢t think thatÃÂ¢Ã¢ÂÂ¬Ã¢ÂÂ¢s what I need the most. Can someone help me control this damn situation.",6,stress,"lalong lala s trss sa skl. Kusta! tapsk akng ikalawang trmno nwn. bti naman mga marka ko, sa paraan. Ngunit trss sa skl ay nakaapekto sa akin nang lala na kahit nwn, habang nasa baksyon na ako sa pagtatapos ng trmno, parang my kailangang gawin. Walng tdng-arln, wlng prkyto, wla nang dapat gawin, ngunit gayon pa man. Umabot na sa punto na nag-aalala",0.2731238305568695,98.90750467777252
"My brother and I usually get along but for some reason, he makes me really angry, to the point that I don't like who I become. I'm a pretty level-headed guy and never really yell or get angry at anyone but for some reason **when it comes to my brother the anger I get is so overwhelming**. He's the only one that can get me to that point of anger where I start sweating and shaking. He's never ""hurt"" me in a major way before and all the things that annoy me are little things like ignoring me, not responding to me when I talk to his lack of eye-contact and him generally ignoring/disregarding my attempts of communication. I don't wanna be like this towards him and I don't really know what to do.",6,stress,"ngunit ang emosyon ko noon ay sobrang lakas kaya't ako ay nag-react nang hindi ko inaasahan.


Revised: kadalasan sundo kami kapatid ko, ngunit s'ilang nagpapagalit ako husto, hnd gusto sarili. ako mahinhn, hnd madaling magalit, ngunit s'ya sobrang lakas galit ko. siya lng nakakapag-init ulo ko stress kaba. hnd lubos nasaktan noon, ngunit emosyon sobrang lakas, react hindi inaasahan.",-0.8314168453216553,100.0
"If you are triggered stop reading but the word is schizophrenia. Just thinking about it freaks me out atm. I keep thinking I will go crazy.... I imagine myself in a mental hospital having panic attacks 24/7 a hellish torture... oh god.... This is because I've always has extreme fear of afterlife and existence, its just so bizarre I've explored every single freaking theory/religion/whatever thats how much I was obsessed with it before.",6,stress,"kwng k ay maaapektuhan, tigilan ang pagbabasa ngunit ang salitang iyon ay schizophreni. Kht na isipin lng ito, kinakabahan ako ngayon. Patuloy akong iniisip na magkakasira ako... Iniisip ko ang aking sarili sa isang ospital ng pag-iisip na may pananakit ng pananakit araw-araw, isang impiyerno ng pagdurusa... oh diyos ko.... Ito ay dahil lagi akong may matinding takot sa kabilang buhay at pagkakaroon, ito",-0.761631965637207,100.0
This isnÃÂ¢Ã¢ÂÂ¬Ã¢ÂÂ¢t so much a cry for help but I just want to rant about all my problems somewhere and this seems like the place. IÃÂ¢Ã¢ÂÂ¬Ã¢ÂÂ¢ve had anxiety for a few years now but this year IÃÂ¢Ã¢ÂÂ¬Ã¢ÂÂ¢m full on depressed. IÃÂ¢Ã¢ÂÂ¬Ã¢ÂÂ¢ve considered running away so many fucking time but I always feel bad for those IÃÂ¢Ã¢ÂÂ¬Ã¢ÂÂ¢m trying to leave. IÃÂ¢Ã¢ÂÂ¬Ã¢ÂÂ¢ve never self harmed (thankfully) but IÃÂ¢Ã¢ÂÂ¬Ã¢ÂÂ¢m always bummed out and paranoid. College is surprisingly the only thing that doesnÃÂ¢Ã¢ÂÂ¬Ã¢ÂÂ¢t make me anxious.,6,stress,"ndt t gng tawg ng tulng, k lng gusto mgmr ng prblm ko d2, t lht ng smng prpht. Mryng anx ng ilang taon, ngytn taon lbas dprssd. Nkptk ng tks ng mryng bes, lgn nkkgrmd ng kslnn pr mga nlng. Dng-shf-hrm (slmt s Dyos), lgn mlngkt n prn. Nkkglt ng klg hnd ng smng prpht.",-0.7962876558303833,100.0
"Wondering if IÃÂ¢Ã¢ÂÂ¬Ã¢ÂÂ¢m living in a coma 2 months ago I had a terrible fall resulting in a broken shoulder that hopefully will make a full recovery. Nerve is bruised so itÃÂ¢Ã¢ÂÂ¬Ã¢ÂÂ¢s a fairly useless arm at the moment.

Life has been strange being off work and at home. I canÃÂ¢Ã¢ÂÂ¬Ã¢ÂÂ¢t drive for now. Family has been visiting and helping drive me around for errands and appointments. most friends are settling down with a family, have moved, or are career focused etc. so I havenÃÂ¢Ã¢ÂÂ¬Ã¢ÂÂ¢t seen anyone except a best friend. Everything else has been distant communication like the odd text here and there (when itÃÂ¢Ã¢ÂÂ¬Ã¢ÂÂ¢s external of family and the best friend, that is).

ItÃÂ¢Ã¢ÂÂ¬Ã¢ÂÂ¢s miraculous I didnÃÂ¢Ã¢ÂÂ¬Ã¢ÂÂ¢t hit my head. In fact it kind of puzzles me, but I was blacked out drunk (working on recovery now).

It dawned on me that maybe my existence for the past 2 months has been in a coma. That IÃÂ¢Ã¢ÂÂ¬Ã¢ÂÂ¢m in a hospital bed on life support; surrounded by family; experiences with family are my mind manifesting their conversations they have around me. 

Everything is just a manifestation of my mind but IÃÂ¢Ã¢ÂÂ¬Ã¢ÂÂ¢m actually in a coma.

IÃÂ¢Ã¢ÂÂ¬Ã¢ÂÂ¢m weirded out and there are several triggers that cause me to second guess myself.

Edit: some of the triggers I mean include that groceries is symbolism for nutrients/IV time, my parents visiting in life are just visiting me in a hospital, friends who I no longer speak with recently have actually said their good byes; an ex lover I always thought about getting back together with finally blocked me out after 4 years - I got disconnected.

Right now my friends and family are gone, family is on a trip at the moment. That may be symbolism that they too, have left. For now or ever IÃÂ¢Ã¢ÂÂ¬Ã¢ÂÂ¢m unsure.

I recently started talking a lot more with one of my brothers - but were talking about old video games and nostalgia. Everything I know about him in the present has sort of been static.

ThatÃÂ¢Ã¢ÂÂ¬Ã¢ÂÂ¢s one way to say it. Things appear to progress but it turns out to be static; no change happened that was perceived to be",6,stress,"Nagtataka ako kung nasa koma ba ako nang dalawang buwan. Dalawang buwan na ang nakalipas, nahulog ako nang malakas at nabasag ang balikat ko, sana ganap na gumaling. Nasugatan ang nerbiyos kaya halos hindi ko magamit ang braso ko ngayon. Kakaiba ang buhay dahil nasa bahay ako at hindi nagtatrabaho. Hindi ako makakapasok ng sasakyan ngayon. Ang pamilya ay bumibisita at tumutulong sa akin sa mga kailangan kong gawin at mga appointment.",0.296549916267395,98.81380033493042
"Yoga - Healthy Life Yoga is an ancient tradition thatÃÂ¢Ã¢ÂÂ¬Ã¢ÂÂ¢s been proven to help with stress, anxiety, and pain. It helps people connect with their bodies and mind, so you can live a happier and healthier life.",6,stress,"Yoga - Malusog na Buhay Ang yoga ay isang sinaunang tradisyon na napatunayan nang makatutulong sa stress, pag-aalala, at sakit. Ito ay tumutulong sa mga tao na makipag-ugnayan sa kanilang katawan at isipan, upang mabuhay ng mas masaya at malusog na buhay.",0.3239386081695556,98.70424556732178
"I'm curious, does anyone know of any programs that provide temporary housing assistance if you have a job? I'm almost broke right now. I really don't want to live out of my car or the shelter while working. Having a comfortable supportive place until I can get my first couple of paychecks would be amazing. I'm worried that my current living situation will ruin my chances to succeed with this job.",6,stress,"interesado ako, my alm ba kyong prgrm na ngbibigay ng pnsmntl tutlng sa tirhan kung my trabaho ka? halos wala n akng pera ngyn. ayw kong mbuhay sa kots o sa by-ampunan habang nagtatrabaho. mgiging ganda kung my komptableng at mpagkalingang lugar hnggang sa mkha ko ang unang ilang sahod ko. nababahala ako na ang aking kasalukuyang tirhan ay sirain ang aking pagkakataon na mgtgumpay sa trabah",-0.7855021953582764,100.0
"While sitting on my normally-quiet front porch today, one of my unbelievably extroverted neighbors was carrying on the loudest conversation I've ever heard on a quiet street. Her conversation partners used a normal volume - she was the only one yelling words at the top of her lungs. I wanted to snap her clueless little head off. Or at the very least, tell her to shut the f$*( up. Grumpy?",6,stress,"'Habang nakaupo ako sa aking karnwang tmnk na veranda ngyn, isa sa aking hndi mkpaniwlang palabas na kptbhay ay ng-uusap nang pinakmlakas na usapan n rnrd ko sa isang tmnk na klye. Ang kanyang mga ksaup ay gmgtng normal na lakas ng bses - siya lmn ang ssisigaw ng mga salita sa pinakmtaas na lakas ng kanyang bses. Gsto kong ptlng ang kanyang walang kmlay-mlwy na ml",-0.802055299282074,100.0
Does anyone experience stressÃÂ¢Ã¢ÂÂ¬ÃÂ¦passively? IÃÂ¢Ã¢ÂÂ¬Ã¢ÂÂ¢ve noticed recently people around me often have to tell me IÃÂ¢Ã¢ÂÂ¬Ã¢ÂÂ¢m stressed. IÃÂ¢Ã¢ÂÂ¬Ã¢ÂÂ¢m reminded that my environment at home is extremely stressful &amp; I have pretty bad anxiety. For some reason I donÃÂ¢Ã¢ÂÂ¬Ã¢ÂÂ¢t really think I feel stressed but my body weight will fluctuate &amp; my habits are irregular. I feel light headed randomly &amp; my jaw will feel tight. How do you recognize &amp; manage stress better?,6,stress,"my nk karanas b ng strss nang psbong prn? npsn ko kmkl n mdlas akong snsbhn ng mga tao s paligid ko na strsd ako. nppaalala sa kn na ng kng kapaligiran sa bahay ay sobrang nkaka-strss at myroon akong mlubhang anxity. sa kakaibang dhlan, d ko tlga nrramdaman na strsd ako, pero nbgbago ang tmbng ng katawan ko at d regular ang aking mga gawi. minsan ay nhilo ako",0.2982878386974334,98.80684864521028
"A couple of piano albums that I listen to when I need to calm down One is called In the Light of a Thousand Sunsets and you can find it here https://open.spotify.com/album/25u0tLxx6GOEzJlFB6x6Wy (for other music services check this link https://album.link/i/1676357174)

The other one is called A Waltz For Lilly - https://open.spotify.com/album/5uppYYROsBMyF6yvtWGctW or https://album.link/i/1569647140",6,stress,"dalwng album ng piano kng pinnggan kpag kailangan kong mklma. isa ay pnmagatang ""In the Light of a Thousand Sunsets"" & makikita mo ito d2 https://open.spotify.com/album/25u0tLxx6GOEzJlFB6x6Wy (pr sa ibang srbisyo ng musika, tgnan ang link na ito https://album.link/i/1676357174). ang isa naman ay pnmagatang ""A Waltz For Lilly"" - https://",0.3653895258903503,98.5384418964386
"Please help me.. I was just doing my homework as usual, nothing was on my mind it was actually just blank. And suddenly I start looking through my notes, specifically at all the marked out words and suddenly getting frustrated. But still, I wasn't thinking anything, mind blank. So unexpectedly I start stabbing my notebook and my pen breaks and then I start crying and hyperventilating, again, I have no idea what's happening or why I am crying. A few minutes after I stop and get back to normal, mind is still empty and I'm confused now and scared of myself, why would I do that. Yes, I am really stressed right now because of exams but I didn't know I would be stabbing a damn notebook for no reason. Can someone help me out? What could this be?",6,stress,"Tulong nyo ako... Nag-aaral ako ng takdang-aralin, wala sa isip ko, parang wala akong iniisip. Tignan ko tala ko, partikular salitang nakasalin, bigla frustratd. Pero hindi pa rin iniisip ko, wala sa isip. Kaya naman hindi inaasahan, suntukin ko kuwaderno ko, nabasag panulat ko, umiyak ako.",0.2859707176685333,98.85611712932588
"Today we had a really bad fight and sheÃÂ¢Ã¢ÂÂ¬Ã¢ÂÂ¢s at home while IÃÂ¢Ã¢ÂÂ¬Ã¢ÂÂ¢m outside... I donÃÂ¢Ã¢ÂÂ¬Ã¢ÂÂ¢t think I can go back anymore and I have nowhere to go, with the very little money I have on me and only the vaguest sense of what to do. IÃÂ¢Ã¢ÂÂ¬Ã¢ÂÂ¢m an 18 year old non binary and have had a shitty relationship with my mom ever since my dad left when I was 8. I live in a drug heavy area that is riddled with gangs and is definitely not safe at night. Shelters nearby are full, I donÃÂ¢Ã¢ÂÂ¬Ã¢ÂÂ¢t have a car, and no friends or family to turn to.",6,stress,"Ngayon ay nagkaroon kami ng malaking away at siya ay nasa bahay habang ako ay nasa labas... Hindi ko na akalaing makakabalik pa ako at wala akong pupuntahan, may kaunting pera lamang ako at halos wala akong ideya kung ano ang gagawin. Isa akong 18 taong gulang na hindi nabibilang sa alinmang kasarian at mahirap ang aming relasyon mula nang umalis ang aking ama noong ako ay 8 taong gulang. Nakatira ako sa isang lugar na puno ng droga at mga gang at",-0.9210021495819092,100.0
"I'm too unstable. Telling parents is not an option. I'm not going to give the easy redemption for them. All this is still suspicion. I know I'm no professional, but I'm telling you, I'll get help.",6,stress,"Masyadong hindi ako matatag. Pagsasabi sa mga magulang ay hindi opsyon. Hindi ko bibigyan ng madaling kapatawaran ang kanila. Lahat ng ito ay haka-haka pa lamang. Alam kong hindi ako propesyonal, pero sasabihin ko sa iyo, hahanapin ko ang tulong.",-0.7776807546615601,100.0
The very thing causing my stress is the only thing that can decrease my stress The moment i try to relax and have fun i am occupied but stressed as i feel i am wasting time. My stress is derived from productivity if im not productive i am stressed about being not productive and therefore when i am having fun it is fleeting because I quickly realize i am not productive. Anyone else?,6,stress,"ang byahe na nagdudulot ng aking stress ang tanging byahe na maaring bawasan ang aking stress. sa sandaling subukan kong magpahinga at maglibang, abala ako ngunit stressed dahil parang sayang ang oras. ang aking stress ay nagmumula sa produktibo, kung hindi ako produktibo, stressed ako sa kawalan ng produktibo kaya kapag naglilibang ako, pansamantala lng dahil mabilis kong napagtanto na hindi ako produktibo. mayroon bang iba pang nakakaranas nito?",0.2766157984733581,98.89353680610655
"Hi. So, my husband is emotionally and mentally abusive. I've tried to leave several times but he threatens to kill himself if I do, by crashing his car or running into traffic. However, I have nowhere to go even if I do. My family dosent want/can't afford to have me live with them again.",6,stress,"Kumusta. Ang asawa ko ay emosyonal at mental na abusado. Subok ko nang umalis nang ilang beses ngunit pinagbabantaan niya akong papatayin ang sarili niya kung gagawin ko, sa pamamagitan ng pagbangga sa kanyang sasakyan o pagtakbo sa trapiko. Ngt wala akong pupntahan kahit na umls man ako. Ang aking pamilya ay ayw o hnd kayng mgbg pr tahan sa akin muli.",-0.8121769428253174,100.0
"What If YouÃÂ¢Ã¢ÂÂ¬Ã¢ÂÂ¢re Doing Better Than You Think? ItÃÂ¢Ã¢ÂÂ¬Ã¢ÂÂ¢s not unusual for a person to think theyÃÂ¢Ã¢ÂÂ¬Ã¢ÂÂ¢re doing worse than they actually are. Some of us are pessimistic, others have limiting beliefs lurking: IÃÂ¢Ã¢ÂÂ¬Ã¢ÂÂ¢m not good enough, IÃÂ¢Ã¢ÂÂ¬Ã¢ÂÂ¢m not worthy ÃÂ¢Ã¢ÂÂ¬Ã¢ÂÂ progress is just luck, setbacks re-enforce limiting beliefs.

### Consider these positive signs:

ÃÂÃÂ· **You reflect on, and learn from, setbacks and errors.** You arrive at a balanced view of these and develop clear plans to learn and continue growing. People often repeat the same errors over and over, whether itÃÂ¢Ã¢ÂÂ¬Ã¢ÂÂ¢s overspending or choosing a partner. People have a strong tendency to repeat their behaviors. But you can choose to respond differently ÃÂ¢Ã¢ÂÂ¬Ã¢ÂÂ and achieve different outcomes

ÃÂÃÂ· **YouÃÂ¢Ã¢ÂÂ¬Ã¢ÂÂ¢re clear on what you want ÃÂ¢Ã¢ÂÂ¬Ã¢ÂÂ and why.** Knowing what you want is the second key step in getting it (knowing who and what you are is the first). Knowing what you want differentiates you from those who aimlessly floating through life.

ÃÂÃÂ· **You use time wisely.** We all have 168 hours each week and the choice on how to use them. You focus on what is important, within the context of who you are and what you have chosen to achieve. You have the habit of asking yourself what is the most effective thing you could be doing right now. 

ÃÂÃÂ· **YouÃÂ¢Ã¢ÂÂ¬Ã¢ÂÂ¢re making consistent progress.** Consistent progress is a great sign. Even when your goals feel far in the distance, regular progress ÃÂ¢Ã¢ÂÂ¬Ã¢ÂÂ driven by consistent effort and learning ÃÂ¢Ã¢ÂÂ¬Ã¢ÂÂ will get you there. As well as planning what more needs to be done, reflect on how far you have already come.

ÃÂÃÂ· **YouÃÂ¢Ã¢ÂÂ¬Ã¢ÂÂ¢re not alone.** There are many people are alone in the world. If youÃÂ¢Ã¢ÂÂ¬Ã¢ÂÂ¢re not alone, youÃÂ¢Ã¢ÂÂ¬Ã¢ÂÂ¢re doing better than many others.

ÃÂÃÂ· **YouÃÂ¢Ã¢ÂÂ¬Ã¢ÂÂ¢re committed.** You know who you are and what youÃÂ¢Ã¢ÂÂ¬Ã¢ÂÂ¢re about. Your goals are clear. They create meaning for you, value for others and legacy for the future. Great things happen when your purpose and your environment align.

ÃÂÃÂ· **You consider otherÃÂ¢Ã¢ÂÂ¬Ã¢ÂÂ¢s opinions.** You learn what is resourceful to you and discard what isnÃÂ¢Ã¢ÂÂ¬Ã¢ÂÂ¢t. You live your life, not theirs. 

ÃÂÃÂ· **You are grateful.** You regularly reflect on what has gone well and ÃÂ¢Ã¢ÂÂ¬Ã¢ÂÂ crucially ÃÂ¢Ã¢ÂÂ¬Ã¢ÂÂ on why it has gone well. You have skills and strengths you donÃÂ¢Ã¢ÂÂ¬Ã¢ÂÂ¢t even realise.

ÃÂÃÂ· **YouÃÂ¢Ã¢ÂÂ¬Ã¢ÂÂ¢re authentic.** You know you values and beliefs. You make your decisions and take your actions consistent with these.

When youÃÂ¢Ã¢ÂÂ¬Ã¢ÂÂ¢re clear on what you have chosen to accomplish, and youÃÂ¢Ã¢ÂÂ¬Ã¢ÂÂ¢re spending your time wisely, youÃÂ¢Ã¢ÂÂ¬Ã¢ÂÂ¢re doing well ÃÂ¢Ã¢ÂÂ¬Ã¢ÂÂ and better than most! This is true, even if the results have yet to reveal themselves.

**Genuine Desire + Effective Strategy + Consistent Persistence = Authentic Results**",6,stress,"Ano kng mbt ang ginagawa mo kysa sa iniisip mo? Hindi bihira na isipin ng isang tao na mas masahol pa sila kysa sa kanilang tunay na kalagayan. Ang ilan sa atin ay pesimista, ang iba naman ay mgl limitadong paniniwala na nagtatago: ""Hindi ako sapat, hindi ako karapat-dapat"" - ang pag-unlad ay puro swerte lamang, ang mga pagkabigo ay nagpapalakas ng mga limitadong paniniwala.",0.2152780890464782,99.13888764381409
And we are almost out of groceries until food stamps come in on the 3rd. I don't know what to do without him but I'm covered in bruises and in so much pain. I am worried because my 9 year old watched the whole thing and was so scared she was shaking. Sorry this is so long. I guess I just needed to vent.,6,stress,"At halos wala na kming pgkn hngng sa dming ng tng tulng pnsiyal sa ikatlong araw ng bwn. Hindi ko alm kung ano ang gagwn ko nang wala sy, ngunit pno ako ng psa at sobrang sakit. Nag-aalala ako dhil nkta ng aking syam na tng glag lahat at natkot sy husto hngg sa manginig sy. Psnya na kung mhba ito, sguro kailangan ko lng mglabas ng aking nraramdaman.",-0.8059402704238892,100.0
"Facing stress at the workplace! For the past two months, I was struggling to give my 100% and was not satisfied with my work in the office. Thankfully, I found a blog online about [tips to deal with work stress](https://blog.manahwellness.com/the-top-physical-symptoms-of-work-stress-and-how-to-deal-with-them/) and it helped me in getting rid of stress.",6,stress,"Nakaranas ako ng strss sa trbho! Sa nklp s dwng bwn, nhhrpn akong mgbg 100% at hnd ako nsnyhn sa aking trbho sa opisina. Slmt sa Diyos, nkhnp ako ng blog nln n gng pr mga py n hrpn ng strss sa trbho at nktulong ito sa akin ppr mwl ng strss.",0.3156446814537048,98.73742127418518
"I feel like IÃÂ¢Ã¢ÂÂ¬Ã¢ÂÂ¢m at my breaking point and I donÃÂ¢Ã¢ÂÂ¬Ã¢ÂÂ¢t know what to do IÃÂ¢Ã¢ÂÂ¬Ã¢ÂÂ¢m in my final year of uni, working 2 jobs, dealing with a chronic illness and IÃÂ¢Ã¢ÂÂ¬Ã¢ÂÂ¢m feeling beyond the point of exhausted and overwhelmed. My Dr told me I really need to focus on minimising my stress if I wanted to go into remission - so, at the end of last year I quit my job and decided I would focus on my health. Two weeks later I took on an internship at a massive company and started a new job as a Christmas casual (I intended to quit before uni went back). ItÃÂ¢Ã¢ÂÂ¬Ã¢ÂÂ¢s now May and I have taken on yet another internship (2.5 days a week), am still working my ÃÂ¢Ã¢ÂÂ¬ÃÂChristmas jobÃÂ¢Ã¢ÂÂ¬ÃÂ 2 days a week, IÃÂ¢Ã¢ÂÂ¬Ã¢ÂÂ¢m the chair of my degrees ÃÂ¢Ã¢ÂÂ¬ÃÂexhibition committeeÃÂ¢Ã¢ÂÂ¬ÃÂ (bigger job than it sounds) AND IÃÂ¢Ã¢ÂÂ¬Ã¢ÂÂ¢m in my final year of a full-time 4 year course. I am so tired. 

The annoying part is - I donÃÂ¢Ã¢ÂÂ¬Ã¢ÂÂ¢t need to do any of this. My parents will happily support me through my final year and give me the space and time to study without any expectation of my having to work. I could easily quit my internship, IÃÂ¢Ã¢ÂÂ¬Ã¢ÂÂ¢ve done over 100 hours more than the required amount! I donÃÂ¢Ã¢ÂÂ¬Ã¢ÂÂ¢t know why I set such high expectations for myself or want to prove to everyone around me that I can work harder than themÃÂ¢Ã¢ÂÂ¬ÃÂ¦it is messed up. 

I donÃÂ¢Ã¢ÂÂ¬Ã¢ÂÂ¢t know how to get out of this rut. If I quit I will just end up taking on more work with a different companyÃÂ¢Ã¢ÂÂ¬ÃÂ¦it is a never ending cycle.  Please help.",6,stress,"naramdaman k nasa punto ng pagbagsak, d alam gagawin. huling taon kolehiyo, 2 trabaho, labanan sakit, lampas pagod. doktor sabi: bawasan stress para makarating remisyon. katapusan nakaraang taon, iniwan ko ang",0.2866565585136413,98.85337376594543
"He kept holding my arm while talking to me. He kept saying how beautiful I was. Even after he finished the exam he did another sweep with his hand idk wtf he was checking because we were all done IÃÂ¢Ã¢ÂÂ¬Ã¢ÂÂ¢m almost positive he just wanted to fucking touch me because every chance he could he would. I was so close to tears I know this isnÃÂ¢Ã¢ÂÂ¬Ã¢ÂÂ¢t like so bad, but to a girl with ptsd from assault it was the end of the world. I felt so gross and grimy having his nasty hands on me calling me beautiful.",6,stress,"Pinp. haw. sa braso ko samnt nagslt. Snsbi kung gaano k agnda. Kht matapos sglt, gumawa ng isa pang paglibot gamit kamay, d ko alam kung ano tinitngnan niya kc natapos na tayo. Hln sigurado k gusto niya lng akw hawakan kc sa bawat pagkakataon na myroon siya, gagawin niya iyon. Napklpit ko nang umiyak, alm kong hindi ito",-0.8880677223205566,100.0
I am sick ALL the time Since the beginning of December IÃÂ¢Ã¢ÂÂ¬ÃÂve been sick 5 times and everytime for at least 5-6 days. Does anyone have the same problem and how likely is it that stress is the cause?,6,stress,lgi ak may skt sml noong Dsyembre. lm ng beses ak ngkskt at bkt pagkaktn ay hndi bba sa 5-6 araw. myrn bng iba na my prhng prblma t gn kalki ang psibilidad na ang strss ang dhyln?,0.3805949091911316,98.47762036323547
"First off, I want to apologize for posting here so often. I don't have anywhere else to turn to. I recently contacted my abuser. I don't know why, I think it's part of my self destructive behavior. And I've realized something.",6,stress,"una, humihingi ako ng paumanhin dhl madalas akong mag-post dito. wala akong iba mpagkakatiwalaan. kamakailan, nakontak ako sa aking abusador. hndi ko alm kng bakit, siguro dhl sa aking pag-uugaling nakakasira sa sarili. at napagtanto ko na ang isang bagay.",-0.8723113536834717,100.0
"Nose Clogged? dried out? Does anyone get this with stress/anxiety? I have never had allergies before, usually on the morning I am good. But after lunch at work, one side of my nose get clogged and it makes it hard to breathe and my anxiety doesn't help. Do you have tips or things I can do to relive this? This is like my number reason my anxiety shoots up

Any tips would be helpful",6,stress,"ubos lng lng? tuyo? my nkaranas b kso stress/anxiety? wla k kasaysayan ng allergy, karnvn ay maayos ako sa umaga. Pero pagkatapos kumain sa tanghalian sa trabaho, nabubulok ang isang bahagi ng aking ilong at mahirap huminga, at hindi naman tumutulong ang aking anxiety. myro'n kyong mga payo o bagay na maaring gawin upang maibsan ito? Ito ang dahilan kung bakit tumataas ang aking anxiety.",0.28878915309906,98.84484338760376
AAAAAAAAAAAAAAAAAA aaAAAAAAAAAA FIDBWJSKLA oaak$]*ÃÂÃÂ·akkaaAAAAAAAAA DOÃÂÃÂ¥ÃÂ¢Ã¢ÂÂÃÂEOODSNAPOWÃÂ¢Ã¢ÂÂÃÂÃÂÃÂ¥ÃÂ¢Ã¢ÂÂ¬ÃÂ¢ÃÂ£Ã¢ÂÂ¬Ã¢ÂÂ¹OEKFPA8489492DNKSÃÂÃ¢ÂÂ[;,6,stress,AAAAAAAAAAAAAAAAAA aaAAAAAAAAAA FIDBWJSKLA oaak$]*ÃÂÃÂ·akkaaAAAAAAAAA DOÃÂÃÂ¥ÃÂ¢Ã¢ÂÂÃÂEOODSNAPOWÃÂ¢Ã¢ÂÂÃÂÃÂÃÂ¥ÃÂ¢Ã¢ÂÂ¬ÃÂ¢ÃÂ£Ã¢ÂÂ¬Ã¢ÂÂ¹OEKFPA8489492DNKSÃ,0.2193020284175872,99.12279188632964
"Chronic stress recovery from inflammation time frame? How long does it take inflammation in the body to dissipate after reducing Cortisol, following a period of chronic stress?",6,stress,"Gaano katgal ng pnmn ng pglig frm tlmak na strss, prtklr sa pgb ng pmamga, mtapos mbwsn ang crtisol mtpst ng isang pnmn ng mtlgl na strss?",0.3499126732349396,98.60034930706024
"Breathing techniques for stress Which breathing techniques do you find work best to calm you down when you feel stressed?   


I find box breathing (breathe in for 4 seconds, hold for 4 seconds, exhale for 4 seconds, hold for 4 second, repeat) and 4-7-8 (breathe in for 4 seconds, hold for 7 seconds, exhale for 8 seconds, repeat) are the two techniques that work best for me.   


Slow, long breaths seem to make me feel the most calm too.   


What works for you?",6,stress,"Mga pammran ng hnga prs strss. Aln sa mga pammran ng hnga ang pinakmdblss para mkplma k pgrp nkrmsd k ng strss? Para skn, ang bx brthing (hng ng 4 sndo, hwn ng 4 sndo, hng palabas ng 4 sndo, hwn ng 4 sndo, ulit) at 4-7-8 (hng ng 4 sndo, hwn ng 7 sndo, hng palabas ng 8 s",0.3452140688896179,98.61914372444151
Insomnia How do you guys fight insomnia?,6,stress,"Pagod, pano kng laban sa insomya?",0.2672815322875976,98.9308738708496
As a result I had a total burn out. Many months ago the situation with my abuser came up between this friend and I. I explained some stuff but she said it was too overwhelming for her to hear so I never brought it up again. My response to her saying I do nothing was just explaining that I donÃÂ¢Ã¢ÂÂ¬Ã¢ÂÂ¢t tell people why IÃÂ¢Ã¢ÂÂ¬Ã¢ÂÂ¢m in this situation because it scares people. ItÃÂ¢Ã¢ÂÂ¬Ã¢ÂÂ¢s often retraumatizing when I tell people and their reaction is either to get scared and shut me down or not believe me at all. Her response was that a lot of people have fÃÂ¢Ã¢ÂÂ¬Ã¢ÂÂ¢d up things they have to deal with but they still have to do stuff.,6,stress,"Dahil dto, nagkaroon ako ng ganap na pagod. Matagal n, ang usapin kng mananakit ko lumabas bwn ko at kaibigan. Ipinaliwanag ko ilang bagay, sinabi niya masyadong nakakabigat, kaya hindi ko na ulit. Ang tugon ko sa sinabi niya na hindi ako gumagawa ng anuman ay simpleng paliwanag na hindi ko sinasabi sa mga tao kung bakit ako nasa ganitong sitwasyon.",-0.735228419303894,100.0
"I didn't tell anyone, not even my family. I felt I had to protect them; They were already insolved with CPS (Trust me, though, they're awesome) and I knew if i brought abuse into our case, I would inevitably send them down an unnecessary path. Social workers don't blame the abuser, they jump to the conclusion of negligent parents; Parents who were irresponsible enough to not know this was going on. They didn't know, they didnt know because they couldn't know. I went out for a few hours and they assumed I was hanging out with my friends, at least that's what I planned to do; They assumed I went to school and got an education, not beatings when the teacher was out of the room.",6,stress,"Hindi ko sinabi sa kahit kanino, hindi man sa aking pamilya. Naramdaman kong kailangan kong protektahan sila; Sila ay kasangkot na sa CPS (Paniwalaan mo ako, sila ay kahanga-hanga) at alam kong kung dadalhin ko ang pang-aabuso sa aming kaso, hindi maiiwasan na ipasok sila sa isang hindi kinakailangang landas. Hindi sisihin ng mga social worker ang mananakit, sila ay tumatalon sa konklusyon ng mga magulang na negligens",-0.7969214916229248,100.0
"IÃÂ¢Ã¢ÂÂ¬Ã¢ÂÂ¢m overwhelmed and exhausted I (16) have been so stressed and exhausted for the past few weeks and now itÃÂ¢Ã¢ÂÂ¬Ã¢ÂÂ¢s all crashing down on me. My last exams of the spring are starting in two weeks and I aim towards good grades but IÃÂ¢Ã¢ÂÂ¬Ã¢ÂÂ¢m so tired that I canÃÂ¢Ã¢ÂÂ¬Ã¢ÂÂ¢t concentrate on studying, which stresses me out even more. 

I constantly feel left out and belittled at school. I have two friends that I hang out with but whenever weÃÂ¢Ã¢ÂÂ¬Ã¢ÂÂ¢re all together IÃÂ¢Ã¢ÂÂ¬Ã¢ÂÂ¢m pretty much thirdwheeling them. 

Home doesnÃÂ¢Ã¢ÂÂ¬Ã¢ÂÂ¢t feel that good either. My parents fight over small things almost daily, my sister is always at work or at school so I never see her and my brother doesnÃÂ¢Ã¢ÂÂ¬Ã¢ÂÂ¢t talk to any of us without getting angry. I feel like everything is falling apart around me.",6,stress,"Napakarami kong nararamdaman at pagod na pagod ako. Dalawampung anim na taong gulang na ako at sobrang stressed at pagod na ako sa nakalipas na ilang linggo, at ngayon ay parang lahat ay bumagsak na sa akin. Simula sa dalawang linggo ang aking mga huling pagsusulit sa tagsibol at inaasam kong magkaroon ng magagandang marka, ngunit sobrang pagod na ako na hindi ko mapagtuunan ng pansin ang pag-aaral, na nagdudulot pa ng pag",0.2888051867485046,98.84477925300598
"Stomach pain Anybody else get horrible stomach/chest pain for days on end when immense stress is in your life? 

It's finals, and last year I had the same exact issue during finals. Stomach pain. I can only assume that it's bad heartburn ... I feel bloated like a dead animal in the blazing heat. Feels like a big sharp iron bit of metal is in there twisting and pulling at my organs 

It's impossible to move or eat and last time I went to the Dr about it they put me on an anti acid and sent me home 

I hope it's just stress, does anybody else get this???",6,stress,"finals na, tyan ko masakit. kmu nkakaranas ng matinding sakit tyan/dibdib n tumatagal ng ilang araw pag stress? ganyan din ako noong finals last yr. parang heartburn, pero mas malakas. parang pinupukpok ng patay na hayop sa init ng araw. metal na piraso nakakabit sa dibdib ko.",0.334737479686737,98.66105008125304
"It has been very hard recently to Stop thinking about committing suicide. Ive never wanted to commit suicide so bad in my life. I attempted last month and since then IÃÂ¢Ã¢ÂÂ¬Ã¢ÂÂ¢ve had a really strong urge to off myself. 

Im totally ready and willing. But life has been showing signs of getting better. Idk how to get over the feeling. The feeling of wanting to commit suicide is almost addictive as if death could fulfill the role of the greatest drug known to man. A pure release of peace.",6,stress,"napaka hrp ngyn pigilan pgn-isip na mgpmtay. hndi ko pa nranasan na gsto kong mgpmtay hnggt ngyn. snbykn ko noong nkaraang bwn at mula noon ay sobrang lkas ang pgnnanais kong mwal na.

Handa at bks ako. pero prang nagpphwatig na ang byf na mgiging ms mbt. hndi ko alm kung pano mklmot sa gntong pkiramdam. ang pkiramdam na gsto mg",0.2780952155590057,98.88761913776398
"I'm in a toxic relationship! It pains me to admit it but I am in a toxic relationship. A relationship with no trust and confidence, no God, constant bickering, and growing violence. We both bring out the worst in each other. What should I do? We have plans tho, and we're working on them. We're just too proud and too dominant against one another.

I just hate this situation we're in.",6,stress,"Nasa isang nakakasamang relasyon ako! Nakakapanghihinayang aminin ngunit nasa isang nakakasamang relasyon ako. Isang relasyon na walang tiwala at kumpiyansa, walang Diyos, patuloy na pagtatalo, at lumalalang karahasan. Pareho tayong nagpapakita ng pinakamasama sa isa't isa. Ano ang dapat kong gawin? May mga plano naman tayo, at nagtatrabaho tayo rito. Kami ay masyadong mapagmataas at masyadong dominante la",0.3160142302513122,98.73594307899477
"I do have intense anxiety to the point it affects my daily life and prevents me from performing the smallest tasks such as making a phone call to get an appointment. However, I do not know if my anxiety is a result from what had happened to me as a child or me experiencing unpleasant experiences in highschool. I just know that my rape makes my anxiety worse sometimes. I do get triggered by anything that reminds me of unpleasant memories of my rape. The only time I break down is when I am severely distressed or my feelings are so bottled up that a trigger would set me off crying.",6,stress,mroon kng mting pag-aalala nkaaapekto sa akng pang-araw-araw na buhay at pumipigil sa akin na gwin kahit na ang pinakmliit na gawain tld ng pagtawag sa tlpno para mag-set ng appointment. Dko alm kung ang akng pag-aalala ay bunga ng nangyari sa akin noong bata pa ako o ng mga hindi kasiya-siyang karanasan ko sa kolehiyo. Alm ko lng na ang akng pagpapahirap ay nagpapalala ng ak,-0.7710316181182861,100.0
"College soon, no money, not even a bed to sleep on. Stressed. Concerned how IÃÂ¢Ã¢ÂÂ¬Ã¢ÂÂ¢ll manage to study living on someoneÃÂ¢Ã¢ÂÂ¬Ã¢ÂÂ¢s couch. I want my own place, I miss having a bed and being able to actually rest.. not wake up because you literally sleep in someoneÃÂ¢Ã¢ÂÂ¬Ã¢ÂÂ¢s living room and they have more then 3+ people a day there. I canÃÂ¢Ã¢ÂÂ¬Ã¢ÂÂ¢t sleep proper. I canÃÂ¢Ã¢ÂÂ¬Ã¢ÂÂ¢t get money due to closing my Shopify store, i dont get paid from school until July. I just really am in need of peace and food. Ughh",6,stress,"malp na kol, wala ak pera, wla p kma pr mtl. Stressed ak. Alhnn kn pno kakyni mag-aral hile nktira sa kma ng iba. Gst ko sring tirhan, nm-mss ko ng pagkakaroon ng kma at mkatulog nang mayos... hndi gising dhil ltrl n ttulog ka sa sl ng iba at my mahigt 3 tao araw-araw doon. Hndi ak mkatulog nang mayos. Hndi ak mkakuh ng pera d",0.2877947986125946,98.84882080554962
"Invite Harmony in Life with Sound Bath Meditation!  Acclaimed musician Jeralyn Glass's crystal singing bowl [concert](https://www.youtube.com/watch?v=42HGMnra7_k)features meditation sounds to infuse your being with gratitude, invite more harmony into your life and relieve stress.",6,stress,"Anyayahan Pagkakaisa Buhay thru Sound Bath Meditation! Famed musikero Jeralyn Glass ft. [konsyerto](https://www.youtube.com/watch?v=42HGMnra7_k) ng kristal singing bowl, meditasyon sounds 2 fill ur soul w/ gratitude, invite more unity in ur life & ease stress.",0.3253776431083679,98.69848942756651
"Every time things start to get better something bad happens. So basically last year humped me. So much happened that I have been left with symptoms of post traumatic stress. Anyway I left my job to start this year fresh and hopefully not get bullied like last year. I have been losing weight, eating healthier, going to the gym and have never felt better. Two weeks of finally feeling like a human again and tonight I was going to go to the cinema to realise my car has broke. I know it sounds silly but I canÃÂ¢Ã¢ÂÂ¬Ã¢ÂÂ¢t catch a break.",6,stress,"Tuwing naging mganda mga bgy, my msng nangyayri. Kaya halos bng nakaraang tn ay prang pgnkttn ako ng suerte. Mryng nangyari kaya naiwn akong my sintomas ng post traumatic stres. Sa kblt nito, inwn ko ang trabaho ko pr magsimula ng tn na ito nang sariwa at sana hindi na ako pgnkttn ng karangalan gaya noong nakaraang tn. Ng-exrcise ako, kumaen ng mas malusog, pumunta sa gym, at hindi ko",0.278508722782135,98.88596510887146
"Stress and dizziness Had anybody else experienced dizziness or being light-headed when you're stressed or anxious?

Occasionally over the past few weeks I've experienced it, currently going through a house move and dealing with my new promotion as a manager at work so I do feel as though I've had prolonged stress at the moment.

Thanks.",6,stress,"minsan sa mga linggo, naranasan ko pagkahilo/light-headedness, stress d2 sa paglilipat bahay + bagong posisyon bilang manager. matagal n stress nmn. salamat.",0.3470364809036255,98.6118540763855
"Thesis stress is driving me crazy, never feel this bad for school I'm an international student in my last year of uni now, but for the first time in 3.5 years I study here this is the first time I feel this bad. My thesis deadline is in less than a week and just a few days ago I received feedback that I need to change the whole structure. It takes so much time but I'm trying my best and it seems like it's getting there, but I still feel so stressed. I feel like my self esteem is so low because for this whole thesis process I always feel like I'm dumb and not good enough
I don't feel like eating anything because everything suddenly taste like paper for me. Everyday I wake up the first thought is about my thesis and I feel like I couldn't afford break. Yesterday I worked on my thesis from 9am to 11:30pm without a break more than 10 minutes. I also feel like crying but also feel like I can't afford the time to cry at this point. I want to give up so bad but I can't afford it. My parents spent excessive amount of money for me to study abroad and I feel like I need to graduate. I don't know what to do...I understand that I should keep going it's only a few days more but I can't stand this constant anxiety and I feel like I could burst at any time",6,stress,"ang strss ng ths ay ngppl sa kn, hnd ko p nrmdmntng gntng klala pr sa skl. sng estudynt ng internasyonal sa hln yn sa klyo, ngt sa unang pagkakttn sa 3.5 tn ng pag-aaral d2, tng unang pagkakttn n naramdmn ko ng gnt. mplt nang mtpstpng dldln ng ths s loob ng isang lnggo at lng araw lng ng nklps p nang mktrp q ng fdbck",0.3138566315174103,98.74457347393036
"Whats my cause of stress? Thinking Bout seeing the doc just to get myself checked out. Could be old age or poor lifestyle habits but i recently had a panic(?) stress moment that lasted for at least 5minutes until a problem was solved

Background info: only experienced 2-3 occurrences where i found my legs specifically shaking due to nervousness. These experiences are spread very very far apart. 1st time over 10yrs ago fairly minor was just nervous about a new environment &amp; people. 

2nd time was last june 2022 was falling behind online class, thought i couldnÃÂ¢Ã¢ÂÂ¬Ã¢ÂÂ¢t get set up this program until teacher helped lol and i think this was the main cause of stress (fear of being unable to catch up? Lost?) also deep slow breathing didnÃÂ¢Ã¢ÂÂ¬Ã¢ÂÂ¢t work here. How to manage lmao

Most recent was few days ago, no leg shaking but just like the 2nd time canÃÂ¢Ã¢ÂÂ¬Ã¢ÂÂ¢t really think straight, brain wasnÃÂ¢Ã¢ÂÂ¬Ã¢ÂÂ¢t calming down even though i was breathing normally. Again it was a school related thing, had an IT issue i couldnÃÂ¢Ã¢ÂÂ¬Ã¢ÂÂ¢t fix, couldnt login to join lecture that was ongoing at the time. Feared missing out important content until i remembered i can watch the recording later but didnÃÂ¢Ã¢ÂÂ¬Ã¢ÂÂ¢t really get rid of that unpleasant rushed feeling and anxiousness that i need to get this login resolved. Only until i got connected with the school IT helpdesk that i felt completely fine again

I seldom get nervous in job interviews but what is this??? Not sure why my body reacting like this if itÃÂ¢Ã¢ÂÂ¬Ã¢ÂÂ¢s just fear of falling behind/missing out

Pretty sure thereÃÂ¢Ã¢ÂÂ¬Ã¢ÂÂ¢s a correlation between 2 &amp; 3
Any insights? :(",6,stress,"Ano ang sanhi ng aking stress? Iniisip kong pumunta sa doktor para magpa-check up. Maaaring dahil sa pagtanda o masamang pamumuhay, ngunit kamakailan ay naranasan ko ang isang sandali ng panik(?) na stress na tumagal ng hindi bababa sa 5 minuto hanggang sa malutas ang problema.",0.2719904780387878,98.91203808784483
"So now I'm here not knowing what to do. I don't want to call the cops because I don't want my mom to get in any trouble for her gambling habits. So I need some advice for what to do incase something like this ever happens again. **tl;dr**: My mom cuts her boyfriend because he grabbed her by the throat and I don't know what to do. **UPDATE**: After this incident with her boyfriend, my mom wants to move out of the house.",6,stress,"Ngayon, nandito ako na hindi ko alam ang gagawin. Ayaw kong tumawag ng pulis dahil ayaw kong magkaroon ng problema ang nanay ko dahil sa kanyang pagsusugal. Kailangan ko ng payo kung ano ang gagawin kung sakaling mangyari ulit ito. **tl;dr**: Pinutol ng nanay ko ang bf nya dahil hinawakan siya sa leeg at hindi ko alam ang gagawin. **UPDATE**: Matapos ang insidente kasama ang bf nya, gusto ng nanay ko umalis ng bahay. 


Revised",-0.827868640422821,100.0
"This is all relevant because I'm slowly realizing that **keeping my relationship from my mother isn't sustainable**. I'm not a good liar. Eventually, the truth has to come out, because I cannot live like this. Problem-- my mother would HATE my boyfriend. Being a narcisist, she can't stand when I give anyone more attention or devotion than her.",6,stress,"Ito ay lahat ay mahalaga dahil unti-unting napagtanto ko na hindi matagal ang pagtatago ng aking relasyon sa aking ina. Hindi ako magaling magtago ng katotohanan. Sa huli, lalabas din ang totoo, dahil hindi ko kayang mabuhay ganito. Ang problema ayaw ng aking ina ang aking bf. Dahil sa kanyang pagiging narcissist, hindi niya kayang tanggapin na binibigay ko ang aking pansin at pagmamahal sa iba kaysa sa kanya.",-0.8747234344482422,100.0
"They discharged me. I told a nurse at a health clinic though, where I got sutured, that I just can't deal with the PTSD anymore, and I feel awful on this injection of flupentixol. I'm suicidal. I'm suicidal, and I keep thinking I should just go through with it this time. But this is a cry for help: what should I do?",6,stress,Inilabas na nila ako. Sinabi ko sa isang nars sa isang klinika ng kalusugan kung saan ako tinutukan na hindi ko na kaya ang PTSD at masama ang nararamdaman ko sa flupentixol injection. Suicidal ako. Suicidal ako at lagi kong iniisip na dapat kong gawin ito ngayon. Pero ito ay isang tawag ng tulong: ano ang dapat kong gawin?,-0.7837319374084473,100.0
"Through work I have been in some dodgy situations abroad. A number of times my life has been at risk, and I've had to defend myself a few times. I'm a civilian and have only had basic weapon training. &#x200B; We've always had an ex-military security contractor with us, but still had to perform aggressive roles when approached.",6,stress,"Sa pamamagitan ng trabaho ko, nkarans ng ilang mapanganib na sitwasyon sa ibang bansa. Mraming beses nasa panganib ang buhay ko, at kailangan kong ipagtanggol sarili ko ng ilang beses. Ako sibilyan lng may pangunahing pagsasanay sa armas. Laging may kasamang dating sundalong tagapagbantay, ngunit kailangan pa rin gampanan agresibong tungkulin kapag nilapitan.",-0.7695364952087402,100.0
"He purposely said the most hurtful things to me during our break up to make himself feel better. And one of the worst things of all, like I mentioned earlier, he sexually assaulted and that also happened when he knew we were breaking up. Knowing how terrible of a person he is that some people have even told me he is a narcissist or sociopath, I don't know why I still think I should have just stayed, why I should have just seen if he could change despite how he never tried to change throughout our years together. I just want to stop myself from thinking this way and fully move on and have myself realize I am so much better off, and I even try to remind myself of all the bad things he has done but it seems that lingering thought of, ""Well, was it ever that bad?"" keeps returning.",6,stress,"sinadya niyang sinabi mga pinakamasakit na salita sakin noong hwalay kami para magandang pakiramdam. Isa sa pinakamasamang bagay gaya nabanggit ko kanina, nagnakaw katawan ko, nangyari rin alam niyang hhiwalay na kami. Alam ko gaano kasama tao kaya sinabi ilan narcissist sociopath siya, hindi maintindihan kung bakit ako pa iniisip dapat sana ay nanatili.",-0.732677698135376,100.0
"Stressed Idk why but I always start to feel like shit when I gotta get ready to try and go to sleep. My mind starts going to ""I won't make it outta here"" at random moments. I'm just thinking about these jobs like wingstop is only paying $11 and apparently you can get a lot of hours when the new location opens up but I keep stressing about moving. Some people have it so fuckin easy where they can just get up and go. I don't have it like that. It's already hard to save money and than the stress of thinking about saving to move, saving to get a bike, possibly tryna get a license and car. I've been in this city so long, it's literally taking all of my energy. How do I start thinking I'll make it outta here? Will it ever happen? I wanna get back into school but idk what I wanna do but I gotta do something if I wanna get outta here. Idk who else might be in a situation like mine but damn this shit is so annoying. Working and making the bare minimum just to try and get by smh. I keep tryna think it'll be ok but idk. I really wanna move to have way better opportunities.",6,stress,"Stressed, hindi ko alam kung bakit pero lagi akong nararamdaman na parang sira na ang araw ko kapag kailangan kong mag-ayos para matulog. Nagsisimula ang isip ko na ""Hindi ako makakalabas dito"" sa mga random na sandali. Iniisip ko lang ang mga trabaho tulad ng Wingstop na nagbabayad lang ng $11 at tila maraming oras kapag nagbukas ang bagong lokasyon ngunit patuloy akong nag-aalala tungkol sa paglipat. May mga tao na talagang madali",0.2099205255508422,99.16031789779665
"There's nothing I can say or do that will alleviate her worries. In the past I've tried to solve things but that doesn't help. I've tried just listening and agreeing or offering comments like ""that does sound bad"" or ""I understand"" but those don't seem to help either. Does anyone have advice on what I can do or say to not cause anger or start a fight? I'm at a loss as to what I need to do or be for her.",6,stress,"wlng masasbi o mgagawa kng mbsn kng mga alalhnin. Noon, sbtk kong lutsn ng mga bgy ngunit hindi yn nakatutlng. Sbtk kong mkng lng at sng-yon o mgbigy ng mga kmnt tulad ng ""tlng msm ba yn"" o ""nintndihan ko"" ngunit tila hindi rn yn nakatutlng. Myrwn bang payo kung ano ang mrri kong gwn o sbih upang hindi mgdulot ng galt o mgsimla ng away?",-0.7691699266433716,100.0
"I don't know. I keep overthinking everything and I am worrying about what it would be like to be with him for an extended amount of time. What if it is horrible and we end up hating each other? I fear that I cannot deliver what he wants and deserves emotionally and sexually, and those fears stunt my ability to love him freely. I am wary of the fact I have no control over the outcome of that.",6,stress,"Hindi ko alam. Ptlng kng-o-ovrthnk lht at ng-aalala kung pano kung mnntly kami mskasama nlng mtl. Ano kung mgbbg msma t mggkakgsto kami sa st isa? Ntatkt kot na hndi ko mbibgy ang gsto at nrprpt nhn emosyonal at sekswal, at ng mga tknt na t ay pmpigil sa kn n mahaln sya nlng mla. Ntatkt dn ako na wla akong kntrl sa knlbs",-0.7550345659255981,100.0
"This Crippling Pain Is Getting Stronger. Cant, you see I cant do this much longer This Fearless drip, The subconscious Tears. Hope someone Can see my Fear.",6,stress,"ang nkakpinsalang skt n ito ay lalong lmlks. hndi mo ba nkit, hndi ko n kyta itong tgll. ang wlng tkot na pt, ang mga lha ng di-snsdy. sana my nkkkt ng my tkot.",-0.8165314197540283,100.0
"My friends and family don't understand why he is so jealous and controlling because they know when I'm in a relationship I'm faithful. Im ready to take him out of my life, but what should I do? When hes angry I don't know what extent he would go to. How should I handle it? Ignore him or communicate calmly so he doesn't get mad?",6,stress,"Hindi maintindihan ng mga kbg'n at pamilya ko kung bkit sy gnon knggit at kontrolado dhil alm nila na kpag nasa relasyon ako, tapat ako. Hndng-handa na akong tanggalin sy sa buhay ko, pero ano ang dapat kong gawin? Hindi ko alm hngg saan ang kaya nyng gawin kpag glt sy. Pano ko ito hharapin? Iwasan sy o mkpg-usap nang mhnon para hindi sy mgalt?",-0.824971079826355,100.0
"During a night he came barged into me and my mom's room and started hitting her. I was so confuse and in tears I didn't know what to do, but cry. I didn't get much sleep that night. The abuse continue on for 4 years. There was peaceful time I thought the abuse stopped.",6,stress,"Sa isang gabi, pumasok sya sa kwarto namin ni nanay at sinimulan nyang batuhin. Napaka-confused at umiyak ako, hindi ko alam ang gagawin kundi umiyak. Hindi ako nakatulog nang maayos noong gabi. Nagpatuloy ang pang-aabuso sa loob ng 4 taon. May mga panahon ding tahimik na akala ko ay tumigil na ang pang-aabuso.",-0.825594425201416,100.0
"[Academic] (NEED for class )Survey about mental health issues for college students with and without head injuries/TBI **This survey is for a research project at Maryville University, examining psychological and cognitive differences that college students with/without head injuries are experiencing. It should take no more than 20 minutes to complete. Only requirement is that you are enrolled in college courses and 18 or older.**

[https://maryville.az1.qualtrics.com/jfe/form/SV\_3wJO1XarKHq4MpU](https://maryville.az1.qualtrics.com/jfe/form/SV_3wJO1XarKHq4MpU)

&amp;#x200B;

Thank you in advance!! :)",6,stress,"Kln pglng klase. Prdyn stdy: isyu sa kalusugan ng isip prm studnt kolehiyo, mmay/walng TBI. Proyekt Maryville U, susuriin pagkakaiba sikolohikal/kognitibong karanasan. 20 min.

Output: **Kln pglng klase. Prdyn stdy: kalusugan isip studnt kolehiyo mmay/walng TBI. Maryville U proyekt, pagkakaiba sikolohikal/kogniti",0.312680721282959,98.74927711486816
"Hi, I am 21 years old, I used to suffer from panic attacks and anxiety last year, but somehow managed to beat it and live like a normal person again. But from time to time, i have this weird feeling that I am gonna pass out or something like that, my face is pale and I feel this uncomfortable pressure in my eye balls, it happens when I'm at university during class or even during normal daily activities. I did some blood tests and everything is fine, so is this anxiety again?",6,stress,"Kusta, 21 tng glang ako, nng nkrang tnon ay nghhrp ako s panic attacks at anxity, nng sa isang prwn ay nkyan kong tlunin t mbyh muli bng isang nrml na tao. Ngt pamnsan-msan, nrrmdmn ko tng kkbng pkrmsn n prg mmmpty ako o gnito, nmnhd ng mkh ko at nrrmdmn ko tng hindi kmfrtableng prsyn s mga mtk ko",-0.7995105981826782,100.0
"My mother on the other hand tells me that she is doing all she can, when i explained to her about the way she dresses in front of him she blames him for not creating the opportunity to wear something nice. ie not going out someplace due to him preferring to do work. Listening to both sides separately have put me in a place where i am helpless and cannot do anything. All i can do is withdraw into myself and think about other things to relieve myself. Its basically that they dont understand each other.",6,stress,"Sa kabilang banda, sinasabi ng aking ina na ginagawa niya ang lahat ng kaya niya, nang ipaliwanag ko sa kanya ang paraan ng kanyang pananamit sa harapan niya, siya'y sisihin siya sa kakulangan ng pagkakataon na magsuot ng maganda, ibig sabihin, hindi sila lumabas dahil sa pagpili niya na magtrabaho. Pagdinig sa dalawang panig nang hiwalay ay naglagay sa akin sa isang sitwasyon kung saan ako'y walang magawa at hindi makapag-inter",-0.7394551038742065,100.0
"My son was septic with respiratory distress for 5 hours (my husband and i didn't know at the time), and the medical staff was too incompetent to realize. The ambulance staff was even worse. My son almost died in the beat-up ambulance as well. It was horrible. We finally got to a bigger hospital where he was on antibiotics for nearly a month.",6,stress,"Ang anak ko ay nagkaroon ng sepsis, hirap huminga limang oras (hindi namin alam, asawa at ako), medisina tauhan hindi marunong. Ambulansya masahol pa, halos mamatay anak ko sa sira-sirang ambulansya rin. Nakakatakot. Ospital malaki, antibiotics isang buwan.",-0.8011276721954346,100.0
"Weird title I know but I really couldnÃÂ¢Ã¢ÂÂ¬Ã¢ÂÂ¢t find any other way to describe what IÃÂ¢Ã¢ÂÂ¬Ã¢ÂÂ¢m feeling and I really struggled to think if I should post this on here or another group So for as long as I can remember IÃÂ¢Ã¢ÂÂ¬Ã¢ÂÂ¢ve always been attracted to women and only women I had absolutely no interest in men at all A few years back I had my first relationship which was really manipulative and physically abusive and I havenÃÂ¢Ã¢ÂÂ¬Ã¢ÂÂ¢t been on any dates since then Recently though (like in the last two weeks) itÃÂ¢Ã¢ÂÂ¬Ã¢ÂÂ¢s accused to me that bar an old crush from before my ex ÃÂ¢Ã¢ÂÂ¬ÃÂkinda-sortaÃÂ¢Ã¢ÂÂ¬ÃÂ coming back I havenÃÂ¢Ã¢ÂÂ¬Ã¢ÂÂ¢t found any women attractive at all in a while at least a year and whenever I see someone I would have normally found attractive I just get a nervous/uncomfortable feeling I canÃÂ¢Ã¢ÂÂ¬Ã¢ÂÂ¢t really describe IÃÂ¢Ã¢ÂÂ¬Ã¢ÂÂ¢m not sure if this is a response to how my ex used to get abusive if she thought I was attracted to her (like sheÃÂ¢Ã¢ÂÂ¬Ã¢ÂÂ¢d insist I must want to rape her if I called her beautiful for example) and I know for a long time afterwards I felt disgusted with myself if I found someone attractive so this may just be the next step in that, like my mind doesnÃÂ¢Ã¢ÂÂ¬Ã¢ÂÂ¢t want me to feel bad for finding someone attractive so it stops finding people attractive",6,stress,"kakaiba ang tit ko alam ko pero hndi ko talaga mahanap ang iba pang paraan para ilarawan ang nararamdaman ko at talagang nahihirapan akong magpasya kung i-post ko ito dito o sa ibang grupo. Hanggang sa aking matatandaang panahon, lagi akong naaakit sa mga babae at wala akong interes sa mga lalaki. Ilang taon na ang nakalipas, naranasan ko ang aking unang relasyon na talagang manipulatibo at pisikal na abusado, at hindi na ako nag-date mula noon",-0.8308543562889099,100.0
"It feels very weird to feel like you have nothing to cry about, then cry, and then go back to not being sad right after you cry....) I just don't get it....I thought stress was something that built up over time....like you hop from 5 -> 6 after a few months of continued stress...Is that not how it works? Does stress fluctuate between 1 and 10 on a daily basis? And how much do ""stress relieving activities"" actually help? I just cried does that mean I'll go from 7 to 5?",6,stress,"kakaiba pakiramdam na parang wala kang dapat iyakn, tapos umiiyk, tapos bumalik sa hindi malungkot kaagad pagkatapos mong umiyak.... hindi ko maintndhan.... akala ko stress ay unti-unting tumataas sa paglipas ng panahon.... gaya ng pag-leap mo mula 5->6 pagkatapos ng ilang bwn ng patuloy na stress... hindi ba ganun ang tkbo nito? Nag-fluctuate ba ang stress sa pagitan ng 1 at 10 araw-araw",-0.8687760233879089,100.0
"She gives me something weaker that I know will NOT work. I've been on so many meds, I feel like I'm at the point where I know what will work and what won't and she might as well written me a script for a sugar pill. This is what she decides to do after I tell her how anxious I am, how a heavy duty benzo isn't working and how I'm near the brink of ending my life due to fear and anxiety and have no options left. Do I blame her for being cautious? No.",6,stress,"Ibinibigay niya sa akin ang isang mas mahina na gamot na alam kong hindi magtatrabaho. Marami nang gamot ang aking kinain, parang alam ko na kung ano ang magtatrabaho at hindi, at parang isinulat niya lang sa akin ang reseta para sa isang placebo. Ito ang kanyang desisyon matapos kong sabihin sa kanya kung gaano ako kinakabahan, na ang malakas na benzo ay hindi gumagana, at na malapit na akong magpakamatay dahil sa takot at pagkabalisa at wala nang ibang pag",-0.7839433550834656,100.0
"He ended up grabbing me by the neck with both hands and slamming my head against the wall in the hallway, he threw me the ground I hit the radiator and then he threw a bucket at me that had a toy and DOG SHIT in it (i genuinely don't think he knew there was dog shit in it, he just threw whatever was there...and our dog must have shit in it.) I didn't pass out this time. He went upstairs and slammed his door and locked it. I got right up and ran up the stairs and told him to let me in to get my shit so I can go. He told me to leave and I started kicking the door and demanding he lets me into get my shit so I can go.",6,stress,"kinuha nya ako sa lg gamit ang dalawang kmy at bngga ang ulo ko sa dding sa hallway, itinp ako sa lupa at tmma ako sa radiator, saka itinp nya sa akin ang isang bld na may lrwn at DUGO NG ASNO (tlng hindi ko akl ng my dugo ng aso doon, basta itinp nya ang nasa loob...at srguro nag-ihi ang aming aso doon.) Hindi ako nktulog sa pagkakataong ito. Umakyat sya sa hgdn at bgsk ang pnt at",-0.877854585647583,100.0
"It's sick and twisted. I've been getting nauseas and I've been having more dissociative flashbacks. My nightmares are coming back, but they're mostly of his parents. I'm afraid to see them, although my dreams are usually them telling me they understand. That they're not mad at me for going to the police.",6,stress,"nkakaumay nkbghani. skmura ko skt, flshbck mdalas, hhiwalay sa katotohanan. Pngmn pno takot, kng hng pglng, mglng. Natakot kta, bgtm dlsn sa pnngmn nlng ngsasbi k nlng nintndihan l, h glt s akin dn gngn ako.",-0.7815831899642944,100.0
"ItÃÂ¢Ã¢ÂÂ¬Ã¢ÂÂ¢s only happened 3/4 times recently but IÃÂ¢Ã¢ÂÂ¬Ã¢ÂÂ¢ve been putting off having sex and IÃÂ¢Ã¢ÂÂ¬Ã¢ÂÂ¢m constantly worried that my girlfriend doesnÃÂ¢Ã¢ÂÂ¬Ã¢ÂÂ¢t think IÃÂ¢Ã¢ÂÂ¬Ã¢ÂÂ¢m into her or that IÃÂ¢Ã¢ÂÂ¬Ã¢ÂÂ¢m losing interest, and so on. IÃÂ¢Ã¢ÂÂ¬Ã¢ÂÂ¢ve only just mentioned to her that I might be struggling with some form of anxiety. ItÃÂ¢Ã¢ÂÂ¬Ã¢ÂÂ¢s a vicious circle at the moment. ItÃÂ¢Ã¢ÂÂ¬Ã¢ÂÂ¢s almost as if I canÃÂ¢Ã¢ÂÂ¬Ã¢ÂÂ¢t relax and if I have nothing to worry about I create something to worry about. What do you guys think?",6,stress,"nngyari lng tto 3/4 beses kmln ngunit ntakot q iwasan pkipagtalik at lgi akong nag-aalala na hindi ako interesado sa aking gf o nawawala ang aking interes, at iba pa. Nlng kmln sinbi sa kanya na baka nahihirapan akong harapin isang uri ng pagkabalisa. Ito isang nakakulong na bilog nwn. Prang hindi ako makapagpahinga at kung wala akong dapat ipag-alala, gumagawa ako ng dahilan para mag-",-0.7914862632751465,100.0
"But i think the worst part is her emotional abuse. Like having fun to make me scared or cry and also always putting me down like i am not good enough or ignoring me. Also i feel like she is sexually attracted to me (i am 17 now) and uses some shitty pretending to touch me between my legs or butt. I once tried to talk with my dad about it, but he said that he and mom have enough to do and i should pull myself together. I feel like i really have to seek help, but i am so scared that people wont take me serious and think i am exaggerating.",6,stress,"Pero s tnk kng pinakamasakit y ang kanyang emosyunl n pang-aabuso. Tld ng nakakatuwa prh kng mtakot o umiyak k at lgi kng binababa prg hindi k sapat o binabalewala k. Prg naaakit d n k sekswal (17 n k nwn) at ggamit ng mga bastos n paraan pr hwk n k sa pagitan ng mga binti o puwet. Nng isang beses, sinubukan kong kswp n ang",-0.8081784248352051,100.0
"Short Survey for Student Project - Please support Hello community,

I hope this post is allowed. 

I am a sports student and writing a paper about the positive influence of breath work on stress / burnout.

You would do me a tremendous favor if you can take part in my very short survey.

Thanks a lot in advance! All your data will stay anonymous!  No email or so required.

[https://forms.gle/Kzsk2NReccScwHPK8](https://forms.gle/Kzsk2NReccScwHPK8)

&amp;#x200B;

Cheers, Christian",6,stress,"Mkng P-aral pr Proykt ng M-aaral - Pksptn Hello komunidad,
Sny payagan lng post na to.
Ako ay m-aaral ng sprts & sumulat ng papel tng postibong impluwensya ng paghinga sa strss/burnout.
Laking tulong kng mkakasali kayo sa aking napakaliit na survey.
Mrami salamat nang maaga! Ang lahat ng inyong datos ay mananatili na anonymous! Walang email o anumang k",0.2769069671630859,98.89237213134766
"I'm not able to sleep I took so much stress

That 

I wanted to pull an all nighter

I decided to just lie down before getting to work but I know I would sleep so

Now I kept an alarm and kept at 1am and kept it snoozing. I snoozed it till 4am 

Now that snooze was enough for me to realize I need sleep so I now decided to sleep

When I decided to sleep my head started aching like really bad headache forced me to wake up

And now I'm wide awake wanting to sleep

Help. I take so much stress

I end up doing no work

I procrastinate and end of the day have put my self in this rabbithole of tiredness",6,stress,"hindi mktulog kc sobrang stress. gusto allnighter, pero pahinga muna b4 trabaho, alam ko matutulog. alarm alas-otso, paulit-ulit hanggang alas-siyete. gumising, kailangan tulog kaya matulog na. matulog, sakit ulo husto.",0.2736705243587494,98.905317902565
Future stress So i was kinda brought up thinking I already have a safe future place to settle and earn in but now it seems like it is going all down hill and I need to go for the best colleges I can try to get in.so yeah opted a difficult subject which is needed in some good colleges and with school I am starting now entrance exam coaching(on top of having my regular subjects coaching)so itÃÂ¢Ã¢ÂÂ¬Ã¢ÂÂ¢s kinda I canÃÂ¢Ã¢ÂÂ¬Ã¢ÂÂ¢t describe what I am thinking will I be successful will I have a job will I not be able to clear anything will I be left in between will I be helpless.I donÃÂ¢Ã¢ÂÂ¬Ã¢ÂÂ¢t think anyone I know is even little stressed about future so many of them have settled business.like I am holding my tears so much right now I really wanna cry.what do I do how do I try to focus how do I cope up with so much that I will start doing in just a few days.Will I be able to do anything at all and give up,6,stress,"Ang stress para sa hinaharap. Kya pala ako lumaki na akla ko my ligtas na kinabukasan na lugar para manirahan at kumita pero ngayon parang bmbgsak na lahat at kailangan kong pssok sa pinakamagandang kolehiyo na kaya kong pssok. Kya nga pmi ko ng hrap na asignatura na kailangan sa ilang magandang kolehiyo at kasama ang paaralan, nagsisimula na rin akong mag-aral para sa entrance exam coaching (sa ibabaw pa ng reglar kong asign",0.2653053700923919,98.93877851963045
"throwaway... sorry if this all sounds very messy. I have a history of child sexual abuse, rape in a past relationship and problems with dissociation. So I was feeling like a robot that day again, due to stress. I then went to my boyfriend. I told him I am dealing with that again, he knows about my problems.",6,stress,"itnpon ko na... ptwad kung prang gulu lht. My ksyan ako ng png-abuso sa bt, pngggahasa sa isang nkaraang relasyon, at prblma sa pghhihiwalay ng srf. Kaya noong rwn na yn, prang rbt ako dhil sa strss. Pntg ako sa bfndf ko at snb ko na nrrmdaman ko ulit yn, alm nya ang mga prblma ko.",-0.8184769749641418,100.0
"I know there are a lot of bad stories on here about therapy. But I was wondering about good experiences. My own experience was six weeks ago. I slipped and went on s bender, I fell into a depressive, suicidal crisis. I phoned every crisis line that exists, for ten hours, well getting drunker and drunker.",6,stress,"Alam kong maraming masasamang kwto d2 kng s therapy. Pero nqtnong ako kng mgandang karanasan. Ang aking karanasan ay 6 lngo na ang nklipas. Natimbang ako at ng-bender, nhlg ako s isang depresyon, krisis ng pagpapakamatay. Tumawag ako sa bawat lnya ng krisis na umiiral, nang sampu oras, habang lalong nagiging lasing.",-0.8051765561103821,100.0
"My mom noticed and she started screaming at him, and they start having a heated argument. I was not that old at the time, so I didnÃÂ¢Ã¢ÂÂ¬Ã¢ÂÂ¢t have a cell phone. My mom had one though and it was sitting on the table. E had his in his back pocket and was a little away from me, so I ran and grabbed my momÃÂ¢Ã¢ÂÂ¬Ã¢ÂÂ¢s phone. I turned my back to him, and tried to dial 911, but before I could E grabbed the phone out of my hand, and put it in his other back pocket.",6,stress,"npnsn ng ny ko t nagsmg sigwan sya sknya, t ngkrn sln ng mnht ng pgtltl. Hnd p ako gnng bta nwn ky wla akong cellphone. Myrwn nmng ny ko t nklgay yn sa mesa. Myrwn dn sya sa blsa nya t medyo mlw sa akin ky tkbo ako t knh ng cellphone ng ny ko. Lngln ako sknya t snbykn tmgg ng 911, pero bgo p ako mkpgtp, knha nya ang",-0.7826251983642578,100.0
""", ""how about reasoning with him on that? "", ""it's understandable that he is threatened by your new friendships with other women and he handles it by getting angry""... I am not being critical but I really don't think my therapist knows how to handle what I'm dealing with. I said to him yesterday, ""how can I sit down and have a rational conversation with someone i don't feel safe around at times?"" Have others experienced therapists who weren't helpful, or who coached you to behave in ways that would work with someone who was not abusive, and possibly put you in more danger?",6,stress,""", 'Pano kung usapn natin sya nang makatwiran?' , 'Nintndihan ko na natatakot sya sa mga bgo pgkakaibgan mo sa iba babae at ginagawa niyang prn ang pag-aaway'... Hindi ako ngbig ng kritisismo pero talagang hindi ko akalaing alam ng aking therapist kung pano harapin ang pinagdadaanan ko. Sinabi ko sa kanya kahapon, 'Pano ako makauupo at mgkaroon ng makatwirang usapan sa isang tao na hindi ko nar",-1.014012575149536,100.0
"Stress Management Okay, so how do you fellow working citizens deal with stress? I just started a new job and the perfectionist in me is so nervous. I know iÃÂ¢Ã¢ÂÂ¬Ã¢ÂÂ¢m just starting but I literally want to blow my brains out because of how fucking dumb I can be with it sometimes. (Not literally but just like if I wasnÃÂ¢Ã¢ÂÂ¬Ã¢ÂÂ¢t so nervous my stupid brain would actually function better. Just agg) 


Ughh I know I know.
Practice makes perfect but likeÃÂ¢Ã¢ÂÂ¬ÃÂ¦. What the fuck man. 


IÃÂ¢Ã¢ÂÂ¬Ã¢ÂÂ¢m so scared I will fail and tarnish the company name and get fired for being a dumbass.",6,stress,"pano k mga manggagawa katulad ko mnge-manage stress? bgong trabaho ko lng ksi sobrang kinakabahan ang perpeksionista sa akin. alm kong bguhan pa lng pero parang gusto ko ng magpakamatay dahil sa kbobo ko minsan. (Hindi literal pero parang kung hindi ako kinakabahan, mas maganda sana ang paggana ng utak ko. Basta grrr) ugh alam ko alam ko.
sabi nila practice makes perfect pero",0.2933341264724731,98.82666349411012
"Feeling paralyzed Sometimes I feel so stressed that my body feels paralyzed. I canÃÂ¢Ã¢ÂÂ¬Ã¢ÂÂ¢t move, think, talk, feel, etc
Is it normal ?
And how can I deal with it?",6,stress,"mnsan, nraramdmn kng prang nabablt ng kba kaya prang nabibingi ang katawn ko. dhi ako mkapg-l, mkapg-sip, mkapgslt, mramdmn, atbp. nrml ba t? at pno ko tlmpsn t?",0.3306329250335693,98.67746829986572
"Why am I being all shelled up? How do I not do that,  and what should I do in order to process and handle my emotions without damaging the trust he is trying to place in me? I know he right now what is needed is for me to be stable,  loving and light. Why can't I do it? TLDR: going through a rough patch where husband was abusive and raging.",6,stress,"Bakit ako nagiging parang nakasara sa sarili? Paano ko maiwasan iyon, at ano ang dapat kong gawin upang maproseso at harapin ang aking emosyon nang hindi nasisira ang tiwala na sinusubukang ibigay niya sa akin? Alam kong kailangan niya ngayon ay isang matatag, mapagmahal, at magaan akong kasama. Bakit hindi ko ito magawa? Sagot sa maikli: nakakaranas ako ng mahirap na panahon dahil sa pang-aabuso at galit ng aking asawa. 


Revised",-0.7853047847747803,100.0
"In the meantime this girl texted asking what time he'd be there, but he didn't reply. Following day when she asked why he didn't reply/show, instead of sharing that he was saw me, he made up a story how he got stuck driving someone to the airport then followed with ""I wanted to see you more than anything."" At this point I royally freaked out and he said the reason he made up the story about driving to the airport was because now that it looked like he committed to attending, it'd be easier to  come up with some urgent non negotiable reason why he couldn't make it (rather than look like a jerk that ditched last minute for something else that popped up without giving any notice). Again understandable. I do buy the story because when the girl called, she told me nothing was going on beyond friendship and that they hadn't talked in forever, she said she herself was busy with a new relationship which why is they hadn't talked beyond simple texts here and there, which would explain why she didn't know he was dating me just until that moment.",6,stress,"""Samtla, babae nagtxt nlng oras d'darating, d sguro sumagot. Kinabukasan, tanung kung bakit d sumagot/dumating. Sa halip sabihin nakita ko, imbento kwento pagkabilanggo sa pagmaneho tao paliparan, sunod ""Gusto kitang makita nlng."" Dko freak out, sinabi dahilan d sumagot/dumating.""",-0.9953143000602722,100.0
"Anxiety? Stress? Guilt? Scarred? IÃÂ¢Ã¢ÂÂ¬Ã¢ÂÂ¢ll try to cut my story short in hope of someone out there being able to help me and guide me as I feel like I can no longer continue living with this feeling.

A general idea about myself is that I am a 22 yrs old medical student. I usually stress and worry a lot about medical school and my examinations, regardless of the fact that I score the highest amongst my batch. 

My story starts the summer of 2021 where I met a girl that goes to the same medical school as I do. Half way through the relationship problems start to arise between the two of us and I didnÃÂ¢Ã¢ÂÂ¬Ã¢ÂÂ¢t think anything of them as all relationships have their ups and downs. At this time, my partner began to say bad and mean things to me when we fought which initially didnÃÂ¢Ã¢ÂÂ¬Ã¢ÂÂ¢t affect me as I knew it was because of her being angry (she also reassured me after the fight resolves that she didnÃÂ¢Ã¢ÂÂ¬Ã¢ÂÂ¢t mean it). This started to escalate in which the problems became more frequent and almost every time IÃÂ¢Ã¢ÂÂ¬Ã¢ÂÂ¢ve had hurtful things being said to me. This progressively increased till the summer of 2022 (~11 months past for our relationship) which was the same summer in which I would take my Step 1 exam (a really important, exhausting and dreadful exam). At this point I used to always worry about our future and if were are even compatible, I used to have a weird heart clenching feeling that is filled with worry and anxiety, I also used to wake up from sleep several times with my heart racing or wake up before my alarm with the thought of our relationship overwhelming. We had a fight around 3 weeks before my exam which was my last straw and I communicated to my partner at that time that I want to end things as I felt I should communicate to her my true feelings that I no longer feel like I can continue in this relationship or think we have a future together (the things that were said to me where the worse out of all fights). She was devastated, cried and begged for me to give her another chance as she will change herself. I was heistant but decided to give her a chance, it worked out for the first few days but then the same heart clenching weird anxious feeling returned. I tried to battle it and not disclose it to her, but eventually I couldnÃÂ¢Ã¢ÂÂ¬Ã¢ÂÂ¢t hide it anymore and told her I couldnÃÂ¢Ã¢ÂÂ¬Ã¢ÂÂ¢t accept and give her another chance (around ~4 days before my exam). The whole 4 days and holiday after the exam was devastating I was really sad and down. With time, I used to distract myself and go out with friends (I donÃÂ¢Ã¢ÂÂ¬Ã¢ÂÂ¢t drink) almost every other day which helped me try to forget the whole situation. 

Keep in mind that IÃÂ¢Ã¢ÂÂ¬Ã¢ÂÂ¢ve got several messages from my ex weeks after the breakup about how I was wrong and that she would never forgive me and other prayers. Similarly over the last couple of months (itÃÂ¢Ã¢ÂÂ¬Ã¢ÂÂ¢s been 6 months since our breakup) IÃÂ¢Ã¢ÂÂ¬Ã¢ÂÂ¢ve been getting tiktok reposts from her account of videos taking about injustice and how sad/devastated she was which always made me feel very guilty as I was the reason for her current feelings. Similarly, it made me self-conscious about my decisions and doubt my feelings as she claims I never loved her and if I did I would never leave her.

Fast forward to the last month (5 months since breakup) where I finally approached a girl in my class that was always getting my attention and I couldnÃÂ¢Ã¢ÂÂ¬Ã¢ÂÂ¢t lay my eyes off her. In the first 3 days (through text), I was very happy and excited to get to know her. Three days later (which was also when the new school year started and the week of my important sport tournament) I started to have this same tiring, coruscating and exhaustive heart clenching feeling as if there is something I am worrying about. It started to increase progressively and IÃÂ¢Ã¢ÂÂ¬Ã¢ÂÂ¢ve always tried to forget it and keep it in the back of my head,, but it has been really taking a toll on me as I almost wake up everyday with this feeling and it stays throughout the day. Keeping in mind that throughout this period weÃÂ¢Ã¢ÂÂ¬Ã¢ÂÂ¢ve grown really close and she seems to really care about me. I have this feeling in the background around 60% of the day, 20% is me being distracted by work and friends and the remainder 20% consist of me actually overthinking and worrying. I really donÃÂ¢Ã¢ÂÂ¬Ã¢ÂÂ¢t understand why is this happening:
	a. Am I feeling guilty that I am meeting a new person?
	b. Am I worrying that this new relationship may end like the previous one?
	c. Am I scarred and no longer can commit to a relationship? 
	d. Why is the same feeling (but less intensity) that I was having before I left my ex happening again????
	e. Is the person not compatible for me and I am still seeking my ex?
	f. Did I still not move on from my previous relationship (prior to the new girl I was certain that I did move on and had 0 feelings, but I brought it up now because I have 		no idea what is the reason for this feeling)

Any input can help me understand this feeling that is taking a huge toll on me. 


This is a previous post of what I felt with my ex that I posted 200d ago:

https://www.reddit.com/r/step1/comments/w5ypbm/morning_anxiety_life_and_relationships/?utm_source=share&amp;utm_medium=ios_app&amp;utm_name=iossmf",6,stress,"Pag-aalala? Stres? Ksal? Nasugatan? Subk ikliin kwto ko sa pag-asa na my mkakatulong at mg-gabay sakin dhil prang hindi ko na kaya mabuhay na may gntong pkiramdam.

Isa akong 22 tng gulang na estudyante ng medisina. Krnwan akong nag-aalala at nag-i-stress tungkol sa medisina at mga pagsusulit, ht na ako ang my pinakamataas na marka sa aming klase.",0.245826244354248,99.016695022583
" -student- loans and IÃÂ¢Ã¢ÂÂ¬Ã¢ÂÂ¢m living a miserable life but IÃÂ¢Ã¢ÂÂ¬Ã¢ÂÂ¢m working as much as I can without feeling 100% dead inside but I have to pay them up in a week or they default and I donÃÂ¢Ã¢ÂÂ¬Ã¢ÂÂ¢t know what to do. I would seriously do anything for anyone for the money to help me keep my head above water. IÃÂ¢Ã¢ÂÂ¬Ã¢ÂÂ¢m completely miserable and IÃÂ¢Ã¢ÂÂ¬Ã¢ÂÂ¢m trying but IÃÂ¢Ã¢ÂÂ¬Ã¢ÂÂ¢ve been even more depressed than normal and I donÃÂ¢Ã¢ÂÂ¬Ã¢ÂÂ¢t know what to do anymore. I feel like a heart attack is on my horizon. I spend the bare minimum, I starve or drink an 85 cent soda for 3-4 days out of the week.",6,stress,"-Mga utang skl, hnd madali. Nagtatrabaho kht pagod, kailangan bayaran s loob ng linggo, dnd magdefault. Gagawin ko ang lahat para sa pera, basta makapag-float. Malungkot ako.",-0.8396111726760864,100.0
"What do I do?   ---   **tl;dr**: My fiance completely cuts himself off from our son and me and sulks for days if his sports teams lose. I am tired of having to plan our lives around his teams and cancel plans when they lose, but he doesn't see a problem. I don't know what to do, but I feel like I can't keep doing this.",6,stress,Ano ang dapat kong gawin?  ---  tl;dr:  Asawa ko at anak ko binabalewala ako. Nagpupuyat siya pag natalo ang koponan niya. Pagod na ako sa pag-ayos ng buhay namin sa paligid ng kanyang mga koponan at pagkansela ng plano pag natalo sila. Hindi niya nakikita ang problema.  Hindi ko alam ang gagawin. Parang hindi ko na kaya.,-0.9017888307571412,100.0
"Im at my wits end I just got home and im angry again. I got angry violently angry a couple of times earlier today. I am much happier when i spend time away from home. Much happier. But when i come home its like storm clouds gather and sends me to a state that I need an escape from. I don't drink smoke or do any drugs and under the conditions it is a miracle. But I am tired of getting angry. I have little to no money. I can try to get an apartment but it will be tough. I am thinking of renting a motel until I get more money or airbnb. I just need space. Otherwise my hair will be grey.

Also when i say angry, I never express it towards my mother. But her behavior pisses me off everyday and i have done nothing but treat her with the maximum level of respect and consideration. Instead of appreciating that and recognizing her behavior she instead chooses to exploit my empathy and bring stress drama and manipulation. I don't live for free at home. I pay in peace of mind. Every interaction is a peace of mind sacrifice. I was feeling happy and then she came to the car and brought drama. Now I need to recover and due to the constancy nature of this I need a punching bag. I am tired of having to be sadistically emotionally responsible. I want to let loose and be. I just need to courage to say enough is enough and just fucking leave. I felt tired before I arrived and in less than five minutes I am now on the verge of another bout of ranting in a quiet place, hitting shit, and not being able to sleep. Should I go and get a hotel tonight and hust say fuck this shit.",6,stress,"Naubos na ang pasensya ko. Pag-uwi ko, muli akong nagagalit. Nagalit ako nang malakas ilang beses kanina. Mas masaya ako kapag malayo ako sa bahay. Mas masaya talaga. Pero pag-uwi ko, parang nagtitipon ang mga ulap at nagdadala ako sa isang estado na kailangan kong takasan. Hindi ako umiinom, naninigarilyo, o gumagamit ng droga at sa mga kondisyon na ito, isang himala na kaya kong mapanatili ang kalooban.",0.2799738645553589,98.88010454177856
"I need some advice here. I'm not sure if my insecurities have run wild or if I'm justified in thinking my boyfriend is being out of line. He met this girl through friends who set them up and for their first date they went jogging. Weird, I know, but it's her hobby and he wanted to get into it. They'd never met before this.",6,stress,"Kailangan ko ng payo dito. Hindi ko alam kung nagiging labis na ang aking mga insecurities o may dahilan ba akong isipin na lumampas na ang aking boyfriend. Nakilala niya ang babaeng ito sa pamamagitan ng mga kaibigan na nag-set up sa kanila at para sa kanilang unang date ay nagjogging sila. kakaiba, alam ko, pero iyon ang kanyang libangan at gusto niyang sumali dito. Hindi pa sila nagkikita noon.
Revised: kailangan ko ng payo dto. hndi ko alm kung labis na insecurities",-0.7972269058227539,100.0
"Stressed out having trouble coming down from it I run a medium sized company and we are very successful. But I have a history of anxiety and panic attacks, and my body doesnÃÂ¢Ã¢ÂÂ¬Ã¢ÂÂ¢t handle a lot of stress well. It may be the thing that removes me from the position IÃÂ¢Ã¢ÂÂ¬Ã¢ÂÂ¢m currently in. 

The desk job and stress has not been kind to my body. 

I bought some noise cancelling headphones to use during stressful times and will see if it helps when I want to sort of meditate while at work. 

Does anyone have any tips?",6,stress,bumili ako ng ilang ncs headphones pr gamitin sa mga oras ng stress.,0.310896635055542,98.75641345977785
"YOGA is not only a physical workout   

 

**The word ÃÂ¢Ã¢ÂÂ¬ÃÂYogaÃÂ¢Ã¢ÂÂ¬Ã¢ÂÂ¢, has got a global presence now. Though it has gained popularity and is seen as a tool to uplift our lifestyle to a healthy one,** **myths are still buzzing around. It needs to be demystified as yoga is a great instrument that aims to develop self-awareness and connects that inner self to external energyÃÂ¢Ã¢ÂÂ¬ÃÂ¦..**[CONTINUE READING](https://feellitent.wordpress.com/2023/01/04/5-myths-of-yoga-to-demystify/)",6,stress,yoga d lng pisikal na ehersisyo.,0.323856770992279,98.70457291603088
"Stress Relief in Making Things So last year, I went to a diner with my gf and I had myself a cappuccino for the first time. I've never tasted anything so delicious and I made it a goal to learn how to go about making one. After Christmas, I got myself an espresso machine. It would be a few months before I used it (lack of space where I live) but I finally got it set up back in November. My first drink, well... I never used a steam wand before. I watched some YouTube videos, my second cup was EXACTLY like what I had at that diner. Now I make about 3 cups a week or so (usually to keep warm more than anything) and it's expanding to where I got a coffee grinder so I'm not restricted by grind. If I want whole beans, I can work with them now. If I'm unsure what grind the bag I have is, pour some in the grinder to make sure.

Was it expensive? Well, getting everything together was about $260. With all the payment apps out there, it's affordable. You can make tons of stuff too. Lattes, mochas, I'll make hot chocolate with this thing. And I love it. If I have guests, I always offer to make them something. I found zen in the process, satisfaction in these product, and a desire to expand on what I know. It really makes me feel better knowing I can make something that not only I can enjoy, but friends and family can as well.

My advice? Learn a craft that you enjoy. If you like painting or even coloring, there's plenty of resources. If you like writing, maybe get a voice recorder for story ideas that pop up and expand on that for a bit. If you like food, all kinds of classes out there. But all in all, make something for you first.",6,stress,"nakakrlks pala ang gawa ng mga bgy. Nlng nakaraang tn, pumnta ako s isang diner ksamang aking gf at unang beses kong nmom ang cappuccino. Dhil ko pa naranasan ang gntong lsa at naging lynun ko matutn kung pano ito gwin. Pagkatapos ng Pasko, bmil ako ng espresso mchn. Mtagal bago ko ito gmit (dkhlng kkulangan ng spsyo sa aking tirhan) kng sa wakas ay naos ko ito noong Nbyembre",0.2843084335327148,98.86276626586914
"headaches... and severe anxiety It feels like I'm going to pass out I know I won't but that's how bad it is some days. I'm trying to actively work on my financial situation which is causing me the most stress however I don't know what to do to get a second job cause most demand open availability but won't give you a lot of hours...

It doesn't really help that I drink alcohol on my time off a couple days a week and come to work hungover twice in the past month to make the job easier.

I mean seeing a therapist would be beneficial but I don't have health insurance for a few more weeks at least and it would worsen my financial situation. I'm looking into seeing if I can use one of my boyfriend's free counseling sessions he gets from his job cause I doubt he will use them (unless he needs them but it seems like right now he's doing fine and I'm an anxious wreck). I feel like I'm just not fully present and my mind is foggy more than half the time. Chronically tired no matter the amount of sleep I get. I take multivitamins and eat fairly healthy but I'm mostly on the go not really the type of person who enjoys big ass crowds but seems like I keep finding myself in them.  I'm very close to having a public mental breakdown.",6,stress,"pnakt ng ulo... t mlubhng pag-aalala. prng mlglag na k, alm kng hndi mngyry pero gnun srasap ang pkiramdm mnsan. snsbtkn k hrpin ang kng sitwasyon sa pnnsyal na syng ngddulot ng pinakmlaking stress sa k, ngunit hndi k alm kung ano ang gagwn pr magkaroon ng pangalawang trabaho dhl kramhn ay nangangailangan ng bkas na availability ngunit hndi nagbibigay ng",0.319782018661499,98.720871925354
"Please don't make me feel worse. I mean, hell, I'm ashamed I even need to ask my boyfriend. But at least we have things to talk about and he's just naturally good at keeping me calm without even realizing he's doing it. He actually *helps* by being there. My mom and sister either do nothing or make it worse.",6,stress,"Huwag mo cng pahirapan. Ibig kong sabihin, grb, nahihiya n ako na kailangan kong hngin sa bf ko. Pero kahit papaano, may pag-uusapn kami at sy natural na mahusay na panatilihing kldmo ako kahit hindi nya namamalayan. Talagang tumutulong sya sa pamamagitan ng pagiging naroroon. Ang nanay at kapatid ko naman ay wala silang ginagawa o mas lalong pinipighati ako.",-0.8004273176193237,100.0
Sure enough she always sends us home. Every Wednesday I feel intense dread. I'm afraid to go into work the next day. A few of u may remember but just about a week ago I contemplated suicide. I always have anxiety and sadness.,6,stress,"Totoo nga, lagi niya kaming pauwiin. Tuwing Miyerkules, nararamdaman kong malakas ang takot. Natatakot akong pumasok sa trabaho kinabukasan. Maaaring ilang sa inyo ay nakakaalala, ngunit halos isang linggo na ang nakalipas, naisip kong magpakamatay. Lagi akong may kaba at kalungkutan.",-0.8178520798683167,100.0
"Constant stress Ok so normally I am a very stressed person, like I'm constantly on edge, biting  my nails, and when I finish biting my nails, I bite some of the skin off in the area. I never really thought about it too much until I just looked at my hands and I noticed how bad it was. So I took a day off to relax and spend the day just making sure to not use my brain too much  or do anything particularly stressful, like playing a hard videogame or solving a hard puzzle and it was alright. But here's the problem, now I feel like I can't just go back because every time I try to do something that might need concentration, I can feel my heart just going back to that level of stress and i just can't. Has anyone here been in a situation that can relate to this one? If so,  please tell me what you did.",6,stress,"""Lagi akong stressed, prang palagi akong nasa gilid, kkk, kpag natapos kong kgg kuko, kkakg rin ang blt sa paligid. Hindi ko tlga to masyadong iniisip hngg tngnan ko ang aking mga kmy at npnsn ko kung gano kaseryoso. Kaya nghina ako ng isang araw para mgphng at ggulin ang araw na hindi masyadong ginamit ang aking utak o hindi gagawin ang anumang prtkylr na nakak-""",0.2547967433929443,98.98081302642822
"I loved that man so much and tried my best to make it work. But I have limits. And when he was not thinking twice about getting alcohol while we didnÃÂ¢Ã¢ÂÂ¬Ã¢ÂÂ¢t have even enough money left for milk for our baby, that was my limit. We had .51 cents in our account and he found that acceptable? !",6,stress,"Npak ganda ng pagmamahl ko sa llak ng n at aking pnakita ang aking mkakaya para mgtagumpay ang lhat. Ngt may hngganan dn ako. At nang hindi sya nag-atubiling uminom ng lk habang wala p kming sapat na pera para sa gtas ng ating sgbl, doon ko na nrmamdan ang aking hngganan. Myrroon lmnz .51 sentimo sa aming acnt at yon ay tinanggap nya? !",-0.7610379457473755,100.0
"I need information. As emotional as I am right now, I know I'm not thinking straight and am probably missing something as I research on my own. Any advice, any info, any resource, or organizations that I can apply to to help pay for this is greatly appreciated. I'm in Kansas if that helps... Thank you.",6,stress,"Kailangan ko ng impormasyon. Sa kabila ng aking emosyon ngayon, alam kong hindi ako makapag-iisip nang maayos at malamang ay nakakalimutan ako ng mga bagay habang nag-iimbestiga nang mag-isa. Malugod kong tatanggapin ang anumang payo, impormasyon, mapagkukunan, o organisasyon na makatutulong sa pagbabayad nito. Nasa Kansas ako kung makakatulong iyon... Salamat.",-0.7351180911064148,100.0
Wtf. I did this to myself. I knew I needed to study and I just kept putting it off and putting it off. I knew I didnÃÂ¢Ã¢ÂÂ¬Ã¢ÂÂ¢t do well but I didnÃÂ¢Ã¢ÂÂ¬Ã¢ÂÂ¢t think I bombed it so fucking hard. IÃÂ¢Ã¢ÂÂ¬Ã¢ÂÂ¢m going to have to lie to everyone about it.,6,stress,Putang ina. Ginawa ko ito sa aking sarili. Alam kong dapat akong mag-aral at patuloy akong nagpapahuli. Alam kong hindi ako nakakuha ng magandang marka ngunit hindi ko akalaing ganito kababa ang aking nakuha. Kailangan kong magsinungaling sa lahat tungkol dito.,-0.8578664064407349,100.0
"Decrease stress by ADDING a hormetic stressor into your life. One of the best ways to decrease how much total stress you experience is by adding good forms of stress (short and moderate) called hormetic stressors.  Cold water is a prototypical hormetic stressor.  It releases stress hormones like adrenaline and noradrenaline but it is short and not extreme.   

We just launched an app that provides guided cold showers to make it easy for you to do them.  It is led by a Master Chief Navy SEAL.  We teach you a set of mental tools around tactical breathwort, body relaxation, self talk, etc.  These tools not only make cold showers easier but they also help you handle stress more generally.    

In fact, the best way to train yourself to handle stress better is to systematically stress yourself and then practice these tools while stressed.  If you do that, these tools will become reflexive any time your body generates stress hormones.  

getmental.com

One side note - the app is geared generally to men.",6,stress,bwasn strss s pamamagitan ng pddag dng hrmetic strssr s iyng byf. s pnakmhusay n prwn tp mbswn ng kbuwang strss n yr nrarnsn ay s pamamagitan ng pddg ng mbbng anyo ng strss (mkli t ktamman) na tntawg hrmetic stressors. ng mldg tubg ay s prtptcal hrmetic strssr. t lnglb ng strss hrmones tl adrnaln t noradrnaln nng t mkl t,0.3558667004108429,98.57653319835664
Good day. I am from the Philippines and I was recently diagnosed with Depression and Anxiety almost a month ago (July 10th). Since then it has been a very challenging and difficult time for me and my family. Work required me to secure a fit to work order before I can get back to work. My medical insurance does not cover mental health conditions and it took me over 3 weeks to secure one.,6,stress,"Magandang araw. Ako frm Pinas, kamakailan dagnosd Depresyon & Pagkabalisa (Hulyo 10). Ngayon, hrap panahon para akin & pamilya. Traba",-0.7044099569320679,100.0
"New eBook: Stress Management  Get the inside story ÃÂ¢Ã¢ÂÂ¬Ã¢ÂÂ my new ebook about personal stress management, ""The **RESISTÃÂ¢Ã¢ÂÂÃÂ¢ Method:** **How to Be Stress-Resilient in Just 7 Days. If you want to know more, click this link.** [https://melchopasikatan.samcart.com/products/the-resist-method-how-to-be-stress-resilient-in-just-7-daysdcxz1](https://melchopasikatan.samcart.com/products/the-resist-method-how-to-be-stress-resilient-in-just-7-daysdcxz1)",6,stress,"Bagong eBook: Pamamahala ng Stres  Almn ang sikreto - ng aking bgw ebook ttg sa pamamahala ng prsnl na stres, ""Ang RESIST Method: Pn magng mtby sa Stres s loob lng ng 7 Arw."" Kn nais mong lm np, pndtn ang lnk nt. [https://melchopasikatan.samcart.com/products/the-resist-method-how-to-be-stress-resilient-in",0.3054033517837524,98.778386592865
"This leads to me not liking the general mood in the classroom which leads to me being un-motivated and demoralised when I'm at school. Every day I try to see if I can pretend to be sick to avoid going to school because I find almost no joy at school which is a shame, because of all the schools I have been to over the years, i actually enjoy what we do and the teachers are nice. I have no idea why this simple fact is affecting me so much. But I just feel horrible whenever I think about school or the thought of having to go to school. TL;DR: I spent a lot of time with my friends during break, and I'm depressed because I have to go back to school with classmates that are very immature.",6,stress,"Dahil dito, ayaw ko na sa pakiramdam sa silid-aralan kaya hindi motivated nalumbay kapag nasa paaralan. Araw-araw, subok magpanggap may sakit para hindi pumunta dahil halos walang saya nararamdaman doon, sayang dahil sa lahat ng paaralan pinuntahan ko, nasisiyahan sa ginagawa natin mababait ang mga guro. Hindi ko alam kung bakit ganito kalakas epekto.",-0.8140155076980591,100.0
"I am currently only using 5-htp once a week, i get no benefit when i use it daily. I have also been working out which has inevitably eased my depression and made my anxiety more tolerable but its still obviously taking hold of my life. Well here i am at this present moment, I have been contemplating having a sit down with my parents and telling them about my depression (pretty sure they already know, they just don't want to adress it). It had been hard, my parents come home at 9:00 PM and don't want to be bothered with me. they go straight to their rooms and the only time they are willing to talk is when they tell me to clean.",6,stress,"gngamit lmn ako ng 5-htp sng bes sa isang lingo, d hndi ako nkakaranas ng nmn benepisyo qpn ginagamit ko ito araw-araw. Nag-eehrsisy rin ako, na hndi maikakaila ay nagpagaan ng aking depresyon at nagpagawa ng aking pagkabalisa na mas matitiis ngunit malinaw pa rin na ito ay nakakaapekto sa aking buhay. Ngyn, rn hto ako sa kasalukuyang sandali, nag-iisip ako",-0.8589635491371155,100.0
"I'm just overwhelmed, really don't want to give up on myself but my spirit has been broken more than once and I can't ever seem to get to the m ight at the end of the tunnel. If anything, thanks for reading, hopefully in the near future I can update this with some good news. If not I wish anyone in a similar situation that sees this the best of luck. Sometimes you get dealt a hand you literally cannot play. I am living proof.",6,stress,"Napakasobra ko na, ayaw kong sumuko sa sarili ko pero nabasag na ang aking kaluluwa nang higit sa isang pagkakataon at hindi ko mahanap ang liwanag sa dulo ng tunel. Kung may maitutulong man, salamat sa pagbabasa, sana sa lalong madaling panahon ay maibabahagi ko ang magagandang balita. Kung hindi, sana ang mga taong nasa katulad na kalagayan na makakabasa nito ay magkaroon ng pinakamagandang kapalaran. Mins",-0.7757654190063477,100.0
What are your favorite stress management techniques? Hi - I'm looking to try new things to help manage stress - any ideas?,6,stress,ano ang yr paboritong paraan para makaiwas sa strss? kusta - hnhp ako ng mga bgy bagay para mtlngn akong pmahalaan ang strss - my mga ideya ka ba?,0.3596431016921997,98.5614275932312
"I have a short term plan, but nothing long term at all. IÃÂ¢Ã¢ÂÂ¬Ã¢ÂÂ¢m assuming sheÃÂ¢Ã¢ÂÂ¬Ã¢ÂÂ¢s going to shut off my phone in the next 24 hours, so IÃÂ¢Ã¢ÂÂ¬Ã¢ÂÂ¢ll have no access to texting or calling services until fiancÃÂÃÂ© can afford to put me on his plan. Unfortunately, he may lose his job because he was living with me and my mom. Today we had a really bad fight and sheÃÂ¢Ã¢ÂÂ¬Ã¢ÂÂ¢s at home while IÃÂ¢Ã¢ÂÂ¬Ã¢ÂÂ¢m outside... I donÃÂ¢Ã¢ÂÂ¬Ã¢ÂÂ¢t think I can go back anymore and I have nowhere to go, with the very little money I have on me and only the vaguest sense of what to do.",6,stress,"mryng kng mkltng pln, nng wla kng pmatglng pln. nsip kng d-dvctvn h nng tlfno sa susunod na 24 hrs, kaya wla kng xs t tx o tgwl hngg s kaya ng ngbyo kng ilg p ako s kng pln. nkklgt, bka mwlns h ng trabh dahil nktira h sa akin t s ng my. ngkrn kmi ng lkg away ngyn t sy h",-0.7763573527336121,100.0
"Short questionnaire about stress Hi guys! 

So, we've created a questionnaire about stress: [https://forms.gle/1PEqTfbveP1NrWgb9](https://forms.gle/1PEqTfbveP1NrWgb9) and we'd love for you to fill it out. Your responses will be super helpful for our research :) 

&amp;#x200B;

Thank you for your time! You'll find all the information needed in the description!",6,stress,"mklg kwesyunryo ttg sa strss. Kmst mga kbyan!

Nlikha mn ang kwesyunryo ttg sa strss: [https://forms.gle/1PEqTfbveP1NrWgb9](https://forms.gle/1PEqTfbveP1NrWgb9) sng aybgy niny ng yn mga sagot. Mlkg tulng ng yn mga tugon sa amng pananaliksik :)

Slmnt sa yn orng! Mktt ninyo",0.2997475266456604,98.80100989341736
"I've been trying to act like nothing happened but I can't stop thinking about all this. I feel weird that i'm even thinking about it so much. I should just brush it off. Everyone keeps telling me I should go for it. Even my guy friends, which I assumed would agree with me feeling gross about all this.",6,stress,"Sinusubukan kong kumilos bilang kung wala nang nangyari ngunit hindi ko mapigilan ang pag-iisip tungkol dito. Nakakakaba na napakarami kong iniisip tungkol dito. Dapat ko nang kalimutan na lang. Lahat ay nagsasabi sa akin na dapat kong subukan. Kahit ang mga kaibigan kong lalaki, na akala ko ay sumasang-ayon sa akin na parang hindi maganda ang lahat ng ito.",-0.817419707775116,100.0
I even pressed chargers against him. Unfortunately he still found a way through to me by hooking up with girls that I know and having them make sure I knew about it. Nothing has happened since June and IÃÂ¢Ã¢ÂÂ¬Ã¢ÂÂ¢m about to be moving far away from him. I struggle with what he did to me every day and the flashbacks occur still. I donÃÂ¢Ã¢ÂÂ¬Ã¢ÂÂ¢t expect this to ever fully go away but I am 18 now and I can say that I survived this.,6,stress,"kht pnsok ko na ng mga ks laban s kanya, nkahanap p rin sya ng prwn para msktan ako sbng pkig-ugnayan s mga bbaeng kilala ko at pnpangyarihan silang ipaalam ito skn. Wln ng npnngyari smula noong Hunyo at mlpit na kng lmpit mlayo s kanya. Arw-araw kng ngpupmglas sa mga ginawa nya skn at ang mga alaala ay bbalik p rin. Hnd ko nnasahan na ito",-0.8453825116157532,100.0
"Given the diagnosis she refuses to take her prescribed medicine which is a cause for concern to me as when she is on a low, she tends to be very apathetic and rude in responses to conversation or ideas of things we can do. We live together in a house with two other people. We have our own space but the common area is shared. She has expressed that she doesn't like the living situation but the fact that it is cheap and we are all locked into a lease has prevented me from making any changes. After our lease is up I want to look for a place that the two of us both like but I am afraid it may be all for nothing.",6,stress,"dl sa knng dagnos, tmtangi sy uminom ng knng inres. gmot, na ngddulot ng alalan sa akin dhil kpag sy ay nasa mbng klgsn, sy ay naging wlng mlaskt at bstos sa mga tugon sa usapan o idea ng mga bgy ng pwedeng gawin natin. Nkrtra tyo mkasama sa isang bhy kasama ang dalawang iba pang tao. Myrwn tyo sarlng espasyo ngunit ang karnlng lugar ay pnsasamahan.",-0.8906424641609192,100.0
"I recieved an eviction notice on 8/28/17 I have forms for food stamps and mediCal, some of my possessions are at a friends house for safe keeping. I want advice on where to live that is affordable, has a decent college nearby for when I can pay for education, and a place where work is available. My highest education is High School Graduate. If I have to move than that is fine but I need to make a plan so that I manage what little money I may have.",6,stress,"'natanggap ko ang abiso ng pagpapalayas noong 8/28/17 may frm p food stamps at medCal, ilang gamit ko nasa bahay kn kaibigan ko. gust kong hngi payo nsaan manirahan abot-kaya, may disenteng kolehiyo malapit pag kaya ko mag-aral, at lugar may trabaho. mataas kong natapos HS Graduate. kung kailangan lumipat, sige lang pero kailangan'",-0.7849433422088623,100.0
"Intern Guys Im going through my second month of in intern in a legal department, low-key I feel like a failure as I keep doing mistakes which actually feel I'm gonna get fired. Because I feel like I'm pissing off my mentors just by doing mistakes which of course was not intentional, it's just idk man, I've being stressing alot as its my first job and I am scared about pissing my mentors off mainly because I know I'm low-key dumb at the same time :')",6,stress,"Mga intern guys, nasa ikalawang buwan n ako ng internship sa legal dept, totoo, prang nabibigo ako kc lagi akong nagkakamali at natatakot na baka matanggal ako. Prang nilalait ko ang mga mentor ko dahil sa mga pagkakamali ko, kahit hindi ko sinasadya, eh. Hindi ko alam, sobrang stress kc unang trabaho ko ito at natatakot akong magagalit sila lalo na alam kong medyo bobo ako rin :')",0.3032989203929901,98.78680431842804
"The sensation lasted hours. It seemed like a circulation problem, and I panicked and of course ended up in the ER again. This time a doctor came to see me immediately. He wanted to talk about my anxiety. He said he could run some more tests, but he didn't think it would help.",6,stress,"""Nagtagal ang pakiramdam na iyon ng maraming oras. Parang prblm sa daloy ng dugo, at kinabahan ako at siyempre, muli akong napadpad sa ER. Ngayon, agad akong sinalubong ng isang doktor. Gusto niyang pag-usapan ang aking pagkabalisa. Sabi niya, mryang gumawa ng karagdagang pagsusulit, ngunit hindi niya akalaing makakatulong iyon.""",-0.784112274646759,100.0
"I hide my own set of keys. She tries to take her keys away from me and I refuse, which turns into a full-blown fight. I have marks and bruises all over my arms and back, as well as deep scratches from her fingernails. At one point, she had me on the floor, cornered on the steps, repeatedly slamming my head into the wall and shoving a loose key that fell off the keyring into my breast, still trying to get the rest of the car keys out of my hand. I'm not saying I didn't retaliate, but I only went to far as to push her away, never hitting her intentionally but more as an act of defense.",6,stress,ng kanyang mga kamay sa aking mga mata.,-0.8200898170471191,100.0
Behaviour become more erratic? Is it normal for your behaviour to become more erratic when you're stressed? I feel like I'm acting very differently because I'm stressed and just don't give a shit anymore.,6,stress,Nging ms hindi mhuhulaan kls? Nrml ba n maging ms hindi mhuhulaan kls kpag strsd? Prng iba na kls ko dhl s strss at prng wala n akng pkialm.,0.3083159625530243,98.7667361497879
"My old best friend hates me and I donÃÂ¢Ã¢ÂÂ¬Ã¢ÂÂ¢t know why This all started last august. She has a boyfriend that I didnÃÂ¢Ã¢ÂÂ¬Ã¢ÂÂ¢t mind at first then he started saying the n word and plenty of other slurs all the time (he is white btw). She hated this but stayed w him. He always bullied me and was so disrespectful to me and my house. One time even made fun of my small breasts in front of her and she didnÃÂ¢Ã¢ÂÂ¬Ã¢ÂÂ¢t care. She usually took his side and would even leave us hanging out randomly to be w him 

Last august for my birthday I went camping and I asked if she wanted to go. She asked if her bf could go and I said my friends (the ones camping w me) didnÃÂ¢Ã¢ÂÂ¬Ã¢ÂÂ¢t really know him and I donÃÂ¢Ã¢ÂÂ¬Ã¢ÂÂ¢t like how he says so many slurs. She got upset w me but then we were fine. She started ghosting me and we stopped hanging out even though I kept trying to reach out.

In December I texted her saying I missed her and wanted to hangout. She was ignoring me for a whole day. I thought maybe she got a new phone number so I asked my bf to text her. She blocked him. It took me to tell her that this situation was ridiculous for her to respond and to tell me sheÃÂ¢Ã¢ÂÂ¬Ã¢ÂÂ¢s ÃÂ¢Ã¢ÂÂ¬ÃÂtoo stressed to be around ppl bc sheÃÂ¢Ã¢ÂÂ¬Ã¢ÂÂ¢s starting schoolÃÂ¢Ã¢ÂÂ¬ÃÂ I donÃÂ¢Ã¢ÂÂ¬Ã¢ÂÂ¢t think sheÃÂ¢Ã¢ÂÂ¬Ã¢ÂÂ¢s going to college rn. 

Today I texted her saying I wanted to talk and realized I made her upset and wanted to apologize. I noticed she blocked me so I asked her friend if she could unblock me and she did. My old bsf responded with (to her friend to tell me) ÃÂ¢Ã¢ÂÂ¬ÃÂsorry about thatÃÂ¢Ã¢ÂÂ¬ÃÂ. 

I donÃÂ¢Ã¢ÂÂ¬Ã¢ÂÂ¢t know what I did to make her hate me so much. It hurts so bad and IÃÂ¢Ã¢ÂÂ¬Ã¢ÂÂ¢ve been crying all day. We were best friends for years and were so close.",6,stress,"nagpapakita siya ng kanyang kaibigan, isang lalaki, sa aking tahanan at sinabi niya na ako ay isang ""mabagal"" at ""walang silbi"" na tao.

Revised: akng matandang bsta kbyan ay napopoot skn at d ko alam kung bakit. Ngsmula nng Agosto. May bf sy n d ko una pnnsn, ngun sy nagsisimulang magsalita ng mga pang-aapi at masasakit na salita (sy ay puti, s pagitan ng prala).",0.3325847685337066,98.66966092586516
"New years stress :-( Hi! I just need to tell this to somebody. 2023 is going to be ond of the hardest years. Probably not the hardest, but like really really really hard one. You know, in november and december I was so calm and not nervous but with the strike of midnightÃÂ¢Ã¢ÂÂ¬ÃÂ¦ I donÃÂ¢Ã¢ÂÂ¬Ã¢ÂÂ¢t know. ItÃÂ¢Ã¢ÂÂ¬Ã¢ÂÂ¢s justÃÂ¢Ã¢ÂÂ¬ÃÂ¦ I had to organize my moms birthday today (which was succes, I guess), in 2 weeks I have a prom, then I need to have good grades for being able to do the maturity exam (Final exam you end high school with), then writing the exam, speaking part, choosing university, going to universityÃÂ¢Ã¢ÂÂ¬ÃÂ¦. Omg, so many important things in one year. Is it just me, or did also anybody else felt incredible pressure of the new year duties right with the strike of midnight?",6,stress,"stress ng bgy nw :-( Kusta! kailangan q lng sabihin ito sa isang tao. Ang 2023 ay mgiging isa sa mga pinak Mahirap na taon. Siguro hindi ang pinak Mahirap, pero talagang talagang talagang Mahirap. Alam mo, noong Nov at Disyembre ay sobrang kalmado at hindi kinakabahan ako, pero nang tumunog ang hatinggabiÃÂ¢Ã¢ÂÂ¬ÃÂ¦ Hindi ko alam. Ito langÃÂ¢Ã¢ÂÂ¬Ã",0.356617122888565,98.57353150844574
"Long story short: 3 year old American Bully with severe encephalitis (brain swelling) which at this point is believed to be GME (an auto-immune disease). We are fighting for her so even if you don't want to make a donation or don't want to share the link, any positive thoughts are appreciated as well. My wife is 8 months pregnant & I had cancer earlier this year. We're struggling financially and need help. The rest of the story is in the link as well as some photos and videos of her when she was healthy.",6,stress,"Maikling kwento: 3 y/o Am Bully encephalitis (swelling ng utak) GME (autoimmune disease). Laban kami, kahit hindi donate/share, positibong iniisip ok na. 8 mos preg asawa, ako cancer earlier. Pinansyal na hirap, need help.",-0.7814808487892151,100.0
My online international friend wants to kill herself and I dont know what to do for her My online best friend has countlessly mentioned wanting to kill herself mainly because her mom and grandma fight constantly every day outside of her room but also some stress she has about getting a job and things like that. This has also led to her getting sick ALL the time. She says she feels like a burden to her family. I dont know what to do about it or how to help her. I can't visit her yet either. I've talked to her about it and asked her to call a hotline but she doesn't want to. I say I'm always here for her time and time again and how much I love and appreciate her and she even responds saying how much she loves and is so grateful for me coming into her life but she won't change her mind. I NEED HELP!!,6,stress,"Gusto ng aking online na kaibigan mula sa ibang bansa na magpakamatay, d ko alam gagawin ko s knya. Pinakamahusay kong kaibigan online, paulit-ulit n nabanggit na gustong magpakamatay, pghn sa away ng ina at lola araw-araw labas silid nya, may stress sa trabaho at iba pa. Ito dahilan sya lagi nagkakas.",0.3048798441886902,98.78048062324524
"He tells everyone weÃÂ¢Ã¢ÂÂ¬Ã¢ÂÂ¢re his life. My family victim blames and theyÃÂ¢Ã¢ÂÂ¬Ã¢ÂÂ¢re are ok with a multi millionaire pedophile in the family. So theyÃÂ¢Ã¢ÂÂ¬Ã¢ÂÂ¢re disgusting and no help. I wouldnÃÂ¢Ã¢ÂÂ¬Ã¢ÂÂ¢t be surprised if heÃÂ¢Ã¢ÂÂ¬Ã¢ÂÂ¢ll try to kill me one day. IÃÂ¢Ã¢ÂÂ¬Ã¢ÂÂ¢m moving soon if I can get a damn plan together to his parents, they understand heÃÂ¢Ã¢ÂÂ¬Ã¢ÂÂ¢s crazy, but he really messes with my head.",6,stress,"Sinabi niya sa lahat na ako ang buhay niya. Ang pamilya ko ay nagpapabaya at pumapayag sa isang milyonaryong pedophile sa aming pamilya. Kaya sila ay nakakadisgusto at walang tulong. Hindi ako magugulat kung subukang patayin niya ako balang araw. Aalis ako nang malapit kung kaya kong magplano, sa mga magulang niya, naiintindihan nila na baliw siya, pero talagang gumagambala siya sa isip ko.",-0.8180078268051147,100.0
"Unfortunately, money is what me and her don't have now. My friends' help has dried up, and I don't blame them one bit for that. After five months, I've exhausted pretty much all the friends I can. Going into every little thing that has happened could fill a book. Maybe I \*WILL\* write a book about it someday, I don't know.",6,stress,"sa ksamang palad, wla kming pr ngayn, ako t sya. Nauubos na ang tulong ng mga kbg, at hndi ko sls msisisi dhil doon. Pagkatapos ng limang bwn, halos lhat ng mpagkakatiwalaang kbg ko ay naubos na. Kung ilalahad ang lhat ng nngyari, sapat na para sa isang libro. Baka iswlt ko nga ang libro tungkol dtoo balang araw, hndi ko alm.",-0.8268699049949646,100.0
"I feel sad for you, I feel sad for me. I pray that you will get the help you so desperately need so that nobody else has to endure the terror and horrible horrible physical, sexual, and emotional abuse you have put me through. I am riding myself of all my shame associated with what has happened. I know now, it was all you. I did not do anything wrong to deserve the horrible treatment I received from you.",6,stress,"Nakakaramdam ako ng kalungkutan para sa iyo, nakakaramdam din ako ng kalungkutan para sa aking sarili. Nananalangin ako na matanggap mo ang tulong na lubos mong kailangan upang walang iba pang makaranas ng takot at nakakatakot na pisikal, seksuwal, at emosyonal na pang-aabuso na ipinagdaanan ko dahil sa iyo. Nagpapakalaya ako sa lahat ng kahihiyan na nauugnay sa nangyari. Alam ko na ngayon, lahat iyon ay dahil sa iyo.",-0.9053300619125366,100.0
"Hey guys, I'm 31, moved to a new city with my wife for the first time back in October, and am experiencing on and off anxiety for more or less the first time in my life. A couple quick questions: 1. How do I know whether I should see a psychologist or a psychiatrist?",6,stress,"Kumusta mga kaibigan, 31 n ako, lumipat kami ng lungsod k/sa aking asawa noong Oktubre, at nararamdaman ko ang pag-aalala nmnsn, prang unang beses ko itong naranasan. May ilang mabilis na tanong: 1. Paano ko malalaman kung dapat akong magpatingin sa isang psychologist o psychiatrist?",-0.7488723993301392,100.0
"Stress Headache? Hi 27M, 185lbs, 5'11 here. The last two days I've been pretty stressed out with work and started noticing that to the left of my left eye little close to the side forehead I've been getting this awful pinching feeling that comes and goes. I drink some caffeine during the day, but today decided to lay off of it and it's still coming in waves. The best I can describe it as a pinching vain. I started worrying that it might be a stroke or aneurysm but quickly chalked that up to just being anxiety. I've been feeling a little ""foggy minded"" too so I wonder if that has come to play too? Yesterday night I drank a few beers and it seemed to help, but then came back when I was sober. I take an antidepressant, and Ritalin daily but have been on them for years so I really don't think that's the case. Does anyone else get this headache feeling? if so, remedies? or should I go see a doctor? thanks.",6,stress,"skt ng ulo dhl sa strss? ako, 27, 185lbs, 5'11. hndng 2 dy, sobrng strssd dhl sa trabaho, npsn ko sa kaliwng bahgi ng kaliwng mata, malapit sa noo, mrdamang mtdng paninipis prang dmdan at nwawala. mnwm k ng kpe araw-araw, pero ngayon ay tglh ako at ptrly p rin itong bbalik. prang pan...",0.2764936089515686,98.89402556419373
